Segment,Point,Elapsed Time (s),Potential (V),Current (A),Frequency (Hz),|Z| (ohms),Zre (ohms),Zim (ohms),Phase of Z (deg),ActionId
0,0,0.113524,0.134369790554047,-3.24370262205775E-06,0,0,0,0,0,38
0,1,0.227048,0.133477628231049,-4.24860536440974E-06,0,0,0,0,0,38
0,2,0.340572,0.132488504052162,-5.71847613173304E-06,0,0,0,0,0,38
0,3,0.454096,0.131266638636589,-7.5087909863214E-06,0,0,0,0,0,38
0,4,0.56762,0.130141749978065,-9.49517652770737E-06,0,0,0,0,0,38
0,5,0.681144,0.128803506493568,-1.03317852335749E-05,0,0,0,0,0,38
0,6,0.794668,0.127872556447983,-1.24686866911361E-05,0,0,0,0,0,38
0,7,0.908192,0.12665069103241,-1.46132124427822E-05,0,0,0,0,0,38
0,8,1.021716,0.125564590096474,-1.61676198331406E-05,0,0,0,0,0,38
0,9,1.13524,0.123935431241989,-1.819257340685E-05,0,0,0,0,0,38
0,10,1.248764,0.123411774635315,-1.89366583072115E-05,0,0,0,0,0,38
0,11,1.362288,0.121685646474361,-2.48551386903273E-05,0,0,0,0,0,38
0,12,1.475812,0.120735302567482,-2.75761958619114E-05,0,0,0,0,0,38
0,13,1.589336,0.12017285823822,-2.36195319303079E-05,0,0,0,0,0,38
0,14,1.70286,0.11891220510006,-2.4863687940524E-05,0,0,0,0,0,38
0,15,1.816384,0.117069706320763,-3.22027299262118E-05,0,0,0,0,0,38
0,16,1.929908,0.116138756275177,-3.44314867106732E-05,0,0,0,0,0,38
0,17,2.043432,0.115110836923122,-3.42523599101696E-05,0,0,0,0,0,38
0,18,2.156956,0.114179894328117,-3.4953704016516E-05,0,0,0,0,0,38
0,19,2.27048,0.113035604357719,-3.68887122021988E-05,0,0,0,0,0,38
0,20,2.384004,0.111813738942146,-4.02310688514262E-05,0,0,0,0,0,38
0,21,2.497528,0.110203973948956,-4.44748766312841E-05,0,0,0,0,0,38
0,22,2.611052,0.109680317342281,-4.52943386335392E-05,0,0,0,0,0,38
0,23,2.724576,0.108361475169659,-4.65621960756835E-05,0,0,0,0,0,38
0,24,2.8381,0.107197791337967,-5.19887689733878E-05,0,0,0,0,0,38
0,25,2.951624,0.105917744338512,-5.21107758686412E-05,0,0,0,0,0,38
0,26,3.065148,0.10510316491127,-5.3050691349199E-05,0,0,0,0,0,38
0,27,3.178672,0.103881299495697,-5.65360351174604E-05,0,0,0,0,0,38
0,28,3.292196,0.10264003276825,-5.91848220210522E-05,0,0,0,0,0,38
0,29,3.40572,0.101825460791588,-6.10219140071422E-05,0,0,0,0,0,38
0,30,3.519244,0.10068117082119,-5.84166482440196E-05,0,0,0,0,0,38
0,31,3.632768,0.0992071703076363,-6.44077881588601E-05,0,0,0,0,0,38
0,32,3.746292,0.0980628803372383,-6.87017163727432E-05,0,0,0,0,0,38
0,33,3.859816,0.097403459250927,-6.41781516605988E-05,0,0,0,0,0,38
0,34,3.97334,0.095774307847023,-7.26595462765545E-05,0,0,0,0,0,38
0,35,4.086864,0.0946106240153313,-7.32144035282545E-05,0,0,0,0,0,38
0,36,4.200388,0.09334996342659,-7.47760132071562E-05,0,0,0,0,0,38
0,37,4.313912,0.0925353914499283,-7.73634019424208E-05,0,0,0,0,0,38
0,38,4.427436,0.0911001786589623,-7.88799370639026E-05,0,0,0,0,0,38
0,39,4.54096,0.0903243944048882,-7.54482098273002E-05,0,0,0,0,0,38
0,40,4.654484,0.0890055522322655,-7.95719533925876E-05,0,0,0,0,0,38
0,41,4.768008,0.0878806561231613,-8.19133929326199E-05,0,0,0,0,0,38
0,42,4.881532,0.0866200029850006,-8.37415500427596E-05,0,0,0,0,0,38
0,43,4.995056,0.0856308713555336,-8.46212351461872E-05,0,0,0,0,0,38
0,44,5.10858,0.0847581103444099,-8.91284871613607E-05,0,0,0,0,0,38
0,45,5.222104,0.0832259282469749,-8.61327207530849E-05,0,0,0,0,0,38
0,46,5.335628,0.0824113488197327,-8.80389779922552E-05,0,0,0,0,0,38
0,47,5.449152,0.0813640356063843,-9.10596063476987E-05,0,0,0,0,0,38
0,48,5.562676,0.080006405711174,-9.00388695299625E-05,0,0,0,0,0,38
0,49,5.6762,0.0789978802204132,-9.15274285944179E-05,0,0,0,0,0,38
0,50,5.789724,0.0770971924066544,-9.92775603663176E-05,0,0,0,0,0,38
0,51,5.903248,0.0768644586205482,-9.34690397116356E-05,0,0,0,0,0,38
0,52,6.016772,0.0758171454071999,-9.30851529119536E-05,0,0,0,0,0,38
0,53,6.130296,0.0737031176686287,-0.000103107558970805,0,0,0,0,0,38
0,54,6.24382,0.0731988549232483,-9.78484531515278E-05,0,0,0,0,0,38
0,55,6.357344,0.0720933601260185,-9.82160272542387E-05,0,0,0,0,0,38
0,56,6.470868,0.071007251739502,-0.000102923768281471,0,0,0,0,0,38
0,57,6.584392,0.0697078108787537,-0.00010276329703629,0,0,0,0,0,38
0,58,6.697916,0.0689902007579803,-0.000102279933344107,0,0,0,0,0,38
0,59,6.81144,0.0674580186605453,-0.000106916959339287,0,0,0,0,0,38
0,60,6.924964,0.0662361532449722,-0.000105973937024828,0,0,0,0,0,38
0,61,7.038488,0.0654797628521919,-0.000103194593975786,0,0,0,0,0,38
0,62,7.152012,0.0639087855815887,-0.000107837833638769,0,0,0,0,0,38
0,63,7.265536,0.0627257078886032,-0.000108549669675995,0,0,0,0,0,38
0,64,7.37906,0.0616202130913734,-0.000105454433651175,0,0,0,0,0,38
0,65,7.492584,0.0602625831961632,-0.000113216228783131,0,0,0,0,0,38
0,66,7.606108,0.0598358996212482,-0.000108619220554829,0,0,0,0,0,38
0,67,7.719632,0.0589437410235405,-0.000106641862657852,0,0,0,0,0,38
0,68,7.833156,0.0570236630737782,-0.000113377478555776,0,0,0,0,0,38
0,69,7.94668,0.0561315082013607,-0.000111968962301034,0,0,0,0,0,38
0,70,8.060204,0.0552199557423592,-0.000109616252302658,0,0,0,0,0,38
0,71,8.173728,0.0536489821970463,-0.000114448332169559,0,0,0,0,0,38
0,72,8.287252,0.0526792481541634,-0.000109688917291351,0,0,0,0,0,38
0,73,8.400776,0.0513216182589531,-0.000113999165478162,0,0,0,0,0,38
0,74,8.5143,0.0505264364182949,-0.000116578790766653,0,0,0,0,0,38
0,75,8.627824,0.0493433587253094,-0.000111566805571783,0,0,0,0,0,38
0,76,8.741348,0.0485093854367733,-0.000115149290650152,0,0,0,0,0,38
0,77,8.854872,0.0471129640936852,-0.000115561160782818,0,0,0,0,0,38
0,78,8.968396,0.0459298864006996,-0.000113454800157342,0,0,0,0,0,38
0,79,9.08192,0.0445334687829018,-0.000116259783681016,0,0,0,0,0,38
0,80,9.195444,0.0438546538352966,-0.000117008145025466,0,0,0,0,0,38
0,81,9.308968,0.0428655222058296,-0.000111938650661614,0,0,0,0,0,38
0,82,9.422492,0.0416630506515503,-0.000115835478936788,0,0,0,0,0,38
0,83,9.536016,0.0402666293084621,-0.000117439441964962,0,0,0,0,0,38
0,84,9.64954,0.039587814360857,-0.0001143947156379,0,0,0,0,0,38
0,85,9.763064,0.0380168445408344,-0.000116486313345376,0,0,0,0,0,38
0,86,9.876588,0.0372992381453514,-0.000112826892291196,0,0,0,0,0,38
0,87,9.990112,0.0357476621866226,-0.000117443712952081,0,0,0,0,0,38
0,88,10.103636,0.0346615575253963,-0.000119322379759979,0,0,0,0,0,38
0,89,10.21716,0.0332457423210144,-0.00011870185699081,0,0,0,0,0,38
0,90,10.330684,0.0334978736937046,-0.000106814768514596,0,0,0,0,0,38
0,91,10.444208,0.0315196141600609,-0.000115823437226936,0,0,0,0,0,38
0,92,10.557732,0.0300262197852135,-0.000117170166049618,0,0,0,0,0,38
0,93,10.671256,0.0287461690604687,-0.000119010372145567,0,0,0,0,0,38
0,94,10.78478,0.0278734061866999,-0.000119135482236743,0,0,0,0,0,38
0,95,10.898304,0.0268648806959391,-0.000116612201964017,0,0,0,0,0,38
0,96,11.011828,0.0255654361099005,-0.000116343318950385,0,0,0,0,0,38
0,97,11.125352,0.0240720417350531,-0.000119151802209672,0,0,0,0,0,38
0,98,11.238876,0.0234320163726807,-0.000117310824862216,0,0,0,0,0,38
0,99,11.3524,0.0222683344036341,-0.000115028837171849,0,0,0,0,0,38
0,100,11.465924,0.0211434401571751,-0.000116889634227846,0,0,0,0,0,38
0,101,11.579448,0.0195724684745073,-0.000119824006105773,0,0,0,0,0,38
0,102,11.692972,0.0186221264302731,-0.000117199699161574,0,0,0,0,0,38
0,103,11.806496,0.0172838922590017,-0.000117349292850122,0,0,0,0,0,38
0,104,11.92002,0.0165274981409311,-0.000118263567856047,0,0,0,0,0,38
0,105,12.033544,0.0155577622354031,-0.000113582631456666,0,0,0,0,0,38
0,106,12.147068,0.0144134741276503,-0.000115155118692201,0,0,0,0,0,38
0,107,12.260592,0.01305584423244,-0.000119539581646677,0,0,0,0,0,38
0,108,12.374116,0.0121636865660548,-0.000113792062620632,0,0,0,0,0,38
0,109,12.48764,0.0110581880435348,-0.000115011738671456,0,0,0,0,0,38
0,110,12.601164,0.00966176856309175,-0.000114062502689194,0,0,0,0,0,38
0,111,12.714688,0.00888597965240479,-0.000114726928586606,0,0,0,0,0,38
0,112,12.828212,0.0074119814671576,-0.000117846648208797,0,0,0,0,0,38
0,113,12.941736,0.00605435157194734,-0.000113299378426746,0,0,0,0,0,38
0,114,13.05526,0.0053173522464931,-0.000114095135359094,0,0,0,0,0,38
0,115,13.168784,0.00384335382841527,-0.000116165749204811,0,0,0,0,0,38
0,116,13.282308,0.00281543377786875,-0.00011494063801365,0,0,0,0,0,38
0,117,13.395832,0.00186509278137237,-0.000112516827357467,0,0,0,0,0,38
0,118,13.509356,0.000565646856557578,-0.000115534734504763,0,0,0,0,0,38
0,119,13.62288,-0.0002489312319085,-0.00011197711864952,0,0,0,0,0,38
0,120,13.736404,-0.00170353485736996,-0.000111231485789176,0,0,0,0,0,38
0,121,13.849928,-0.00259569194167852,-0.000113936606794596,0,0,0,0,0,38
0,122,13.963452,-0.00375937484204769,-0.000109525331936311,0,0,0,0,0,38
0,123,14.076976,-0.00511700473725796,-0.000113556990982033,0,0,0,0,0,38
0,124,14.1905,-0.00597037235274911,-0.000110069697257131,0,0,0,0,0,38
0,125,14.304024,-0.00750255491584539,-0.000112954337964766,0,0,0,0,0,38
0,126,14.417548,-0.0083171334117651,-0.000110031236545183,0,0,0,0,0,38
0,127,14.531072,-0.00979113113135099,-0.000110159067844506,0,0,0,0,0,38
0,128,14.644596,-0.0110905775800347,-0.000110593864519615,0,0,0,0,0,38
0,129,14.75812,-0.0115172611549497,-0.000109759632323403,0,0,0,0,0,38
0,130,14.871644,-0.0128748910501599,-0.000109142994915601,0,0,0,0,0,38
0,131,14.985168,-0.0145234419032931,-0.000112394431198481,0,0,0,0,0,38
0,132,15.098692,-0.0149501254782081,-0.000108703541627619,0,0,0,0,0,38
0,133,15.212216,-0.0163659397512674,-0.000110059598227963,0,0,0,0,0,38
0,134,15.32574,-0.0176459904760122,-0.000110020744614303,0,0,0,0,0,38
0,135,15.439264,-0.0181696489453316,-0.000103382270026486,0,0,0,0,0,38
0,136,15.552788,-0.0193721204996109,-0.000107277541246731,0,0,0,0,0,38
0,137,15.666312,-0.0209043025970459,-0.000109353590232786,0,0,0,0,0,38
0,138,15.779836,-0.0219516176730394,-0.000107954401755705,0,0,0,0,0,38
0,139,15.89336,-0.0229213535785675,-0.000103112994111143,0,0,0,0,0,38
0,140,16.006884,-0.0242983791977167,-0.000108595129859168,0,0,0,0,0,38
0,141,16.120408,-0.0251129567623138,-0.000102972342574503,0,0,0,0,0,38
0,142,16.233932,-0.027188191190362,-0.000110291177406907,0,0,0,0,0,38
0,143,16.347456,-0.0276730600744486,-0.000104180362541229,0,0,0,0,0,38
0,144,16.46098,-0.0290500838309526,-0.000106224943010602,0,0,0,0,0,38
0,145,16.574504,-0.0303495302796364,-0.000107018371636514,0,0,0,0,0,38
0,146,16.688028,-0.0315132141113281,-0.0001058286143234,0,0,0,0,0,38
0,147,16.801552,-0.032095056027174,-0.000102911333669908,0,0,0,0,0,38
0,148,16.915076,-0.0333751067519188,-0.000105170787719544,0,0,0,0,0,38
0,149,17.0286,-0.0349072888493538,-0.000104715014458634,0,0,0,0,0,38
0,150,17.142124,-0.0358188413083553,-0.000104014834505506,0,0,0,0,0,38
0,151,17.255648,-0.0369437336921692,-0.000103539241536055,0,0,0,0,0,38
0,152,17.369172,-0.0380492322146893,-0.000105739636637736,0,0,0,0,0,38
0,153,17.482696,-0.0389219932258129,-0.00010076417675009,0,0,0,0,0,38
0,154,17.59622,-0.0403572022914886,-0.000103083075373434,0,0,0,0,0,38
0,155,17.709744,-0.0414627008140087,-0.000100650329841301,0,0,0,0,0,38
0,156,17.823268,-0.0427427552640438,-0.000101165169326123,0,0,0,0,0,38
0,157,17.936792,-0.043809462338686,-0.000100210876553319,0,0,0,0,0,38
0,158,18.050316,-0.0447598025202751,-0.000101445315522142,0,0,0,0,0,38
0,159,18.16384,-0.04578772559762,-9.99528710963205E-05,0,0,0,0,0,38
0,160,18.277364,-0.0466992743313313,-9.73588757915422E-05,0,0,0,0,0,38
0,161,18.390888,-0.0481926687061787,-9.94403671938926E-05,0,0,0,0,0,38
0,162,18.504412,-0.049123615026474,-9.96490198303945E-05,0,0,0,0,0,38
0,163,18.617936,-0.0504618510603905,-0.000100318116892595,0,0,0,0,0,38
0,164,18.73146,-0.0518000870943069,-9.87137682386674E-05,0,0,0,0,0,38
0,165,18.844984,-0.0525370836257935,-9.47714797803201E-05,0,0,0,0,0,38
0,166,18.958508,-0.0538171343505383,-0.000101232384622563,0,0,0,0,0,38
0,167,19.072032,-0.0548644512891769,-9.76102674030699E-05,0,0,0,0,0,38
0,168,19.185556,-0.0565517917275429,-9.95522714219987E-05,0,0,0,0,0,38
0,169,19.29908,-0.0570948421955109,-9.68957174336538E-05,0,0,0,0,0,38
0,170,19.412604,-0.0581033676862717,-9.43712657317519E-05,0,0,0,0,0,38
0,171,19.526128,-0.0595773681998253,-9.69866378000006E-05,0,0,0,0,0,38
0,172,19.639652,-0.0610319711267948,-9.66936640907079E-05,0,0,0,0,0,38
0,173,19.753176,-0.061827152967453,-9.45670981309377E-05,0,0,0,0,0,38
0,174,19.8667,-0.0631847828626633,-9.67803134699352E-05,0,0,0,0,0,38
0,175,19.980224,-0.0637860223650932,-9.24273263080977E-05,0,0,0,0,0,38
0,176,20.093748,-0.0651048570871353,-9.40635363804176E-05,0,0,0,0,0,38
0,177,20.207272,-0.0667340159416199,-9.72524067037739E-05,0,0,0,0,0,38
0,178,20.320796,-0.0671800971031189,-9.21763203223236E-05,0,0,0,0,0,38
0,179,20.43432,-0.0683243870735168,-9.33404298848473E-05,0,0,0,0,0,38
0,180,20.547844,-0.0696432217955589,-9.41400794545189E-05,0,0,0,0,0,38
0,181,20.661368,-0.0707875117659569,-9.02444153325632E-05,0,0,0,0,0,38
0,182,20.774892,-0.0719705894589424,-9.2488327936735E-05,0,0,0,0,0,38
0,183,20.888416,-0.0728433504700661,-9.16335047804751E-05,0,0,0,0,0,38
0,184,21.00194,-0.0741815865039825,-9.49028108152561E-05,0,0,0,0,0,38
0,185,21.115464,-0.0750155597925186,-9.07491485122591E-05,0,0,0,0,0,38
0,186,21.228988,-0.0762180313467979,-9.04029511730187E-05,0,0,0,0,0,38
0,187,21.342512,-0.0779247656464577,-9.44276107475162E-05,0,0,0,0,0,38
0,188,21.456036,-0.0786035805940628,-9.03504915186204E-05,0,0,0,0,0,38
0,189,21.56956,-0.0800581872463226,-9.2203903477639E-05,0,0,0,0,0,38
0,190,21.683084,-0.0809891298413277,-8.80661755218171E-05,0,0,0,0,0,38
0,191,21.796608,-0.0823661610484123,-9.0750319941435E-05,0,0,0,0,0,38
0,192,21.910132,-0.0834328681230545,-9.01830280781724E-05,0,0,0,0,0,38
0,193,22.023656,-0.0844219997525215,-9.05587585293688E-05,0,0,0,0,0,38
0,194,22.13718,-0.0854305252432823,-8.98018552106805E-05,0,0,0,0,0,38
0,195,22.250704,-0.0865942090749741,-8.94241748028435E-05,0,0,0,0,0,38
0,196,22.364228,-0.0881845727562904,-9.02580140973441E-05,0,0,0,0,0,38
0,197,22.477752,-0.0891349166631699,-8.98745129234158E-05,0,0,0,0,0,38
0,198,22.591276,-0.0904537513852119,-8.9145585661754E-05,0,0,0,0,0,38
0,199,22.7048,-0.0912489369511604,-8.79981744219549E-05,0,0,0,0,0,38
0,200,22.818324,-0.0921216979622841,-8.70671938173473E-05,0,0,0,0,0,38
0,201,22.931848,-0.0934017524123192,-8.82550157257356E-05,0,0,0,0,0,38
0,202,23.045372,-0.0946042239665985,-8.74056277098134E-05,0,0,0,0,0,38
0,203,23.158896,-0.0955157727003098,-8.79321232787333E-05,0,0,0,0,0,38
0,204,23.27242,-0.0973000898957253,-8.7737847934477E-05,0,0,0,0,0,38
0,205,23.385944,-0.0978043526411057,-8.60324726090766E-05,0,0,0,0,0,38
0,206,23.499468,-0.0996080636978149,-8.74938341439702E-05,0,0,0,0,0,38
0,207,23.612992,-0.100403241813183,-8.50494252517819E-05,0,0,0,0,0,38
0,208,23.726516,-0.101411767303944,-8.76375997904688E-05,0,0,0,0,0,38
0,209,23.84004,-0.102633632719517,-8.71429656399414E-05,0,0,0,0,0,38
0,210,23.953564,-0.103719741106033,-8.5264298832044E-05,0,0,0,0,0,38
0,211,24.067088,-0.104902818799019,-8.59520441736095E-05,0,0,0,0,0,38
0,212,24.180612,-0.105853155255318,-8.29290802357718E-05,0,0,0,0,0,38
0,213,24.294136,-0.107443526387215,-8.7522974354215E-05,0,0,0,0,0,38
0,214,24.40766,-0.108199916779995,-8.49588905111887E-05,0,0,0,0,0,38
0,215,24.521184,-0.109305419027805,-8.55662074172869E-05,0,0,0,0,0,38
0,216,24.634708,-0.110430315136909,-8.68274582899176E-05,0,0,0,0,0,38
0,217,24.748232,-0.111632786691189,-8.27029361971654E-05,0,0,0,0,0,38
0,218,24.861756,-0.113067992031574,-8.53870806167834E-05,0,0,0,0,0,38
0,219,24.97528,-0.114173494279385,-8.68515489855781E-05,0,0,0,0,0,38
0,220,25.088804,-0.115201413631439,-8.31777506391518E-05,0,0,0,0,0,38
0,221,25.202328,-0.115996591746807,-8.1518228398636E-05,0,0,0,0,0,38
0,222,25.315852,-0.117470592260361,-8.16709361970425E-05,0,0,0,0,0,38
0,223,25.429376,-0.118517905473709,-8.30487551866099E-05,0,0,0,0,0,38
0,224,25.5429,-0.119681589305401,-8.23746086098254E-05,0,0,0,0,0,38
0,225,25.656424,-0.120767697691917,-8.3471109974198E-05,0,0,0,0,0,38
0,226,25.769948,-0.121970169246197,-8.32814985187724E-05,0,0,0,0,0,38
0,227,25.883472,-0.122726559638977,-7.89918412920088E-05,0,0,0,0,0,38
0,228,25.996996,-0.12429753690958,-8.35080281831324E-05,0,0,0,0,0,38
0,229,26.11052,-0.12524788081646,-7.87268436397426E-05,0,0,0,0,0,38
0,230,26.224044,-0.126527920365334,-8.16689935163595E-05,0,0,0,0,0,38
0,231,26.337568,-0.127730399370193,-8.14319719211198E-05,0,0,0,0,0,38
0,232,26.451092,-0.128894075751305,-8.3208447904326E-05,0,0,0,0,0,38
0,233,26.564616,-0.13007715344429,-8.44778624013998E-05,0,0,0,0,0,38
0,234,26.67814,-0.130814164876938,-7.98921246314421E-05,0,0,0,0,0,38
0,235,26.791664,-0.131939053535461,-8.12182697700337E-05,0,0,0,0,0,38
0,236,26.905188,-0.133083343505859,-7.59311878937297E-05,0,0,0,0,0,38
0,237,27.018712,-0.134324595332146,-8.31412326078862E-05,0,0,0,0,0,38
0,238,27.132236,-0.135527074337006,-7.68866448197514E-05,0,0,0,0,0,38
0,239,27.24576,-0.136651962995529,-8.1205835158471E-05,0,0,0,0,0,38
0,240,27.359284,-0.138106569647789,-7.96080930740573E-05,0,0,0,0,0,38
0,241,27.472808,-0.139270260930061,-8.01920905360021E-05,0,0,0,0,0,38
0,242,27.586332,-0.139696940779686,-7.92063219705597E-05,0,0,0,0,0,38
0,243,27.699856,-0.141132146120071,-7.92129285400733E-05,0,0,0,0,0,38
0,244,27.81338,-0.142567351460457,-7.85162483225577E-05,0,0,0,0,0,38
0,245,27.926904,-0.143517702817917,-8.17342661321163E-05,0,0,0,0,0,38
0,246,28.040428,-0.144855931401253,-7.89933983469382E-05,0,0,0,0,0,38
0,247,28.153952,-0.146194159984589,-8.01058340584859E-05,0,0,0,0,0,38
0,248,28.267476,-0.146562665700912,-7.73696228861809E-05,0,0,0,0,0,38
0,249,28.381,-0.147842720150948,-7.77298118919134E-05,0,0,0,0,0,38
0,250,28.494524,-0.149549454450607,-8.14844242995605E-05,0,0,0,0,0,38
0,251,28.608048,-0.149917960166931,-7.70261394791305E-05,0,0,0,0,0,38
0,252,28.721572,-0.151488929986954,-7.88080578786321E-05,0,0,0,0,0,38
0,253,28.835096,-0.152400478720665,-7.78378307586536E-05,0,0,0,0,0,38
0,254,28.94862,-0.153990849852562,-7.55469081923366E-05,0,0,0,0,0,38
0,255,29.062144,-0.155018761754036,-7.911967986729E-05,0,0,0,0,0,38
0,256,29.175668,-0.155930310487747,-7.66173761803657E-05,0,0,0,0,0,38
0,257,29.289192,-0.156880661845207,-7.74857981014065E-05,0,0,0,0,0,38
0,258,29.402716,-0.158257678151131,-7.87660901551135E-05,0,0,0,0,0,38
0,259,29.51624,-0.159343779087067,-7.92191494838335E-05,0,0,0,0,0,38
0,260,29.629764,-0.160429894924164,-7.72114799474366E-05,0,0,0,0,0,38
0,261,29.743288,-0.1615159958601,-7.87171302363276E-05,0,0,0,0,0,38
0,262,29.856812,-0.162834838032722,-7.53339772927575E-05,0,0,0,0,0,38
0,263,29.970336,-0.163804575800896,-7.31040563550778E-05,0,0,0,0,0,38
0,264,30.08386,-0.165026441216469,-8.0000922025647E-05,0,0,0,0,0,38
0,265,30.197384,-0.166248306632042,-7.25565842003562E-05,0,0,0,0,0,38
0,266,30.310908,-0.167315006256104,-7.83347932156175E-05,0,0,0,0,0,38
0,267,30.424432,-0.168381720781326,-7.50417821109295E-05,0,0,0,0,0,38
0,268,30.537956,-0.169797539710999,-7.85799711593427E-05,0,0,0,0,0,38
0,269,30.65148,-0.170844852924347,-7.60423135943711E-05,0,0,0,0,0,38
0,270,30.765004,-0.171930953860283,-7.64378637541085E-05,0,0,0,0,0,38
0,271,30.878528,-0.172803714871407,-7.57155357860029E-05,0,0,0,0,0,38
0,272,30.992052,-0.173889815807343,-7.20914758858271E-05,0,0,0,0,0,38
0,273,31.105576,-0.175402611494064,-7.75164953665808E-05,0,0,0,0,0,38
0,274,31.2191,-0.176023244857788,-7.16081194696017E-05,0,0,0,0,0,38
0,275,31.332624,-0.177749365568161,-7.46349687688053E-05,0,0,0,0,0,38
0,276,31.446148,-0.178331211209297,-7.45514262234792E-05,0,0,0,0,0,38
0,277,31.559672,-0.180115520954132,-7.54688080633059E-05,0,0,0,0,0,38
0,278,31.673196,-0.180988281965256,-7.52733612898737E-05,0,0,0,0,0,38
0,279,31.78672,-0.182093784213066,-7.31732216081582E-05,0,0,0,0,0,38
0,280,31.900244,-0.18321867287159,-7.49287137296051E-05,0,0,0,0,0,38
0,281,32.013768,-0.1843241751194,-7.21015821909532E-05,0,0,0,0,0,38
0,282,32.127292,-0.185487866401672,-7.6350050221663E-05,0,0,0,0,0,38
0,283,32.240816,-0.187020048499107,-7.58585301809944E-05,0,0,0,0,0,38
0,284,32.35434,-0.187601879239082,-7.46683799661696E-05,0,0,0,0,0,38
0,285,32.467864,-0.18874616920948,-7.28211889509112E-05,0,0,0,0,0,38
0,286,32.581388,-0.190026223659515,-7.50612089177594E-05,0,0,0,0,0,38
0,287,32.694912,-0.190976560115814,-7.15537171345204E-05,0,0,0,0,0,38
0,288,32.808436,-0.192334190011024,-7.45712459320202E-05,0,0,0,0,0,38
0,289,32.92196,-0.193730622529984,-7.65952281653881E-05,0,0,0,0,0,38
0,290,33.035484,-0.194215476512909,-7.29925377527252E-05,0,0,0,0,0,38
0,291,33.149008,-0.195805847644806,-7.39643219276331E-05,0,0,0,0,0,38
0,292,33.262532,-0.196523457765579,-6.96225979481824E-05,0,0,0,0,0,38
0,293,33.376056,-0.198055639863014,-7.36565853003412E-05,0,0,0,0,0,38
0,294,33.48958,-0.198947787284851,-7.15723654138856E-05,0,0,0,0,0,38
0,295,33.603104,-0.20034421980381,-7.42289266781881E-05,0,0,0,0,0,38
0,296,33.716628,-0.201527297496796,-7.34770728740841E-05,0,0,0,0,0,38
0,297,33.830152,-0.202710375189781,-7.22931363270618E-05,0,0,0,0,0,38
0,298,33.943676,-0.203680098056793,-7.31716645532288E-05,0,0,0,0,0,38
0,299,34.0572,-0.205095916986465,-7.06817954778671E-05,0,0,0,0,0,38
0,300,34.170724,-0.205891102552414,-7.35703215468675E-05,0,0,0,0,0,38
0,301,34.284248,-0.20697720348835,-7.10256717866287E-05,0,0,0,0,0,38
0,302,34.397772,-0.207946941256523,-7.10940585122444E-05,0,0,0,0,0,38
0,303,34.511296,-0.209440335631371,-7.27963197277859E-05,0,0,0,0,0,38
0,304,34.62482,-0.210022181272507,-7.14282141416334E-05,0,0,0,0,0,38
0,305,34.738344,-0.211806491017342,-7.39064271328971E-05,0,0,0,0,0,38
0,306,34.851868,-0.212718039751053,-7.06580976839177E-05,0,0,0,0,0,38
0,307,34.965392,-0.213823541998863,-7.15486676199362E-05,0,0,0,0,0,38
0,308,35.078916,-0.215239360928535,-7.12902765371837E-05,0,0,0,0,0,38
0,309,35.19244,-0.216131508350372,-7.08861771272495E-05,0,0,0,0,0,38
0,310,35.305964,-0.21712064743042,-7.32458793208934E-05,0,0,0,0,0,38
0,311,35.419488,-0.218400686979294,-7.26921862224117E-05,0,0,0,0,0,38
0,312,35.533012,-0.219331637024879,-6.98638905305415E-05,0,0,0,0,0,38
0,313,35.646536,-0.220359563827515,-7.07598956068978E-05,0,0,0,0,0,38
0,314,35.76006,-0.22214387357235,-7.21396572771482E-05,0,0,0,0,0,38
0,315,35.873584,-0.222686931490898,-6.88586951582693E-05,0,0,0,0,0,38
0,316,35.987108,-0.224219113588333,-7.16967042535543E-05,0,0,0,0,0,38
0,317,36.100632,-0.225693106651306,-7.21280011930503E-05,0,0,0,0,0,38
0,318,36.214156,-0.226255550980568,-7.16030626790598E-05,0,0,0,0,0,38
0,319,36.32768,-0.227302864193916,-7.23012999515049E-05,0,0,0,0,0,38
0,320,36.441204,-0.228466555476189,-6.947222573217E-05,0,0,0,0,0,38
0,321,36.554728,-0.229552656412125,-6.92021785653196E-05,0,0,0,0,0,38
0,322,36.668252,-0.230677545070648,-6.79708464303985E-05,0,0,0,0,0,38
0,323,36.781776,-0.232267916202545,-7.15381756890565E-05,0,0,0,0,0,38
0,324,36.8953,-0.233509182929993,-6.93583788233809E-05,0,0,0,0,0,38
0,325,37.008824,-0.233994051814079,-6.83158796164207E-05,0,0,0,0,0,38
0,326,37.122348,-0.235623195767403,-7.00022137607448E-05,0,0,0,0,0,38
0,327,37.235872,-0.23686446249485,-6.80718731018715E-05,0,0,0,0,0,38
0,328,37.349396,-0.237776011228561,-7.06876307958737E-05,0,0,0,0,0,38
0,329,37.46292,-0.238668173551559,-6.7720226070378E-05,0,0,0,0,0,38
0,330,37.576444,-0.24002580344677,-7.14033449185081E-05,0,0,0,0,0,38
0,331,37.689968,-0.24113130569458,-6.93964539095759E-05,0,0,0,0,0,38
0,332,37.803492,-0.242236793041229,-7.14340421836823E-05,0,0,0,0,0,38
0,333,37.917016,-0.242896214127541,-6.66676278342493E-05,0,0,0,0,0,38
0,334,38.03054,-0.244738712906837,-6.97865689289756E-05,0,0,0,0,0,38
0,335,38.144064,-0.245592087507248,-6.8046610977035E-05,0,0,0,0,0,38
0,336,38.257588,-0.246464848518372,-6.8238950916566E-05,0,0,0,0,0,38
0,337,38.371112,-0.247841879725456,-6.639797356911E-05,0,0,0,0,0,38
0,338,38.484636,-0.248947367072105,-6.92989269737154E-05,0,0,0,0,0,38
0,339,38.59816,-0.249839529395103,-6.63692189846188E-05,0,0,0,0,0,38
0,340,38.711684,-0.251313537359238,-6.87627252773382E-05,0,0,0,0,0,38
0,341,38.825208,-0.252263873815537,-6.79180011502467E-05,0,0,0,0,0,38
0,342,38.938732,-0.253311187028885,-6.76471754559316E-05,0,0,0,0,0,38
0,343,39.052256,-0.254591226577759,-7.0170070102904E-05,0,0,0,0,0,38
0,344,39.16578,-0.255425214767456,-6.61306476104073E-05,0,0,0,0,0,38
0,345,39.279304,-0.257151335477829,-6.80201919749379E-05,0,0,0,0,0,38
0,346,39.392828,-0.258140474557877,-6.70072258799337E-05,0,0,0,0,0,38
0,347,39.506352,-0.258993834257126,-6.73130198265426E-05,0,0,0,0,0,38
0,348,39.619876,-0.260312676429749,-6.71354500809684E-05,0,0,0,0,0,38
0,349,39.7334,-0.261592715978622,-6.59907673252746E-05,0,0,0,0,0,38
0,350,39.846924,-0.262853384017944,-6.73716931487434E-05,0,0,0,0,0,38
0,351,39.960448,-0.263764947652817,-6.71362286084332E-05,0,0,0,0,0,38
0,352,40.073972,-0.265006184577942,-6.78053183946759E-05,0,0,0,0,0,38
0,353,40.187496,-0.265975922346115,-6.55761759844609E-05,0,0,0,0,0,38
0,354,40.30102,-0.267003864049912,-6.3755018345546E-05,0,0,0,0,0,38
0,355,40.414544,-0.268439054489136,-6.94737755111419E-05,0,0,0,0,0,38
0,356,40.528068,-0.26946696639061,-6.49043649900705E-05,0,0,0,0,0,38
0,357,40.641592,-0.270378530025482,-6.63571699988097E-05,0,0,0,0,0,38
0,358,40.755116,-0.271813750267029,-6.74171533319168E-05,0,0,0,0,0,38
0,359,40.86864,-0.273093789815903,-6.52909729979001E-05,0,0,0,0,0,38
0,360,40.982164,-0.274141103029251,-6.86372150084935E-05,0,0,0,0,0,38
0,361,41.095688,-0.274858713150024,-6.48596760584041E-05,0,0,0,0,0,38
0,362,41.209212,-0.276352107524872,-6.71568195684813E-05,0,0,0,0,0,38
0,363,41.322736,-0.277554571628571,-6.80644880048931E-05,0,0,0,0,0,38
0,364,41.43626,-0.278582483530045,-6.49268986308016E-05,0,0,0,0,0,38
0,365,41.549784,-0.279746174812317,-6.63828177493997E-05,0,0,0,0,0,38
0,366,41.663308,-0.280754715204239,-6.39823192614131E-05,0,0,0,0,0,38
0,367,41.776832,-0.281879603862762,-6.67694330331869E-05,0,0,0,0,0,38
0,368,41.890356,-0.28302389383316,-6.67601052555256E-05,0,0,0,0,0,38
0,369,42.00388,-0.28393542766571,-6.15029421169311E-05,0,0,0,0,0,38
0,370,42.117404,-0.285293072462082,-6.56911870464683E-05,0,0,0,0,0,38
0,371,42.230928,-0.28643736243248,-6.46455882815644E-05,0,0,0,0,0,38
0,372,42.344452,-0.287290722131729,-6.5125452238135E-05,0,0,0,0,0,38
0,373,42.457976,-0.288725942373276,-6.39698846498504E-05,0,0,0,0,0,38
0,374,42.5715,-0.289618104696274,-6.4773419580888E-05,0,0,0,0,0,38
0,375,42.685024,-0.291596353054047,-6.7913337261416E-05,0,0,0,0,0,38
0,376,42.798548,-0.292352735996246,-6.38774072285742E-05,0,0,0,0,0,38
0,377,42.912072,-0.293380677700043,-6.58598219160922E-05,0,0,0,0,0,38
0,378,43.025596,-0.294175863265991,-6.21926301391795E-05,0,0,0,0,0,38
0,379,43.13912,-0.295688629150391,-6.66924970573746E-05,0,0,0,0,0,38
0,380,43.252644,-0.296425640583038,-6.25038665020838E-05,0,0,0,0,0,38
0,381,43.366168,-0.297919034957886,-6.52595044812188E-05,0,0,0,0,0,38
0,382,43.479692,-0.298714220523834,-6.329807365546E-05,0,0,0,0,0,38
0,383,43.593216,-0.299897283315659,-6.226179539226E-05,0,0,0,0,0,38
0,384,43.70674,-0.301332503557205,-6.57284908811562E-05,0,0,0,0,0,38
0,385,43.820264,-0.302360415458679,-6.30680515314452E-05,0,0,0,0,0,38
0,386,43.933788,-0.303621083498001,-6.62374950479716E-05,0,0,0,0,0,38
0,387,44.047312,-0.304610192775726,-6.51382724754512E-05,0,0,0,0,0,38
0,388,44.160836,-0.305638134479523,-6.47217384539545E-05,0,0,0,0,0,38
0,389,44.27436,-0.306801795959473,-6.21215294813737E-05,0,0,0,0,0,38
0,390,44.387884,-0.307907313108444,-6.37997000012547E-05,0,0,0,0,0,38
0,391,44.501408,-0.308857649564743,-6.48445275146514E-05,0,0,0,0,0,38
0,392,44.614932,-0.31035104393959,-6.74334733048454E-05,0,0,0,0,0,38
0,393,44.728456,-0.311650484800339,-6.3500898249913E-05,0,0,0,0,0,38
0,394,44.84198,-0.312523245811462,-6.66781197651289E-05,0,0,0,0,0,38
0,395,44.955504,-0.313842087984085,-6.56398988212459E-05,0,0,0,0,0,38
0,396,45.069028,-0.31442391872406,-6.12227959209122E-05,0,0,0,0,0,38
0,397,45.182552,-0.316227644681931,-6.36660333839245E-05,0,0,0,0,0,38
0,398,45.296076,-0.317061603069305,-6.33330419077538E-05,0,0,0,0,0,38
0,399,45.4096,-0.318438649177551,-6.62887905491516E-05,0,0,0,0,0,38
0,400,45.523124,-0.319098055362701,-6.08062655373942E-05,0,0,0,0,0,38
0,401,45.636648,-0.320669025182724,-6.68774518999271E-05,0,0,0,0,0,38
0,402,45.750172,-0.321192681789398,-6.12414442002773E-05,0,0,0,0,0,38
0,403,45.863696,-0.322744250297546,-6.3303901697509E-05,0,0,0,0,0,38
0,404,45.97722,-0.323694616556168,-6.15219832980074E-05,0,0,0,0,0,38
0,405,46.090744,-0.324955254793167,-6.33101153653115E-05,0,0,0,0,0,38
0,406,46.204268,-0.325905591249466,-6.40040816506371E-05,0,0,0,0,0,38
0,407,46.317792,-0.327088683843613,-6.143261998659E-05,0,0,0,0,0,38
0,408,46.431316,-0.32858207821846,-6.41016085864976E-05,0,0,0,0,0,38
0,409,46.54484,-0.329454839229584,-6.35156611679122E-05,0,0,0,0,0,38
0,410,46.658364,-0.330482751131058,-6.1375496443361E-05,0,0,0,0,0,38
0,411,46.771888,-0.331685215234756,-6.07654656050727E-05,0,0,0,0,0,38
0,412,46.885412,-0.332907110452652,-6.0627528000623E-05,0,0,0,0,0,38
0,413,46.998936,-0.33455565571785,-6.59480210742913E-05,0,0,0,0,0,38
0,414,47.11246,-0.334652632474899,-5.79966181248892E-05,0,0,0,0,0,38
0,415,47.225984,-0.336630880832672,-6.55816184007563E-05,0,0,0,0,0,38
0,416,47.339508,-0.337561815977097,-6.33027375442907E-05,0,0,0,0,0,38
0,417,47.453032,-0.338647931814194,-6.39271456748247E-05,0,0,0,0,0,38
0,418,47.566556,-0.339578866958618,-6.19272468611598E-05,0,0,0,0,0,38
0,419,47.68008,-0.340917110443115,-6.31445946055464E-05,0,0,0,0,0,38
0,420,47.793604,-0.342100203037262,-6.33590752840973E-05,0,0,0,0,0,38
0,421,47.907128,-0.343031138181686,-6.14143573329784E-05,0,0,0,0,0,38
0,422,48.020652,-0.344427555799484,-6.28733832854778E-05,0,0,0,0,0,38
0,423,48.134176,-0.345242142677307,-6.29786809440702E-05,0,0,0,0,0,38
0,424,48.2477,-0.346114903688431,-5.85165071242955E-05,0,0,0,0,0,38
0,425,48.361224,-0.347763448953629,-6.32157025393099E-05,0,0,0,0,0,38
0,426,48.474748,-0.348655611276627,-5.93355798628181E-05,0,0,0,0,0,38
0,427,48.588272,-0.349916249513626,-6.49847934255376E-05,0,0,0,0,0,38
0,428,48.701796,-0.351002365350723,-5.75777557969559E-05,0,0,0,0,0,38
0,429,48.81532,-0.352612137794495,-6.31434304523282E-05,0,0,0,0,0,38
0,430,48.928844,-0.353368520736694,-5.93293625570368E-05,0,0,0,0,0,38
0,431,49.042368,-0.354997664690018,-6.63808750687167E-05,0,0,0,0,0,38
0,432,49.155892,-0.355463147163391,-6.25034736003727E-05,0,0,0,0,0,38
0,433,49.269416,-0.356529861688614,-6.24047825112939E-05,0,0,0,0,0,38
0,434,49.38294,-0.358255982398987,-6.52381349937059E-05,0,0,0,0,0,38
0,435,49.496464,-0.359342098236084,-6.00423627474811E-05,0,0,0,0,0,38
0,436,49.609988,-0.360292434692383,-6.5722269937396E-05,0,0,0,0,0,38
0,437,49.723512,-0.361068218946457,-5.93647237110417E-05,0,0,0,0,0,38
0,438,49.837036,-0.362949520349503,-6.28084962954745E-05,0,0,0,0,0,38
0,439,49.95056,-0.363764077425003,-6.18674093857408E-05,0,0,0,0,0,38
0,440,50.064084,-0.364113181829453,-6.01577667111997E-05,0,0,0,0,0,38
0,441,50.177608,-0.365916907787323,-6.42818995402195E-05,0,0,0,0,0,38
0,442,50.291132,-0.366712093353271,-5.86482274229638E-05,0,0,0,0,0,38
0,443,50.404656,-0.368205487728119,-6.17170371697284E-05,0,0,0,0,0,38
0,444,50.51818,-0.369446754455566,-6.05276691203471E-05,0,0,0,0,0,38
0,445,50.631704,-0.370591014623642,-6.07802321610507E-05,0,0,0,0,0,38
0,446,50.745228,-0.371134072542191,-6.01760257268324E-05,0,0,0,0,0,38
0,447,50.858752,-0.372433513402939,-6.07981055509299E-05,0,0,0,0,0,38
0,448,50.972276,-0.373771756887436,-6.16167890257202E-05,0,0,0,0,0,38
0,449,51.0858,-0.374780297279358,-6.03788539592642E-05,0,0,0,0,0,38
0,450,51.199324,-0.375575482845306,-5.7409120927332E-05,0,0,0,0,0,38
0,451,51.312848,-0.37710765004158,-5.97439538978506E-05,0,0,0,0,0,38
0,452,51.426372,-0.378445893526077,-6.21619328740053E-05,0,0,0,0,0,38
0,453,51.539896,-0.379745334386826,-6.01037572778296E-05,0,0,0,0,0,38
0,454,51.65342,-0.380637496709824,-6.13595693721436E-05,0,0,0,0,0,38
0,455,51.766944,-0.381801187992096,-6.08284135523718E-05,0,0,0,0,0,38
0,456,51.880468,-0.382945448160172,-6.12527146586217E-05,0,0,0,0,0,38
0,457,51.993992,-0.384283691644669,-6.22194420429878E-05,0,0,0,0,0,38
0,458,52.107516,-0.385505557060242,-6.25252359895967E-05,0,0,0,0,0,38
0,459,52.22104,-0.386475294828415,-5.9718695410993E-05,0,0,0,0,0,38
0,460,52.334564,-0.387561410665512,-6.02160471316893E-05,0,0,0,0,0,38
0,461,52.448088,-0.389035403728485,-6.12748626735993E-05,0,0,0,0,0,38
0,462,52.561612,-0.390121519565582,-6.23624291620217E-05,0,0,0,0,0,38
0,463,52.675136,-0.390955477952957,-5.98803380853496E-05,0,0,0,0,0,38
0,464,52.78866,-0.39217734336853,-6.0691250837408E-05,0,0,0,0,0,38
0,465,52.902184,-0.393185883760452,-6.13378069829196E-05,0,0,0,0,0,38
0,466,53.015708,-0.394116818904877,-5.91766620345879E-05,0,0,0,0,0,38
0,467,53.129232,-0.395532637834549,-6.22987063252367E-05,0,0,0,0,0,38
0,468,53.242756,-0.396463572978973,-5.94552548136562E-05,0,0,0,0,0,38
0,469,53.35628,-0.397607862949371,-5.90667004871648E-05,0,0,0,0,0,38
0,470,53.469804,-0.398829728364944,-6.30804788670503E-05,0,0,0,0,0,38
0,471,53.583328,-0.399974018335342,-6.09997659921646E-05,0,0,0,0,0,38
0,472,53.696852,-0.401001930236816,-5.63565226912033E-05,0,0,0,0,0,38
0,473,53.810376,-0.402359575033188,-5.86839742027223E-05,0,0,0,0,0,38
0,474,53.9239,-0.403174161911011,-5.7815937907435E-05,0,0,0,0,0,38
0,475,54.037424,-0.404396027326584,-5.91517928114627E-05,0,0,0,0,0,38
0,476,54.150948,-0.405307561159134,-5.80762716708705E-05,0,0,0,0,0,38
0,477,54.264472,-0.406645804643631,-5.74157274968456E-05,0,0,0,0,0,38
0,478,54.377996,-0.407518565654755,-5.94408811593894E-05,0,0,0,0,0,38
0,479,54.49152,-0.409128338098526,-5.91121606703382E-05,0,0,0,0,0,38
0,480,54.605044,-0.410195052623749,-6.03574844717514E-05,0,0,0,0,0,38
0,481,54.718568,-0.411378115415573,-5.87162248848472E-05,0,0,0,0,0,38
0,482,54.832092,-0.412367254495621,-5.94758494116832E-05,0,0,0,0,0,38
0,483,54.945616,-0.413453340530396,-5.93414079048671E-05,0,0,0,0,0,38
0,484,55.05914,-0.414617031812668,-6.03916741965804E-05,0,0,0,0,0,38
0,485,55.172664,-0.416091024875641,-6.05105742579326E-05,0,0,0,0,0,38
0,486,55.286188,-0.416866809129715,-5.77883511141408E-05,0,0,0,0,0,38
0,487,55.399712,-0.418185651302338,-6.00528546783607E-05,0,0,0,0,0,38
0,488,55.513236,-0.419426918029785,-6.10017086728476E-05,0,0,0,0,0,38
0,489,55.62676,-0.420086354017258,-5.67917049920652E-05,0,0,0,0,0,38
0,490,55.740284,-0.421540945768356,-5.87236063438468E-05,0,0,0,0,0,38
0,491,55.853808,-0.422646433115005,-5.66689232073259E-05,0,0,0,0,0,38
0,492,55.967332,-0.423965275287628,-5.87853864999488E-05,0,0,0,0,0,38
0,493,56.080856,-0.424605309963226,-5.72599165025167E-05,0,0,0,0,0,38
0,494,56.19438,-0.425904750823975,-5.56322556803934E-05,0,0,0,0,0,38
0,495,56.307904,-0.427475720643997,-6.25706961727701E-05,0,0,0,0,0,38
0,496,56.421428,-0.428251504898071,-5.92633114138152E-05,0,0,0,0,0,38
0,497,56.534952,-0.429221242666245,-5.91887073824182E-05,0,0,0,0,0,38
0,498,56.648476,-0.430152207612991,-5.77751416130923E-05,0,0,0,0,0,38
0,499,56.762,-0.431412845849991,-5.77510509174317E-05,0,0,0,0,0,38
0,500,56.875524,-0.432285606861115,-5.71184828004334E-05,0,0,0,0,0,38
0,501,56.989048,-0.434128105640411,-6.12212388659827E-05,0,0,0,0,0,38
0,502,57.102572,-0.435059070587158,-5.96409845456947E-05,0,0,0,0,0,38
0,503,57.216096,-0.436028808355331,-5.88751427130774E-05,0,0,0,0,0,38
0,504,57.32962,-0.437192469835281,-5.56341983610764E-05,0,0,0,0,0,38
0,505,57.443144,-0.438433736562729,-6.03322259848937E-05,0,0,0,0,0,38
0,506,57.556668,-0.439500451087952,-5.60600565222558E-05,0,0,0,0,0,38
0,507,57.670192,-0.44089686870575,-6.0831520386273E-05,0,0,0,0,0,38
0,508,57.783716,-0.441944181919098,-5.661996328854E-05,0,0,0,0,0,38
0,509,57.89724,-0.442972093820572,-5.69556759728584E-05,0,0,0,0,0,38
0,510,58.010764,-0.444329738616943,-5.94206758250948E-05,0,0,0,0,0,38
0,511,58.124288,-0.445260673761368,-5.87776157772169E-05,0,0,0,0,0,38
0,512,58.237812,-0.44667649269104,-6.00396451773122E-05,0,0,0,0,0,38
0,513,58.351336,-0.447471678256989,-5.70446572965011E-05,0,0,0,0,0,38
0,514,58.46486,-0.448868095874786,-6.22489751549438E-05,0,0,0,0,0,38
0,515,58.578384,-0.449702084064484,-5.44918439118192E-05,0,0,0,0,0,38
0,516,58.691908,-0.451117902994156,-5.96386562392581E-05,0,0,0,0,0,38
0,517,58.805432,-0.452242791652679,-5.8381676353747E-05,0,0,0,0,0,38
0,518,58.918956,-0.453464657068253,-5.76838319830131E-05,0,0,0,0,0,38
0,519,59.03248,-0.454279214143753,-5.75905760342721E-05,0,0,0,0,0,38
0,520,59.146004,-0.455501079559326,-5.78501312702429E-05,0,0,0,0,0,38
0,521,59.259528,-0.456645369529724,-5.67598435736727E-05,0,0,0,0,0,38
0,522,59.373052,-0.457634508609772,-5.42886300536338E-05,0,0,0,0,0,38
0,523,59.486576,-0.459399431943893,-6.95145790814422E-05,0,0,0,0,0,38
0,524,59.6001,-0.459806710481644,-5.71647215110715E-05,0,0,0,0,0,38
0,525,59.713624,-0.460679471492767,-5.53354002477136E-05,0,0,0,0,0,38
0,526,59.827148,-0.462405622005463,-5.85658526688349E-05,0,0,0,0,0,38
0,527,59.940672,-0.463355958461761,-5.72828394069802E-05,0,0,0,0,0,38
0,528,60.054196,-0.464616596698761,-6.01134706812445E-05,0,0,0,0,0,38
0,529,60.16772,-0.465683311223984,-5.63468092877883E-05,0,0,0,0,0,38
0,530,60.281244,-0.466847002506256,-5.90534909861162E-05,0,0,0,0,0,38
0,531,60.394768,-0.468049466609955,-5.88479451835155E-05,0,0,0,0,0,38
0,532,60.508292,-0.469116181135178,-5.84271365369204E-05,0,0,0,0,0,38
0,533,60.621816,-0.470318645238876,-5.71872551518027E-05,0,0,0,0,0,38
0,534,60.73534,-0.471172034740448,-5.46767987543717E-05,0,0,0,0,0,38
0,535,60.848864,-0.472549051046371,-5.68398863833863E-05,0,0,0,0,0,38
0,536,60.962388,-0.473712742328644,-5.86960195505526E-05,0,0,0,0,0,38
0,537,61.075912,-0.474507927894592,-5.69024450669531E-05,0,0,0,0,0,38
0,538,61.189436,-0.475981920957565,-5.91754978813697E-05,0,0,0,0,0,38
0,539,61.30296,-0.47716498374939,-5.51772573089693E-05,0,0,0,0,0,38
0,540,61.416484,-0.478095948696136,-5.77355094719678E-05,0,0,0,0,0,38
0,541,61.530008,-0.479279011487961,-5.5862281442387E-05,0,0,0,0,0,38
0,542,61.643532,-0.480733633041382,-5.63918838452082E-05,0,0,0,0,0,38
0,543,61.757056,-0.481761544942856,-5.73928009544034E-05,0,0,0,0,0,38
0,544,61.87058,-0.482808858156204,-5.84784284001216E-05,0,0,0,0,0,38
0,545,61.984104,-0.484127700328827,-5.89000082982238E-05,0,0,0,0,0,38
0,546,62.097628,-0.484864681959152,-5.52370947843883E-05,0,0,0,0,0,38
0,547,62.211152,-0.486222326755524,-5.99693157710135E-05,0,0,0,0,0,38
0,548,62.324676,-0.486823558807373,-5.24072420375887E-05,0,0,0,0,0,38
0,549,62.4382,-0.488336354494095,-5.66001472179778E-05,0,0,0,0,0,38
0,550,62.551724,-0.489713370800018,-5.63887733733281E-05,0,0,0,0,0,38
0,551,62.665248,-0.490993410348892,-5.78450817556586E-05,0,0,0,0,0,38
0,552,62.778772,-0.491788595914841,-5.83525361435022E-05,0,0,0,0,0,38
0,553,62.892296,-0.492835909128189,-5.606510603684E-05,0,0,0,0,0,38
0,554,63.00582,-0.494096577167511,-5.8254230680177E-05,0,0,0,0,0,38
0,555,63.119344,-0.495376616716385,-5.97027647017967E-05,0,0,0,0,0,38
0,556,63.232868,-0.496230006217957,-5.78190483793151E-05,0,0,0,0,0,38
0,557,63.346392,-0.497548848390579,-6.08144255238585E-05,0,0,0,0,0,38
0,558,63.459916,-0.49861553311348,-5.58747160539497E-05,0,0,0,0,0,38
0,559,63.57344,-0.499876201152802,-5.86967944400385E-05,0,0,0,0,0,38
0,560,63.686964,-0.500981688499451,-5.96235004195478E-05,0,0,0,0,0,38
0,561,63.800488,-0.50193202495575,-5.69681105844211E-05,0,0,0,0,0,38
0,562,63.914012,-0.503056943416595,-5.82126558583695E-05,0,0,0,0,0,38
0,563,64.027536,-0.504026651382446,-5.4025964345783E-05,0,0,0,0,0,38
0,564,64.14106,-0.505461871623993,-5.73279139644001E-05,0,0,0,0,0,38
0,565,64.254584,-0.506237685680389,-5.64458932785783E-05,0,0,0,0,0,38
0,566,64.368108,-0.50755649805069,-5.65065056434833E-05,0,0,0,0,0,38
0,567,64.481632,-0.509146869182587,-5.86241367273033E-05,0,0,0,0,0,38
0,568,64.595156,-0.510019659996033,-5.75711492274422E-05,0,0,0,0,0,38
0,569,64.70868,-0.511532425880432,-6.00598505116068E-05,0,0,0,0,0,38
0,570,64.822204,-0.512191832065582,-5.8312125474913E-05,0,0,0,0,0,38
0,571,64.935728,-0.513297319412231,-5.89081682846881E-05,0,0,0,0,0,38
0,572,65.049252,-0.514461040496826,-5.8184679801343E-05,0,0,0,0,0,38
0,573,65.162776,-0.515644133090973,-5.79433872189838E-05,0,0,0,0,0,38
0,574,65.2763,-0.516749620437622,-5.86657115491107E-05,0,0,0,0,0,38
0,575,65.389824,-0.517971456050873,-5.97851394559257E-05,0,0,0,0,0,38
0,576,65.503348,-0.519173920154572,-5.98581900703721E-05,0,0,0,0,0,38
0,577,65.616872,-0.51996910572052,-5.60239204787649E-05,0,0,0,0,0,38
0,578,65.730396,-0.521675884723663,-6.26173205091618E-05,0,0,0,0,0,38
0,579,65.84392,-0.522471070289612,-5.95780402363744E-05,0,0,0,0,0,38
0,580,65.957444,-0.52361536026001,-6.29277783446014E-05,0,0,0,0,0,38
0,581,66.070968,-0.52477902173996,-6.0344271332724E-05,0,0,0,0,0,38
0,582,66.184492,-0.526039659976959,-6.23799132881686E-05,0,0,0,0,0,38
0,583,66.298016,-0.526737868785858,-5.82954162382521E-05,0,0,0,0,0,38
0,584,66.41154,-0.528114914894104,-6.00000130361877E-05,0,0,0,0,0,38
0,585,66.525064,-0.528948903083801,-5.78349790885113E-05,0,0,0,0,0,38
0,586,66.638588,-0.53024834394455,-6.22446968918666E-05,0,0,0,0,0,38
0,587,66.752112,-0.531295657157898,-6.00171078986023E-05,0,0,0,0,0,38
0,588,66.865636,-0.532478749752045,-6.22963780188002E-05,0,0,0,0,0,38
0,589,66.97916,-0.533642411231995,-6.15313110756688E-05,0,0,0,0,0,38
0,590,67.092684,-0.534961223602295,-6.0445298004197E-05,0,0,0,0,0,38
0,591,67.206208,-0.536144316196442,-6.59829966025427E-05,0,0,0,0,0,38
0,592,67.319732,-0.537114083766937,-6.11314826528542E-05,0,0,0,0,0,38
0,593,67.433256,-0.538277745246887,-6.12554358667694E-05,0,0,0,0,0,38
0,594,67.54678,-0.539654791355133,-6.43864186713472E-05,0,0,0,0,0,38
0,595,67.660304,-0.540663301944733,-6.63373575662263E-05,0,0,0,0,0,38
0,596,67.773828,-0.541885137557983,-6.60665318719111E-05,0,0,0,0,0,38
0,597,67.887352,-0.542796730995178,-6.86861749272794E-05,0,0,0,0,0,38
0,598,68.000876,-0.543882787227631,-6.49144640192389E-05,0,0,0,0,0,38
0,599,68.1144,-0.545046508312225,-6.6306660301052E-05,0,0,0,0,0,38
0,600,68.227924,-0.546501100063324,-6.85781560605392E-05,0,0,0,0,0,38
0,601,68.341448,-0.547451436519623,-6.765456055291E-05,0,0,0,0,0,38
0,602,68.454972,-0.548770308494568,-6.86815110384487E-05,0,0,0,0,0,38
0,603,68.568496,-0.54985636472702,-7.3377595981583E-05,0,0,0,0,0,38
0,604,68.68202,-0.550593376159668,-6.92352041369304E-05,0,0,0,0,0,38
0,605,68.795544,-0.552300095558167,-7.24042693036608E-05,0,0,0,0,0,38
0,606,68.909068,-0.552959561347961,-7.39930692361668E-05,0,0,0,0,0,38
0,607,69.022592,-0.55425900220871,-7.20028911018744E-05,0,0,0,0,0,38
0,608,69.136116,-0.555364489555359,-7.56059671402909E-05,0,0,0,0,0,38
0,609,69.24964,-0.556198477745056,-7.42712800274603E-05,0,0,0,0,0,38
0,610,69.363164,-0.557013034820557,-7.57446832722053E-05,0,0,0,0,0,38
0,611,69.476688,-0.558874905109406,-7.70537226344459E-05,0,0,0,0,0,38
0,612,69.590212,-0.560116171836853,-7.74038126110099E-05,0,0,0,0,0,38
0,613,69.703736,-0.560969531536102,-7.80787377152592E-05,0,0,0,0,0,38
0,614,69.81726,-0.56221079826355,-7.99286499386653E-05,0,0,0,0,0,38
0,615,69.930784,-0.563452064990997,-7.95319356257096E-05,0,0,0,0,0,38
0,616,70.044308,-0.564460635185242,-8.16208121250384E-05,0,0,0,0,0,38
0,617,70.157832,-0.565333366394043,-8.20711502456106E-05,0,0,0,0,0,38
0,618,70.271356,-0.566477656364441,-8.18162516225129E-05,0,0,0,0,0,38
0,619,70.38488,-0.567777097225189,-8.52285520522855E-05,0,0,0,0,0,38
0,620,70.498404,-0.568785607814789,-8.51776494528167E-05,0,0,0,0,0,38
0,621,70.611928,-0.570453584194183,-8.93355827429332E-05,0,0,0,0,0,38
0,622,70.725452,-0.571248769760132,-8.86808702489361E-05,0,0,0,0,0,38
0,623,70.838976,-0.572199106216431,-9.01538878679276E-05,0,0,0,0,0,38
0,624,70.9525,-0.573634326457977,-9.21565006137826E-05,0,0,0,0,0,38
0,625,71.066024,-0.574662208557129,-9.3174516223371E-05,0,0,0,0,0,38
0,626,71.179548,-0.575612545013428,-9.20830643735826E-05,0,0,0,0,0,38
0,627,71.293072,-0.576950788497925,-9.69330139923841E-05,0,0,0,0,0,38
0,628,71.406596,-0.577842950820923,-9.45970168686472E-05,0,0,0,0,0,38
0,629,71.52012,-0.579064846038818,-9.76646697381511E-05,0,0,0,0,0,38
0,630,71.633644,-0.580325484275818,-0.000101728182926308,0,0,0,0,0,38
0,631,71.747168,-0.581683099269867,-0.000102026599051896,0,0,0,0,0,38
0,632,71.860692,-0.582555890083313,-0.000104784172435757,0,0,0,0,0,38
0,633,71.974216,-0.583467423915863,-0.000102005615190137,0,0,0,0,0,38
0,634,72.08774,-0.58505779504776,-0.000109591775981244,0,0,0,0,0,38
0,635,72.201264,-0.585523247718811,-0.000106779021734837,0,0,0,0,0,38
0,636,72.314788,-0.587230026721954,-0.00011172222730238,0,0,0,0,0,38
0,637,72.428312,-0.588238537311554,-0.000111310357169714,0,0,0,0,0,38
0,638,72.541836,-0.589751303195953,-0.000113161826448049,0,0,0,0,0,38
0,639,72.65536,-0.590391337871552,-0.000118075113277882,0,0,0,0,0,38
0,640,72.768884,-0.591807126998901,-0.000118218493298627,0,0,0,0,0,38
0,641,72.882408,-0.592912673950195,-0.000122346114949323,0,0,0,0,0,38
0,642,72.995932,-0.593785405158997,-0.000121906276035588,0,0,0,0,0,38
0,643,73.109456,-0.595065474510193,-0.000123774458188564,0,0,0,0,0,38
0,644,73.22298,-0.596461892127991,-0.000129669235320762,0,0,0,0,0,38
0,645,73.336504,-0.597373425960541,-0.000128052837681025,0,0,0,0,0,38
0,646,73.450028,-0.598653495311737,-0.000134408051962964,0,0,0,0,0,38
0,647,73.563552,-0.599565029144287,-0.000133961220853962,0,0,0,0,0,38
0,648,73.677076,-0.601039052009583,-0.000140093412483111,0,0,0,0,0,38
0,649,73.7906,-0.601911783218384,-0.00014071082114242,0,0,0,0,0,38
0,650,73.904124,-0.603056073188782,-0.000145261976285838,0,0,0,0,0,38
0,651,74.017648,-0.60435551404953,-0.000145533194881864,0,0,0,0,0,38
0,652,74.131172,-0.605538606643677,-0.000146742764627561,0,0,0,0,0,38
0,653,74.244696,-0.606488943099976,-0.000150379652041011,0,0,0,0,0,38
0,654,74.35822,-0.607381105422974,-0.00015144661301747,0,0,0,0,0,38
0,655,74.471744,-0.608971476554871,-0.000156944297486916,0,0,0,0,0,38
0,656,74.585268,-0.609495162963867,-0.000156304726260714,0,0,0,0,0,38
0,657,74.698792,-0.611163079738617,-0.000163413365953602,0,0,0,0,0,38
0,658,74.812316,-0.611803114414215,-0.000164889483130537,0,0,0,0,0,38
0,660,75.039364,-0.614906251430511,-0.000179290262167342,0,0,0,0,0,38
0,661,75.152888,-0.615682065486908,-0.000176637229742482,0,0,0,0,0,38
0,662,75.266412,-0.617039680480957,-0.00018263963283971,0,0,0,0,0,38
0,663,75.379936,-0.615139007568359,-0.000140381656819955,0,0,0,0,0,38
0,664,75.49346,-0.619037330150604,-0.000180017712409608,0,0,0,0,0,38
0,665,75.606984,-0.618591248989105,-0.000159077404532582,0,0,0,0,0,38
0,666,75.720508,-0.623226583003998,-0.000213456864003092,0,0,0,0,0,38
0,667,75.834032,-0.623847246170044,-0.000213589126360603,0,0,0,0,0,38
0,668,75.947556,-0.623769640922546,-0.000197390821995214,0,0,0,0,0,38
0,669,76.06108,-0.623149037361145,-0.000180644012289122,0,0,0,0,0,38
0,670,76.174604,-0.625767290592194,-0.000203058676561341,0,0,0,0,0,38
0,671,76.288128,-0.62745463848114,-0.000210539306863211,0,0,0,0,0,38
0,672,76.401652,-0.626931011676788,-0.00019158681971021,0,0,0,0,0,38
0,673,76.515176,-0.628482580184937,-0.000196772307390347,0,0,0,0,0,38
0,674,76.6287,-0.629180788993835,-0.000197336368728429,0,0,0,0,0,38
0,675,76.742224,-0.631934821605682,-0.000221867230720818,0,0,0,0,0,38
0,676,76.855748,-0.631236612796783,-0.000201716597075574,0,0,0,0,0,38
0,677,76.969272,-0.634359180927277,-0.000233494691201486,0,0,0,0,0,38
0,678,77.082796,-0.634165227413177,-0.000218490633415058,0,0,0,0,0,38
0,679,77.19632,-0.636085271835327,-0.000233350758207962,0,0,0,0,0,38
0,680,77.309844,-0.637598097324371,-0.000239714921917766,0,0,0,0,0,38
0,681,77.423368,-0.638916909694672,-0.000246588693698868,0,0,0,0,0,38
0,682,77.536892,-0.637345969676971,-0.000217619250179268,0,0,0,0,0,38
0,683,77.650416,-0.640255153179169,-0.000244468596065417,0,0,0,0,0,38
0,684,77.76394,-0.639886677265167,-0.000222839749767445,0,0,0,0,0,38
0,685,77.877464,-0.644250452518463,-0.000275811005849391,0,0,0,0,0,38
0,686,77.990988,-0.644444406032562,-0.00027172252885066,0,0,0,0,0,38
0,687,78.104512,-0.645200788974762,-0.000260713597526774,0,0,0,0,0,38
0,688,78.218036,-0.646868765354156,-0.000271940371021628,0,0,0,0,0,38
0,689,78.33156,-0.645355939865112,-0.000239368717302568,0,0,0,0,0,38
0,690,78.445084,-0.650631308555603,-0.000307277892716229,0,0,0,0,0,38
0,691,78.558608,-0.650573134422302,-0.000291569740511477,0,0,0,0,0,38
0,692,78.672132,-0.649487018585205,-0.000265093840425834,0,0,0,0,0,38
0,693,78.785656,-0.651077389717102,-0.000276355625828728,0,0,0,0,0,38
0,694,78.89918,-0.653579354286194,-0.000300474144751206,0,0,0,0,0,38
0,695,79.012704,-0.654258131980896,-0.00029807785176672,0,0,0,0,0,38
0,696,79.126228,-0.654801189899445,-0.000294234429020435,0,0,0,0,0,38
0,697,79.239752,-0.660192906856537,-0.000360050762537867,0,0,0,0,0,38
0,698,79.353276,-0.65759402513504,-0.00030805979622528,0,0,0,0,0,38
0,699,79.4668,-0.657884955406189,-0.000306235335301608,0,0,0,0,0,38
0,700,79.580324,-0.661085069179535,-0.000339254358550534,0,0,0,0,0,38
0,701,79.693848,-0.658951640129089,-0.000297560472972691,0,0,0,0,0,38
0,702,79.807372,-0.660522639751434,-0.000308184273308143,0,0,0,0,0,38
0,703,79.920896,-0.665254950523376,-0.000366761145414785,0,0,0,0,0,38
0,704,80.03442,-0.661957859992981,-0.000305118883261457,0,0,0,0,0,38
0,705,80.147944,-0.664556741714478,-0.000330766197293997,0,0,0,0,0,38
0,706,80.261468,-0.667213797569275,-0.000354441261151806,0,0,0,0,0,38
0,707,80.374992,-0.667330205440521,-0.00035011547151953,0,0,0,0,0,38
0,708,80.488516,-0.668455064296722,-0.000350298330886289,0,0,0,0,0,38
0,709,80.60204,-0.670995771884918,-0.000378863187506795,0,0,0,0,0,38
0,710,80.715564,-0.672275841236115,-0.000388794578611851,0,0,0,0,0,38
0,711,80.829088,-0.663334846496582,-0.000253330217674375,0,0,0,0,0,38
0,712,80.942612,-0.675650537014008,-0.000414745329180732,0,0,0,0,0,38
0,713,81.056136,-0.677163302898407,-0.000426030455855653,0,0,0,0,0,38
0,714,81.16966,-0.674700200557709,-0.000384441576898098,0,0,0,0,0,38
0,715,81.283184,-0.676794826984406,-0.000397158262785524,0,0,0,0,0,38
0,716,81.396708,-0.679122149944305,-0.000424451078288257,0,0,0,0,0,38
0,717,81.510232,-0.680208265781403,-0.000427644845331088,0,0,0,0,0,38
0,718,81.623756,-0.678773045539856,-0.000397648400394246,0,0,0,0,0,38
0,719,81.73728,-0.682147741317749,-0.000434802583185956,0,0,0,0,0,38
0,720,81.850804,-0.681779265403748,-0.000423389079514891,0,0,0,0,0,38
0,721,81.964328,-0.683059275150299,-0.000429029721999541,0,0,0,0,0,38
0,722,82.077852,-0.685638785362244,-0.000456186389783397,0,0,0,0,0,38
0,723,82.191376,-0.684998750686646,-0.000435942376498133,0,0,0,0,0,38
0,724,82.3049,-0.689944446086884,-0.000495040498208255,0,0,0,0,0,38
0,725,82.418424,-0.689052283763886,-0.000475675682537258,0,0,0,0,0,38
0,726,82.531948,-0.689517736434937,-0.000469292077468708,0,0,0,0,0,38
0,727,82.645472,-0.691883862018585,-0.000492321385536343,0,0,0,0,0,38
0,728,82.758996,-0.691340863704681,-0.000476683228043839,0,0,0,0,0,38
0,729,82.87252,-0.690235316753387,-0.000449693819973618,0,0,0,0,0,38
0,730,82.986044,-0.69395911693573,-0.000493169412948191,0,0,0,0,0,38
0,731,83.099568,-0.694482803344727,-0.000497292901854962,0,0,0,0,0,38
0,732,83.213092,-0.694579780101776,-0.000485031341668218,0,0,0,0,0,38
0,733,83.326616,-0.697663486003876,-0.000519485794939101,0,0,0,0,0,38
0,734,83.44014,-0.698691427707672,-0.000523407012224197,0,0,0,0,0,38
0,735,83.553664,-0.703617691993713,-0.000585846719332039,0,0,0,0,0,38
0,736,83.667188,-0.701484262943268,-0.00054668914526701,0,0,0,0,0,38
0,737,83.780712,-0.703772842884064,-0.000571710173971951,0,0,0,0,0,38
0,738,83.894236,-0.702900111675262,-0.000546074530575424,0,0,0,0,0,38
0,739,84.00776,-0.704374074935913,-0.000562117202207446,0,0,0,0,0,38
0,740,84.121284,-0.703210413455963,-0.00053477386245504,0,0,0,0,0,38
0,741,84.234808,-0.706274747848511,-0.000567683950066566,0,0,0,0,0,38
0,742,84.348332,-0.709533095359802,-0.000606639252509922,0,0,0,0,0,38
0,743,84.461856,-0.708214223384857,-0.000581268104724586,0,0,0,0,0,38
0,744,84.57538,-0.710134327411652,-0.000598372775129974,0,0,0,0,0,38
0,745,84.688904,-0.710153698921204,-0.000588772061746567,0,0,0,0,0,38
0,746,84.802428,-0.713819324970245,-0.000626797613222152,0,0,0,0,0,38
0,747,84.915952,-0.713644742965698,-0.000620779697783291,0,0,0,0,0,38
0,748,85.029476,-0.713256895542145,-0.000606705376412719,0,0,0,0,0,38
0,749,85.143,-0.714633882045746,-0.000618900754489005,0,0,0,0,0,38
0,750,85.256524,-0.716010928153992,-0.000626957160420716,0,0,0,0,0,38
0,751,85.370048,-0.716515183448792,-0.000625113258138299,0,0,0,0,0,38
0,752,85.483572,-0.719928622245789,-0.000667939137201756,0,0,0,0,0,38
0,753,85.597096,-0.720374703407288,-0.000662411330267787,0,0,0,0,0,38
0,754,85.71062,-0.720995366573334,-0.000666779931634665,0,0,0,0,0,38
0,755,85.824144,-0.719308018684387,-0.000634994066786021,0,0,0,0,0,38
0,756,85.937668,-0.722003877162933,-0.000659373181406409,0,0,0,0,0,38
0,757,86.051192,-0.725514352321625,-0.000698231218848377,0,0,0,0,0,38
0,758,86.164716,-0.729587197303772,-0.000749070721212775,0,0,0,0,0,38
0,759,86.27824,-0.727899849414825,-0.000720105192158371,0,0,0,0,0,38
0,760,86.391764,-0.728772640228271,-0.000722801021765918,0,0,0,0,0,38
0,761,86.505288,-0.72840416431427,-0.000713017419911921,0,0,0,0,0,38
0,762,86.618812,-0.728384733200073,-0.000701946264598519,0,0,0,0,0,38
0,763,86.732336,-0.730149686336517,-0.000719210423994809,0,0,0,0,0,38
0,764,86.84586,-0.733175218105316,-0.000751474814023823,0,0,0,0,0,38
0,765,86.959384,-0.732224881649017,-0.000732160522602499,0,0,0,0,0,38
0,766,87.072908,-0.731817603111267,-0.000717946153599769,0,0,0,0,0,38
0,767,87.186432,-0.736937820911407,-0.000781051116064191,0,0,0,0,0,38
0,768,87.299956,-0.735832333564758,-0.000754104519728571,0,0,0,0,0,38
0,769,87.41348,-0.736569285392761,-0.000756088411435485,0,0,0,0,0,38
0,770,87.527004,-0.741379201412201,-0.000816762039903551,0,0,0,0,0,38
0,771,87.640528,-0.739497900009155,-0.000787290802691132,0,0,0,0,0,38
0,772,87.754052,-0.744676291942596,-0.000848228926770389,0,0,0,0,0,38
0,773,87.867576,-0.741262853145599,-0.000796708685811609,0,0,0,0,0,38
0,774,87.9811,-0.740642189979553,-0.000779635098297149,0,0,0,0,0,38
0,775,88.094624,-0.744812071323395,-0.000827004667371511,0,0,0,0,0,38
0,776,88.208148,-0.746092140674591,-0.00084533472545445,0,0,0,0,0,38
0,777,88.321672,-0.749175906181335,-0.000871795054990798,0,0,0,0,0,38
0,778,88.435196,-0.750901997089386,-0.000888876442331821,0,0,0,0,0,38
0,779,88.54872,-0.750514090061188,-0.000874611490871757,0,0,0,0,0,38
0,780,88.662244,-0.748264312744141,-0.000844805676024407,0,0,0,0,0,38
0,781,88.775768,-0.751619637012482,-0.000874825462233275,0,0,0,0,0,38
0,782,88.889292,-0.75458699464798,-0.000907572160940617,0,0,0,0,0,38
0,783,89.002816,-0.750979602336884,-0.000856549828313291,0,0,0,0,0,38
0,784,89.11634,-0.754160344600677,-0.000891136529389769,0,0,0,0,0,38
0,785,89.229864,-0.758271992206573,-0.00093735073460266,0,0,0,0,0,38
0,786,89.343388,-0.754373669624329,-0.000882014341186732,0,0,0,0,0,38
0,787,89.456912,-0.758562922477722,-0.000928718654904515,0,0,0,0,0,38
0,788,89.570436,-0.759435713291168,-0.000936148688197136,0,0,0,0,0,38
0,789,89.68396,-0.759746015071869,-0.000929465517401695,0,0,0,0,0,38
0,790,89.797484,-0.761782467365265,-0.000947822874877602,0,0,0,0,0,38
0,791,89.911008,-0.765312254428864,-0.000986455241218209,0,0,0,0,0,38
0,792,90.024532,-0.764749825000763,-0.000969832937698811,0,0,0,0,0,38
0,793,90.138056,-0.763663709163666,-0.00095446320483461,0,0,0,0,0,38
0,794,90.25158,-0.766359627246857,-0.000983568839728832,0,0,0,0,0,38
0,795,90.365104,-0.767756044864655,-0.000989435007795691,0,0,0,0,0,38
0,796,90.478628,-0.768822729587555,-0.000994184869341552,0,0,0,0,0,38
0,797,90.592152,-0.769831240177155,-0.00100135814864188,0,0,0,0,0,38
0,798,90.705676,-0.773496866226196,-0.0010411225957796,0,0,0,0,0,38
0,799,90.8192,-0.773341715335846,-0.00103571929503232,0,0,0,0,0,38
0,800,90.932724,-0.773768365383148,-0.00102853425778449,0,0,0,0,0,38
0,801,91.046248,-0.775378167629242,-0.00104360061232001,0,0,0,0,0,38
0,802,91.159772,-0.774195075035095,-0.00101778213866055,0,0,0,0,0,38
0,803,91.273296,-0.777201235294342,-0.00105007761158049,0,0,0,0,0,38
0,804,91.38682,-0.775610864162445,-0.00102656590752304,0,0,0,0,0,38
0,805,91.500344,-0.779761373996735,-0.00107405218295753,0,0,0,0,0,38
0,806,91.613868,-0.778791606426239,-0.00104983639903367,0,0,0,0,0,38
0,807,91.727392,-0.781371116638184,-0.00107766210567206,0,0,0,0,0,38
0,808,91.840916,-0.780925035476685,-0.00106102041900158,0,0,0,0,0,38
0,809,91.95444,-0.783756673336029,-0.00109376315958798,0,0,0,0,0,38
0,810,92.067964,-0.786879181861877,-0.00112274824641645,0,0,0,0,0,38
0,811,92.181488,-0.785540997982025,-0.00110237579792738,0,0,0,0,0,38
0,812,92.295012,-0.788275599479675,-0.00113451958168298,0,0,0,0,0,38
0,813,92.408536,-0.787461042404175,-0.00110640982165933,0,0,0,0,0,38
0,814,92.52206,-0.787984728813171,-0.00111259124241769,0,0,0,0,0,38
0,815,92.635584,-0.79085510969162,-0.00113468687050045,0,0,0,0,0,38
0,816,92.749108,-0.788818657398224,-0.00110320444218814,0,0,0,0,0,38
0,817,92.862632,-0.791126668453217,-0.00112976203672588,0,0,0,0,0,38
0,818,92.976156,-0.792639434337616,-0.00113783392589539,0,0,0,0,0,38
0,819,93.08968,-0.795955955982208,-0.00117673480417579,0,0,0,0,0,38
0,820,93.203204,-0.796945095062256,-0.00117858254816383,0,0,0,0,0,38
0,821,93.316728,-0.796848118305206,-0.00117058458272368,0,0,0,0,0,38
0,822,93.430252,-0.798865139484406,-0.00118504790589213,0,0,0,0,0,38
0,823,93.543776,-0.798341512680054,-0.00116751913446933,0,0,0,0,0,38
0,824,93.6573,-0.803849577903748,-0.0012272164458409,0,0,0,0,0,38
0,825,93.770824,-0.801754951477051,-0.0012014873791486,0,0,0,0,0,38
0,826,93.884348,-0.802899241447449,-0.00120731082279235,0,0,0,0,0,38
0,827,93.997872,-0.806487262248993,-0.0012431851355359,0,0,0,0,0,38
0,828,94.111396,-0.805168449878693,-0.00122193363495171,0,0,0,0,0,38
0,829,94.22492,-0.802821636199951,-0.00118457328062505,0,0,0,0,0,38
0,830,94.338444,-0.808174610137939,-0.00124359747860581,0,0,0,0,0,38
0,831,94.451968,-0.809648633003235,-0.00125067355111241,0,0,0,0,0,38
0,832,94.565492,-0.808756470680237,-0.00123343663290143,0,0,0,0,0,38
0,833,94.679016,-0.812189340591431,-0.00126374431420118,0,0,0,0,0,38
0,834,94.79254,-0.814090013504028,-0.00127216626424342,0,0,0,0,0,38
0,835,94.906064,-0.810676515102386,-0.0012243571691215,0,0,0,0,0,38
0,836,95.019588,-0.819539904594421,-0.00132608669809997,0,0,0,0,0,38
0,837,95.133112,-0.816281616687775,-0.00128007482271641,0,0,0,0,0,38
0,838,95.246636,-0.813682675361633,-0.00123706611339003,0,0,0,0,0,38
0,839,95.36016,-0.820373892784119,-0.00130886922124773,0,0,0,0,0,38
0,840,95.473684,-0.821906089782715,-0.00131150672677904,0,0,0,0,0,38
0,841,95.587208,-0.820761799812317,-0.00130749214440584,0,0,0,0,0,38
0,842,95.700732,-0.820761799812317,-0.00129012297838926,0,0,0,0,0,38
0,843,95.814256,-0.820218741893768,-0.00127540668472648,0,0,0,0,0,38
0,844,95.92778,-0.819850206375122,-0.00126796110998839,0,0,0,0,0,38
0,845,96.041304,-0.82671594619751,-0.00135853397659957,0,0,0,0,0,38
0,846,96.154828,-0.823709785938263,-0.00131289544515312,0,0,0,0,0,38
0,847,96.268352,-0.826812922954559,-0.00134385272394866,0,0,0,0,0,38
0,848,96.381876,-0.828694224357605,-0.00135325896553695,0,0,0,0,0,38
0,849,96.4954,-0.8329998254776,-0.00138584233354777,0,0,0,0,0,38
0,850,96.608924,-0.833930790424347,-0.00138501368928701,0,0,0,0,0,38
0,851,96.722448,-0.830827653408051,-0.00135273765772581,0,0,0,0,0,38
0,852,96.835972,-0.8311767578125,-0.00135360902640969,0,0,0,0,0,38
0,853,96.949496,-0.834803521633148,-0.00137762259691954,0,0,0,0,0,38
0,854,97.06302,-0.8316810131073,-0.00137275608722121,0,0,0,0,0,38
0,855,97.176544,-0.837421834468842,-0.0014189975336194,0,0,0,0,0,38
0,856,97.290068,-0.834997475147247,-0.00138688879087567,0,0,0,0,0,38
0,857,97.403592,-0.839788019657135,-0.0014308039098978,0,0,0,0,0,38
0,858,97.517116,-0.83846914768219,-0.00140272139105946,0,0,0,0,0,38
0,859,97.63064,-0.838255822658539,-0.00139536138158292,0,0,0,0,0,38
0,860,97.744164,-0.843880295753479,-0.00143902364652604,0,0,0,0,0,38
0,861,97.857688,-0.844539701938629,-0.00145943881943822,0,0,0,0,0,38
0,862,97.971212,-0.844112992286682,-0.00144050968810916,0,0,0,0,0,38
0,863,98.084736,-0.84419059753418,-0.00144112424459308,0,0,0,0,0,38
0,864,98.19826,-0.848147094249725,-0.0014682614710182,0,0,0,0,0,38
0,865,98.311784,-0.847468316555023,-0.00145640841219574,0,0,0,0,0,38
0,866,98.425308,-0.846517980098724,-0.00143472116906196,0,0,0,0,0,38
0,867,98.538832,-0.849039256572723,-0.00145573157351464,0,0,0,0,0,38
0,868,98.652356,-0.850009024143219,-0.00145981996320188,0,0,0,0,0,38
0,869,98.76588,-0.856137752532959,-0.0015032411320135,0,0,0,0,0,38
0,870,98.879404,-0.85609894990921,-0.00149096793029457,0,0,0,0,0,38
0,871,98.992928,-0.852801859378815,-0.00144657818600535,0,0,0,0,0,38
0,872,99.106452,-0.858930587768555,-0.00149775226600468,0,0,0,0,0,38
0,873,99.219976,-0.855769217014313,-0.00145836512092501,0,0,0,0,0,38
0,874,99.3335,-0.855633497238159,-0.00146255863364786,0,0,0,0,0,38
0,875,99.447024,-0.857126891613007,-0.00147887365892529,0,0,0,0,0,38
0,876,99.560548,-0.853364288806915,-0.00143098284024745,0,0,0,0,0,38
0,877,99.674072,-0.862382829189301,-0.0015054545365274,0,0,0,0,0,38
0,878,99.787596,-0.860327005386353,-0.00147695583291352,0,0,0,0,0,38
0,879,99.90112,-0.865738093852997,-0.00151888700202107,0,0,0,0,0,38
0,880,100.014644,-0.861257970333099,-0.00146860769018531,0,0,0,0,0,38
0,881,100.128168,-0.867212116718292,-0.00154339848086238,0,0,0,0,0,38
0,882,100.241692,-0.867483675479889,-0.00152986100874841,0,0,0,0,0,38
0,883,100.355216,-0.868589162826538,-0.00153515534475446,0,0,0,0,0,38
0,884,100.46874,-0.870916485786438,-0.00154292769730091,0,0,0,0,0,38
0,885,100.582264,-0.870160102844238,-0.00154274492524564,0,0,0,0,0,38
0,886,100.695788,-0.870897114276886,-0.00154137564823031,0,0,0,0,0,38
0,887,100.809312,-0.868065476417542,-0.00151639734394848,0,0,0,0,0,38
0,888,100.922836,-0.875280320644379,-0.00160208425950259,0,0,0,0,0,38
0,889,101.03636,-0.87423300743103,-0.00157172989565879,0,0,0,0,0,38
0,890,101.149884,-0.875416100025177,-0.0015733209438622,0,0,0,0,0,38
0,891,101.263408,-0.874155402183533,-0.00155159481801093,0,0,0,0,0,38
0,892,101.376932,-0.877142190933228,-0.00156410143245012,0,0,0,0,0,38
0,893,101.490456,-0.882340013980865,-0.00160019751638174,0,0,0,0,0,38
0,894,101.60398,-0.884550988674164,-0.00162295449990779,0,0,0,0,0,38
0,895,101.717504,-0.881079316139221,-0.00157804740592837,0,0,0,0,0,38
0,896,101.831028,-0.882456362247467,-0.00166241941042244,0,0,0,0,0,38
0,897,101.944552,-0.882029712200165,-0.00165768130682409,0,0,0,0,0,38
0,898,102.058076,-0.883523046970367,-0.00165847491007298,0,0,0,0,0,38
0,899,102.1716,-0.887925684452057,-0.00168462016154081,0,0,0,0,0,38
0,900,102.285124,-0.886257708072662,-0.00165843986906111,0,0,0,0,0,38
0,901,102.398648,-0.888042032718658,-0.00166051334235817,0,0,0,0,0,38
0,902,102.512172,-0.889671206474304,-0.00165774358902127,0,0,0,0,0,38
0,903,102.625696,-0.889263927936554,-0.00166842574253678,0,0,0,0,0,38
0,904,102.73922,-0.894927144050598,-0.00171108439099044,0,0,0,0,0,38
0,905,102.852744,-0.894112586975098,-0.00169383967295289,0,0,0,0,0,38
0,906,102.966268,-0.893433749675751,-0.0017182071460411,0,0,0,0,0,38
0,907,103.079792,-0.891940355300903,-0.00172243558336049,0,0,0,0,0,38
0,908,103.193316,-0.896401166915894,-0.00175755913369358,0,0,0,0,0,38
0,909,103.30684,-0.896556317806244,-0.00173683604225516,0,0,0,0,0,38
0,910,103.420364,-0.898806095123291,-0.00174375739879906,0,0,0,0,0,38
0,911,103.533888,-0.899019479751587,-0.00172552070580423,0,0,0,0,0,38
0,912,103.647412,-0.898689746856689,-0.00171323330141604,0,0,0,0,0,38
0,913,103.760936,-0.901404976844788,-0.00172855367418379,0,0,0,0,0,38
0,914,103.87446,-0.903790533542633,-0.00173454184550792,0,0,0,0,0,38
0,915,103.987984,-0.904023289680481,-0.00172163231763989,0,0,0,0,0,38
0,916,104.101508,-0.906467020511627,-0.00172777601983398,0,0,0,0,0,38
0,917,104.215032,-0.907029449939728,-0.00171716057229787,0,0,0,0,0,38
0,918,104.328556,-0.908212542533875,-0.00172206002753228,0,0,0,0,0,38
0,919,104.44208,-0.907126426696777,-0.00171284447424114,0,0,0,0,0,38
0,920,104.555604,-0.908387124538422,-0.00173948018345982,0,0,0,0,0,38
0,921,104.669128,-0.912324249744415,-0.00176051643211395,0,0,0,0,0,38
0,922,104.782652,-0.911936342716217,-0.00173776922747493,0,0,0,0,0,38
0,923,104.896176,-0.911742389202118,-0.00173411413561553,0,0,0,0,0,38
0,924,105.0097,-0.912634551525116,-0.00174010230693966,0,0,0,0,0,38
0,925,105.123224,-0.91556316614151,-0.00175332289654762,0,0,0,0,0,38
0,926,105.236748,-0.916164398193359,-0.00176397722680122,0,0,0,0,0,38
0,927,105.350272,-0.918278396129608,-0.00175888335797936,0,0,0,0,0,38
0,928,105.463796,-0.917560815811157,-0.00173660274595022,0,0,0,0,0,38
0,929,105.57732,-0.917715966701508,-0.00172415981069207,0,0,0,0,0,38
0,930,105.690844,-0.920916080474854,-0.0017313533462584,0,0,0,0,0,38
0,931,105.804368,-0.922002196311951,-0.00171805499121547,0,0,0,0,0,38
0,932,105.917892,-0.925085961818695,-0.00172699824906886,0,0,0,0,0,38
0,933,106.031416,-0.923340439796448,-0.00170355115551502,0,0,0,0,0,38
0,934,106.14494,-0.926501750946045,-0.00173656386323273,0,0,0,0,0,38
0,935,106.258464,-0.926482379436493,-0.00174733472522348,0,0,0,0,0,38
0,936,106.371988,-0.927025437355042,-0.0017432130407542,0,0,0,0,0,38
0,937,106.485512,-0.92832487821579,-0.0017415409674868,0,0,0,0,0,38
0,938,106.599036,-0.930186748504639,-0.0017451960593462,0,0,0,0,0,38
0,939,106.71256,-0.931331038475037,-0.00175997207406908,0,0,0,0,0,38
0,940,106.826084,-0.931680142879486,-0.0018223033985123,0,0,0,0,0,38
0,941,106.939608,-0.931951701641083,-0.0019018993480131,0,0,0,0,0,38
0,942,107.053132,-0.935035467147827,-0.00196858588606119,0,0,0,0,0,38
0,943,107.166656,-0.935888826847076,-0.00195730943232775,0,0,0,0,0,38
0,944,107.28018,-0.937227070331573,-0.00194000592455268,0,0,0,0,0,38
0,945,107.393704,-0.937304615974426,-0.00193565082736313,0,0,0,0,0,38
0,946,107.507228,-0.939088940620422,-0.00194093910977244,0,0,0,0,0,38
0,947,107.620752,-0.93982595205307,-0.00192830176092684,0,0,0,0,0,38
0,948,107.734276,-0.942075729370117,-0.00197204644791782,0,0,0,0,0,38
0,949,107.8478,-0.941338717937469,-0.00196792464703321,0,0,0,0,0,38
0,950,107.961324,-0.94545042514801,-0.00200004316866398,0,0,0,0,0,38
0,951,108.074848,-0.945004343986511,-0.00204102694988251,0,0,0,0,0,38
0,952,108.188372,-0.945217669010162,-0.002030567266047,0,0,0,0,0,38
0,953,108.301896,-0.946691691875458,-0.00202835071831942,0,0,0,0,0,38
0,954,108.41542,-0.947234690189362,-0.00201754085719585,0,0,0,0,0,38
0,955,108.528944,-0.949756026268005,-0.00202220701612532,0,0,0,0,0,38
0,956,108.642468,-0.948049306869507,-0.00200614798814058,0,0,0,0,0,38
0,957,108.755992,-0.950202107429504,-0.0019970100838691,0,0,0,0,0,38
0,958,108.869516,-0.95340222120285,-0.00200078194029629,0,0,0,0,0,38
0,959,108.98304,-0.953479826450348,-0.00198713364079595,0,0,0,0,0,38
0,960,109.096564,-0.954371988773346,-0.00202982826158404,0,0,0,0,0,38
0,961,109.210088,-0.956272661685944,-0.00203783856704831,0,0,0,0,0,38
0,962,109.323612,-0.958134531974792,-0.00203892728313804,0,0,0,0,0,38
0,963,109.437136,-0.956253290176392,-0.00199965434148908,0,0,0,0,0,38
0,964,109.55066,-0.956466615200043,-0.00198363396339118,0,0,0,0,0,38
0,965,109.664184,-0.962537169456482,-0.00201046396978199,0,0,0,0,0,38
0,966,109.777708,-0.962304413318634,-0.00198429496958852,0,0,0,0,0,38
0,967,109.891232,-0.962226808071136,-0.00199331622570753,0,0,0,0,0,38
0,968,110.004756,-0.964457213878632,-0.00203472771681845,0,0,0,0,0,38
0,969,110.11828,-0.965698480606079,-0.00205549201928079,0,0,0,0,0,38
0,970,110.231804,-0.966067016124725,-0.00205416977405548,0,0,0,0,0,38
0,971,110.345328,-0.965271830558777,-0.00201567448675632,0,0,0,0,0,38
0,972,110.458852,-0.967056095600128,-0.00202772859483957,0,0,0,0,0,38
0,973,110.572376,-0.968491315841675,-0.00201874645426869,0,0,0,0,0,38
0,974,110.6859,-0.96946108341217,-0.00206898478791118,0,0,0,0,0,38
0,975,110.799424,-0.972176313400269,-0.0020730288233608,0,0,0,0,0,38
0,976,110.912948,-0.972971498966217,-0.00207256199792027,0,0,0,0,0,38
0,977,111.026472,-0.973708510398865,-0.00205195345915854,0,0,0,0,0,38
0,978,111.139996,-0.974852800369263,-0.00204231031239033,0,0,0,0,0,38
0,979,111.25352,-0.975066125392914,-0.00202041841112077,0,0,0,0,0,38
0,980,111.367044,-0.977742612361908,-0.00202520121820271,0,0,0,0,0,38
0,981,111.480568,-0.978692948818207,-0.00201198062859476,0,0,0,0,0,38
0,982,111.594092,-0.979565680027008,-0.00200008205138147,0,0,0,0,0,38
0,983,111.707616,-0.978731751441956,-0.00199607689864933,0,0,0,0,0,38
0,984,111.82114,-0.98222279548645,-0.0020524978172034,0,0,0,0,0,38
0,985,111.934664,-0.983813166618347,-0.00204938719980419,0,0,0,0,0,38
0,986,112.048188,-0.985830187797546,-0.00207536178641021,0,0,0,0,0,38
0,987,112.161712,-0.984821677207947,-0.00208574393764138,0,0,0,0,0,38
0,988,112.275236,-0.984685897827148,-0.0020659517031163,0,0,0,0,0,38
0,989,112.38876,-0.986993908882141,-0.00206490186974406,0,0,0,0,0,38
0,990,112.502284,-0.98870062828064,-0.00207368982955813,0,0,0,0,0,38
0,991,112.615808,-0.991435289382935,-0.0020986923482269,0,0,0,0,0,38
0,992,112.729332,-0.990717649459839,-0.00206630164757371,0,0,0,0,0,38
0,993,112.842856,-0.991396486759186,-0.00210328050889075,0,0,0,0,0,38
0,994,112.95638,-0.991900742053986,-0.00206999573856592,0,0,0,0,0,38
0,995,113.069904,-0.992754101753235,-0.00207816134206951,0,0,0,0,0,38
0,996,113.183428,-0.995100855827332,-0.00210433057509363,0,0,0,0,0,38
0,997,113.296952,-0.996691226959229,-0.00209923670627177,0,0,0,0,0,38
0,998,113.410476,-0.997195482254028,-0.00209857570007443,0,0,0,0,0,38
0,999,113.524,-0.999290108680725,-0.00209997547790408,0,0,0,0,0,38
0,1000,113.637524,-0.999018609523773,-0.00208461610600352,0,0,0,0,0,38
1,1001,113.797524,-0.999115586280823,-0.00209608697332442,0,0,0,0,0,38
1,1002,113.957524,-0.993491113185883,-0.00205891369841993,0,0,0,0,0,38
1,1003,114.117524,-0.993704438209534,-0.00203258916735649,0,0,0,0,0,38
1,1004,114.277524,-0.992172300815582,-0.00233713001944125,0,0,0,0,0,38
1,1005,114.437524,-0.992269217967987,-0.0022982070222497,0,0,0,0,0,38
1,1006,114.597524,-0.989903092384338,-0.00225730077363551,0,0,0,0,0,38
1,1007,114.757524,-0.987982988357544,-0.0022043795324862,0,0,0,0,0,38
1,1008,114.917524,-0.986644804477692,-0.00216222903691232,0,0,0,0,0,38
1,1009,115.077524,-0.984782874584198,-0.00215783505700529,0,0,0,0,0,38
1,1010,115.237524,-0.983367085456848,-0.00209402618929744,0,0,0,0,0,38
1,1011,115.397524,-0.982145190238953,-0.00205144798383117,0,0,0,0,0,38
1,1012,115.557524,-0.979856610298157,-0.00200260942801833,0,0,0,0,0,38
1,1013,115.717524,-0.97826623916626,-0.00198351731523871,0,0,0,0,0,38
1,1014,115.877524,-0.978595972061157,-0.00202866178005934,0,0,0,0,0,38
1,1015,116.037524,-0.976152241230011,-0.00198822235688567,0,0,0,0,0,38
1,1016,116.197524,-0.973010301589966,-0.00199930439703166,0,0,0,0,0,38
1,1017,116.357524,-0.972796976566315,-0.00204930943436921,0,0,0,0,0,38
1,1018,116.517524,-0.969907164573669,-0.00199125520884991,0,0,0,0,0,38
1,1019,116.677524,-0.970838069915771,-0.00198145653121173,0,0,0,0,0,38
1,1020,116.837524,-0.967385828495026,-0.00193047930952162,0,0,0,0,0,38
1,1021,116.997524,-0.965213596820831,-0.00190893746912479,0,0,0,0,0,38
1,1022,117.157524,-0.963254749774933,-0.00186721468344331,0,0,0,0,0,38
1,1023,117.317524,-0.964457213878632,-0.00185691041406244,0,0,0,0,0,38
1,1024,117.477524,-0.961683809757233,-0.00182506418786943,0,0,0,0,0,38
1,1025,117.637524,-0.958638787269592,-0.00177859759423882,0,0,0,0,0,38
1,1026,117.797524,-0.957067847251892,-0.00181402114685625,0,0,0,0,0,38
1,1027,117.957524,-0.957416951656342,-0.00180989934597164,0,0,0,0,0,38
1,1028,118.117524,-0.955419301986694,-0.00177677010651678,0,0,0,0,0,38
1,1029,118.277524,-0.954468965530396,-0.00175736681558192,0,0,0,0,0,38
1,1030,118.437524,-0.951753675937653,-0.00174679036717862,0,0,0,0,0,38
1,1031,118.597524,-0.950396060943604,-0.00172921468038112,0,0,0,0,0,38
1,1032,118.757524,-0.949290573596954,-0.00173213100060821,0,0,0,0,0,38
1,1033,118.917524,-0.948514759540558,-0.00171195017173886,0,0,0,0,0,38
1,1034,119.077524,-0.94595468044281,-0.00168212596327066,0,0,0,0,0,38
1,1035,119.237524,-0.942521810531616,-0.00172408204525709,0,0,0,0,0,38
1,1036,119.397524,-0.942269682884216,-0.00170448434073478,0,0,0,0,0,38
1,1037,119.557524,-0.941125392913818,-0.00169561873190105,0,0,0,0,0,38
1,1038,119.717524,-0.937576174736023,-0.00166902202181518,0,0,0,0,0,38
1,1039,119.877524,-0.938487708568573,-0.00169278017710894,0,0,0,0,0,38
1,1040,120.037524,-0.937246441841125,-0.00166408368386328,0,0,0,0,0,38
1,1041,120.197524,-0.932882606983185,-0.00161765597295016,0,0,0,0,0,38
1,1042,120.357524,-0.930594027042389,-0.00157982169184834,0,0,0,0,0,38
1,1043,120.517524,-0.930264353752136,-0.00161897798534483,0,0,0,0,0,38
1,1044,120.677524,-0.929352760314941,-0.00159619189798832,0,0,0,0,0,38
1,1045,120.837524,-0.925648391246796,-0.00160875148139894,0,0,0,0,0,38
1,1046,120.997524,-0.925803542137146,-0.0015872874064371,0,0,0,0,0,38
1,1047,121.157524,-0.925221741199493,-0.00156749540474266,0,0,0,0,0,38
1,1048,121.317524,-0.921148836612701,-0.00155163055751473,0,0,0,0,0,38
1,1049,121.477524,-0.921730637550354,-0.00154758663848042,0,0,0,0,0,38
1,1050,121.637524,-0.919093012809753,-0.00151325191836804,0,0,0,0,0,38
1,1051,121.797524,-0.91688197851181,-0.00152192311361432,0,0,0,0,0,38
1,1052,121.957524,-0.916009247303009,-0.001519939978607,0,0,0,0,0,38
1,1053,122.117524,-0.915039479732513,-0.0015097523573786,0,0,0,0,0,38
1,1054,122.277524,-0.913681864738464,-0.00149272102862597,0,0,0,0,0,38
1,1055,122.437524,-0.911819994449615,-0.00147082924377173,0,0,0,0,0,38
1,1056,122.597524,-0.910171389579773,-0.00145811412949115,0,0,0,0,0,38
1,1057,122.757524,-0.909240484237671,-0.0014485486317426,0,0,0,0,0,38
1,1058,122.917524,-0.906486392021179,-0.00141452497337013,0,0,0,0,0,38
1,1059,123.077524,-0.904430568218231,-0.00139729923103005,0,0,0,0,0,38
1,1060,123.237524,-0.904197871685028,-0.00138131785206497,0,0,0,0,0,38
1,1061,123.397524,-0.902762651443481,-0.00136926374398172,0,0,0,0,0,38
1,1062,123.557524,-0.900668025016785,-0.00142552913166583,0,0,0,0,0,38
1,1063,123.717524,-0.897060573101044,-0.00138407864142209,0,0,0,0,0,38
1,1064,123.877524,-0.898166060447693,-0.00142646243330091,0,0,0,0,0,38
1,1065,124.037524,-0.894461691379547,-0.00139076670166105,0,0,0,0,0,38
1,1066,124.197524,-0.894325911998749,-0.0013844285858795,0,0,0,0,0,38
1,1067,124.357524,-0.890621542930603,-0.00134795519988984,0,0,0,0,0,38
1,1068,124.517524,-0.890854299068451,-0.00133982847910374,0,0,0,0,0,38
1,1069,124.677524,-0.889613032341003,-0.00132520799525082,0,0,0,0,0,38
1,1070,124.837524,-0.888197183609009,-0.00132820208091289,0,0,0,0,0,38
1,1071,124.997524,-0.886354684829712,-0.00130413274746388,0,0,0,0,0,38
1,1072,125.157524,-0.883406698703766,-0.00129441171884537,0,0,0,0,0,38
1,1073,125.317524,-0.881990909576416,-0.00128173548728228,0,0,0,0,0,38
1,1074,125.477524,-0.881699979305267,-0.00127232552040368,0,0,0,0,0,38
1,1075,125.637524,-0.878383457660675,-0.00131844216957688,0,0,0,0,0,38
1,1076,125.797524,-0.878325283527374,-0.0013118707574904,0,0,0,0,0,38
1,1077,125.957524,-0.875513076782227,-0.0012844962766394,0,0,0,0,0,38
1,1078,126.117524,-0.87489241361618,-0.00127675826661289,0,0,0,0,0,38
1,1079,126.277524,-0.871129870414734,-0.00124950043391436,0,0,0,0,0,38
1,1080,126.437524,-0.870024383068085,-0.00127909134607762,0,0,0,0,0,38
1,1081,126.597524,-0.868317604064941,-0.0012709645088762,0,0,0,0,0,38
1,1082,126.757524,-0.866998791694641,-0.00129736692178994,0,0,0,0,0,38
1,1083,126.917524,-0.866009652614594,-0.00128721806686372,0,0,0,0,0,38
1,1084,127.077524,-0.865582942962646,-0.00128441851120442,0,0,0,0,0,38
1,1085,127.237524,-0.864535629749298,-0.00127489177975804,0,0,0,0,0,38
1,1086,127.397524,-0.860792458057404,-0.00124195695389062,0,0,0,0,0,38
1,1087,127.557524,-0.860792458057404,-0.0012412570649758,0,0,0,0,0,38
1,1088,127.717524,-0.858445703983307,-0.00121761544141918,0,0,0,0,0,38
1,1089,127.877524,-0.858445703983307,-0.00121462030801922,0,0,0,0,0,38
1,1090,128.037524,-0.851560592651367,-0.0011556816753,0,0,0,0,0,38
1,1091,128.197524,-0.853694021701813,-0.00116802880074829,0,0,0,0,0,38
1,1092,128.357524,-0.85189026594162,-0.00119126425124705,0,0,0,0,0,38
1,1093,128.517524,-0.852860033512115,-0.00119252852164209,0,0,0,0,0,38
1,1094,128.677524,-0.847002804279327,-0.00114693283103406,0,0,0,0,0,38
1,1095,128.837524,-0.844559073448181,-0.00112107931636274,0,0,0,0,0,38
1,1096,128.997524,-0.847196757793427,-0.00114094989839941,0,0,0,0,0,38
1,1097,129.157524,-0.846459746360779,-0.00113404891453683,0,0,0,0,0,38
1,1098,129.317524,-0.835986614227295,-0.0010448454413563,0,0,0,0,0,38
1,1099,129.477524,-0.840757727622986,-0.00108416250441223,0,0,0,0,0,38
1,1100,129.637524,-0.837518811225891,-0.00106046022847295,0,0,0,0,0,38
1,1101,129.797524,-0.832301616668701,-0.001022057258524,0,0,0,0,0,38
1,1102,129.957524,-0.836529672145844,-0.00105732085648924,0,0,0,0,0,38
1,1103,130.117524,-0.834512650966644,-0.0010447014356032,0,0,0,0,0,38
1,1104,130.277524,-0.833562314510345,-0.00105337251443416,0,0,0,0,0,38
1,1105,130.437524,-0.829256653785706,-0.00101834232918918,0,0,0,0,0,38
1,1106,130.597524,-0.829586386680603,-0.00101987889502198,0,0,0,0,0,38
1,1107,130.757524,-0.82696807384491,-0.000999498763121665,0,0,0,0,0,38
1,1108,130.917524,-0.82671594619751,-0.0010003934148699,0,0,0,0,0,38
1,1109,131.077524,-0.826347470283508,-0.00100477365776896,0,0,0,0,0,38
1,1110,131.237524,-0.822565495967865,-0.000979814911261201,0,0,0,0,0,38
1,1111,131.397524,-0.817639231681824,-0.000939424149692059,0,0,0,0,0,38
1,1112,131.557524,-0.82083934545517,-0.000964581326115876,0,0,0,0,0,38
1,1113,131.717524,-0.817251324653625,-0.000939175195526332,0,0,0,0,0,38
1,1114,131.877524,-0.813896059989929,-0.000934300944209099,0,0,0,0,0,38
1,1115,132.037524,-0.817445278167725,-0.000974259863141924,0,0,0,0,0,38
1,1116,132.197524,-0.813508152961731,-0.000949102686718106,0,0,0,0,0,38
1,1117,132.357524,-0.811316549777985,-0.00093174516223371,0,0,0,0,0,38
1,1118,132.517524,-0.811452329158783,-0.000936024240218103,0,0,0,0,0,38
1,1119,132.677524,-0.809474050998688,-0.000921564758755267,0,0,0,0,0,38
1,1120,132.837524,-0.803752601146698,-0.000880353269167244,0,0,0,0,0,38
1,1121,132.997524,-0.806099355220795,-0.000903475913219154,0,0,0,0,0,38
1,1122,133.157524,-0.80276346206665,-0.000876821053680032,0,0,0,0,0,38
1,1123,133.317524,-0.801910102367401,-0.0008719468023628,0,0,0,0,0,38
1,1124,133.477524,-0.799854278564453,-0.000857460137922317,0,0,0,0,0,38
1,1125,133.637524,-0.799253046512604,-0.000855744583532214,0,0,0,0,0,38
1,1126,133.797524,-0.801134347915649,-0.000868721923325211,0,0,0,0,0,38
1,1127,133.957524,-0.794966816902161,-0.00083012058166787,0,0,0,0,0,38
1,1128,134.117524,-0.793628573417664,-0.000824409944470972,0,0,0,0,0,38
1,1129,134.277524,-0.793027341365814,-0.000820247572846711,0,0,0,0,0,38
1,1130,134.437524,-0.792018830776215,-0.000814140134025365,0,0,0,0,0,38
1,1131,134.597524,-0.790952086448669,-0.000810868572443724,0,0,0,0,0,38
1,1132,134.757524,-0.786006450653076,-0.000777316628955305,0,0,0,0,0,38
1,1133,134.917524,-0.788042902946472,-0.000793619954492897,0,0,0,0,0,38
1,1134,135.077524,-0.786219775676727,-0.000782789953518659,0,0,0,0,0,38
1,1135,135.237524,-0.784765183925629,-0.000772329512983561,0,0,0,0,0,38
1,1136,135.397524,-0.775804817676544,-0.000709053419996053,0,0,0,0,0,38
1,1137,135.557524,-0.780323803424835,-0.000744200369808823,0,0,0,0,0,38
1,1138,135.717524,-0.780653476715088,-0.000749358616303653,0,0,0,0,0,38
1,1139,135.877524,-0.777977049350739,-0.000735428184270859,0,0,0,0,0,38
1,1140,136.037524,-0.775106608867645,-0.000715954462066293,0,0,0,0,0,38
1,1141,136.197524,-0.776464223861694,-0.000742340867873281,0,0,0,0,0,38
1,1142,136.357524,-0.772294402122498,-0.000720626441761851,0,0,0,0,0,38
1,1143,136.517524,-0.769734263420105,-0.000703899073414505,0,0,0,0,0,38
1,1144,136.677524,-0.765777766704559,-0.000682982092257589,0,0,0,0,0,38
1,1145,136.837524,-0.766960859298706,-0.000696056697051972,0,0,0,0,0,38
1,1146,136.997524,-0.768143892288208,-0.000726624974049628,0,0,0,0,0,38
1,1147,137.157524,-0.764284372329712,-0.000696749135386199,0,0,0,0,0,38
1,1148,137.317524,-0.765797138214111,-0.000741656229365617,0,0,0,0,0,38
1,1149,137.477524,-0.760638177394867,-0.000707571336533874,0,0,0,0,0,38
1,1150,137.637524,-0.757573783397675,-0.00069679191801697,0,0,0,0,0,38
1,1151,137.797524,-0.756235539913177,-0.000699903990607709,0,0,0,0,0,38
1,1152,137.957524,-0.754257321357727,-0.000689711945597082,0,0,0,0,0,38
1,1153,138.117524,-0.757011353969574,-0.000713126384653151,0,0,0,0,0,38
1,1154,138.277524,-0.751445055007935,-0.000669856963213533,0,0,0,0,0,38
1,1155,138.437524,-0.75216269493103,-0.000676579016726464,0,0,0,0,0,38
1,1156,138.597524,-0.750126242637634,-0.000664617051370442,0,0,0,0,0,38
1,1157,138.757524,-0.749544382095337,-0.000663376064039767,0,0,0,0,0,38
1,1158,138.917524,-0.747139453887939,-0.000650632195174694,0,0,0,0,0,38
1,1159,139.077524,-0.746867895126343,-0.000654992938507348,0,0,0,0,0,38
1,1160,139.237524,-0.743144094944,-0.000633865944109857,0,0,0,0,0,38
1,1161,139.397524,-0.741708934307098,-0.000628804904408753,0,0,0,0,0,38
1,1162,139.557524,-0.739381551742554,-0.000614983437117189,0,0,0,0,0,38
1,1163,139.717524,-0.741398572921753,-0.000639701029285789,0,0,0,0,0,38
1,1164,139.877524,-0.736627519130707,-0.000604017288424075,0,0,0,0,0,38
1,1165,140.037524,-0.73569655418396,-0.000600909115746617,0,0,0,0,0,38
1,1166,140.197524,-0.734571635723114,-0.000596991798374802,0,0,0,0,0,38
1,1167,140.357524,-0.731778800487518,-0.000583819986786693,0,0,0,0,0,38
1,1168,140.517524,-0.732050359249115,-0.000587710062973201,0,0,0,0,0,38
1,1169,140.677524,-0.729005396366119,-0.000566551927477121,0,0,0,0,0,38
1,1170,140.837524,-0.730867266654968,-0.000593183445744216,0,0,0,0,0,38
1,1171,140.997524,-0.728442907333374,-0.000576934544369578,0,0,0,0,0,38
1,1172,141.157524,-0.726445257663727,-0.000567263807170093,0,0,0,0,0,38
1,1173,141.317524,-0.725378572940826,-0.000565462687518448,0,0,0,0,0,38
1,1174,141.477524,-0.720646262168884,-0.000547552772331983,0,0,0,0,0,38
1,1175,141.637524,-0.71837705373764,-0.000536839477717876,0,0,0,0,0,38
1,1176,141.797524,-0.715836346149445,-0.000521901529282331,0,0,0,0,0,38
1,1177,141.957524,-0.713237464427948,-0.000505889940541238,0,0,0,0,0,38
1,1178,142.117524,-0.715623021125793,-0.000532556499820203,0,0,0,0,0,38
1,1179,142.277524,-0.712112605571747,-0.000512156868353486,0,0,0,0,0,38
1,1180,142.437524,-0.71102648973465,-0.000507477147039026,0,0,0,0,0,38
1,1181,142.597524,-0.710735559463501,-0.000510869256686419,0,0,0,0,0,38
1,1182,142.757524,-0.707089364528656,-0.00048997177509591,0,0,0,0,0,38
1,1183,142.917524,-0.709746420383453,-0.000519839813932776,0,0,0,0,0,38
1,1184,143.077524,-0.705111086368561,-0.000485677097458392,0,0,0,0,0,38
1,1185,143.237524,-0.705169260501862,-0.00049268314614892,0,0,0,0,0,38
1,1186,143.397524,-0.703617691993713,-0.000488349585793912,0,0,0,0,0,38
1,1187,143.557524,-0.698148369789124,-0.000457563466625288,0,0,0,0,0,38
1,1188,143.717524,-0.694676756858826,-0.000433293229434639,0,0,0,0,0,38
1,1189,143.877524,-0.695355534553528,-0.000447005790192634,0,0,0,0,0,38
1,1190,144.037524,-0.692582070827484,-0.000431511580245569,0,0,0,0,0,38
1,1191,144.197524,-0.694308221340179,-0.000454326916951686,0,0,0,0,0,38
1,1192,144.357524,-0.686550319194794,-0.000392587418900803,0,0,0,0,0,38
1,1193,144.517524,-0.691845118999481,-0.000449841638328508,0,0,0,0,0,38
1,1194,144.677524,-0.689595341682434,-0.00043889886001125,0,0,0,0,0,38
1,1195,144.837524,-0.687966167926788,-0.000432040629675612,0,0,0,0,0,38
1,1196,144.997524,-0.684339344501495,-0.000407218001782894,0,0,0,0,0,38
1,1197,145.157524,-0.683757483959198,-0.000412135064834729,0,0,0,0,0,38
1,1198,145.317524,-0.681565880775452,-0.000401098921429366,0,0,0,0,0,38
1,1199,145.477524,-0.682322323322296,-0.00041741001768969,0,0,0,0,0,38
1,1200,145.637524,-0.680460393428802,-0.000408470630645752,0,0,0,0,0,38
1,1201,145.797524,-0.679432511329651,-0.000407976593123749,0,0,0,0,0,38
1,1202,145.957524,-0.674835920333862,-0.00037346375756897,0,0,0,0,0,38
1,1203,146.117524,-0.673730432987213,-0.000371958303730935,0,0,0,0,0,38
1,1204,146.277524,-0.669618785381317,-0.000345968641340733,0,0,0,0,0,38
1,1205,146.437524,-0.673963189125061,-0.000392945308703929,0,0,0,0,0,38
1,1206,146.597524,-0.669521808624268,-0.00036247426760383,0,0,0,0,0,38
1,1207,146.757524,-0.66934722661972,-0.000367928179912269,0,0,0,0,0,38
1,1208,146.917524,-0.67051088809967,-0.000386830099159852,0,0,0,0,0,38
1,1209,147.077524,-0.665468275547028,-0.000354694115230814,0,0,0,0,0,38
1,1210,147.237524,-0.661453604698181,-0.000328210415318608,0,0,0,0,0,38
1,1211,147.397524,-0.659591674804688,-0.000318741978844628,0,0,0,0,0,38
1,1212,147.557524,-0.660289883613586,-0.000333528179908171,0,0,0,0,0,38
1,1213,147.717524,-0.655751526355743,-0.000300283514661714,0,0,0,0,0,38
1,1214,147.877524,-0.656216979026794,-0.000317158701363951,0,0,0,0,0,38
1,1215,148.037524,-0.658951640129089,-0.000357996788807213,0,0,0,0,0,38
1,1216,148.197524,-0.654161155223846,-0.00032142610871233,0,0,0,0,0,38
1,1217,148.357524,-0.649428844451904,-0.000288605486275628,0,0,0,0,0,38
1,1218,148.517524,-0.648226380348206,-0.000288477109279484,0,0,0,0,0,38
1,1219,148.677524,-0.650088250637054,-0.000319547223625705,0,0,0,0,0,38
1,1220,148.837524,-0.651077389717102,-0.000338258512783796,0,0,0,0,0,38
1,1221,148.997524,-0.64999133348465,-0.000346750573953614,0,0,0,0,0,38
1,1222,149.157524,-0.643629848957062,-0.000288667739368975,0,0,0,0,0,38
1,1223,149.317524,-0.643435895442963,-0.000299470499157906,0,0,0,0,0,38
1,1224,149.477524,-0.642388582229614,-0.000300497486023232,0,0,0,0,0,38
1,1225,149.637524,-0.639576315879822,-0.000285061629256234,0,0,0,0,0,38
1,1226,149.797524,-0.637171387672424,-0.000272909004706889,0,0,0,0,0,38
1,1227,149.957524,-0.636899888515472,-0.000280829204712063,0,0,0,0,0,38
1,1228,150.117524,-0.630519032478333,-0.000227379481657408,0,0,0,0,0,38
1,1229,150.277524,-0.632846355438232,-0.000262907589785755,0,0,0,0,0,38
1,1230,150.437524,-0.632943332195282,-0.000277191982604563,0,0,0,0,0,38
1,1231,150.597524,-0.628152847290039,-0.00023839229834266,0,0,0,0,0,38
1,1232,150.757524,-0.630674183368683,-0.000277297018328682,0,0,0,0,0,38
1,1233,150.917524,-0.627920091152191,-0.000262510817265138,0,0,0,0,0,38
1,1234,151.077524,-0.624875128269196,-0.00024570565437898,0,0,0,0,0,38
1,1235,151.237524,-0.624506652355194,-0.000254135462455451,0,0,0,0,0,38
1,1236,151.397524,-0.621558666229248,-0.000236809035413899,0,0,0,0,0,38
1,1237,151.557524,-0.620724678039551,-0.0002397110365564,0,0,0,0,0,38
1,1238,151.717524,-0.616225123405457,-0.000206524739041924,0,0,0,0,0,38
1,1239,151.877524,-0.616419076919556,-0.000219093592022546,0,0,0,0,0,38
1,1240,152.037524,-0.615022659301758,-0.000219218083657324,0,0,0,0,0,38
1,1241,152.197524,-0.611221253871918,-0.0001920691865962,0,0,0,0,0,38
1,1242,152.357524,-0.611647963523865,-0.000207341654459015,0,0,0,0,0,38
1,1243,152.517524,-0.61387836933136,-0.000244060152908787,0,0,0,0,0,38
1,1244,152.677524,-0.611686766147614,-0.000236886844504625,0,0,0,0,0,38
1,1245,152.837524,-0.608331441879272,-0.000212418221053667,0,0,0,0,0,38
1,1246,152.997524,-0.605441629886627,-0.000196029301150702,0,0,0,0,0,38
1,1247,153.157524,-0.607070803642273,-0.000227745142183267,0,0,0,0,0,38
1,1248,153.317524,-0.601911783218384,-0.000188206337043084,0,0,0,0,0,38
1,1249,153.477524,-0.601562678813934,-0.000196321052499115,0,0,0,0,0,38
1,1250,153.637524,-0.600748121738434,-0.000201934439246543,0,0,0,0,0,38
1,1251,153.797524,-0.597780704498291,-0.000183977812412195,0,0,0,0,0,38
1,1252,153.957524,-0.597431600093842,-0.000192520441487432,0,0,0,0,0,38
1,1253,154.117524,-0.595181822776794,-0.000186992634553462,0,0,0,0,0,38
1,1254,154.277524,-0.592078685760498,-0.000163722157594748,0,0,0,0,0,38
1,1255,154.437524,-0.589945256710052,-0.000160197741934098,0,0,0,0,0,38
1,1256,154.597524,-0.590003430843353,-0.000174664965015836,0,0,0,0,0,38
1,1257,154.757524,-0.586202085018158,-0.000150153544382192,0,0,0,0,0,38
1,1258,154.917524,-0.585542678833008,-0.000158785638632253,0,0,0,0,0,38
1,1259,155.077524,-0.587947607040405,-0.000194924519746564,0,0,0,0,0,38
1,1260,155.237524,-0.586842119693756,-0.00019457440066617,0,0,0,0,0,38
1,1261,155.397524,-0.581954658031464,-0.000162776865181513,0,0,0,0,0,38
1,1262,155.557524,-0.57786238193512,-0.000138689472805709,0,0,0,0,0,38
1,1263,155.717524,-0.57918119430542,-0.000159233008162118,0,0,0,0,0,38
1,1264,155.877524,-0.576078057289124,-0.000143489829497412,0,0,0,0,0,38
1,1265,156.037524,-0.574604034423828,-0.000140319418278523,0,0,0,0,0,38
1,1266,156.197524,-0.572761535644531,-0.000137584691401571,0,0,0,0,0,38
1,1267,156.357524,-0.572994291782379,-0.000154436522279866,0,0,0,0,0,38
1,1268,156.517524,-0.571500897407532,-0.000151518965139985,0,0,0,0,0,38
1,1269,156.677524,-0.568397760391235,-0.000136608272441663,0,0,0,0,0,38
1,1270,156.837524,-0.566128551959991,-0.000129166553961113,0,0,0,0,0,38
1,1271,156.997524,-0.562288403511047,-0.000106024446722586,0,0,0,0,0,38
1,1272,157.157524,-0.565410971641541,-0.000151880740304478,0,0,0,0,0,38
1,1273,157.317524,-0.563878774642944,-0.000146858641528524,0,0,0,0,0,38
1,1274,157.477524,-0.561318635940552,-0.000137008959427476,0,0,0,0,0,38
1,1275,157.637524,-0.560620427131653,-0.00014346260286402,0,0,0,0,0,38
1,1276,157.797524,-0.558409452438354,-0.000137794748297893,0,0,0,0,0,38
1,1277,157.957524,-0.552047967910767,-8.45006143208593E-05,0,0,0,0,0,38
1,1278,158.117524,-0.55350261926651,-0.000117418501758948,0,0,0,0,0,38
1,1279,158.277524,-0.554705083370209,-0.000142988021252677,0,0,0,0,0,38
1,1280,158.437524,-0.552804410457611,-0.000137775306939147,0,0,0,0,0,38
1,1281,158.597524,-0.549332737922668,-0.000119118463771883,0,0,0,0,0,38
1,1282,158.757524,-0.54838240146637,-0.000123245845315978,0,0,0,0,0,38
1,1283,158.917524,-0.545686542987823,-0.000110490262159146,0,0,0,0,0,38
1,1284,159.077524,-0.544173717498779,-0.000107102001493331,0,0,0,0,0,38
1,1285,159.237524,-0.544484078884125,-0.000123918827739544,0,0,0,0,0,38
1,1286,159.397524,-0.54256397485733,-0.00012116465222789,0,0,0,0,0,38
1,1287,159.557524,-0.539053559303284,-0.00010216937516816,0,0,0,0,0,38
1,1288,159.717524,-0.541245102882385,-0.000137047856696881,0,0,0,0,0,38
1,1289,159.877524,-0.535387933254242,-9.45214706007391E-05,0,0,0,0,0,38
1,1290,160.037524,-0.533758759498596,-9.07052963157184E-05,0,0,0,0,0,38
1,1291,160.197524,-0.533138155937195,-0.000103021302493289,0,0,0,0,0,38
1,1292,160.357524,-0.531858086585999,-9.98392133624293E-05,0,0,0,0,0,38
1,1293,160.517524,-0.53106290102005,-0.000110470813524444,0,0,0,0,0,38
1,1294,160.677524,-0.528056740760803,-9.57585143623874E-05,0,0,0,0,0,38
1,1295,160.837524,-0.529162228107452,-0.000122265540994704,0,0,0,0,0,38
1,1296,160.997524,-0.528328239917755,-0.000125953345559537,0,0,0,0,0,38
1,1297,161.157524,-0.52508932352066,-0.000108175663626753,0,0,0,0,0,38
1,1298,161.317524,-0.522412836551666,-9.94803922367282E-05,0,0,0,0,0,38
1,1299,161.477524,-0.521171629428864,-9.92682398646139E-05,0,0,0,0,0,38
1,1300,161.637524,-0.51981395483017,-0.000100987985206302,0,0,0,0,0,38
1,1301,161.797524,-0.517932713031769,-9.5560637419112E-05,0,0,0,0,0,38
1,1302,161.957524,-0.516652643680573,-9.57207230385393E-05,0,0,0,0,0,38
1,1303,162.117524,-0.514868319034576,-9.39862075028941E-05,0,0,0,0,0,38
1,1304,162.277524,-0.513142168521881,-9.29371090023778E-05,0,0,0,0,0,38
1,1305,162.437524,-0.511590600013733,-9.30855385377072E-05,0,0,0,0,0,38
1,1306,162.597524,-0.509360194206238,-8.94047479960136E-05,0,0,0,0,0,38
1,1307,162.757524,-0.508235335350037,-9.03349500731565E-05,0,0,0,0,0,38
1,1308,162.917524,-0.507168591022491,-9.23787520150654E-05,0,0,0,0,0,38
1,1309,163.077524,-0.50553947687149,-9.15056734811515E-05,0,0,0,0,0,38
1,1310,163.237524,-0.503600001335144,-8.80984225659631E-05,0,0,0,0,0,38
1,1311,163.397524,-0.501602351665497,-8.55724210850894E-05,0,0,0,0,0,38
1,1312,163.557524,-0.500283479690552,-8.52254452183843E-05,0,0,0,0,0,38
1,1313,163.717524,-0.498557358980179,-8.51422882988118E-05,0,0,0,0,0,38
1,1314,163.877524,-0.497277319431305,-8.61381631693803E-05,0,0,0,0,0,38
1,1315,164.037524,-0.495337843894959,-8.23031150503084E-05,0,0,0,0,0,38
1,1316,164.197524,-0.493611723184586,-8.37364932522178E-05,0,0,0,0,0,38
1,1317,164.357524,-0.492040753364563,-8.19506967673078E-05,0,0,0,0,0,38
1,1318,164.517524,-0.490954637527466,-8.37279512779787E-05,0,0,0,0,0,38
1,1319,164.677524,-0.488976359367371,-7.97961547505111E-05,0,0,0,0,0,38
1,1320,164.837524,-0.487851470708847,-8.24818489491008E-05,0,0,0,0,0,38
1,1321,164.997524,-0.486086547374725,-7.93904982856475E-05,0,0,0,0,0,38
1,1322,165.157524,-0.4845931828022,-7.92688806541264E-05,0,0,0,0,0,38
1,1323,165.317524,-0.482576131820679,-7.57101006456651E-05,0,0,0,0,0,38
1,1324,165.477524,-0.480985760688782,-7.80678528826684E-05,0,0,0,0,0,38
1,1325,165.637524,-0.479841470718384,-8.04850642452948E-05,0,0,0,0,0,38
1,1326,165.797524,-0.478173524141312,-7.83503346610814E-05,0,0,0,0,0,38
1,1327,165.957524,-0.476350426673889,-7.85104202805087E-05,0,0,0,0,0,38
1,1328,166.117524,-0.474566102027893,-7.73494175518863E-05,0,0,0,0,0,38
1,1329,166.277524,-0.472859352827072,-7.35893627279438E-05,0,0,0,0,0,38
1,1330,166.437524,-0.47119140625,-7.48832535464317E-05,0,0,0,0,0,38
1,1331,166.597524,-0.470202296972275,-7.62696217861958E-05,0,0,0,0,0,38
1,1332,166.757524,-0.468611925840378,-7.82434799475595E-05,0,0,0,0,0,38
1,1333,166.917524,-0.466478496789932,-7.431013364112E-05,0,0,0,0,0,38
1,1334,167.077524,-0.465140253305435,-7.51735060475767E-05,0,0,0,0,0,38
1,1335,167.237524,-0.463123232126236,-7.48381789890118E-05,0,0,0,0,0,38
1,1336,167.397524,-0.462172865867615,-7.64106662245467E-05,0,0,0,0,0,38
1,1337,167.557524,-0.460310995578766,-7.61355695431121E-05,0,0,0,0,0,38
1,1338,167.717524,-0.458643049001694,-7.44232020224445E-05,0,0,0,0,0,38
1,1339,167.877524,-0.457149654626846,-7.48420643503778E-05,0,0,0,0,0,38
1,1340,168.037524,-0.454802870750427,-6.95316703058779E-05,0,0,0,0,0,38
1,1341,168.197524,-0.453581005334854,-7.31681648176163E-05,0,0,0,0,0,38
1,1342,168.357524,-0.45239794254303,-7.29008388589136E-05,0,0,0,0,0,38
1,1343,168.517524,-0.450788170099258,-7.31697218725458E-05,0,0,0,0,0,38
1,1344,168.677524,-0.448615968227386,-6.91236928105354E-05,0,0,0,0,0,38
1,1345,168.837524,-0.447568655014038,-7.0102461904753E-05,0,0,0,0,0,38
1,1346,168.997524,-0.445803731679916,-7.09452433511615E-05,0,0,0,0,0,38
1,1347,169.157524,-0.444368541240692,-7.32909538783133E-05,0,0,0,0,0,38
1,1348,169.317524,-0.442894518375397,-7.04828562447801E-05,0,0,0,0,0,38
1,1349,169.477524,-0.441090822219849,-6.93121401127428E-05,0,0,0,0,0,38
1,1350,169.637524,-0.439422875642776,-6.67025960865431E-05,0,0,0,0,0,38
1,1351,169.797524,-0.438278585672379,-7.10155654815026E-05,0,0,0,0,0,38
1,1352,169.957524,-0.436377912759781,-7.03495825291611E-05,0,0,0,0,0,38
1,1353,170.117524,-0.434748739004135,-7.01036260579713E-05,0,0,0,0,0,38
1,1354,170.277524,-0.433352321386337,-6.876427505631E-05,0,0,0,0,0,38
1,1355,170.437524,-0.431529223918915,-6.89060980221257E-05,0,0,0,0,0,38
1,1356,170.597524,-0.430152207612991,-6.82688696542755E-05,0,0,0,0,0,38
1,1357,170.757524,-0.428367882966995,-6.7225206294097E-05,0,0,0,0,0,38
1,1358,170.917524,-0.426893889904022,-6.92627945682034E-05,0,0,0,0,0,38
1,1359,171.077524,-0.425187140703201,-6.54868053970858E-05,0,0,0,0,0,38
1,1360,171.237524,-0.423771351575851,-6.65219195070677E-05,0,0,0,0,0,38
1,1361,171.397524,-0.421443969011307,-6.4737287175376E-05,0,0,0,0,0,38
1,1362,171.557524,-0.420532435178757,-6.69893561280333E-05,0,0,0,0,0,38
1,1363,171.717524,-0.418786883354187,-6.77497591823339E-05,0,0,0,0,0,38
1,1364,171.877524,-0.417021989822388,-6.3822626543697E-05,0,0,0,0,0,38
1,1365,172.037524,-0.415664345026016,-6.59868819639087E-05,0,0,0,0,0,38
1,1366,172.197524,-0.413763672113419,-6.37899865978397E-05,0,0,0,0,0,38
1,1367,172.357524,-0.412289679050446,-6.39854260953143E-05,0,0,0,0,0,38
1,1368,172.517524,-0.41056352853775,-6.66676278342493E-05,0,0,0,0,0,38
1,1369,172.677524,-0.409477442502975,-6.76666095387191E-05,0,0,0,0,0,38
1,1370,172.837524,-0.407945245504379,-6.74598923069425E-05,0,0,0,0,0,38
1,1371,172.997524,-0.405986398458481,-6.52952512609772E-05,0,0,0,0,0,38
1,1372,173.157524,-0.404260247945786,-6.20566352154128E-05,0,0,0,0,0,38
1,1373,173.317524,-0.402786254882813,-6.15876488154754E-05,0,0,0,0,0,38
1,1374,173.477524,-0.400924354791641,-6.41532824374735E-05,0,0,0,0,0,38
1,1375,173.637524,-0.399566739797592,-6.41552251181565E-05,0,0,0,0,0,38
1,1376,173.797524,-0.398267298936844,-6.5660489781294E-05,0,0,0,0,0,38
1,1377,173.957524,-0.396502375602722,-6.46619009785354E-05,0,0,0,0,0,38
1,1378,174.117524,-0.394465923309326,-6.00998719164636E-05,0,0,0,0,0,38
1,1379,174.277524,-0.393282860517502,-6.34220195934176E-05,0,0,0,0,0,38
1,1380,174.437524,-0.391459733247757,-6.28741618129425E-05,0,0,0,0,0,38
1,1381,174.597524,-0.389830589294434,-6.3458937802352E-05,0,0,0,0,0,38
1,1382,174.757524,-0.38820144534111,-5.96666322962847E-05,0,0,0,0,0,38
1,1383,174.917524,-0.386843800544739,-6.26433538855053E-05,0,0,0,0,0,38
1,1384,175.077524,-0.385292232036591,-6.44963802187704E-05,0,0,0,0,0,38
1,1385,175.237524,-0.383507907390594,-5.97579419263639E-05,0,0,0,0,0,38
1,1386,175.397524,-0.381607234477997,-5.9639431128744E-05,0,0,0,0,0,38
1,1387,175.557524,-0.380812048912048,-6.36951735941693E-05,0,0,0,0,0,38
1,1388,175.717524,-0.378213137388229,-5.82041066081729E-05,0,0,0,0,0,38
1,1389,175.877524,-0.377301603555679,-6.15468525211327E-05,0,0,0,0,0,38
1,1390,176.037524,-0.375536680221558,-6.17753248661757E-05,0,0,0,0,0,38
1,1391,176.197524,-0.37404328584671,-6.08019909122959E-05,0,0,0,0,0,38
1,1392,176.357524,-0.372142612934113,-6.02075015194714E-05,0,0,0,0,0,38
1,1393,176.517524,-0.370881944894791,-6.25361135462299E-05,0,0,0,0,0,38
1,1394,176.677524,-0.368651568889618,-5.64466681680642E-05,0,0,0,0,0,38
1,1395,176.837524,-0.367836982011795,-6.51409936835989E-05,0,0,0,0,0,38
1,1396,176.997524,-0.366052657365799,-5.93487930018455E-05,0,0,0,0,0,38
1,1397,177.157524,-0.36419078707695,-5.87072863709182E-05,0,0,0,0,0,38
1,1398,177.317524,-0.362833142280579,-6.09640192124061E-05,0,0,0,0,0,38
1,1399,177.477524,-0.361029446125031,-5.6788598158164E-05,0,0,0,0,0,38
1,1400,177.637524,-0.359186947345734,-5.91020580031909E-05,0,0,0,0,0,38
1,1401,177.797524,-0.357926279306412,-6.0143389418954E-05,0,0,0,0,0,38
1,1402,177.957524,-0.356238931417465,-5.66871858609375E-05,0,0,0,0,0,38
1,1403,178.117524,-0.355094641447067,-6.10292954661418E-05,0,0,0,0,0,38
1,1404,178.277524,-0.35268971323967,-5.58144893147983E-05,0,0,0,0,0,38
1,1405,178.437524,-0.351196318864822,-5.79499901505187E-05,0,0,0,0,0,38
1,1406,178.597524,-0.35003262758255,-5.79192965233233E-05,0,0,0,0,0,38
1,1407,178.757524,-0.348151355981827,-5.81971144129056E-05,0,0,0,0,0,38
1,1408,178.917524,-0.346696734428406,-5.8582558267517E-05,0,0,0,0,0,38
1,1409,179.077524,-0.345203340053558,-5.68806863157079E-05,0,0,0,0,0,38
1,1410,179.237524,-0.343612968921661,-5.908845923841E-05,0,0,0,0,0,38
1,1411,179.397524,-0.342003226280212,-5.95632736803964E-05,0,0,0,0,0,38
1,1412,179.557524,-0.340296477079391,-5.5572028941242E-05,0,0,0,0,0,38
1,1413,179.717524,-0.338221251964569,-5.32519625267014E-05,0,0,0,0,0,38
1,1414,179.877524,-0.337581217288971,-5.89750015933532E-05,0,0,0,0,0,38
1,1415,180.037524,-0.335583567619324,-5.72261124034412E-05,0,0,0,0,0,38
1,1416,180.197524,-0.333430767059326,-5.2848641644232E-05,0,0,0,0,0,38
1,1417,180.357524,-0.332829505205154,-5.9166948631173E-05,0,0,0,0,0,38
1,1418,180.517524,-0.330502152442932,-5.44875692867208E-05,0,0,0,0,0,38
1,1419,180.677524,-0.329028159379959,-5.51830853510182E-05,0,0,0,0,0,38
1,1420,180.837524,-0.327127456665039,-5.5514134146506E-05,0,0,0,0,0,38
1,1421,180.997524,-0.326235324144363,-5.79565967200324E-05,0,0,0,0,0,38
1,1422,181.157524,-0.324800103902817,-5.71052696614061E-05,0,0,0,0,0,38
1,1423,181.317524,-0.32255032658577,-5.44149115739856E-05,0,0,0,0,0,38
1,1424,181.477524,-0.321212083101273,-5.58615029149223E-05,0,0,0,0,0,38
1,1425,181.637524,-0.319718688726425,-5.83525361435022E-05,0,0,0,0,0,38
1,1426,181.797524,-0.317740440368652,-5.65045629628003E-05,0,0,0,0,0,38
1,1427,181.957524,-0.316208243370056,-5.41425324627198E-05,0,0,0,0,0,38
1,1428,182.117524,-0.315063953399658,-5.76333186472766E-05,0,0,0,0,0,38
1,1429,182.277524,-0.313143879175186,-5.45613947906531E-05,0,0,0,0,0,38
1,1430,182.437524,-0.311689287424088,-5.78462459088769E-05,0,0,0,0,0,38
1,1431,182.597524,-0.309594660997391,-5.27763695572503E-05,0,0,0,0,0,38
1,1432,182.757524,-0.308663696050644,-5.46507653780282E-05,0,0,0,0,0,38
1,1433,182.917524,-0.306607872247696,-5.52829442312941E-05,0,0,0,0,0,38
1,1434,183.077524,-0.305172652006149,-5.5570086260559E-05,0,0,0,0,0,38
1,1435,183.237524,-0.303330153226852,-5.38798703928478E-05,0,0,0,0,0,38
1,1436,183.397524,-0.30175918340683,-5.41180525033269E-05,0,0,0,0,0,38
1,1437,183.557524,-0.300285190343857,-5.27487827639561E-05,0,0,0,0,0,38
1,1438,183.717524,-0.29859784245491,-5.58995816390961E-05,0,0,0,0,0,38
1,1439,183.877524,-0.297182023525238,-5.26547519257292E-05,0,0,0,0,0,38
1,1440,184.037524,-0.295649856328964,-5.61533088330179E-05,0,0,0,0,0,38
1,1441,184.197524,-0.294234037399292,-5.704737486667E-05,0,0,0,0,0,38
1,1442,184.357524,-0.291887283325195,-5.13896156917326E-05,0,0,0,0,0,38
1,1443,184.517524,-0.290549039840698,-5.18667620781343E-05,0,0,0,0,0,38
1,1444,184.677524,-0.289462924003601,-5.58964748051949E-05,0,0,0,0,0,38
1,1445,184.837524,-0.287426501512527,-5.29108110640664E-05,0,0,0,0,0,38
1,1446,184.997524,-0.285758554935455,-5.27588854311034E-05,0,0,0,0,0,38
1,1447,185.157524,-0.284342736005783,-5.37994383194018E-05,0,0,0,0,0,38
1,1448,185.317524,-0.282694190740585,-5.3806430514669E-05,0,0,0,0,0,38
1,1449,185.477524,-0.280735313892365,-5.10721656610258E-05,0,0,0,0,0,38
1,1450,185.637524,-0.279784977436066,-5.31159676029347E-05,0,0,0,0,0,38
1,1451,185.797524,-0.278233379125595,-5.26190051459707E-05,0,0,0,0,0,38
1,1452,185.957524,-0.276332706212997,-5.04862218804192E-05,0,0,0,0,0,38
1,1453,186.117524,-0.275072067975998,-5.57744679099415E-05,0,0,0,0,0,38
1,1454,186.277524,-0.273074388504028,-4.98552071803715E-05,0,0,0,0,0,38
1,1455,186.437524,-0.27136766910553,-5.24814568052534E-05,0,0,0,0,0,38
1,1456,186.597524,-0.270048826932907,-5.39424254384357E-05,0,0,0,0,0,38
1,1457,186.757524,-0.268342077732086,-5.02511466038413E-05,0,0,0,0,0,38
1,1458,186.917524,-0.266538381576538,-5.04205563629512E-05,0,0,0,0,0,38
1,1459,187.077524,-0.265122562646866,-5.07275144627783E-05,0,0,0,0,0,38
1,1460,187.237524,-0.263590395450592,-5.06925462104846E-05,0,0,0,0,0,38
1,1461,187.397524,-0.262019395828247,-5.32146623299923E-05,0,0,0,0,0,38
1,1462,187.557524,-0.260545402765274,-5.2645817049779E-05,0,0,0,0,0,38
1,1463,187.717524,-0.258605927228928,-4.91445389343426E-05,0,0,0,0,0,38
1,1464,187.877524,-0.257422864437103,-5.22988339071162E-05,0,0,0,0,0,38
1,1465,188.037524,-0.255328238010406,-5.13119048264343E-05,0,0,0,0,0,38
1,1466,188.197524,-0.25389301776886,-4.98956178489607E-05,0,0,0,0,0,38
1,1467,188.357524,-0.252283275127411,-5.26275543961674E-05,0,0,0,0,0,38
1,1468,188.517524,-0.251255333423615,-5.43725582247134E-05,0,0,0,0,0,38
1,1469,188.677524,-0.248675838112831,-4.79170921607874E-05,0,0,0,0,0,38
1,1470,188.837524,-0.247434586286545,-5.01524518767837E-05,0,0,0,0,0,38
1,1471,188.997524,-0.245592087507248,-5.16204163432121E-05,0,0,0,0,0,38
1,1472,189.157524,-0.243846565485001,-4.76956156489905E-05,0,0,0,0,0,38
1,1473,189.317524,-0.24283803999424,-5.21511828992516E-05,0,0,0,0,0,38
1,1474,189.477524,-0.24128645658493,-4.89086851303E-05,0,0,0,0,0,38
1,1475,189.637524,-0.239521533250809,-4.9704838602338E-05,0,0,0,0,0,38
1,1476,189.797524,-0.237931177020073,-5.1437018555589E-05,0,0,0,0,0,38
1,1477,189.957524,-0.236592933535576,-5.30771139892749E-05,0,0,0,0,0,38
1,1478,190.117524,-0.234634071588516,-4.75417473353446E-05,0,0,0,0,0,38
1,1479,190.277524,-0.23294672369957,-4.9901835154742E-05,0,0,0,0,0,38
1,1480,190.437524,-0.231550306081772,-5.14778184879106E-05,0,0,0,0,0,38
1,1481,190.597524,-0.229998737573624,-5.150462675374E-05,0,0,0,0,0,38
1,1482,190.757524,-0.227865308523178,-4.78409347124398E-05,0,0,0,0,0,38
1,1483,190.917524,-0.226759821176529,-5.1583116146503E-05,0,0,0,0,0,38
1,1484,191.077524,-0.225072473287582,-4.69748447358143E-05,0,0,0,0,0,38
1,1485,191.237524,-0.223637267947197,-5.12571168655995E-05,0,0,0,0,0,38
1,1486,191.397524,-0.221969321370125,-5.05705393152311E-05,0,0,0,0,0,38
1,1487,191.557524,-0.220378950238228,-4.91911669087131E-05,0,0,0,0,0,38
1,1488,191.717524,-0.218614041805267,-4.45692967332434E-05,0,0,0,0,0,38
1,1489,191.877524,-0.21737277507782,-5.14677158207633E-05,0,0,0,0,0,38
1,1490,192.037524,-0.215258747339249,-4.71698986075353E-05,0,0,0,0,0,38
1,1491,192.197524,-0.213687777519226,-4.80674643767998E-05,0,0,0,0,0,38
1,1492,192.357524,-0.212543487548828,-5.28626296727452E-05,0,0,0,0,0,38
1,1493,192.517524,-0.210739776492119,-4.61977324448526E-05,0,0,0,0,0,38
1,1494,192.677524,-0.209033042192459,-4.94134219479747E-05,0,0,0,0,0,38
1,1495,192.837524,-0.207403883337975,-4.74811313324608E-05,0,0,0,0,0,38
1,1496,192.997524,-0.206065654754639,-4.73319269076455E-05,0,0,0,0,0,38
1,1497,193.157524,-0.204940766096115,-4.92331309942529E-05,0,0,0,0,0,38
1,1498,193.317524,-0.202787950634956,-4.6803877921775E-05,0,0,0,0,0,38
1,1499,193.477524,-0.201236367225647,-4.74007028969936E-05,0,0,0,0,0,38
1,1500,193.637524,-0.199878737330437,-5.19452514708973E-05,0,0,0,0,0,38
1,1501,193.797524,-0.197725921869278,-4.848127355217E-05,0,0,0,0,0,38
1,1502,193.957524,-0.196756184101105,-4.89937810925767E-05,0,0,0,0,0,38
1,1503,194.117524,-0.194933086633682,-4.76035274914466E-05,0,0,0,0,0,38
1,1504,194.277524,-0.193323329091072,-4.67603604192846E-05,0,0,0,0,0,38
1,1505,194.437524,-0.192237228155136,-5.03486735397018E-05,0,0,0,0,0,38
1,1506,194.597524,-0.189987435936928,-4.78743495477829E-05,0,0,0,0,0,38
1,1507,194.757524,-0.188358277082443,-4.7376612201333E-05,0,0,0,0,0,38
1,1508,194.917524,-0.18698126077652,-4.97126093250699E-05,0,0,0,0,0,38
1,1509,195.077524,-0.185119360685349,-4.61200215795543E-05,0,0,0,0,0,38
1,1510,195.237524,-0.183742344379425,-4.83277945022564E-05,0,0,0,0,0,38
1,1511,195.397524,-0.182384699583054,-4.94549967697822E-05,0,0,0,0,0,38
1,1512,195.557524,-0.180387049913406,-4.54695800726768E-05,0,0,0,0,0,38
1,1513,195.717524,-0.178932443261147,-4.95311542181298E-05,0,0,0,0,0,38
1,1514,195.877524,-0.177186921238899,-4.77581706945784E-05,0,0,0,0,0,38
1,1515,196.037524,-0.175577163696289,-4.57201967947185E-05,0,0,0,0,0,38
1,1516,196.197524,-0.174180746078491,-4.61083654954564E-05,0,0,0,0,0,38
1,1517,196.357524,-0.172299459576607,-4.60123919765465E-05,0,0,0,0,0,38
1,1518,196.517524,-0.171232745051384,-4.99690540891606E-05,0,0,0,0,0,38
1,1519,196.677524,-0.169021740555763,-4.58806716778781E-05,0,0,0,0,0,38
1,1520,196.837524,-0.167198643088341,-4.40925359725952E-05,0,0,0,0,0,38
1,1521,196.997524,-0.16584101319313,-4.57555543107446E-05,0,0,0,0,0,38
1,1522,197.157524,-0.164367020130157,-4.72499414172489E-05,0,0,0,0,0,38
1,1523,197.317524,-0.162796050310135,-4.5553118980024E-05,0,0,0,0,0,38
1,1524,197.477524,-0.161186277866364,-4.6050081436988E-05,0,0,0,0,0,38
1,1525,197.637524,-0.159460157155991,-4.58752292615827E-05,0,0,0,0,0,38
1,1526,197.797524,-0.157986149191856,-4.59968505310826E-05,0,0,0,0,0,38
1,1527,197.957524,-0.156066074967384,-4.43940552941058E-05,0,0,0,0,0,38
1,1528,198.117524,-0.154902398586273,-4.58313224953599E-05,0,0,0,0,0,38
1,1529,198.277524,-0.15307928621769,-4.35617694165558E-05,0,0,0,0,0,38
1,1530,198.437524,-0.151760444045067,-4.62128846265841E-05,0,0,0,0,0,38
1,1531,198.597524,-0.150189474225044,-4.64262047898956E-05,0,0,0,0,0,38
1,1532,198.757524,-0.148424565792084,-4.5208082156023E-05,0,0,0,0,0,38
1,1533,198.917524,-0.146795406937599,-4.38236565969419E-05,0,0,0,0,0,38
1,1534,199.077524,-0.145554140210152,-4.70894665340893E-05,0,0,0,0,0,38
1,1535,199.237524,-0.143750429153442,-4.63154647150077E-05,0,0,0,0,0,38
1,1536,199.397524,-0.142218247056007,-4.44150391558651E-05,0,0,0,0,0,38
1,1537,199.557524,-0.139987856149673,-4.54221735708416E-05,0,0,0,0,0,38
1,1538,199.717524,-0.138785392045975,-4.55200897704344E-05,0,0,0,0,0,38
1,1539,199.877524,-0.136884704232216,-4.34564717579633E-05,0,0,0,0,0,38
1,1540,200.037524,-0.135294333100319,-4.29618412454147E-05,0,0,0,0,0,38
1,1541,200.197524,-0.134227633476257,-4.47282145614736E-05,0,0,0,0,0,38
1,1542,200.357524,-0.13238513469696,-4.5493281504605E-05,0,0,0,0,0,38
1,1543,200.517524,-0.13042625784874,-4.29789361078292E-05,0,0,0,0,0,38
1,1544,200.677524,-0.128874689340591,-4.34370449511334E-05,0,0,0,0,0,38
1,1545,200.837524,-0.12710976600647,-4.07159859605599E-05,0,0,0,0,0,38
1,1546,200.997524,-0.126372769474983,-4.58748436358292E-05,0,0,0,0,0,38
1,1547,201.157524,-0.123890243470669,-4.04762467951514E-05,0,0,0,0,0,38
1,1548,201.317524,-0.122648984193802,-4.19201205659192E-05,0,0,0,0,0,38
1,1549,201.477524,-0.121310748159885,-4.49493018095382E-05,0,0,0,0,0,38
1,1550,201.637524,-0.119371272623539,-4.31802072853316E-05,0,0,0,0,0,38
1,1551,201.797524,-0.11791667342186,-4.26607075496577E-05,0,0,0,0,0,38
1,1552,201.957524,-0.116423279047012,-4.3729625758715E-05,0,0,0,0,0,38
1,1553,202.117524,-0.115143224596977,-4.3522915802896E-05,0,0,0,0,0,38
1,1554,202.277524,-0.112815864384174,-4.20129872509278E-05,0,0,0,0,0,38
1,1555,202.437524,-0.111749149858952,-4.40194889961276E-05,0,0,0,0,0,38
1,1556,202.597524,-0.109751492738724,-4.17149640270509E-05,0,0,0,0,0,38
1,1557,202.757524,-0.108704179525375,-4.60368719359394E-05,0,0,0,0,0,38
1,1558,202.917524,-0.106628946959972,-4.20223113906104E-05,0,0,0,0,0,38
1,1559,203.077524,-0.105271317064762,-4.36981536040548E-05,0,0,0,0,0,38
1,1560,203.237524,-0.103680953383446,-4.45335463155061E-05,0,0,0,0,0,38
1,1561,203.397524,-0.101857848465443,-4.23059573222417E-05,0,0,0,0,0,38
1,1562,203.557524,-0.100073531270027,-4.45331606897525E-05,0,0,0,0,0,38
1,1563,203.717524,-0.0987352952361107,-4.23607452830765E-05,0,0,0,0,0,38
1,1564,203.877524,-0.0970091670751572,-4.10983266192488E-05,0,0,0,0,0,38
1,1565,204.037524,-0.0954769849777222,-4.4222702854313E-05,0,0,0,0,0,38
1,1566,204.197524,-0.0936926752328873,-3.91287358070258E-05,0,0,0,0,0,38
1,1567,204.357524,-0.0926841497421265,-4.55554509244394E-05,0,0,0,0,0,38
1,1568,204.517524,-0.0906477048993111,-3.99645214201882E-05,0,0,0,0,0,38
1,1569,204.677524,-0.0894840210676193,-4.49092804046813E-05,0,0,0,0,0,38
1,1570,204.837524,-0.08768031001091,-4.17491573898587E-05,0,0,0,0,0,38
1,1571,204.997524,-0.0858378112316132,-3.9380909583997E-05,0,0,0,0,0,38
1,1572,205.157524,-0.0847904980182648,-4.38947608927265E-05,0,0,0,0,0,38
1,1573,205.317524,-0.082637682557106,-4.21462609665468E-05,0,0,0,0,0,38
1,1574,205.477524,-0.0813382342457771,-4.35714828199707E-05,0,0,0,0,0,38
1,1575,205.637524,-0.0793017894029617,-3.95464339817408E-05,0,0,0,0,0,38
1,1576,205.797524,-0.0779247656464577,-4.31743792432826E-05,0,0,0,0,0,38
1,1577,205.957524,-0.0762568190693855,-4.09094864153303E-05,0,0,0,0,0,38
1,1578,206.117524,-0.0751707181334496,-4.37956805399153E-05,0,0,0,0,0,38
1,1579,206.277524,-0.0725912228226662,-3.83224833058193E-05,0,0,0,0,0,38
1,1580,206.437524,-0.0717378556728363,-4.19585885538254E-05,0,0,0,0,0,38
1,1581,206.597524,-0.0697401985526085,-3.82362231903244E-05,0,0,0,0,0,38
1,1582,206.757524,-0.068401962518692,-4.30733562097885E-05,0,0,0,0,0,38
1,1583,206.917524,-0.0670443326234818,-4.18058843933977E-05,0,0,0,0,0,38
1,1584,207.077524,-0.0651242583990097,-4.27648410550319E-05,0,0,0,0,0,38
1,1585,207.237524,-0.0639217793941498,-4.0854312828742E-05,0,0,0,0,0,38
1,1586,207.397524,-0.0621374696493149,-4.11531109421048E-05,0,0,0,0,0,38
1,1587,207.557524,-0.0606828667223454,-4.31448497693054E-05,0,0,0,0,0,38
1,1588,207.717524,-0.0585688427090645,-3.8667130866088E-05,0,0,0,0,0,38
1,1589,207.877524,-0.0574633441865444,-4.13567140640225E-05,0,0,0,0,0,38
1,1590,208.037524,-0.0553687140345573,-3.69528243027162E-05,0,0,0,0,0,38
1,1591,208.197524,-0.0542632155120373,-4.24858590122312E-05,0,0,0,0,0,38
1,1592,208.357524,-0.0522267706692219,-3.74734881916083E-05,0,0,0,0,0,38
1,1593,208.517524,-0.0510436929762363,-4.04727506975178E-05,0,0,0,0,0,38
1,1594,208.677524,-0.0490460358560085,-3.86916108254809E-05,0,0,0,0,0,38
1,1595,208.837524,-0.0478435643017292,-4.20075448346324E-05,0,0,0,0,0,38
1,1596,208.997524,-0.0459040924906731,-3.78154181817081E-05,0,0,0,0,0,38
1,1597,209.157524,-0.0445658564567566,-3.90207169402856E-05,0,0,0,0,0,38
1,1598,209.317524,-0.0422578863799572,-3.71471032849513E-05,0,0,0,0,0,38
1,1599,209.477524,-0.0414820984005928,-4.30683030572254E-05,0,0,0,0,0,38
1,1600,209.637524,-0.0395814143121243,-3.74789269699249E-05,0,0,0,0,0,38
1,1601,209.797524,-0.038223784416914,-3.90521927329246E-05,0,0,0,0,0,38
1,1602,209.957524,-0.0360321812331676,-3.67126958735753E-05,0,0,0,0,0,38
1,1603,210.117524,-0.0350430496037006,-4.02295154344756E-05,0,0,0,0,0,38
1,1604,210.277524,-0.0331035815179348,-3.99023520003539E-05,0,0,0,0,0,38
1,1605,210.437524,-0.0315907932817936,-4.25095604441594E-05,0,0,0,0,0,38
1,1606,210.597524,-0.0300198197364807,-3.70647285308223E-05,0,0,0,0,0,38
1,1607,210.757524,-0.0283324792981148,-3.84969462174922E-05,0,0,0,0,0,38
1,1608,210.917524,-0.0267421137541533,-3.761919651879E-05,0,0,0,0,0,38
1,1609,211.077524,-0.0248026419430971,-3.53232207999099E-05,0,0,0,0,0,38
1,1610,211.237524,-0.0239492747932673,-3.83737715310417E-05,0,0,0,0,0,38
1,1611,211.397524,-0.0217770654708147,-3.62266146112233E-05,0,0,0,0,0,38
1,1612,211.557524,-0.0201673042029142,-3.67297943739686E-05,0,0,0,0,0,38
1,1613,211.717524,-0.0189066473394632,-3.75916097254958E-05,0,0,0,0,0,38
1,1614,211.877524,-0.016986571252346,-3.79168304789346E-05,0,0,0,0,0,38
1,1615,212.037524,-0.0157647039741278,-3.84950035368092E-05,0,0,0,0,0,38
1,1616,212.197524,-0.0134761277586222,-3.34558208123781E-05,0,0,0,0,0,38
1,1617,212.357524,-0.0125063918530941,-3.78787517547607E-05,0,0,0,0,0,38
1,1618,212.517524,-0.0112069454044104,-3.98397933167871E-05,0,0,0,0,0,38
1,1619,212.677524,-0.00934505276381969,-3.7077163142385E-05,0,0,0,0,0,38
1,1620,212.837524,-0.00802621245384216,-3.91769171983469E-05,0,0,0,0,0,38
1,1621,212.997524,-0.00540792569518089,-3.26526787830517E-05,0,0,0,0,0,38
1,1622,213.157524,-0.00447697937488556,-3.64240004273597E-05,0,0,0,0,0,38
1,1623,213.317524,-0.00284782308153808,-3.72784343198873E-05,0,0,0,0,0,38
1,1624,213.477524,-0.00133503531105816,-3.84953891625628E-05,0,0,0,0,0,38
1,1625,213.637524,0.000468673271825537,-3.57871576852631E-05,0,0,0,0,0,38
1,1626,213.797524,0.00221419776789844,-3.59297555405647E-05,0,0,0,0,0,38
1,1627,213.957524,0.00376577489078045,-3.26946428685915E-05,0,0,0,0,0,38
1,1628,214.117524,0.00518158916383982,-3.59876503353007E-05,0,0,0,0,0,38
1,1629,214.277524,0.00700469268485904,-3.32980671373662E-05,0,0,0,0,0,38
1,1630,214.437524,0.00822655949741602,-3.62456521543209E-05,0,0,0,0,0,38
1,1631,214.597524,0.0100108729675412,-3.38164027198218E-05,0,0,0,0,0,38
1,1632,214.757524,0.0116982134059072,-3.54592157236766E-05,0,0,0,0,0,38
1,1633,214.917524,0.01305584423244,-3.57549070031382E-05,0,0,0,0,0,38
1,1634,215.077524,0.0148401577025652,-3.54634903487749E-05,0,0,0,0,0,38
1,1635,215.237524,0.0163723398000002,-3.57401404471602E-05,0,0,0,0,0,38
1,1636,215.397524,0.0181760489940643,-2.79861214949051E-05,0,0,0,0,0,38
1,1637,215.557524,0.0192621536552906,-3.59608420694713E-05,0,0,0,0,0,38
1,1638,215.717524,0.0216477029025555,-3.13712189381476E-05,0,0,0,0,0,38
1,1639,215.877524,0.0225786492228508,-3.19754253723659E-05,0,0,0,0,0,38
1,1640,216.037524,0.0245181210339069,-3.23091953760013E-05,0,0,0,0,0,38
1,1641,216.197524,0.0259533300995827,-3.04417953884695E-05,0,0,0,0,0,38
1,1642,216.357524,0.0276600643992424,-3.18895545206033E-05,0,0,0,0,0,38
1,1643,216.517524,0.0292504318058491,-2.85879941657186E-05,0,0,0,0,0,38
1,1644,216.677524,0.0308989826589823,-3.30901893903501E-05,0,0,0,0,0,38
1,1645,216.837524,0.0325087420642376,-2.63740039372351E-05,0,0,0,0,0,38
1,1646,216.997524,0.034273661673069,-2.97901860903949E-05,0,0,0,0,0,38
1,1647,217.157524,0.0353403724730015,-3.10724208247848E-05,0,0,0,0,0,38
1,1648,217.317524,0.0372604504227638,-3.21013176289853E-05,0,0,0,0,0,38
1,1649,217.477524,0.0388508141040802,-3.0115408662823E-05,0,0,0,0,0,38
1,1650,217.637524,0.0403442084789276,-2.77662002190482E-05,0,0,0,0,0,38
1,1651,217.797524,0.0421479158103466,-2.81205630017212E-05,0,0,0,0,0,38
1,1652,217.957524,0.0436219163239002,-2.92586428258801E-05,0,0,0,0,0,38
1,1653,218.117524,0.0450765192508698,-2.68064668489387E-05,0,0,0,0,0,38
1,1654,218.277524,0.0468996241688728,-2.71208082267549E-05,0,0,0,0,0,38
1,1655,218.437524,0.048955462872982,-2.63028978224611E-05,0,0,0,0,0,38
1,1656,218.597524,0.0500027760863304,-2.41794405155815E-05,0,0,0,0,0,38
1,1657,218.757524,0.0516901165246964,-2.90126863546902E-05,0,0,0,0,0,38
1,1658,218.917524,0.0534744299948215,-2.41145517065888E-05,0,0,0,0,0,38
1,1659,219.077524,0.0547156929969788,-2.84624911728315E-05,0,0,0,0,0,38
1,1660,219.237524,0.0564030334353447,-2.57554238487501E-05,0,0,0,0,0,38
1,1661,219.397524,0.0581873469054699,-2.42416099354159E-05,0,0,0,0,0,38
1,1662,219.557524,0.0593510307371616,-2.69183710770449E-05,0,0,0,0,0,38
1,1663,219.717524,0.0614844486117363,-2.36649921134813E-05,0,0,0,0,0,38
1,1664,219.877524,0.0629584491252899,-2.25595522351796E-05,0,0,0,0,0,38
1,1665,220.037524,0.0648591294884682,-2.17536871787161E-05,0,0,0,0,0,38
1,1666,220.197524,0.0659840255975723,-2.45889787038323E-05,0,0,0,0,0,38
1,1667,220.357524,0.0676131770014763,-2.13235562114278E-05,0,0,0,0,0,38
1,1668,220.517524,0.0694168880581856,-2.21123245864874E-05,0,0,0,0,0,38
1,1669,220.677524,0.0710654407739639,-2.0501760445768E-05,0,0,0,0,0,38
1,1670,220.837524,0.0724618583917618,-1.8398895917926E-05,0,0,0,0,0,38
1,1671,220.997524,0.0741491988301277,-2.04158895940054E-05,0,0,0,0,0,38
1,1672,221.157524,0.0756619870662689,-2.08071651286446E-05,0,0,0,0,0,38
1,1673,221.317524,0.0769032463431358,-2.00044087250717E-05,0,0,0,0,0,38
1,1674,221.477524,0.0781057178974152,-2.27316813834477E-05,0,0,0,0,0,38
1,1675,221.637524,0.0804524794220924,-1.6780950318207E-05,0,0,0,0,0,38
1,1676,221.797524,0.0815191939473152,-1.90384598681703E-05,0,0,0,0,0,38
1,1677,221.957524,0.0839435309171677,-1.32991017380846E-05,0,0,0,0,0,38
1,1678,222.117524,0.0852041840553284,-1.45183894346701E-05,0,0,0,0,0,38
1,1679,222.277524,0.0868915244936943,-1.49454126585624E-05,0,0,0,0,0,38
1,1680,222.437524,0.0886758416891098,-1.2150529983046E-05,0,0,0,0,0,38
1,1681,222.597524,0.0898783132433891,-1.28588671941543E-05,0,0,0,0,0,38
1,1682,222.757524,0.0917595997452736,-1.04688606370473E-05,0,0,0,0,0,38
1,1683,222.917524,0.0931560173630714,-1.08453714346979E-05,0,0,0,0,0,38
1,1684,223.077524,0.0950179100036621,-9.52972186496481E-06,0,0,0,0,0,38
1,1685,223.237524,0.0960846245288849,-1.07132627817919E-05,0,0,0,0,0,38
1,1686,223.397524,0.0981598570942879,-7.55512428440852E-06,0,0,0,0,0,38
1,1687,223.557524,0.0999053791165352,-6.5964386521955E-06,0,0,0,0,0,38
1,1688,223.717524,0.101204827427864,-5.93248159930226E-06,0,0,0,0,0,38
1,1689,223.877524,0.102989137172699,-4.72882356916671E-06,0,0,0,0,0,38
1,1690,224.037524,0.104540720582008,-3.65156142834167E-06,0,0,0,0,0,38
1,1691,224.197524,0.105917744338512,-2.62689604824118E-06,0,0,0,0,0,38
1,1692,224.357524,0.107527501881123,-1.54247572936583E-06,0,0,0,0,0,38
1,1693,224.517524,0.109331212937832,-8.03046987130074E-07,0,0,0,0,0,38
1,1694,224.677524,0.110863395035267,4.16816931192443E-07,0,0,0,0,0,38
1,1696,224.997524,0.114199288189411,2.31615422308096E-06,0,0,0,0,0,38
1,1697,225.157524,0.115615099668503,3.63426465810335E-06,0,0,0,0,0,38
1,1698,225.317524,0.11710849404335,4.28892371928669E-06,0,0,0,0,0,38
1,1699,225.477524,0.118737652897835,6.1363871282083E-06,0,0,0,0,0,38
1,1700,225.637524,0.120153464376926,7.00404007147881E-06,0,0,0,0,0,38
1,1701,225.797524,0.121918380260468,8.2695532910293E-06,0,0,0,0,0,38
1,1702,225.957524,0.123450562357903,9.30114401853643E-06,0,0,0,0,0,38
1,1703,226.117524,0.125157296657562,1.09879765659571E-05,0,0,0,0,0,38
1,1704,226.277524,0.12665069103241,1.21825696624001E-05,0,0,0,0,0,38
1,1705,226.437524,0.128435000777245,1.40632173497579E-05,0,0,0,0,0,38
1,1706,226.597524,0.130064159631729,1.55465095303953E-05,0,0,0,0,0,38
1,1707,226.757524,0.131635129451752,1.90532209671801E-05,0,0,0,0,0,38
1,1708,226.917524,0.13338066637516,1.99169789993903E-05,0,0,0,0,0,38
1,1709,227.077524,0.134214639663696,1.73233693203656E-05,0,0,0,0,0,38
1,1710,227.237524,0.136057138442993,2.08514557016315E-05,0,0,0,0,0,38
1,1711,227.397524,0.13805478811264,2.65154340013396E-05,0,0,0,0,0,38
1,1712,227.557524,0.139645159244537,2.89512900053523E-05,0,0,0,0,0,38
1,1713,227.717524,0.14096400141716,3.18615748255979E-05,0,0,0,0,0,38
1,1714,227.877524,0.142651334404945,3.51472008333076E-05,0,0,0,0,0,38
1,1715,228.037524,0.144513234496117,3.89853557862807E-05,0,0,0,0,0,38
1,1716,228.197524,0.146219968795776,4.01409197365865E-05,0,0,0,0,0,38
1,1717,228.357524,0.147752150893211,4.54598593933042E-05,0,0,0,0,0,38
1,1718,228.517524,0.149575248360634,5.1063223509118E-05,0,0,0,0,0,38
1,1719,228.677524,0.150700137019157,4.87851211801171E-05,0,0,0,0,0,38
1,1720,228.837524,0.151999592781067,5.21445763297379E-05,0,0,0,0,0,38
1,1721,228.997524,0.15432696044445,6.07981019129511E-05,0,0,0,0,0,38
1,1722,229.157524,0.154986366629601,6.14442687947303E-05,0,0,0,0,0,38
1,1723,229.317524,0.157236158847809,7.00880846125074E-05,0,0,0,0,0,38
1,1724,229.477524,0.159233823418617,7.37743102945387E-05,0,0,0,0,0,38
1,1725,229.637524,0.160087183117867,7.57485613576137E-05,0,0,0,0,0,38
1,1726,229.797524,0.162259384989738,8.3254293713253E-05,0,0,0,0,0,38
1,1727,229.957524,0.163830369710922,9.09205045900308E-05,0,0,0,0,0,38
1,1728,230.117524,0.165091022849083,9.27871224121191E-05,0,0,0,0,0,38
1,1729,230.277524,0.16668139398098,0.000100649551313836,0,0,0,0,0,38
1,1730,230.437524,0.168834194540977,0.000107756626675837,0,0,0,0,0,38
1,1731,230.597524,0.170036673545837,0.000111388064397033,0,0,0,0,0,38
1,1732,230.757524,0.171646431088448,0.000118286094220821,0,0,0,0,0,38
1,1733,230.917524,0.172848910093308,0.000124044498079456,0,0,0,0,0,38
1,1734,231.077524,0.174904748797417,0.000130695407278836,0,0,0,0,0,38
1,1735,231.237524,0.176708459854126,0.000139766634674743,0,0,0,0,0,38
1,1736,231.397524,0.177852749824524,0.000143581084557809,0,0,0,0,0,38
1,1737,231.557524,0.179792210459709,0.000149564453749917,0,0,0,0,0,38
1,1738,231.717524,0.181227430701256,0.000160641793627292,0,0,0,0,0,38
1,1739,231.877524,0.182914763689041,0.000165734585607424,0,0,0,0,0,38
1,1740,232.037524,0.185785189270973,0.00018888663908001,0,0,0,0,0,38
1,1741,232.197524,0.184931814670563,0.000173007312696427,0,0,0,0,0,38
1,1742,232.357524,0.18863619863987,0.000200366266653873,0,0,0,0,0,38
1,1743,232.517524,0.188345283269882,0.000189345664693974,0,0,0,0,0,38
1,1744,232.677524,0.192010879516602,0.000216443979297765,0,0,0,0,0,38
1,1745,232.837524,0.192689701914787,0.000218645771383308,0,0,0,0,0,38
1,1746,232.997524,0.192534536123276,0.000207562930881977,0,0,0,0,0,38
1,1747,233.157524,0.19451279938221,0.000219773894059472,0,0,0,0,0,38
1,1748,233.317524,0.196762591600418,0.000237707179621793,0,0,0,0,0,38
1,1749,233.477524,0.199458450078964,0.000258285726886243,0,0,0,0,0,38
1,1750,233.637524,0.199962720274925,0.000255403167102486,0,0,0,0,0,38
1,1751,233.797524,0.202251300215721,0.000269010663032532,0,0,0,0,0,38
1,1752,233.957524,0.202270686626434,0.000262140791164711,0,0,0,0,0,38
1,1753,234.117524,0.205218687653542,0.000289067946141586,0,0,0,0,0,38
1,1754,234.277524,0.205625981092453,0.000280789856333286,0,0,0,0,0,38
1,1755,234.437524,0.209349766373634,0.00031862867763266,0,0,0,0,0,38
1,1756,234.597524,0.209757044911385,0.000312424002913758,0,0,0,0,0,38
1,1757,234.757524,0.211968049407005,0.000328509486280382,0,0,0,0,0,38
1,1758,234.917524,0.214450567960739,0.000345968175679445,0,0,0,0,0,38
1,1759,235.077524,0.214741498231888,0.00034145568497479,0,0,0,0,0,38
1,1760,235.237524,0.215691834688187,0.000344812840921804,0,0,0,0,0,38
1,1761,235.397524,0.21912470459938,0.000372269045328721,0,0,0,0,0,38
1,1762,235.557524,0.218348905444145,0.000357004348188639,0,0,0,0,0,38
1,1763,235.717524,0.220152616500854,0.000366811262210831,0,0,0,0,0,38
1,1764,235.877524,0.222344219684601,0.000382986210752279,0,0,0,0,0,38
1,1765,236.037524,0.22440005838871,0.000398013595258817,0,0,0,0,0,38
1,1766,236.197524,0.226979553699493,0.000420222087996081,0,0,0,0,0,38
1,1767,236.357524,0.228046268224716,0.000423205783590674,0,0,0,0,0,38
1,1768,236.517524,0.228046268224716,0.000417039991589263,0,0,0,0,0,38
1,1769,236.677524,0.231323972344399,0.000444255012553185,0,0,0,0,0,38
1,1770,236.837524,0.232119157910347,0.000443772645667195,0,0,0,0,0,38
1,1771,236.997524,0.233108282089233,0.00044816845911555,0,0,0,0,0,38
1,1772,237.157524,0.235358074307442,0.000460500014014542,0,0,0,0,0,38
1,1773,237.317524,0.236618727445602,0.000469723396236077,0,0,0,0,0,38
1,1774,237.477524,0.239004284143448,0.000485571596072987,0,0,0,0,0,38
1,1775,237.637524,0.239935234189034,0.000487306562718004,0,0,0,0,0,38
1,1776,237.797524,0.241448014974594,0.000496187654789537,0,0,0,0,0,38
1,1777,237.957524,0.243523254990578,0.000510374782606959,0,0,0,0,0,38
1,1778,238.117524,0.245152413845062,0.00051505456212908,0,0,0,0,0,38
1,1779,238.277524,0.247460380196571,0.0005311633576639,0,0,0,0,0,38
1,1780,238.437524,0.247945249080658,0.000529513985384256,0,0,0,0,0,38
1,1781,238.597524,0.250195026397705,0.00054240960162133,0,0,0,0,0,38
1,1782,238.757524,0.251688420772552,0.000549361167941242,0,0,0,0,0,38
1,1783,238.917524,0.2534339427948,0.000557864899747074,0,0,0,0,0,38
1,1784,239.077524,0.254849761724472,0.000565827882383019,0,0,0,0,0,38
1,1785,239.237524,0.256188005208969,0.000573265715502203,0,0,0,0,0,38
1,1786,239.397524,0.257914125919342,0.000580131716560572,0,0,0,0,0,38
1,1787,239.557524,0.259679049253464,0.000587511225603521,0,0,0,0,0,38
1,1788,239.717524,0.261424571275711,0.000595330318901688,0,0,0,0,0,38
1,1789,239.877524,0.262452483177185,0.000598430691752583,0,0,0,0,0,38
1,1790,240.037524,0.264391958713531,0.000605635112151504,0,0,0,0,0,38
1,1791,240.197524,0.266602963209152,0.000617243116721511,0,0,0,0,0,38
1,1792,240.357524,0.267902404069901,0.000623521744273603,0,0,0,0,0,38
1,1793,240.517524,0.269647926092148,0.000628995068836957,0,0,0,0,0,38
1,1794,240.677524,0.270850419998169,0.000627287314273417,0,0,0,0,0,38
1,1795,240.837524,0.272188633680344,0.000629236281383783,0,0,0,0,0,38
1,1796,240.997524,0.277386426925659,0.000664554303511977,0,0,0,0,0,38
1,1797,241.157524,0.275640904903412,0.000640299636870623,0,0,0,0,0,38
1,1798,241.317524,0.280218064785004,0.0006667171837762,0,0,0,0,0,38
1,1799,241.477524,0.277114897966385,0.000632741197478026,0,0,0,0,0,38
1,1800,241.637524,0.276203334331512,0.00061044713947922,0,0,0,0,0,38
1,1801,241.797524,0.277580380439758,0.000607140595093369,0,0,0,0,0,38
1,1802,241.957524,0.28266179561615,0.000639058707747608,0,0,0,0,0,38
1,1803,242.117524,0.284581869840622,0.000643656763713807,0,0,0,0,0,38
1,1804,242.277524,0.286928623914719,0.000647951441351324,0,0,0,0,0,38
1,1805,242.437524,0.288014739751816,0.00064025295432657,0,0,0,0,0,38
1,1806,242.597524,0.289159029722214,0.000632959068752825,0,0,0,0,0,38
1,1807,242.757524,0.291447579860687,0.000640680897049606,0,0,0,0,0,38
1,1808,242.917524,0.293251305818558,0.000637911143712699,0,0,0,0,0,38
1,1809,243.077524,0.300078243017197,0.000672365596983582,0,0,0,0,0,38
1,1810,243.237524,0.305644512176514,0.000690921326167881,0,0,0,0,0,38
1,1811,243.397524,0.298798203468323,0.000622860388830304,0,0,0,0,0,38
1,1812,243.557524,0.300058841705322,0.000625614600721747,0,0,0,0,0,38
1,1813,243.717524,0.307758539915085,0.00064199574990198,0,0,0,0,0,38
1,1814,243.877524,0.297615110874176,0.000561272609047592,0,0,0,0,0,38
1,1815,244.037524,0.298429697751999,0.000541059765964746,0,0,0,0,0,38
1,1816,244.197524,0.306013017892838,0.000557896040845662,0,0,0,0,0,38
1,1817,244.357524,0.303549885749817,0.000541938876267523,0,0,0,0,0,38
1,1818,244.517524,0.308204621076584,0.000548622047062963,0,0,0,0,0,38
1,1819,244.677524,0.310163497924805,0.000526094576343894,0,0,0,0,0,38
1,1820,244.837524,0.3132084608078,0.000524013419635594,0,0,0,0,0,38
1,1821,244.997524,0.310318648815155,0.000492974417284131,0,0,0,0,0,38
1,1822,245.157524,0.321509391069412,0.00052923389011994,0,0,0,0,0,38
1,1823,245.317524,0.323836773633957,0.000512895523570478,0,0,0,0,0,38
1,1824,245.477524,0.317669242620468,0.000452774314908311,0,0,0,0,0,38
1,1825,245.637524,0.323797971010208,0.000488096266053617,0,0,0,0,0,38
1,1826,245.797524,0.328491508960724,0.000473850785056129,0,0,0,0,0,38
1,1827,245.957524,0.331963151693344,0.00048480526311323,0,0,0,0,0,38
1,1828,246.117524,0.33324322104454,0.000458010355941951,0,0,0,0,0,38
1,1829,246.277524,0.3273666203022,0.000432973785791546,0,0,0,0,0,38
1,1830,246.437524,0.34053561091423,0.000463370903162286,0,0,0,0,0,38
1,1831,246.597524,0.326261103153229,0.00038670125650242,0,0,0,0,0,38
1,1832,246.757524,0.331827402114868,0.000377252232283354,0,0,0,0,0,38
1,1833,246.917524,0.326978713274002,0.00033355105551891,0,0,0,0,0,38
1,1834,247.077524,0.334019005298615,0.000344540516380221,0,0,0,0,0,38
1,1835,247.237524,0.336288183927536,0.000341533508617431,0,0,0,0,0,38
1,1836,247.397524,0.338014304637909,0.000293996679829434,0,0,0,0,0,38
1,1837,247.557524,0.339391320943832,0.00032850171555765,0,0,0,0,0,38
1,1838,247.717524,0.352599143981934,0.00037586348480545,0,0,0,0,0,38
1,1839,247.877524,0.343309074640274,0.000285290676401928,0,0,0,0,0,38
1,1840,248.037524,0.337432473897934,0.000264023576164618,0,0,0,0,0,38
1,1841,248.197524,0.344123631715775,0.000286064809188247,0,0,0,0,0,38
1,1842,248.357524,0.347459524869919,0.00025289406767115,0,0,0,0,0,38
1,1843,248.517524,0.3590187728405,0.000358824909199029,0,0,0,0,0,38
1,1844,248.677524,0.354208886623383,0.000343638035701588,0,0,0,0,0,38
1,1845,248.837524,0.34600493311882,0.000260059605352581,0,0,0,0,0,38
1,1846,248.997524,0.346683740615845,0.00024977809516713,0,0,0,0,0,38
1,1847,249.157524,0.351454854011536,0.000235217521549203,0,0,0,0,0,38
1,1848,249.317524,0.355896234512329,0.000250707846134901,0,0,0,0,0,38
1,1849,249.477524,0.359232127666473,0.000262732093688101,0,0,0,0,0,38
1,1850,249.637524,0.360279440879822,0.000257208157563582,0,0,0,0,0,38
1,1851,249.797524,0.357079297304153,0.000217552660615183,0,0,0,0,0,38
1,1852,249.957524,0.363828659057617,0.000252376688877121,0,0,0,0,0,38
1,1853,250.117524,0.366291791200638,0.00025452789850533,0,0,0,0,0,38
1,1854,250.277524,0.376881331205368,0.000285053392872214,0,0,0,0,0,38
1,1855,250.437524,0.362975299358368,0.000196557884919457,0,0,0,0,0,38
1,1856,250.597524,0.362063765525818,0.000175812063389458,0,0,0,0,0,38
1,1857,250.757524,0.37127622961998,0.000226060263230465,0,0,0,0,0,38
1,1858,250.917524,0.365457832813263,0.000191026178072207,0,0,0,0,0,38
1,1859,251.077524,0.368076115846634,0.000175049615791067,0,0,0,0,0,38
1,1860,251.237524,0.376590400934219,0.000227312877541408,0,0,0,0,0,38
1,1861,251.397524,0.376978278160095,0.000214650659472682,0,0,0,0,0,38
1,1862,251.557524,0.378646224737167,0.000211822567507625,0,0,0,0,0,38
1,1863,251.717524,0.393521994352341,0.000294693018076941,0,0,0,0,0,38
1,1864,251.877524,0.388227224349976,0.00027542540919967,0,0,0,0,0,38
1,1865,252.037524,0.38502711057663,0.000187311146873981,0,0,0,0,0,38
1,1866,252.197524,0.380042642354965,0.000171268446138129,0,0,0,0,0,38
1,1867,252.357524,0.379829317331314,0.000189193946425803,0,0,0,0,0,38
1,1868,252.517524,0.388110846281052,0.000198110021301545,0,0,0,0,0,38
1,1869,252.677524,0.390496402978897,0.000138599527417682,0,0,0,0,0,38
1,1870,252.837524,0.400698035955429,0.000268135394435376,0,0,0,0,0,38
1,1871,252.997524,0.406613409519196,0.000280210224445909,0,0,0,0,0,38
1,1872,253.157524,0.396586358547211,0.00020406574185472,0,0,0,0,0,38
1,1873,253.317524,0.397711247205734,0.000180468501639552,0,0,0,0,0,38
1,1874,253.477524,0.398933112621307,0.000202027338673361,0,0,0,0,0,38
1,1875,253.637524,0.399262815713882,0.000165017088875175,0,0,0,0,0,38
1,1876,253.797524,0.400193750858307,0.000180184521013871,0,0,0,0,0,38
1,1877,253.957524,0.402715086936951,0.000119915464892983,0,0,0,0,0,38
1,1878,254.117524,0.398370653390884,0.00015720579540357,0,0,0,0,0,38
1,1879,254.277524,0.406186729669571,0.000107906780613121,0,0,0,0,0,38
1,1880,254.437524,0.407195270061493,0.000175193548784591,0,0,0,0,0,38
1,1881,254.597524,0.407505571842194,0.000166316371178254,0,0,0,0,0,38
1,1882,254.757524,0.410957843065262,0.000173769774846733,0,0,0,0,0,38
1,1883,254.917524,0.424689292907715,0.000266470451606438,0,0,0,0,0,38
1,1884,255.077524,0.415593177080154,0.000157046306412667,0,0,0,0,0,38
1,1885,255.237524,0.415884077548981,0.000152638836880215,0,0,0,0,0,38
1,1886,255.397524,0.410065680742264,0.000167588426847942,0,0,0,0,0,38
1,1887,255.557524,0.411849975585938,0.00012944228365086,0,0,0,0,0,38
1,1888,255.717524,0.420053958892822,0.000175582550582476,0,0,0,0,0,38
1,1889,255.877524,0.422439515590668,0.00018602742056828,0,0,0,0,0,38
1,1890,256.037524,0.425135374069214,0.000197759916773066,0,0,0,0,0,38
1,1891,256.197524,0.426686942577362,0.000190866689081304,0,0,0,0,0,38
1,1892,256.357524,0.426589965820313,0.000172015352291055,0,0,0,0,0,38
1,1893,256.517524,0.428374290466309,0.00014760896738153,0,0,0,0,0,38
1,1894,256.677524,0.442435443401337,0.000256041152169928,0,0,0,0,0,38
1,1895,256.837524,0.425426304340363,0.000137662020279095,0,0,0,0,0,38
1,1896,256.997524,0.433184176683426,0.00017878798826132,0,0,0,0,0,38
1,1897,257.157524,0.426783919334412,0.00015390312182717,0,0,0,0,0,38
1,1898,257.317524,0.437198877334595,0.00017754704458639,0,0,0,0,0,38
1,1899,257.477524,0.438866823911667,0.000183195443241857,0,0,0,0,0,38
1,1900,257.637524,0.431341677904129,0.000152720531332307,0,0,0,0,0,38
1,1901,257.797524,0.432524770498276,0.000131714085000567,0,0,0,0,0,38
1,1902,257.957524,0.443230628967285,0.000179285911144689,0,0,0,0,0,38
1,1903,258.117524,0.455352336168289,0.000246642710408196,0,0,0,0,0,38
1,1904,258.277524,0.436326116323471,0.000129955762531608,0,0,0,0,0,38
1,1905,258.437524,0.462974458932877,0.000281536747934297,0,0,0,0,0,38
1,1906,258.597524,0.440360218286514,0.000110843793663662,0,0,0,0,0,38
1,1907,258.757524,0.450057566165924,0.000162648022524081,0,0,0,0,0,38
1,1908,258.917524,0.452481925487518,0.000171143969055265,0,0,0,0,0,38
1,1909,259.077524,0.445848912000656,0.000148165243444964,0,0,0,0,0,38
1,1910,259.237524,0.455856591463089,0.000138447823701426,0,0,0,0,0,38
1,1911,259.397524,0.470402628183365,0.000300753745250404,0,0,0,0,0,38
1,1912,259.557524,0.459619164466858,0.000150662686792202,0,0,0,0,0,38
1,1913,259.717524,0.453160732984543,0.00014146653120406,0,0,0,0,0,38
1,1914,259.877524,0.462121099233627,0.000162192882271484,0,0,0,0,0,38
1,1915,260.037524,0.464816957712173,0.000186346413102001,0,0,0,0,0,38
1,1916,260.197524,0.476647734642029,0.000294121156912297,0,0,0,0,0,38
1,1917,260.357524,0.460453152656555,0.000123879464808851,0,0,0,0,0,38
1,1918,260.517524,0.468948036432266,0.000179811075213365,0,0,0,0,0,38
1,1919,260.677524,0.470189303159714,0.000174104323377833,0,0,0,0,0,38
1,1920,260.837524,0.462780505418777,0.000140019415994175,0,0,0,0,0,38
1,1921,260.997524,0.472671806812286,0.000166584795806557,0,0,0,0,0,38
1,1922,261.157524,0.474514305591583,0.00017090278561227,0,0,0,0,0,38
1,1923,261.317524,0.476589560508728,0.000152634951518849,0,0,0,0,0,38
1,1924,261.477524,0.475561618804932,0.000148554259794764,0,0,0,0,0,38
1,1925,261.637524,0.473195463418961,0.000174773420440033,0,0,0,0,0,38
1,1926,261.797524,0.482466161251068,0.000182141229743138,0,0,0,0,0,38
1,1927,261.957524,0.474397957324982,0.000148134131450206,0,0,0,0,0,38
1,1928,262.117524,0.47560042142868,0.000147986298543401,0,0,0,0,0,38
1,1929,262.277524,0.47891691327095,0.000149662926560268,0,0,0,0,0,38
1,1930,262.437524,0.488885790109634,0.000168774902704172,0,0,0,0,0,38
1,1931,262.597524,0.481457620859146,0.0001514523755759,0,0,0,0,0,38
1,1932,262.757524,0.490708917379379,0.000174913453520276,0,0,0,0,0,38
1,1933,262.917524,0.483629822731018,0.00013684899022337,0,0,0,0,0,38
1,1934,263.077524,0.499998986721039,0.000279743428109214,0,0,0,0,0,38
1,1935,263.237524,0.495305448770523,0.000130185289890505,0,0,0,0,0,38
1,1936,263.397524,0.497865557670593,0.000181246519787237,0,0,0,0,0,38
1,1937,263.557524,0.499746829271317,0.000246985029662028,0,0,0,0,0,38
1,1938,263.717524,0.501007497310638,0.000154078181367368,0,0,0,0,0,38
1,1939,263.877524,0.502714216709137,0.000180227318196557,0,0,0,0,0,38
1,1940,264.037524,0.496313989162445,0.000159497067215852,0,0,0,0,0,38
1,1941,264.197524,0.495441228151321,0.000133122302941047,0,0,0,0,0,38
1,1942,264.357524,0.497981935739517,0.000147083803312853,0,0,0,0,0,38
1,1943,264.517524,0.508493840694427,0.000169910810654983,0,0,0,0,0,38
1,1944,264.677524,0.510064840316772,0.000161858333740383,0,0,0,0,0,38
1,1945,264.837524,0.51287704706192,0.000155004017869942,0,0,0,0,0,38
1,1946,264.997524,0.526550352573395,0.000305779743939638,0,0,0,0,0,38
1,1947,265.157524,0.515398383140564,0.000156027104821987,0,0,0,0,0,38
1,1948,265.317524,0.515747487545013,0.000164285753271542,0,0,0,0,0,38
1,1949,265.477524,0.517667531967163,7.71712366258726E-05,0,0,0,0,0,38
1,1950,265.637524,0.519471287727356,0.000163005912327208,0,0,0,0,0,38
1,1951,265.797524,0.538109600543976,0.0002739783085417,0,0,0,0,0,38
1,1952,265.957524,0.515960812568665,0.000173602500581183,0,0,0,0,0,38
1,1953,266.117524,0.518773078918457,0.000138105489895679,0,0,0,0,0,38
1,1954,266.277524,0.537004113197327,0.000299769570119679,0,0,0,0,0,38
1,1955,266.437524,0.541561841964722,0.000316107907565311,0,0,0,0,0,38
1,1956,266.597524,0.529362559318542,0.000172408239450306,0,0,0,0,0,38
1,1957,266.757524,0.555719971656799,0.00033243847428821,0,0,0,0,0,38
1,1958,266.917524,0.523039877414703,0.000151771353557706,0,0,0,0,0,38
1,1959,267.077524,0.534191846847534,0.000168938291608356,0,0,0,0,0,38
1,1960,267.237524,0.54144549369812,0.000284967798506841,0,0,0,0,0,38
1,1961,267.397524,0.52868378162384,0.000109719556348864,0,0,0,0,0,38
1,1962,267.557524,0.539312064647675,0.000176998539245687,0,0,0,0,0,38
1,1963,267.717524,0.540824830532074,0.000172579413629137,0,0,0,0,0,38
1,1964,267.877524,0.549843370914459,0.00029981235275045,0,0,0,0,0,38
1,1965,268.037524,0.532640278339386,0.000125867285532877,0,0,0,0,0,38
1,1966,268.197524,0.544626235961914,0.000161624935572036,0,0,0,0,0,38
1,1967,268.357524,0.545576572418213,0.000164779790793546,0,0,0,0,0,38
1,1968,268.517524,0.539040505886078,0.000110843793663662,0,0,0,0,0,38
1,1969,268.677524,0.568210184574127,0.000303986424114555,0,0,0,0,0,38
1,1970,268.837524,0.551841020584106,9.52873524511233E-05,0,0,0,0,0,38
1,1971,268.997524,0.553528368473053,0.000169743536389433,0,0,0,0,0,38
1,1972,269.157524,0.553470194339752,0.00015961765893735,0,0,0,0,0,38
1,1973,269.317524,0.570789694786072,0.000316893710987642,0,0,0,0,0,38
1,1974,269.477524,0.558726191520691,0.000142225093441084,0,0,0,0,0,38
1,1975,269.637524,0.548466384410858,0.000122303972602822,0,0,0,0,0,38
1,1976,269.797524,0.551220417022705,0.000139879368362017,0,0,0,0,0,38
1,1977,269.957524,0.563846349716187,0.000144481338793412,0,0,0,0,0,38
1,1978,270.117524,0.583473801612854,0.000298563623800874,0,0,0,0,0,38
1,1979,270.277524,0.571099996566772,0.000286842812784016,0,0,0,0,0,38
1,1980,270.437524,0.568055033683777,0.00013055483577773,0,0,0,0,0,38
1,1981,270.597524,0.569160521030426,0.000109560067357961,0,0,0,0,0,38
1,1982,270.757524,0.586751520633698,0.000263335037743673,0,0,0,0,0,38
1,1983,270.917524,0.564719140529633,0.000153708620928228,0,0,0,0,0,38
1,1984,271.077524,0.564098536968231,0.000142870849231258,0,0,0,0,0,38
1,1985,271.237524,0.592531144618988,0.000268645002506673,0,0,0,0,0,38
1,1986,271.397524,0.57705420255661,0.000141719385283068,0,0,0,0,0,38
1,1987,271.557524,0.579653084278107,0.000173758104210719,0,0,0,0,0,38
1,1988,271.717524,0.573737680912018,0.000130749351228587,0,0,0,0,0,38
1,1989,271.877524,0.574726819992065,0.000118767893582117,0,0,0,0,0,38
1,1990,272.037524,0.574067413806915,0.000152183711179532,0,0,0,0,0,38
1,1991,272.197524,0.605273485183716,0.000285337358945981,0,0,0,0,0,38
1,1992,272.357524,0.584559917449951,0.000148270279169083,0,0,0,0,0,38
1,1993,272.517524,0.588167369365692,8.1415317254141E-05,0,0,0,0,0,38
1,1994,272.677524,0.59047532081604,0.000173808672116138,0,0,0,0,0,38
1,1995,272.837524,0.581282198429108,0.000115788090624847,0,0,0,0,0,38
1,1996,272.997524,0.61002516746521,0.000270586169790477,0,0,0,0,0,38
1,1997,273.157524,0.595013678073883,0.000166180223459378,0,0,0,0,0,38
1,1998,273.317524,0.587837636470795,0.000152829452417791,0,0,0,0,0,38
1,1999,273.477524,0.59776771068573,0.000124462967505679,0,0,0,0,0,38
1,2000,273.637524,0.599939942359924,0.000146084057632834,0,0,0,0,0,38
1,2001,273.797524,0.611945271492004,0.000302749365800992,0,0,0,0,0,38
1,2002,273.957524,0.597321629524231,0.00017257162835449,0,0,0,0,0,38
1,2003,274.117524,0.586130917072296,0.000151973639731295,0,0,0,0,0,38
1,2004,274.277524,0.593675434589386,0.000131356195197441,0,0,0,0,0,38
1,2005,274.437524,0.588787972927094,0.000149655155837536,0,0,0,0,0,38
1,2006,274.597524,0.59057229757309,0.00014143151929602,0,0,0,0,0,38
1,2007,274.757524,0.583221673965454,0.000131799664814025,0,0,0,0,0,38
1,2008,274.917524,0.581922233104706,0.000188890524441376,0,0,0,0,0,38
1,2009,275.077524,0.5851029753685,0.00016286586469505,0,0,0,0,0,38
1,2010,275.237524,0.584773302078247,0.00015188027464319,0,0,0,0,0,38
1,2011,275.397524,0.579071223735809,0.000134705565869808,0,0,0,0,0,38
1,2012,275.557524,0.598815023899078,0.000268341595074162,0,0,0,0,0,38
1,2013,275.717524,0.580157339572906,0.000171112842508592,0,0,0,0,0,38
1,2014,275.877524,0.568636894226074,0.000140556250698864,0,0,0,0,0,38
1,2015,276.037524,0.589641332626343,0.000274857477052137,0,0,0,0,0,38
1,2016,276.197524,0.588846147060394,0.0002574221289251,0,0,0,0,0,38
1,2017,276.357524,0.573272228240967,0.000134596644784324,0,0,0,0,0,38
1,2018,276.517524,0.571895182132721,0.000156279958900996,0,0,0,0,0,38
1,2019,276.677524,0.569315671920776,0.000153977031004615,0,0,0,0,0,38
1,2020,276.837524,0.556767284870148,0.000123152014566585,0,0,0,0,0,38
1,2021,276.997524,0.580040991306305,0.000257947278441861,0,0,0,0,0,38
1,2022,277.157524,0.572690367698669,0.000281610642559826,0,0,0,0,0,38
1,2023,277.317524,0.581204652786255,0.000271329161478207,0,0,0,0,0,38
1,2024,277.477524,0.551802277565002,0.000132706059957854,0,0,0,0,0,38
1,2025,277.637524,0.549765825271606,0.000104176186141558,0,0,0,0,0,38
1,2026,277.797524,0.574591040611267,0.0002782846277114,0,0,0,0,0,38
1,2027,277.957524,0.56737619638443,0.000289632007479668,0,0,0,0,0,38
1,2028,278.117524,0.545246839523315,0.000128065192257054,0,0,0,0,0,38
1,2029,278.277524,0.544664978981018,0.000141960568726063,0,0,0,0,0,38
1,2030,278.437524,0.552461683750153,0.000149483981658705,0,0,0,0,0,38
1,2031,278.597524,0.550250709056854,6.88503423589282E-05,0,0,0,0,0,38
1,2032,278.757524,0.56023895740509,0.000290285533992574,0,0,0,0,0,38
1,2033,278.917524,0.546876013278961,0.000143353216117248,0,0,0,0,0,38
1,2034,279.077524,0.542570352554321,0.000120351156510878,0,0,0,0,0,38
1,2035,279.237524,0.545324444770813,0.000160403447807767,0,0,0,0,0,38
1,2036,279.397524,0.558648586273193,0.00024022017896641,0,0,0,0,0,38
1,2037,279.557524,0.541426062583923,0.000125941209262237,0,0,0,0,0,38
1,2038,279.717524,0.541270911693573,0.000165997393196449,0,0,0,0,0,38
1,2039,279.877524,0.538730204105377,0.000152109787450172,0,0,0,0,0,38
1,2040,280.037524,0.536170125007629,0.00014146653120406,0,0,0,0,0,38
1,2041,280.197524,0.533416092395782,0.000132110872073099,0,0,0,0,0,38
1,2042,280.357524,0.532310545444489,0.000135106238303706,0,0,0,0,0,38
1,2043,280.517524,0.545925676822662,0.000253084668656811,0,0,0,0,0,38
1,2044,280.677524,0.520654320716858,0.000113815818622243,0,0,0,0,0,38
1,2045,280.837524,0.528295874595642,0.000118693977128714,0,0,0,0,0,38
1,2046,280.997524,0.518423974514008,0.000107389394543134,0,0,0,0,0,38
1,2047,281.157524,0.515301406383514,9.25642889342271E-05,0,0,0,0,0,38
1,2048,281.317524,0.523350238800049,0.000101425903267227,0,0,0,0,0,38
1,2049,281.477524,0.521721065044403,0.000135615846375003,0,0,0,0,0,38
1,2050,281.637524,0.521294355392456,0.000146908758324571,0,0,0,0,0,38
1,2051,281.797524,0.519471287727356,0.000143551616929471,0,0,0,0,0,38
1,2052,281.957524,0.516891777515411,0.000101068013464101,0,0,0,0,0,38
1,2053,282.117524,0.50508040189743,8.41850560391322E-05,0,0,0,0,0,38
1,2054,282.277524,0.514195919036865,4.08845407946501E-05,0,0,0,0,0,38
1,2055,282.437524,0.524785399436951,0.00023487520229537,0,0,0,0,0,38
1,2056,282.597524,0.513749837875366,5.9012327255914E-05,0,0,0,0,0,38
1,2057,282.757524,0.49996018409729,0.000115546899905894,0,0,0,0,0,38
1,2058,282.917524,0.509133875370026,0.000151981425005943,0,0,0,0,0,38
1,2059,283.077524,0.506981074810028,0.00014989243936725,0,0,0,0,0,38
1,2060,283.237524,0.503567576408386,0.000119479773275089,0,0,0,0,0,38
1,2061,283.397524,0.493404775857925,0.00011106941383332,0,0,0,0,0,38
1,2062,283.557524,0.515359580516815,0.000197666551684961,0,0,0,0,0,38
1,2063,283.717524,0.49920380115509,0.00011241538595641,0,0,0,0,0,38
1,2064,283.877524,0.498078882694244,9.4657159934286E-05,0,0,0,0,0,38
1,2065,284.037524,0.509987235069275,0.000246646581217647,0,0,0,0,0,38
1,2066,284.197524,0.512915849685669,0.000231370227993466,0,0,0,0,0,38
1,2067,284.357524,0.493812054395676,0.000127555584185757,0,0,0,0,0,38
1,2068,284.517524,0.49026283621788,0.000113846937892959,0,0,0,0,0,38
1,2069,284.677524,0.489719778299332,8.41694927657954E-05,0,0,0,0,0,38
1,2070,284.837524,0.487722128629684,0.000124198442790657,0,0,0,0,0,38
1,2071,284.997524,0.495732128620148,0.00025419334997423,0,0,0,0,0,38
1,2072,285.157524,0.48473533987999,0.000111501212813891,0,0,0,0,0,38
1,2073,285.317524,0.483843177556992,0.000120666249131318,0,0,0,0,0,38
1,2074,285.477524,0.482097655534744,0.000112683803308755,0,0,0,0,0,38
1,2075,285.637524,0.48182612657547,0.000139066338306293,0,0,0,0,0,38
1,2076,285.797524,0.4787617623806,8.60950822243467E-05,0,0,0,0,0,38
1,2077,285.957524,0.468114048242569,8.34070378914475E-05,0,0,0,0,0,38
1,2078,286.117524,0.489700376987457,0.000215140811633319,0,0,0,0,0,38
1,2079,286.277524,0.483668625354767,0.000239309898461215,0,0,0,0,0,38
1,2080,286.437524,0.47238090634346,0.000105798353615683,0,0,0,0,0,38
1,2081,286.597524,0.463110208511353,8.61262014950626E-05,0,0,0,0,0,38
1,2082,286.757524,0.469238966703415,0.000117332449008245,0,0,0,0,0,38
1,2083,286.917524,0.467900723218918,8.67019334691577E-05,0,0,0,0,0,38
1,2084,287.077524,0.479479372501373,0.000227122262003832,0,0,0,0,0,38
1,2085,287.237524,0.463245987892151,0.000109622305899393,0,0,0,0,0,38
1,2086,287.397524,0.468075275421143,0.000224998279009014,0,0,0,0,0,38
1,2087,287.557524,0.474650084972382,0.000241297719185241,0,0,0,0,0,38
1,2088,287.717524,0.458920955657959,6.79828590364195E-05,0,0,0,0,0,38
1,2089,287.877524,0.469394117593765,0.000236633510212414,0,0,0,0,0,38
1,2090,288.037524,0.447458684444427,7.38490998628549E-05,0,0,0,0,0,38
1,2091,288.197524,0.465146660804749,0.000214074927498586,0,0,0,0,0,38
1,2092,288.357524,0.462373226881027,0.000221571113797836,0,0,0,0,0,38
1,2093,288.517524,0.441620886325836,7.48799720895477E-05,0,0,0,0,0,38
1,2094,288.677524,0.442726373672485,5.38851963938214E-05,0,0,0,0,0,38
1,2095,288.837524,0.464312702417374,0.000205567310331389,0,0,0,0,0,38
1,2096,288.997524,0.438362568616867,7.28960294509307E-05,0,0,0,0,0,38
1,2097,289.157524,0.445034354925156,0.000108354135591071,0,0,0,0,0,38
1,2098,289.317524,0.455352336168289,0.000224827119382098,0,0,0,0,0,38
1,2099,289.477524,0.432679921388626,6.76872077747248E-05,0,0,0,0,0,38
1,2100,289.637524,0.440049916505814,4.23900019086432E-05,0,0,0,0,0,38
1,2101,289.797524,0.439448684453964,0.000104051709058695,0,0,0,0,0,38
1,2102,289.957524,0.437334656715393,9.98465256998315E-05,0,0,0,0,0,38
1,2103,290.117524,0.432524770498276,7.58058158680797E-05,0,0,0,0,0,38
1,2104,290.277524,0.4339599609375,6.47501947241835E-05,0,0,0,0,0,38
1,2105,290.437524,0.432447165250778,9.65983053902164E-05,0,0,0,0,0,38
1,2106,290.597524,0.429790109395981,9.03080435818993E-05,0,0,0,0,0,38
1,2107,290.757524,0.42858761548996,7.78403264121152E-05,0,0,0,0,0,38
1,2108,290.917524,0.419006645679474,7.97892571426928E-05,0,0,0,0,0,38
1,2109,291.077524,0.417765378952026,4.26973165303934E-05,0,0,0,0,0,38
1,2110,291.237524,0.421663701534271,7.75991429691203E-05,0,0,0,0,0,38
1,2111,291.397524,0.422769218683243,9.60186880547553E-05,0,0,0,0,0,38
1,2112,291.557524,0.421392202377319,7.97347965999506E-05,0,0,0,0,0,38
1,2113,291.717524,0.419219970703125,8.84485853021033E-05,0,0,0,0,0,38
1,2114,291.877524,0.409483820199966,5.88178227189928E-05,0,0,0,0,0,38
1,2115,292.037524,0.416834443807602,7.88167380960658E-05,0,0,0,0,0,38
1,2116,292.197524,0.409483820199966,4.76377244922332E-05,0,0,0,0,0,38
1,2117,292.357524,0.405003666877747,3.720062886714E-05,0,0,0,0,0,38
1,2118,292.517524,0.404770910739899,8.1742080510594E-05,0,0,0,0,0,38
1,2119,292.677524,0.41020143032074,9.48516608332284E-05,0,0,0,0,0,38
1,2120,292.837524,0.399379193782806,5.06875476276036E-05,0,0,0,0,0,38
1,2121,292.997524,0.407660722732544,7.40747273084708E-05,0,0,0,0,0,38
1,2122,293.157524,0.399224042892456,6.71970628900453E-05,0,0,0,0,0,38
1,2123,293.317524,0.404189079999924,9.57347074290738E-05,0,0,0,0,0,38
1,2124,293.477524,0.402113854885101,9.16345597943291E-05,0,0,0,0,0,38
1,2125,293.637524,0.392416477203369,3.65587657142896E-05,0,0,0,0,0,38
1,2126,293.797524,0.390244275331497,5.24069655511994E-05,0,0,0,0,0,38
1,2127,293.957524,0.404208481311798,0.000168424798175693,0,0,0,0,0,38
1,2128,294.117524,0.395248115062714,7.69495018175803E-05,0,0,0,0,0,38
1,2129,294.277524,0.393483191728592,7.65410368330777E-05,0,0,0,0,0,38
1,2130,294.437524,0.399495542049408,6.20349237578921E-05,0,0,0,0,0,38
1,2131,294.597524,0.389914572238922,7.75213411543518E-05,0,0,0,0,0,38
1,2132,294.757524,0.381497263908386,4.02465666411445E-05,0,0,0,0,0,38
1,2133,294.917524,0.388266026973724,8.58577914186753E-05,0,0,0,0,0,38
1,2134,295.077524,0.396547555923462,0.000125322680105455,0,0,0,0,0,38
1,2135,295.237524,0.376299470663071,3.24274988088291E-05,0,0,0,0,0,38
1,2136,295.397524,0.396857887506485,0.000148355858982541,0,0,0,0,0,38
1,2137,295.557524,0.388169050216675,0.000127283288748004,0,0,0,0,0,38
1,2138,295.717524,0.385298609733582,0.00012502702884376,0,0,0,0,0,38
1,2139,295.877524,0.377773463726044,7.31605541659519E-05,0,0,0,0,0,38
1,2140,296.037524,0.375543087720871,6.84574479237199E-05,0,0,0,0,0,38
1,2141,296.197524,0.374515175819397,7.05191923771054E-05,0,0,0,0,0,38
1,2142,296.357524,0.372614473104477,6.60417063045315E-05,0,0,0,0,0,38
1,2143,296.517524,0.371955066919327,7.00407108524814E-05,0,0,0,0,0,38
1,2144,296.677524,0.369685888290405,7.49927858123556E-05,0,0,0,0,0,38
1,2145,296.837524,0.368793725967407,7.67005330999382E-05,0,0,0,0,0,38
1,2146,296.997524,0.364953577518463,8.28235206427053E-05,0,0,0,0,0,38
1,2147,297.157524,0.362490445375443,8.30919379950501E-05,0,0,0,0,0,38
1,2148,297.317524,0.365360856056213,8.99696096894331E-05,0,0,0,0,0,38
1,2149,297.477524,0.362897723913193,8.70831645443104E-05,0,0,0,0,0,38
1,2150,297.637524,0.355682879686356,4.15108406741638E-05,0,0,0,0,0,38
1,2151,297.797524,0.359445452690125,7.35106659703888E-05,0,0,0,0,0,38
1,2152,297.957524,0.357292652130127,6.87842111801729E-05,0,0,0,0,0,38
1,2153,298.117524,0.360066086053848,9.86519808066078E-05,0,0,0,0,0,38
1,2154,298.277524,0.353646457195282,6.34212410659529E-05,0,0,0,0,0,38
1,2155,298.437524,0.349360227584839,6.08913542237133E-05,0,0,0,0,0,38
1,2156,298.597524,0.348118960857391,5.92714641243219E-05,0,0,0,0,0,38
1,2157,298.757524,0.349088698625565,6.38634155620821E-05,0,0,0,0,0,38
1,2158,298.917524,0.347634077072144,6.2524457462132E-05,0,0,0,0,0,38
1,2159,299.077524,0.344046056270599,6.55952098895796E-05,0,0,0,0,0,38
1,2160,299.237524,0.343076318502426,6.6841697844211E-05,0,0,0,0,0,38
1,2161,299.397524,0.343153893947601,6.12927324254997E-05,0,0,0,0,0,38
1,2162,299.557524,0.341059267520905,6.05603054282255E-05,0,0,0,0,0,38
1,2163,299.717524,0.339604675769806,6.11540162935853E-05,0,0,0,0,0,38
1,2164,299.877524,0.335764527320862,5.80082705710083E-05,0,0,0,0,0,38
1,2165,300.037524,0.339934378862381,7.07991421222687E-05,0,0,0,0,0,38
1,2166,300.197524,0.337335497140884,6.93074762239121E-05,0,0,0,0,0,38
1,2167,300.357524,0.332583785057068,5.67641145607922E-05,0,0,0,0,0,38
1,2168,300.517524,0.331652849912643,6.42018494545482E-05,0,0,0,0,0,38
1,2169,300.677524,0.328258752822876,5.31276200490538E-05,0,0,0,0,0,38
1,2170,300.837524,0.328569084405899,5.83704058954027E-05,0,0,0,0,0,38
1,2171,300.997524,0.325078040361404,5.25611067132559E-05,0,0,0,0,0,38
1,2172,301.157524,0.329189717769623,6.9682821049355E-05,0,0,0,0,0,38
1,2173,301.317524,0.323894947767258,5.51158627786208E-05,0,0,0,0,0,38
1,2174,301.477524,0.322207599878311,5.568548294832E-05,0,0,0,0,0,38
1,2175,301.637524,0.323119163513184,4.83289586554747E-05,0,0,0,0,0,38
1,2176,301.797524,0.31892991065979,5.2963263442507E-05,0,0,0,0,0,38
1,2177,301.957524,0.317649841308594,5.38950189366005E-05,0,0,0,0,0,38
1,2178,302.117524,0.316408604383469,5.47137060493696E-05,0,0,0,0,0,38
1,2179,302.277524,0.314333349466324,5.20761896041222E-05,0,0,0,0,0,38
1,2180,302.437524,0.312859356403351,5.17253247380722E-05,0,0,0,0,0,38
1,2181,302.597524,0.311288386583328,5.31012010469567E-05,0,0,0,0,0,38
1,2182,302.757524,0.30923256278038,4.91997088829521E-05,0,0,0,0,0,38
1,2183,302.917524,0.308185219764709,5.04885501868557E-05,0,0,0,0,0,38
1,2184,303.077524,0.306265145540237,4.96861830470152E-05,0,0,0,0,0,38
1,2185,303.237524,0.304926931858063,4.97844885103405E-05,0,0,0,0,0,38
1,2186,303.397524,0.302968055009842,4.79543887195177E-05,0,0,0,0,0,38
1,2187,303.557524,0.301513463258743,4.8108646296896E-05,0,0,0,0,0,38
1,2188,303.717524,0.299845516681671,4.76590867037885E-05,0,0,0,0,0,38
1,2189,303.877524,0.298584848642349,4.75211490993388E-05,0,0,0,0,0,38
1,2190,304.037524,0.296742349863052,4.66204764961731E-05,0,0,0,0,0,38
1,2191,304.197524,0.295055001974106,4.55531153420452E-05,0,0,0,0,0,38
1,2192,304.357524,0.293736159801483,4.57528331025969E-05,0,0,0,0,0,38
1,2193,304.517524,0.292126417160034,4.49069448222872E-05,0,0,0,0,0,38
1,2194,304.677524,0.290477871894836,4.4249896745896E-05,0,0,0,0,0,38
1,2195,304.837524,0.288732320070267,4.39643081335817E-05,0,0,0,0,0,38
1,2196,304.997524,0.286909222602844,4.33243585575838E-05,0,0,0,0,0,38
1,2197,305.157524,0.28557100892067,4.27353079430759E-05,0,0,0,0,0,38
1,2198,305.317524,0.284038811922073,4.20918586314656E-05,0,0,0,0,0,38
1,2199,305.477524,0.282138139009476,4.18027739215177E-05,0,0,0,0,0,38
1,2200,305.637524,0.280741721391678,4.09417334594764E-05,0,0,0,0,0,38
1,2201,305.797524,0.27924832701683,4.0394257666776E-05,0,0,0,0,0,38
1,2202,305.957524,0.27769672870636,4.03367521357723E-05,0,0,0,0,0,38
1,2203,306.117524,0.276028782129288,3.94314192817546E-05,0,0,0,0,0,38
1,2204,306.277524,0.274186283349991,3.82300022465643E-05,0,0,0,0,0,38
1,2205,306.437524,0.272673517465591,3.83158730983268E-05,0,0,0,0,0,38
1,2206,306.597524,0.271393448114395,3.86325482395478E-05,0,0,0,0,0,38
1,2207,306.757524,0.269395798444748,3.7883801269345E-05,0,0,0,0,0,38
1,2208,306.917524,0.26749512553215,3.72310278180521E-05,0,0,0,0,0,38
1,2209,307.077524,0.266389608383179,3.57051685568877E-05,0,0,0,0,0,38
1,2210,307.237524,0.264915615320206,3.69477675121743E-05,0,0,0,0,0,38
1,2211,307.397524,0.262801587581635,3.45966182067059E-05,0,0,0,0,0,38
1,2212,307.557524,0.261676698923111,3.47796267305966E-05,0,0,0,0,0,38
1,2213,307.717524,0.259620875120163,3.51872222381644E-05,0,0,0,0,0,38
1,2214,307.877524,0.258166253566742,3.27148409269284E-05,0,0,0,0,0,38
1,2215,308.037524,0.256459534168243,3.27245543303434E-05,0,0,0,0,0,38
1,2216,308.197524,0.255509197711945,3.38991594617255E-05,0,0,0,0,0,38
1,2217,308.357524,0.253802448511124,3.30233560816851E-05,0,0,0,0,0,38
1,2218,308.517524,0.252018123865128,3.20022300002165E-05,0,0,0,0,0,38
1,2219,308.677524,0.250582933425903,3.31710070895497E-05,0,0,0,0,0,38
1,2220,308.837524,0.249264091253281,3.13525670208037E-05,0,0,0,0,0,38
1,2221,308.997524,0.247537955641747,3.18161110044457E-05,0,0,0,0,0,38
1,2222,309.157524,0.245928198099136,3.00575084111188E-05,0,0,0,0,0,38
1,2223,309.317524,0.244279637932777,3.07258233078755E-05,0,0,0,0,0,38
1,2224,309.477524,0.241991072893143,2.92889453703538E-05,0,0,0,0,0,38
1,2225,309.637524,0.240904971957207,2.94035689876182E-05,0,0,0,0,0,38
1,2226,309.797524,0.239237025380135,2.66257848124951E-05,0,0,0,0,0,38
1,2227,309.957524,0.237394526600838,2.71845274255611E-05,0,0,0,0,0,38
1,2228,310.117524,0.235978707671165,2.68989388132468E-05,0,0,0,0,0,38
1,2229,310.277524,0.234174996614456,2.51337296504062E-05,0,0,0,0,0,38
1,2230,310.437524,0.232797980308533,2.31046924454859E-05,0,0,0,0,0,38
1,2231,310.597524,0.231149420142174,2.52262070716824E-05,0,0,0,0,0,38
1,2232,310.757524,0.229462087154388,2.45633309532423E-05,0,0,0,0,0,38
1,2233,310.917524,0.228104457259178,2.41942016145913E-05,0,0,0,0,0,38
1,2234,311.077524,0.226145580410957,2.31777394219534E-05,0,0,0,0,0,38
1,2235,311.237524,0.224981904029846,2.44187867792789E-05,0,0,0,0,0,38
1,2236,311.397524,0.223275169730186,2.3561633497593E-05,0,0,0,0,0,38
1,2237,311.557524,0.221820563077927,2.37360945902765E-05,0,0,0,0,0,38
1,2238,311.717524,0.219958677887917,2.4191482225433E-05,0,0,0,0,0,38
1,2239,311.877524,0.21817435324192,2.20590882236138E-05,0,0,0,0,0,38
1,2240,312.037524,0.216642171144485,1.98594734683866E-05,0,0,0,0,0,38
1,2241,312.197524,0.215245753526688,2.18772438529413E-05,0,0,0,0,0,38
1,2242,312.357524,0.21384933590889,2.02150022232672E-05,0,0,0,0,0,38
1,2243,312.517524,0.212006837129593,1.99060996237677E-05,0,0,0,0,0,38
1,2244,312.677524,0.210474655032158,1.77946876647184E-05,0,0,0,0,0,38
1,2245,312.837524,0.208632156252861,1.88123158295639E-05,0,0,0,0,0,38
1,2246,312.997524,0.207061186432838,1.67723974300316E-05,0,0,0,0,0,38
1,2247,313.157524,0.205645367503166,1.76777321030386E-05,0,0,0,0,0,38
1,2248,313.317524,0.204171374440193,1.90213595487876E-05,0,0,0,0,0,38
1,2249,313.477524,0.20209613442421,1.56238274939824E-05,0,0,0,0,0,38
1,2250,313.637524,0.200583353638649,1.40466790981009E-05,0,0,0,0,0,38
1,2251,313.797524,0.200098484754562,2.17136621358804E-05,0,0,0,0,0,38
1,2252,313.957524,0.197635352611542,1.18789257612661E-05,0,0,0,0,0,38
1,2253,314.117524,0.196044981479645,1.21854964163504E-05,0,0,0,0,0,38
1,2254,314.277524,0.194221884012222,1.20203603728442E-05,0,0,0,0,0,38
1,2255,314.437524,0.192709103226662,1.16702713057748E-05,0,0,0,0,0,38
1,2256,314.597524,0.191273882985115,1.4796202776779E-05,0,0,0,0,0,38
1,2257,314.757524,0.189373210072517,9.65444360190304E-06,0,0,0,0,0,38
1,2258,314.917524,0.188248306512833,1.08811145764776E-05,0,0,0,0,0,38
1,2259,315.077524,0.186347633600235,1.04233959064004E-05,0,0,0,0,0,38
1,2260,315.237524,0.184602111577988,6.13917973169009E-06,0,0,0,0,0,38
1,2261,315.397524,0.183128103613853,8.42897770780837E-06,0,0,0,0,0,38
1,2262,315.557524,0.18175108730793,7.95895266492153E-06,0,0,0,0,0,38
1,2263,315.717524,0.18004435300827,7.36439824322588E-06,0,0,0,0,0,38
1,2264,315.877524,0.178318217396736,7.10608264853363E-06,0,0,0,0,0,38
1,2265,316.037524,0.177018776535988,6.15206499787746E-06,0,0,0,0,0,38
1,2266,316.197524,0.175098687410355,5.66850121686002E-06,0,0,0,0,0,38
1,2267,316.357524,0.173527717590332,4.8795100155985E-06,0,0,0,0,0,38
1,2268,316.517524,0.171937361359596,4.14914575230796E-06,0,0,0,0,0,38
1,2269,316.677524,0.170696094632149,3.66756580660876E-06,0,0,0,0,0,38
1,2270,316.837524,0.16879540681839,2.83897134067956E-06,0,0,0,0,0,38
1,2271,316.997524,0.166855946183205,2.04033221962163E-06,0,0,0,0,0,38
1,2272,317.157524,0.16547891497612,1.18668435789004E-06,0,0,0,0,0,38
1,2273,317.317524,0.164082497358322,6.22550658135879E-07,0,0,0,0,0,38
1,2274,317.477524,0.162298187613487,-1.15066008277154E-07,0,0,0,0,0,38
1,2275,317.637524,0.160610839724541,-8.82941264990222E-07,0,0,0,0,0,38
1,2276,317.797524,0.159078657627106,-1.7522794450997E-06,0,0,0,0,0,38
1,2277,317.957524,0.157585263252258,-2.16756870941026E-06,0,0,0,0,0,38
1,2278,318.117524,0.155742764472961,-3.08244989355444E-06,0,0,0,0,0,38
1,2279,318.277524,0.154792428016663,-3.85428484150907E-06,0,0,0,0,0,38
1,2280,318.437524,0.152329295873642,-4.6654895413667E-06,0,0,0,0,0,38
1,2281,318.597524,0.151301383972168,-5.50902268514619E-06,0,0,0,0,0,38
1,2282,318.757524,0.149633437395096,-6.36091999695054E-06,0,0,0,0,0,38
1,2283,318.917524,0.147946089506149,-7.03433033777401E-06,0,0,0,0,0,38
1,2284,319.077524,0.14623935520649,-8.09992161521222E-06,0,0,0,0,0,38
1,2285,319.237524,0.144765362143517,-8.76247850101208E-06,0,0,0,0,0,38
1,2286,319.397524,0.14307801425457,-9.92093100649072E-06,0,0,0,0,0,38
1,2287,319.557524,0.141410067677498,-1.10546025098301E-05,0,0,0,0,0,38
1,2288,319.717524,0.14011062681675,-1.19763690236141E-05,0,0,0,0,0,38
1,2289,319.877524,0.138423293828964,-1.31072010844946E-05,0,0,0,0,0,38
1,2290,320.037524,0.136891096830368,-1.39261082949815E-05,0,0,0,0,0,38
1,2291,320.197524,0.134971022605896,-1.52307584357914E-05,0,0,0,0,0,38
1,2292,320.357524,0.133438840508461,-1.65888995979913E-05,0,0,0,0,0,38
1,2293,320.517524,0.131867870688438,-1.92024290299742E-05,0,0,0,0,0,38
1,2294,320.677524,0.130510240793228,-1.98843445105013E-05,0,0,0,0,0,38
1,2295,320.837524,0.12826044857502,-2.31264548347099E-05,0,0,0,0,0,38
1,2296,320.997524,0.127174347639084,-2.01423463295214E-05,0,0,0,0,0,38
1,2297,321.157524,0.125099122524261,-2.19250396185089E-05,0,0,0,0,0,38
1,2298,321.317524,0.123954825103283,-2.2812890165369E-05,0,0,0,0,0,38
1,2299,321.477524,0.122713565826416,-2.21426307689399E-05,0,0,0,0,0,38
1,2300,321.637524,0.120696514844894,-2.37088988797041E-05,0,0,0,0,0,38
1,2301,321.797524,0.119164332747459,-2.70500913757132E-05,0,0,0,0,0,38
1,2302,321.957524,0.117476992309093,-2.85176665784093E-05,0,0,0,0,0,38
1,2303,322.117524,0.115537524223328,-3.15705510729458E-05,0,0,0,0,0,38
1,2304,322.277524,0.114063523709774,-3.27894485963043E-05,0,0,0,0,0,38
1,2305,322.437524,0.112143449485302,-3.53636314684991E-05,0,0,0,0,0,38
1,2306,322.597524,0.111406445503235,-3.27443776768632E-05,0,0,0,0,0,38
1,2307,322.757524,0.109156660735607,-3.54631010850426E-05,0,0,0,0,0,38
1,2308,322.917524,0.108206316828728,-3.78635995730292E-05,0,0,0,0,0,38
1,2309,323.077524,0.106247454881668,-4.0074093703879E-05,0,0,0,0,0,38
1,2310,323.237524,0.104870431125164,-4.10687971452717E-05,0,0,0,0,0,38
1,2311,323.397524,0.102989137172699,-4.36849404650275E-05,0,0,0,0,0,38
1,2312,323.557524,0.101515144109726,-4.58670729130972E-05,0,0,0,0,0,38
1,2313,323.717524,0.100099325180054,-4.76171262562275E-05,0,0,0,0,0,38
1,2314,323.877524,0.0984119847416878,-4.95315398438834E-05,0,0,0,0,0,38
1,2315,324.037524,0.0969961732625961,-4.91631908516865E-05,0,0,0,0,0,38
1,2316,324.197524,0.0952118560671806,-5.38577223778702E-05,0,0,0,0,0,38
1,2317,324.357524,0.0935439169406891,-5.48652460565791E-05,0,0,0,0,0,38
1,2318,324.517524,0.0920893102884293,-5.46227893210016E-05,0,0,0,0,0,38
1,2319,324.677524,0.0905765220522881,-5.75948506593704E-05,0,0,0,0,0,38
1,2320,324.837524,0.0886176601052284,-6.19859201833606E-05,0,0,0,0,0,38
1,2321,324.997524,0.0875509455800056,-6.13455777056515E-05,0,0,0,0,0,38
1,2322,325.157524,0.085689052939415,-6.4510757511016E-05,0,0,0,0,0,38
1,2323,325.317524,0.084059901535511,-6.70355948386714E-05,0,0,0,0,0,38
1,2324,325.477524,0.0824501365423203,-6.96245406288654E-05,0,0,0,0,0,38
1,2325,325.637524,0.080937348306179,-7.28996747056954E-05,0,0,0,0,0,38
1,2326,325.797524,0.0795021429657936,-7.58612513891421E-05,0,0,0,0,0,38
1,2327,325.957524,0.0776014551520348,-7.81160342739895E-05,0,0,0,0,0,38
1,2328,326.117524,0.0757395625114441,-8.63231107359752E-05,0,0,0,0,0,38
1,2329,326.277524,0.0742267742753029,-8.794067252893E-05,0,0,0,0,0,38
1,2330,326.437524,0.072539433836937,-9.08183137653396E-05,0,0,0,0,0,38
1,2331,326.597524,0.0712593868374825,-9.13906551431865E-05,0,0,0,0,0,38
1,2332,326.757524,0.0692229419946671,-9.52653354033828E-05,0,0,0,0,0,38
1,2333,326.917524,0.0680786520242691,-9.78453463176265E-05,0,0,0,0,0,38
1,2334,327.077524,0.0666628405451775,-0.000101468242064584,0,0,0,0,0,38
1,2335,327.237524,0.0648009479045868,-0.000105482024082448,0,0,0,0,0,38
1,2336,327.397524,0.0632881596684456,-0.000108383756014518,0,0,0,0,0,38
1,2337,327.557524,0.0616008155047894,-0.000114862923510373,0,0,0,0,0,38
1,2338,327.717524,0.0601656101644039,-0.000117271192721091,0,0,0,0,0,38
1,2339,327.877524,0.058323111385107,-0.000119993805128615,0,0,0,0,0,38
1,2340,328.037524,0.0570042692124844,-0.000126051774714142,0,0,0,0,0,38
1,2341,328.197524,0.0552199557423592,-0.000129126419778913,0,0,0,0,0,38
1,2342,328.357524,0.0535326153039932,-0.000132093045976944,0,0,0,0,0,38
1,2343,328.517524,0.0521555915474892,-0.000138063973281533,0,0,0,0,0,38
1,2344,328.677524,0.0499833822250366,-0.000144412202644162,0,0,0,0,0,38
1,2345,328.837524,0.0489360690116882,-0.000147791870404035,0,0,0,0,0,38
1,2346,328.997524,0.0468026474118233,-0.000152240056195296,0,0,0,0,0,38
1,2347,329.157524,0.0454062297940254,-0.000155470115714706,0,0,0,0,0,38
1,2348,329.317524,0.0437576770782471,-0.000159119823365472,0,0,0,0,0,38
1,2349,329.477524,0.0427879430353642,-0.00016365155170206,0,0,0,0,0,38
1,2350,329.637524,0.0407902859151363,-0.000168853919603862,0,0,0,0,0,38
1,2351,329.797524,0.040576945990324,-0.000159131857799366,0,0,0,0,0,38
1,2352,329.957524,0.0391417369246483,-0.000158812865265645,0,0,0,0,0,38
1,2353,330.117524,0.0343124531209469,-0.000202241761144251,0,0,0,0,0,38
1,2354,330.277524,0.0334784798324108,-0.000198087145690806,0,0,0,0,0,38
1,2355,330.437524,0.034273661673069,-0.000175081193447113,0,0,0,0,0,38
1,2356,330.597524,0.0289207212626934,-0.00022620077652391,0,0,0,0,0,38
1,2357,330.757524,0.0260696988552809,-0.00023631111253053,0,0,0,0,0,38
1,2358,330.917524,0.0263412240892649,-0.000222921444219537,0,0,0,0,0,38
1,2359,331.077524,0.0247508566826582,-0.000233237937209196,0,0,0,0,0,38
1,2360,331.237524,0.0233350433409214,-0.000234350503887981,0,0,0,0,0,38
1,2361,331.397524,0.0200767312198877,-0.000254925165791065,0,0,0,0,0,38
1,2362,331.557524,0.0223459117114544,-0.000219362016650848,0,0,0,0,0,38
1,2363,331.717524,0.0192427579313517,-0.000241609392105602,0,0,0,0,0,38
1,2364,331.877524,0.0167796295136213,-0.000254357204539701,0,0,0,0,0,38
1,2365,332.037524,0.0181178636848927,-0.000227468946832232,0,0,0,0,0,38
1,2366,332.197524,0.0130170546472073,-0.000272979028522968,0,0,0,0,0,38
1,2367,332.357524,0.0149177368730307,-0.00023822502407711,0,0,0,0,0,38
1,2368,332.517524,0.0123770283535123,-0.000250284298090264,0,0,0,0,0,38
1,2369,332.677524,0.0112327402457595,-0.000252338242717087,0,0,0,0,0,38
1,2370,332.837524,0.00859505962580442,-0.000271952041657642,0,0,0,0,0,38
1,2371,332.997524,0.00875021703541279,-0.000252746714977548,0,0,0,0,0,38
1,2372,333.157524,0.0043670111335814,-0.000291464704787359,0,0,0,0,0,38
1,2373,333.317524,0.00291240750811994,-0.000292417767923325,0,0,0,0,0,38
1,2374,333.477524,0.00518158916383982,-0.000258574058534577,0,0,0,0,0,38
1,2375,333.637524,0.00122506718616933,-0.000287065020529553,0,0,0,0,0,38
1,2376,333.797524,-0.00222719227895141,-0.00030980643350631,0,0,0,0,0,38
1,2377,333.957524,-0.00397271662950516,-0.000315976125421003,0,0,0,0,0,38
1,2378,334.117524,-0.00637766160070896,-0.000325709115713835,0,0,0,0,0,38
1,2379,334.277524,-0.00773529149591923,-0.000331050192471594,0,0,0,0,0,38
1,2380,334.437524,-0.00513639952987432,-0.000290896743535995,0,0,0,0,0,38
1,2381,334.597524,-0.0085110804066062,-0.000313365861074999,0,0,0,0,0,38
1,2382,334.757524,-0.0101790260523558,-0.000315703800879419,0,0,0,0,0,38
1,2383,334.917524,-0.0107996566221118,-0.000309506896883249,0,0,0,0,0,38
1,2384,335.077524,-0.0153380203992128,-0.000347867025993764,0,0,0,0,0,38
1,2385,335.237524,-0.0161332041025162,-0.000338694197125733,0,0,0,0,0,38
1,2386,335.397524,-0.0170835442841053,-0.000334928598022088,0,0,0,0,0,38
1,2387,335.557524,-0.0166956502944231,-0.000318691396387294,0,0,0,0,0,38
1,2388,335.717524,-0.0179369114339352,-0.000318998703733087,0,0,0,0,0,38
1,2389,335.877524,-0.0220291968435049,-0.000345462933182716,0,0,0,0,0,38
1,2390,336.037524,-0.0240462478250265,-0.000354036688804626,0,0,0,0,0,38
1,2391,336.197524,-0.025365088135004,-0.000356051750713959,0,0,0,0,0,38
1,2392,336.357524,-0.0238135103136301,-0.000322328618494794,0,0,0,0,0,38
1,2393,336.517524,-0.027033032849431,-0.000343747407896444,0,0,0,0,0,38
1,2394,336.677524,-0.032482948154211,-0.000386141531635076,0,0,0,0,0,38
1,2395,336.837524,-0.0307762138545513,-0.000355398224201053,0,0,0,0,0,38
1,2396,336.997524,-0.0313386619091034,-0.000342109706252813,0,0,0,0,0,38
1,2397,337.157524,-0.0339569486677647,-0.000356802542228252,0,0,0,0,0,38
1,2398,337.317524,-0.0354115515947342,-0.00035616455716081,0,0,0,0,0,38
1,2399,337.477524,-0.0388444140553474,-0.000378567550797015,0,0,0,0,0,38
1,2400,337.637524,-0.0377001278102398,-0.000353511539287865,0,0,0,0,0,38
1,2401,337.797524,-0.0391159430146217,-0.000353336479747668,0,0,0,0,0,38
1,2402,337.957524,-0.0414433069527149,-0.000359926285455003,0,0,0,0,0,38
1,2403,338.117524,-0.0452834628522396,-0.000387261883588508,0,0,0,0,0,38
1,2404,338.277524,-0.0435185432434082,-0.000346672750310972,0,0,0,0,0,38
1,2405,338.437524,-0.0476108267903328,-0.000379061588319018,0,0,0,0,0,38
1,2406,338.597524,-0.0521297976374626,-0.000409641535952687,0,0,0,0,0,38
1,2407,338.757524,-0.0495502986013889,-0.000364465988241136,0,0,0,0,0,38
1,2408,338.917524,-0.0498412176966667,-0.000352846313035116,0,0,0,0,0,38
1,2409,339.077524,-0.0545347407460213,-0.00038567473529838,0,0,0,0,0,38
1,2410,339.237524,-0.0547868721187115,-0.000371359230484813,0,0,0,0,0,38
1,2411,339.397524,-0.0596937350928783,-0.00040426931809634,0,0,0,0,0,38
1,2412,339.557524,-0.0600622333586216,-0.000395396054955199,0,0,0,0,0,38
1,2413,339.717524,-0.0622732304036617,-0.000403117854148149,0,0,0,0,0,38
1,2414,339.877524,-0.0622732304036617,-0.000379613979021087,0,0,0,0,0,38
1,2415,340.037524,-0.061284102499485,-0.000355098687577993,0,0,0,0,0,38
1,2416,340.197524,-0.0659582316875458,-0.000385425781132653,0,0,0,0,0,38
1,2417,340.357524,-0.066869780421257,-0.00037710097967647,0,0,0,0,0,38
1,2418,340.517524,-0.0674904137849808,-0.000367807573638856,0,0,0,0,0,38
1,2419,340.677524,-0.0672964602708817,-0.000347450783010572,0,0,0,0,0,38
1,2420,340.837524,-0.0704965889453888,-0.000362124177627265,0,0,0,0,0,38
1,2421,340.997524,-0.0735221654176712,-0.000376062351278961,0,0,0,0,0,38
1,2422,341.157524,-0.0737549066543579,-0.000358129065716639,0,0,0,0,0,38
1,2423,341.317524,-0.0760046914219856,-0.000367013999493793,0,0,0,0,0,38
1,2424,341.477524,-0.079728476703167,-0.000386775616789237,0,0,0,0,0,38
1,2425,341.637524,-0.0788363218307495,-0.000356818083673716,0,0,0,0,0,38
1,2426,341.797524,-0.0811636820435524,-0.000363011116860434,0,0,0,0,0,38
1,2427,341.957524,-0.0834134742617607,-0.000370682362699881,0,0,0,0,0,38
1,2428,342.117524,-0.084771104156971,-0.000365524116205052,0,0,0,0,0,38
1,2429,342.277524,-0.0845189690589905,-0.000342778774211183,0,0,0,0,0,38
1,2430,342.437524,-0.0921410918235779,-0.000406128790928051,0,0,0,0,0,38
1,2431,342.597524,-0.0898331254720688,-0.000360937701771036,0,0,0,0,0,38
1,2432,342.757524,-0.0892318859696388,-0.000336068391334265,0,0,0,0,0,38
1,2433,342.917524,-0.0904537513852119,-0.000328832829836756,0,0,0,0,0,38
1,2434,343.077524,-0.0940223783254623,-0.000347450783010572,0,0,0,0,0,38
1,2435,343.237524,-0.0964079350233078,-0.000352188886608928,0,0,0,0,0,38
1,2436,343.397524,-0.0996468514204025,-0.000369849876733497,0,0,0,0,0,38
1,2437,343.557524,-0.0995886623859406,-0.000347660854458809,0,0,0,0,0,38
1,2438,343.717524,-0.100267477333546,-0.000339071528287604,0,0,0,0,0,38
1,2439,343.877524,-0.0987740904092789,-0.000298746948828921,0,0,0,0,0,38
1,2440,344.037524,-0.101082056760788,-0.000305068329907954,0,0,0,0,0,38
1,2441,344.197524,-0.107385344803333,-0.000351220282027498,0,0,0,0,0,38
1,2442,344.357524,-0.108684785664082,-0.000347715307725593,0,0,0,0,0,38
1,2443,344.517524,-0.107618078589439,-0.00031347869662568,0,0,0,0,0,38
1,2444,344.677524,-0.108898125588894,-0.000311012379825115,0,0,0,0,0,38
1,2445,344.837524,-0.110624261200428,-0.000309071212541312,0,0,0,0,0,38
1,2446,344.997524,-0.11314557492733,-0.000316384568577632,0,0,0,0,0,38
1,2447,345.157524,-0.115531124174595,-0.000322114676237106,0,0,0,0,0,38
1,2448,345.317524,-0.114619567990303,-0.000292075448669493,0,0,0,0,0,38
1,2449,345.477524,-0.117974855005741,-0.000304963294183835,0,0,0,0,0,38
1,2450,345.637524,-0.122377455234528,-0.00033853470813483,0,0,0,0,0,38
1,2451,345.797524,-0.121795617043972,-0.000307379028527066,0,0,0,0,0,38
1,2452,345.957524,-0.122784748673439,-0.000301466119708493,0,0,0,0,0,38
1,2453,346.117524,-0.122959300875664,-0.000286333670374006,0,0,0,0,0,38
1,2454,346.277524,-0.12710976600647,-0.000309479684801772,0,0,0,0,0,38
1,2455,346.437524,-0.125034525990486,-0.000264292466454208,0,0,0,0,0,38
1,2456,346.597524,-0.131958439946175,-0.00032242588349618,0,0,0,0,0,38
1,2457,346.757524,-0.131842076778412,-0.000297268707072362,0,0,0,0,0,38
1,2458,346.917524,-0.131958439946175,-0.000283696193946525,0,0,0,0,0,38
1,2459,347.077524,-0.132501497864723,-0.000270399905275553,0,0,0,0,0,38
1,2460,347.237524,-0.135934367775917,-0.00028705334989354,0,0,0,0,0,38
1,2461,347.397524,-0.135837391018867,-0.000263308291323483,0,0,0,0,0,38
1,2462,347.557524,-0.139735728502274,-0.000285190006252378,0,0,0,0,0,38
1,2463,347.717524,-0.137291997671127,-0.000241360437939875,0,0,0,0,0,38
1,2464,347.877524,-0.140705466270447,-0.000260585220530629,0,0,0,0,0,38
1,2465,348.037524,-0.142373412847519,-0.000257535401033238,0,0,0,0,0,38
1,2466,348.197524,-0.142024308443069,-0.000235871528275311,0,0,0,0,0,38
1,2467,348.357524,-0.146407514810562,-0.000262487475993112,0,0,0,0,0,38
1,2468,348.517524,-0.149491265416145,-0.000275670958217233,0,0,0,0,0,38
1,2469,348.677524,-0.148094847798347,-0.000242371854255907,0,0,0,0,0,38
1,2470,348.837524,-0.149433091282845,-0.000234509992878884,0,0,0,0,0,38
1,2471,348.997524,-0.155096337199211,-0.000276690174359828,0,0,0,0,0,38
1,2472,349.157524,-0.151527717709541,-0.000223594426643103,0,0,0,0,0,38
1,2473,349.317524,-0.157326728105545,-0.000263141002506018,0,0,0,0,0,38
1,2474,349.477524,-0.158277079463005,-0.000251820863923058,0,0,0,0,0,38
1,2475,349.637524,-0.159324392676353,-0.000245168834226206,0,0,0,0,0,38
1,2476,349.797524,-0.163707599043846,-0.000276164995739236,0,0,0,0,0,38
1,2477,349.957524,-0.162427544593811,-0.000242679176153615,0,0,0,0,0,38
1,2478,350.117524,-0.16312575340271,-0.000234502222156152,0,0,0,0,0,38
1,2479,350.277524,-0.174219533801079,-0.000333341449731961,0,0,0,0,0,38
1,2480,350.437524,-0.166849538683891,-0.000232938400586136,0,0,0,0,0,38
1,2481,350.597524,-0.171989142894745,-0.000270427146460861,0,0,0,0,0,38
1,2482,350.757524,-0.171581849455833,-0.000250050885370001,0,0,0,0,0,38
1,2483,350.917524,-0.171058192849159,-0.000223384355194867,0,0,0,0,0,38
1,2484,351.077524,-0.175538375973701,-0.000249237840762362,0,0,0,0,0,38
1,2485,351.237524,-0.173637688159943,-0.000210006357519887,0,0,0,0,0,38
1,2486,351.397524,-0.177885130047798,-0.000240660214331001,0,0,0,0,0,38
1,2487,351.557524,-0.177109345793724,-0.00021387699234765,0,0,0,0,0,38
1,2488,351.717524,-0.180852517485619,-0.000229161130846478,0,0,0,0,0,38
1,2489,351.877524,-0.180813729763031,-0.000213472434552386,0,0,0,0,0,38
1,2490,352.037524,-0.182830780744553,-0.00021825723524671,0,0,0,0,0,38
1,2491,352.197524,-0.183470815420151,-0.000206960423383862,0,0,0,0,0,38
1,2492,352.357524,-0.187950983643532,-0.000234506107517518,0,0,0,0,0,38
1,2493,352.517524,-0.189269825816154,-0.000231164522119798,0,0,0,0,0,38
1,2494,352.677524,-0.192023873329163,-0.000240920853684656,0,0,0,0,0,38
1,2495,352.837524,-0.193691819906235,-0.000238676278968342,0,0,0,0,0,38
1,2496,352.997524,-0.192217826843262,-0.000205552219995297,0,0,0,0,0,38
1,2497,353.157524,-0.196407079696655,-0.000235186875215732,0,0,0,0,0,38
1,2498,353.317524,-0.195708870887756,-0.000206069598789327,0,0,0,0,0,38
1,2499,353.477524,-0.199316293001175,-0.000229736862820573,0,0,0,0,0,38
1,2500,353.637524,-0.199878737330437,-0.00021326236310415,0,0,0,0,0,38
1,2501,353.797524,-0.197803512215614,-0.000171128878719173,0,0,0,0,0,38
1,2502,353.957524,-0.197861686348915,-0.00015563856868539,0,0,0,0,0,38
1,2503,354.117524,-0.203524947166443,-0.000197344139451161,0,0,0,0,0,38
1,2504,354.277524,-0.206123843789101,-0.000208146899240091,0,0,0,0,0,38
1,2505,354.437524,-0.211341023445129,-0.000244313006987795,0,0,0,0,0,38
1,2506,354.597524,-0.205852314829826,-0.000168160739121959,0,0,0,0,0,38
1,2507,354.757524,-0.210002779960632,-0.000192174222320318,0,0,0,0,0,38
1,2508,354.917524,-0.212621062994003,-0.000201296468731016,0,0,0,0,0,38
1,2509,355.077524,-0.214851453900337,-0.00021027478214819,0,0,0,0,0,38
1,2510,355.237524,-0.211690127849579,-0.000154035849845968,0,0,0,0,0,38
1,2511,355.397524,-0.217915832996368,-0.000205427742912434,0,0,0,0,0,38
1,2512,355.557524,-0.220631092786789,-0.000213452978641726,0,0,0,0,0,38
1,2513,355.717524,-0.220262587070465,-0.000192804422113113,0,0,0,0,0,38
1,2514,355.877524,-0.219894081354141,-0.000170273051480763,0,0,0,0,0,38
1,2515,356.037524,-0.223617866635323,-0.000191403989447281,0,0,0,0,0,38
1,2516,356.197524,-0.226410716772079,-0.000204322946956381,0,0,0,0,0,38
1,2517,356.357524,-0.228932023048401,-0.000214157087611966,0,0,0,0,0,38
1,2518,356.517524,-0.228970810770988,-0.000192353167221881,0,0,0,0,0,38
1,2519,356.677524,-0.228621706366539,-0.000171829087776132,0,0,0,0,0,38
1,2520,356.837524,-0.230153888463974,-0.00017039364320226,0,0,0,0,0,38
1,2521,356.997524,-0.233043700456619,-0.000184203439857811,0,0,0,0,0,38
1,2522,357.157524,-0.233625546097755,-0.000168413593200967,0,0,0,0,0,38
1,2523,357.317524,-0.23550683259964,-0.000175104534719139,0,0,0,0,0,38
1,2524,357.477524,-0.237407520413399,-0.000173151711351238,0,0,0,0,0,38
1,2525,357.637524,-0.241170093417168,-0.000197503642993979,0,0,0,0,0,38
1,2526,357.797524,-0.241945877671242,-0.000187607263796963,0,0,0,0,0,38
1,2527,357.957524,-0.242876827716827,-0.000180963004822843,0,0,0,0,0,38
1,2528,358.117524,-0.24640665948391,-0.000199475907720625,0,0,0,0,0,38
1,2529,358.277524,-0.246232107281685,-0.000176547764567658,0,0,0,0,0,38
1,2530,358.437524,-0.248249158263206,-0.000179827096872032,0,0,0,0,0,38
1,2531,358.597524,-0.246367871761322,-0.000143384808325209,0,0,0,0,0,38
1,2532,358.757524,-0.248598262667656,-0.000150620355270803,0,0,0,0,0,38
1,2533,358.917524,-0.249917104840279,-0.000145279278513044,0,0,0,0,0,38
1,2534,359.077524,-0.253408163785934,-0.000169253849890083,0,0,0,0,0,38
1,2535,359.237524,-0.256782829761505,-0.000180609000381082,0,0,0,0,0,38
1,2536,359.397524,-0.254591226577759,-0.000144392339279875,0,0,0,0,0,38
1,2537,359.557524,-0.254843354225159,-0.000126999773783609,0,0,0,0,0,38
1,2538,359.717524,-0.256763428449631,-0.000126921964692883,0,0,0,0,0,38
1,2539,359.877524,-0.260099321603775,-0.000144952500704676,0,0,0,0,0,38
1,2540,360.037524,-0.263396441936493,-0.000163745498866774,0,0,0,0,0,38
1,2541,360.197524,-0.264482527971268,-0.00015649049601052,0,0,0,0,0,38
1,2542,360.357524,-0.267643868923187,-0.000172369807842188,0,0,0,0,0,38
1,2543,360.517524,-0.266499578952789,-0.000140467236633413,0,0,0,0,0,38
1,2544,360.677524,-0.268574833869934,-0.000146045626024716,0,0,0,0,0,38
1,2545,360.837524,-0.273772597312927,-0.000185860626515932,0,0,0,0,0,38
1,2546,360.997524,-0.273423492908478,-0.000164858065545559,0,0,0,0,0,38
1,2547,361.157524,-0.272259831428528,-0.00013090152060613,0,0,0,0,0,38
1,2548,361.317524,-0.27749639749527,-0.000170498678926378,0,0,0,0,0,38
1,2549,361.477524,-0.280405610799789,-0.000189042708370835,0,0,0,0,0,38
1,2550,361.637524,-0.277709722518921,-0.000140389442094602,0,0,0,0,0,38
1,2551,361.797524,-0.281414121389389,-0.000162488999194466,0,0,0,0,0,38
1,2552,361.957524,-0.283469974994659,-0.000165947290952317,0,0,0,0,0,38
1,2553,362.117524,-0.28286874294281,-0.000141428085044026,0,0,0,0,0,38
1,2554,362.277524,-0.288590162992477,-0.000183176467544399,0,0,0,0,0,38
1,2555,362.437524,-0.287523448467255,-0.000153183922520839,0,0,0,0,0,38
1,2556,362.597524,-0.286398559808731,-0.000125237565953285,0,0,0,0,0,38
1,2557,362.757524,-0.291906654834747,-0.0001637688401388,0,0,0,0,0,38
1,2558,362.917524,-0.291654527187347,-0.00014390995784197,0,0,0,0,0,38
1,2559,363.077524,-0.293613404035568,-0.000144158926559612,0,0,0,0,0,38
1,2560,363.237524,-0.297065675258636,-0.00017016803030856,0,0,0,0,0,38
1,2561,363.397524,-0.294311612844467,-0.000121701479656622,0,0,0,0,0,38
1,2562,363.557524,-0.295998960733414,-0.000119355761853512,0,0,0,0,0,38
1,2563,363.717524,-0.299509406089783,-0.000140545045724139,0,0,0,0,0,38
1,2564,363.877524,-0.300808846950531,-0.000135480149765499,0,0,0,0,0,38
1,2565,364.037524,-0.303213775157928,-0.000145878351759166,0,0,0,0,0,38
1,2566,364.197524,-0.300983399152756,-9.89756154012866E-05,0,0,0,0,0,38
1,2567,364.357524,-0.306181192398071,-0.000139712559757754,0,0,0,0,0,38
1,2568,364.517524,-0.308333992958069,-0.000148469145642594,0,0,0,0,0,38
1,2569,364.677524,-0.310060113668442,-0.000149091560160741,0,0,0,0,0,38
1,2570,364.837524,-0.309245556592941,-0.000117418501758948,0,0,0,0,0,38
1,2571,364.997524,-0.313434809446335,-0.000149305502418429,0,0,0,0,0,38
1,2572,365.157524,-0.315917313098907,-0.000156039241119288,0,0,0,0,0,38
1,2573,365.317524,-0.312755972146988,-0.000105246428574901,0,0,0,0,0,38
1,2574,365.477524,-0.318322271108627,-0.00014810347056482,0,0,0,0,0,38
1,2575,365.637524,-0.319679886102676,-0.000142991906614043,0,0,0,0,0,38
1,2576,365.797524,-0.323966145515442,-0.000173392909346148,0,0,0,0,0,38
1,2577,365.957524,-0.320455700159073,-0.00011547734902706,0,0,0,0,0,38
1,2578,366.117524,-0.321793913841248,-0.000112692046968732,0,0,0,0,0,38
1,2579,366.277524,-0.325983196496964,-0.00014249786909204,0,0,0,0,0,38
1,2580,366.437524,-0.326312899589539,-0.000126680781249888,0,0,0,0,0,38
1,2581,366.597524,-0.330075472593308,-0.000146987018524669,0,0,0,0,0,38
1,2582,366.757524,-0.329726368188858,-0.000129392181406729,0,0,0,0,0,38
1,2583,366.917524,-0.333198010921478,-0.000145664394949563,0,0,0,0,0,38
1,2584,367.077524,-0.336650282144547,-0.000165130360983312,0,0,0,0,0,38
1,2585,367.237524,-0.336689054965973,-0.000149974599480629,0,0,0,0,0,38
1,2586,367.397524,-0.337852746248245,-0.000143723242217675,0,0,0,0,0,38
1,2587,367.557524,-0.337445467710495,-0.000119332420581486,0,0,0,0,0,38
1,2588,367.717524,-0.338841885328293,-0.000116158109449316,0,0,0,0,0,38
1,2589,367.877524,-0.344020277261734,-0.000158186565386131,0,0,0,0,0,38
1,2590,368.037524,-0.340199500322342,-9.91312190308236E-05,0,0,0,0,0,38
1,2591,368.197524,-0.344466358423233,-0.00012698421778623,0,0,0,0,0,38
1,2592,368.357524,-0.34595975279808,-0.000121495308121666,0,0,0,0,0,38
1,2593,368.517524,-0.347356170415878,-0.000119709759019315,0,0,0,0,0,38
1,2594,368.677524,-0.34696826338768,-9.9574688647408E-05,0,0,0,0,0,38
1,2595,368.837524,-0.351933300495148,-0.000137919239932671,0,0,0,0,0,38
1,2596,368.997524,-0.352495759725571,-0.000126213970361277,0,0,0,0,0,38
1,2597,369.157524,-0.354221880435944,-0.000124615151435137,0,0,0,0,0,38
1,2598,369.317524,-0.356219530105591,-0.000129170439322479,0,0,0,0,0,38
1,2599,369.477524,-0.354803740978241,-9.81625853455625E-05,0,0,0,0,0,38
1,2600,369.637524,-0.357402622699738,-0.000105810489912983,0,0,0,0,0,38
1,2601,369.797524,-0.359245121479034,-0.000109638334834017,0,0,0,0,0,38
1,2602,369.957524,-0.363919258117676,-0.000142066070111468,0,0,0,0,0,38
1,2603,370.117524,-0.363996833562851,-0.000123487028758973,0,0,0,0,0,38
1,2604,370.277524,-0.361107021570206,-7.88716643000953E-05,0,0,0,0,0,38
1,2605,370.437524,-0.364423513412476,-9.59763638093136E-05,0,0,0,0,0,38
1,2606,370.597524,-0.368554592132568,-0.000124296158901416,0,0,0,0,0,38
1,2607,370.757524,-0.370106160640717,-0.000121534205391072,0,0,0,0,0,38
1,2608,370.917524,-0.372530490159988,-0.000127727224025875,0,0,0,0,0,38
1,2609,371.077524,-0.374702721834183,-0.000136627728352323,0,0,0,0,0,38
1,2610,371.237524,-0.37679734826088,-0.000140249394462444,0,0,0,0,0,38
1,2611,371.397524,-0.377282202243805,-0.000128528568893671,0,0,0,0,0,38
1,2612,371.557524,-0.376971900463104,-0.000104561775515322,0,0,0,0,0,38
1,2613,371.717524,-0.378057986497879,-0.00010179203673033,0,0,0,0,0,38
1,2614,371.877524,-0.380075037479401,-9.9251810752321E-05,0,0,0,0,0,38
1,2615,372.037524,-0.379066526889801,-7.5891861342825E-05,0,0,0,0,0,38
1,2616,372.197524,-0.386378318071365,-0.000137744180392474,0,0,0,0,0,38
1,2617,372.357524,-0.38630074262619,-0.00011527506285347,0,0,0,0,0,38
1,2618,372.517524,-0.389888763427734,-0.000140848467708565,0,0,0,0,0,38
1,2619,372.677524,-0.389268130064011,-0.000113536196295172,0,0,0,0,0,38
1,2620,372.837524,-0.392216145992279,-0.000128501342260279,0,0,0,0,0,38
1,2621,372.997524,-0.393631964921951,-0.000126995888422243,0,0,0,0,0,38
1,2622,373.157524,-0.393651336431503,-0.000112233021354768,0,0,0,0,0,38
1,2623,373.317524,-0.396812677383423,-0.000124506230349652,0,0,0,0,0,38
1,2624,373.477524,-0.395901143550873,-9.94151923805475E-05,0,0,0,0,0,38
1,2625,373.637524,-0.403232336044312,-0.000160975760081783,0,0,0,0,0,38
1,2626,373.797524,-0.398849129676819,-9.27787114051171E-05,0,0,0,0,0,38
1,2627,373.957524,-0.402088046073914,-0.000114983304229099,0,0,0,0,0,38
1,2628,374.117524,-0.402049243450165,-9.20084785320796E-05,0,0,0,0,0,38
1,2629,374.277524,-0.408410727977753,-0.000148803694173694,0,0,0,0,0,38
1,2630,374.437524,-0.407033711671829,-0.000114205293357372,0,0,0,0,0,38
1,2631,374.597524,-0.411882370710373,-0.000148076243931428,0,0,0,0,0,38
1,2632,374.757524,-0.409768342971802,-0.000106397892523091,0,0,0,0,0,38
1,2633,374.917524,-0.411281138658524,-0.000104791288322303,0,0,0,0,0,38
1,2634,375.077524,-0.416013449430466,-0.00014194157847669,0,0,0,0,0,38
1,2635,375.237524,-0.416246175765991,-0.000125770500744693,0,0,0,0,0,38
1,2636,375.397524,-0.416013449430466,-0.000106611849332694,0,0,0,0,0,38
1,2637,375.557524,-0.420881539583206,-0.000139700889121741,0,0,0,0,0,38
1,2638,375.717524,-0.423519194126129,-0.000150507548823953,0,0,0,0,0,38
1,2639,375.877524,-0.420629382133484,-0.000102889040135778,0,0,0,0,0,38
1,2640,376.037524,-0.417700797319412,-5.27886586496606E-05,0,0,0,0,0,38
1,2641,376.197524,-0.426777511835098,-0.000135787471663207,0,0,0,0,0,38
1,2642,376.357524,-0.428736388683319,-0.000137499111588113,0,0,0,0,0,38
1,2643,376.517524,-0.428406685590744,-0.000114174166810699,0,0,0,0,0,38
1,2644,376.677524,-0.42598232626915,-7.16983558959328E-05,0,0,0,0,0,38
1,2645,376.837524,-0.43160679936409,-0.000114567068521865,0,0,0,0,0,38
1,2646,376.997524,-0.433080792427063,-0.000110673092422076,0,0,0,0,0,38
1,2647,377.157524,-0.430772840976715,-6.59410288790241E-05,0,0,0,0,0,38
1,2648,377.317524,-0.434225082397461,-8.97716818144545E-05,0,0,0,0,0,38
1,2649,377.477524,-0.436959743499756,-0.000101613091828767,0,0,0,0,0,38
1,2650,377.637524,-0.438394963741302,-9.68983076745644E-05,0,0,0,0,0,38
1,2651,377.797524,-0.437910079956055,-7.37989976187237E-05,0,0,0,0,0,38
1,2652,377.957524,-0.444174587726593,-0.000127816689200699,0,0,0,0,0,38
1,2653,378.117524,-0.444465488195419,-0.000113415604573675,0,0,0,0,0,38
1,2654,378.277524,-0.445784330368042,-0.000110066241177265,0,0,0,0,0,38
1,2655,378.437524,-0.447878956794739,-0.00011413137690397,0,0,0,0,0,38
1,2656,378.597524,-0.449876636266708,-0.000117434057756327,0,0,0,0,0,38
1,2657,378.757524,-0.450826972723007,-0.000112719280878082,0,0,0,0,0,38
1,2658,378.917524,-0.453193128108978,-0.000119593052659184,0,0,0,0,0,38
1,2659,379.077524,-0.451602756977081,-8.36798062664457E-05,0,0,0,0,0,38
1,2660,379.237524,-0.454725295305252,-9.77580202743411E-05,0,0,0,0,0,38
1,2661,379.397524,-0.454996824264526,-8.51269214763306E-05,0,0,0,0,0,38
1,2662,379.557524,-0.457149654626846,-9.17128272703849E-05,0,0,0,0,0,38
1,2663,379.717524,-0.459651559591293,-9.83959907898679E-05,0,0,0,0,0,38
1,2664,379.877524,-0.46440327167511,-0.000137055641971529,0,0,0,0,0,38
1,2665,380.037524,-0.462134093046188,-9.00906670722179E-05,0,0,0,0,0,38
1,2666,380.197524,-0.462929278612137,-8.18748085293919E-05,0,0,0,0,0,38
1,2667,380.357524,-0.468514949083328,-0.000122650657431223,0,0,0,0,0,38
1,2668,380.517524,-0.467739164829254,-0.000102764555776957,0,0,0,0,0,38
1,2669,380.677524,-0.467816740274429,-8.31935467431322E-05,0,0,0,0,0,38
1,2670,380.837524,-0.468922227621078,-7.65609584050253E-05,0,0,0,0,0,38
1,2671,380.997524,-0.470628976821899,-7.91361890151165E-05,0,0,0,0,0,38
1,2672,381.157524,-0.47706800699234,-0.000129734500660561,0,0,0,0,0,38
1,2673,381.317524,-0.482828259468079,-0.00017774201114662,0,0,0,0,0,38
1,2674,381.477524,-0.478891134262085,-0.000116449868073687,0,0,0,0,0,38
1,2675,381.637524,-0.479744493961334,-0.000110692548332736,0,0,0,0,0,38
1,2676,381.797524,-0.481431841850281,-0.000109704466012772,0,0,0,0,0,38
1,2677,381.957524,-0.482401579618454,-0.000105448714748491,0,0,0,0,0,38
1,2678,382.117524,-0.48354583978653,-9.30471287574619E-05,0,0,0,0,0,38
1,2679,382.277524,-0.484903484582901,-9.04446642380208E-05,0,0,0,0,0,38
1,2680,382.437524,-0.484961658716202,-7.29859675629996E-05,0,0,0,0,0,38
1,2681,382.597524,-0.487832099199295,-8.66284899530001E-05,0,0,0,0,0,38
1,2682,382.757524,-0.49188557267189,-0.000115687413199339,0,0,0,0,0,38
1,2683,382.917524,-0.490023702383041,-7.65959703130648E-05,0,0,0,0,0,38
1,2684,383.077524,-0.495628774166107,-0.000123179706861265,0,0,0,0,0,38
1,2685,383.237524,-0.496870011091232,-0.000118064250273164,0,0,0,0,0,38
1,2686,383.397524,-0.498053103685379,-0.000115788556286134,0,0,0,0,0,38
1,2687,383.557524,-0.499953776597977,-0.0001206278175232,0,0,0,0,0,38
1,2688,383.717524,-0.50092351436615,-0.000110264634713531,0,0,0,0,0,38
1,2689,383.877524,-0.498848289251328,-6.83840044075623E-05,0,0,0,0,0,38
1,2690,384.037524,-0.501136839389801,-7.75140288169496E-05,0,0,0,0,0,38
1,2691,384.197524,-0.507343173027039,-0.000122751807793975,0,0,0,0,0,38
1,2692,384.357524,-0.50786679983139,-0.000114399794256315,0,0,0,0,0,38
1,2693,384.517524,-0.508720219135284,-0.000105950537545141,0,0,0,0,0,38
1,2694,384.677524,-0.508487462997437,-8.50452270242386E-05,0,0,0,0,0,38
1,2696,384.997524,-0.512346982955933,-9.63649508776143E-05,0,0,0,0,0,38
1,2697,385.157524,-0.513976156711578,-9.82203055173159E-05,0,0,0,0,0,38
1,2698,385.317524,-0.516109585762024,-0.000100695790024474,0,0,0,0,0,38
1,2699,385.477524,-0.517156898975372,-9.53100170590915E-05,0,0,0,0,0,38
1,2700,385.637524,-0.519348502159119,-9.93886933429167E-05,0,0,0,0,0,38
1,2701,385.797524,-0.520764291286469,-9.95697555481456E-05,0,0,0,0,0,38
1,2702,385.957524,-0.522199511528015,-9.70569672062993E-05,0,0,0,0,0,38
1,2703,386.117524,-0.523964464664459,-9.95378941297531E-05,0,0,0,0,0,38
1,2704,386.277524,-0.525826334953308,-9.89457330433652E-05,0,0,0,0,0,38
1,2705,386.437524,-0.526679694652557,-9.68498643487692E-05,0,0,0,0,0,38
1,2706,386.597524,-0.528580367565155,-0.000100090423075017,0,0,0,0,0,38
1,2707,386.757524,-0.5306556224823,-0.000103130871139001,0,0,0,0,0,38
1,2708,386.917524,-0.532032668590546,-0.000100487137387972,0,0,0,0,0,38
1,2709,387.077524,-0.533816933631897,-0.000103097452665679,0,0,0,0,0,38
1,2710,387.237524,-0.534864246845245,-0.000101388977782335,0,0,0,0,0,38
1,2711,387.397524,-0.536823153495789,-0.000102404272183776,0,0,0,0,0,38
1,2712,387.557524,-0.538064420223236,-9.8803524451796E-05,0,0,0,0,0,38
1,2713,387.717524,-0.540120244026184,-0.00010455531446496,0,0,0,0,0,38
1,2714,387.877524,-0.541633009910584,-0.00010312620725017,0,0,0,0,0,38
1,2715,388.037524,-0.542602777481079,-0.000101965983049013,0,0,0,0,0,38
1,2716,388.197524,-0.545065879821777,-0.000108735788671765,0,0,0,0,0,38
1,2717,388.357524,-0.545996844768524,-0.000103941398265306,0,0,0,0,0,38
1,2718,388.517524,-0.547975122928619,-0.000108606007415801,0,0,0,0,0,38
1,2719,388.677524,-0.549429714679718,-0.000111481320345774,0,0,0,0,0,38
1,2720,388.837524,-0.550903677940369,-0.000108237269159872,0,0,0,0,0,38
1,2721,388.997524,-0.552746176719666,-0.00011026475840481,0,0,0,0,0,38
1,2722,389.157524,-0.55456930398941,-0.000113476169644855,0,0,0,0,0,38
1,2723,389.317524,-0.555519640445709,-0.000109392836748157,0,0,0,0,0,38
1,2724,389.477524,-0.557459115982056,-0.000113321912067477,0,0,0,0,0,38
1,2725,389.637524,-0.559320986270905,-0.000116614537546411,0,0,0,0,0,38
1,2726,389.797524,-0.560833811759949,-0.000117607683932874,0,0,0,0,0,38
1,2727,389.957524,-0.562172055244446,-0.000114723821752705,0,0,0,0,0,38
1,2728,390.117524,-0.563995122909546,-0.000117245159344748,0,0,0,0,0,38
1,2729,390.277524,-0.56601220369339,-0.000123857214930467,0,0,0,0,0,38
1,2730,390.437524,-0.567137062549591,-0.000123014440760016,0,0,0,0,0,38
1,2731,390.597524,-0.568436503410339,-0.00012310963938944,0,0,0,0,0,38
1,2732,390.757524,-0.570007503032684,-0.000123829231597483,0,0,0,0,0,38
1,2733,390.917524,-0.571597874164581,-0.000126611295854673,0,0,0,0,0,38
1,2734,391.077524,-0.572916686534882,-0.000126179220387712,0,0,0,0,0,38
1,2735,391.237524,-0.575108289718628,-0.00013177131768316,0,0,0,0,0,38
1,2736,391.397524,-0.576252579689026,-0.000130934757180512,0,0,0,0,0,38
1,2737,391.557524,-0.578405380249023,-0.000133031018776819,0,0,0,0,0,38
1,2738,391.717524,-0.580228507518768,-0.000137515336973593,0,0,0,0,0,38
1,2739,391.877524,-0.581586122512817,-0.000140243006171659,0,0,0,0,0,38
1,2740,392.037524,-0.582885563373566,-0.000138571820571087,0,0,0,0,0,38
1,2741,392.197524,-0.584631085395813,-0.000143447425216436,0,0,0,0,0,38
1,2742,392.357524,-0.586027503013611,-0.00014167366316542,0,0,0,0,0,38
1,2743,392.517524,-0.588005781173706,-0.000149330153362826,0,0,0,0,0,38
1,2744,392.677524,-0.589382827281952,-0.00015144661301747,0,0,0,0,0,38
1,2745,392.837524,-0.590856790542603,-0.000148891471326351,0,0,0,0,0,38
1,2746,392.997524,-0.592485964298248,-0.000150437146658078,0,0,0,0,0,38
1,2747,393.157524,-0.594173312187195,-0.000157477392349392,0,0,0,0,0,38
1,2748,393.317524,-0.59589946269989,-0.000160284704179503,0,0,0,0,0,38
1,2750,393.637524,-0.600883901119232,-0.000185786702786572,0,0,0,0,0,38
1,2751,393.797524,-0.601659655570984,-0.000180216113221832,0,0,0,0,0,38
1,2752,393.957524,-0.604821026325226,-0.000201339265913703,0,0,0,0,0,38
1,2753,394.117524,-0.604665875434875,-0.000181628201971762,0,0,0,0,0,38
1,2754,394.277524,-0.604433119297028,-0.000166172903846018,0,0,0,0,0,38
1,2755,394.437524,-0.605887711048126,-0.000169635080965236,0,0,0,0,0,38
1,2756,394.597524,-0.606139838695526,-0.000157338523422368,0,0,0,0,0,38
1,2757,394.757524,-0.610426068305969,-0.00019088271073997,0,0,0,0,0,38
1,2758,394.917524,-0.608835697174072,-0.000157350194058381,0,0,0,0,0,38
1,2759,395.077524,-0.614343822002411,-0.000200176131329499,0,0,0,0,0,38
1,2760,395.237524,-0.612229764461517,-0.000167285470524803,0,0,0,0,0,38
1,2761,395.397524,-0.616632401943207,-0.000202630762942135,0,0,0,0,0,38
1,2762,395.557524,-0.620647072792053,-0.000231331796385348,0,0,0,0,0,38
1,2763,395.717524,-0.62016224861145,-0.000214511077501811,0,0,0,0,0,38
1,2764,395.877524,-0.619076132774353,-0.000186696983291768,0,0,0,0,0,38
1,2765,396.037524,-0.620744049549103,-0.000194387685041875,0,0,0,0,0,38
1,2766,396.197524,-0.627280116081238,-0.000247553456574678,0,0,0,0,0,38
1,2767,396.357524,-0.625243663787842,-0.000216117681702599,0,0,0,0,0,38
1,2768,396.517524,-0.628269195556641,-0.000238898006500676,0,0,0,0,0,38
1,2769,396.677524,-0.629277765750885,-0.000232860606047325,0,0,0,0,0,38
1,2770,396.837524,-0.632186949253082,-0.000251525227213278,0,0,0,0,0,38
1,2771,396.997524,-0.628948032855988,-0.000205073738470674,0,0,0,0,0,38
1,2772,397.157524,-0.63509613275528,-0.000254905695328489,0,0,0,0,0,38
1,2773,397.317524,-0.636531352996826,-0.000255994935287163,0,0,0,0,0,38
1,2774,397.477524,-0.638470828533173,-0.000267330615315586,0,0,0,0,0,38
1,2775,397.637524,-0.636046528816223,-0.000228274191613309,0,0,0,0,0,38
1,2776,397.797524,-0.639343619346619,-0.000252688361797482,0,0,0,0,0,38
1,2777,397.957524,-0.638722956180573,-0.000233654180192389,0,0,0,0,0,38
1,2778,398.117524,-0.644328057765961,-0.000280164007563144,0,0,0,0,0,38
1,2779,398.277524,-0.642718315124512,-0.000250860030064359,0,0,0,0,0,38
1,2780,398.437524,-0.649933099746704,-0.000320986553560942,0,0,0,0,0,38
1,2781,398.597524,-0.645743846893311,-0.000260647473623976,0,0,0,0,0,38
1,2782,398.757524,-0.650321006774902,-0.00029941214597784,0,0,0,0,0,38
1,2783,398.917524,-0.652144134044647,-0.000301656720694155,0,0,0,0,0,38
1,2784,399.077524,-0.650883436203003,-0.000276682374533266,0,0,0,0,0,38
1,2785,399.237524,-0.653598725795746,-0.000294806290185079,0,0,0,0,0,38
1,2786,399.397524,-0.656042456626892,-0.000315482087898999,0,0,0,0,0,38
1,2787,399.557524,-0.657787978649139,-0.000320877617923543,0,0,0,0,0,38
1,2788,399.717524,-0.659145593643188,-0.00032097875373438,0,0,0,0,0,38
1,2789,399.877524,-0.662054836750031,-0.000339036516379565,0,0,0,0,0,38
1,2790,400.037524,-0.660638988018036,-0.000315699930069968,0,0,0,0,0,38
1,2791,400.197524,-0.664808869361877,-0.000353573763277382,0,0,0,0,0,38
1,2792,400.357524,-0.667388379573822,-0.000366850610589609,0,0,0,0,0,38
1,2793,400.517524,-0.667368948459625,-0.000352321163518354,0,0,0,0,0,38
1,2794,400.677524,-0.672256410121918,-0.00039858982199803,0,0,0,0,0,38
1,2795,400.837524,-0.672857701778412,-0.000392832473153248,0,0,0,0,0,38
1,2796,400.997524,-0.674351096153259,-0.000399570097215474,0,0,0,0,0,38
1,2797,401.157524,-0.674312293529511,-0.000385686405934393,0,0,0,0,0,38
1,2798,401.317524,-0.673672258853912,-0.00036822771653533,0,0,0,0,0,38
1,2799,401.477524,-0.677279651165009,-0.000399729615310207,0,0,0,0,0,38
1,2800,401.637524,-0.677473604679108,-0.000393225374864414,0,0,0,0,0,38
1,2801,401.797524,-0.678268790245056,-0.000386655039619654,0,0,0,0,0,38
1,2802,401.957524,-0.680828928947449,-0.000405735889216885,0,0,0,0,0,38
1,2803,402.117524,-0.6818568110466,-0.000411781074944884,0,0,0,0,0,38
1,2804,402.277524,-0.685483634471893,-0.000437272799899802,0,0,0,0,0,38
1,2805,402.437524,-0.687384307384491,-0.000451160391094163,0,0,0,0,0,38
1,2806,402.597524,-0.686647295951843,-0.000429823296144605,0,0,0,0,0,38
1,2807,402.757524,-0.691437840461731,-0.00047304600593634,0,0,0,0,0,38
1,2808,402.917524,-0.690506875514984,-0.000450467952759936,0,0,0,0,0,38
1,2809,403.077524,-0.689769864082336,-0.000435506692156196,0,0,0,0,0,38
1,2810,403.237524,-0.696325302124023,-0.000496942782774568,0,0,0,0,0,38
1,2811,403.397524,-0.695045232772827,-0.000470435741590336,0,0,0,0,0,38
1,2812,403.557524,-0.700029671192169,-0.000516743282787502,0,0,0,0,0,38
1,2813,403.717524,-0.702434599399567,-0.000532358069904149,0,0,0,0,0,38
1,2814,403.877524,-0.700029671192169,-0.000495981948915869,0,0,0,0,0,38
1,2815,404.037524,-0.705731689929962,-0.000548999872989953,0,0,0,0,0,38
1,2816,404.197524,-0.704024970531464,-0.000522687332704663,0,0,0,0,0,38
1,2817,404.357524,-0.706003248691559,-0.000534174789208919,0,0,0,0,0,38
1,2818,404.517524,-0.71335381269455,-0.000599629303906113,0,0,0,0,0,38
1,2819,404.677524,-0.708253026008606,-0.000542565656360239,0,0,0,0,0,38
1,2820,404.837524,-0.710444629192352,-0.000552983314264566,0,0,0,0,0,38
1,2821,404.997524,-0.712461709976196,-0.000567695591598749,0,0,0,0,0,38
1,2822,405.157524,-0.716864287853241,-0.000605044304393232,0,0,0,0,0,38
1,2823,405.317524,-0.71705824136734,-0.000599827675614506,0,0,0,0,0,38
1,2824,405.477524,-0.717019438743591,-0.000589001574553549,0,0,0,0,0,38
1,2825,405.637524,-0.715021789073944,-0.000568784831557423,0,0,0,0,0,38
1,2826,405.797524,-0.720626831054688,-0.000615660334005952,0,0,0,0,0,38
1,2827,405.957524,-0.725126445293427,-0.000651701935566962,0,0,0,0,0,38
1,2828,406.117524,-0.724660933017731,-0.000637767661828548,0,0,0,0,0,38
1,2829,406.277524,-0.727065920829773,-0.000655129086226225,0,0,0,0,0,38
1,2830,406.437524,-0.728210210800171,-0.000662403588648885,0,0,0,0,0,38
1,2831,406.597524,-0.733679473400116,-0.000709909247234464,0,0,0,0,0,38
1,2832,406.757524,-0.73123574256897,-0.000678395677823573,0,0,0,0,0,38
1,2833,406.917524,-0.731546103954315,-0.000671346846502274,0,0,0,0,0,38
1,2834,407.077524,-0.734028577804565,-0.000691182387527078,0,0,0,0,0,38
1,2835,407.237524,-0.738373041152954,-0.000727947568520904,0,0,0,0,0,38
1,2836,407.397524,-0.733951032161713,-0.000675365328788757,0,0,0,0,0,38
1,2837,407.557524,-0.737616658210754,-0.000706731050740927,0,0,0,0,0,38
1,2838,407.717524,-0.74091374874115,-0.000733024149667472,0,0,0,0,0,38
1,2839,407.877524,-0.743318676948547,-0.000749451981391758,0,0,0,0,0,38
1,2840,408.037524,-0.743512630462646,-0.000745519064366817,0,0,0,0,0,38
1,2841,408.197524,-0.745044827461243,-0.000751272542402148,0,0,0,0,0,38
1,2842,408.357524,-0.749311625957489,-0.0007869484834373,0,0,0,0,0,38
1,2843,408.517524,-0.746169686317444,-0.000752824649680406,0,0,0,0,0,38
1,2844,408.677524,-0.748749196529388,-0.000765945878811181,0,0,0,0,0,38
1,2845,408.837524,-0.748516440391541,-0.000755633285734802,0,0,0,0,0,38
1,2846,408.997524,-0.757282853126526,-0.000831890618428588,0,0,0,0,0,38
1,2847,409.157524,-0.756817400455475,-0.00082399370148778,0,0,0,0,0,38
1,2848,409.317524,-0.756759226322174,-0.000817232765257359,0,0,0,0,0,38
1,2849,409.477524,-0.756468296051025,-0.000805391347967088,0,0,0,0,0,38
1,2850,409.637524,-0.756972551345825,-0.000806274416390806,0,0,0,0,0,38
1,2851,409.797524,-0.756410121917725,-0.000790033314842731,0,0,0,0,0,38
1,2852,409.957524,-0.76709657907486,-0.000884982466232032,0,0,0,0,0,38
1,2853,410.117524,-0.764342546463013,-0.000852729775942862,0,0,0,0,0,38
1,2854,410.277524,-0.764342546463013,-0.000842977315187454,0,0,0,0,0,38
1,2855,410.437524,-0.767019033432007,-0.000865967711433768,0,0,0,0,0,38
1,2856,410.597524,-0.767445683479309,-0.000861124543007463,0,0,0,0,0,38
1,2857,410.757524,-0.769074857234955,-0.000869896728545427,0,0,0,0,0,38
1,2858,410.917524,-0.771421611309052,-0.000883146305568516,0,0,0,0,0,38
1,2859,411.077524,-0.771072506904602,-0.000874187448062003,0,0,0,0,0,38
1,2860,411.237524,-0.774660527706146,-0.000898243742994964,0,0,0,0,0,38
1,2861,411.397524,-0.774641156196594,-0.000894096912816167,0,0,0,0,0,38
1,2862,411.557524,-0.777802467346191,-0.00091181235620752,0,0,0,0,0,38
1,2863,411.717524,-0.779237687587738,-0.000914383679628372,0,0,0,0,0,38
1,2864,411.877524,-0.775145411491394,-0.000873568933457136,0,0,0,0,0,38
1,2865,412.037524,-0.781817197799683,-0.000923739338759333,0,0,0,0,0,38
1,2866,412.197524,-0.785424590110779,-0.000949896289967,0,0,0,0,0,38
1,2867,412.357524,-0.787034392356873,-0.000956143718212843,0,0,0,0,0,38
1,2868,412.517524,-0.785269439220428,-0.000928166264202446,0,0,0,0,0,38
1,2869,412.677524,-0.788799285888672,-0.000953268958255649,0,0,0,0,0,38
1,2870,412.837524,-0.790486633777618,-0.000954334856942296,0,0,0,0,0,38
1,2871,412.997524,-0.794152200222015,-0.000991212786175311,0,0,0,0,0,38
1,2872,413.157524,-0.794675886631012,-0.000992002547718585,0,0,0,0,0,38
1,2873,413.317524,-0.796130478382111,-0.00100150983780622,0,0,0,0,0,38
1,2874,413.477524,-0.799311220645905,-0.00101716362405568,0,0,0,0,0,38
1,2875,413.637524,-0.79622745513916,-0.000985424383543432,0,0,0,0,0,38
1,2876,413.797524,-0.800106406211853,-0.00100974133238196,0,0,0,0,0,38
1,2877,413.957524,-0.801231324672699,-0.00101122341584414,0,0,0,0,0,38
1,2878,414.117524,-0.806390285491943,-0.00104702380485833,0,0,0,0,0,38
1,2879,414.277524,-0.806545436382294,-0.00104253075551242,0,0,0,0,0,38
1,2880,414.437524,-0.808290958404541,-0.00105405319482088,0,0,0,0,0,38
1,2881,414.597524,-0.811083793640137,-0.00106978474650532,0,0,0,0,0,38
1,2882,414.757524,-0.811025619506836,-0.00106039794627577,0,0,0,0,0,38
1,2883,414.917524,-0.810017108917236,-0.00104746338911355,0,0,0,0,0,38
1,2884,415.077524,-0.814555466175079,-0.00108056806493551,0,0,0,0,0,38
1,2885,415.237524,-0.814419686794281,-0.00107280339580029,0,0,0,0,0,38
1,2886,415.397524,-0.817968964576721,-0.00109357642941177,0,0,0,0,0,38
1,2887,415.557524,-0.815602779388428,-0.00106519449036568,0,0,0,0,0,38
1,2888,415.717524,-0.822972774505615,-0.00113452353980392,0,0,0,0,0,38
1,2889,415.877524,-0.819248974323273,-0.00109569262713194,0,0,0,0,0,38
1,2890,416.037524,-0.823147296905518,-0.00111851969268173,0,0,0,0,0,38
1,2891,416.197524,-0.821692705154419,-0.00110586918890476,0,0,0,0,0,38
1,2892,416.357524,-0.829256653785706,-0.00116365635767579,0,0,0,0,0,38
1,2893,416.517524,-0.831409454345703,-0.00117035117000341,0,0,0,0,0,38
1,2894,416.677524,-0.829179108142853,-0.00114007468800992,0,0,0,0,0,38
1,2895,416.837524,-0.829780340194702,-0.00113720761146396,0,0,0,0,0,38
1,2896,416.997524,-0.834978103637695,-0.00117470801342279,0,0,0,0,0,38
1,2897,417.157524,-0.835288405418396,-0.00117605796549469,0,0,0,0,0,38
1,2898,417.317524,-0.838585495948792,-0.00118447211571038,0,0,0,0,0,38
1,2899,417.477524,-0.83897340297699,-0.00118011143058538,0,0,0,0,0,38
1,2900,417.637524,-0.838837623596191,-0.00116727023851126,0,0,0,0,0,38
1,2901,417.797524,-0.840602576732636,-0.00119500258006155,0,0,0,0,0,38
1,2902,417.957524,-0.840117692947388,-0.00117413233965635,0,0,0,0,0,38
1,2903,418.117524,-0.846731305122375,-0.00121968518942595,0,0,0,0,0,38
1,2904,418.277524,-0.84485000371933,-0.00119297590572387,0,0,0,0,0,38
1,2905,418.437524,-0.848127722740173,-0.00121295533608645,0,0,0,0,0,38
1,2906,418.597524,-0.844384551048279,-0.00117282138671726,0,0,0,0,0,38
1,2907,418.757524,-0.848185896873474,-0.00120229262392968,0,0,0,0,0,38
1,2908,418.917524,-0.850668430328369,-0.00124641391448677,0,0,0,0,0,38
1,2909,419.077524,-0.854159474372864,-0.00126893748529255,0,0,0,0,0,38
1,2910,419.237524,-0.854101300239563,-0.00125839933753014,0,0,0,0,0,38
1,2911,419.397524,-0.858542680740356,-0.00128280173521489,0,0,0,0,0,38
1,2912,419.557524,-0.851347267627716,-0.00121640192810446,0,0,0,0,0,38
1,2913,419.717524,-0.858736634254456,-0.00126109516713768,0,0,0,0,0,38
1,2914,419.877524,-0.862208306789398,-0.00126955995801836,0,0,0,0,0,38
1,2915,420.037524,-0.863003492355347,-0.00126742816064507,0,0,0,0,0,38
1,2916,420.197524,-0.86769700050354,-0.00128964439500123,0,0,0,0,0,38
1,2917,420.357524,-0.865815699100494,-0.00126071774866432,0,0,0,0,0,38
1,2918,420.517524,-0.869403719902039,-0.00129032519180328,0,0,0,0,0,38
1,2919,420.677524,-0.86703759431839,-0.00128551700618118,0,0,0,0,0,38
1,2920,420.837524,-0.87291419506073,-0.0013107598060742,0,0,0,0,0,38
1,2921,420.997524,-0.874194204807281,-0.00131473934743553,0,0,0,0,0,38
1,2922,421.157524,-0.873127520084381,-0.00129338284023106,0,0,0,0,0,38
1,2923,421.317524,-0.879314422607422,-0.00131655996665359,0,0,0,0,0,38
1,2924,421.477524,-0.878344714641571,-0.00130186323076487,0,0,0,0,0,38
1,2925,421.637524,-0.879818677902222,-0.00130984955467284,0,0,0,0,0,38
1,2926,421.797524,-0.878325283527374,-0.00128912704531103,0,0,0,0,0,38
1,2927,421.957524,-0.880943596363068,-0.0012883918825537,0,0,0,0,0,38
1,2928,422.117524,-0.882049083709717,-0.00129588413983583,0,0,0,0,0,38
1,2929,422.277524,-0.885714650154114,-0.00130823906511068,0,0,0,0,0,38
1,2930,422.437524,-0.885229825973511,-0.00134199333842844,0,0,0,0,0,38
1,2931,422.597524,-0.887052893638611,-0.00134233175776899,0,0,0,0,0,38
1,2932,422.757524,-0.888992369174957,-0.00136483192909509,0,0,0,0,0,38
1,2933,422.917524,-0.892774343490601,-0.00139857060275972,0,0,0,0,0,38
1,2934,423.077524,-0.894636273384094,-0.00141769426409155,0,0,0,0,0,38
1,2935,423.237524,-0.893511354923248,-0.00140289647970349,0,0,0,0,0,38
1,2936,423.397524,-0.895974457263947,-0.00140658812597394,0,0,0,0,0,38
1,2937,423.557524,-0.897370874881744,-0.00140719884075224,0,0,0,0,0,38
1,2938,423.717524,-0.902064442634583,-0.00142312096431851,0,0,0,0,0,38
1,2939,423.877524,-0.902568697929382,-0.00142962124664336,0,0,0,0,0,38
1,2940,424.037524,-0.902626872062683,-0.00141663232352585,0,0,0,0,0,38
1,2941,424.197524,-0.907417356967926,-0.00143309123814106,0,0,0,0,0,38
1,2942,424.357524,-0.907378554344177,-0.00141577259637415,0,0,0,0,0,38
1,2943,424.517524,-0.908774971961975,-0.0014222573954612,0,0,0,0,0,38
1,2944,424.677524,-0.913100004196167,-0.00143462396226823,0,0,0,0,0,38
1,2945,424.837524,-0.913332760334015,-0.00143037980888039,0,0,0,0,0,38
1,2946,424.997524,-0.913080632686615,-0.00141099561005831,0,0,0,0,0,38
1,2947,425.157524,-0.91201388835907,-0.00138874037656933,0,0,0,0,0,38
1,2948,425.317524,-0.915504992008209,-0.00140650640241802,0,0,0,0,0,38
1,2949,425.477524,-0.918356001377106,-0.00151372875552624,0,0,0,0,0,38
1,2950,425.637524,-0.91631954908371,-0.00152412697207183,0,0,0,0,0,38
1,2951,425.797524,-0.923786520957947,-0.00156236265320331,0,0,0,0,0,38
1,2952,425.957524,-0.922215521335602,-0.00155169994104654,0,0,0,0,0,38
1,2953,426.117524,-0.925299286842346,-0.00157309917267412,0,0,0,0,0,38
1,2954,426.277524,-0.926579356193542,-0.00157061347272247,0,0,0,0,0,38
1,2955,426.437524,-0.924950182437897,-0.00153470411896706,0,0,0,0,0,38
1,2956,426.597524,-0.929333388805389,-0.00155048223678023,0,0,0,0,0,38
1,2957,426.757524,-0.931660771369934,-0.00156055763363838,0,0,0,0,0,38
1,2958,426.917524,-0.929973423480988,-0.00154024746734649,0,0,0,0,0,38
1,2959,427.077524,-0.932514131069183,-0.00154045759700239,0,0,0,0,0,38
1,2960,427.237524,-0.935190618038177,-0.00153888983186334,0,0,0,0,0,38
1,2961,427.397524,-0.938390731811523,-0.00162899971473962,0,0,0,0,0,38
1,2962,427.557524,-0.938429534435272,-0.00161617028061301,0,0,0,0,0,38
1,2963,427.717524,-0.939457416534424,-0.00159813964273781,0,0,0,0,0,38
1,2964,427.877524,-0.943278193473816,-0.00159719435032457,0,0,0,0,0,38
1,2965,428.037524,-0.944441854953766,-0.00160520803183317,0,0,0,0,0,38
1,2966,428.197524,-0.943549692630768,-0.00158690509852022,0,0,0,0,0,38
1,2967,428.357524,-0.945372819900513,-0.00158444663975388,0,0,0,0,0,38
1,2968,428.517524,-0.947137773036957,-0.00157722656149417,0,0,0,0,0,38
1,2969,428.677524,-0.947700202465057,-0.00156522961333394,0,0,0,0,0,38
1,2970,428.837524,-0.952122211456299,-0.00157264014706016,0,0,0,0,0,38
1,2971,428.997524,-0.950919687747955,-0.00162725697737187,0,0,0,0,0,38
1,2972,429.157524,-0.955613255500793,-0.0016573661705479,0,0,0,0,0,38
1,2973,429.317524,-0.959026694297791,-0.0016648507444188,0,0,0,0,0,38
1,2974,429.477524,-0.956621766090393,-0.00163357448764145,0,0,0,0,0,38
1,2975,429.637524,-0.957358777523041,-0.00165558839216828,0,0,0,0,0,38
1,2976,429.797524,-0.958192706108093,-0.00164074392523617,0,0,0,0,0,38
1,2977,429.957524,-0.960617065429688,-0.00168437894899398,0,0,0,0,0,38
1,2978,430.117524,-0.965116620063782,-0.00169399916194379,0,0,0,0,0,38
1,2979,430.277524,-0.966086387634277,-0.00167860998772085,0,0,0,0,0,38
1,2980,430.437524,-0.966144561767578,-0.00166669464670122,0,0,0,0,0,38
1,2981,430.597524,-0.970838069915771,-0.00167927518486977,0,0,0,0,0,38
1,2982,430.757524,-0.970081686973572,-0.00168914813548326,0,0,0,0,0,38
1,2983,430.917524,-0.971807837486267,-0.00169957359321415,0,0,0,0,0,38
1,2984,431.077524,-0.974600672721863,-0.001697963103652,0,0,0,0,0,38
1,2985,431.237524,-0.974949777126312,-0.00167214078828692,0,0,0,0,0,38
1,2986,431.397524,-0.974988579750061,-0.00165403238497674,0,0,0,0,0,38
1,2987,431.557524,-0.977878391742706,-0.00186379288788885,0,0,0,0,0,38
1,2988,431.717524,-0.979022681713104,-0.00188821216579527,0,0,0,0,0,38
1,2989,431.877524,-0.981000900268555,-0.00188055192120373,0,0,0,0,0,38
1,2990,432.037524,-0.983076155185699,-0.00190081063192338,0,0,0,0,0,38
1,2991,432.197524,-0.98354160785675,-0.0019093262962997,0,0,0,0,0,38
1,2992,432.357524,-0.987013280391693,-0.0019170253071934,0,0,0,0,0,38
1,2993,432.517524,-0.986935675144196,-0.00192740745842457,0,0,0,0,0,38
1,2994,432.677524,-0.989961266517639,-0.00192410231102258,0,0,0,0,0,38
1,2995,432.837524,-0.990426778793335,-0.00206404644995928,0,0,0,0,0,38
1,2996,432.997524,-0.993083834648132,-0.00205673626624048,0,0,0,0,0,38
1,2997,433.157524,-0.992676556110382,-0.00203317240811884,0,0,0,0,0,38
1,2998,433.317524,-0.996109426021576,-0.00204207678325474,0,0,0,0,0,38
1,2999,433.477524,-0.996807634830475,-0.00203173374757171,0,0,0,0,0,38
1,3000,433.637524,-0.999871969223022,-0.00202531786635518,0,0,0,0,0,38
2,3001,433.797524,-0.99985259771347,-0.0020108527969569,0,0,0,0,0,38
2,3002,433.957524,-0.996923983097076,-0.00196290877647698,0,0,0,0,0,38
2,3003,434.117524,-0.994635403156281,-0.00192565761972219,0,0,0,0,0,38
2,3004,434.277524,-0.992812275886536,-0.00192764075472951,0,0,0,0,0,38
2,3005,434.437524,-0.992036521434784,-0.00190975400619209,0,0,0,0,0,38
2,3006,434.597524,-0.990252196788788,-0.00186958664562553,0,0,0,0,0,38
2,3007,434.757524,-0.990058243274689,-0.00186371512245387,0,0,0,0,0,38
2,3008,434.917524,-0.988545477390289,-0.00183431862387806,0,0,0,0,0,38
2,3009,435.077524,-0.985015630722046,-0.00179076835047454,0,0,0,0,0,38
2,3010,435.237524,-0.982707679271698,-0.00176152749918401,0,0,0,0,0,38
2,3011,435.397524,-0.9826300740242,-0.00174305750988424,0,0,0,0,0,38
2,3012,435.557524,-0.98146641254425,-0.0017395579488948,0,0,0,0,0,38
2,3013,435.717524,-0.978925704956055,-0.00173648609779775,0,0,0,0,0,38
2,3014,435.877524,-0.974969148635864,-0.0016963187372312,0,0,0,0,0,38
2,3015,436.037524,-0.977374076843262,-0.00173259759321809,0,0,0,0,0,38
2,3016,436.197524,-0.973049104213715,-0.00169239134993404,0,0,0,0,0,38
2,3017,436.357524,-0.971109628677368,-0.00169923494104296,0,0,0,0,0,38
2,3018,436.517524,-0.970663547515869,-0.00168099836446345,0,0,0,0,0,38
2,3019,436.677524,-0.968937397003174,-0.00167574896477163,0,0,0,0,0,38
2,3020,436.837524,-0.968142211437225,-0.00165082421153784,0,0,0,0,0,38
2,3021,436.997524,-0.967385828495026,-0.00163371511735022,0,0,0,0,0,38
2,3022,437.157524,-0.963952958583832,-0.0016146230045706,0,0,0,0,0,38
2,3023,437.317524,-0.96434086561203,-0.00160964578390121,0,0,0,0,0,38
2,3024,437.477524,-0.961994111537933,-0.00163153756875545,0,0,0,0,0,38
2,3025,437.637524,-0.959705531597137,-0.00163904228247702,0,0,0,0,0,38
2,3026,437.797524,-0.955109000205994,-0.00158969825133681,0,0,0,0,0,38
2,3027,437.957524,-0.95770788192749,-0.00159137020818889,0,0,0,0,0,38
2,3028,438.117524,-0.954915046691895,-0.00155485805589706,0,0,0,0,0,38
2,3029,438.277524,-0.952936768531799,-0.00155656889546663,0,0,0,0,0,38
2,3030,438.437524,-0.950803339481354,-0.00153646583203226,0,0,0,0,0,38
2,3031,438.597524,-0.950182735919952,-0.00154828652739525,0,0,0,0,0,38
2,3032,438.757524,-0.947700202465057,-0.00152522826101631,0,0,0,0,0,38
2,3033,438.917524,-0.947001993656158,-0.00150986900553107,0,0,0,0,0,38
2,3034,439.077524,-0.945469796657562,-0.00149190449155867,0,0,0,0,0,38
2,3035,439.237524,-0.943666100502014,-0.00148191128391773,0,0,0,0,0,38
2,3036,439.397524,-0.942172706127167,-0.00146589102223516,0,0,0,0,0,38
2,3037,439.557524,-0.938894987106323,-0.00144434918183833,0,0,0,0,0,38
2,3038,439.717524,-0.938487708568573,-0.00142980646342039,0,0,0,0,0,38
2,3039,439.877524,-0.937847673892975,-0.00140760361682624,0,0,0,0,0,38
2,3040,440.037524,-0.933716595172882,-0.00142354611307383,0,0,0,0,0,38
2,3041,440.197524,-0.933774769306183,-0.00142906769178808,0,0,0,0,0,38
2,3042,440.357524,-0.934085071086884,-0.00141067546792328,0,0,0,0,0,38
2,3043,440.517524,-0.931137084960938,-0.00145620875991881,0,0,0,0,0,38
2,3044,440.677524,-0.929507970809937,-0.00143696111626923,0,0,0,0,0,38
2,3045,440.837524,-0.929469168186188,-0.00144769321195781,0,0,0,0,0,38
2,3046,440.997524,-0.926715135574341,-0.00145119277294725,0,0,0,0,0,38
2,3047,441.157524,-0.925318717956543,-0.00145344808697701,0,0,0,0,0,38
2,3048,441.317524,-0.923417985439301,-0.00146208028309047,0,0,0,0,0,38
2,3049,441.477524,-0.920469999313354,-0.0014257236616686,0,0,0,0,0,38
2,3050,441.637524,-0.919209361076355,-0.00144326034933329,0,0,0,0,0,38
2,3051,441.797524,-0.919364511966705,-0.00143408367875963,0,0,0,0,0,38
2,3052,441.957524,-0.915427386760712,-0.00140196538995951,0,0,0,0,0,38
2,3053,442.117524,-0.916047990322113,-0.00140165432821959,0,0,0,0,0,38
2,3054,442.277524,-0.915078282356262,-0.00142498477362096,0,0,0,0,0,38
2,3055,442.437524,-0.911373913288116,-0.00138905586209148,0,0,0,0,0,38
2,3056,442.597524,-0.909356832504272,-0.00137105246540159,0,0,0,0,0,38
2,3057,442.757524,-0.909027099609375,-0.00136572530027479,0,0,0,0,0,38
2,3058,442.917524,-0.907747089862823,-0.00135254359338433,0,0,0,0,0,38
2,3059,443.077524,-0.905826985836029,-0.00132967962417752,0,0,0,0,0,38
2,3060,443.237524,-0.902762651443481,-0.00131828663870692,0,0,0,0,0,38
2,3061,443.397524,-0.901501953601837,-0.00129888334777206,0,0,0,0,0,38
2,3062,443.557524,-0.900590419769287,-0.00133170164190233,0,0,0,0,0,38
2,3063,443.717524,-0.900163769721985,-0.00131793657783419,0,0,0,0,0,38
2,3064,443.877524,-0.898107886314392,-0.00131272617727518,0,0,0,0,0,38
2,3065,444.037524,-0.895625352859497,-0.00129515049047768,0,0,0,0,0,38
2,3066,444.197524,-0.894927144050598,-0.00129005662165582,0,0,0,0,0,38
2,3067,444.357524,-0.8919597864151,-0.00125984370242804,0,0,0,0,0,38
2,3068,444.517524,-0.890388786792755,-0.00124117929954082,0,0,0,0,0,38
2,3069,444.677524,-0.889574229717255,-0.00123697973322123,0,0,0,0,0,38
2,3070,444.837524,-0.889069974422455,-0.00127388082910329,0,0,0,0,0,38
2,3071,444.997524,-0.885288000106812,-0.00124693405814469,0,0,0,0,0,38
2,3072,445.157524,-0.88583105802536,-0.00123736856039613,0,0,0,0,0,38
2,3073,445.317524,-0.882475733757019,-0.00122728256974369,0,0,0,0,0,38
2,3074,445.477524,-0.878558039665222,-0.00119886931497604,0,0,0,0,0,38
2,3075,445.637524,-0.877704679965973,-0.0012225016253069,0,0,0,0,0,38
2,3076,445.797524,-0.875881552696228,-0.00122013257350773,0,0,0,0,0,38
2,3077,445.957524,-0.876676738262177,-0.0012203932274133,0,0,0,0,0,38
2,3078,446.117524,-0.874194204807281,-0.0012015535030514,0,0,0,0,0,38
2,3079,446.277524,-0.872312903404236,-0.00118131726048887,0,0,0,0,0,38
2,3080,446.437524,-0.871614694595337,-0.00116996606811881,0,0,0,0,0,38
2,3081,446.597524,-0.867968499660492,-0.0011450540041551,0,0,0,0,0,38
2,3082,446.757524,-0.867328464984894,-0.00114678114186972,0,0,0,0,0,38
2,3083,446.917524,-0.865078687667847,-0.00115497759543359,0,0,0,0,0,38
2,3084,447.077524,-0.865738093852997,-0.00116210803389549,0,0,0,0,0,38
2,3085,447.237524,-0.863119840621948,-0.00114302337169647,0,0,0,0,0,38
2,3086,447.397524,-0.863701701164246,-0.00115465081762522,0,0,0,0,0,38
2,3087,447.557524,-0.856991112232208,-0.00110297102946788,0,0,0,0,0,38
2,3088,447.717524,-0.85569167137146,-0.00110256252810359,0,0,0,0,0,38
2,3089,447.877524,-0.856428682804108,-0.00110498606227338,0,0,0,0,0,38
2,3090,448.037524,-0.856777787208557,-0.00110536732245237,0,0,0,0,0,38
2,3091,448.197524,-0.849795639514923,-0.00105692027136683,0,0,0,0,0,38
2,3092,448.357524,-0.854256451129913,-0.00108998198993504,0,0,0,0,0,38
2,3093,448.517524,-0.850183546543121,-0.00106851267628372,0,0,0,0,0,38
2,3094,448.677524,-0.85006719827652,-0.00106918951496482,0,0,0,0,0,38
2,3095,448.837524,-0.846246421337128,-0.00104198232293129,0,0,0,0,0,38
2,3096,448.997524,-0.845140933990479,-0.00104929564986378,0,0,0,0,0,38
2,3097,449.157524,-0.842755377292633,-0.0010300864232704,0,0,0,0,0,38
2,3098,449.317524,-0.843996644020081,-0.00104130548425019,0,0,0,0,0,38
2,3099,449.477524,-0.843220829963684,-0.00104090478271246,0,0,0,0,0,38
2,3100,449.637524,-0.836510300636292,-0.000988629763014615,0,0,0,0,0,38
2,3101,449.797524,-0.838410973548889,-0.00100331485737115,0,0,0,0,0,38
2,3102,449.957524,-0.835404813289642,-0.000980472308583558,0,0,0,0,0,38
2,3103,450.117524,-0.835016906261444,-0.000978772295638919,0,0,0,0,0,38
2,3104,450.277524,-0.833795011043549,-0.000965464394539595,0,0,0,0,0,38
2,3105,450.437524,-0.833193778991699,-0.000960761273745447,0,0,0,0,0,38
2,3106,450.597524,-0.831215500831604,-0.000942485639825463,0,0,0,0,0,38
2,3107,450.757524,-0.830342769622803,-0.000939669262152165,0,0,0,0,0,38
2,3108,450.917524,-0.827646911144257,-0.000928387977182865,0,0,0,0,0,38
2,3109,451.077524,-0.826832294464111,-0.000922490609809756,0,0,0,0,0,38
2,3110,451.237524,-0.82570743560791,-0.000915924145374447,0,0,0,0,0,38
2,3111,451.397524,-0.822022438049316,-0.000894022989086807,0,0,0,0,0,38
2,3112,451.557524,-0.821944832801819,-0.000896100304089487,0,0,0,0,0,38
2,3113,451.717524,-0.81998598575592,-0.000885671004652977,0,0,0,0,0,38
2,3114,451.877524,-0.816921651363373,-0.000866737973410636,0,0,0,0,0,38
2,3115,452.037524,-0.817154347896576,-0.000864582834765315,0,0,0,0,0,38
2,3116,452.197524,-0.818221092224121,-0.000874121324159205,0,0,0,0,0,38
2,3117,452.357524,-0.81329482793808,-0.000870701973326504,0,0,0,0,0,38
2,3118,452.517524,-0.810792863368988,-0.00086411606753245,0,0,0,0,0,38
2,3119,452.677524,-0.80914431810379,-0.000862474436871707,0,0,0,0,0,38
2,3120,452.837524,-0.80782550573349,-0.000854768150020391,0,0,0,0,0,38
2,3121,452.997524,-0.80716609954834,-0.000848567404318601,0,0,0,0,0,38
2,3122,453.157524,-0.802976846694946,-0.000810475670732558,0,0,0,0,0,38
2,3123,453.317524,-0.800765812397003,-0.00082570145605132,0,0,0,0,0,38
2,3124,453.477524,-0.802026510238647,-0.000844206602778286,0,0,0,0,0,38
2,3125,453.637524,-0.800125777721405,-0.000833115947898477,0,0,0,0,0,38
2,3126,453.797524,-0.799582719802856,-0.000833466066978872,0,0,0,0,0,38
2,3127,453.957524,-0.792678236961365,-0.000787446391768754,0,0,0,0,0,38
2,3128,454.117524,-0.795548617839813,-0.000816022919025272,0,0,0,0,0,38
2,3129,454.277524,-0.791572749614716,-0.000786901800893247,0,0,0,0,0,38
2,3130,454.437524,-0.786471903324127,-0.000757597794290632,0,0,0,0,0,38
2,3131,454.597524,-0.79455953836441,-0.000814105151221156,0,0,0,0,0,38
2,3132,454.757524,-0.788896262645721,-0.000778184097725898,0,0,0,0,0,38
2,3133,454.917524,-0.786142230033875,-0.000765724165830761,0,0,0,0,0,38
2,3134,455.077524,-0.781972348690033,-0.000755419314373285,0,0,0,0,0,38
2,3135,455.237524,-0.783039033412933,-0.000771485385484993,0,0,0,0,0,38
2,3136,455.397524,-0.783077836036682,-0.000779829628299922,0,0,0,0,0,38
2,3137,455.557524,-0.781274139881134,-0.000782097515184432,0,0,0,0,0,38
2,3138,455.717524,-0.778364956378937,-0.000760379189159721,0,0,0,0,0,38
2,3139,455.877524,-0.778558850288391,-0.000766743381973356,0,0,0,0,0,38
2,3140,456.037524,-0.774272620677948,-0.00073565385537222,0,0,0,0,0,38
2,3141,456.197524,-0.772701680660248,-0.000728682789485902,0,0,0,0,0,38
2,3142,456.357524,-0.774039924144745,-0.000744099204894155,0,0,0,0,0,38
2,3143,456.517524,-0.773787796497345,-0.000742360309232026,0,0,0,0,0,38
2,3144,456.677524,-0.768376648426056,-0.000713842164259404,0,0,0,0,0,38
2,3145,456.837524,-0.769967019557953,-0.000728394952602685,0,0,0,0,0,38
2,3146,456.997524,-0.765797138214111,-0.000702210760209709,0,0,0,0,0,38
2,3147,457.157524,-0.763838291168213,-0.000689178996253759,0,0,0,0,0,38
2,3148,457.317524,-0.762616395950317,-0.000735910551156849,0,0,0,0,0,38
2,3149,457.477524,-0.759493887424469,-0.000717650516889989,0,0,0,0,0,38
2,3150,457.637524,-0.759241759777069,-0.000724602083209902,0,0,0,0,0,38
2,3151,457.797524,-0.761763036251068,-0.000760032969992608,0,0,0,0,0,38
2,3152,457.957524,-0.757651388645172,-0.000730919593479484,0,0,0,0,0,38
2,3153,458.117524,-0.756701052188873,-0.000728997925762087,0,0,0,0,0,38
2,3154,458.277524,-0.75383061170578,-0.000710593943949789,0,0,0,0,0,38
2,3155,458.437524,-0.752492368221283,-0.000701327749993652,0,0,0,0,0,38
2,3156,458.597524,-0.749331057071686,-0.000681787845678627,0,0,0,0,0,38
2,3157,458.757524,-0.746809720993042,-0.000676983618177474,0,0,0,0,0,38
2,3158,458.917524,-0.749195277690887,-0.000698130112141371,0,0,0,0,0,38
2,3159,459.077524,-0.746227860450745,-0.000678181764669716,0,0,0,0,0,38
2,3160,459.237524,-0.744928419589996,-0.000681247154716402,0,0,0,0,0,38
2,3161,459.397524,-0.744928419589996,-0.000683931284584105,0,0,0,0,0,38
2,3162,459.557524,-0.741883456707001,-0.000663761224132031,0,0,0,0,0,38
2,3163,459.717524,-0.739653050899506,-0.00065644783899188,0,0,0,0,0,38
2,3164,459.877524,-0.737442076206207,-0.000654020463116467,0,0,0,0,0,38
2,3165,460.037524,-0.737752377986908,-0.000659217592328787,0,0,0,0,0,38
2,3166,460.197524,-0.734552264213562,-0.000643213803414255,0,0,0,0,0,38
2,3167,460.357524,-0.726154327392578,-0.000577669765334576,0,0,0,0,0,38
2,3168,460.517524,-0.731022417545319,-0.000620651291683316,0,0,0,0,0,38
2,3169,460.677524,-0.725766479969025,-0.000602601328864694,0,0,0,0,0,38
2,3170,460.837524,-0.731623649597168,-0.000660501304082572,0,0,0,0,0,38
2,3171,460.997524,-0.718648612499237,-0.000549871241673827,0,0,0,0,0,38
2,3172,461.157524,-0.722488760948181,-0.000589281669817865,0,0,0,0,0,38
2,3173,461.317524,-0.722857236862183,-0.000598746235482395,0,0,0,0,0,38
2,3174,461.477524,-0.72277969121933,-0.000603009772021323,0,0,0,0,0,38
2,3175,461.637524,-0.717349171638489,-0.00056354101980105,0,0,0,0,0,38
2,3176,461.797524,-0.719152867794037,-0.000585870060604066,0,0,0,0,0,38
2,3177,461.957524,-0.715855777263641,-0.000570290314499289,0,0,0,0,0,38
2,3178,462.117524,-0.711627721786499,-0.000536722771357745,0,0,0,0,0,38
2,3179,462.277524,-0.709862768650055,-0.00053258758271113,0,0,0,0,0,38
2,3180,462.437524,-0.708136677742004,-0.000521037960425019,0,0,0,0,0,38
2,3181,462.597524,-0.706604480743408,-0.000515852472744882,0,0,0,0,0,38
2,3182,462.757524,-0.707322061061859,-0.000522780697792768,0,0,0,0,0,38
2,3183,462.917524,-0.708582758903503,-0.000545397633686662,0,0,0,0,0,38
2,3184,463.077524,-0.706662654876709,-0.000533785729203373,0,0,0,0,0,38
2,3185,463.237524,-0.703055262565613,-0.000511254416778684,0,0,0,0,0,38
2,3186,463.397524,-0.701367914676666,-0.000503649294842035,0,0,0,0,0,38
2,3187,463.557524,-0.701775193214417,-0.0005124292219989,0,0,0,0,0,38
2,3188,463.717524,-0.697644114494324,-0.000486941367853433,0,0,0,0,0,38
2,3189,463.877524,-0.696616172790527,-0.000484471180243418,0,0,0,0,0,38
2,3190,464.037524,-0.696461021900177,-0.000494542589876801,0,0,0,0,0,38
2,3191,464.197524,-0.693066954612732,-0.000468868034658954,0,0,0,0,0,38
2,3192,464.357524,-0.688800156116486,-0.000442205433500931,0,0,0,0,0,38
2,3193,464.517524,-0.689595341682434,-0.000457392306998372,0,0,0,0,0,38
2,3194,464.677524,-0.690894782543182,-0.000476356450235471,0,0,0,0,0,38
2,3195,464.837524,-0.689013481140137,-0.000467988895252347,0,0,0,0,0,38
2,3196,464.997524,-0.685929715633392,-0.000445694837253541,0,0,0,0,0,38
2,3197,465.157524,-0.686046063899994,-0.00045485986629501,0,0,0,0,0,38
2,3198,465.317524,-0.685890913009644,-0.000462223775684834,0,0,0,0,0,38
2,3199,465.477524,-0.677143931388855,-0.00039732942241244,0,0,0,0,0,38
2,3200,465.637524,-0.67390501499176,-0.000377941236365587,0,0,0,0,0,38
2,3201,465.797524,-0.676290512084961,-0.000408591207815334,0,0,0,0,0,38
2,3202,465.957524,-0.676775395870209,-0.000419176125433296,0,0,0,0,0,38
2,3203,466.117524,-0.676387488842011,-0.000421502394601703,0,0,0,0,0,38
2,3204,466.277524,-0.67532080411911,-0.000424225465394557,0,0,0,0,0,38
2,3205,466.437524,-0.67425411939621,-0.000422070355853066,0,0,0,0,0,38
2,3206,466.597524,-0.670142412185669,-0.000397298310417682,0,0,0,0,0,38
2,3207,466.757524,-0.668358087539673,-0.00038964650593698,0,0,0,0,0,38
2,3208,466.917524,-0.665662229061127,-0.000379357225028798,0,0,0,0,0,38
2,3209,467.077524,-0.666709542274475,-0.000396275223465636,0,0,0,0,0,38
2,3210,467.237524,-0.662753045558929,-0.000372915266780183,0,0,0,0,0,38
2,3211,467.397524,-0.663800358772278,-0.000388016575016081,0,0,0,0,0,38
2,3212,467.557524,-0.66255909204483,-0.000383270671591163,0,0,0,0,0,38
2,3213,467.717524,-0.660988092422485,-0.00038433654117398,0,0,0,0,0,38
2,3214,467.877524,-0.65875768661499,-0.000374035618733615,0,0,0,0,0,38
2,3215,468.037524,-0.655596375465393,-0.000354246760252863,0,0,0,0,0,38
2,3216,468.197524,-0.652706563472748,-0.000335329270455986,0,0,0,0,0,38
2,3217,468.357524,-0.656837642192841,-0.000382578233256936,0,0,0,0,0,38
2,3218,468.517524,-0.648245751857758,-0.000317108118906617,0,0,0,0,0,38
2,3219,468.677524,-0.647566974163055,-0.000321710103889927,0,0,0,0,0,38
2,3220,468.837524,-0.648905217647552,-0.000340623693773523,0,0,0,0,0,38
2,3221,468.997524,-0.645414173603058,-0.000320613093208522,0,0,0,0,0,38
2,3222,469.157524,-0.643358290195465,-0.000313486467348412,0,0,0,0,0,38
2,3223,469.317524,-0.645239591598511,-0.000341588427545503,0,0,0,0,0,38
2,3224,469.477524,-0.640778839588165,-0.000311969342874363,0,0,0,0,0,38
2,3225,469.637524,-0.640895187854767,-0.000325938628520817,0,0,0,0,0,38
2,3226,469.797524,-0.639479339122772,-0.000318586360663176,0,0,0,0,0,38
2,3227,469.957524,-0.635968923568726,-0.000299054256174713,0,0,0,0,0,38
2,3228,470.117524,-0.632788181304932,-0.000279588275589049,0,0,0,0,0,38
2,3229,470.277524,-0.633505821228027,-0.000293938792310655,0,0,0,0,0,38
2,3230,470.437524,-0.631372392177582,-0.000284244713839144,0,0,0,0,0,38
2,3231,470.597524,-0.631217241287231,-0.000293604243779555,0,0,0,0,0,38
2,3232,470.757524,-0.629898369312286,-0.00029462345992215,0,0,0,0,0,38
2,3233,470.917524,-0.628288626670837,-0.000286839407635853,0,0,0,0,0,38
2,3234,471.077524,-0.624545454978943,-0.000262584711890668,0,0,0,0,0,38
2,3235,471.237524,-0.627764940261841,-0.000306036963593215,0,0,0,0,0,38
2,3236,471.397524,-0.626155197620392,-0.000298319035209715,0,0,0,0,0,38
2,3237,471.557524,-0.617970645427704,-0.000236486157518812,0,0,0,0,0,38
2,3238,471.717524,-0.619638562202454,-0.000259184802416712,0,0,0,0,0,38
2,3239,471.877524,-0.61504203081131,-0.000231662459555082,0,0,0,0,0,38
2,3240,472.037524,-0.612365543842316,-0.000218988570850343,0,0,0,0,0,38
2,3241,472.197524,-0.615507483482361,-0.000257523730397224,0,0,0,0,0,38
2,3242,472.357524,-0.60966968536377,-0.000214017039979808,0,0,0,0,0,38
2,3243,472.517524,-0.615585088729858,-0.000277398154139519,0,0,0,0,0,38
2,3244,472.677524,-0.609223604202271,-0.00023371641873382,0,0,0,0,0,38
2,3245,472.837524,-0.608486592769623,-0.00023759483883623,0,0,0,0,0,38
2,3246,472.997524,-0.606101036071777,-0.00022660534887109,0,0,0,0,0,38
2,3247,473.157524,-0.605848908424377,-0.000234070423175581,0,0,0,0,0,38
2,3248,473.317524,-0.605771362781525,-0.000247191666858271,0,0,0,0,0,38
2,3249,473.477524,-0.600942075252533,-0.000210585989407264,0,0,0,0,0,38
2,3250,473.637524,-0.601000249385834,-0.000225796204176731,0,0,0,0,0,38
2,3251,473.797524,-0.597916483879089,-0.000210333135328256,0,0,0,0,0,38
2,3252,473.957524,-0.595841228961945,-0.000199452566448599,0,0,0,0,0,38
2,3253,474.117524,-0.594541788101196,-0.000199569272808731,0,0,0,0,0,38
2,3254,474.277524,-0.596830368041992,-0.000229651283007115,0,0,0,0,0,38
2,3255,474.437524,-0.593882381916046,-0.000221532682189718,0,0,0,0,0,38
2,3256,474.597524,-0.593533277511597,-0.000225582261919044,0,0,0,0,0,38
2,3257,474.757524,-0.588936746120453,-0.000196601133211516,0,0,0,0,0,38
2,3258,474.917524,-0.587714850902557,-0.000197064058738761,0,0,0,0,0,38
2,3259,475.077524,-0.588160932064056,-0.000213332386920229,0,0,0,0,0,38
2,3260,475.237524,-0.584088087081909,-0.000187004305189475,0,0,0,0,0,38
2,3261,475.397524,-0.583370447158813,-0.000193765270523727,0,0,0,0,0,38
2,3262,475.557524,-0.582672238349915,-0.000192831648746505,0,0,0,0,0,38
2,3263,475.717524,-0.580732762813568,-0.000193045605556108,0,0,0,0,0,38
2,3264,475.877524,-0.576446533203125,-0.000164449607837014,0,0,0,0,0,38
2,3265,476.037524,-0.575787127017975,-0.000172362037119456,0,0,0,0,0,38
2,3266,476.197524,-0.572858512401581,-0.000158867333084345,0,0,0,0,0,38
2,3267,476.357524,-0.571772396564484,-0.000160901850904338,0,0,0,0,0,38
2,3268,476.517524,-0.570375978946686,-0.000158373295562342,0,0,0,0,0,38
2,3269,476.677524,-0.569328665733337,-0.000159524759510532,0,0,0,0,0,38
2,3270,476.837524,-0.566283702850342,-0.000148819250171073,0,0,0,0,0,38
2,3271,476.997524,-0.563471496105194,-0.000132204702822492,0,0,0,0,0,38
2,3272,477.157524,-0.564635157585144,-0.000154852765263058,0,0,0,0,0,38
2,3273,477.317524,-0.562133252620697,-0.000144073346746154,0,0,0,0,0,38
2,3274,477.477524,-0.561415612697601,-0.000153841348947026,0,0,0,0,0,38
2,3275,477.637524,-0.561144113540649,-0.000160213297931477,0,0,0,0,0,38
2,3276,477.797524,-0.558681011199951,-0.000151744592585601,0,0,0,0,0,38
2,3277,477.957524,-0.555131733417511,-0.000132547036628239,0,0,0,0,0,38
2,3278,478.117524,-0.55390989780426,-0.000134966656332836,0,0,0,0,0,38
2,3279,478.277524,-0.54995334148407,-0.000107856678368989,0,0,0,0,0,38
2,3280,478.437524,-0.556566953659058,-0.000181993877049536,0,0,0,0,0,38
2,3281,478.597524,-0.54919695854187,-0.000129855092382059,0,0,0,0,0,38
2,3282,478.757524,-0.551330387592316,-0.0001628196623642,0,0,0,0,0,38
2,3283,478.917524,-0.544716775417328,-0.000113890193460975,0,0,0,0,0,38
2,3284,479.077524,-0.545318007469177,-0.000131111592054367,0,0,0,0,0,38
2,3285,479.237524,-0.541671812534332,-0.00011447370343376,0,0,0,0,0,38
2,3286,479.397524,-0.540915429592133,-0.000118811149150133,0,0,0,0,0,38
2,3287,479.557524,-0.539092302322388,-0.000114069138362538,0,0,0,0,0,38
2,3288,479.717524,-0.538975954055786,-0.000125575999845751,0,0,0,0,0,38
2,3289,479.877524,-0.53785103559494,-0.000128707513795234,0,0,0,0,0,38
2,3290,480.037524,-0.534243643283844,-0.000114104150270578,0,0,0,0,0,38
2,3291,480.197524,-0.535717666149139,-0.000141132448334247,0,0,0,0,0,38
2,3292,480.357524,-0.532304167747498,-0.00012194655573694,0,0,0,0,0,38
2,3293,480.517524,-0.531295657157898,-0.000121145196317229,0,0,0,0,0,38
2,3294,480.677524,-0.527668833732605,-0.000103250815300271,0,0,0,0,0,38
2,3295,480.837524,-0.529860436916351,-0.000137071197968908,0,0,0,0,0,38
2,3296,480.997524,-0.524759650230408,-0.00010078839113703,0,0,0,0,0,38
2,3297,481.157524,-0.524817824363709,-0.000116691051516682,0,0,0,0,0,38
2,3298,481.317524,-0.522121965885162,-0.000103071870398708,0,0,0,0,0,38
2,3299,481.477524,-0.522374093532562,-0.00012457235425245,0,0,0,0,0,38
2,3300,481.637524,-0.519678235054016,-0.000108214560896158,0,0,0,0,0,38
2,3301,481.797524,-0.520104885101318,-0.000130594213260338,0,0,0,0,0,38
2,3302,481.957524,-0.515120446681976,-9.44436687859707E-05,0,0,0,0,0,38
2,3303,482.117524,-0.513452529907227,-9.33116534724832E-05,0,0,0,0,0,38
2,3304,482.277524,-0.515663504600525,-0.000130310232634656,0,0,0,0,0,38
2,3305,482.437524,-0.511726379394531,-0.000100761164503638,0,0,0,0,0,38
2,3306,482.597524,-0.509437799453735,-9.52450282056816E-05,0,0,0,0,0,38
2,3307,482.757524,-0.510058403015137,-0.000117539093480445,0,0,0,0,0,38
2,3308,482.917524,-0.50761467218399,-0.000109428270661738,0,0,0,0,0,38
2,3309,483.077524,-0.504996418952942,-9.74583454080857E-05,0,0,0,0,0,38
2,3310,483.237524,-0.504065454006195,-0.000103931299236137,0,0,0,0,0,38
2,3311,483.397524,-0.50167989730835,-9.54782663029619E-05,0,0,0,0,0,38
2,3312,483.557524,-0.501117467880249,-0.000104267004644498,0,0,0,0,0,38
2,3313,483.717524,-0.498906463384628,-9.73456626525149E-05,0,0,0,0,0,38
2,3314,483.877524,-0.497393667697906,-9.98180476017296E-05,0,0,0,0,0,38
2,3315,484.037524,-0.495958477258682,-9.84612051979639E-05,0,0,0,0,0,38
2,3316,484.197524,-0.494174152612686,-9.34713752940297E-05,0,0,0,0,0,38
2,3317,484.357524,-0.492603182792664,-9.64341088547371E-05,0,0,0,0,0,38
2,3318,484.517524,-0.490857660770416,-9.37021759455092E-05,0,0,0,0,0,38
2,3319,484.677524,-0.489616394042969,-9.23670959309675E-05,0,0,0,0,0,38
2,3320,484.837524,-0.488122999668121,-9.40021418500692E-05,0,0,0,0,0,38
2,3321,484.997524,-0.486067175865173,-9.08766014617868E-05,0,0,0,0,0,38
2,3322,485.157524,-0.484496206045151,-8.83335014805198E-05,0,0,0,0,0,38
2,3323,485.317524,-0.48329371213913,-9.39660021685995E-05,0,0,0,0,0,38
2,3324,485.477524,-0.481567591428757,-9.18176810955629E-05,0,0,0,0,0,38
2,3325,485.637524,-0.47997722029686,-9.23581610550173E-05,0,0,0,0,0,38
2,3326,485.797524,-0.478173524141312,-8.85643021319993E-05,0,0,0,0,0,38
2,3327,485.957524,-0.47656375169754,-9.05863489606418E-05,0,0,0,0,0,38
2,3328,486.117524,-0.474701851606369,-8.74942197697237E-05,0,0,0,0,0,38
2,3329,486.277524,-0.474042445421219,-9.15872660698369E-05,0,0,0,0,0,38
2,3330,486.437524,-0.471792668104172,-8.77549391589127E-05,0,0,0,0,0,38
2,3331,486.597524,-0.4703768491745,-8.72463206178509E-05,0,0,0,0,0,38
2,3332,486.757524,-0.468611925840378,-8.47273113322444E-05,0,0,0,0,0,38
2,3333,486.917524,-0.466847002506256,-8.28960473882034E-05,0,0,0,0,0,38
2,3334,487.077524,-0.465217858552933,-8.21978173917159E-05,0,0,0,0,0,38
2,3335,487.237524,-0.464209318161011,-8.84799883351661E-05,0,0,0,0,0,38
2,3336,487.397524,-0.462037116289139,-8.22856309241615E-05,0,0,0,0,0,38
2,3337,487.557524,-0.46098980307579,-8.47774354042485E-05,0,0,0,0,0,38
2,3338,487.717524,-0.459535181522369,-8.4570339822676E-05,0,0,0,0,0,38
2,3339,487.877524,-0.457285404205322,-8.04170631454326E-05,0,0,0,0,0,38
2,3340,488.037524,-0.455636858940125,-8.11642603366636E-05,0,0,0,0,0,38
2,3341,488.197524,-0.454201638698578,-7.87929020589218E-05,0,0,0,0,0,38
2,3342,488.357524,-0.453387081623077,-8.49072166602127E-05,0,0,0,0,0,38
2,3343,488.517524,-0.450729995965958,-7.82986608101055E-05,0,0,0,0,0,38
2,3344,488.677524,-0.449934810400009,-8.40061547933146E-05,0,0,0,0,0,38
2,3345,488.837524,-0.447588056325912,-7.8018507338129E-05,0,0,0,0,0,38
2,3346,488.997524,-0.446366190910339,-8.18314074422233E-05,0,0,0,0,0,38
2,3347,489.157524,-0.444407314062119,-7.66313678468578E-05,0,0,0,0,0,38
2,3348,489.317524,-0.442739367485046,-7.77309760451317E-05,0,0,0,0,0,38
2,3349,489.477524,-0.441575676202774,-7.84913790994324E-05,0,0,0,0,0,38
2,3350,489.637524,-0.439597427845001,-7.66570083214901E-05,0,0,0,0,0,38
2,3351,489.797524,-0.438569515943527,-7.91744605521671E-05,0,0,0,0,0,38
2,3352,489.957524,-0.43697914481163,-7.95665182522498E-05,0,0,0,0,0,38
2,3353,490.117524,-0.434651762247086,-7.38528033252805E-05,0,0,0,0,0,38
2,3354,490.277524,-0.433623850345612,-7.69336620578542E-05,0,0,0,0,0,38
2,3355,490.437524,-0.431878328323364,-7.64017313485965E-05,0,0,0,0,0,38
2,3356,490.597524,-0.430268555879593,-7.49096725485288E-05,0,0,0,0,0,38
2,3357,490.757524,-0.42829030752182,-7.31654508854263E-05,0,0,0,0,0,38
2,3358,490.917524,-0.427320569753647,-7.48517777537927E-05,0,0,0,0,0,38
2,3359,491.077524,-0.425187140703201,-7.10548119968735E-05,0,0,0,0,0,38
2,3360,491.237524,-0.423907101154327,-7.08209045114927E-05,0,0,0,0,0,38
2,3361,491.397524,-0.422646433115005,-7.74807485868223E-05,0,0,0,0,0,38
2,3362,491.557524,-0.420706987380981,-7.24034907761961E-05,0,0,0,0,0,38
2,3363,491.717524,-0.41884508728981,-7.26770304027013E-05,0,0,0,0,0,38
2,3364,491.877524,-0.417584419250488,-7.41535477573052E-05,0,0,0,0,0,38
2,3365,492.037524,-0.415470391511917,-7.07082217559218E-05,0,0,0,0,0,38
2,3366,492.197524,-0.414830386638641,-7.53825443098322E-05,0,0,0,0,0,38
2,3367,492.357524,-0.41306546330452,-7.39029273972847E-05,0,0,0,0,0,38
2,3368,492.517524,-0.4111647605896,-7.38656235625967E-05,0,0,0,0,0,38
2,3369,492.677524,-0.409438639879227,-7.01436511008069E-05,0,0,0,0,0,38
2,3370,492.837524,-0.407615542411804,-6.82265163050033E-05,0,0,0,0,0,38
2,3371,492.997524,-0.40693673491478,-7.43843484087847E-05,0,0,0,0,0,38
2,3372,493.157524,-0.40503603219986,-7.31650579837151E-05,0,0,0,0,0,38
2,3373,493.317524,-0.403329312801361,-7.453666330548E-05,0,0,0,0,0,38
2,3374,493.477524,-0.401021331548691,-6.81930978316814E-05,0,0,0,0,0,38
2,3375,493.637524,-0.399877041578293,-7.24271885701455E-05,0,0,0,0,0,38
2,3376,493.797524,-0.397956967353821,-6.79743388900533E-05,0,0,0,0,0,38
2,3377,493.957524,-0.396541148424149,-7.193761121016E-05,0,0,0,0,0,38
2,3378,494.117524,-0.395202934741974,-7.22472905181348E-05,0,0,0,0,0,38
2,3379,494.277524,-0.393748313188553,-7.4118965130765E-05,0,0,0,0,0,38
2,3380,494.437524,-0.39186704158783,-6.90770611981861E-05,0,0,0,0,0,38
2,3381,494.597524,-0.389830589294434,-6.82206882629544E-05,0,0,0,0,0,38
2,3382,494.757524,-0.38880267739296,-7.1172158641275E-05,0,0,0,0,0,38
2,3383,494.917524,-0.386727422475815,-6.48441346129403E-05,0,0,0,0,0,38
2,3384,495.077524,-0.385815888643265,-6.9969188189134E-05,0,0,0,0,0,38
2,3385,495.237524,-0.383973389863968,-7.08473235135898E-05,0,0,0,0,0,38
2,3386,495.397524,-0.382518768310547,-6.89115404384211E-05,0,0,0,0,0,38
2,3387,495.557524,-0.380850821733475,-6.88485961291008E-05,0,0,0,0,0,38
2,3388,495.717524,-0.379551380872726,-7.00115415384062E-05,0,0,0,0,0,38
2,3389,495.877524,-0.377301603555679,-6.65032712277025E-05,0,0,0,0,0,38
2,3390,496.037524,-0.375982761383057,-6.75648043397814E-05,0,0,0,0,0,38
2,3391,496.197524,-0.37404328584671,-6.81363671901636E-05,0,0,0,0,0,38
2,3392,496.357524,-0.372898995876312,-6.76176496199332E-05,0,0,0,0,0,38
2,3393,496.517524,-0.371405601501465,-7.06569335306995E-05,0,0,0,0,0,38
2,3394,496.677524,-0.369233399629593,-6.55178955639713E-05,0,0,0,0,0,38
2,3395,496.837524,-0.368380039930344,-6.96245406288654E-05,0,0,0,0,0,38
2,3396,496.997524,-0.365839332342148,-6.42636368866079E-05,0,0,0,0,0,38
2,3397,497.157524,-0.364559262990952,-6.38261190033518E-05,0,0,0,0,0,38
2,3398,497.317524,-0.363337397575378,-6.70165536575951E-05,0,0,0,0,0,38
2,3399,497.477524,-0.361223369836807,-6.27774061285891E-05,0,0,0,0,0,38
2,3400,497.637524,-0.359962731599808,-6.53865572530776E-05,0,0,0,0,0,38
2,3401,497.797524,-0.358042657375336,-6.46918197162449E-05,0,0,0,0,0,38
2,3402,497.957524,-0.356103181838989,-6.06224784860387E-05,0,0,0,0,0,38
2,3403,498.117524,-0.355133444070816,-6.4369713072665E-05,0,0,0,0,0,38
2,3404,498.277524,-0.353174567222595,-6.36776894680224E-05,0,0,0,0,0,38
2,3405,498.437524,-0.351933300495148,-6.43219173070975E-05,0,0,0,0,0,38
2,3406,498.597524,-0.350401133298874,-6.58668141113594E-05,0,0,0,0,0,38
2,3407,498.757524,-0.348384082317352,-6.1383267166093E-05,0,0,0,0,0,38
2,3408,498.917524,-0.346948862075806,-6.31107905064709E-05,0,0,0,0,0,38
2,3409,499.077524,-0.346017926931381,-6.57689015497454E-05,0,0,0,0,0,38
2,3410,499.237524,-0.343845725059509,-6.28302514087409E-05,0,0,0,0,0,38
2,3411,499.397524,-0.342546284198761,-6.55171170365065E-05,0,0,0,0,0,38
2,3412,499.557524,-0.340490430593491,-6.13988158875145E-05,0,0,0,0,0,38
2,3413,499.717524,-0.339326739311218,-6.58963472233154E-05,0,0,0,0,0,38
2,3414,499.877524,-0.337406665086746,-6.36741970083676E-05,0,0,0,0,0,38
2,3415,500.037524,-0.336049050092697,-6.20515857008286E-05,0,0,0,0,0,38
2,3416,500.197524,-0.334419876337051,-6.15204335190356E-05,0,0,0,0,0,38
2,3417,500.357524,-0.332732558250427,-6.14314485574141E-05,0,0,0,0,0,38
2,3418,500.517524,-0.330948233604431,-6.3331492128782E-05,0,0,0,0,0,38
2,3419,500.677524,-0.329687565565109,-6.17131518083625E-05,0,0,0,0,0,38
2,3420,500.837524,-0.327922642230988,-6.16459365119226E-05,0,0,0,0,0,38
2,3421,500.997524,-0.326332300901413,-6.39698846498504E-05,0,0,0,0,0,38
2,3422,501.157524,-0.324276447296143,-5.86762034799904E-05,0,0,0,0,0,38
2,3423,501.317524,-0.322763651609421,-5.91514071857091E-05,0,0,0,0,0,38
2,3424,501.477524,-0.321464210748672,-6.15452954662032E-05,0,0,0,0,0,38
2,3425,501.637524,-0.3197380900383,-5.87480863032397E-05,0,0,0,0,0,38
2,3426,501.797524,-0.318205893039703,-5.81613639951684E-05,0,0,0,0,0,38
2,3427,501.957524,-0.31647977232933,-5.91374191571958E-05,0,0,0,0,0,38
2,3428,502.117524,-0.31477302312851,-5.81644744670484E-05,0,0,0,0,0,38
2,3429,502.277524,-0.313182681798935,-5.85060151934158E-05,0,0,0,0,0,38
2,3430,502.437524,-0.312193542718887,-6.29814021522179E-05,0,0,0,0,0,38
2,3431,502.597524,-0.310254067182541,-5.81722451897804E-05,0,0,0,0,0,38
2,3432,502.757524,-0.308857649564743,-6.11478026257828E-05,0,0,0,0,0,38
2,3433,502.917524,-0.307092726230621,-5.99378436163533E-05,0,0,0,0,0,38
2,3434,503.077524,-0.3050756752491,-5.47921990801115E-05,0,0,0,0,0,38
2,3435,503.237524,-0.304261088371277,-6.18001940893009E-05,0,0,0,0,0,38
2,3436,503.397524,-0.301953136920929,-5.81240637984592E-05,0,0,0,0,0,38
2,3437,503.557524,-0.300867021083832,-5.88813600188587E-05,0,0,0,0,0,38
2,3438,503.717524,-0.299140900373459,-5.76597412873525E-05,0,0,0,0,0,38
2,3439,503.877524,-0.297065675258636,-5.55763035663404E-05,0,0,0,0,0,38
2,3440,504.037524,-0.295960158109665,-5.80758824071381E-05,0,0,0,0,0,38
2,3441,504.197524,-0.294505566358566,-6.02102190896403E-05,0,0,0,0,0,38
2,3442,504.357524,-0.292876392602921,-5.71651071368251E-05,0,0,0,0,0,38
2,3443,504.517524,-0.291189074516296,-5.63654612051323E-05,0,0,0,0,0,38
2,3444,504.677524,-0.289850831031799,-6.06018838880118E-05,0,0,0,0,0,38
2,3445,504.837524,-0.287290722131729,-5.3964184189681E-05,0,0,0,0,0,38
2,3446,504.997524,-0.28583613038063,-5.48403804714326E-05,0,0,0,0,0,38
2,3447,505.157524,-0.284924566745758,-5.9661968407454E-05,0,0,0,0,0,38
2,3448,505.317524,-0.283101469278336,-5.62434543098789E-05,0,0,0,0,0,38
2,3449,505.477524,-0.281918376684189,-6.04390806984156E-05,0,0,0,0,0,38
2,3450,505.637524,-0.280075877904892,-5.74848891119473E-05,0,0,0,0,0,38
2,3451,505.797524,-0.278175204992294,-5.50020195078105E-05,0,0,0,0,0,38
2,3452,505.957524,-0.277030915021896,-5.93899785599206E-05,0,0,0,0,0,38
2,3453,506.117524,-0.27534356713295,-5.60145963390823E-05,0,0,0,0,0,38
2,3454,506.277524,-0.273617446422577,-5.75416197534651E-05,0,0,0,0,0,38
2,3455,506.437524,-0.271968901157379,-5.73014913243242E-05,0,0,0,0,0,38
2,3456,506.597524,-0.270281553268433,-5.68787436350249E-05,0,0,0,0,0,38
2,3457,506.757524,-0.268846362829208,-5.7352393923793E-05,0,0,0,0,0,38
2,3458,506.917524,-0.266868084669113,-5.24220085935667E-05,0,0,0,0,0,38
2,3459,507.077524,-0.26580137014389,-5.54877115064301E-05,0,0,0,0,0,38
2,3460,507.237524,-0.263745546340942,-5.44366703252308E-05,0,0,0,0,0,38
2,3461,507.397524,-0.262640029191971,-5.6422966736136E-05,0,0,0,0,0,38
2,3462,507.557524,-0.261088460683823,-5.6914101151051E-05,0,0,0,0,0,38
2,3463,507.717524,-0.259187787771225,-5.47634444956202E-05,0,0,0,0,0,38
2,3464,507.877524,-0.257558614015579,-5.53179124835879E-05,0,0,0,0,0,38
2,3465,508.037524,-0.255910068750381,-5.69510157220066E-05,0,0,0,0,0,38
2,3466,508.197524,-0.25389301776886,-5.13935010530986E-05,0,0,0,0,0,38
2,3467,508.357524,-0.252903878688812,-5.51982375327498E-05,0,0,0,0,0,38
2,3468,508.517524,-0.251216560602188,-5.63460343983024E-05,0,0,0,0,0,38
2,3469,508.677524,-0.250130444765091,-5.74363220948726E-05,0,0,0,0,0,38
2,3470,508.837524,-0.24776428937912,-5.43193273188081E-05,0,0,0,0,0,38
2,3471,508.997524,-0.246639400720596,-5.57608691451605E-05,0,0,0,0,0,38
2,3472,509.157524,-0.244564160704613,-5.46243427379522E-05,0,0,0,0,0,38
2,3473,509.317524,-0.243865951895714,-5.96095123910345E-05,0,0,0,0,0,38
2,3474,509.477524,-0.241325244307518,-5.23913113283925E-05,0,0,0,0,0,38
2,3475,509.637524,-0.23942457139492,-5.20789144502487E-05,0,0,0,0,0,38
2,3476,509.797524,-0.238532409071922,-5.46628107258584E-05,0,0,0,0,0,38
2,3477,509.957524,-0.23686446249485,-5.48667994735297E-05,0,0,0,0,0,38
2,3478,510.117524,-0.235080152750015,-5.28630189364776E-05,0,0,0,0,0,38
2,3479,510.277524,-0.233722522854805,-5.41670124221127E-05,0,0,0,0,0,38
2,3480,510.437524,-0.231880024075508,-5.48190073459409E-05,0,0,0,0,0,38
2,3481,510.597524,-0.230561181902885,-5.46694136573933E-05,0,0,0,0,0,38
2,3482,510.757524,-0.22902899980545,-5.63297144253738E-05,0,0,0,0,0,38
2,3483,510.917524,-0.227302864193916,-5.2561499614967E-05,0,0,0,0,0,38
2,3484,511.077524,-0.225654318928719,-5.47828713024501E-05,0,0,0,0,0,38
2,3485,511.237524,-0.223966971039772,-5.0955597544089E-05,0,0,0,0,0,38
2,3486,511.397524,-0.222124472260475,-5.28602977283299E-05,0,0,0,0,0,38
2,3487,511.557524,-0.220922008156776,-5.17952685186174E-05,0,0,0,0,0,38
2,3488,511.717524,-0.21873040497303,-5.07519944221713E-05,0,0,0,0,0,38
2,3489,511.877524,-0.218226134777069,-5.72564204048831E-05,0,0,0,0,0,38
2,3490,512.037524,-0.215724229812622,-5.17459193360992E-05,0,0,0,0,0,38
2,3491,512.197524,-0.21430841088295,-5.36894767719787E-05,0,0,0,0,0,38
2,3492,512.357524,-0.212911993265152,-5.43706155440304E-05,0,0,0,0,0,38
2,3493,512.517524,-0.21124404668808,-5.30953766428865E-05,0,0,0,0,0,38
2,3494,512.677524,-0.209362760186195,-5.22572590853088E-05,0,0,0,0,0,38
2,3495,512.837524,-0.208160281181335,-5.50214463146403E-05,0,0,0,0,0,38
2,3496,512.997524,-0.206104442477226,-4.97332002851181E-05,0,0,0,0,0,38
2,3497,513.157524,-0.205154106020927,-5.55421102035325E-05,0,0,0,0,0,38
2,3498,513.317524,-0.202690973877907,-4.83581025036983E-05,0,0,0,0,0,38
2,3499,513.477524,-0.201721236109734,-5.23687740496825E-05,0,0,0,0,0,38
2,3500,513.637524,-0.199781760573387,-5.16480031365063E-05,0,0,0,0,0,38
2,3501,513.797524,-0.198812037706375,-5.54080579604488E-05,0,0,0,0,0,38
2,3502,513.957524,-0.196891948580742,-5.06494179717265E-05,0,0,0,0,0,38
2,3503,514.117524,-0.194991275668144,-4.86269818793517E-05,0,0,0,0,0,38
2,3504,514.277524,-0.19361424446106,-5.25300274603069E-05,0,0,0,0,0,38
2,3505,514.437524,-0.191732957959175,-5.04065683344379E-05,0,0,0,0,0,38
2,3506,514.597524,-0.190336540341377,-5.22518203069922E-05,0,0,0,0,0,38
2,3507,514.757524,-0.189172863960266,-5.52992642042227E-05,0,0,0,0,0,38
2,3508,514.917524,-0.18698126077652,-5.01349677506369E-05,0,0,0,0,0,38
2,3509,515.077524,-0.185410276055336,-4.94363448524382E-05,0,0,0,0,0,38
2,3510,515.237524,-0.184013858437538,-5.24833994859364E-05,0,0,0,0,0,38
2,3511,515.397524,-0.181861042976379,-4.76322820759378E-05,0,0,0,0,0,38
2,3512,515.557524,-0.18110466003418,-5.36754887434654E-05,0,0,0,0,0,38
2,3513,515.717524,-0.179010033607483,-5.04395975440275E-05,0,0,0,0,0,38
2,3514,515.877524,-0.177148133516312,-4.65524826722685E-05,0,0,0,0,0,38
2,3515,516.037524,-0.176139608025551,-5.17913831572514E-05,0,0,0,0,0,38
2,3516,516.197524,-0.174568638205528,-4.91526989208069E-05,0,0,0,0,0,38
2,3517,516.357524,-0.172706738114357,-4.90135971631389E-05,0,0,0,0,0,38
2,3518,516.517524,-0.171077594161034,-4.97215442010202E-05,0,0,0,0,0,38
2,3519,516.677524,-0.1693514585495,-4.98758017783985E-05,0,0,0,0,0,38
2,3520,516.837524,-0.167702913284302,-4.81813112855889E-05,0,0,0,0,0,38
2,3521,516.997524,-0.165899202227592,-4.72662613901775E-05,0,0,0,0,0,38
2,3522,517.157524,-0.16423125565052,-4.79812042613048E-05,0,0,0,0,0,38
2,3523,517.317524,-0.163067564368248,-5.01512877235655E-05,0,0,0,0,0,38
2,3524,517.477524,-0.161748722195625,-5.21235961059574E-05,0,0,0,0,0,38
2,3525,517.637524,-0.159576520323753,-4.81358474644367E-05,0,0,0,0,0,38
2,3526,517.797524,-0.158238291740417,-5.15726242156234E-05,0,0,0,0,0,38
2,3527,517.957524,-0.156589731574059,-4.83347903355025E-05,0,0,0,0,0,38
2,3528,518.117524,-0.154882997274399,-4.78405454487074E-05,0,0,0,0,0,38
2,3529,518.277524,-0.153544768691063,-4.90839265694376E-05,0,0,0,0,0,38
2,3530,518.437524,-0.151954397559166,-4.87202378280927E-05,0,0,0,0,0,38
2,3531,518.597524,-0.150344640016556,-5.11829020979349E-05,0,0,0,0,0,38
2,3532,518.757524,-0.149006396532059,-4.88072728330735E-05,0,0,0,0,0,38
2,3533,518.917524,-0.146969959139824,-5.00005262438208E-05,0,0,0,0,0,38
2,3534,519.077524,-0.145030483603477,-4.42273667431436E-05,0,0,0,0,0,38
2,3535,519.237524,-0.144235298037529,-5.05922980664764E-05,0,0,0,0,0,38
2,3536,519.397524,-0.142063096165657,-4.58122849522624E-05,0,0,0,0,0,38
2,3537,519.557524,-0.141112744808197,-5.08790544699878E-05,0,0,0,0,0,38
2,3538,519.717524,-0.138921141624451,-4.55698245787062E-05,0,0,0,0,0,38
2,3539,519.877524,-0.137699276208878,-5.02791226608679E-05,0,0,0,0,0,38
2,3540,520.037524,-0.135973155498505,-4.76046916446649E-05,0,0,0,0,0,38
2,3541,520.197524,-0.13434399664402,-4.86953686049674E-05,0,0,0,0,0,38
2,3542,520.357524,-0.133180320262909,-5.22471564181615E-05,0,0,0,0,0,38
2,3543,520.517524,-0.130969315767288,-4.62226016679779E-05,0,0,0,0,0,38
2,3544,520.677524,-0.129650473594666,-4.7990139137255E-05,0,0,0,0,0,38
2,3545,520.837524,-0.128273457288742,-4.97351429658011E-05,0,0,0,0,0,38
2,3546,520.997524,-0.126101240515709,-4.48805294581689E-05,0,0,0,0,0,38
2,3547,521.157524,-0.124375112354755,-4.51400846941397E-05,0,0,0,0,0,38
2,3548,521.317524,-0.123579926788807,-4.96003158332314E-05,0,0,0,0,0,38
2,3549,521.477524,-0.12173742800951,-4.83211915707216E-05,0,0,0,0,0,38
2,3550,521.637524,-0.120185852050781,-4.93224979436491E-05,0,0,0,0,0,38
2,3551,521.797524,-0.117994248867035,-4.54175133199897E-05,0,0,0,0,0,38
2,3552,521.957524,-0.116772383451462,-4.64914810436312E-05,0,0,0,0,0,38
2,3553,522.117524,-0.115201413631439,-4.7600031393813E-05,0,0,0,0,0,38
2,3554,522.277524,-0.113824389874935,-4.70712075184565E-05,0,0,0,0,0,38
2,3555,522.437524,-0.112059466540813,-4.77674984722398E-05,0,0,0,0,0,38
2,3556,522.597524,-0.109887257218361,-4.33453460573219E-05,0,0,0,0,0,38
2,3557,522.757524,-0.108665391802788,-4.48261307610665E-05,0,0,0,0,0,38
2,3558,522.917524,-0.106881082057953,-4.75265915156342E-05,0,0,0,0,0,38
2,3559,523.077524,-0.105542846024036,-4.41675292677246E-05,0,0,0,0,0,38
2,3560,523.237524,-0.104437343776226,-4.78199544886593E-05,0,0,0,0,0,38
2,3561,523.397524,-0.102129369974136,-4.52943386335392E-05,0,0,0,0,0,38
2,3562,523.557524,-0.100616581737995,-4.55744884675369E-05,0,0,0,0,0,38
2,3563,523.717524,-0.0992007702589035,-4.62839925603475E-05,0,0,0,0,0,38
2,3564,523.877524,-0.0976298004388809,-4.7587207518518E-05,0,0,0,0,0,38
2,3565,524.037524,-0.0959230661392212,-4.30784057243727E-05,0,0,0,0,0,38
2,3566,524.197524,-0.0941581428050995,-4.52920103271026E-05,0,0,0,0,0,38
2,3567,524.357524,-0.093265987932682,-4.8563648306299E-05,0,0,0,0,0,38
2,3568,524.517524,-0.0914816707372665,-4.548356810119E-05,0,0,0,0,0,38
2,3569,524.677524,-0.089813731610775,-4.94025407533627E-05,0,0,0,0,0,38
2,3570,524.837524,-0.0876027345657349,-4.33278582931962E-05,0,0,0,0,0,38
2,3571,524.997524,-0.0860899463295937,-4.45490913989488E-05,0,0,0,0,0,38
2,3572,525.157524,-0.0849844440817833,-4.73125001008157E-05,0,0,0,0,0,38
2,3573,525.317524,-0.0833746865391731,-4.61619856650941E-05,0,0,0,0,0,38
2,3574,525.477524,-0.081648550927639,-4.54882283520419E-05,0,0,0,0,0,38
2,3575,525.637524,-0.0802327394485474,-4.67389909317717E-05,0,0,0,0,0,38
2,3576,525.797524,-0.0780217424035072,-3.96521209040657E-05,0,0,0,0,0,38
2,3577,525.957524,-0.0770713984966278,-4.62354219052941E-05,0,0,0,0,0,38
2,3578,526.117524,-0.0752676948904991,-4.75747729069553E-05,0,0,0,0,0,38
2,3579,526.277524,-0.0731924548745155,-4.13621564803179E-05,0,0,0,0,0,38
2,3580,526.437524,-0.071621485054493,-4.15840222558472E-05,0,0,0,0,0,38
2,3581,526.597524,-0.0703608319163322,-4.44115430582315E-05,0,0,0,0,0,38
2,3582,526.757524,-0.0685765147209167,-4.28833518526517E-05,0,0,0,0,0,38
2,3583,526.917524,-0.0674322247505188,-4.52376116300002E-05,0,0,0,0,0,38
2,3584,527.077524,-0.0656091198325157,-4.39713076048065E-05,0,0,0,0,0,38
2,3585,527.237524,-0.0638442039489746,-4.15638169215526E-05,0,0,0,0,0,38
2,3586,527.397524,-0.0620017051696777,-4.24345707870089E-05,0,0,0,0,0,38
2,3587,527.557524,-0.0608768127858639,-4.41026386397425E-05,0,0,0,0,0,38
2,3588,527.717524,-0.0591700784862041,-4.27628983743489E-05,0,0,0,0,0,38
2,3589,527.877524,-0.0574439465999603,-4.13672059949022E-05,0,0,0,0,0,38
2,3590,528.037524,-0.0561057142913342,-4.22297998738941E-05,0,0,0,0,0,38
2,3591,528.197524,-0.0542632155120373,-4.12654044339433E-05,0,0,0,0,0,38
2,3592,528.357524,-0.0524013228714466,-4.28472158091608E-05,0,0,0,0,0,38
2,3593,528.517524,-0.0511406660079956,-4.27135528298095E-05,0,0,0,0,0,38
2,3594,528.677524,-0.0493563525378704,-4.10140091844369E-05,0,0,0,0,0,38
2,3595,528.837524,-0.0476108267903328,-3.88886110158637E-05,0,0,0,0,0,38
2,3596,528.997524,-0.0467962473630905,-4.33158129453659E-05,0,0,0,0,0,38
2,3597,529.157524,-0.0447598025202751,-4.32019660365768E-05,0,0,0,0,0,38
2,3598,529.317524,-0.0430336743593216,-4.15999529650435E-05,0,0,0,0,0,38
2,3599,529.477524,-0.0414627008140087,-4.18237614212558E-05,0,0,0,0,0,38
2,3600,529.637524,-0.0399887040257454,-4.38485258200672E-05,0,0,0,0,0,38
2,3601,529.797524,-0.0384565219283104,-4.02796395064797E-05,0,0,0,0,0,38
2,3602,529.957524,-0.0363812856376171,-3.96641662518959E-05,0,0,0,0,0,38
2,3603,530.117524,-0.0351400263607502,-4.19648058596067E-05,0,0,0,0,0,38
2,3604,530.277524,-0.0335108675062656,-4.19383832195308E-05,0,0,0,0,0,38
2,3605,530.437524,-0.0318429246544838,-3.97084622818511E-05,0,0,0,0,0,38
2,3606,530.597524,-0.0303107406944036,-3.9808321162127E-05,0,0,0,0,0,38
2,3607,530.757524,-0.0290306899696589,-4.28336170443799E-05,0,0,0,0,0,38
2,3608,530.917524,-0.0275566913187504,-4.25262696808204E-05,0,0,0,0,0,38
2,3609,531.077524,-0.0254814568907022,-4.114650801057E-05,0,0,0,0,0,38
2,3610,531.237524,-0.0238716956228018,-3.77287688024808E-05,0,0,0,0,0,38
2,3611,531.397524,-0.0221455655992031,-3.88167281926144E-05,0,0,0,0,0,38
2,3612,531.557524,-0.0210788566619158,-4.10046850447543E-05,0,0,0,0,0,38
2,3613,531.717524,-0.0193139370530844,-4.09114290960133E-05,0,0,0,0,0,38
2,3614,531.877524,-0.0172387026250362,-3.99132295569871E-05,0,0,0,0,0,38
2,3615,532.037524,-0.0156677309423685,-3.6063418519916E-05,0,0,0,0,0,38
2,3616,532.197524,-0.0139222061261535,-3.74338560504839E-05,0,0,0,0,0,38
2,3617,532.357524,-0.0130494432523847,-4.21015756728593E-05,0,0,0,0,0,38
2,3618,532.517524,-0.0114396819844842,-4.13104789913632E-05,0,0,0,0,0,38
2,3619,532.677524,-0.00932565797120333,-3.88497537642252E-05,0,0,0,0,0,38
2,3620,532.837524,-0.00759952841326594,-3.43308493029326E-05,0,0,0,0,0,38
2,3621,532.997524,-0.00664918730035424,-4.08189553127158E-05,0,0,0,0,0,38
2,3622,533.157524,-0.00509760994464159,-4.32602500950452E-05,0,0,0,0,0,38
2,3623,533.317524,-0.00294479681178927,-3.81962017854676E-05,0,0,0,0,0,38
2,3624,533.477524,-0.00183929794002324,-4.11193068430293E-05,0,0,0,0,0,38
2,3625,533.637524,-0.000287720642518252,-4.06557592214085E-05,0,0,0,0,0,38
2,3626,533.797524,0.00169054034631699,-3.63175349775702E-05,0,0,0,0,0,38
2,3627,533.957524,0.00318393344059587,-3.64457591786049E-05,0,0,0,0,0,38
2,3628,534.117524,0.00498764216899872,-3.89779779652599E-05,0,0,0,0,0,38
2,3629,534.277524,0.0064616403542459,-3.74536721210461E-05,0,0,0,0,0,38
2,3630,534.437524,0.00816837511956692,-3.77163378288969E-05,0,0,0,0,0,38
2,3631,534.597524,0.00948721636086702,-3.61143211193848E-05,0,0,0,0,0,38
2,3632,534.757524,0.011019398458302,-3.85455132345669E-05,0,0,0,0,0,38
2,3633,534.917524,0.0125903710722923,-3.76685457013082E-05,0,0,0,0,0,38
2,3634,535.077524,0.0146268159151077,-3.63280269084498E-05,0,0,0,0,0,38
2,3635,535.237524,0.0163723398000002,-3.2211664802162E-05,0,0,0,0,0,38
2,3636,535.397524,0.0175360236316919,-3.72228714695666E-05,0,0,0,0,0,38
2,3637,535.557524,0.0190682057291269,-3.90817222069018E-05,0,0,0,0,0,38
2,3638,535.717524,0.0207749400287867,-3.7043744669063E-05,0,0,0,0,0,38
2,3639,535.877524,0.0225398596376181,-3.5157696402166E-05,0,0,0,0,0,38
2,3640,536.037524,0.0242465939372778,-3.33353709720541E-05,0,0,0,0,0,38
2,3641,536.197524,0.0261472761631012,-3.22594569297507E-05,0,0,0,0,0,38
2,3642,536.357524,0.0270782224833965,-3.47407767549157E-05,0,0,0,0,0,38
2,3643,536.517524,0.028144933283329,-3.6558438296197E-05,0,0,0,0,0,38
2,3644,536.677524,0.0308214034885168,-3.09084498439915E-05,0,0,0,0,0,38
2,3645,536.837524,0.0316747725009918,-3.51977178070229E-05,0,0,0,0,0,38
2,3646,536.997524,0.0331681631505489,-3.75970485038124E-05,0,0,0,0,0,38
2,3647,537.157524,0.0348167158663273,-3.44571308232844E-05,0,0,0,0,0,38
2,3648,537.317524,0.0365816354751587,-3.14776843879372E-05,0,0,0,0,0,38
2,3649,537.477524,0.0381526052951813,-3.55419797415379E-05,0,0,0,0,0,38
2,3650,537.637524,0.0403829999268055,-2.95543341053417E-05,0,0,0,0,0,38
2,3651,537.797524,0.041566077619791,-3.18433158099651E-05,0,0,0,0,0,38
2,3652,537.957524,0.043253418058157,-3.22598461934831E-05,0,0,0,0,0,38
2,3653,538.117524,0.0448631793260574,-3.10728100885171E-05,0,0,0,0,0,38
2,3654,538.277524,0.0467444658279419,-2.86012054857565E-05,0,0,0,0,0,38
2,3655,538.437524,0.048412412405014,-2.88840747089125E-05,0,0,0,0,0,38
2,3656,538.597524,0.049110621213913,-3.29580834659282E-05,0,0,0,0,0,38
2,3657,538.757524,0.0513216182589531,-2.85180540231522E-05,0,0,0,0,0,38
2,3658,538.917524,0.0532222986221313,-2.65834351012018E-05,0,0,0,0,0,38
2,3659,539.077524,0.0550454035401344,-2.6252386305714E-05,0,0,0,0,0,38
2,3660,539.237524,0.0564224272966385,-2.68674702965654E-05,0,0,0,0,0,38
2,3661,539.397524,0.0574503466486931,-2.77475483017042E-05,0,0,0,0,0,38
2,3662,539.557524,0.0593704245984554,-2.71697663265513E-05,0,0,0,0,0,38
2,3663,539.717524,0.0609607920050621,-2.4496113837813E-05,0,0,0,0,0,38
2,3664,539.877524,0.0623378157615662,-2.81256143352948E-05,0,0,0,0,0,38
2,3665,540.037524,0.0640057623386383,-2.71491735475138E-05,0,0,0,0,0,38
2,3666,540.197524,0.0659064427018166,-2.62115881923819E-05,0,0,0,0,0,38
2,3667,540.357524,0.0670701265335083,-2.63227138930233E-05,0,0,0,0,0,38
2,3668,540.517524,0.0687380731105804,-2.36304113059305E-05,0,0,0,0,0,38
2,3669,540.677524,0.0705805718898773,-2.51737546932418E-05,0,0,0,0,0,38
2,3670,540.837524,0.0719575956463814,-2.27639320655726E-05,0,0,0,0,0,38
2,3671,540.997524,0.0736837238073349,-2.07974517252296E-05,0,0,0,0,0,38
2,3672,541.157524,0.0752352997660637,-2.26699012273457E-05,0,0,0,0,0,38
2,3673,541.317524,0.0769614353775978,-1.81397299456876E-05,0,0,0,0,0,38
2,3674,541.477524,0.0782220885157585,-2.09109093702864E-05,0,0,0,0,0,38
2,3675,541.637524,0.0798318535089493,-2.02161718334537E-05,0,0,0,0,0,38
2,3676,541.797524,0.0814416110515594,-1.94899603229715E-05,0,0,0,0,0,38
2,3677,541.957524,0.0828768238425255,-1.83091397047974E-05,0,0,0,0,0,38
2,3678,542.117524,0.0848744735121727,-1.52430457092123E-05,0,0,0,0,0,38
2,3679,542.277524,0.0862708985805511,-1.60776635311777E-05,0,0,0,0,0,38
2,3680,542.437524,0.0880746021866798,-1.46936281453236E-05,0,0,0,0,0,38
2,3681,542.597524,0.0893546566367149,-1.61056395882042E-05,0,0,0,0,0,38
2,3682,542.757524,0.091177761554718,-1.16407454697764E-05,0,0,0,0,0,38
2,3683,542.917524,0.0926323607563972,-1.01393652585102E-05,0,0,0,0,0,38
2,3684,543.077524,0.0946881994605064,-7.3911105573643E-06,0,0,0,0,0,38
2,3685,543.237524,0.0959100723266602,-1.11414510683971E-05,0,0,0,0,0,38
2,3686,543.397524,0.0974616482853889,-8.99234873941168E-06,0,0,0,0,0,38
2,3687,543.557524,0.0989938303828239,-7.48334832678665E-06,0,0,0,0,0,38
2,3688,543.717524,0.10093329846859,-6.53224878988112E-06,0,0,0,0,0,38
2,3689,543.877524,0.102504275739193,-5.26665735378629E-06,0,0,0,0,0,38
2,3690,544.037524,0.104036457836628,-4.10913798987167E-06,0,0,0,0,0,38
2,3691,544.197524,0.105878956615925,-2.75854381470708E-06,0,0,0,0,0,38
2,3692,544.357524,0.106751717627048,-1.84965358585032E-06,0,0,0,0,0,38
2,3693,544.517524,0.108749374747276,-9.16215753932192E-07,0,0,0,0,0,38
2,3694,544.677524,0.110533684492111,3.73778306084205E-07,0,0,0,0,0,38
2,3695,544.837524,0.111988291144371,1.52755217186495E-06,0,0,0,0,0,38
2,3696,544.997524,0.113462284207344,2.84114980786399E-06,0,0,0,0,0,38
2,3697,545.157524,0.115110836923122,3.88678381568752E-06,0,0,0,0,0,38
2,3698,545.317524,0.116468466818333,5.01765453009284E-06,0,0,0,0,0,38
2,3699,545.477524,0.118621282279491,6.1168188949523E-06,0,0,0,0,0,38
2,3700,545.637524,0.119862541556358,7.6505293691298E-06,0,0,0,0,0,38
2,3701,545.797524,0.121860198676586,9.01162820809986E-06,0,0,0,0,0,38
2,3702,545.957524,0.123062670230865,1.04587797977729E-05,0,0,0,0,0,38
2,3703,546.117524,0.124653041362762,1.18759371616761E-05,0,0,0,0,0,38
2,3704,546.277524,0.126243397593498,1.38043569677393E-05,0,0,0,0,0,38
2,3705,546.437524,0.128144085407257,1.51244130393025E-05,0,0,0,0,0,38
2,3706,546.597524,0.129501715302467,1.68520928127691E-05,0,0,0,0,0,38
2,3707,546.757524,0.131150275468826,1.95509601326194E-05,0,0,0,0,0,38
2,3708,546.917524,0.132721245288849,2.01749808184104E-05,0,0,0,0,0,38
2,3709,547.077524,0.134583130478859,2.25331259571249E-05,0,0,0,0,0,38
2,3710,547.237524,0.136057138442993,2.72797242359957E-05,0,0,0,0,0,38
2,3711,547.397524,0.137938424944878,2.97761944239028E-05,0,0,0,0,0,38
2,3712,547.557524,0.13865602016449,2.91385749733308E-05,0,0,0,0,0,38
2,3713,547.717524,0.140634283423424,3.14974968205206E-05,0,0,0,0,0,38
2,3714,547.877524,0.142263442277908,3.51880007656291E-05,0,0,0,0,0,38
2,3715,548.037524,0.144455045461655,4.07365769206081E-05,0,0,0,0,0,38
2,3716,548.197524,0.145560547709465,4.29198735218961E-05,0,0,0,0,0,38
2,3717,548.357524,0.147441834211349,4.6202778321458E-05,0,0,0,0,0,38
2,3718,548.517524,0.14870248734951,4.77224202768411E-05,0,0,0,0,0,38
2,3719,548.677524,0.150544986128807,5.39839966222644E-05,0,0,0,0,0,38
2,3720,548.837524,0.152193531394005,5.88786351727322E-05,0,0,0,0,0,38
2,3721,548.997524,0.153745114803314,6.2500752392225E-05,0,0,0,0,0,38
2,3722,549.157524,0.155199721455574,6.55299372738227E-05,0,0,0,0,0,38
2,3723,549.317524,0.156305208802223,6.4978186856024E-05,0,0,0,0,0,38
2,3724,549.477524,0.15814770758152,7.34483110136352E-05,0,0,0,0,0,38
2,3725,549.637524,0.159951418638229,8.0154393799603E-05,0,0,0,0,0,38
2,3726,549.797524,0.161813318729401,8.59263964230195E-05,0,0,0,0,0,38
2,3727,549.957524,0.163112759590149,8.77121929079294E-05,0,0,0,0,0,38
2,3728,550.117524,0.164838895201683,9.6318319265265E-05,0,0,0,0,0,38
2,3729,550.277524,0.166661992669106,0.000101827259641141,0,0,0,0,0,38
2,3730,550.437524,0.167922645807266,0.000106309642433189,0,0,0,0,0,38
2,3731,550.597524,0.169222101569176,0.000108497988549061,0,0,0,0,0,38
2,3732,550.757524,0.17110338807106,0.000117444877105299,0,0,0,0,0,38
2,3733,550.917524,0.173042848706245,0.000125271559227258,0,0,0,0,0,38
2,3734,551.077524,0.17451685667038,0.000131159336888231,0,0,0,0,0,38
2,3735,551.237524,0.176010251045227,0.000135635506012477,0,0,0,0,0,38
2,3736,551.397524,0.177503645420074,0.000142964825499803,0,0,0,0,0,38
2,3737,551.557524,0.179132789373398,0.000150537001900375,0,0,0,0,0,38
2,3738,551.717524,0.180664971470833,0.000156292298925109,0,0,0,0,0,38
2,3739,551.877524,0.18190623819828,0.000161570831551217,0,0,0,0,0,38
2,3740,552.037524,0.18386510014534,0.000171395848155953,0,0,0,0,0,38
2,3741,552.197524,0.185339108109474,0.000178555375896394,0,0,0,0,0,38
2,3742,552.357524,0.187647074460983,0.000190003091120161,0,0,0,0,0,38
2,3743,552.517524,0.188888341188431,0.000193616971955635,0,0,0,0,0,38
2,3744,552.677524,0.190536886453629,0.000202820912818424,0,0,0,0,0,38
2,3745,552.837524,0.191506624221802,0.00020468037109822,0,0,0,0,0,38
2,3746,552.997524,0.191719964146614,0.000196456734556705,0,0,0,0,0,38
2,3747,553.157524,0.195482537150383,0.000226398711674847,0,0,0,0,0,38
2,3748,553.317524,0.197383224964142,0.000237294836551882,0,0,0,0,0,38
2,3749,553.477524,0.200020909309387,0.000257838371908292,0,0,0,0,0,38
2,3750,553.637524,0.200874269008636,0.000257803360000253,0,0,0,0,0,38
2,3751,553.797524,0.201727643609047,0.000256908620940521,0,0,0,0,0,38
2,3752,553.957524,0.202367663383484,0.000259336025919765,0,0,0,0,0,38
2,3753,554.117524,0.206712082028389,0.000289172981865704,0,0,0,0,0,38
2,3754,554.277524,0.205529004335403,0.000273737125098705,0,0,0,0,0,38
2,3755,554.437524,0.206983610987663,0.000279860105365515,0,0,0,0,0,38
2,3756,554.597524,0.209310978651047,0.00029862197698094,0,0,0,0,0,38
2,3757,554.757524,0.211832284927368,0.000310159986838698,0,0,0,0,0,38
2,3758,554.917524,0.211075887084007,0.00029929107404314,0,0,0,0,0,38
2,3759,555.077524,0.214896649122238,0.000328820693539456,0,0,0,0,0,38
2,3760,555.237524,0.215905174612999,0.000333154253894463,0,0,0,0,0,38
2,3761,555.397524,0.218814387917519,0.000355370517354459,0,0,0,0,0,38
2,3762,555.557524,0.218717411160469,0.000345194071996957,0,0,0,0,0,38
2,3763,555.717524,0.220385357737541,0.000354230724042282,0,0,0,0,0,38
2,3764,555.877524,0.221568435430527,0.000356160220690072,0,0,0,0,0,38
2,3765,556.037524,0.224012166261673,0.000373595568817109,0,0,0,0,0,38
2,3766,556.197524,0.225272819399834,0.000380496552679688,0,0,0,0,0,38
2,3767,556.357524,0.230567574501038,0.000424551748437807,0,0,0,0,0,38
2,3768,556.517524,0.227910503745079,0.000391100940760225,0,0,0,0,0,38
2,3769,556.677524,0.232254922389984,0.000424719037255272,0,0,0,0,0,38
2,3770,556.837524,0.23359315097332,0.000430367421358824,0,0,0,0,0,38
2,3771,556.997524,0.232584625482559,0.00041183119174093,0,0,0,0,0,38
2,3772,557.157524,0.235668390989304,0.000433362787589431,0,0,0,0,0,38
2,3773,557.317524,0.23675449192524,0.000439847557572648,0,0,0,0,0,38
2,3774,557.477524,0.238887920975685,0.000452529231552035,0,0,0,0,0,38
2,3775,557.637524,0.241680756211281,0.000468789774458855,0,0,0,0,0,38
2,3776,557.797524,0.242010459303856,0.000463405915070325,0,0,0,0,0,38
2,3777,557.957524,0.243348702788353,0.000469528895337135,0,0,0,0,0,38
2,3778,558.117524,0.244124487042427,0.000469657272333279,0,0,0,0,0,38
2,3779,558.277524,0.246296688914299,0.000481059105368331,0,0,0,0,0,38
2,3780,558.437524,0.247634932398796,0.000486458535306156,0,0,0,0,0,38
2,3781,558.597524,0.250136852264404,0.000498583947774023,0,0,0,0,0,38
2,3782,558.757524,0.251494467258453,0.0005032520275563,0,0,0,0,0,38
2,3783,558.917524,0.252018123865128,0.000500365567859262,0,0,0,0,0,38
2,3784,559.077524,0.254287332296371,0.000510705402120948,0,0,0,0,0,38
2,3785,559.237524,0.256323754787445,0.000521578185725957,0,0,0,0,0,38
2,3786,559.397524,0.257409870624542,0.000520500645507127,0,0,0,0,0,38
2,3787,559.557524,0.25921356678009,0.000529377837665379,0,0,0,0,0,38
2,3788,559.717524,0.260687559843063,0.00053557864157483,0,0,0,0,0,38
2,3789,559.877524,0.262801587581635,0.000540826353244483,0,0,0,0,0,38
2,3790,560.037524,0.263267070055008,0.000536411069333553,0,0,0,0,0,38
2,3791,560.197524,0.264333784580231,0.00053517404012382,0,0,0,0,0,38
2,3792,560.357524,0.266835689544678,0.00054686376824975,0,0,0,0,0,38
2,3793,560.517524,0.268891543149948,0.000551555189304054,0,0,0,0,0,38
2,3794,560.677524,0.270540088415146,0.000556188286282122,0,0,0,0,0,38
2,3795,560.837524,0.272266209125519,0.000556320534087718,0,0,0,0,0,38
2,3796,560.997524,0.273429900407791,0.000555912090931088,0,0,0,0,0,38
2,3797,561.157524,0.275233596563339,0.000556806800886989,0,0,0,0,0,38
2,3798,561.317524,0.276358515024185,0.000556429440621287,0,0,0,0,0,38
2,3799,561.477524,0.278472542762756,0.000556417799089104,0,0,0,0,0,38
2,3800,561.637524,0.279907733201981,0.000555814825929701,0,0,0,0,0,38
2,3801,561.797524,0.281420528888702,0.000552523822989315,0,0,0,0,0,38
2,3802,561.957524,0.282778143882751,0.000547921867109835,0,0,0,0,0,38
2,3803,562.117524,0.284659445285797,0.000546144088730216,0,0,0,0,0,38
2,3804,562.277524,0.285958886146545,0.000543393776752055,0,0,0,0,0,38
2,3805,562.437524,0.287762612104416,0.000539122498594224,0,0,0,0,0,38
2,3806,562.597524,0.28935295343399,0.000533497426658869,0,0,0,0,0,38
2,3807,562.757524,0.290943324565887,0.000529117183759809,0,0,0,0,0,38
2,3808,562.917524,0.293348282575607,0.000532435427885503,0,0,0,0,0,38
2,3809,563.077524,0.294065892696381,0.000515229592565447,0,0,0,0,0,38
2,3810,563.237524,0.296063542366028,0.000513062812387943,0,0,0,0,0,38
2,3811,563.397524,0.297653913497925,0.000506511889398098,0,0,0,0,0,38
2,3812,563.557524,0.299380034208298,0.00049976259469986,0,0,0,0,0,38
2,3813,563.717524,0.300873428583145,0.000490722071845084,0,0,0,0,0,38
2,3814,563.877524,0.302153468132019,0.000478919566376135,0,0,0,0,0,38
2,3815,564.037524,0.302851676940918,0.000460593379102647,0,0,0,0,0,38
2,3816,564.197524,0.305120855569839,0.000461639807326719,0,0,0,0,0,38
2,3817,564.357524,0.307719767093658,0.000460340525023639,0,0,0,0,0,38
2,3818,564.517524,0.308786481618881,0.00044386213994585,0,0,0,0,0,38
2,3819,564.677524,0.310958683490753,0.000441325799329206,0,0,0,0,0,38
2,3820,564.837524,0.311016857624054,0.000417448463849723,0,0,0,0,0,38
2,3821,564.997524,0.313227862119675,0.000413959060097113,0,0,0,0,0,38
2,3822,565.157524,0.314372152090073,0.000402121542720124,0,0,0,0,0,38
2,3823,565.317524,0.315303087234497,0.000387996638892218,0,0,0,0,0,38
2,3824,565.477524,0.317417114973068,0.00038269447395578,0,0,0,0,0,38
2,3825,565.637524,0.319744497537613,0.000383367441827431,0,0,0,0,0,38
2,3826,565.797524,0.322265803813934,0.000377400050638244,0,0,0,0,0,38
2,3827,565.957524,0.319763869047165,0.000357786251697689,0,0,0,0,0,38
2,3828,566.117524,0.333572924137115,0.000411372166126966,0,0,0,0,0,38
2,3829,566.277524,0.326396882534027,0.000351099210092798,0,0,0,0,0,38
2,3830,566.437524,0.327521771192551,0.000339039950631559,0,0,0,0,0,38
2,3831,566.597524,0.332098931074142,0.000356062955688685,0,0,0,0,0,38
2,3832,566.757524,0.33078008890152,0.000326478882925585,0,0,0,0,0,38
2,3833,566.917524,0.33731609582901,0.000351947237504646,0,0,0,0,0,38
2,3834,567.077524,0.331458896398544,0.000310727918986231,0,0,0,0,0,38
2,3835,567.237524,0.331614047288895,0.000297217658953741,0,0,0,0,0,38
2,3836,567.397524,0.337510049343109,0.000302395375911146,0,0,0,0,0,38
2,3837,567.557524,0.339662849903107,0.000299680104944855,0,0,0,0,0,38
2,3838,567.717524,0.346644967794418,0.00031751612550579,0,0,0,0,0,38
2,3839,567.877524,0.342397511005402,0.000272795732598752,0,0,0,0,0,38
2,3840,568.037524,0.3438521027565,0.00025868639932014,0,0,0,0,0,38
2,3841,568.197524,0.338945239782333,0.000222870396100916,0,0,0,0,0,38
2,3842,568.357524,0.346974670886993,0.000262156361714005,0,0,0,0,0,38
2,3843,568.517524,0.34691646695137,0.000261491135461256,0,0,0,0,0,38
2,3844,568.677524,0.348933517932892,0.00025916876620613,0,0,0,0,0,38
2,3845,568.837524,0.351997882127762,0.000246946117840707,0,0,0,0,0,38
2,3846,568.997524,0.353646457195282,0.000242005713516846,0,0,0,0,0,38
2,3847,569.157524,0.35504287481308,0.000230576653848402,0,0,0,0,0,38
2,3848,569.317524,0.361695259809494,0.00022101093782112,0,0,0,0,0,38
2,3849,569.477524,0.354868322610855,0.000229790864977986,0,0,0,0,0,38
2,3850,569.637524,0.356575042009354,0.000197005239897408,0,0,0,0,0,38
2,3851,569.797524,0.36142373085022,0.000217023611185141,0,0,0,0,0,38
2,3852,569.957524,0.366078466176987,0.000238006716244854,0,0,0,0,0,38
2,3853,570.117524,0.359503656625748,0.000168689322890714,0,0,0,0,0,38
2,3854,570.277524,0.366873651742935,0.000212756189284846,0,0,0,0,0,38
2,3855,570.437524,0.363460183143616,0.000203198258532211,0,0,0,0,0,38
2,3856,570.597524,0.369065254926682,0.000199051428353414,0,0,0,0,0,38
2,3857,570.757524,0.364546269178391,0.000178550690179691,0,0,0,0,0,38
2,3858,570.917524,0.369530707597733,0.000206415352295153,0,0,0,0,0,38
2,3859,571.077524,0.374573349952698,0.00018654869927559,0,0,0,0,0,38
2,3860,571.237524,0.373467832803726,0.000198724650545046,0,0,0,0,0,38
2,3861,571.397524,0.377540737390518,0.00018988638476003,0,0,0,0,0,38
2,3862,571.557524,0.378878980875015,0.000188287565833889,0,0,0,0,0,38
2,3863,571.717524,0.378083795309067,0.000195989923668094,0,0,0,0,0,38
2,3864,571.877524,0.383010059595108,0.000169774662936106,0,0,0,0,0,38
2,3865,572.037524,0.385822266340256,0.000218571862205863,0,0,0,0,0,38
2,3866,572.197524,0.393269836902618,0.000226141957682557,0,0,0,0,0,38
2,3867,572.357524,0.389352113008499,0.000132721615955234,0,0,0,0,0,38
2,3868,572.517524,0.387296289205551,0.000166569225257263,0,0,0,0,0,38
2,3869,572.677524,0.390690356492996,0.000171346255228855,0,0,0,0,0,38
2,3870,572.837524,0.387063533067703,0.000170968909515068,0,0,0,0,0,38
2,3871,572.997524,0.392261326313019,0.000164017343195155,0,0,0,0,0,38
2,3872,573.157524,0.395345091819763,0.000174913453520276,0,0,0,0,0,38
2,3873,573.317524,0.39703243970871,0.000152152584632859,0,0,0,0,0,38
2,3874,573.477524,0.399437367916107,0.000174267712282017,0,0,0,0,0,38
2,3875,573.637524,0.399398595094681,0.000137486975290813,0,0,0,0,0,38
2,3876,573.797524,0.401725947856903,0.000141334268846549,0,0,0,0,0,38
2,3877,573.957524,0.413537323474884,0.000219921712414362,0,0,0,0,0,38
2,3878,574.117524,0.404945462942123,0.00016973186575342,0,0,0,0,0,38
2,3879,574.277524,0.409988105297089,0.000229184006457217,0,0,0,0,0,38
2,3880,574.437524,0.407815873622894,0.000163927863468416,0,0,0,0,0,38
2,3881,574.597524,0.414565235376358,0.000216677392018028,0,0,0,0,0,38
2,3882,574.757524,0.404557585716248,0.000145500540384091,0,0,0,0,0,38
2,3883,574.917524,0.412373632192612,0.000152452121255919,0,0,0,0,0,38
2,3884,575.077524,0.407331019639969,0.000115982591523789,0,0,0,0,0,38
2,3885,575.237524,0.415263473987579,0.000131850247271359,0,0,0,0,0,38
2,3886,575.397524,0.435705482959747,0.00025660521350801,0,0,0,0,0,38
2,3887,575.557524,0.418289035558701,0.000148608713061549,0,0,0,0,0,38
2,3888,575.717524,0.420849144458771,0.000151172280311584,0,0,0,0,0,38
2,3889,575.877524,0.422497689723969,0.000156867361511104,0,0,0,0,0,38
2,3890,576.037524,0.440631747245789,0.000239465502090752,0,0,0,0,0,38
2,3891,576.197524,0.418967843055725,0.000147398895933293,0,0,0,0,0,38
2,3892,576.357524,0.439118951559067,0.000235310886637308,0,0,0,0,0,38
2,3893,576.517524,0.428490668535233,0.000141649361466989,0,0,0,0,0,38
2,3894,576.677524,0.429033696651459,0.00018576679576654,0,0,0,0,0,38
2,3895,576.837524,0.431011974811554,0.000144224599353038,0,0,0,0,0,38
2,3896,576.997524,0.433921188116074,0.000155618647113442,0,0,0,0,0,38
2,3897,577.157524,0.42858761548996,0.000141754397191107,0,0,0,0,0,38
2,3898,577.317524,0.446159243583679,0.000237987260334194,0,0,0,0,0,38
2,3899,577.477524,0.437043726444244,0.000138545074150898,0,0,0,0,0,38
2,3900,577.637524,0.454867482185364,0.000212569459108636,0,0,0,0,0,38
2,3901,577.797524,0.441039025783539,0.00010507479601074,0,0,0,0,0,38
2,3902,577.957524,0.442590624094009,9.99554467853159E-05,0,0,0,0,0,38
2,3903,578.117524,0.443211257457733,0.000132087530801073,0,0,0,0,0,38
2,3904,578.277524,0.445228308439255,0.000125034814118408,0,0,0,0,0,38
2,3905,578.437524,0.447982341051102,0.000141629905556329,0,0,0,0,0,38
2,3906,578.597524,0.4481181204319,0.000135335751110688,0,0,0,0,0,38
2,3907,578.757524,0.453432261943817,0.000206605967832729,0,0,0,0,0,38
2,3908,578.917524,0.443618535995483,0.00010009937977884,0,0,0,0,0,38
2,3909,579.077524,0.464564830064774,0.000227608528803103,0,0,0,0,0,38
2,3910,579.237524,0.455546289682388,0.000117351897642948,0,0,0,0,0,38
2,3911,579.397524,0.455740243196487,0.000130807704408653,0,0,0,0,0,38
2,3912,579.557524,0.469432890415192,0.000238594118854962,0,0,0,0,0,38
2,3913,579.717524,0.460007071495056,0.000141976124723442,0,0,0,0,0,38
2,3914,579.877524,0.460588902235031,0.000138327231979929,0,0,0,0,0,38
2,3915,580.037524,0.464719980955124,0.000130095810163766,0,0,0,0,0,38
2,3916,580.197524,0.465418189764023,0.000136977367219515,0,0,0,0,0,38
2,3917,580.357524,0.46731886267662,0.000145500540384091,0,0,0,0,0,38
2,3918,580.517524,0.468734681606293,0.000139638184919022,0,0,0,0,0,38
2,3919,580.677524,0.469161361455917,0.000128539773868397,0,0,0,0,0,38
2,3920,580.837524,0.471139639616013,0.000110443113953806,0,0,0,0,0,38
2,3921,580.997524,0.485685676336288,0.000239660002989694,0,0,0,0,0,38
2,3922,581.157524,0.469646245241165,0.000102343961771112,0,0,0,0,0,38
2,3923,581.317524,0.476550757884979,0.000141626020194963,0,0,0,0,0,38
2,3924,581.477524,0.469840198755264,0.000129881853354163,0,0,0,0,0,38
2,3925,581.637524,0.4792660176754,9.28171502891928E-05,0,0,0,0,0,38
2,3926,581.797524,0.480643033981323,8.63284876686521E-05,0,0,0,0,0,38
2,3927,581.957524,0.482310980558395,0.000109132153738756,0,0,0,0,0,38
2,3928,582.117524,0.495964884757996,0.000236734660575166,0,0,0,0,0,38
2,3929,582.277524,0.483978927135468,0.00012446686741896,0,0,0,0,0,38
2,3930,582.437524,0.495111495256424,0.00023823234369047,0,0,0,0,0,38
2,3931,582.597524,0.489176720380783,0.000134336005430669,0,0,0,0,0,38
2,3932,582.757524,0.49127134680748,0.000126337996334769,0,0,0,0,0,38
2,3933,582.917524,0.510413944721222,0.000241278277826495,0,0,0,0,0,38
2,3934,583.077524,0.493967205286026,0.000143322089570574,0,0,0,0,0,38
2,3935,583.237524,0.495305448770523,0.000119790980534162,0,0,0,0,0,38
2,3936,583.397524,0.497167348861694,0.000146356353070587,0,0,0,0,0,38
2,3937,583.557524,0.489040970802307,0.00011211584933335,0,0,0,0,0,38
2,3938,583.717524,0.494704216718674,0.000123455436551012,0,0,0,0,0,38
2,3939,583.877524,0.501822054386139,0.000113773021439556,0,0,0,0,0,38
2,3940,584.037524,0.503645181655884,0.000126322425785474,0,0,0,0,0,38
2,3941,584.197524,0.503897309303284,0.000123984485981055,0,0,0,0,0,38
2,3942,584.357524,0.517376661300659,0.000238138978602365,0,0,0,0,0,38
2,3943,584.517524,0.499242573976517,9.22919862205163E-05,0,0,0,0,0,38
2,3944,584.677524,0.532329976558685,0.000316037883749232,0,0,0,0,0,38
2,3945,584.837524,0.51115095615387,0.000134740577777848,0,0,0,0,0,38
2,3946,584.997524,0.51287704706192,8.68847710080445E-05,0,0,0,0,0,38
2,3947,585.157524,0.508202910423279,0.000101064120826777,0,0,0,0,0,38
2,3948,585.317524,0.515650510787964,0.000137467519380152,0,0,0,0,0,38
2,3949,585.477524,0.514971673488617,0.00012159987090854,0,0,0,0,0,38
2,3950,585.637524,0.535142183303833,0.000226554315304384,0,0,0,0,0,38
2,3951,585.797524,0.519471287727356,0.000125093167298473,0,0,0,0,0,38
2,3952,585.957524,0.521837413311005,0.000125423815916292,0,0,0,0,0,38
2,3953,586.117524,0.524164795875549,0.000118145479063969,0,0,0,0,0,38
2,3954,586.277524,0.525987863540649,0.000135678084916435,0,0,0,0,0,38
2,3955,586.437524,0.527073979377747,6.0393304011086E-05,0,0,0,0,0,38
2,3956,586.597524,0.527326107025146,0.000124992016935721,0,0,0,0,0,38
2,3957,586.757524,0.546546280384064,0.000223815688514151,0,0,0,0,0,38
2,3958,586.917524,0.530662000179291,0.000191135099157691,0,0,0,0,0,38
2,3959,587.077524,0.526375770568848,0.000138630653964356,0,0,0,0,0,38
2,3960,587.237524,0.53456038236618,0.000139140262035653,0,0,0,0,0,38
2,3961,587.397524,0.529556512832642,0.000136284928885289,0,0,0,0,0,38
2,3962,587.557524,0.535045206546783,0.000171684689121321,0,0,0,0,0,38
2,3963,587.717524,0.540049076080322,0.000123766643810086,0,0,0,0,0,38
2,3964,587.877524,0.540611505508423,0.000127201594295911,0,0,0,0,0,38
2,3965,588.037524,0.54270613193512,0.000104526297945995,0,0,0,0,0,38
2,3966,588.197524,0.535840392112732,0.000111909677798394,0,0,0,0,0,38
2,3967,588.357524,0.558027982711792,0.000260063476162031,0,0,0,0,0,38
2,3968,588.517524,0.548699080944061,0.000147068247315474,0,0,0,0,0,38
2,3969,588.677524,0.548796057701111,0.000134814486955293,0,0,0,0,0,38
2,3970,588.837524,0.551433742046356,0.000125633887364529,0,0,0,0,0,38
2,3971,588.997524,0.551472544670105,0.000122381781693548,0,0,0,0,0,38
2,3972,589.157524,0.545557141304016,7.3327828431502E-05,0,0,0,0,0,38
2,3973,589.317524,0.556321203708649,8.54882309795357E-05,0,0,0,0,0,38
2,3974,589.477524,0.557892203330994,0.000139521478558891,0,0,0,0,0,38
2,3975,589.637524,0.559560120105743,9.34823547140695E-05,0,0,0,0,0,38
2,3976,589.797524,0.559191644191742,0.000122136698337272,0,0,0,0,0,38
2,3977,589.957524,0.563458502292633,0.000124229569337331,0,0,0,0,0,38
2,3978,590.117524,0.565068244934082,0.000112197543785442,0,0,0,0,0,38
2,3979,590.277524,0.587953984737396,0.000264412607066333,0,0,0,0,0,38
2,3980,590.437524,0.559909224510193,9.65049475780688E-05,0,0,0,0,0,38
2,3981,590.597524,0.565630674362183,0.000114391550596338,0,0,0,0,0,38
2,3982,590.757524,0.569839358329773,0.000129033825942315,0,0,0,0,0,38
2,3983,590.917524,0.569296300411224,0.000119483665912412,0,0,0,0,0,38
2,3984,591.077524,0.56580525636673,9.30038731894456E-05,0,0,0,0,0,38
2,3985,591.237524,0.592841506004334,0.00023288736701943,0,0,0,0,0,38
2,3986,591.397524,0.572030961513519,0.000105782790342346,0,0,0,0,0,38
2,3987,591.557524,0.578838467597961,9.24670384847559E-05,0,0,0,0,0,38
2,3988,591.717524,0.570556938648224,9.63765705819242E-05,0,0,0,0,0,38
2,3989,591.877524,0.582310140132904,0.000112823843664955,0,0,0,0,0,38
2,3990,592.037524,0.572903692722321,0.000100009907328058,0,0,0,0,0,38
2,3991,592.197524,0.585471510887146,0.000141777738463134,0,0,0,0,0,38
2,3992,592.357524,0.59761255979538,0.000276814185781404,0,0,0,0,0,38
2,3993,592.517524,0.580952525138855,9.08059737412259E-05,0,0,0,0,0,38
2,3994,592.677524,0.589369833469391,0.00013274495722726,0,0,0,0,0,38
2,3995,592.837524,0.591057181358337,7.26315047359094E-05,0,0,0,0,0,38
2,3996,592.997524,0.593074202537537,9.23736806726083E-05,0,0,0,0,0,38
2,3997,593.157524,0.608337879180908,0.000274721329333261,0,0,0,0,0,38
2,3998,593.317524,0.589680135250092,0.000148795443237759,0,0,0,0,0,38
2,3999,593.477524,0.598698675632477,0.000135608061100356,0,0,0,0,0,38
2,4000,593.637524,0.616619408130646,0.00023971835616976,0,0,0,0,0,38
2,4001,593.797524,0.599047780036926,0.000107902887975797,0,0,0,0,0,38
2,4002,593.957524,0.59650707244873,0.000118437230412383,0,0,0,0,0,38
2,4003,594.117524,0.609443366527557,0.0002273945719935,0,0,0,0,0,38
2,4004,594.277524,0.595110654830933,0.000125968435895629,0,0,0,0,0,38
2,4005,594.437524,0.593500912189484,0.000125065940665081,0,0,0,0,0,38
2,4006,594.597524,0.599745988845825,0.000260860950220376,0,0,0,0,0,38
2,4007,594.757524,0.582407116889954,0.000103759950434323,0,0,0,0,0,38
2,4008,594.917524,0.600890278816223,0.000271371944108978,0,0,0,0,0,38
2,4009,595.077524,0.586130917072296,6.20076898485422E-05,0,0,0,0,0,38
2,4010,595.237524,0.583919882774353,0.00010343318717787,0,0,0,0,0,38
2,4011,595.397524,0.572283089160919,9.43654013099149E-05,0,0,0,0,0,38
2,4012,595.557524,0.580545246601105,0.00012758671073243,0,0,0,0,0,38
2,4013,595.717524,0.578916072845459,0.000116453295049723,0,0,0,0,0,38
2,4014,595.877524,0.577732980251312,0.000128749845316634,0,0,0,0,0,38
2,4015,596.037524,0.569373846054077,0.000104825834569056,0,0,0,0,0,38
2,4016,596.197524,0.574862599372864,0.000132367626065388,0,0,0,0,0,38
2,4017,596.357524,0.574067413806915,0.0001337836147286,0,0,0,0,0,38
2,4018,596.517524,0.572709739208221,0.000132663262775168,0,0,0,0,0,38
2,4019,596.677524,0.570362985134125,8.9156579633709E-05,0,0,0,0,0,38
2,4020,596.837524,0.560277760028839,8.74799516168423E-05,0,0,0,0,0,38
2,4021,596.997524,0.566018581390381,4.69024962512776E-05,0,0,0,0,0,38
2,4022,597.157524,0.55436235666275,7.6000316767022E-05,0,0,0,0,0,38
2,4023,597.317524,0.553877472877502,0.000101655416074209,0,0,0,0,0,38
2,4024,597.477524,0.576065063476563,0.00019474899454508,0,0,0,0,0,38
2,4025,597.637524,0.560878992080688,0.000108400818135124,0,0,0,0,0,38
2,4026,597.797524,0.559114038944244,0.000120113858429249,0,0,0,0,0,38
2,4027,597.957524,0.556961238384247,0.000114582158857957,0,0,0,0,0,38
2,4028,598.117524,0.554924786090851,0.000109474480268545,0,0,0,0,0,38
2,4029,598.277524,0.546003222465515,6.77689022268169E-05,0,0,0,0,0,38
2,4030,598.437524,0.551239788532257,0.000116464958409779,0,0,0,0,0,38
2,4031,598.597524,0.551142811775208,9.64465943980031E-05,0,0,0,0,0,38
2,4032,598.757524,0.54939728975296,5.39668872079346E-05,0,0,0,0,0,38
2,4033,598.917524,0.566503465175629,0.000232443897402845,0,0,0,0,0,38
2,4034,599.077524,0.546313524246216,0.000115017850475851,0,0,0,0,0,38
2,4035,599.237524,0.535084009170532,7.09587693563662E-05,0,0,0,0,0,38
2,4036,599.397524,0.560607433319092,0.00020941071852576,0,0,0,0,0,38
2,4037,599.557524,0.558183133602142,0.000202669194550253,0,0,0,0,0,38
2,4038,599.717524,0.539641797542572,0.00010392333206255,0,0,0,0,0,38
2,4039,599.877524,0.538575053215027,0.000109949069155846,0,0,0,0,0,38
2,4040,600.037524,0.535995543003082,0.00010679032857297,0,0,0,0,0,38
2,4041,600.197524,0.534793078899384,6.87219726387411E-05,0,0,0,0,0,38
2,4042,600.357524,0.524164795875549,9.53145790845156E-05,0,0,0,0,0,38
2,4043,600.517524,0.521527111530304,8.01588175818324E-05,0,0,0,0,0,38
2,4044,600.677524,0.53035169839859,7.99643094069324E-05,0,0,0,0,0,38
2,4045,600.837524,0.528063118457794,0.00010591116733849,0,0,0,0,0,38
2,4046,600.997524,0.543831050395966,0.000231136829825118,0,0,0,0,0,38
2,4047,601.157524,0.537294983863831,0.000232226055231877,0,0,0,0,0,38
2,4048,601.317524,0.516503870487213,0.000110100787424017,0,0,0,0,0,38
2,4049,601.477524,0.53547191619873,0.00023006706032902,0,0,0,0,0,38
2,4050,601.637524,0.531651139259338,0.000247109506744891,0,0,0,0,0,38
2,4051,601.797524,0.520479798316956,0.000119612035632599,0,0,0,0,0,38
2,4052,601.957524,0.51809424161911,0.000115718066808768,0,0,0,0,0,38
2,4053,602.117524,0.515572905540466,0.000107167659734841,0,0,0,0,0,38
2,4054,602.277524,0.514506220817566,0.000110688190034125,0,0,0,0,0,38
2,4055,602.437524,0.512566745281219,9.5633564342279E-05,0,0,0,0,0,38
2,4056,602.597524,0.523990213871002,0.000221392168896273,0,0,0,0,0,38
2,4057,602.757524,0.500406265258789,9.89362451946363E-05,0,0,0,0,0,38
2,4058,602.917524,0.523369610309601,0.000183421070687473,0,0,0,0,0,38
2,4059,603.077524,0.514894127845764,0.000204719268367626,0,0,0,0,0,38
2,4060,603.237524,0.502248764038086,8.89270668267272E-05,0,0,0,0,0,38
2,4061,603.397524,0.519529461860657,0.000183113748789765,0,0,0,0,0,38
2,4062,603.557524,0.514370441436768,0.000133666908368468,0,0,0,0,0,38
2,4063,603.717524,0.513769209384918,0.000207963603315875,0,0,0,0,0,38
2,4064,603.877524,0.497749179601669,8.97517602425069E-05,0,0,0,0,0,38
2,4065,604.037524,0.487760901451111,6.30852446192876E-05,0,0,0,0,0,38
2,4066,604.197524,0.4939866065979,0.000101083576737437,0,0,0,0,0,38
2,4067,604.357524,0.493909031152725,0.000107214342278894,0,0,0,0,0,38
2,4068,604.517524,0.498078882694244,7.14489215170033E-05,0,0,0,0,0,38
2,4069,604.677524,0.489971905946732,8.1049649452325E-05,0,0,0,0,0,38
2,4070,604.837524,0.49730309844017,0.000212367172935046,0,0,0,0,0,38
2,4071,604.997524,0.487663924694061,0.000107848427433055,0,0,0,0,0,38
2,4072,605.157524,0.475639224052429,7.28804734535515E-05,0,0,0,0,0,38
2,4073,605.317524,0.473486393690109,6.17353871348314E-05,0,0,0,0,0,38
2,4074,605.477524,0.504149436950684,0.000222955990466289,0,0,0,0,0,38
2,4075,605.637524,0.480740010738373,8.41072542243637E-05,0,0,0,0,0,38
2,4076,605.797524,0.470519006252289,8.26095711090602E-05,0,0,0,0,0,38
2,4077,605.957524,0.478548407554626,0.000106910920294467,0,0,0,0,0,38
2,4078,606.117524,0.487489372491837,0.000202101247850806,0,0,0,0,0,38
2,4079,606.277524,0.468036472797394,7.44676290196367E-05,0,0,0,0,0,38
2,4080,606.437524,0.47329244017601,0.00010530431609368,0,0,0,0,0,38
2,4081,606.597524,0.470771133899689,9.55557625275105E-05,0,0,0,0,0,38
2,4082,606.757524,0.469878971576691,9.57424927037209E-05,0,0,0,0,0,38
2,4083,606.917524,0.468734681606293,0.000103565449535381,0,0,0,0,0,38
2,4084,607.077524,0.467105537652969,6.6080603573937E-05,0,0,0,0,0,38
2,4085,607.237524,0.478994488716125,0.000184397475095466,0,0,0,0,0,38
2,4086,607.397524,0.463420540094376,6.52053349767812E-05,0,0,0,0,0,38
2,4087,607.557524,0.461306512355804,5.22085720149335E-05,0,0,0,0,0,38
2,4088,607.717524,0.460588902235031,0.000100659555755556,0,0,0,0,0,38
2,4089,607.877524,0.449805438518524,7.41369658499025E-05,0,0,0,0,0,38
2,4090,608.037524,0.470732361078262,0.000164849814609624,0,0,0,0,0,38
2,4091,608.197524,0.443890064954758,3.72434224118479E-05,0,0,0,0,0,38
2,4092,608.357524,0.453509837388992,7.04647318343632E-05,0,0,0,0,0,38
2,4093,608.517524,0.451124280691147,7.21976084605558E-06,0,0,0,0,0,38
2,4094,608.677524,0.449979990720749,8.70325966388918E-05,0,0,0,0,0,38
2,4095,608.837524,0.45797061920166,0.000177259178599343,0,0,0,0,0,38
2,4096,608.997524,0.447788387537003,8.80673542269506E-05,0,0,0,0,0,38
2,4097,609.157524,0.445364058017731,6.70842491672374E-05,0,0,0,0,0,38
2,4098,609.317524,0.447342306375504,0.000166468089446425,0,0,0,0,0,38
2,4099,609.477524,0.43601581454277,5.10104255226906E-05,0,0,0,0,0,38
2,4100,609.637524,0.440166264772415,7.16161957825534E-05,0,0,0,0,0,38
2,4101,609.797524,0.443133652210236,0.000171564097399823,0,0,0,0,0,38
2,4102,609.957524,0.437664359807968,8.29907949082553E-05,0,0,0,0,0,38
2,4103,610.117524,0.44877752661705,0.000160866373335011,0,0,0,0,0,38
2,4104,610.277524,0.433145374059677,7.8027049312368E-05,0,0,0,0,0,38
2,4105,610.437524,0.433009624481201,9.11716415430419E-05,0,0,0,0,0,38
2,4106,610.597524,0.43023619055748,7.86844757385552E-05,0,0,0,0,0,38
2,4107,610.757524,0.421430975198746,6.08873451710679E-05,0,0,0,0,0,38
2,4108,610.917524,0.436248540878296,0.000173100677784532,0,0,0,0,0,38
2,4109,611.077524,0.426085710525513,7.55218352423981E-05,0,0,0,0,0,38
2,4110,611.237524,0.42451474070549,8.09134944574907E-05,0,0,0,0,0,38
2,4111,611.397524,0.445693761110306,0.000206854936550371,0,0,0,0,0,38
2,4112,611.557524,0.421974033117294,5.51416924281511E-05,0,0,0,0,0,38
2,4113,611.717524,0.419879406690598,7.84821895649657E-05,0,0,0,0,0,38
2,4114,611.877524,0.419161796569824,8.18159896880388E-05,0,0,0,0,0,38
2,4115,612.037524,0.41598105430603,7.05464190104976E-05,0,0,0,0,0,38
2,4116,612.197524,0.41633015871048,0.00013428543752525,0,0,0,0,0,38
2,4117,612.357524,0.408165007829666,8.62973683979362E-05,0,0,0,0,0,38
2,4118,612.517524,0.405061841011047,6.36531913187355E-05,0,0,0,0,0,38
2,4119,612.677524,0.403102964162827,4.44789766333997E-05,0,0,0,0,0,38
2,4120,612.837524,0.407893478870392,0.000112991117930505,0,0,0,0,0,38
2,4121,612.997524,0.399553745985031,5.85027264605742E-05,0,0,0,0,0,38
2,4122,613.157524,0.416504710912704,0.0001207557215821,0,0,0,0,0,38
2,4123,613.317524,0.403102964162827,2.75376642093761E-05,0,0,0,0,0,38
2,4124,613.477524,0.412819713354111,0.000121984987345058,0,0,0,0,0,38
2,4125,613.637524,0.413149446249008,0.000142372911795974,0,0,0,0,0,38
2,4126,613.797524,0.394840836524963,7.67199817346409E-05,0,0,0,0,0,38
2,4127,613.957524,0.397459119558334,6.15719982306473E-05,0,0,0,0,0,38
2,4128,614.117524,0.400891989469528,4.18064882978797E-05,0,0,0,0,0,38
2,4129,614.277524,0.411675423383713,0.000161897245561704,0,0,0,0,0,38
2,4130,614.437524,0.403529644012451,0.000120141092338599,0,0,0,0,0,38
2,4131,614.597524,0.391737669706345,7.96180975157768E-05,0,0,0,0,0,38
2,4132,614.757524,0.389584869146347,3.36412049364299E-05,0,0,0,0,0,38
2,4133,614.917524,0.387315660715103,6.65124025545083E-05,0,0,0,0,0,38
2,4134,615.077524,0.398234903812408,0.000108202424598858,0,0,0,0,0,38
2,4135,615.237524,0.392106175422668,9.97842871583998E-05,0,0,0,0,0,38
2,4136,615.397524,0.383591890335083,7.17562361387536E-05,0,0,0,0,0,38
2,4137,615.557524,0.376764953136444,6.49563735350966E-05,0,0,0,0,0,38
2,4138,615.717524,0.381031781435013,7.55451765144244E-05,0,0,0,0,0,38
2,4139,615.877524,0.383456110954285,9.7897594969254E-05,0,0,0,0,0,38
2,4140,616.037524,0.370830178260803,4.64434669993352E-05,0,0,0,0,0,38
2,4141,616.197524,0.383514314889908,9.03313848539256E-05,0,0,0,0,0,38
2,4142,616.357524,0.3731769323349,6.21321742073633E-05,0,0,0,0,0,38
2,4143,616.517524,0.371412009000778,6.35014803265221E-05,0,0,0,0,0,38
2,4144,616.677524,0.37086895108223,6.61973099340685E-05,0,0,0,0,0,38
2,4145,616.837524,0.369918614625931,8.31814104458317E-05,0,0,0,0,0,38
2,4146,616.997524,0.367533057928085,6.16381294094026E-05,0,0,0,0,0,38
2,4147,617.157524,0.365050554275513,5.83004402869847E-05,0,0,0,0,0,38
2,4148,617.317524,0.363440781831741,5.6199794926215E-05,0,0,0,0,0,38
2,4149,617.477524,0.360240638256073,5.10383579239715E-05,0,0,0,0,0,38
2,4150,617.637524,0.359930336475372,7.0168127422221E-05,0,0,0,0,0,38
2,4151,617.797524,0.364410519599915,5.08363082190044E-05,0,0,0,0,0,38
2,4152,617.957524,0.360512167215347,8.34058300824836E-05,0,0,0,0,0,38
2,4153,618.117524,0.360706120729446,8.04015216999687E-05,0,0,0,0,0,38
2,4154,618.277524,0.363809287548065,8.51123695611022E-05,0,0,0,0,0,38
2,4155,618.437524,0.352424591779709,3.17139238177333E-05,0,0,0,0,0,38
2,4156,618.597524,0.353025823831558,6.73639151500538E-05,0,0,0,0,0,38
2,4157,618.757524,0.354654967784882,7.13159170118161E-05,0,0,0,0,0,38
2,4158,618.917524,0.348235309123993,5.23112648807E-05,0,0,0,0,0,38
2,4159,619.077524,0.351454854011536,6.93723632139154E-05,0,0,0,0,0,38
2,4160,619.237524,0.3435999751091,5.10243698954582E-05,0,0,0,0,0,38
2,4161,619.397524,0.343309074640274,2.85945970972534E-05,0,0,0,0,0,38
2,4162,619.557524,0.339895606040955,5.43589558219537E-05,0,0,0,0,0,38
2,4163,619.717524,0.339682251214981,5.38623789907433E-05,0,0,0,0,0,38
2,4164,619.877524,0.338693112134933,6.00501298322342E-05,0,0,0,0,0,38
2,4165,620.037524,0.335240870714188,5.04943782289047E-05,0,0,0,0,0,38
2,4166,620.197524,0.335454195737839,5.51201337657403E-05,0,0,0,0,0,38
2,4167,620.357524,0.333437144756317,5.18850210937671E-05,0,0,0,0,0,38
2,4168,620.517524,0.332254081964493,5.30557372258045E-05,0,0,0,0,0,38
2,4169,620.677524,0.330411583185196,4.97767141496297E-05,0,0,0,0,0,38
2,4170,620.837524,0.329247891902924,5.29259596078191E-05,0,0,0,0,0,38
2,4171,620.997524,0.327890276908875,3.51569142367225E-05,0,0,0,0,0,38
2,4172,621.157524,0.328976362943649,6.61372469039634E-05,0,0,0,0,0,38
2,4173,621.317524,0.323739796876907,4.68174766865559E-05,0,0,0,0,0,38
2,4174,621.477524,0.322770059108734,4.84968113596551E-05,0,0,0,0,0,38
2,4175,621.637524,0.321199089288712,4.9111509724753E-05,0,0,0,0,0,38
2,4176,621.797524,0.31933718919754,4.87804572912864E-05,0,0,0,0,0,38
2,4177,621.957524,0.318037748336792,4.97677792736795E-05,0,0,0,0,0,38
2,4178,622.117524,0.316447377204895,4.87023608002346E-05,0,0,0,0,0,38
2,4179,622.277524,0.314895808696747,4.86277567688376E-05,0,0,0,0,0,38
2,4180,622.437524,0.313189059495926,4.74986118206289E-05,0,0,0,0,0,38
2,4181,622.597524,0.311598718166351,4.6657780330861E-05,0,0,0,0,0,38
2,4182,622.757524,0.309930771589279,4.50231236754917E-05,0,0,0,0,0,38
2,4183,622.917524,0.308611929416656,4.53032735094894E-05,0,0,0,0,0,38
2,4184,623.077524,0.30642032623291,4.45020705228671E-05,0,0,0,0,0,38
2,4185,623.237524,0.304985105991364,4.46135854872409E-05,0,0,0,0,0,38
2,4186,623.397524,0.303472310304642,4.41799566033296E-05,0,0,0,0,0,38
2,4187,623.557524,0.301668614149094,4.32388769695535E-05,0,0,0,0,0,38
2,4188,623.717524,0.300388544797897,4.25515208917204E-05,0,0,0,0,0,38
2,4189,623.877524,0.2987399995327,4.27998093073256E-05,0,0,0,0,0,38
2,4190,624.037524,0.297246605157852,4.25095568061806E-05,0,0,0,0,0,38
2,4191,624.197524,0.295520484447479,4.15572067140602E-05,0,0,0,0,0,38
2,4192,624.357524,0.294046491384506,4.08076812163927E-05,0,0,0,0,0,38
2,4193,624.517524,0.292650073766708,4.08655760111287E-05,0,0,0,0,0,38
2,4194,624.677524,0.290904551744461,4.0238446672447E-05,0,0,0,0,0,38
2,4195,624.837524,0.289275377988815,4.00554381485563E-05,0,0,0,0,0,38
2,4196,624.997524,0.287588059902191,3.93781847378705E-05,0,0,0,0,0,38
2,4197,625.157524,0.286249816417694,3.84440972993616E-05,0,0,0,0,0,38
2,4198,625.317524,0.284368515014648,3.78138611267786E-05,0,0,0,0,0,38
2,4199,625.477524,0.282894521951675,3.76770876755472E-05,0,0,0,0,0,38
2,4200,625.637524,0.281304150819778,3.8214071537368E-05,0,0,0,0,0,38
2,4201,625.797524,0.279636204242706,3.70425768778659E-05,0,0,0,0,0,38
2,4202,625.957524,0.277657955884933,3.5211312933825E-05,0,0,0,0,0,38
2,4203,626.117524,0.276086986064911,3.5754514101427E-05,0,0,0,0,0,38
2,4204,626.277524,0.274574190378189,3.60292215191294E-05,0,0,0,0,0,38
2,4205,626.437524,0.273080796003342,3.5709443181986E-05,0,0,0,0,0,38
2,4206,626.597524,0.271432250738144,3.39283033099491E-05,0,0,0,0,0,38
2,4207,626.757524,0.269803076982498,3.2834130252013E-05,0,0,0,0,0,38
2,4208,626.917524,0.268290311098099,3.34130781993736E-05,0,0,0,0,0,38
2,4209,627.077524,0.266699939966202,3.26530607708264E-05,0,0,0,0,0,38
2,4210,627.237524,0.265167742967606,3.26973568007816E-05,0,0,0,0,0,38
2,4211,627.397524,0.263848900794983,3.42018465744331E-05,0,0,0,0,0,38
2,4212,627.557524,0.26196762919426,3.27766210830305E-05,0,0,0,0,0,38
2,4213,627.717524,0.260338455438614,3.04876411973964E-05,0,0,0,0,0,38
2,4214,627.877524,0.258515357971191,2.99059720418882E-05,0,0,0,0,0,38
2,4215,628.037524,0.257235318422318,2.93301327474182E-05,0,0,0,0,0,38
2,4216,628.197524,0.255412220954895,3.03749584418256E-05,0,0,0,0,0,38
2,4217,628.357524,0.253821849822998,3.06562724290416E-05,0,0,0,0,0,38
2,4218,628.517524,0.252580583095551,3.08964008581825E-05,0,0,0,0,0,38
2,4219,628.677524,0.251125991344452,2.98811046377523E-05,0,0,0,0,0,38
2,4220,628.837524,0.249205902218819,2.87045586446766E-05,0,0,0,0,0,38
2,4221,628.997524,0.247809484601021,2.93616049020784E-05,0,0,0,0,0,38
2,4222,629.157524,0.246102750301361,2.88444371108199E-05,0,0,0,0,0,38
2,4223,629.317524,0.244551166892052,2.80700460280059E-05,0,0,0,0,0,38
2,4224,629.477524,0.242825046181679,2.74879894277547E-05,0,0,0,0,0,38
2,4225,629.637524,0.24117648601532,2.5882089175866E-05,0,0,0,0,0,38
2,4226,629.797524,0.239624917507172,2.5724722945597E-05,0,0,0,0,0,38
2,4227,629.957524,0.238306075334549,2.60685956163798E-05,0,0,0,0,0,38
2,4228,630.117524,0.236133858561516,2.37842759815976E-05,0,0,0,0,0,38
2,4229,630.277524,0.234562888741493,2.19487374124583E-05,0,0,0,0,0,38
2,4230,630.437524,0.232933729887009,2.28027838602429E-05,0,0,0,0,0,38
2,4231,630.597524,0.231091231107712,2.17420256376499E-05,0,0,0,0,0,38
2,4232,630.757524,0.229791790246964,2.44525908783544E-05,0,0,0,0,0,38
2,4233,630.917524,0.228395372629166,2.10200905712554E-05,0,0,0,0,0,38
2,4234,631.077524,0.226688638329506,2.13643506867811E-05,0,0,0,0,0,38
2,4235,631.237524,0.225059479475021,2.14342908293474E-05,0,0,0,0,0,38
2,4236,631.397524,0.223604872822762,2.39894325204659E-05,0,0,0,0,0,38
2,4237,631.557524,0.221936926245689,2.1170071704546E-05,0,0,0,0,0,38
2,4238,631.717524,0.220482334494591,2.16386706597405E-05,0,0,0,0,0,38
2,4239,631.877524,0.218794986605644,1.81474970304407E-05,0,0,0,0,0,38
2,4240,632.037524,0.217068865895271,1.95913708012085E-05,0,0,0,0,0,38
2,4241,632.197524,0.215653046965599,1.91010130947689E-05,0,0,0,0,0,38
2,4242,632.357524,0.213926911354065,1.81968425749801E-05,0,0,0,0,0,38
2,4243,632.517524,0.212414130568504,1.85341104952386E-05,0,0,0,0,0,38
2,4244,632.677524,0.210552230477333,1.68539936566958E-05,0,0,0,0,0,38
2,4245,632.837524,0.209194600582123,1.72767431649845E-05,0,0,0,0,0,38
2,4246,632.997524,0.207526654005051,1.62062715389766E-05,0,0,0,0,0,38
2,4247,633.157524,0.205529004335403,1.48284534589038E-05,0,0,0,0,0,38
2,4248,633.317524,0.204210162162781,1.41243899633992E-05,0,0,0,0,0,38
2,4249,633.477524,0.203162848949432,1.60986419359688E-05,0,0,0,0,0,38
2,4250,633.637524,0.201087608933449,1.25048891277402E-05,0,0,0,0,0,38
2,4251,633.797524,0.199342086911201,1.41325499498635E-05,0,0,0,0,0,38
2,4252,633.957524,0.197635352611542,1.16014971354161E-05,0,0,0,0,0,38
2,4253,634.117524,0.196355298161507,1.08865542642889E-05,0,0,0,0,0,38
2,4254,634.277524,0.19451279938221,1.15715783977066E-05,0,0,0,0,0,38
2,4255,634.437524,0.193426698446274,1.33558269226342E-05,0,0,0,0,0,38
2,4256,634.597524,0.191254496574402,8.62010892888065E-06,0,0,0,0,0,38
2,4257,634.757524,0.189625337719917,6.80205585013027E-06,0,0,0,0,0,38
2,4258,634.917524,0.188655599951744,1.14336407932569E-05,0,0,0,0,0,38
2,4259,635.077524,0.186405807733536,7.11678603693144E-06,0,0,0,0,0,38
2,4260,635.237524,0.185513660311699,9.74769773165463E-06,0,0,0,0,0,38
2,4261,635.397524,0.183554783463478,8.34578804642661E-06,0,0,0,0,0,38
2,4262,635.557524,0.182177767157555,8.45029717311263E-06,0,0,0,0,0,38
2,4263,635.717524,0.180374056100845,7.86422333476366E-06,0,0,0,0,0,38
2,4264,635.877524,0.178725510835648,7.2314669523621E-06,0,0,0,0,0,38
2,4265,636.037524,0.177173927426338,6.71864791002008E-06,0,0,0,0,0,38
2,4266,636.197524,0.175583556294441,5.77630135012441E-06,0,0,0,0,0,38
2,4267,636.357524,0.173857435584068,5.20123739988776E-06,0,0,0,0,0,38
2,4268,636.517524,0.172635570168495,4.63379865323077E-06,0,0,0,0,0,38
2,4269,636.677524,0.170618519186974,4.03469312004745E-06,0,0,0,0,0,38
2,4270,636.837524,0.169222101569176,3.40403698828595E-06,0,0,0,0,0,38
2,4271,636.997524,0.167592942714691,2.90090474663884E-06,0,0,0,0,0,38
2,4272,637.157524,0.165750443935394,2.42251508097979E-06,0,0,0,0,0,38
2,4273,637.317524,0.164509177207947,1.82994494934974E-06,0,0,0,0,0,38
2,4274,637.477524,0.162938207387924,1.04546654711157E-06,0,0,0,0,0,38
2,4275,637.637524,0.161153897643089,3.31370301864808E-07,0,0,0,0,0,38
2,4276,637.797524,0.15944716334343,-3.0622513236267E-07,0,0,0,0,0,38
2,4277,637.957524,0.158011943101883,-1.01767057003599E-06,0,0,0,0,0,38
2,4279,638.277524,0.154385134577751,-2.62919138549478E-06,0,0,0,0,0,38
2,4280,638.437524,0.15347358584404,-3.31520641339011E-06,0,0,0,0,0,38
2,4281,638.597524,0.151572898030281,-3.7044694636279E-06,0,0,0,0,0,38
2,4282,638.757524,0.150118306279182,-4.65335187982419E-06,0,0,0,0,0,38
2,4283,638.917524,0.148140043020248,-5.6117264648492E-06,0,0,0,0,0,38
2,4284,639.077524,0.146956965327263,-6.34450270808884E-06,0,0,0,0,0,38
2,4285,639.237524,0.145036891102791,-6.90322713126079E-06,0,0,0,0,0,38
2,4286,639.397524,0.143601670861244,-7.7171162047307E-06,0,0,0,0,0,38
2,4287,639.557524,0.141604021191597,-8.73726912686834E-06,0,0,0,0,0,38
2,4288,639.717524,0.140168815851212,-9.69175289355917E-06,0,0,0,0,0,38
2,4289,639.877524,0.138811185956001,-1.04248802017537E-05,0,0,0,0,0,38
2,4290,640.037524,0.13694928586483,-1.13671876533772E-05,0,0,0,0,0,38
2,4291,640.197524,0.135378316044807,-1.21182874863734E-05,0,0,0,0,0,38
2,4292,640.357524,0.13388492166996,-1.29495656437939E-05,0,0,0,0,0,38
2,4293,640.517524,0.132158786058426,-1.39140875035082E-05,0,0,0,0,0,38
2,4294,640.677524,0.130626603960991,-1.48881008499302E-05,0,0,0,0,0,38
2,4295,640.837524,0.129288375377655,-1.60276467795484E-05,0,0,0,0,0,38
2,4296,640.997524,0.127717405557632,-1.70771327248076E-05,0,0,0,0,0,38
2,4297,641.157524,0.125777930021286,-1.79411781573435E-05,0,0,0,0,0,38
2,4298,641.317524,0.123916037380695,-2.08918700081995E-05,0,0,0,0,0,38
2,4299,641.477524,0.122577801346779,-2.04127809411148E-05,0,0,0,0,0,38
2,4300,641.637524,0.121006831526756,-2.0502147890511E-05,0,0,0,0,0,38
2,4301,641.797524,0.119746178388596,-1.93916566786356E-05,0,0,0,0,0,38
2,4302,641.957524,0.118175201117992,-2.38235243159579E-05,0,0,0,0,0,38
2,4303,642.117524,0.116177543997765,-2.67777140834369E-05,0,0,0,0,0,38
2,4304,642.277524,0.114800520241261,-2.39801120187622E-05,0,0,0,0,0,38
2,4305,642.437524,0.113520473241806,-2.51924066105857E-05,0,0,0,0,0,38
2,4306,642.597524,0.111309476196766,-2.8091420972487E-05,0,0,0,0,0,38
2,4307,642.757524,0.109738498926163,-3.18965467158705E-05,0,0,0,0,0,38
2,4308,642.917524,0.108031764626503,-3.32662057189737E-05,0,0,0,0,0,38
2,4309,643.077524,0.106693528592587,-3.42783932865132E-05,0,0,0,0,0,38
2,4310,643.237524,0.105141952633858,-3.58909019269049E-05,0,0,0,0,0,38
2,4311,643.397524,0.103764928877354,-3.51223388861399E-05,0,0,0,0,0,38
2,4312,643.557524,0.101922430098057,-3.62654682248831E-05,0,0,0,0,0,38
2,4313,643.717524,0.100312672555447,-3.95359420508612E-05,0,0,0,0,0,38
2,4314,643.877524,0.0986253321170807,-3.94178205169737E-05,0,0,0,0,0,38
2,4315,644.037524,0.0975004360079765,-3.98281372326892E-05,0,0,0,0,0,38
2,4316,644.197524,0.0955415666103363,-4.16543480241671E-05,0,0,0,0,0,38
2,4317,644.357524,0.0939318090677261,-4.40264811913949E-05,0,0,0,0,0,38
2,4318,644.517524,0.0921474918723106,-4.46606063633226E-05,0,0,0,0,0,38
2,4319,644.677524,0.0905571281909943,-4.54789042123593E-05,0,0,0,0,0,38
2,4320,644.837524,0.0890443399548531,-5.00708556501195E-05,0,0,0,0,0,38
2,4321,644.997524,0.0876479223370552,-5.27040974702686E-05,0,0,0,0,0,38
2,4322,645.157524,0.0858829990029335,-5.2707597205881E-05,0,0,0,0,0,38
2,4323,645.317524,0.0845641642808914,-5.24655260960571E-05,0,0,0,0,0,38
2,4324,645.477524,0.0827798470854759,-5.4788699344499E-05,0,0,0,0,0,38
2,4325,645.637524,0.0811700820922852,-5.61342712899204E-05,0,0,0,0,0,38
2,4326,645.797524,0.0798124521970749,-5.68682517041452E-05,0,0,0,0,0,38
2,4327,645.957524,0.0779893547296524,-5.97979633312207E-05,0,0,0,0,0,38
2,4328,646.117524,0.0762632191181183,-6.35191609035246E-05,0,0,0,0,0,38
2,4329,646.277524,0.0750413537025452,-6.44151732558385E-05,0,0,0,0,0,38
2,4330,646.437524,0.0731406733393669,-6.59794968669303E-05,0,0,0,0,0,38
2,4331,646.597524,0.071453332901001,-7.09654414094985E-05,0,0,0,0,0,38
2,4332,646.757524,0.0698047801852226,-7.08337247488089E-05,0,0,0,0,0,38
2,4333,646.917524,0.0683113858103752,-7.19655872671865E-05,0,0,0,0,0,38
2,4334,647.077524,0.0665658637881279,-7.58328824304044E-05,0,0,0,0,0,38
2,4335,647.237524,0.06516944617033,-7.74450018070638E-05,0,0,0,0,0,38
2,4336,647.397524,0.0632687658071518,-8.27099356683902E-05,0,0,0,0,0,38
2,4337,647.557524,0.0616977922618389,-8.21943176561035E-05,0,0,0,0,0,38
2,4338,647.717524,0.0604565292596817,-8.29454002087004E-05,0,0,0,0,0,38
2,4339,647.877524,0.0583425052464008,-8.97804857231677E-05,0,0,0,0,0,38
2,4340,648.037524,0.0571206398308277,-8.99265796761028E-05,0,0,0,0,0,38
2,4341,648.197524,0.0557824037969112,-9.13634576136246E-05,0,0,0,0,0,38
2,4342,648.357524,0.0537847466766834,-9.4192146207206E-05,0,0,0,0,0,38
2,4343,648.517524,0.0520974062383175,-9.62950070970692E-05,0,0,0,0,0,38
2,4344,648.677524,0.0504100657999516,-9.82272977125831E-05,0,0,0,0,0,38
2,4345,648.837524,0.0494403317570686,-9.79102333076298E-05,0,0,0,0,0,38
2,4346,648.997524,0.0482184626162052,-0.000100852383184247,0,0,0,0,0,38
2,4347,649.157524,0.0462402030825615,-0.000102879472251516,0,0,0,0,0,38
2,4348,649.317524,0.0443201251327991,-0.000110155568108894,0,0,0,0,0,38
2,4349,649.477524,0.0432728119194508,-0.000111252076749224,0,0,0,0,0,38
2,4350,649.637524,0.041119996458292,-0.00011507274757605,0,0,0,0,0,38
2,4351,649.797524,0.0393550768494606,-0.000117709096230101,0,0,0,0,0,38
2,4352,649.957524,0.0382689759135246,-0.000118762472993694,0,0,0,0,0,38
2,4353,650.117524,0.0365428440272808,-0.000123256118968129,0,0,0,0,0,38
2,4354,650.277524,0.0347003452479839,-0.000126732920762151,0,0,0,0,0,38
2,4355,650.437524,0.0328772440552711,-0.000128540094010532,0,0,0,0,0,38
2,4356,650.597524,0.0313838496804237,-0.000131499720737338,0,0,0,0,0,38
2,4357,650.757524,0.0296965092420578,-0.00013479040353559,0,0,0,0,0,38
2,4358,650.917524,0.028280695900321,-0.000136743285111152,0,0,0,0,0,38
2,4359,651.077524,0.0269812494516373,-0.000140543357701972,0,0,0,0,0,38
2,4360,651.237524,0.0248284358531237,-0.000144498859299347,0,0,0,0,0,38
2,4361,651.397524,0.0234514120966196,-0.000145929123391397,0,0,0,0,0,38
2,4362,651.557524,0.0216283090412617,-0.000149886560393497,0,0,0,0,0,38
2,4363,651.717524,0.0205228086560965,-0.000149247396620922,0,0,0,0,0,38
2,4364,651.877524,0.0185251533985138,-0.00015581282787025,0,0,0,0,0,38
2,4365,652.037524,0.0167990233749151,-0.000159027724293992,0,0,0,0,0,38
2,4366,652.197524,0.015208656899631,-0.000162473050295375,0,0,0,0,0,38
2,4367,652.357524,0.0140255792066455,-0.000163875738508068,0,0,0,0,0,38
2,4368,652.517524,0.0125515814870596,-0.000164820710779168,0,0,0,0,0,38
2,4369,652.677524,0.0114266872406006,-0.000168083410244435,0,0,0,0,0,38
2,4370,652.837524,0.00853687524795532,-0.000177216861629859,0,0,0,0,0,38
2,4371,652.997524,0.00840111169964075,-0.000165301535162143,0,0,0,0,0,38
2,4372,653.157524,0.0041730641387403,-0.000195434113265947,0,0,0,0,0,38
2,4373,653.317524,0.00178751396015286,-0.000205019285203889,0,0,0,0,0,38
2,4374,653.477524,0.00425064284354448,-0.000171113308169879,0,0,0,0,0,38
2,4375,653.637524,-0.00216900813393295,-0.000218300017877482,0,0,0,0,0,38
2,4376,653.797524,0.00283482857048512,-0.000161442570970394,0,0,0,0,0,38
2,4377,653.957524,-0.00573763577267528,-0.000229806886636652,0,0,0,0,0,38
2,4378,654.117524,0.000274726102361456,-0.00016059452900663,0,0,0,0,0,38
2,4379,654.277524,-0.00412787450477481,-0.000190598744666204,0,0,0,0,0,38
2,4380,654.437524,-0.00521397823467851,-0.000188700374565087,0,0,0,0,0,38
2,4381,654.597524,-0.0148337576538324,-0.000268450967269018,0,0,0,0,0,38
2,4382,654.757524,-0.00816197507083416,-0.000196216016774997,0,0,0,0,0,38
2,4383,654.917524,-0.0122736552730203,-0.00022020615870133,0,0,0,0,0,38
2,4384,655.077524,-0.0125645752996206,-0.00021244544768706,0,0,0,0,0,38
2,4385,655.237524,-0.0159198623150587,-0.000234171558986418,0,0,0,0,0,38
2,4386,655.397524,-0.0144070740789175,-0.000204766416572966,0,0,0,0,0,38
2,4387,655.557524,-0.0201479103416204,-0.000248483178438619,0,0,0,0,0,38
2,4388,655.717524,-0.0195660684257746,-0.000233105674851686,0,0,0,0,0,38
2,4389,655.877524,-0.0240850374102592,-0.000262483576079831,0,0,0,0,0,38
2,4390,656.037524,-0.0207297503948212,-0.000218229994061403,0,0,0,0,0,38
2,4391,656.197524,-0.0254620611667633,-0.000250299839535728,0,0,0,0,0,38
2,4392,656.357524,-0.0266839284449816,-0.000250572164077312,0,0,0,0,0,38
2,4393,656.517524,-0.0293603986501694,-0.000264311936916783,0,0,0,0,0,38
2,4394,656.677524,-0.029554346576333,-0.000254081009188667,0,0,0,0,0,38
2,4395,656.837524,-0.0302525572478771,-0.000249868055107072,0,0,0,0,0,38
2,4396,656.997524,-0.0312998704612255,-0.000249560718657449,0,0,0,0,0,38
2,4397,657.157524,-0.0365752354264259,-0.000289262912701815,0,0,0,0,0,38
2,4398,657.317524,-0.0384565219283104,-0.000294257770292461,0,0,0,0,0,38
2,4399,657.477524,-0.0352369993925095,-0.00025130738504231,0,0,0,0,0,38
2,4400,657.637524,-0.0390577577054501,-0.000274959078524262,0,0,0,0,0,38
2,4401,657.797524,-0.0406675189733505,-0.000280980922980234,0,0,0,0,0,38
2,4402,657.957524,-0.0440615937113762,-0.000301100430078804,0,0,0,0,0,38
2,4403,658.117524,-0.0439646206796169,-0.000288531591650099,0,0,0,0,0,38
2,4404,658.277524,-0.0439452268183231,-0.000274760677712038,0,0,0,0,0,38
2,4405,658.437524,-0.046059250831604,-0.000286757713183761,0,0,0,0,0,38
2,4406,658.597524,-0.0463889613747597,-0.000273908750386909,0,0,0,0,0,38
2,4407,658.757524,-0.0491042211651802,-0.000289951451122761,0,0,0,0,0,38
2,4408,658.917524,-0.0533516630530357,-0.000319488870445639,0,0,0,0,0,38
2,4409,659.077524,-0.0546511076390743,-0.000319687242154032,0,0,0,0,0,38
2,4410,659.237524,-0.0529249794781208,-0.000292301061563194,0,0,0,0,0,38
2,4411,659.397524,-0.0555044747889042,-0.000304745452012867,0,0,0,0,0,38
2,4412,659.557524,-0.056241475045681,-0.000296922487905249,0,0,0,0,0,38
2,4413,659.717524,-0.0594028159976006,-0.000316645222483203,0,0,0,0,0,38
2,4414,659.877524,-0.0594609975814819,-0.000302570901112631,0,0,0,0,0,38
2,4415,660.037524,-0.0635726749897003,-0.000332368916133419,0,0,0,0,0,38
2,4416,660.197524,-0.061827152967453,-0.000303601758787408,0,0,0,0,0,38
2,4417,660.357524,-0.0627193078398705,-0.000298906437819824,0,0,0,0,0,38
2,4418,660.517524,-0.0680916458368301,-0.000339188234647736,0,0,0,0,0,38
2,4419,660.677524,-0.0724748522043228,-0.000365527987014502,0,0,0,0,0,38
2,4420,660.837524,-0.0703220367431641,-0.000329661415889859,0,0,0,0,0,38
2,4421,660.997524,-0.0727269873023033,-0.000342712650308385,0,0,0,0,0,38
2,4422,661.157524,-0.0754810348153114,-0.000352243368979543,0,0,0,0,0,38
2,4423,661.317524,-0.074588879942894,-0.000335099757649004,0,0,0,0,0,38
2,4424,661.477524,-0.0764507725834847,-0.000337200413923711,0,0,0,0,0,38
2,4425,661.637524,-0.0793793722987175,-0.000354771909769624,0,0,0,0,0,38
2,4426,661.797524,-0.0790690556168556,-0.000335107557475567,0,0,0,0,0,38
2,4427,661.957524,-0.0837625786662102,-0.000363287312211469,0,0,0,0,0,38
2,4428,662.117524,-0.085314154624939,-0.000365496875019744,0,0,0,0,0,38
2,4429,662.277524,-0.0889409631490707,-0.000385810883017257,0,0,0,0,0,38
2,4430,662.437524,-0.0863420739769936,-0.000346431566867977,0,0,0,0,0,38
2,4431,662.597524,-0.0880875959992409,-0.000346167042152956,0,0,0,0,0,38
2,4432,662.757524,-0.0896003842353821,-0.000347427441738546,0,0,0,0,0,38
2,4433,662.917524,-0.0914622768759727,-0.000348318251781166,0,0,0,0,0,38
2,4434,663.077524,-0.0944684594869614,-0.000364174251444638,0,0,0,0,0,38
2,4435,663.237524,-0.0934599339962006,-0.000336924218572676,0,0,0,0,0,38
2,4436,663.397524,-0.098463773727417,-0.000370674562873319,0,0,0,0,0,38
2,4437,663.557524,-0.0984249860048294,-0.000349131296388805,0,0,0,0,0,38
2,4438,663.717524,-0.0986771136522293,-0.000337484379997477,0,0,0,0,0,38
2,4439,663.877524,-0.101082056760788,-0.000344354280969128,0,0,0,0,0,38
2,4440,664.037524,-0.104030057787895,-0.000354663003236055,0,0,0,0,0,38
2,4441,664.197524,-0.105096764862537,-0.000351352529833093,0,0,0,0,0,38
2,4442,664.357524,-0.104379162192345,-0.000329186848830432,0,0,0,0,0,38
2,4443,664.517524,-0.106512576341629,-0.000325662433169782,0,0,0,0,0,38
2,4444,664.677524,-0.108335681259632,-0.000331209681462497,0,0,0,0,0,38
2,4445,664.837524,-0.111710362136364,-0.000343797990353778,0,0,0,0,0,38
2,4446,664.997524,-0.113591648638248,-0.000343930238159373,0,0,0,0,0,38
2,4447,665.157524,-0.113572254776955,-0.000329529168084264,0,0,0,0,0,38
2,4448,665.317524,-0.105484656989574,-0.000225228257477283,0,0,0,0,0,38
2,4449,665.477524,-0.117237858474255,-0.000327720277709886,0,0,0,0,0,38
2,4450,665.637524,-0.117140881717205,-0.00030594359850511,0,0,0,0,0,38
2,4451,665.797524,-0.118925198912621,-0.000306593225104734,0,0,0,0,0,38
2,4452,665.957524,-0.121931381523609,-0.000319667800795287,0,0,0,0,0,38
2,4453,666.117524,-0.122261084616184,-0.000303897395497188,0,0,0,0,0,38
2,4454,666.277524,-0.12650853395462,-0.000323406187817454,0,0,0,0,0,38
2,4455,666.437524,-0.128060102462769,-0.00032517226645723,0,0,0,0,0,38
2,4456,666.597524,-0.129359558224678,-0.000314735167194158,0,0,0,0,0,38
2,4457,666.757524,-0.129437133669853,-0.000300372979836538,0,0,0,0,0,38
2,4458,666.917524,-0.133083343505859,-0.000317816127790138,0,0,0,0,0,38
2,4459,667.077524,-0.134479761123657,-0.000310463859932497,0,0,0,0,0,38
2,4460,667.237524,-0.133160918951035,-0.000282062363112345,0,0,0,0,0,38
2,4461,667.397524,-0.13725320994854,-0.000304582063108683,0,0,0,0,0,38
2,4462,667.557524,-0.13544949889183,-0.000265319453319535,0,0,0,0,0,38
2,4463,667.717524,-0.139153882861137,-0.000283614528598264,0,0,0,0,0,38
2,4464,667.877524,-0.141054570674896,-0.000283458910416812,0,0,0,0,0,38
2,4465,668.037524,-0.143187984824181,-0.000282595312455669,0,0,0,0,0,38
2,4466,668.197524,-0.14464259147644,-0.000279051455436274,0,0,0,0,0,38
2,4467,668.357524,-0.148288801312447,-0.000300536368740723,0,0,0,0,0,38
2,4468,668.517524,-0.150596767663956,-0.000301897904137149,0,0,0,0,0,38
2,4469,668.677524,-0.149646431207657,-0.000273795943940058,0,0,0,0,0,38
2,4470,668.837524,-0.149219736456871,-0.000255037972237915,0,0,0,0,0,38
2,4471,668.997524,-0.152516841888428,-0.000264914880972356,0,0,0,0,0,38
2,4472,669.157524,-0.154650256037712,-0.000267914147116244,0,0,0,0,0,38
2,4473,669.317524,-0.157462492585182,-0.000281755055766553,0,0,0,0,0,38
2,4474,669.477524,-0.158063739538193,-0.000266389222815633,0,0,0,0,0,38
2,4475,669.637524,-0.159033462405205,-0.000259671040112153,0,0,0,0,0,38
2,4476,669.797524,-0.158723160624504,-0.000237937158090062,0,0,0,0,0,38
2,4477,669.957524,-0.163358494639397,-0.000267879135208204,0,0,0,0,0,38
2,4478,670.117524,-0.163474857807159,-0.000250397104537115,0,0,0,0,0,38
2,4479,670.277524,-0.163067564368248,-0.000226593678235076,0,0,0,0,0,38
2,4480,670.437524,-0.166422858834267,-0.000240531851886772,0,0,0,0,0,38
2,4481,670.597524,-0.16900235414505,-0.000246981595410034,0,0,0,0,0,38
2,4482,670.757524,-0.173211008310318,-0.000273340818239376,0,0,0,0,0,38
2,4483,670.917524,-0.172648563981056,-0.000248016352998093,0,0,0,0,0,38
2,4484,671.077524,-0.173482537269592,-0.000236412248341367,0,0,0,0,0,38
2,4485,671.237524,-0.175363823771477,-0.000238100546994247,0,0,0,0,0,38
2,4486,671.397524,-0.174917742609978,-0.000215763691812754,0,0,0,0,0,38
2,4487,671.557524,-0.181899845600128,-0.000269158976152539,0,0,0,0,0,38
2,4488,671.717524,-0.179766416549683,-0.000229978046263568,0,0,0,0,0,38
2,4489,671.877524,-0.179882794618607,-0.000210939979297109,0,0,0,0,0,38
2,4490,672.037524,-0.179475501179695,-0.000194683321751654,0,0,0,0,0,38
2,4491,672.197524,-0.181143447756767,-0.000193788611795753,0,0,0,0,0,38
2,4492,672.357524,-0.183238074183464,-0.000193566869711503,0,0,0,0,0,38
2,4493,672.517524,-0.187330365180969,-0.000215152947930619,0,0,0,0,0,38
2,4494,672.677524,-0.191422641277313,-0.000235463070566766,0,0,0,0,0,38
2,4495,672.837524,-0.18909527361393,-0.000201401504455134,0,0,0,0,0,38
2,4496,672.997524,-0.190898984670639,-0.000199180256458931,0,0,0,0,0,38
2,4497,673.157524,-0.194777935743332,-0.000218101631617174,0,0,0,0,0,38
2,4498,673.317524,-0.195301592350006,-0.00020903383847326,0,0,0,0,0,38
2,4499,673.477524,-0.199452057480812,-0.000232491045608185,0,0,0,0,0,38
2,4500,673.637524,-0.199374482035637,-0.000210823287488893,0,0,0,0,0,38
2,4501,673.797524,-0.200227841734886,-0.000203677205718122,0,0,0,0,0,38
2,4502,673.957524,-0.200576946139336,-0.000191108338185586,0,0,0,0,0,38
2,4503,674.117524,-0.205503210425377,-0.000218832967220806,0,0,0,0,0,38
2,4504,674.277524,-0.204805001616478,-0.00019578033243306,0,0,0,0,0,38
2,4505,674.437524,-0.20808270573616,-0.000212982282391749,0,0,0,0,0,38
2,4506,674.597524,-0.205638974905014,-0.000170743762282655,0,0,0,0,0,38
2,4507,674.757524,-0.210080355405808,-0.000196869557839818,0,0,0,0,0,38
2,4508,674.917524,-0.216635778546333,-0.00024236406898126,0,0,0,0,0,38
2,4509,675.077524,-0.214482963085175,-0.000205540549359284,0,0,0,0,0,38
2,4510,675.237524,-0.217295199632645,-0.000216845131944865,0,0,0,0,0,38
2,4511,675.397524,-0.215743616223335,-0.000183853335329331,0,0,0,0,0,38
2,4512,675.557524,-0.218614041805267,-0.00019557804625947,0,0,0,0,0,38
2,4513,675.717524,-0.219215273857117,-0.000183608266524971,0,0,0,0,0,38
2,4514,675.877524,-0.2215426415205,-0.000188155769137666,0,0,0,0,0,38
2,4515,676.037524,-0.222318425774574,-0.000180721821379848,0,0,0,0,0,38
2,4516,676.197524,-0.223656669259071,-0.000174731088918634,0,0,0,0,0,38
2,4517,676.357524,-0.226430103182793,-0.000185860626515932,0,0,0,0,0,38
2,4518,676.517524,-0.230871498584747,-0.000212492130231112,0,0,0,0,0,38
2,4519,676.677524,-0.228505343198776,-0.000174711647559889,0,0,0,0,0,38
2,4520,676.837524,-0.230289652943611,-0.000174069777131081,0,0,0,0,0,38
2,4521,676.997524,-0.231143027544022,-0.000164387354743667,0,0,0,0,0,38
2,4522,677.157524,-0.236321404576302,-0.000197453060536645,0,0,0,0,0,38
2,4523,677.317524,-0.234731048345566,-0.0001670715137152,0,0,0,0,0,38
2,4524,677.477524,-0.241014927625656,-0.000208936588023789,0,0,0,0,0,38
2,4525,677.637524,-0.238668173551559,-0.000173357897438109,0,0,0,0,0,38
2,4526,677.797524,-0.239754274487495,-0.000163854419952258,0,0,0,0,0,38
2,4527,677.957524,-0.242353171110153,-0.000173988082678989,0,0,0,0,0,38
2,4528,678.117524,-0.242391958832741,-0.00015630766574759,0,0,0,0,0,38
2,4529,678.277524,-0.24299319088459,-0.000148301871377043,0,0,0,0,0,38
2,4530,678.437524,-0.24495205283165,-0.000150912106619217,0,0,0,0,0,38
2,4531,678.597524,-0.248404324054718,-0.000166725294548087,0,0,0,0,0,38
2,4532,678.757524,-0.248695239424706,-0.000150896550621837,0,0,0,0,0,38
2,4533,678.917524,-0.250518351793289,-0.000152977750985883,0,0,0,0,0,38
2,4534,679.077524,-0.253000855445862,-0.000161485353601165,0,0,0,0,0,38
2,4535,679.237524,-0.25670525431633,-0.000181814932147972,0,0,0,0,0,38
2,4536,679.397524,-0.25569674372673,-0.000157299626152962,0,0,0,0,0,38
2,4537,679.557524,-0.258334428071976,-0.000162376192747615,0,0,0,0,0,38
2,4538,679.717524,-0.261301815509796,-0.000176154862856492,0,0,0,0,0,38
2,4539,679.877524,-0.260467827320099,-0.000150398627738468,0,0,0,0,0,38
2,4540,680.037524,-0.262097001075745,-0.000150861538713798,0,0,0,0,0,38
2,4541,680.197524,-0.262310326099396,-0.000135126159875654,0,0,0,0,0,38
2,4542,680.357524,-0.26779904961586,-0.00017226867203135,0,0,0,0,0,38
2,4543,680.517524,-0.26886573433876,-0.000168576982105151,0,0,0,0,0,38
2,4544,680.677524,-0.269079089164734,-0.000153320070239715,0,0,0,0,0,38
2,4545,680.837524,-0.273035615682602,-0.000174112574313767,0,0,0,0,0,38
2,4546,680.997524,-0.270979762077332,-0.000135931404656731,0,0,0,0,0,38
2,4547,681.157524,-0.274121701717377,-0.00015291161253117,0,0,0,0,0,38
2,4548,681.317524,-0.277476996183395,-0.000167911770404316,0,0,0,0,0,38
2,4549,681.477524,-0.278737664222717,-0.000164227865752764,0,0,0,0,0,38
2,4550,681.637524,-0.27739942073822,-0.000133861874928698,0,0,0,0,0,38
2,4551,681.797524,-0.282034754753113,-0.000164278433658183,0,0,0,0,0,38
2,4552,681.957524,-0.279047966003418,-0.000119017320685089,0,0,0,0,0,38
2,4553,682.117524,-0.284788817167282,-0.000158929571625777,0,0,0,0,0,38
2,4554,682.277524,-0.284769415855408,-0.000139253534143791,0,0,0,0,0,38
2,4555,682.437524,-0.290044784545898,-0.00017562581342645,0,0,0,0,0,38
2,4556,682.597524,-0.288609564304352,-0.000148399121826515,0,0,0,0,0,38
2,4557,682.757524,-0.291654527187347,-0.00015994488785509,0,0,0,0,0,38
2,4558,682.917524,-0.291557550430298,-0.000144804682349786,0,0,0,0,0,38
2,4559,683.077524,-0.29537832736969,-0.000161345320520923,0,0,0,0,0,38
2,4560,683.237524,-0.29231396317482,-0.000115695191198029,0,0,0,0,0,38
2,4561,683.397524,-0.294524967670441,-0.000122355020721443,0,0,0,0,0,38
2,4562,683.557524,-0.298481464385986,-0.000145481564686634,0,0,0,0,0,38
2,4563,683.717524,-0.299839109182358,-0.000141595359309576,0,0,0,0,0,38
2,4564,683.877524,-0.304358065128326,-0.000168938757269643,0,0,0,0,0,38
2,4565,684.037524,-0.301604032516479,-0.000125039165141061,0,0,0,0,0,38
2,4566,684.197524,-0.304241716861725,-0.000138580551720224,0,0,0,0,0,38
2,4567,684.357524,-0.305521756410599,-0.000129999025375582,0,0,0,0,0,38
2,4568,684.517524,-0.308857649564743,-0.000147718354128301,0,0,0,0,0,38
2,4569,684.677524,-0.309963136911392,-0.000142906326800585,0,0,0,0,0,38
2,4570,684.837524,-0.31145653128624,-0.000142361706821248,0,0,0,0,0,38
2,4571,684.997524,-0.313958466053009,-0.000146061182022095,0,0,0,0,0,38
2,4572,685.157524,-0.31657674908638,-0.000157960937940516,0,0,0,0,0,38
2,4573,685.317524,-0.315083354711533,-0.000126731363707222,0,0,0,0,0,38
2,4574,685.477524,-0.318283468484879,-0.000143268101965077,0,0,0,0,0,38
2,4575,685.637524,-0.31708100438118,-0.000111548361019231,0,0,0,0,0,38
2,4576,685.797524,-0.321735739707947,-0.000146699152537622,0,0,0,0,0,38
2,4577,685.957524,-0.321018129587173,-0.00011961639393121,0,0,0,0,0,38
2,4578,686.117524,-0.322511523962021,-0.000120686170703266,0,0,0,0,0,38
2,4579,686.277524,-0.324043720960617,-0.000118422140076291,0,0,0,0,0,38
2,4580,686.437524,-0.327845066785812,-0.000140611169626936,0,0,0,0,0,38
2,4581,686.597524,-0.329687565565109,-0.000140513919177465,0,0,0,0,0,38
2,4582,686.757524,-0.338201850652695,-0.000206839831662364,0,0,0,0,0,38
2,4583,686.917524,-0.332577377557755,-0.000136230941279791,0,0,0,0,0,38
2,4584,687.077524,-0.331840395927429,-0.000113668458652683,0,0,0,0,0,38
2,4585,687.237524,-0.331200361251831,-8.98611542652361E-05,0,0,0,0,0,38
2,4586,687.397524,-0.340606808662415,-0.000164846394909546,0,0,0,0,0,38
2,4587,687.557524,-0.336378753185272,-0.000110198503534775,0,0,0,0,0,38
2,4588,687.717524,-0.340568006038666,-0.000135211739689112,0,0,0,0,0,38
2,4589,687.877524,-0.339540094137192,-0.000109871740278322,0,0,0,0,0,38
2,4590,688.037524,-0.342740207910538,-0.00012382936256472,0,0,0,0,0,38
2,4591,688.197524,-0.342371731996536,-0.000102313308161683,0,0,0,0,0,38
2,4592,688.357524,-0.344640910625458,-0.000110276305349544,0,0,0,0,0,38
2,4593,688.517524,-0.348578035831451,-0.000131722335936502,0,0,0,0,0,38
2,4594,688.677524,-0.351196318864822,-0.000141027412610129,0,0,0,0,0,38
2,4595,688.837524,-0.351370871067047,-0.000125852195196785,0,0,0,0,0,38
2,4596,688.997524,-0.350556284189224,-0.000106880266685039,0,0,0,0,0,38
2,4597,689.157524,-0.353620648384094,-0.000116905008326285,0,0,0,0,0,38
2,4598,689.317524,-0.353969752788544,-0.000105265877209604,0,0,0,0,0,38
2,4599,689.477524,-0.357577174901962,-0.000121545876027085,0,0,0,0,0,38
2,4600,689.637524,-0.356394082307816,-9.39496312639676E-05,0,0,0,0,0,38
2,4601,689.797524,-0.35907056927681,-0.000107164240034763,0,0,0,0,0,38
2,4602,689.957524,-0.361572474241257,-0.000112808753328864,0,0,0,0,0,38
2,4603,690.117524,-0.363531351089478,-0.00011914180504391,0,0,0,0,0,38
2,4604,690.277524,-0.363899856805801,-0.00010067558469018,0,0,0,0,0,38
2,4605,690.437524,-0.368554592132568,-0.000133881330839358,0,0,0,0,0,38
2,4606,690.597524,-0.366964221000671,-0.000104133861896116,0,0,0,0,0,38
2,4607,690.757524,-0.368302464485168,-9.73884598352015E-05,0,0,0,0,0,38
2,4608,690.917524,-0.373907536268234,-0.00013943636440672,0,0,0,0,0,38
2,4609,691.077524,-0.371134072542191,-9.96524904621765E-05,0,0,0,0,0,38
2,4610,691.237524,-0.373965710401535,-0.000106646861240733,0,0,0,0,0,38
2,4611,691.397524,-0.376312464475632,-0.000112248577352148,0,0,0,0,0,38
2,4612,691.557524,-0.374372988939285,-8.23260634206235E-05,0,0,0,0,0,38
2,4613,691.717524,-0.380249589681625,-0.000121966004371643,0,0,0,0,0,38
2,4614,691.877524,-0.381161153316498,-0.000112338049802929,0,0,0,0,0,38
2,4615,692.037524,-0.379958689212799,-8.75776750035584E-05,0,0,0,0,0,38
2,4616,692.197524,-0.383294582366943,-0.000102974619949237,0,0,0,0,0,38
2,4617,692.357524,-0.387891113758087,-0.00012958278239239,0,0,0,0,0,38
2,4618,692.517524,-0.388337194919586,-0.000121876531920861,0,0,0,0,0,38
2,4619,692.677524,-0.387445032596588,-9.43503036978655E-05,0,0,0,0,0,38
2,4620,692.837524,-0.39126580953598,-0.000114699330879375,0,0,0,0,0,38
2,4621,692.997524,-0.390005141496658,-8.83479078765959E-05,0,0,0,0,0,38
2,4622,693.157524,-0.393399208784103,-0.000104834078229032,0,0,0,0,0,38
2,4623,693.317524,-0.394427120685577,-9.69955653999932E-05,0,0,0,0,0,38
2,4624,693.477524,-0.397549688816071,-0.00011628648644546,0,0,0,0,0,38
2,4625,693.637524,-0.400032192468643,-0.000124716301797889,0,0,0,0,0,38
2,4626,693.797524,-0.400032192468643,-0.000106701321783476,0,0,0,0,0,38
2,4627,693.957524,-0.400846779346466,-9.93023859336972E-05,0,0,0,0,0,38
2,4628,694.117524,-0.400361925363541,-7.58724127081223E-05,0,0,0,0,0,38
2,4629,694.277524,-0.40633550286293,-0.000119678639748599,0,0,0,0,0,38
2,4630,694.437524,-0.408236175775528,-0.000123479243484326,0,0,0,0,0,38
2,4631,694.597524,-0.409768342971802,-0.000120872893603519,0,0,0,0,0,38
2,4632,694.757524,-0.411242365837097,-0.00011914180504391,0,0,0,0,0,38
2,4633,694.917524,-0.410388976335526,-9.74040231085382E-05,0,0,0,0,0,38
2,4634,695.077524,-0.412367254495621,-9.4789887953084E-05,0,0,0,0,0,38
2,4635,695.237524,-0.41388002038002,-9.50544126681052E-05,0,0,0,0,0,38
2,4636,695.397524,-0.416265577077866,-0.000101527512015309,0,0,0,0,0,38
2,4637,695.557524,-0.417565017938614,-0.000100461627880577,0,0,0,0,0,38
2,4638,695.717524,-0.41859295964241,-9.86449595075101E-05,0,0,0,0,0,38
2,4639,695.877524,-0.422297328710556,-0.00011683109914884,0,0,0,0,0,38
2,4640,696.037524,-0.421618521213531,-9.11565512069501E-05,0,0,0,0,0,38
2,4641,696.197524,-0.423732548952103,-9.96019152808003E-05,0,0,0,0,0,38
2,4642,696.357524,-0.422685235738754,-7.3499460995663E-05,0,0,0,0,0,38
2,4643,696.517524,-0.427980005741119,-0.000105538187199272,0,0,0,0,0,38
2,4644,696.677524,-0.431936502456665,-0.000127272083773278,0,0,0,0,0,38
2,4645,696.837524,-0.430908590555191,-0.000106845254776999,0,0,0,0,0,38
2,4646,696.997524,-0.434884518384933,-0.000125649909023196,0,0,0,0,0,38
2,4647,697.157524,-0.432382583618164,-8.82389867911115E-05,0,0,0,0,0,38
2,4648,697.317524,-0.437347650527954,-0.000121086850413121,0,0,0,0,0,38
2,4649,697.477524,-0.435757279396057,-8.42049703351222E-05,0,0,0,0,0,38
2,4650,697.637524,-0.438647091388702,-0.00010150671005249,0,0,0,0,0,38
2,4651,697.797524,-0.44045078754425,-0.000102611375041306,0,0,0,0,0,38
2,4652,697.957524,-0.441750228404999,-0.000100285476946738,0,0,0,0,0,38
2,4653,698.117524,-0.44376727938652,-0.000100116063549649,0,0,0,0,0,38
2,4654,698.277524,-0.444911569356918,-9.78954703896306E-05,0,0,0,0,0,38
2,4655,698.437524,-0.44683164358139,-0.000101179153716657,0,0,0,0,0,38
2,4656,698.597524,-0.448325037956238,-0.000101371493656188,0,0,0,0,0,38
2,4657,698.757524,-0.449624508619308,-9.81375414994545E-05,0,0,0,0,0,38
2,4658,698.917524,-0.451544582843781,-9.76052178884856E-05,0,0,0,0,0,38
2,4659,699.077524,-0.453173726797104,-0.000100033692433499,0,0,0,0,0,38
2,4660,699.237524,-0.454608947038651,-9.98219329630956E-05,0,0,0,0,0,38
2,4661,699.397524,-0.456315666437149,-9.80442855507135E-05,0,0,0,0,0,38
2,4662,699.557524,-0.457362979650497,-9.65401850407943E-05,0,0,0,0,0,38
2,4663,699.717524,-0.459573984146118,-0.000100501121778507,0,0,0,0,0,38
2,4664,699.877524,-0.461300104856491,-0.000100493351055775,0,0,0,0,0,38
2,4665,700.037524,-0.462153494358063,-9.30097667151131E-05,0,0,0,0,0,38
2,4666,700.197524,-0.464364469051361,-9.72527996054851E-05,0,0,0,0,0,38
2,4667,700.357524,-0.466168195009232,-9.97539318632334E-05,0,0,0,0,0,38
2,4668,700.517524,-0.467428833246231,-9.5991934358608E-05,0,0,0,0,0,38
2,4669,700.677524,-0.468922227621078,-9.39294841373339E-05,0,0,0,0,0,38
2,4670,700.837524,-0.470706552267075,-9.47940206970088E-05,0,0,0,0,0,38
2,4671,700.997524,-0.472316324710846,-9.56585572566837E-05,0,0,0,0,0,38
2,4672,701.157524,-0.473809719085693,-9.55116775003262E-05,0,0,0,0,0,38
2,4673,701.317524,-0.475807368755341,-9.62534322752617E-05,0,0,0,0,0,38
2,4674,701.477524,-0.47691285610199,-9.39652309170924E-05,0,0,0,0,0,38
2,4675,701.637524,-0.478212296962738,-9.19870872166939E-05,0,0,0,0,0,38
2,4676,701.797524,-0.480345726013184,-9.47493317653425E-05,0,0,0,0,0,38
2,4677,701.957524,-0.481916695833206,-9.53624767134897E-05,0,0,0,0,0,38
2,4678,702.117524,-0.483720391988754,-9.67060987022705E-05,0,0,0,0,0,38
2,4679,702.277524,-0.485097438097,-9.41509570111521E-05,0,0,0,0,0,38
2,4680,702.437524,-0.486784756183624,-9.37363656703383E-05,0,0,0,0,0,38
2,4681,702.597524,-0.487851470708847,-9.51631445786916E-05,0,0,0,0,0,38
2,4682,702.757524,-0.489907324314117,-9.58963501034305E-05,0,0,0,0,0,38
2,4683,702.917524,-0.491206765174866,-9.14504926186055E-05,0,0,0,0,0,38
2,4684,703.077524,-0.493243217468262,-9.62818012339994E-05,0,0,0,0,0,38
2,4685,703.237524,-0.495260268449783,-9.64049686444923E-05,0,0,0,0,0,38
2,4686,703.397524,-0.496055454015732,-9.33346018427983E-05,0,0,0,0,0,38
2,4687,703.557524,-0.497956126928329,-9.28061635931954E-05,0,0,0,0,0,38
2,4688,703.717524,-0.499430119991302,-9.22684048418887E-05,0,0,0,0,0,38
2,4689,703.877524,-0.501098096370697,-9.40709142014384E-05,0,0,0,0,0,38
2,4690,704.037524,-0.502669036388397,-9.33349874685518E-05,0,0,0,0,0,38
2,4691,704.197524,-0.504957616329193,-9.64655846473761E-05,0,0,0,0,0,38
2,4692,704.357524,-0.506237685680389,-9.29246743908152E-05,0,0,0,0,0,38
2,4693,704.517524,-0.507498323917389,-9.2035268608015E-05,0,0,0,0,0,38
2,4694,704.677524,-0.508933544158936,-9.43304694374092E-05,0,0,0,0,0,38
2,4695,704.837524,-0.51126092672348,-9.62071935646236E-05,0,0,0,0,0,38
2,4696,704.997524,-0.512094855308533,-9.11322713363916E-05,0,0,0,0,0,38
2,4697,705.157524,-0.513530075550079,-9.20076854526997E-05,0,0,0,0,0,38
2,4698,705.317524,-0.515915632247925,-9.56620497163385E-05,0,0,0,0,0,38
2,4699,705.477524,-0.516575038433075,-8.77848578966223E-05,0,0,0,0,0,38
2,4700,705.637524,-0.518766641616821,-9.27537112147547E-05,0,0,0,0,0,38
2,4701,705.797524,-0.520822525024414,-9.73561545833945E-05,0,0,0,0,0,38
2,4702,705.957524,-0.521869838237762,-9.3983493570704E-05,0,0,0,0,0,38
2,4703,706.117524,-0.523246824741364,-9.21122045838274E-05,0,0,0,0,0,38
2,4704,706.277524,-0.525166928768158,-9.549885726301E-05,0,0,0,0,0,38
2,4705,706.437524,-0.526602149009705,-9.47629305301234E-05,0,0,0,0,0,38
2,4706,706.597524,-0.528813123703003,-9.75865696091205E-05,0,0,0,0,0,38
2,4707,706.757524,-0.530015587806702,-9.58065938903019E-05,0,0,0,0,0,38
2,4708,706.917524,-0.531373202800751,-9.54001661739312E-05,0,0,0,0,0,38
2,4709,707.077524,-0.533661782741547,-0.000102543373941444,0,0,0,0,0,38
2,4710,707.237524,-0.534398794174194,-9.46770596783608E-05,0,0,0,0,0,38
2,4711,707.397524,-0.536163687705994,-9.62678095675074E-05,0,0,0,0,0,38
2,4712,707.557524,-0.538297116756439,-0.000101675337646157,0,0,0,0,0,38
2,4713,707.717524,-0.539635360240936,-0.000100545417808462,0,0,0,0,0,38
2,4714,707.877524,-0.541128754615784,-0.000100835670309607,0,0,0,0,0,38
2,4715,708.037524,-0.542874276638031,-0.000103864855191205,0,0,0,0,0,38
2,4716,708.197524,-0.544134974479675,-0.000104848673800007,0,0,0,0,0,38
2,4717,708.357524,-0.546190798282623,-0.000105862418422475,0,0,0,0,0,38
2,4718,708.517524,-0.547470808029175,-0.000106949984910898,0,0,0,0,0,38
2,4719,708.677524,-0.54904180765152,-0.000107614803710021,0,0,0,0,0,38
2,4720,708.837524,-0.550787329673767,-0.000107942745671608,0,0,0,0,0,38
2,4721,708.997524,-0.552571654319763,-0.000111844237835612,0,0,0,0,0,38
2,4722,709.157524,-0.553890466690063,-0.000112290297693107,0,0,0,0,0,38
2,4723,709.317524,-0.555286884307861,-0.000111684537841938,0,0,0,0,0,38
2,4724,709.477524,-0.557129383087158,-0.000114552080049179,0,0,0,0,0,38
2,4725,709.637524,-0.558622777462006,-0.000118410825962201,0,0,0,0,0,38
2,4726,709.797524,-0.560193777084351,-0.000119695396278985,0,0,0,0,0,38
2,4727,709.957524,-0.561493217945099,-0.000118129122711252,0,0,0,0,0,38
2,4728,710.117524,-0.563607215881348,-0.000125549369840883,0,0,0,0,0,38
2,4729,710.277524,-0.565469145774841,-0.000127010731375776,0,0,0,0,0,38
2,4730,710.437524,-0.566186726093292,-0.000123931429698132,0,0,0,0,0,38
2,4731,710.597524,-0.567777097225189,-0.000129297768580727,0,0,0,0,0,38
2,4732,710.757524,-0.570240259170532,-0.00013448421668727,0,0,0,0,0,38
2,4733,710.917524,-0.57163667678833,-0.000134297326439992,0,0,0,0,0,38
2,4734,711.077524,-0.573130071163177,-0.000135798312840052,0,0,0,0,0,38
2,4735,711.237524,-0.574836790561676,-0.000140242220368236,0,0,0,0,0,38
2,4736,711.397524,-0.576116859912872,-0.000141512806294486,0,0,0,0,0,38
2,4737,711.557524,-0.577474474906921,-0.000144554418511689,0,0,0,0,0,38
2,4738,711.717524,-0.579045414924622,-0.000147261875099503,0,0,0,0,0,38
2,4739,711.877524,-0.581237018108368,-0.00015064152830746,0,0,0,0,0,38
2,4740,712.037524,-0.582827389240265,-0.000152170890942216,0,0,0,0,0,38
2,4741,712.197524,-0.584340214729309,-0.000153925604536198,0,0,0,0,0,38
2,4742,712.357524,-0.585678398609161,-0.000155476329382509,0,0,0,0,0,38
2,4743,712.517524,-0.587637305259705,-0.000158904556883499,0,0,0,0,0,38
2,4744,712.677524,-0.588859140872955,-0.000159040166181512,0,0,0,0,0,38
2,4745,712.837524,-0.590759813785553,-0.000165729928994551,0,0,0,0,0,38
2,4746,712.997524,-0.59209805727005,-0.000166737067047507,0,0,0,0,0,38
2,4747,713.157524,-0.593901813030243,-0.000172793836100027,0,0,0,0,0,38
2,4748,713.317524,-0.593125998973846,-0.000151429499965161,0,0,0,0,0,38
2,4749,713.477524,-0.598711669445038,-0.000194924519746564,0,0,0,0,0,38
2,4750,713.637524,-0.600263237953186,-0.000199969945242628,0,0,0,0,0,38
2,4751,713.797524,-0.597276449203491,-0.000152896056533791,0,0,0,0,0,38
2,4752,713.957524,-0.601349353790283,-0.000182238945853896,0,0,0,0,0,38
2,4753,714.117524,-0.602513015270233,-0.000180655682925135,0,0,0,0,0,38
2,4754,714.277524,-0.602551817893982,-0.000166628044098616,0,0,0,0,0,38
2,4755,714.437524,-0.608195662498474,-0.000208994941203855,0,0,0,0,0,38
2,4756,714.597524,-0.608040511608124,-0.000194391570403241,0,0,0,0,0,38
2,4757,714.757524,-0.608874499797821,-0.00019310784409754,0,0,0,0,0,38
2,4758,714.917524,-0.607594430446625,-0.000167935111676343,0,0,0,0,0,38
2,4759,715.077524,-0.615119576454163,-0.000229464552830905,0,0,0,0,0,38
2,4760,715.237524,-0.617912471294403,-0.000247067189775407,0,0,0,0,0,38
2,4761,715.397524,-0.618552446365356,-0.000237653177464381,0,0,0,0,0,38
2,4762,715.557524,-0.615235984325409,-0.000191909697605297,0,0,0,0,0,38
2,4763,715.717524,-0.616535425186157,-0.000195904809515923,0,0,0,0,0,38
2,4764,715.877524,-0.623633861541748,-0.000252948986599222,0,0,0,0,0,38
2,4765,716.037524,-0.62142288684845,-0.00022241183614824,0,0,0,0,0,38
2,4766,716.197524,-0.624448478221893,-0.000236136052990332,0,0,0,0,0,38
2,4767,716.357524,-0.625689744949341,-0.000242834779783152,0,0,0,0,0,38
2,4768,716.517524,-0.627532243728638,-0.000247211108217016,0,0,0,0,0,38
2,4769,716.677524,-0.628598928451538,-0.000246837676968426,0,0,0,0,0,38
2,4770,716.837524,-0.633699715137482,-0.000286714901449159,0,0,0,0,0,38
2,4771,716.997524,-0.63241970539093,-0.000263121561147273,0,0,0,0,0,38
2,4772,717.157524,-0.632846355438232,-0.000255255814408883,0,0,0,0,0,38
2,4773,717.317524,-0.637210190296173,-0.000284723180811852,0,0,0,0,0,38
2,4774,717.477524,-0.63986724615097,-0.000301501102512702,0,0,0,0,0,38
2,4775,717.637524,-0.638761758804321,-0.00027962718741037,0,0,0,0,0,38
2,4776,717.797524,-0.641826152801514,-0.000304640416288748,0,0,0,0,0,38
2,4777,717.957524,-0.639169037342072,-0.000262946501607075,0,0,0,0,0,38
2,4778,718.117524,-0.643125593662262,-0.000291698117507622,0,0,0,0,0,38
2,4779,718.277524,-0.648168206214905,-0.000327871995978057,0,0,0,0,0,38
2,4780,718.437524,-0.65030163526535,-0.0003407598414924,0,0,0,0,0,38
2,4781,718.597524,-0.64675235748291,-0.000294584548100829,0,0,0,0,0,38
2,4782,718.757524,-0.649118542671204,-0.000308386574033648,0,0,0,0,0,38
2,4783,718.917524,-0.649758577346802,-0.000303683453239501,0,0,0,0,0,38
2,4784,719.077524,-0.649545252323151,-0.000293137447442859,0,0,0,0,0,38
2,4785,719.237524,-0.65055376291275,-0.000294125522486866,0,0,0,0,0,38
2,4786,719.397524,-0.655499398708344,-0.000329533067997545,0,0,0,0,0,38
2,4787,719.557524,-0.660425662994385,-0.000367655855370685,0,0,0,0,0,38
2,4788,719.717524,-0.659611105918884,-0.000350321672158316,0,0,0,0,0,38
2,4789,719.877524,-0.663005173206329,-0.000374852534150705,0,0,0,0,0,38
2,4790,720.037524,-0.658951640129089,-0.000326681620208547,0,0,0,0,0,38
2,4791,720.197524,-0.66463428735733,-0.000370242778444663,0,0,0,0,0,38
2,4792,720.357524,-0.668183565139771,-0.000394513015635312,0,0,0,0,0,38
2,4793,720.517524,-0.668804168701172,-0.000395905663026497,0,0,0,0,0,38
2,4794,720.677524,-0.671538829803467,-0.000414426322095096,0,0,0,0,0,38
2,4795,720.837524,-0.670724272727966,-0.000391591544030234,0,0,0,0,0,38
2,4796,720.997524,-0.673885583877563,-0.000413368223235011,0,0,0,0,0,38
2,4797,721.157524,-0.674622595310211,-0.000408879073802382,0,0,0,0,0,38
2,4798,721.317524,-0.676853001117706,-0.000425979873398319,0,0,0,0,0,38
2,4799,721.477524,-0.67698872089386,-0.000418985524447635,0,0,0,0,0,38
2,4800,721.637524,-0.682399868965149,-0.000461247371276841,0,0,0,0,0,38
2,4801,721.797524,-0.675708711147308,-0.00038652666262351,0,0,0,0,0,38
2,4802,721.957524,-0.679102778434753,-0.000411621585953981,0,0,0,0,0,38
2,4803,722.117524,-0.683854460716248,-0.000450195657322183,0,0,0,0,0,38
2,4804,722.277524,-0.685464262962341,-0.000454494205769151,0,0,0,0,0,38
2,4805,722.437524,-0.684785425662994,-0.000438657676568255,0,0,0,0,0,38
2,4806,722.597524,-0.688761353492737,-0.000471400504466146,0,0,0,0,0,38
2,4807,722.757524,-0.691806316375732,-0.000490520265884697,0,0,0,0,0,38
2,4808,722.917524,-0.689944446086884,-0.000467448175186291,0,0,0,0,0,38
2,4809,723.077524,-0.692407548427582,-0.000481382448924705,0,0,0,0,0,38
2,4810,723.237524,-0.692194223403931,-0.000470766419311985,0,0,0,0,0,38
2,4811,723.397524,-0.696616172790527,-0.000506430689711124,0,0,0,0,0,38
2,4812,723.557524,-0.696364045143127,-0.000492208520881832,0,0,0,0,0,38
2,4813,723.717524,-0.696674406528473,-0.000491247687023133,0,0,0,0,0,38
2,4814,723.877524,-0.700146019458771,-0.000518264307174832,0,0,0,0,0,38
2,4815,724.037524,-0.702357053756714,-0.000527989526744932,0,0,0,0,0,38
2,4816,724.197524,-0.703772842884064,-0.000536006991751492,0,0,0,0,0,38
2,4817,724.357524,-0.710076153278351,-0.00058506871573627,0,0,0,0,0,38
2,4818,724.517524,-0.707011759281158,-0.000547050964087248,0,0,0,0,0,38
2,4819,724.677524,-0.713237464427948,-0.000599220860749483,0,0,0,0,0,38
2,4820,724.837524,-0.709552466869354,-0.000558616127818823,0,0,0,0,0,38
2,4821,724.997524,-0.712442278862,-0.000578506151214242,0,0,0,0,0,38
2,4822,725.157524,-0.715176939964294,-0.00059694901574403,0,0,0,0,0,38
2,4823,725.317524,-0.719094693660736,-0.000623654457740486,0,0,0,0,0,38
2,4824,725.477524,-0.716107904911041,-0.000586535257752985,0,0,0,0,0,38
2,4825,725.637524,-0.720413506031036,-0.000618869671598077,0,0,0,0,0,38
2,4826,725.797524,-0.721286296844482,-0.000619313097558916,0,0,0,0,0,38
2,4827,725.957524,-0.720898389816284,-0.000612299307249486,0,0,0,0,0,38
2,4828,726.117524,-0.721247494220734,-0.000607467838563025,0,0,0,0,0,38
2,4829,726.277524,-0.725048840045929,-0.000634426076430827,0,0,0,0,0,38
2,4830,726.437524,-0.726251304149628,-0.000637363118585199,0,0,0,0,0,38
2,4831,726.597524,-0.729451477527618,-0.000657824915833771,0,0,0,0,0,38
2,4832,726.757524,-0.730033278465271,-0.000654852890875191,0,0,0,0,0,38
2,4833,726.917524,-0.729742348194122,-0.000646333617623895,0,0,0,0,0,38
2,4834,727.077524,-0.733737707138062,-0.000677049742080271,0,0,0,0,0,38
2,4835,727.237524,-0.734241962432861,-0.000670720590278506,0,0,0,0,0,38
2,4836,727.397524,-0.738411784172058,-0.000704922189470381,0,0,0,0,0,38
2,4837,727.557524,-0.737655401229858,-0.000693240261171013,0,0,0,0,0,38
2,4838,727.717524,-0.739168226718903,-0.000698355725035071,0,0,0,0,0,38
2,4839,727.877524,-0.739653050899506,-0.00070035521639511,0,0,0,0,0,38
2,4840,728.037524,-0.745141804218292,-0.000737334368750453,0,0,0,0,0,38
2,4841,728.197524,-0.746867895126343,-0.000748004822526127,0,0,0,0,0,38
2,4842,728.357524,-0.749001324176788,-0.00076085765613243,0,0,0,0,0,38
2,4843,728.517524,-0.748574614524841,-0.000749786500819027,0,0,0,0,0,38
2,4844,728.677524,-0.748671591281891,-0.000742247502785176,0,0,0,0,0,38
2,4845,728.837524,-0.744812071323395,-0.000700658652931452,0,0,0,0,0,38
2,4846,728.997524,-0.755420982837677,-0.000785147363785654,0,0,0,0,0,38
2,4847,729.157524,-0.754800319671631,-0.000776538625359535,0,0,0,0,0,38
2,4848,729.317524,-0.752589344978333,-0.000752361724153161,0,0,0,0,0,38
2,4849,729.477524,-0.756448924541473,-0.000779950234573334,0,0,0,0,0,38
2,4850,729.637524,-0.761316955089569,-0.000808694050647318,0,0,0,0,0,38
2,4851,729.797524,-0.761646687984467,-0.000808631768450141,0,0,0,0,0,38
2,4852,729.957524,-0.762538850307465,-0.000811907229945064,0,0,0,0,0,38
2,4853,730.117524,-0.763838291168213,-0.000816104642581195,0,0,0,0,0,38
2,4854,730.277524,-0.766359627246857,-0.000833746162243187,0,0,0,0,0,38
2,4855,730.437524,-0.764342546463013,-0.000808526761829853,0,0,0,0,0,38
2,4856,730.597524,-0.770102798938751,-0.000851667777169496,0,0,0,0,0,38
2,4857,730.757524,-0.774582982063293,-0.000881551415659487,0,0,0,0,0,38
2,4858,730.917524,-0.770471274852753,-0.000841397966723889,0,0,0,0,0,38
2,4859,731.077524,-0.771984040737152,-0.000842911191284657,0,0,0,0,0,38
2,4860,731.237524,-0.77211982011795,-0.000837682920973748,0,0,0,0,0,38
2,4861,731.397524,-0.774815678596497,-0.000861109001561999,0,0,0,0,0,38
2,4862,731.557524,-0.774660527706146,-0.000852224067784846,0,0,0,0,0,38
2,4863,731.717524,-0.774990260601044,-0.000854861515108496,0,0,0,0,0,38
2,4864,731.877524,-0.780188024044037,-0.000886608497239649,0,0,0,0,0,38
2,4865,732.037524,-0.783931195735931,-0.000911948503926396,0,0,0,0,0,38
2,4866,732.197524,-0.781118988990784,-0.000882422784343362,0,0,0,0,0,38
2,4867,732.357524,-0.784842789173126,-0.0009048335487023,0,0,0,0,0,38
2,4868,732.517524,-0.789225995540619,-0.000932130264118314,0,0,0,0,0,38
2,4869,732.677524,-0.789652645587921,-0.000929955684114248,0,0,0,0,0,38
2,4870,732.837524,-0.79135936498642,-0.000936284835916013,0,0,0,0,0,38
2,4871,732.997524,-0.788353204727173,-0.000903269741684198,0,0,0,0,0,38
2,4872,733.157524,-0.794326782226563,-0.000942901882808656,0,0,0,0,0,38
2,4873,733.317524,-0.798651814460754,-0.000970579858403653,0,0,0,0,0,38
2,4874,733.477524,-0.796906292438507,-0.000947776192333549,0,0,0,0,0,38
2,4875,733.637524,-0.797158420085907,-0.000945193169172853,0,0,0,0,0,38
2,4876,733.797524,-0.800009429454803,-0.000956742791458964,0,0,0,0,0,38
2,4877,733.957524,-0.801367044448853,-0.000960162200499326,0,0,0,0,0,38
2,4878,734.117524,-0.802647113800049,-0.000964172882959247,0,0,0,0,0,38
2,4879,734.277524,-0.805595099925995,-0.000975205155555159,0,0,0,0,0,38
2,4880,734.437524,-0.811258375644684,-0.00102480757050216,0,0,0,0,0,38
2,4881,734.597524,-0.808756470680237,-0.00100161496084183,0,0,0,0,0,38
2,4882,734.757524,-0.811743259429932,-0.00102474540472031,0,0,0,0,0,38
2,4883,734.917524,-0.811200201511383,-0.00101311400067061,0,0,0,0,0,38
2,4884,735.077524,-0.811394155025482,-0.00100435747299343,0,0,0,0,0,38
2,4885,735.237524,-0.812615990638733,-0.00100681988988072,0,0,0,0,0,38
2,4886,735.397524,-0.817716777324677,-0.00103471567854285,0,0,0,0,0,38
2,4887,735.557524,-0.818531394004822,-0.00102967023849487,0,0,0,0,0,38
2,4888,735.717524,-0.818298637866974,-0.00101647502742708,0,0,0,0,0,38
2,4889,735.877524,-0.821324229240417,-0.0010448454413563,0,0,0,0,0,38
2,4890,736.037524,-0.823981285095215,-0.0010501048527658,0,0,0,0,0,38
2,4891,736.197524,-0.82621169090271,-0.00106009456794709,0,0,0,0,0,38
2,4892,736.357524,-0.82495105266571,-0.00104209128767252,0,0,0,0,0,38
2,4893,736.517524,-0.830478549003601,-0.00107345695141703,0,0,0,0,0,38
2,4894,736.677524,-0.829276084899902,-0.00105169194284827,0,0,0,0,0,38
2,4895,736.837524,-0.827491760253906,-0.00104185787495226,0,0,0,0,0,38
2,4896,736.997524,-0.8322434425354,-0.00106275919824839,0,0,0,0,0,38
2,4897,737.157524,-0.830982804298401,-0.00105068052653223,0,0,0,0,0,38
2,4898,737.317524,-0.837286055088043,-0.00108399521559477,0,0,0,0,0,38
2,4899,737.477524,-0.835094451904297,-0.00105932424776256,0,0,0,0,0,38
2,4900,737.637524,-0.838352799415588,-0.00107925711199641,0,0,0,0,0,38
2,4901,737.797524,-0.840544402599335,-0.00109549041371793,0,0,0,0,0,38
2,4902,737.957524,-0.841242611408234,-0.00108872167766094,0,0,0,0,0,38
2,4903,738.117524,-0.841785669326782,-0.00108191010076553,0,0,0,0,0,38
2,4904,738.277524,-0.844869434833527,-0.00109116069506854,0,0,0,0,0,38
2,4905,738.437524,-0.846673130989075,-0.00109259225428104,0,0,0,0,0,38
2,4906,738.597524,-0.848981082439423,-0.0011121166171506,0,0,0,0,0,38
2,4907,738.757524,-0.850590825080872,-0.00112853280734271,0,0,0,0,0,38
2,4908,738.917524,-0.853170335292816,-0.00114145956467837,0,0,0,0,0,38
2,4909,739.077524,-0.851696372032166,-0.00113021326251328,0,0,0,0,0,38
2,4910,739.237524,-0.854392230510712,-0.00114061147905886,0,0,0,0,0,38
2,4911,739.397524,-0.856370449066162,-0.00115143752191216,0,0,0,0,0,38
2,4912,739.557524,-0.855342566967011,-0.00114664109423757,0,0,0,0,0,38
2,4913,739.717524,-0.859861552715302,-0.00117097748443484,0,0,0,0,0,38
2,4914,739.877524,-0.860598504543304,-0.00117352162487805,0,0,0,0,0,38
2,4915,740.037524,-0.862324655056,-0.00118682172615081,0,0,0,0,0,38
2,4916,740.197524,-0.864593863487244,-0.00119245855603367,0,0,0,0,0,38
2,4917,740.357524,-0.865466594696045,-0.00119375390931964,0,0,0,0,0,38
2,4918,740.517524,-0.867076337337494,-0.00119260628707707,0,0,0,0,0,38
2,4919,740.677524,-0.868181884288788,-0.00119175051804632,0,0,0,0,0,38
2,4920,740.837524,-0.870101928710938,-0.00119403784628958,0,0,0,0,0,38
2,4921,740.997524,-0.871362566947937,-0.00119526323396713,0,0,0,0,0,38
2,4922,741.157524,-0.871478974819183,-0.00118695397395641,0,0,0,0,0,38
2,4923,741.317524,-0.875357925891876,-0.00120257656089962,0,0,0,0,0,38
2,4924,741.477524,-0.878189504146576,-0.00120665726717561,0,0,0,0,0,38
2,4925,741.637524,-0.876851320266724,-0.00122370757162571,0,0,0,0,0,38
2,4926,741.797524,-0.880924165248871,-0.00124117406085134,0,0,0,0,0,38
2,4927,741.957524,-0.883678257465363,-0.00124600937124342,0,0,0,0,0,38
2,4928,742.117524,-0.882747292518616,-0.00124598608817905,0,0,0,0,0,38
2,4929,742.277524,-0.883678257465363,-0.00123672373592854,0,0,0,0,0,38
2,4930,742.437524,-0.88825535774231,-0.00125727115664631,0,0,0,0,0,38
2,4931,742.597524,-0.887111127376556,-0.00124549982137978,0,0,0,0,0,38
2,4932,742.757524,-0.890117287635803,-0.00126239436212927,0,0,0,0,0,38
2,4933,742.917524,-0.891649484634399,-0.00126123905647546,0,0,0,0,0,38
2,4934,743.077524,-0.893744111061096,-0.00126863794866949,0,0,0,0,0,38
2,4935,743.237524,-0.895004749298096,-0.00126351870130748,0,0,0,0,0,38
2,4936,743.397524,-0.895392656326294,-0.00129539403133094,0,0,0,0,0,38
2,4937,743.557524,-0.897467851638794,-0.00129901559557766,0,0,0,0,0,38
2,4938,743.717524,-0.901094675064087,-0.00130262563470751,0,0,0,0,0,38
2,4939,743.877524,-0.899775862693787,-0.00128499185666442,0,0,0,0,0,38
2,4940,744.037524,-0.906020939350128,-0.001309355488047,0,0,0,0,0,38
2,4941,744.197524,-0.902316570281982,-0.0012799387332052,0,0,0,0,0,38
2,4942,744.357524,-0.906389474868774,-0.00130195263773203,0,0,0,0,0,38
2,4943,744.517524,-0.908658623695374,-0.00130639516282827,0,0,0,0,0,38
2,4944,744.677524,-0.909124076366425,-0.0012984360801056,0,0,0,0,0,38
2,4945,744.837524,-0.910462319850922,-0.0013147743884474,0,0,0,0,0,38
2,4946,744.997524,-0.913041830062866,-0.00135328620672226,0,0,0,0,0,38
2,4947,745.157524,-0.912828505039215,-0.00141670228913426,0,0,0,0,0,38
2,4948,745.317524,-0.916047990322113,-0.00143639009911567,0,0,0,0,0,38
2,4949,745.477524,-0.915252804756165,-0.00141700182575732,0,0,0,0,0,38
2,4950,745.637524,-0.916591048240662,-0.00141478842124343,0,0,0,0,0,38
2,4951,745.797524,-0.919636011123657,-0.00142414798028767,0,0,0,0,0,38
2,4952,745.957524,-0.919480860233307,-0.00141395209357142,0,0,0,0,0,38
2,4953,746.117524,-0.923398613929749,-0.0014233582187444,0,0,0,0,0,38
2,4954,746.277524,-0.926016926765442,-0.0014503865968436,0,0,0,0,0,38
2,4955,746.437524,-0.925182938575745,-0.00143450719770044,0,0,0,0,0,38
2,4956,746.597524,-0.926327228546143,-0.00142713554669172,0,0,0,0,0,38
2,4957,746.757524,-0.930962562561035,-0.00144275033380836,0,0,0,0,0,38
2,4958,746.917524,-0.932145655155182,-0.00143586879130453,0,0,0,0,0,38
2,4959,747.077524,-0.931369841098785,-0.00141023704782128,0,0,0,0,0,38
2,4960,747.237524,-0.934647560119629,-0.00141282007098198,0,0,0,0,0,38
2,4961,747.397524,-0.93612152338028,-0.00141748029273003,0,0,0,0,0,38
2,4962,747.557524,-0.937013685703278,-0.00141134567093104,0,0,0,0,0,38
2,4963,747.717524,-0.941978752613068,-0.00142175948712975,0,0,0,0,0,38
2,4964,747.877524,-0.941532671451569,-0.00144008174538612,0,0,0,0,0,38
2,4965,748.037524,-0.942521810531616,-0.00143265165388584,0,0,0,0,0,38
2,4966,748.197524,-0.945275843143463,-0.00145948934368789,0,0,0,0,0,38
2,4967,748.357524,-0.943569123744965,-0.00145907315891236,0,0,0,0,0,38
2,4968,748.517524,-0.946846842765808,-0.00146528554614633,0,0,0,0,0,38
2,4969,748.677524,-0.948728084564209,-0.00147586665116251,0,0,0,0,0,38
2,4970,748.837524,-0.949057817459106,-0.00145640841219574,0,0,0,0,0,38
2,4971,748.997524,-0.956932067871094,-0.00149131019134074,0,0,0,0,0,38
2,4972,749.157524,-0.955205917358398,-0.00146533222869039,0,0,0,0,0,38
2,4973,749.317524,-0.957610905170441,-0.00147589389234781,0,0,0,0,0,38
2,4974,749.477524,-0.95770788192749,-0.00146165618207306,0,0,0,0,0,38
2,4975,749.637524,-0.959860682487488,-0.00145888247061521,0,0,0,0,0,38
2,4976,749.797524,-0.962750494480133,-0.00147296465002,0,0,0,0,0,38
2,4977,749.957524,-0.960326135158539,-0.00144315487705171,0,0,0,0,0,38
2,4978,750.117524,-0.966726422309875,-0.00146929628681391,0,0,0,0,0,38
2,4979,750.277524,-0.963817179203033,-0.00148821761831641,0,0,0,0,0,38
2,4980,750.437524,-0.966377317905426,-0.00149394385516644,0,0,0,0,0,38
2,4981,750.597524,-0.967793107032776,-0.00149328249972314,0,0,0,0,0,38
2,4982,750.757524,-0.969829559326172,-0.00149693922139704,0,0,0,0,0,38
2,4983,750.917524,-0.972273290157318,-0.00148420303594321,0,0,0,0,0,38
2,4984,751.077524,-0.976132869720459,-0.00150699890218675,0,0,0,0,0,38
2,4985,751.237524,-0.973941266536713,-0.0014781461795792,0,0,0,0,0,38
2,4986,751.397524,-0.973766684532166,-0.00158958544488996,0,0,0,0,0,38
2,4987,751.557524,-0.980380296707153,-0.00178147153928876,0,0,0,0,0,38
2,4988,751.717524,-0.978789925575256,-0.00174970121588558,0,0,0,0,0,38
2,4989,751.877524,-0.982959806919098,-0.00175545853562653,0,0,0,0,0,38
2,4990,752.037524,-0.981214284896851,-0.00172804901376367,0,0,0,0,0,38
2,4991,752.197524,-0.984976828098297,-0.00173919799271971,0,0,0,0,0,38
2,4992,752.357524,-0.988002419471741,-0.00174804020207375,0,0,0,0,0,38
2,4993,752.517524,-0.988002419471741,-0.00178077514283359,0,0,0,0,0,38
2,4994,752.677524,-0.986955106258392,-0.00181872607208788,0,0,0,0,0,38
2,4995,752.837524,-0.990756452083588,-0.00182436429895461,0,0,0,0,0,38
2,4996,752.997524,-0.992346823215485,-0.00182584195863456,0,0,0,0,0,38
2,4997,753.157524,-0.994422078132629,-0.00181806506589055,0,0,0,0,0,38
2,4998,753.317524,-0.99564391374588,-0.00181118259206414,0,0,0,0,0,38
2,4999,753.477524,-0.996691226959229,-0.00179695093538612,0,0,0,0,0,38
2,5000,753.637524,-0.998572528362274,-0.00179084611590952,0,0,0,0,0,38
3,5001,753.797524,-0.997311890125275,-0.00179438455961645,0,0,0,0,0,38
3,5002,753.957524,-0.998378574848175,-0.00177945313043892,0,0,0,0,0,38
3,5003,754.117524,-0.995197832584381,-0.00173594162333757,0,0,0,0,0,38
3,5004,754.277524,-0.994266927242279,-0.00172202114481479,0,0,0,0,0,38
3,5005,754.437524,-0.993588089942932,-0.00170880055520684,0,0,0,0,0,38
3,5006,754.597524,-0.991144359111786,-0.00167827645782381,0,0,0,0,0,38
3,5007,754.757524,-0.989573359489441,-0.00165066868066788,0,0,0,0,0,38
3,5008,754.917524,-0.986606001853943,-0.00162706593982875,0,0,0,0,0,38
3,5009,755.077524,-0.985810816287994,-0.00161116232629865,0,0,0,0,0,38
3,5010,755.237524,-0.98222279548645,-0.00159615301527083,0,0,0,0,0,38
3,5011,755.397524,-0.982804656028748,-0.00159187579993159,0,0,0,0,0,38
3,5012,755.557524,-0.980341494083405,-0.00158024940174073,0,0,0,0,0,38
3,5013,755.717524,-0.979119658470154,-0.00156368466559798,0,0,0,0,0,38
3,5014,755.877524,-0.977160751819611,-0.0015501530142501,0,0,0,0,0,38
3,5015,756.037524,-0.973999440670013,-0.00152242858894169,0,0,0,0,0,38
3,5016,756.197524,-0.974678218364716,-0.00156698981299996,0,0,0,0,0,38
3,5017,756.357524,-0.972738742828369,-0.00156333472114056,0,0,0,0,0,38
3,5018,756.517524,-0.972331464290619,-0.00160144129768014,0,0,0,0,0,38
3,5019,756.677524,-0.969519257545471,-0.00161563395522535,0,0,0,0,0,38
3,5020,756.837524,-0.966706991195679,-0.00157873285934329,0,0,0,0,0,38
3,5021,756.997524,-0.965950608253479,-0.00159008707851171,0,0,0,0,0,38
3,5022,757.157524,-0.964670538902283,-0.00157045060768723,0,0,0,0,0,38
3,5023,757.317524,-0.961024343967438,-0.0015428428305313,0,0,0,0,0,38
3,5024,757.477524,-0.962634146213531,-0.00153187743853778,0,0,0,0,0,38
3,5025,757.637524,-0.960558891296387,-0.00152060098480433,0,0,0,0,0,38
3,5026,757.797524,-0.958250939846039,-0.00149447086732835,0,0,0,0,0,38
3,5027,757.957524,-0.957649707794189,-0.00147495104465634,0,0,0,0,0,38
3,5028,758.117524,-0.95315009355545,-0.0014571420615539,0,0,0,0,0,38
3,5029,758.277524,-0.954682290554047,-0.00148051138967276,0,0,0,0,0,38
3,5030,758.437524,-0.953887104988098,-0.0014901157701388,0,0,0,0,0,38
3,5031,758.597524,-0.950434863567352,-0.00147440657019615,0,0,0,0,0,38
3,5032,758.757524,-0.949542701244354,-0.00148871599230915,0,0,0,0,0,38
3,5033,758.917524,-0.947913527488709,-0.00147359003312886,0,0,0,0,0,38
3,5034,759.077524,-0.944364309310913,-0.00144730438478291,0,0,0,0,0,38
3,5035,759.237524,-0.944790959358215,-0.00144415476825088,0,0,0,0,0,38
3,5036,759.397524,-0.942133903503418,-0.00142012431751937,0,0,0,0,0,38
3,5037,759.557524,-0.940621137619019,-0.00140511500649154,0,0,0,0,0,38
3,5038,759.717524,-0.938157975673676,-0.00139131105970591,0,0,0,0,0,38
3,5039,759.877524,-0.938235580921173,-0.00142187403980643,0,0,0,0,0,38
3,5040,760.037524,-0.934744536876678,-0.00139659934211522,0,0,0,0,0,38
3,5041,760.197524,-0.936160326004028,-0.00139936013147235,0,0,0,0,0,38
3,5042,760.357524,-0.934511780738831,-0.00137637951411307,0,0,0,0,0,38
3,5043,760.517524,-0.931137084960938,-0.00134570000227541,0,0,0,0,0,38
3,5044,760.677524,-0.929275214672089,-0.00140258751343936,0,0,0,0,0,38
3,5045,760.837524,-0.928790330886841,-0.00138512847479433,0,0,0,0,0,38
3,5046,760.997524,-0.926462948322296,-0.00137218006420881,0,0,0,0,0,38
3,5047,761.157524,-0.925512611865997,-0.00135036604478955,0,0,0,0,0,38
3,5048,761.317524,-0.923340439796448,-0.00132551905699074,0,0,0,0,0,38
3,5049,761.477524,-0.922525823116302,-0.00130790448747575,0,0,0,0,0,38
3,5050,761.637524,-0.929255843162537,-0.00134748860727996,0,0,0,0,0,38
3,5051,761.797524,-0.920566976070404,-0.00129530602134764,0,0,0,0,0,38
3,5052,761.957524,-0.91688197851181,-0.00128889014013112,0,0,0,0,0,38
3,5053,762.117524,-0.915194630622864,-0.0013080989010632,0,0,0,0,0,38
3,5054,762.277524,-0.913487911224365,-0.0012921952875331,0,0,0,0,0,38
3,5055,762.437524,-0.91125750541687,-0.00127570843324065,0,0,0,0,0,38
3,5056,762.597524,-0.91075325012207,-0.0012697980273515,0,0,0,0,0,38
3,5057,762.757524,-0.907591938972473,-0.00124409550335258,0,0,0,0,0,38
3,5058,762.917524,-0.906195521354675,-0.00122438126709312,0,0,0,0,0,38
3,5059,763.077524,-0.906311869621277,-0.00121994968503714,0,0,0,0,0,38
3,5060,763.237524,-0.901308059692383,-0.0011876542121172,0,0,0,0,0,38
3,5061,763.397524,-0.903887510299683,-0.00119641865603626,0,0,0,0,0,38
3,5062,763.557524,-0.902219593524933,-0.0011729069519788,0,0,0,0,0,38
3,5063,763.717524,-0.901521384716034,-0.0011685345089063,0,0,0,0,0,38
3,5064,763.877524,-0.895741760730743,-0.00112795317545533,0,0,0,0,0,38
3,5065,764.037524,-0.897739410400391,-0.0011353949084878,0,0,0,0,0,38
3,5066,764.197524,-0.89413195848465,-0.00112651765812188,0,0,0,0,0,38
3,5067,764.357524,-0.893298029899597,-0.00112435093615204,0,0,0,0,0,38
3,5068,764.517524,-0.891610682010651,-0.00113918771967292,0,0,0,0,0,38
3,5069,764.677524,-0.889768183231354,-0.00112827599514276,0,0,0,0,0,38
3,5070,764.837524,-0.887828707695007,-0.000951930764131248,0,0,0,0,0,38
3,5071,764.997524,-0.888119637966156,-0.000915305630769581,0,0,0,0,0,38
3,5072,765.157524,-0.885481953620911,-0.000901764258742332,0,0,0,0,0,38
3,5073,765.317524,-0.885889232158661,-0.000894544296897948,0,0,0,0,0,38
3,5074,765.477524,-0.880633234977722,-0.000862976245116442,0,0,0,0,0,38
3,5075,765.637524,-0.882805466651917,-0.000881329644471407,0,0,0,0,0,38
3,5076,765.797524,-0.878635585308075,-0.000854320824146271,0,0,0,0,0,38
3,5077,765.957524,-0.877782225608826,-0.000848322291858494,0,0,0,0,0,38
3,5078,766.117524,-0.87316632270813,-0.000854507554322481,0,0,0,0,0,38
3,5079,766.277524,-0.873302042484283,-0.000851092045195401,0,0,0,0,0,38
3,5080,766.437524,-0.870489835739136,-0.000900577811989933,0,0,0,0,0,38
3,5081,766.597524,-0.871343195438385,-0.000909913971554488,0,0,0,0,0,38
3,5082,766.757524,-0.870315253734589,-0.000899683043826371,0,0,0,0,0,38
3,5083,766.917524,-0.86694061756134,-0.00088750320719555,0,0,0,0,0,38
3,5084,767.077524,-0.865253269672394,-0.000875657889991999,0,0,0,0,0,38
3,5085,767.237524,-0.864244699478149,-0.000883115222677588,0,0,0,0,0,38
3,5086,767.397524,-0.861587643623352,-0.000866166141349822,0,0,0,0,0,38
3,5087,767.557524,-0.862518608570099,-0.000867990544065833,0,0,0,0,0,38
3,5088,767.717524,-0.858523309230804,-0.000846462848130614,0,0,0,0,0,38
3,5089,767.877524,-0.859628796577454,-0.000854301382787526,0,0,0,0,0,38
3,5090,768.037524,-0.855517089366913,-0.000832707504741848,0,0,0,0,0,38
3,5091,768.197524,-0.854877054691315,-0.000843805901240557,0,0,0,0,0,38
3,5092,768.357524,-0.854062497615814,-0.000844062655232847,0,0,0,0,0,38
3,5093,768.517524,-0.850746035575867,-0.000841919216327369,0,0,0,0,0,38
3,5094,768.677524,-0.850784778594971,-0.000850170094054192,0,0,0,0,0,38
3,5095,768.837524,-0.847061038017273,-0.000831128156278282,0,0,0,0,0,38
3,5096,768.997524,-0.846110641956329,-0.000826281087938696,0,0,0,0,0,38
3,5097,769.157524,-0.845373690128326,-0.000818882137537003,0,0,0,0,0,38
3,5098,769.317524,-0.844054818153381,-0.000809942721389234,0,0,0,0,0,38
3,5099,769.477524,-0.843453586101532,-0.000810195575468242,0,0,0,0,0,38
3,5100,769.637524,-0.840932309627533,-0.000808943004813045,0,0,0,0,0,38
3,5101,769.797524,-0.841940820217133,-0.000808954646345228,0,0,0,0,0,38
3,5102,769.957524,-0.836296916007996,-0.000779693480581045,0,0,0,0,0,38
3,5103,770.117524,-0.836335718631744,-0.000784330419264734,0,0,0,0,0,38
3,5104,770.277524,-0.832165896892548,-0.000761071627493948,0,0,0,0,0,38
3,5105,770.437524,-0.832398593425751,-0.000762106385082006,0,0,0,0,0,38
3,5106,770.597524,-0.831409454345703,-0.000759982387535274,0,0,0,0,0,38
3,5107,770.757524,-0.828054189682007,-0.000740847084671259,0,0,0,0,0,38
3,5108,770.917524,-0.82646381855011,-0.000736206246074289,0,0,0,0,0,38
3,5109,771.077524,-0.82520318031311,-0.000733806053176522,0,0,0,0,0,38
3,5110,771.237524,-0.826075911521912,-0.000737816735636443,0,0,0,0,0,38
3,5111,771.397524,-0.822138786315918,-0.000720762589480728,0,0,0,0,0,38
3,5112,771.557524,-0.819598078727722,-0.000717806105967611,0,0,0,0,0,38
3,5113,771.717524,-0.817968964576721,-0.000710146559868008,0,0,0,0,0,38
3,5114,771.877524,-0.818880498409271,-0.000716452370397747,0,0,0,0,0,38
3,5115,772.037524,-0.816029489040375,-0.000701985147316009,0,0,0,0,0,38
3,5116,772.197524,-0.81385725736618,-0.000691874825861305,0,0,0,0,0,38
3,5117,772.357524,-0.81436151266098,-0.000693232461344451,0,0,0,0,0,38
3,5118,772.517524,-0.811045050621033,-0.000679885619319975,0,0,0,0,0,38
3,5119,772.677524,-0.811006247997284,-0.000674544542562217,0,0,0,0,0,38
3,5120,772.837524,-0.806836366653442,-0.000655230251140893,0,0,0,0,0,38
3,5121,772.997524,-0.805944204330444,-0.000654716743156314,0,0,0,0,0,38
3,5122,773.157524,-0.804741740226746,-0.000649931957013905,0,0,0,0,0,38
3,5123,773.317524,-0.806157529354095,-0.000658490171190351,0,0,0,0,0,38
3,5124,773.477524,-0.803228974342346,-0.000649924157187343,0,0,0,0,0,38
3,5125,773.637524,-0.799156069755554,-0.000632434384897351,0,0,0,0,0,38
3,5126,773.797524,-0.79748809337616,-0.000627832429017872,0,0,0,0,0,38
3,5127,773.957524,-0.794501304626465,-0.000615959870629013,0,0,0,0,0,38
3,5128,774.117524,-0.792581260204315,-0.000609206676017493,0,0,0,0,0,38
3,5129,774.277524,-0.794171631336212,-0.000619099184405059,0,0,0,0,0,38
3,5130,774.437524,-0.789206564426422,-0.000594906741753221,0,0,0,0,0,38
3,5131,774.597524,-0.791126668453217,-0.000605207693297416,0,0,0,0,0,38
3,5132,774.757524,-0.788973808288574,-0.000598139420617372,0,0,0,0,0,38
3,5133,774.917524,-0.787558019161224,-0.000594735553022474,0,0,0,0,0,38
3,5134,775.077524,-0.78472638130188,-0.000582178414333612,0,0,0,0,0,38
3,5135,775.237524,-0.784900963306427,-0.000584924768190831,0,0,0,0,0,38
3,5136,775.397524,-0.784008800983429,-0.000580731255467981,0,0,0,0,0,38
3,5137,775.557524,-0.778927385807037,-0.000558483880013227,0,0,0,0,0,38
3,5138,775.717524,-0.779741942882538,-0.000570068543311208,0,0,0,0,0,38
3,5139,775.877524,-0.778403699398041,-0.000567038194276392,0,0,0,0,0,38
3,5140,776.037524,-0.775513887405396,-0.000563708250410855,0,0,0,0,0,38
3,5141,776.197524,-0.776289701461792,-0.000568940420635045,0,0,0,0,0,38
3,5142,776.357524,-0.771673738956451,-0.000549093238078058,0,0,0,0,0,38
3,5143,776.517524,-0.771227657794952,-0.000548960990272462,0,0,0,0,0,38
3,5144,776.677524,-0.772333145141602,-0.000553683552425355,0,0,0,0,0,38
3,5145,776.837524,-0.767794787883759,-0.000538142630830407,0,0,0,0,0,38
3,5146,776.997524,-0.770374298095703,-0.000552469806279987,0,0,0,0,0,38
3,5147,777.157524,-0.765060126781464,-0.000526822521351278,0,0,0,0,0,38
3,5148,777.317524,-0.75980418920517,-0.000530560850165784,0,0,0,0,0,38
3,5149,777.477524,-0.757864713668823,-0.000520057626999915,0,0,0,0,0,38
3,5150,777.637524,-0.761394560337067,-0.00054097460815683,0,0,0,0,0,38
3,5151,777.797524,-0.757922887802124,-0.000523904920555651,0,0,0,0,0,38
3,5152,777.957524,-0.767309963703156,-0.000575864803977311,0,0,0,0,0,38
3,5153,778.117524,-0.755401611328125,-0.000517879205290228,0,0,0,0,0,38
3,5154,778.277524,-0.753113031387329,-0.000507764983922243,0,0,0,0,0,38
3,5155,778.437524,-0.752938449382782,-0.000510301324538887,0,0,0,0,0,38
3,5156,778.597524,-0.751154124736786,-0.000505578762385994,0,0,0,0,0,38
3,5157,778.757524,-0.750785648822784,-0.000506461830809712,0,0,0,0,0,38
3,5158,778.917524,-0.746441245079041,-0.000484930205857381,0,0,0,0,0,38
3,5159,779.077524,-0.747275173664093,-0.000492134655360132,0,0,0,0,0,38
3,5160,779.237524,-0.74349319934845,-0.000476084154797718,0,0,0,0,0,38
3,5161,779.397524,-0.7405064702034,-0.000466755736852065,0,0,0,0,0,38
3,5162,779.557524,-0.737829983234406,-0.000454194669146091,0,0,0,0,0,38
3,5163,779.717524,-0.739556074142456,-0.000464231066871434,0,0,0,0,0,38
3,5164,779.877524,-0.738062679767609,-0.000508815282955766,0,0,0,0,0,38
3,5165,780.037524,-0.73620080947876,-0.000514665967784822,0,0,0,0,0,38
3,5166,780.197524,-0.734571635723114,-0.000507080345414579,0,0,0,0,0,38
3,5167,780.357524,-0.731856405735016,-0.000492406950797886,0,0,0,0,0,38
3,5168,780.517524,-0.730673313140869,-0.000491057056933641,0,0,0,0,0,38
3,5169,780.677524,-0.726755559444427,-0.00047119043301791,0,0,0,0,0,38
3,5170,780.837524,-0.728268384933472,-0.000483012379845604,0,0,0,0,0,38
3,5171,780.997524,-0.729606628417969,-0.000496098655276001,0,0,0,0,0,38
3,5172,781.157524,-0.724641561508179,-0.000471665029181167,0,0,0,0,0,38
3,5173,781.317524,-0.723303318023682,-0.000467514299089089,0,0,0,0,0,38
3,5174,781.477524,-0.721344470977783,-0.000458672147942707,0,0,0,0,0,38
3,5175,781.637524,-0.719017088413239,-0.000448962498921901,0,0,0,0,0,38
3,5176,781.797524,-0.717775821685791,-0.000450997002189979,0,0,0,0,0,38
3,5177,781.957524,-0.715351521968842,-0.000436911010183394,0,0,0,0,0,38
3,5178,782.117524,-0.717446148395538,-0.000455283880000934,0,0,0,0,0,38
3,5179,782.277524,-0.713024139404297,-0.000432087312219664,0,0,0,0,0,38
3,5180,782.437524,-0.710502803325653,-0.000419763528043404,0,0,0,0,0,38
3,5181,782.597524,-0.710056722164154,-0.000420794414822012,0,0,0,0,0,38
3,5182,782.757524,-0.708970606327057,-0.000422393233748153,0,0,0,0,0,38
3,5183,782.917524,-0.706100225448608,-0.000410100561566651,0,0,0,0,0,38
3,5184,783.077524,-0.704606831073761,-0.000404946214985102,0,0,0,0,0,38
3,5185,783.237524,-0.703520715236664,-0.000403137324610725,0,0,0,0,0,38
3,5186,783.397524,-0.701445460319519,-0.000395256007323042,0,0,0,0,0,38
3,5187,783.557524,-0.700689077377319,-0.000397099909605458,0,0,0,0,0,38
3,5188,783.717524,-0.69993269443512,-0.000394660833990201,0,0,0,0,0,38
3,5189,783.877524,-0.700786054134369,-0.000406525563448668,0,0,0,0,0,38
3,5190,784.037524,-0.696364045143127,-0.000382792175514624,0,0,0,0,0,38
3,5191,784.197524,-0.69320273399353,-0.000370503403246403,0,0,0,0,0,38
3,5192,784.357524,-0.693396687507629,-0.000377112650312483,0,0,0,0,0,38
3,5193,784.517524,-0.690254747867584,-0.000362836057320237,0,0,0,0,0,38
3,5194,784.677524,-0.68883889913559,-0.000356366857886314,0,0,0,0,0,38
3,5195,784.837524,-0.688800156116486,-0.000361532875103876,0,0,0,0,0,38
3,5196,784.997524,-0.686977028846741,-0.000356308504706249,0,0,0,0,0,38
3,5197,785.157524,-0.685949087142944,-0.000355211494024843,0,0,0,0,0,38
3,5198,785.317524,-0.683350205421448,-0.000346077576978132,0,0,0,0,0,38
3,5199,785.477524,-0.681119799613953,-0.000336686905939132,0,0,0,0,0,38
3,5200,785.637524,-0.680091917514801,-0.000334485142957419,0,0,0,0,0,38
3,5201,785.797524,-0.678307592868805,-0.000327642483171076,0,0,0,0,0,38
3,5202,785.957524,-0.677609384059906,-0.000331598683260381,0,0,0,0,0,38
3,5203,786.117524,-0.675126850605011,-0.00031849299557507,0,0,0,0,0,38
3,5204,786.277524,-0.67532080411911,-0.000327012268826365,0,0,0,0,0,38
3,5205,786.437524,-0.673032224178314,-0.000319586106343195,0,0,0,0,0,38
3,5206,786.597524,-0.670801818370819,-0.000310592236928642,0,0,0,0,0,38
3,5207,786.757524,-0.67060786485672,-0.000315198092721403,0,0,0,0,0,38
3,5208,786.917524,-0.66837751865387,-0.000307231210172176,0,0,0,0,0,38
3,5209,787.077524,-0.665138602256775,-0.000292970158625394,0,0,0,0,0,38
3,5210,787.237524,-0.665196776390076,-0.000299167062621564,0,0,0,0,0,38
3,5211,787.397524,-0.664711892604828,-0.000300656975014135,0,0,0,0,0,38
3,5212,787.557524,-0.660929918289185,-0.000285427289782092,0,0,0,0,0,38
3,5213,787.717524,-0.661337196826935,-0.000293273595161736,0,0,0,0,0,38
3,5214,787.877524,-0.654587864875793,-0.000260480184806511,0,0,0,0,0,38
3,5215,788.037524,-0.652745366096497,-0.000255644816206768,0,0,0,0,0,38
3,5216,788.197524,-0.654141783714294,-0.000267828552750871,0,0,0,0,0,38
3,5217,788.357524,-0.653462946414948,-0.000270217075012624,0,0,0,0,0,38
3,5218,788.517524,-0.651930749416351,-0.000264689268078655,0,0,0,0,0,38
3,5219,788.677524,-0.64518141746521,-0.000233210710575804,0,0,0,0,0,38
3,5220,788.837524,-0.646985113620758,-0.000247996911639348,0,0,0,0,0,38
3,5221,788.997524,-0.645782649517059,-0.000248140859184787,0,0,0,0,0,38
3,5222,789.157524,-0.646539032459259,-0.000256080500548705,0,0,0,0,0,38
3,5223,789.317524,-0.63864541053772,-0.000213896448258311,0,0,0,0,0,38
3,5224,789.477524,-0.642194628715515,-0.000241640518652275,0,0,0,0,0,38
3,5225,789.637524,-0.639188468456268,-0.000231825833907351,0,0,0,0,0,38
3,5226,789.797524,-0.639091491699219,-0.000237614280194975,0,0,0,0,0,38
3,5227,789.957524,-0.635309517383575,-0.000220863585127518,0,0,0,0,0,38
3,5228,790.117524,-0.637423515319824,-0.000239886096096598,0,0,0,0,0,38
3,5229,790.277524,-0.635542213916779,-0.000233494691201486,0,0,0,0,0,38
3,5230,790.437524,-0.631818473339081,-0.000219801586354151,0,0,0,0,0,38
3,5231,790.597524,-0.630208671092987,-0.000217152453842573,0,0,0,0,0,38
3,5232,790.757524,-0.628172278404236,-0.000211115038837306,0,0,0,0,0,38
3,5233,790.917524,-0.630150496959686,-0.000228457021876238,0,0,0,0,0,38
3,5234,791.077524,-0.626349151134491,-0.00021097889111843,0,0,0,0,0,38
3,5235,791.237524,-0.624273896217346,-0.000208333629416302,0,0,0,0,0,38
3,5236,791.397524,-0.622412025928497,-0.000201315924641676,0,0,0,0,0,38
3,5237,791.557524,-0.622644782066345,-0.000210862184758298,0,0,0,0,0,38
3,5238,791.717524,-0.619541585445404,-0.000197083514649421,0,0,0,0,0,38
3,5239,791.877524,-0.618183970451355,-0.000195858126971871,0,0,0,0,0,38
3,5240,792.037524,-0.616574227809906,-0.000192909443285316,0,0,0,0,0,38
3,5241,792.197524,-0.613412857055664,-0.000182293413672596,0,0,0,0,0,38
3,5242,792.357524,-0.613432288169861,-0.000186234072316438,0,0,0,0,0,38
3,5243,792.517524,-0.612889230251312,-0.00019294056983199,0,0,0,0,0,38
3,5244,792.677524,-0.612268567085266,-0.000194889507838525,0,0,0,0,0,38
3,5245,792.837524,-0.607536256313324,-0.000174089233041741,0,0,0,0,0,38
3,5246,792.997524,-0.608331441879272,-0.000183347627171315,0,0,0,0,0,38
3,5247,793.157524,-0.60319185256958,-0.000163652133778669,0,0,0,0,0,38
3,5248,793.317524,-0.599468052387238,-0.000147426602779888,0,0,0,0,0,38
3,5249,793.477524,-0.601543307304382,-0.000167269914527424,0,0,0,0,0,38
3,5250,793.637524,-0.598265588283539,-0.000153677960042842,0,0,0,0,0,38
3,5251,793.797524,-0.599409878253937,-0.000168600323377177,0,0,0,0,0,38
3,5252,793.957524,-0.596869170665741,-0.000161921052495018,0,0,0,0,0,38
3,5253,794.117524,-0.595627903938293,-0.000160598414367996,0,0,0,0,0,38
3,5254,794.277524,-0.594212114810944,-0.000158524999278598,0,0,0,0,0,38
3,5255,794.437524,-0.588742792606354,-0.000134282003273256,0,0,0,0,0,38
3,5256,794.597524,-0.591613233089447,-0.000159598668687977,0,0,0,0,0,38
3,5257,794.757524,-0.588529467582703,-0.000148317427374423,0,0,0,0,0,38
3,5258,794.917524,-0.588122189044952,-0.000154008623212576,0,0,0,0,0,38
3,5259,795.077524,-0.586046934127808,-0.000147298225783743,0,0,0,0,0,38
3,5260,795.237524,-0.585911154747009,-0.00015441318100784,0,0,0,0,0,38
3,5261,795.397524,-0.583777725696564,-0.000148305756738409,0,0,0,0,0,38
3,5262,795.557524,-0.577784776687622,-0.000123700985568576,0,0,0,0,0,38
3,5263,795.717524,-0.57817268371582,-0.000132562592625618,0,0,0,0,0,38
3,5264,795.877524,-0.579006671905518,-0.000143610421218909,0,0,0,0,0,38
3,5265,796.037524,-0.578056275844574,-0.000145687736221589,0,0,0,0,0,38
3,5266,796.197524,-0.572160303592682,-0.000119515250844415,0,0,0,0,0,38
3,5267,796.357524,-0.574778616428375,-0.000142462857184,0,0,0,0,0,38
3,5268,796.517524,-0.570472955703735,-0.000122300552902743,0,0,0,0,0,38
3,5269,796.677524,-0.570220828056335,-0.000129485531942919,0,0,0,0,0,38
3,5270,796.837524,-0.567311644554138,-0.000120071534183808,0,0,0,0,0,38
3,5271,796.997524,-0.566613435745239,-0.000124249490909278,0,0,0,0,0,38
3,5272,797.157524,-0.565682470798492,-0.000126182858366519,0,0,0,0,0,38
3,5273,797.317524,-0.563587844371796,-0.000121265788038727,0,0,0,0,0,38
3,5274,797.477524,-0.562501728534698,-0.000123615405755118,0,0,0,0,0,38
3,5275,797.637524,-0.560213148593903,-0.000117842515464872,0,0,0,0,0,38
3,5276,797.797524,-0.559417963027954,-0.000121211327495985,0,0,0,0,0,38
3,5277,797.957524,-0.555597245693207,-0.000106199498986825,0,0,0,0,0,38
3,5278,798.117524,-0.55542266368866,-0.000113322239485569,0,0,0,0,0,38
3,5279,798.277524,-0.553987443447113,-0.000114114955067635,0,0,0,0,0,38
3,5280,798.437524,-0.552047967910767,-0.000108241933048703,0,0,0,0,0,38
3,5281,798.597524,-0.550864934921265,-0.000108970867586322,0,0,0,0,0,38
3,5282,798.757524,-0.549371540546417,-0.000107578278402798,0,0,0,0,0,38
3,5283,798.917524,-0.546947181224823,-0.00010457629832672,0,0,0,0,0,38
3,5284,799.077524,-0.545589566230774,-0.000104484599432908,0,0,0,0,0,38
3,5285,799.237524,-0.544018566608429,-0.000103766549727879,0,0,0,0,0,38
3,5286,799.397524,-0.541962742805481,-0.000101196252217051,0,0,0,0,0,38
3,5287,799.557524,-0.540992975234985,-0.00010178996308241,0,0,0,0,0,38
3,5288,799.717524,-0.539053559303284,-9.94154979707673E-05,0,0,0,0,0,38
3,5289,799.877524,-0.537928640842438,-0.000101821824500803,0,0,0,0,0,38
3,5290,800.037524,-0.535911560058594,-9.72053967416286E-05,0,0,0,0,0,38
3,5291,800.197524,-0.534631550312042,-9.75721923168749E-05,0,0,0,0,0,38
3,5292,800.357524,-0.532963573932648,-9.5067560323514E-05,0,0,0,0,0,38
3,5293,800.517524,-0.530849575996399,-9.18779041967355E-05,0,0,0,0,0,38
3,5294,800.677524,-0.5298992395401,-9.37534641707316E-05,0,0,0,0,0,38
3,5295,800.837524,-0.528347671031952,-9.25372878555208E-05,0,0,0,0,0,38
3,5296,800.997524,-0.527261555194855,-9.61628975346684E-05,0,0,0,0,0,38
3,5297,801.157524,-0.52508932352066,-9.15344207896851E-05,0,0,0,0,0,38
3,5298,801.317524,-0.523343801498413,-8.89602379174903E-05,0,0,0,0,0,38
3,5299,801.477524,-0.522121965885162,-8.94043623702601E-05,0,0,0,0,0,38
3,5300,801.637524,-0.520550966262817,-8.87923815753311E-05,0,0,0,0,0,38
3,5301,801.797524,-0.519115746021271,-8.83202883414924E-05,0,0,0,0,0,38
3,5302,801.957524,-0.517292678356171,-8.62757078721188E-05,0,0,0,0,0,38
3,5303,802.117524,-0.515314400196075,-8.39031854411587E-05,0,0,0,0,0,38
3,5304,802.277524,-0.513782203197479,-8.41600194689818E-05,0,0,0,0,0,38
3,5305,802.437524,-0.512308239936829,-8.3345606981311E-05,0,0,0,0,0,38
3,5306,802.597524,-0.510213613510132,-7.97137763584033E-05,0,0,0,0,0,38
3,5307,802.757524,-0.509670555591583,-8.3210390585009E-05,0,0,0,0,0,38
3,5308,802.917524,-0.506819486618042,-7.54431603127159E-05,0,0,0,0,0,38
3,5309,803.077524,-0.505966126918793,-8.00397756393068E-05,0,0,0,0,0,38
3,5310,803.237524,-0.504724860191345,-8.09113043942489E-05,0,0,0,0,0,38
3,5311,803.397524,-0.502727210521698,-7.65738586778753E-05,0,0,0,0,0,38
3,5312,803.557524,-0.501621723175049,-8.00168490968645E-05,0,0,0,0,0,38
3,5313,803.717524,-0.499546498060226,-7.77123277657665E-05,0,0,0,0,0,38
3,5314,803.877524,-0.497878551483154,-7.37230220693164E-05,0,0,0,0,0,38
3,5315,804.037524,-0.496540307998657,-7.80725167714991E-05,0,0,0,0,0,38
3,5316,804.197524,-0.494057774543762,-7.3208189860452E-05,0,0,0,0,0,38
3,5317,804.357524,-0.493514746427536,-7.63372299843468E-05,0,0,0,0,0,38
3,5318,804.517524,-0.491497695446014,-7.3596354923211E-05,0,0,0,0,0,38
3,5319,804.677524,-0.489383667707443,-7.10925014573149E-05,0,0,0,0,0,38
3,5320,804.837524,-0.488782435655594,-7.68536192481406E-05,0,0,0,0,0,38
3,5321,804.997524,-0.486532628536224,-7.13722620275803E-05,0,0,0,0,0,38
3,5322,805.157524,-0.484903484582901,-7.1168273279909E-05,0,0,0,0,0,38
3,5323,805.317524,-0.482964009046555,-6.94209375069477E-05,0,0,0,0,0,38
3,5324,805.477524,-0.482323974370956,-7.38893286325037E-05,0,0,0,0,0,38
3,5325,805.637524,-0.480074197053909,-7.14181151124649E-05,0,0,0,0,0,38
3,5326,805.797524,-0.478677779436111,-7.14282141416334E-05,0,0,0,0,0,38
3,5327,805.957524,-0.477106809616089,-6.92678440827876E-05,0,0,0,0,0,38
3,5328,806.117524,-0.475865542888641,-6.99606389389373E-05,0,0,0,0,0,38
3,5329,806.277524,-0.474178194999695,-6.87374631525017E-05,0,0,0,0,0,38
3,5330,806.437524,-0.472490876913071,-6.76522322464734E-05,0,0,0,0,0,38
3,5331,806.597524,-0.471152633428574,-7.04684789525345E-05,0,0,0,0,0,38
3,5332,806.757524,-0.468922227621078,-6.51918962830678E-05,0,0,0,0,0,38
3,5333,806.917524,-0.467816740274429,-6.63711616653018E-05,0,0,0,0,0,38
3,5334,807.077524,-0.465954840183258,-6.76281415508129E-05,0,0,0,0,0,38
3,5335,807.237524,-0.464112341403961,-6.3401043007616E-05,0,0,0,0,0,38
3,5336,807.397524,-0.462987452745438,-6.63971950416453E-05,0,0,0,0,0,38
3,5337,807.557524,-0.46124193072319,-6.72562891850248E-05,0,0,0,0,0,38
3,5338,807.717524,-0.459108501672745,-6.38132987660356E-05,0,0,0,0,0,38
3,5339,807.877524,-0.458196967840195,-6.59997022012249E-05,0,0,0,0,0,38
3,5340,808.037524,-0.456335067749023,-6.34053139947355E-05,0,0,0,0,0,38
3,5341,808.197524,-0.454783499240875,-6.33967647445388E-05,0,0,0,0,0,38
3,5342,808.357524,-0.453115552663803,-6.24541280558333E-05,0,0,0,0,0,38
3,5343,808.517524,-0.451447606086731,-6.11497453064658E-05,0,0,0,0,0,38
3,5344,808.677524,-0.449973613023758,-6.2971688748803E-05,0,0,0,0,0,38
3,5345,808.837524,-0.448014736175537,-6.08187001489569E-05,0,0,0,0,0,38
3,5346,808.997524,-0.446598917245865,-6.28154884907417E-05,0,0,0,0,0,38
3,5347,809.157524,-0.445066750049591,-6.19746497250162E-05,0,0,0,0,0,38
3,5348,809.317524,-0.443263024091721,-5.86404530622531E-05,0,0,0,0,0,38
3,5349,809.477524,-0.441963583230972,-6.14182426943444E-05,0,0,0,0,0,38
3,5350,809.637524,-0.440237462520599,-5.9984467952745E-05,0,0,0,0,0,38
3,5351,809.797524,-0.438511312007904,-6.00645107624587E-05,0,0,0,0,0,38
3,5352,809.957524,-0.437347650527954,-5.97789221501444E-05,0,0,0,0,0,38
3,5353,810.117524,-0.436086982488632,-6.45702020847239E-05,0,0,0,0,0,38
3,5354,810.277524,-0.433856576681137,-5.92831274843775E-05,0,0,0,0,0,38
3,5355,810.437524,-0.432460159063339,-5.91137140872888E-05,0,0,0,0,0,38
3,5356,810.597524,-0.430714637041092,-5.95593883190304E-05,0,0,0,0,0,38
3,5357,810.757524,-0.429415196180344,-6.07071815466043E-05,0,0,0,0,0,38
3,5358,810.917524,-0.427436947822571,-5.78897634113673E-05,0,0,0,0,0,38
3,5359,811.077524,-0.425322920084,-5.66980634175707E-05,0,0,0,0,0,38
3,5360,811.237524,-0.423965275287628,-5.76197198824957E-05,0,0,0,0,0,38
3,5361,811.397524,-0.42241370677948,-5.6430737458868E-05,0,0,0,0,0,38
3,5362,811.557524,-0.421540945768356,-5.85709021834191E-05,0,0,0,0,0,38
3,5363,811.717524,-0.419271767139435,-5.55774677195586E-05,0,0,0,0,0,38
3,5364,811.877524,-0.417778372764587,-5.57227904209867E-05,0,0,0,0,0,38
3,5365,812.037524,-0.416420727968216,-5.61210581508931E-05,0,0,0,0,0,38
3,5366,812.197524,-0.414714008569717,-5.70737975067459E-05,0,0,0,0,0,38
3,5367,812.357524,-0.413143038749695,-5.60079897695687E-05,0,0,0,0,0,38
3,5368,812.517524,-0.411746621131897,-5.74153382331133E-05,0,0,0,0,0,38
3,5369,812.677524,-0.409458041191101,-5.17770058650058E-05,0,0,0,0,0,38
3,5370,812.837524,-0.408313751220703,-5.57227904209867E-05,0,0,0,0,0,38
3,5371,812.997524,-0.406607002019882,-5.62562781851739E-05,0,0,0,0,0,38
3,5372,813.157524,-0.40453177690506,-5.2501662139548E-05,0,0,0,0,0,38
3,5373,813.317524,-0.404066294431686,-5.74534169572871E-05,0,0,0,0,0,38
3,5374,813.477524,-0.402534127235413,-5.62624918529764E-05,0,0,0,0,0,38
3,5375,813.637524,-0.399799466133118,-5.24729075550567E-05,0,0,0,0,0,38
3,5376,813.797524,-0.399605512619019,-5.90294002904557E-05,0,0,0,0,0,38
3,5377,813.957524,-0.397569090127945,-5.58560641366057E-05,0,0,0,0,0,38
3,5378,814.117524,-0.395396858453751,-5.30829420313239E-05,0,0,0,0,0,38
3,5379,814.277524,-0.393806517124176,-5.37069608981255E-05,0,0,0,0,0,38
3,5380,814.437524,-0.392080366611481,-5.26252224517521E-05,0,0,0,0,0,38
3,5381,814.597524,-0.390742152929306,-5.3962241508998E-05,0,0,0,0,0,38
3,5382,814.757524,-0.389016002416611,-5.36646075488534E-05,0,0,0,0,0,38
3,5383,814.917524,-0.387445032596588,-5.26539770362433E-05,0,0,0,0,0,38
3,5384,815.077524,-0.38604861497879,-5.09629790030885E-05,0,0,0,0,0,38
3,5385,815.237524,-0.384070366621017,-5.20151916134637E-05,0,0,0,0,0,38
3,5386,815.397524,-0.382286041975021,-4.96780266985297E-05,0,0,0,0,0,38
3,5387,815.557524,-0.381180554628372,-5.34132122993469E-05,0,0,0,0,0,38
3,5388,815.717524,-0.379396229982376,-5.26598050782923E-05,0,0,0,0,0,38
3,5389,815.877524,-0.377786457538605,-5.09773562953342E-05,0,0,0,0,0,38
3,5390,816.037524,-0.37644824385643,-5.36479019501712E-05,0,0,0,0,0,38
3,5391,816.197524,-0.375148773193359,-5.27448974025901E-05,0,0,0,0,0,38
3,5392,816.357524,-0.372433513402939,-4.88399127789307E-05,0,0,0,0,0,38
3,5393,816.517524,-0.37132802605629,-5.11452126374934E-05,0,0,0,0,0,38
3,5394,816.677524,-0.369815230369568,-5.08743905811571E-05,0,0,0,0,0,38
3,5395,816.837524,-0.368845492601395,-5.37151208845899E-05,0,0,0,0,0,38
3,5396,816.997524,-0.366673290729523,-4.95140557177365E-05,0,0,0,0,0,38
3,5397,817.157524,-0.364733815193176,-4.97304827149492E-05,0,0,0,0,0,38
3,5398,817.317524,-0.363317996263504,-4.99845955346245E-05,0,0,0,0,0,38
3,5399,817.477524,-0.361979782581329,-5.2291841711849E-05,0,0,0,0,0,38
3,5400,817.637524,-0.359962731599808,-4.88434088765644E-05,0,0,0,0,0,38
3,5401,817.797524,-0.359031766653061,-5.24935021530837E-05,0,0,0,0,0,38
3,5402,817.957524,-0.356491059064865,-4.71632920380216E-05,0,0,0,0,0,38
3,5403,818.117524,-0.35540497303009,-4.89797930640634E-05,0,0,0,0,0,38
3,5404,818.277524,-0.354377061128616,-5.07663717144169E-05,0,0,0,0,0,38
3,5405,818.437524,-0.352321207523346,-4.92649924126454E-05,0,0,0,0,0,38
3,5406,818.597524,-0.351079940795898,-5.02352158946451E-05,0,0,0,0,0,38
3,5407,818.757524,-0.348655611276627,-4.82325995108113E-05,0,0,0,0,0,38
3,5408,818.917524,-0.34737554192543,-4.78825095342472E-05,0,0,0,0,0,38
3,5409,819.077524,-0.345591247081757,-4.64013355667703E-05,0,0,0,0,0,38
3,5410,819.237524,-0.344873636960983,-5.15858373546507E-05,0,0,0,0,0,38
3,5411,819.397524,-0.343031138181686,-4.98559857078362E-05,0,0,0,0,0,38
3,5412,819.557524,-0.341169238090515,-4.84595148009248E-05,0,0,0,0,0,38
3,5413,819.717524,-0.339404314756393,-4.93419247504789E-05,0,0,0,0,0,38
3,5414,819.877524,-0.338085472583771,-4.77915891679004E-05,0,0,0,0,0,38
3,5415,820.037524,-0.336766630411148,-4.90520615130663E-05,0,0,0,0,0,38
3,5416,820.197524,-0.334885358810425,-5.0659517000895E-05,0,0,0,0,0,38
3,5417,820.357524,-0.332461029291153,-4.43621938757133E-05,0,0,0,0,0,38
3,5418,820.517524,-0.331452488899231,-4.82893265143503E-05,0,0,0,0,0,38
3,5419,820.677524,-0.329513013362885,-4.67044083052315E-05,0,0,0,0,0,38
3,5420,820.837524,-0.328271746635437,-4.70576051156968E-05,0,0,0,0,0,38
3,5421,820.997524,-0.327088683843613,-4.89452104375232E-05,0,0,0,0,0,38
3,5422,821.157524,-0.324586749076843,-4.61542149423622E-05,0,0,0,0,0,38
3,5423,821.317524,-0.323539435863495,-4.54928922408726E-05,0,0,0,0,0,38
3,5424,821.477524,-0.322433948516846,-4.88309742650017E-05,0,0,0,0,0,38
3,5425,821.637524,-0.320184171199799,-4.4576678192243E-05,0,0,0,0,0,38
3,5426,821.797524,-0.318690776824951,-4.5697273890255E-05,0,0,0,0,0,38
3,5427,821.957524,-0.317158579826355,-4.90718812216073E-05,0,0,0,0,0,38
3,5428,822.117524,-0.315393656492233,-4.47919373982586E-05,0,0,0,0,0,38
3,5429,822.277524,-0.313977867364883,-4.78331639897078E-05,0,0,0,0,0,38
3,5430,822.437524,-0.312193542718887,-4.50503284810111E-05,0,0,0,0,0,38
3,5431,822.597524,-0.310991078615189,-4.6037257561693E-05,0,0,0,0,0,38
3,5432,822.757524,-0.309032201766968,-4.71978746645618E-05,0,0,0,0,0,38
3,5433,822.917524,-0.30738365650177,-4.59867478639353E-05,0,0,0,0,0,38
3,5434,823.077524,-0.306200563907623,-4.64973090856802E-05,0,0,0,0,0,38
3,5435,823.237524,-0.303873211145401,-4.53192078566644E-05,0,0,0,0,0,38
3,5436,823.397524,-0.302981048822403,-4.98256777063943E-05,0,0,0,0,0,38
3,5437,823.557524,-0.301196724176407,-4.63714168290608E-05,0,0,0,0,0,38
3,5438,823.717524,-0.300188213586807,-4.82788382214494E-05,0,0,0,0,0,38
3,5439,823.877524,-0.297822058200836,-4.69631886517163E-05,0,0,0,0,0,38
3,5440,824.037524,-0.296115309000015,-4.45378209406044E-05,0,0,0,0,0,38
3,5441,824.197524,-0.294660717248917,-4.45603582193144E-05,0,0,0,0,0,38
3,5442,824.357524,-0.29307034611702,-4.54862856713589E-05,0,0,0,0,0,38
3,5443,824.517524,-0.291286021471024,-4.29093852289952E-05,0,0,0,0,0,38
3,5444,824.677524,-0.290296912193298,-4.8647965741111E-05,0,0,0,0,0,38
3,5445,824.837524,-0.287950158119202,-4.4216874812264E-05,0,0,0,0,0,38
3,5446,824.997524,-0.286786466836929,-4.49745602963958E-05,0,0,0,0,0,38
3,5447,825.157524,-0.285564601421356,-4.77317516924813E-05,0,0,0,0,0,38
3,5448,825.317524,-0.284109979867935,-4.9459657020634E-05,0,0,0,0,0,38
3,5449,825.477524,-0.281627476215363,-4.29540668847039E-05,0,0,0,0,0,38
3,5450,825.637524,-0.280231058597565,-4.47437560069375E-05,0,0,0,0,0,38
3,5451,825.797524,-0.279164344072342,-4.80379312648438E-05,0,0,0,0,0,38
3,5452,825.957524,-0.276875764131546,-4.43431563326158E-05,0,0,0,0,0,38
3,5453,826.117524,-0.275615096092224,-4.51408595836256E-05,0,0,0,0,0,38
3,5454,826.277524,-0.274102330207825,-4.68046564492397E-05,0,0,0,0,0,38
3,5455,826.437524,-0.272259831428528,-4.47049023932777E-05,0,0,0,0,0,38
3,5456,826.597524,-0.270611256361008,-4.60221053799614E-05,0,0,0,0,0,38
3,5457,826.757524,-0.269273042678833,-4.44317447545473E-05,0,0,0,0,0,38
3,5458,826.917524,-0.267624497413635,-4.32715169154108E-05,0,0,0,0,0,38
3,5459,827.077524,-0.266363829374313,-4.81785900774412E-05,0,0,0,0,0,38
3,5460,827.237524,-0.264230400323868,-4.43998833361547E-05,0,0,0,0,0,38
3,5461,827.397524,-0.26242670416832,-4.28549865318928E-05,0,0,0,0,0,38
3,5462,827.557524,-0.261495739221573,-4.59222464996856E-05,0,0,0,0,0,38
3,5463,827.717524,-0.259711444377899,-4.47958227596246E-05,0,0,0,0,0,38
3,5464,827.877524,-0.25746163725853,-4.18132694903761E-05,0,0,0,0,0,38
3,5465,828.037524,-0.256394952535629,-4.24563295382541E-05,0,0,0,0,0,38
3,5466,828.197524,-0.254765778779984,-4.2792427848326E-05,0,0,0,0,0,38
3,5467,828.357524,-0.253369361162186,-4.39351715613157E-05,0,0,0,0,0,38
3,5468,828.517524,-0.251003205776215,-4.06464350817259E-05,0,0,0,0,0,38
3,5469,828.677524,-0.249703764915466,-4.12168337788899E-05,0,0,0,0,0,38
3,5470,828.837524,-0.248404324054718,-4.40964213339612E-05,0,0,0,0,0,38
3,5471,828.997524,-0.246523037552834,-4.1337676520925E-05,0,0,0,0,0,38
3,5472,829.157524,-0.244758114218712,-4.18661111325491E-05,0,0,0,0,0,38
3,5473,829.317524,-0.243730187416077,-4.45595796918496E-05,0,0,0,0,0,38
3,5474,829.477524,-0.241557985544205,-3.96964169340208E-05,0,0,0,0,0,38
3,5475,829.637524,-0.240083992481232,-4.1835806769086E-05,0,0,0,0,0,38
3,5476,829.797524,-0.23857119679451,-4.21497570641804E-05,0,0,0,0,0,38
3,5477,829.957524,-0.237271755933762,-4.04762467951514E-05,0,0,0,0,0,38
3,5478,830.117524,-0.235196515917778,-4.08558662456926E-05,0,0,0,0,0,38
3,5479,830.277524,-0.233935862779617,-4.24971258325968E-05,0,0,0,0,0,38
3,5480,830.437524,-0.23228731751442,-4.33943023381289E-05,0,0,0,0,0,38
3,5481,830.597524,-0.230464205145836,-4.19628631789237E-05,0,0,0,0,0,38
3,5482,830.757524,-0.229300528764725,-4.27951490564737E-05,0,0,0,0,0,38
3,5483,830.917524,-0.22776834666729,-4.37272938142996E-05,0,0,0,0,0,38
3,5484,831.077524,-0.225906446576118,-4.16516304539982E-05,0,0,0,0,0,38
3,5485,831.237524,-0.224413052201271,-4.18591189372819E-05,0,0,0,0,0,38
3,5486,831.397524,-0.223113611340523,-4.46955746156164E-05,0,0,0,0,0,38
3,5487,831.557524,-0.220747455954552,-3.90424756915309E-05,0,0,0,0,0,38
3,5488,831.717524,-0.219797119498253,-4.31164844485465E-05,0,0,0,0,0,38
3,5489,831.877524,-0.218361899256706,-4.51466876256745E-05,0,0,0,0,0,38
3,5490,832.037524,-0.215995743870735,-3.9523121813545E-05,0,0,0,0,0,38
3,5491,832.197524,-0.215200573205948,-4.54959990747739E-05,0,0,0,0,0,38
3,5492,832.357524,-0.213396862149239,-4.37203016190324E-05,0,0,0,0,0,38
3,5493,832.517524,-0.211573749780655,-4.12148910982069E-05,0,0,0,0,0,38
3,5494,832.677524,-0.209770038723946,-4.31397966167424E-05,0,0,0,0,0,38
3,5495,832.837524,-0.208509385585785,-4.40789372078143E-05,0,0,0,0,0,38
3,5496,832.997524,-0.207132369279861,-4.19947245973162E-05,0,0,0,0,0,38
3,5497,833.157524,-0.204514071345329,-3.90677341783885E-05,0,0,0,0,0,38
3,5498,833.317524,-0.203524947166443,-4.10039065172896E-05,0,0,0,0,0,38
3,5499,833.477524,-0.202128529548645,-4.21897784690373E-05,0,0,0,0,0,38
3,5500,833.637524,-0.200266629457474,-4.2267103708582E-05,0,0,0,0,0,38
3,5501,833.797524,-0.198579296469688,-4.09650529036298E-05,0,0,0,0,0,38
3,5502,833.957524,-0.197144091129303,-4.26389487984125E-05,0,0,0,0,0,38
3,5503,834.117524,-0.195573106408119,-4.24446734541561E-05,0,0,0,0,0,38
3,5504,834.277524,-0.193497881293297,-3.78060940420255E-05,0,0,0,0,0,38
3,5505,834.437524,-0.192450568079948,-3.96381328755524E-05,0,0,0,0,0,38
3,5506,834.597524,-0.190782621502876,-4.00348471885081E-05,0,0,0,0,0,38
3,5507,834.757524,-0.189153462648392,-4.20739888795652E-05,0,0,0,0,0,38
3,5508,834.917524,-0.187640681862831,-4.00694298150484E-05,0,0,0,0,0,38
3,5509,835.077524,-0.18527452647686,-3.73390503227711E-05,0,0,0,0,0,38
3,5510,835.237524,-0.184304788708687,-3.99753989768215E-05,0,0,0,0,0,38
3,5511,835.397524,-0.182850182056427,-4.09782624046784E-05,0,0,0,0,0,38
3,5512,835.557524,-0.180542215704918,-3.70620073226746E-05,0,0,0,0,0,38
3,5513,835.717524,-0.179242759943008,-3.6548724892782E-05,0,0,0,0,0,38
3,5514,835.877524,-0.178253635764122,-4.13780871895142E-05,0,0,0,0,0,38
3,5515,836.037524,-0.176294758915901,-4.05663922720123E-05,0,0,0,0,0,38
3,5516,836.197524,-0.174588024616241,-3.86756801162846E-05,0,0,0,0,0,38
3,5517,836.357524,-0.172842502593994,-3.88777298212517E-05,0,0,0,0,0,38
3,5518,836.517524,-0.171543061733246,-4.21346048824489E-05,0,0,0,0,0,38
3,5519,836.677524,-0.170010879635811,-3.93657574022654E-05,0,0,0,0,0,38
3,5520,836.837524,-0.168769612908363,-4.03149970225059E-05,0,0,0,0,0,38
3,5521,836.997524,-0.166674986481667,-4.22115372202825E-05,0,0,0,0,0,38
3,5522,837.157524,-0.165026441216469,-3.77140058844816E-05,0,0,0,0,0,38
3,5523,837.317524,-0.163261517882347,-4.00274657295085E-05,0,0,0,0,0,38
3,5524,837.477524,-0.162485733628273,-4.38885435869452E-05,0,0,0,0,0,38
3,5525,837.637524,-0.160740196704865,-4.16799957747571E-05,0,0,0,0,0,38
3,5526,837.797524,-0.15895588696003,-3.91085304727312E-05,0,0,0,0,0,38
3,5527,837.957524,-0.156938835978508,-3.80617639166303E-05,0,0,0,0,0,38
3,5528,838.117524,-0.155755758285522,-4.10109023505356E-05,0,0,0,0,0,38
3,5529,838.277524,-0.153525367379189,-3.73981092707254E-05,0,0,0,0,0,38
3,5530,838.437524,-0.152807772159576,-4.02365076297428E-05,0,0,0,0,0,38
3,5531,838.597524,-0.151081636548042,-4.07688312407117E-05,0,0,0,0,0,38
3,5532,838.757524,-0.149588242173195,-4.16481307183858E-05,0,0,0,0,0,38
3,5533,838.917524,-0.148094847798347,-4.16761067754123E-05,0,0,0,0,0,38
3,5534,839.077524,-0.145748093724251,-3.81589015887585E-05,0,0,0,0,0,38
3,5535,839.237524,-0.144506826996803,-3.72974718629848E-05,0,0,0,0,0,38
3,5536,839.397524,-0.143149197101593,-4.17239025409799E-05,0,0,0,0,0,38
3,5537,839.557524,-0.140899404883385,-3.7202666135272E-05,0,0,0,0,0,38
3,5538,839.717524,-0.139406010508537,-3.64601364708506E-05,0,0,0,0,0,38
3,5539,839.877524,-0.138281121850014,-3.85668863600586E-05,0,0,0,0,0,38
3,5540,840.037524,-0.136167094111443,-3.89072592952289E-05,0,0,0,0,0,38
3,5541,840.197524,-0.134828865528107,-3.82863472623285E-05,0,0,0,0,0,38
3,5542,840.357524,-0.13349062204361,-4.06382750952616E-05,0,0,0,0,0,38
3,5543,840.517524,-0.131318420171738,-3.53628529410344E-05,0,0,0,0,0,38
3,5544,840.677524,-0.130018979310989,-3.86648025596514E-05,0,0,0,0,0,38
3,5545,840.837524,-0.128641948103905,-3.880545773427E-05,0,0,0,0,0,38
3,5546,840.997524,-0.126430958509445,-3.72228714695666E-05,0,0,0,0,0,38
3,5547,841.157524,-0.125131502747536,-3.69975095964037E-05,0,0,0,0,0,38
3,5548,841.317524,-0.123347193002701,-3.78682634618599E-05,0,0,0,0,0,38
3,5549,841.477524,-0.121543481945992,-3.46688939316664E-05,0,0,0,0,0,38
3,5550,841.637524,-0.120108276605606,-3.63210310752038E-05,0,0,0,0,0,38
3,5551,841.797524,-0.118614882230759,-3.71824608009774E-05,0,0,0,0,0,38
3,5552,841.957524,-0.116888754069805,-3.59114928869531E-05,0,0,0,0,0,38
3,5553,842.117524,-0.115686282515526,-3.80232959287241E-05,0,0,0,0,0,38
3,5554,842.277524,-0.113746806979179,-3.66501408279873E-05,0,0,0,0,0,38
3,5555,842.437524,-0.1122922077775,-3.60964477295056E-05,0,0,0,0,0,38
3,5556,842.597524,-0.111167311668396,-4.08139021601528E-05,0,0,0,0,0,38
3,5557,842.757524,-0.109072677791119,-3.67531065421645E-05,0,0,0,0,0,38
3,5558,842.917524,-0.10752110183239,-3.62685786967631E-05,0,0,0,0,0,38
3,5559,843.077524,-0.106124684214592,-3.75919989892282E-05,0,0,0,0,0,38
3,5560,843.237524,-0.1047088727355,-3.83590086130425E-05,0,0,0,0,0,38
3,5561,843.397524,-0.102633632719517,-3.51320522895548E-05,0,0,0,0,0,38
3,5562,843.557524,-0.101508744060993,-3.93482696381398E-05,0,0,0,0,0,38
3,5563,843.717524,-0.0998020097613335,-3.78752556571271E-05,0,0,0,0,0,38
3,5564,843.877524,-0.097920723259449,-3.64558618457522E-05,0,0,0,0,0,38
3,5565,844.037524,-0.0966794565320015,-3.6830038879998E-05,0,0,0,0,0,38
3,5566,844.197524,-0.09441027790308,-3.51044654962607E-05,0,0,0,0,0,38
3,5567,844.357524,-0.0933241695165634,-3.66287677024957E-05,0,0,0,0,0,38
3,5568,844.517524,-0.0914234891533852,-3.68304281437304E-05,0,0,0,0,0,38
3,5569,844.677524,-0.0901240408420563,-3.86119572794996E-05,0,0,0,0,0,38
3,5570,844.837524,-0.0879130437970161,-3.53729556081817E-05,0,0,0,0,0,38
3,5571,844.997524,-0.0869627073407173,-3.42049570463132E-05,0,0,0,0,0,38
3,5572,845.157524,-0.0852171778678894,-3.72691101802047E-05,0,0,0,0,0,38
3,5573,845.317524,-0.0831225514411926,-3.26146000588778E-05,0,0,0,0,0,38
3,5574,845.477524,-0.0820752382278442,-3.51992712239735E-05,0,0,0,0,0,38
3,5575,845.637524,-0.0808145776391029,-3.89025954063982E-05,0,0,0,0,0,38
3,5576,845.797524,-0.0787781327962875,-3.64045736205298E-05,0,0,0,0,0,38
3,5577,845.957524,-0.0769938230514526,-3.41012128046714E-05,0,0,0,0,0,38
3,5578,846.117524,-0.0763344019651413,-3.96462928620167E-05,0,0,0,0,0,38
3,5579,846.277524,-0.0738518759608269,-3.38956670020707E-05,0,0,0,0,0,38
3,5580,846.437524,-0.0727463811635971,-3.67651518899947E-05,0,0,0,0,0,38
3,5581,846.597524,-0.0707487240433693,-3.54184157913551E-05,0,0,0,0,0,38
3,5582,846.757524,-0.069488063454628,-3.61283091478981E-05,0,0,0,0,0,38
3,5583,846.917524,-0.0674516186118126,-3.59709447366185E-05,0,0,0,0,0,38
3,5584,847.077524,-0.065783679485321,-3.56332893716171E-05,0,0,0,0,0,38
3,5585,847.237524,-0.0646006017923355,-3.32969029841479E-05,0,0,0,0,0,38
3,5586,847.397524,-0.0627387017011642,-3.51883936673403E-05,0,0,0,0,0,38
3,5587,847.557524,-0.0613616816699505,-3.50605587300379E-05,0,0,0,0,0,38
3,5588,847.717524,-0.0597131289541721,-3.5718381695915E-05,0,0,0,0,0,38
3,5589,847.877524,-0.0578900277614594,-3.54238582076505E-05,0,0,0,0,0,38
3,5590,848.037524,-0.0562608689069748,-3.35354743583594E-05,0,0,0,0,0,38
3,5591,848.197524,-0.0542632155120373,-3.08198577840813E-05,0,0,0,0,0,38
3,5592,848.357524,-0.0536619797348976,-3.69745830539614E-05,0,0,0,0,0,38
3,5593,848.517524,-0.0516837164759636,-3.60385529347695E-05,0,0,0,0,0,38
3,5594,848.677524,-0.0497636422514915,-3.25990549754351E-05,0,0,0,0,0,38
3,5595,848.837524,-0.0479211434721947,-3.10382274619769E-05,0,0,0,0,0,38
3,5596,848.997524,-0.0471647493541241,-3.58178513124585E-05,0,0,0,0,0,38
3,5597,849.157524,-0.0454580150544643,-3.38941135851201E-05,0,0,0,0,0,38
3,5598,849.317524,-0.0437900684773922,-3.40553633577656E-05,0,0,0,0,0,38
3,5599,849.477524,-0.0421221219003201,-3.48748289979994E-05,0,0,0,0,0,38
3,5600,849.637524,-0.0403378084301949,-3.34542673954275E-05,0,0,0,0,0,38
3,5601,849.797524,-0.0386310741305351,-3.24984212056734E-05,0,0,0,0,0,38
3,5602,849.957524,-0.0363037064671516,-2.82678247458534E-05,0,0,0,0,0,38
3,5603,850.117524,-0.0360903665423393,-3.58318393409718E-05,0,0,0,0,0,38
3,5604,850.277524,-0.0337629988789558,-3.14912831527181E-05,0,0,0,0,0,38
3,5605,850.437524,-0.0320756584405899,-3.30089824274182E-05,0,0,0,0,0,38
3,5606,850.597524,-0.0310089495033026,-3.43129759130534E-05,0,0,0,0,0,38
3,5607,850.757524,-0.0294767674058676,-3.32479430653621E-05,0,0,0,0,0,38
3,5608,850.917524,-0.0278670061379671,-3.50963055097964E-05,0,0,0,0,0,38
3,5609,851.077524,-0.025791771709919,-3.2843068765942E-05,0,0,0,0,0,38
3,5610,851.237524,-0.0244341418147087,-3.34733085765038E-05,0,0,0,0,0,38
3,5611,851.397524,-0.0231540910899639,-3.3677297324175E-05,0,0,0,0,0,38
3,5612,851.557524,-0.0215055402368307,-3.53426476067398E-05,0,0,0,0,0,38
3,5613,851.717524,-0.0196242518723011,-3.08326816593762E-05,0,0,0,0,0,38
3,5614,851.877524,-0.0176072027534246,-3.10502728098072E-05,0,0,0,0,0,38
3,5615,852.037524,-0.0168895982205868,-3.38389363605529E-05,0,0,0,0,0,38
3,5616,852.197524,-0.014756178483367,-3.20259350701235E-05,0,0,0,0,0,38
3,5617,852.357524,-0.0128554962575436,-3.13953096338082E-05,0,0,0,0,0,38
3,5618,852.517524,-0.0113233141601086,-2.89990875899093E-05,0,0,0,0,0,38
3,5619,852.677524,-0.0104699460789561,-3.32133640768006E-05,0,0,0,0,0,38
3,5620,852.837524,-0.00820076465606689,-3.12406664306764E-05,0,0,0,0,0,38
3,5621,852.997524,-0.00686252908781171,-2.9752107366221E-05,0,0,0,0,0,38
3,5622,853.157524,-0.00593158276751637,-3.48705543729011E-05,0,0,0,0,0,38
3,5623,853.317524,-0.00372058525681496,-2.98900449706707E-05,0,0,0,0,0,38
3,5624,853.477524,-0.00199445569887757,-3.21195802825969E-05,0,0,0,0,0,38
3,5625,853.637524,-0.000675614981446415,-3.18642960337456E-05,0,0,0,0,0,38
3,5626,853.797524,0.00118627771735191,-3.04173154290766E-05,0,0,0,0,0,38
3,5627,853.957524,0.00337788066826761,-2.58506188401952E-05,0,0,0,0,0,38
3,5628,854.117524,0.0041730641387403,-3.01255095109809E-05,0,0,0,0,0,38
3,5629,854.277524,0.00578282540664077,-3.13378041028045E-05,0,0,0,0,0,38
3,5630,854.437524,0.00754774454981089,-2.91572287096642E-05,0,0,0,0,0,38
3,5631,854.597524,0.00950661115348339,-2.76449700322701E-05,0,0,0,0,0,38
3,5632,854.757524,0.0108642410486937,-3.0040804631426E-05,0,0,0,0,0,38
3,5633,854.917524,0.0125127919018269,-2.96040689136134E-05,0,0,0,0,0,38
3,5634,855.077524,0.014103158377111,-2.86960130324587E-05,0,0,0,0,0,38
3,5635,855.237524,0.0154607882723212,-2.85456426354358E-05,0,0,0,0,0,38
3,5636,855.397524,0.0174196548759937,-2.79076339211315E-05,0,0,0,0,0,38
3,5637,855.557524,0.0184863638132811,-2.91001106234035E-05,0,0,0,0,0,38
3,5638,855.717524,0.0202512834221125,-2.97610440611606E-05,0,0,0,0,0,38
3,5639,855.877524,0.0215895194560289,-3.13008931698278E-05,0,0,0,0,0,38
3,5640,856.037524,0.0239750687032938,-2.7019006665796E-05,0,0,0,0,0,38
3,5641,856.197524,0.0250029880553484,-2.98950963042444E-05,0,0,0,0,0,38
3,5642,856.357524,0.0264769867062569,-3.00217652693391E-05,0,0,0,0,0,38
3,5643,856.517524,0.0286685898900032,-2.60616052401019E-05,0,0,0,0,0,38
3,5644,856.677524,0.0302395615726709,-2.54795486398507E-05,0,0,0,0,0,38
3,5645,856.837524,0.0316941663622856,-2.74790563707938E-05,0,0,0,0,0,38
3,5646,856.997524,0.0328966379165649,-2.70201726380037E-05,0,0,0,0,0,38
3,5647,857.157524,0.0349524766206741,-2.61637960647931E-05,0,0,0,0,0,38
3,5648,857.317524,0.0360967665910721,-3.02172102237819E-05,0,0,0,0,0,38
3,5649,857.477524,0.0377647131681442,-2.66829065367347E-05,0,0,0,0,0,38
3,5650,857.637524,0.0396459996700287,-2.37648509937571E-05,0,0,0,0,0,38
3,5651,857.797524,0.0410618148744106,-2.53420002991334E-05,0,0,0,0,0,38
3,5652,857.957524,0.0421285219490528,-2.8854543415946E-05,0,0,0,0,0,38
3,5653,858.117524,0.044358916580677,-2.3319178581005E-05,0,0,0,0,0,38
3,5654,858.277524,0.0461044386029243,-2.34322487813188E-05,0,0,0,0,0,38
3,5655,858.437524,0.0480051226913929,-2.27922973863315E-05,0,0,0,0,0,38
3,5656,858.597524,0.048839095979929,-2.57212304859422E-05,0,0,0,0,0,38
3,5657,858.757524,0.0504488572478294,-2.55079139606096E-05,0,0,0,0,0,38
3,5658,858.917524,0.0522331707179546,-2.43814902205486E-05,0,0,0,0,0,38
3,5659,859.077524,0.0541532449424267,-2.22704657062422E-05,0,0,0,0,0,38
3,5660,859.237524,0.0555690601468086,-2.20664751395816E-05,0,0,0,0,0,38
3,5661,859.397524,0.0569848753511906,-2.23955812543863E-05,0,0,0,0,0,38
3,5662,859.557524,0.0591182932257652,-2.01928578462685E-05,0,0,0,0,0,38
3,5663,859.717524,0.0604177415370941,-1.97475728782592E-05,0,0,0,0,0,38
3,5664,859.877524,0.062085684388876,-2.04881598619977E-05,0,0,0,0,0,38
3,5665,860.037524,0.0633075535297394,-2.00288886844646E-05,0,0,0,0,0,38
3,5666,860.197524,0.0656931027770042,-1.9517936379998E-05,0,0,0,0,0,38
3,5667,860.357524,0.0668179988861084,-1.66581667144783E-05,0,0,0,0,0,38
3,5668,860.517524,0.0682338103652,-2.1008048861404E-05,0,0,0,0,0,38
3,5669,860.677524,0.0699017569422722,-1.71442497958196E-05,0,0,0,0,0,38
3,5670,860.837524,0.0716860666871071,-1.5862791769905E-05,0,0,0,0,0,38
3,5671,860.997524,0.0731794610619545,-1.65719065989833E-05,0,0,0,0,0,38
3,5672,861.157524,0.0742655694484711,-2.25984076678287E-05,0,0,0,0,0,38
3,5673,861.317524,0.0767480880022049,-1.43474244396202E-05,0,0,0,0,0,38
3,5674,861.477524,0.0781833007931709,-1.37377810460748E-05,0,0,0,0,0,38
3,5675,861.637524,0.079405166208744,-1.7693668269203E-05,0,0,0,0,0,38
3,5676,861.797524,0.0809567421674728,-1.49364750541281E-05,0,0,0,0,0,38
3,5677,861.957524,0.082469530403614,-1.26028089653119E-05,0,0,0,0,0,38
3,5678,862.117524,0.0843896120786667,-1.29820400616154E-05,0,0,0,0,0,38
3,5679,862.277524,0.085689052939415,-1.19795658974908E-05,0,0,0,0,0,38
3,5680,862.437524,0.0879970267415047,-9.69680058915401E-06,0,0,0,0,0,38
3,5681,862.597524,0.0894710272550583,-7.04956983099692E-06,0,0,0,0,0,38
3,5682,862.757524,0.0905571281909943,-9.07355661183828E-06,0,0,0,0,0,38
3,5683,862.917524,0.0923414453864098,-8.0392719610245E-06,0,0,0,0,0,38
3,5684,863.077524,0.0938930213451386,-7.09719734004466E-06,0,0,0,0,0,38
3,5685,863.237524,0.0955997556447983,-6.39001927993377E-06,0,0,0,0,0,38
3,5686,863.397524,0.0971319377422333,-5.57636349185486E-06,0,0,0,0,0,38
3,5687,863.557524,0.0987029075622559,-4.62674233858706E-06,0,0,0,0,0,38
3,5688,863.717524,0.100370854139328,-3.34309970639879E-06,0,0,0,0,0,38
3,5689,863.877524,0.1020388007164,-2.78145762422355E-06,0,0,0,0,0,38
3,5690,864.037524,0.103823110461235,-1.7009664361467E-06,0,0,0,0,0,38
3,5691,864.197524,0.105083771049976,-5.84101087497402E-07,0,0,0,0,0,38
3,5692,864.357524,0.106790505349636,1.18575080421124E-07,0,0,0,0,0,38
3,5693,864.517524,0.108380869030952,1.04015703072946E-06,0,0,0,0,0,38
3,5694,864.677524,0.109932452440262,1.63881463777216E-06,0,0,0,0,0,38
3,5695,864.837524,0.111348263919353,3.251265070503E-06,0,0,0,0,0,38
3,5696,864.997524,0.113287732005119,4.16318971474539E-06,0,0,0,0,0,38
3,5697,865.157524,0.115033261477947,5.08363382323296E-06,0,0,0,0,0,38
3,5698,865.317524,0.11625512689352,6.11751920587267E-06,0,0,0,0,0,38
3,5699,865.477524,0.118097625672817,7.58213809604058E-06,0,0,0,0,0,38
3,5700,865.637524,0.11966859549284,8.49822572490666E-06,0,0,0,0,0,38
3,5701,865.797524,0.121355935931206,9.43314171308884E-06,0,0,0,0,0,38
3,5702,865.957524,0.122655384242535,1.05643230199348E-05,0,0,0,0,0,38
3,5703,866.117524,0.124032407999039,1.19214146252489E-05,0,0,0,0,0,38
3,5704,866.277524,0.125991269946098,1.32346231112024E-05,0,0,0,0,0,38
3,5705,866.437524,0.127698004245758,1.46031516123912E-05,0,0,0,0,0,38
3,5706,866.597524,0.129443526268005,1.67028465511976E-05,0,0,0,0,0,38
3,5707,866.757524,0.130626603960991,1.773795884219E-05,0,0,0,0,0,38
3,5708,866.917524,0.132469102740288,1.93601790670073E-05,0,0,0,0,0,38
3,5709,867.077524,0.134427979588509,2.44215079874266E-05,0,0,0,0,0,38
3,5710,867.237524,0.135708019137383,2.25160292757209E-05,0,0,0,0,0,38
3,5711,867.397524,0.136871710419655,2.32453494390938E-05,0,0,0,0,0,38
3,5712,867.557524,0.139043912291527,2.77156832453329E-05,0,0,0,0,0,38
3,5713,867.717524,0.140614882111549,3.099198511336E-05,0,0,0,0,0,38
3,5714,867.877524,0.141448855400085,2.97758069791598E-05,0,0,0,0,0,38
3,5715,868.037524,0.143446519970894,3.42131133947987E-05,0,0,0,0,0,38
3,5716,868.197524,0.145482957363129,3.97403200622648E-05,0,0,0,0,0,38
3,5717,868.357524,0.146219968795776,3.79362536477856E-05,0,0,0,0,0,38
3,5718,868.517524,0.148430958390236,4.13780835515354E-05,0,0,0,0,0,38
3,5719,868.677524,0.149924352765083,4.40742696810048E-05,0,0,0,0,0,38
3,5720,868.837524,0.151495322585106,4.95058920932934E-05,0,0,0,0,0,38
3,5721,868.997524,0.15296933054924,4.81828610645607E-05,0,0,0,0,0,38
3,5722,869.157524,0.154870003461838,5.58032152184751E-05,0,0,0,0,0,38
3,5723,869.317524,0.156654313206673,6.19851416558959E-05,0,0,0,0,0,38
3,5724,869.477524,0.157856792211533,6.24420790700242E-05,0,0,0,0,0,38
3,5725,869.637524,0.159544125199318,6.56499978504144E-05,0,0,0,0,0,38
3,5726,869.797524,0.161367237567902,7.03954283380881E-05,0,0,0,0,0,38
3,5727,869.957524,0.1623175740242,7.21676333341748E-05,0,0,0,0,0,38
3,5728,870.117524,0.164470389485359,7.80771806603298E-05,0,0,0,0,0,38
3,5729,870.277524,0.166409865021706,8.43403104227036E-05,0,0,0,0,0,38
3,5730,870.437524,0.168019622564316,8.7438260379713E-05,0,0,0,0,0,38
3,5731,870.597524,0.169571205973625,9.48705564951524E-05,0,0,0,0,0,38
3,5732,870.757524,0.170773670077324,9.66039078775793E-05,0,0,0,0,0,38
3,5733,870.917524,0.17271314561367,0.000102739591966383,0,0,0,0,0,38
3,5734,871.077524,0.173876821994781,0.000105799466837198,0,0,0,0,0,38
3,5735,871.237524,0.175913274288177,0.000112703324703034,0,0,0,0,0,38
3,5736,871.397524,0.177135139703751,0.000114059774205089,0,0,0,0,0,38
3,5737,871.557524,0.17919097840786,0.000122486002510414,0,0,0,0,0,38
3,5738,871.717524,0.180218905210495,0.000124341357150115,0,0,0,0,0,38
3,5739,871.877524,0.181673496961594,0.000127813094877638,0,0,0,0,0,38
3,5740,872.037524,0.184039652347565,0.000137966446345672,0,0,0,0,0,38
3,5741,872.197524,0.184737861156464,0.000139225376187824,0,0,0,0,0,38
3,5742,872.357524,0.186813101172447,0.000145661411806941,0,0,0,0,0,38
3,5743,872.517524,0.188616812229156,0.000154717869008891,0,0,0,0,0,38
3,5744,872.677524,0.190265357494354,0.000158470153110102,0,0,0,0,0,38
3,5745,872.837524,0.191991493105888,0.000164215729455464,0,0,0,0,0,38
3,5746,872.997524,0.193310335278511,0.000170166065800004,0,0,0,0,0,38
3,5747,873.157524,0.195385560393333,0.000180075599928387,0,0,0,0,0,38
3,5748,873.317524,0.195831641554832,0.000177387555595487,0,0,0,0,0,38
3,5749,873.477524,0.197034120559692,0.000179869428393431,0,0,0,0,0,38
3,5750,873.637524,0.198488727211952,0.000186004079296254,0,0,0,0,0,38
3,5751,873.797524,0.201184585690498,0.000200078400666825,0,0,0,0,0,38
3,5752,873.957524,0.201824605464935,0.000197647110326216,0,0,0,0,0,38
3,5753,874.117524,0.205141112208366,0.000216611253563315,0,0,0,0,0,38
3,5754,874.277524,0.207836970686913,0.000232587830396369,0,0,0,0,0,38
3,5755,874.437524,0.208089098334312,0.000227320662816055,0,0,0,0,0,38
3,5756,874.597524,0.209873422980309,0.000235754356253892,0,0,0,0,0,38
3,5757,874.757524,0.211269840598106,0.000240340770687908,0,0,0,0,0,38
3,5758,874.917524,0.213868737220764,0.000253251957474276,0,0,0,0,0,38
3,5759,875.077524,0.2154590934515,0.000260806496953592,0,0,0,0,0,38
3,5760,875.237524,0.217301592230797,0.000266910035861656,0,0,0,0,0,38
3,5761,875.397524,0.217340379953384,0.000263268913840875,0,0,0,0,0,38
3,5762,875.557524,0.218698009848595,0.000265653536189348,0,0,0,0,0,38
3,5763,875.717524,0.221801176667213,0.000281038810499012,0,0,0,0,0,38
3,5764,875.877524,0.222557559609413,0.000282555934973061,0,0,0,0,0,38
3,5765,876.037524,0.225195243954659,0.000295665522571653,0,0,0,0,0,38
3,5766,876.197524,0.226746827363968,0.000300656509352848,0,0,0,0,0,38
3,5767,876.357524,0.228123843669891,0.000305686378851533,0,0,0,0,0,38
3,5768,876.517524,0.226940765976906,0.000290581199806184,0,0,0,0,0,38
3,5769,876.677524,0.231207609176636,0.000315765588311479,0,0,0,0,0,38
3,5770,876.837524,0.231246396899223,0.00031191052403301,0,0,0,0,0,38
3,5771,876.997524,0.230897292494774,0.000299446692224592,0,0,0,0,0,38
3,5772,877.157524,0.235086545348167,0.000325027882354334,0,0,0,0,0,38
3,5773,877.317524,0.236230835318565,0.000327739253407344,0,0,0,0,0,38
3,5774,877.477524,0.236521765589714,0.000323063373798504,0,0,0,0,0,38
3,5775,877.637524,0.238344863057137,0.000329886592226103,0,0,0,0,0,38
3,5776,877.797524,0.240090385079384,0.000334399082930759,0,0,0,0,0,38
3,5777,877.957524,0.242010459303856,0.0003413078666199,0,0,0,0,0,38
3,5778,878.117524,0.245152413845062,0.000358237506588921,0,0,0,0,0,38
3,5779,878.277524,0.246354877948761,0.000357373908627778,0,0,0,0,0,38
3,5780,878.437524,0.245773032307625,0.000346905697369948,0,0,0,0,0,38
3,5781,878.597524,0.248740434646606,0.00036001528496854,0,0,0,0,0,38
3,5782,878.757524,0.250660508871078,0.000366422231309116,0,0,0,0,0,38
3,5783,878.917524,0.253569722175598,0.000377532327547669,0,0,0,0,0,38
3,5784,879.077524,0.251067787408829,0.000353865063516423,0,0,0,0,0,38
3,5785,879.237524,0.256265580654144,0.000382783939130604,0,0,0,0,0,38
3,5786,879.397524,0.256575882434845,0.000373502203729004,0,0,0,0,0,38
3,5787,879.557524,0.258922666311264,0.000382737256586552,0,0,0,0,0,38
3,5788,879.717524,0.261405169963837,0.000388646294595674,0,0,0,0,0,38
3,5789,879.877524,0.263208895921707,0.000393438880564645,0,0,0,0,0,38
3,5790,880.037524,0.264469534158707,0.000391567737096921,0,0,0,0,0,38
3,5791,880.197524,0.265827178955078,0.000389626598916948,0,0,0,0,0,38
3,5792,880.357524,0.265652626752853,0.000379547389457002,0,0,0,0,0,38
3,5793,880.517524,0.269434601068497,0.000394170201616362,0,0,0,0,0,38
3,5794,880.677524,0.269453972578049,0.00038455001777038,0,0,0,0,0,38
3,5795,880.837524,0.270675867795944,0.000379944161977619,0,0,0,0,0,38
3,5796,880.997524,0.272091656923294,0.000377225020201877,0,0,0,0,0,38
3,5797,881.157524,0.27447721362114,0.000382324913516641,0,0,0,0,0,38
3,5798,881.317524,0.276474863290787,0.000384577258955687,0,0,0,0,0,38
3,5799,881.477524,0.278123438358307,0.00038321185274981,0,0,0,0,0,38
3,5800,881.637524,0.28010168671608,0.000383803126169369,0,0,0,0,0,38
3,5801,881.797524,0.281032621860504,0.000377337826648727,0,0,0,0,0,38
3,5802,881.957524,0.282487243413925,0.000371685513528064,0,0,0,0,0,38
3,5803,882.117524,0.285086125135422,0.000374400813598186,0,0,0,0,0,38
3,5804,882.277524,0.286598920822144,0.000372424634406343,0,0,0,0,0,38
3,5805,882.437524,0.287258327007294,0.000359809113433585,0,0,0,0,0,38
3,5806,882.597524,0.288266867399216,0.000353600538801402,0,0,0,0,0,38
3,5807,882.757524,0.291214853525162,0.000359466765075922,0,0,0,0,0,38
3,5808,882.917524,0.292339742183685,0.000350157817592844,0,0,0,0,0,38
3,5809,883.077524,0.293871939182281,0.000344217638485134,0,0,0,0,0,38
3,5810,883.237524,0.295501083135605,0.000337985751684755,0,0,0,0,0,38
3,5811,883.397524,0.297770261764526,0.000340140832122415,0,0,0,0,0,38
3,5812,883.557524,0.299360632896423,0.000328754569636658,0,0,0,0,0,38
3,5813,883.717524,0.299961864948273,0.00031235787901096,0,0,0,0,0,38
3,5814,883.877524,0.301668614149094,0.000309304159600288,0,0,0,0,0,38
3,5815,884.037524,0.30335596203804,0.00030541408341378,0,0,0,0,0,38
3,5816,884.197524,0.303821414709091,0.000292561249807477,0,0,0,0,0,38
3,5817,884.357524,0.307118535041809,0.000297816732199863,0,0,0,0,0,38
3,5818,884.517524,0.308437377214432,0.000290783471427858,0,0,0,0,0,38
3,5819,884.677524,0.309794992208481,0.000282976077869534,0,0,0,0,0,38
3,5820,884.837524,0.311210811138153,0.000277214858215302,0,0,0,0,0,38
3,5821,884.997524,0.313383013010025,0.000274655176326633,0,0,0,0,0,38
3,5822,885.157524,0.314740657806396,0.00026948525919579,0,0,0,0,0,38
3,5823,885.317524,0.316195249557495,0.000261043780483305,0,0,0,0,0,38
3,5824,885.477524,0.317300736904144,0.000251559773460031,0,0,0,0,0,38
3,5825,885.637524,0.319511741399765,0.000250338285695761,0,0,0,0,0,38
3,5826,885.797524,0.320849984884262,0.000244343653321266,0,0,0,0,0,38
3,5827,885.957524,0.321858495473862,0.000235513172810897,0,0,0,0,0,38
3,5828,886.117524,0.324147075414658,0.000235816594795324,0,0,0,0,0,38
3,5829,886.277524,0.325834423303604,0.000229888115427457,0,0,0,0,0,38
3,5830,886.437524,0.327599346637726,0.000228522694669664,0,0,0,0,0,38
3,5831,886.597524,0.328103601932526,0.000217276465264149,0,0,0,0,0,38
3,5832,886.757524,0.330644309520721,0.000220205693040043,0,0,0,0,0,38
3,5833,886.917524,0.333340167999268,0.000222201313590631,0,0,0,0,0,38
3,5834,887.077524,0.334038376808167,0.000212293263757601,0,0,0,0,0,38
3,5835,887.237524,0.335357218980789,0.000208309822482988,0,0,0,0,0,38
3,5836,887.397524,0.336734265089035,0.000200292357476428,0,0,0,0,0,38
3,5837,887.557524,0.338828891515732,0.000201961200218648,0,0,0,0,0,38
3,5838,887.717524,0.340089529752731,0.0001973670150619,0,0,0,0,0,38
3,5839,887.877524,0.342552661895752,0.000199981150217354,0,0,0,0,0,38
3,5840,888.037524,0.343502998352051,0.000192123188753612,0,0,0,0,0,38
3,5841,888.197524,0.344977021217346,0.000191671933862381,0,0,0,0,0,38
3,5842,888.357524,0.347110420465469,0.000191815866855904,0,0,0,0,0,38
3,5843,888.517524,0.348603814840317,0.000185961296665482,0,0,0,0,0,38
3,5844,888.677524,0.350174784660339,0.000185572280315682,0,0,0,0,0,38
3,5845,888.837524,0.351668179035187,0.000182106217835099,0,0,0,0,0,38
3,5846,888.997524,0.353394329547882,0.000177796013304032,0,0,0,0,0,38
3,5847,889.157524,0.354751944541931,0.00017737977032084,0,0,0,0,0,38
3,5848,889.317524,0.356419891119003,0.000170898900250904,0,0,0,0,0,38
3,5849,889.477524,0.357952088117599,0.00016204894927796,0,0,0,0,0,38
3,5850,889.637524,0.359949737787247,0.000164830358698964,0,0,0,0,0,38
3,5851,889.797524,0.361016452312469,0.000161982825375162,0,0,0,0,0,38
3,5852,889.957524,0.362606793642044,0.000155112938955426,0,0,0,0,0,38
3,5853,890.117524,0.364119589328766,0.000153591914568096,0,0,0,0,0,38
3,5854,890.277524,0.365787535905838,0.000149515108205378,0,0,0,0,0,38
3,5855,890.437524,0.367436081171036,0.00014844533870928,0,0,0,0,0,38
3,5856,890.597524,0.369104027748108,0.000146694801514968,0,0,0,0,0,38
3,5857,890.757524,0.37036469578743,0.00014375000318978,0,0,0,0,0,38
3,5858,890.917524,0.372245967388153,0.000143960074638017,0,0,0,0,0,38
3,5859,891.077524,0.3741854429245,0.000143123703310266,0,0,0,0,0,38
3,5860,891.237524,0.375601261854172,0.000140287826070562,0,0,0,0,0,38
3,5861,891.397524,0.376958906650543,0.000137934330268763,0,0,0,0,0,38
3,5862,891.557524,0.378898352384567,0.00013896131713409,0,0,0,0,0,38
3,5863,891.717524,0.380721479654312,0.000137969342176802,0,0,0,0,0,38
3,5864,891.877524,0.381943345069885,0.000136712842504494,0,0,0,0,0,38
3,5865,892.037524,0.383533716201782,0.000135911483084783,0,0,0,0,0,38
3,5866,892.197524,0.385065883398056,0.000133106732391752,0,0,0,0,0,38
3,5867,892.357524,0.387063533067703,0.000136102098622359,0,0,0,0,0,38
3,5868,892.517524,0.387858718633652,0.000129928535898216,0,0,0,0,0,38
3,5869,892.677524,0.389778792858124,0.000133083391119726,0,0,0,0,0,38
3,5870,892.837524,0.391737669706345,0.000135005102492869,0,0,0,0,0,38
3,5871,892.997524,0.393444418907166,0.000133285677293316,0,0,0,0,0,38
3,5872,893.157524,0.394976586103439,0.000131387321744114,0,0,0,0,0,38
3,5873,893.317524,0.395422667264938,0.000125073711387813,0,0,0,0,0,38
3,5874,893.477524,0.398351281881332,0.00013122393283993,0,0,0,0,0,38
3,5875,893.637524,0.399844646453857,0.000132001950987615,0,0,0,0,0,38
3,5876,893.797524,0.401570796966553,0.000132079760078341,0,0,0,0,0,38
3,5877,893.957524,0.402715086936951,0.000124704150948673,0,0,0,0,0,38
3,5878,894.117524,0.403607249259949,0.000121358687465545,0,0,0,0,0,38
3,5879,894.277524,0.405120015144348,0.000116608891403303,0,0,0,0,0,38
3,5880,894.437524,0.408281356096268,0.000127769540995359,0,0,0,0,0,38
3,5881,894.597524,0.409561425447464,0.000123887235531583,0,0,0,0,0,38
3,5882,894.757524,0.41045355796814,0.000121887736895587,0,0,0,0,0,38
3,5883,894.917524,0.41241243481636,0.00012311311729718,0,0,0,0,0,38
3,5884,895.077524,0.413110643625259,0.000114080343337264,0,0,0,0,0,38
3,5885,895.237524,0.415554374456406,0.00012953563418705,0,0,0,0,0,38
3,5886,895.397524,0.416931390762329,0.000114500471681822,0,0,0,0,0,38
3,5887,895.557524,0.4185411632061,0.000119592586997896,0,0,0,0,0,38
3,5888,895.717524,0.419937580823898,0.000118285519420169,0,0,0,0,0,38
3,5889,895.877524,0.428451865911484,0.000142859178595245,0,0,0,0,0,38
3,5890,896.037524,0.418579965829849,0.000109933513158467,0,0,0,0,0,38
3,5891,896.197524,0.425659030675888,0.000127633393276483,0,0,0,0,0,38
3,5892,896.357524,0.425620228052139,0.000129169973661192,0,0,0,0,0,38
3,5893,896.517524,0.427908807992935,0.000109322769276332,0,0,0,0,0,38
3,5894,896.677524,0.43023619055748,0.000106125124148093,0,0,0,0,0,38
3,5895,896.837524,0.431884735822678,0.000113959751615766,0,0,0,0,0,38
3,5896,896.997524,0.433494478464127,0.000135261841933243,0,0,0,0,0,38
3,5897,897.157524,0.439351707696915,0.000144010642543435,0,0,0,0,0,38
3,5898,897.317524,0.435511529445648,9.75241491687484E-05,0,0,0,0,0,38
3,5899,897.477524,0.437877684831619,0.000114064780063927,0,0,0,0,0,38
3,5900,897.637524,0.442357867956162,0.00014844533870928,0,0,0,0,0,38
3,5901,897.797524,0.440399020910263,0.000108789827208966,0,0,0,0,0,38
3,5902,897.957524,0.443482756614685,0.000108190753962845,0,0,0,0,0,38
3,5903,898.117524,0.444239169359207,9.80609765974805E-05,0,0,0,0,0,38
3,5904,898.277524,0.443890064954758,9.96325761661865E-05,0,0,0,0,0,38
3,5905,898.437524,0.441523909568787,0.000104607985122129,0,0,0,0,0,38
3,5906,898.597524,0.449708461761475,0.000115305716462899,0,0,0,0,0,38
3,5907,898.757524,0.448738723993301,9.84694343060255E-05,0,0,0,0,0,38
3,5908,898.917524,0.453063756227493,0.000114340975414962,0,0,0,0,0,38
3,5909,899.077524,0.454285621643066,9.67655796557665E-05,0,0,0,0,0,38
3,5910,899.237524,0.450561851263046,0.000109361673821695,0,0,0,0,0,38
3,5911,899.397524,0.456651777029037,0.000101962730695959,0,0,0,0,0,38
3,5912,899.557524,0.458300322294235,0.000108237436506897,0,0,0,0,0,38
3,5913,899.717524,0.459987670183182,0.000107537220173981,0,0,0,0,0,38
3,5914,899.877524,0.454285621643066,9.37468794290908E-05,0,0,0,0,0,38
3,5915,900.037524,0.455352336168289,7.14022389729507E-05,0,0,0,0,0,38
3,5916,900.197524,0.463711470365524,9.72012712736614E-05,0,0,0,0,0,38
3,5917,900.357524,0.46650430560112,0.000103880542155821,0,0,0,0,0,38
3,5918,900.517524,0.467939496040344,9.21908431337215E-05,0,0,0,0,0,38
3,5919,900.677524,0.470189303159714,8.85691770236008E-05,0,0,0,0,0,38
3,5920,900.837524,0.462101697921753,8.0333869846072E-05,0,0,0,0,0,38
3,5921,900.997524,0.472691208124161,0.000103067519376054,0,0,0,0,0,38
3,5922,901.157524,0.47554224729538,0.000117616429633927,0,0,0,0,0,38
3,5923,901.317524,0.468501955270767,8.08862605481409E-05,0,0,0,0,0,38
3,5924,901.477524,0.477229565382004,0.000102223370049614,0,0,0,0,0,38
3,5925,901.637524,0.472283929586411,0.000102067766420078,0,0,0,0,0,38
3,5926,901.797524,0.480759412050247,7.86883683758788E-05,0,0,0,0,0,38
3,5927,901.957524,0.48258250951767,6.55087642371655E-05,0,0,0,0,0,38
3,5928,902.117524,0.48504564166069,8.63751702127047E-05,0,0,0,0,0,38
3,5929,902.277524,0.492124706506729,0.000179519323864952,0,0,0,0,0,38
3,5930,902.437524,0.4787617623806,8.76316698850133E-05,0,0,0,0,0,38
3,5931,902.597524,0.488536685705185,9.494113328401E-05,0,0,0,0,0,38
3,5932,902.757524,0.506011307239532,0.00024186956579797,0,0,0,0,0,38
3,5933,902.917524,0.483610451221466,7.41758703952655E-05,0,0,0,0,0,38
3,5934,903.077524,0.493307799100876,7.99837653175928E-05,0,0,0,0,0,38
3,5935,903.237524,0.512140035629272,0.000177679306943901,0,0,0,0,0,38
3,5936,903.397524,0.497128546237946,9.40269601414911E-05,0,0,0,0,0,38
3,5937,903.557524,0.497981935739517,6.40344223938882E-05,0,0,0,0,0,38
3,5938,903.717524,0.499320149421692,0.000100959092378616,0,0,0,0,0,38
3,5939,903.877524,0.511228501796722,0.000185381679330021,0,0,0,0,0,38
3,5940,904.037524,0.495460599660873,6.91654422553256E-05,0,0,0,0,0,38
3,5941,904.197524,0.503451228141785,8.95806006155908E-05,0,0,0,0,0,38
3,5942,904.357524,0.504750669002533,0.000137183538754471,0,0,0,0,0,38
3,5943,904.517524,0.507543504238129,9.96909220702946E-05,0,0,0,0,0,38
3,5944,904.677524,0.501938462257385,5.9844802308362E-05,0,0,0,0,0,38
3,5945,904.837524,0.50046443939209,7.34600907890126E-05,0,0,0,0,0,38
3,5946,904.997524,0.514157116413116,0.000113699112262111,0,0,0,0,0,38
3,5947,905.157524,0.527655839920044,0.000151296771946363,0,0,0,0,0,38
3,5948,905.317524,0.516193568706512,4.4420623453334E-05,0,0,0,0,0,38
3,5949,905.477524,0.506864726543427,7.36740475986153E-05,0,0,0,0,0,38
3,5950,905.637524,0.509541153907776,8.39516505948268E-05,0,0,0,0,0,38
3,5951,905.797524,0.532252371311188,0.000206473705475219,0,0,0,0,0,38
3,5952,905.957524,0.535491287708282,0.000194962951354682,0,0,0,0,0,38
3,5953,906.117524,0.513575255870819,5.84793851885479E-05,0,0,0,0,0,38
3,5954,906.277524,0.535297334194183,0.000200681373826228,0,0,0,0,0,38
3,5955,906.437524,0.526375770568848,9.37585500651039E-05,0,0,0,0,0,38
3,5956,906.597524,0.540766656398773,0.000176979097886942,0,0,0,0,0,38
3,5957,906.757524,0.52978926897049,9.57424927037209E-05,0,0,0,0,0,38
3,5958,906.917524,0.532407522201538,9.03819527593441E-05,0,0,0,0,0,38
3,5959,907.077524,0.533726394176483,9.82282508630306E-05,0,0,0,0,0,38
3,5960,907.237524,0.534114301204681,8.08629192761146E-05,0,0,0,0,0,38
3,5961,907.397524,0.537547171115875,0.000100367797131184,0,0,0,0,0,38
3,5962,907.557524,0.528625547885895,6.03855260123964E-05,0,0,0,0,0,38
3,5963,907.717524,0.530894756317139,7.65838340157643E-05,0,0,0,0,0,38
3,5964,907.877524,0.542318224906921,0.000110147469968069,0,0,0,0,0,38
3,5965,908.037524,0.542124271392822,4.13435700465925E-05,0,0,0,0,0,38
3,5966,908.197524,0.544626235961914,0.0001009279731079,0,0,0,0,0,38
3,5967,908.357524,0.535917997360229,5.91562602494378E-05,0,0,0,0,0,38
3,5968,908.517524,0.547341465950012,0.00010127807763638,0,0,0,0,0,38
3,5969,908.677524,0.549125790596008,9.25526182982139E-05,0,0,0,0,0,38
3,5970,908.837524,0.550793707370758,0.000101079684100114,0,0,0,0,0,38
3,5971,908.997524,0.542434632778168,7.81904382165521E-05,0,0,0,0,0,38
3,5972,909.157524,0.553567171096802,9.33578703552485E-05,0,0,0,0,0,38
3,5973,909.317524,0.555564820766449,9.26537613850087E-05,0,0,0,0,0,38
3,5974,909.477524,0.548194825649261,7.01963144820184E-05,0,0,0,0,0,38
3,5975,909.637524,0.560316562652588,8.39283093228005E-05,0,0,0,0,0,38
3,5976,909.797524,0.576065063476563,0.000164048455189914,0,0,0,0,0,38
3,5977,909.957524,0.551666498184204,4.79878290207125E-05,0,0,0,0,0,38
3,5978,910.117524,0.553024113178253,6.96711504133418E-05,0,0,0,0,0,38
3,5979,910.277524,0.563342094421387,8.86119669303298E-05,0,0,0,0,0,38
3,5980,910.437524,0.56605738401413,5.84754961892031E-05,0,0,0,0,0,38
3,5981,910.597524,0.567182242870331,9.34823547140695E-05,0,0,0,0,0,38
3,5982,910.757524,0.569335103034973,9.83410645858385E-05,0,0,0,0,0,38
3,5983,910.917524,0.572399437427521,0.000101616511528846,0,0,0,0,0,38
3,5984,911.077524,0.573718309402466,7.17717994120903E-05,0,0,0,0,0,38
3,5985,911.237524,0.575618982315063,9.65749641181901E-05,0,0,0,0,0,38
3,5986,911.397524,0.577170550823212,9.00668601389043E-05,0,0,0,0,0,38
3,5987,911.557524,0.5843465924263,0.000187828540219925,0,0,0,0,0,38
3,5988,911.717524,0.567938685417175,7.00134769431315E-05,0,0,0,0,0,38
3,5989,911.877524,0.572903692722321,9.55518771661446E-05,0,0,0,0,0,38
3,5990,912.037524,0.583066523075104,0.000101332538179122,0,0,0,0,0,38
3,5991,912.197524,0.582251965999603,9.08254223759286E-05,0,0,0,0,0,38
3,5992,912.357524,0.586324870586395,0.000105599960079417,0,0,0,0,0,38
3,5993,912.517524,0.577946305274963,6.72476307954639E-05,0,0,0,0,0,38
3,5994,912.677524,0.596254944801331,0.000190905586350709,0,0,0,0,0,38
3,5995,912.837524,0.590805053710938,9.51006222749129E-05,0,0,0,0,0,38
3,5996,912.997524,0.592608749866486,9.58552991505712E-05,0,0,0,0,0,38
3,5997,913.157524,0.606883227825165,0.000204450858291239,0,0,0,0,0,38
3,5998,913.317524,0.587139427661896,8.6484091298189E-05,0,0,0,0,0,38
3,5999,913.477524,0.586887300014496,5.54684593225829E-05,0,0,0,0,0,38
3,6000,913.637524,0.614602327346802,0.000151576852658764,0,0,0,0,0,38
3,6001,913.797524,0.599920570850372,8.69119976414368E-05,0,0,0,0,0,38
3,6002,913.957524,0.585781812667847,7.12621986167505E-05,0,0,0,0,0,38
3,6003,914.117524,0.596254944801331,0.000105852814158425,0,0,0,0,0,38
3,6004,914.277524,0.592434167861938,8.60795262269676E-05,0,0,0,0,0,38
3,6005,914.437524,0.583629012107849,6.52870294288732E-05,0,0,0,0,0,38
3,6006,914.597524,0.590611100196838,9.4338167400565E-05,0,0,0,0,0,38
3,6007,914.757524,0.594509422779083,6.41044462099671E-05,0,0,0,0,0,38
3,6008,914.917524,0.600851476192474,0.000153801971464418,0,0,0,0,0,38
3,6009,915.077524,0.586169719696045,8.75032928888686E-05,0,0,0,0,0,38
3,6010,915.237524,0.584870219230652,7.76847227825783E-05,0,0,0,0,0,38
3,6011,915.397524,0.59578949213028,0.000164612516527995,0,0,0,0,0,38
3,6012,915.557524,0.582620441913605,9.18874138733372E-05,0,0,0,0,0,38
3,6013,915.717524,0.580312490463257,9.59642275120132E-05,0,0,0,0,0,38
3,6014,915.877524,0.570382416248322,6.91576642566361E-05,0,0,0,0,0,38
3,6015,916.037524,0.564990639686584,6.45556938252412E-05,0,0,0,0,0,38
3,6016,916.197524,0.590843796730042,0.000180095055839047,0,0,0,0,0,38
3,6017,916.357524,0.560685038566589,4.92015351483133E-05,0,0,0,0,0,38
3,6018,916.517524,0.57092547416687,8.51420118124224E-05,0,0,0,0,0,38
3,6019,916.677524,0.558726191520691,5.22824811923783E-05,0,0,0,0,0,38
3,6020,916.837524,0.569121718406677,9.05725682969205E-05,0,0,0,0,0,38
3,6021,916.997524,0.57168185710907,0.000163476608577184,0,0,0,0,0,38
3,6022,917.157524,0.566910743713379,9.54273928073235E-05,0,0,0,0,0,38
3,6023,917.317524,0.564447641372681,7.76691667851992E-05,0,0,0,0,0,38
3,6024,917.477524,0.561906933784485,8.6398511484731E-05,0,0,0,0,0,38
3,6025,917.637524,0.561460852622986,5.28076416230761E-05,0,0,0,0,0,38
3,6026,917.797524,0.555972099304199,7.44559583836235E-05,0,0,0,0,0,38
3,6027,917.957524,0.548252999782562,7.40863979444839E-05,0,0,0,0,0,38
3,6028,918.117524,0.546798408031464,3.87411018891726E-05,0,0,0,0,0,38
3,6029,918.277524,0.568404138088226,0.000179764392669313,0,0,0,0,0,38
3,6030,918.437524,0.552752614021301,7.97075699665584E-05,0,0,0,0,0,38
3,6031,918.597524,0.544160723686218,6.25095126451924E-05,0,0,0,0,0,38
3,6032,918.757524,0.542880713939667,9.44743223953992E-05,0,0,0,0,0,38
3,6033,918.917524,0.547108709812164,7.84199510235339E-05,0,0,0,0,0,38
3,6034,919.077524,0.559715330600739,0.000186171353561804,0,0,0,0,0,38
3,6035,919.237524,0.545091688632965,4.86880453536287E-05,0,0,0,0,0,38
3,6036,919.397524,0.543404340744019,8.7133732449729E-05,0,0,0,0,0,38
3,6037,919.557524,0.551782846450806,0.000179157534148544,0,0,0,0,0,38
3,6038,919.717524,0.550192475318909,0.000158337817993015,0,0,0,0,0,38
3,6039,919.877524,0.526763677597046,5.494718789123E-05,0,0,0,0,0,38
3,6040,920.037524,0.537547171115875,8.22672445792705E-05,0,0,0,0,0,38
3,6041,920.197524,0.536286473274231,7.16978829586878E-05,0,0,0,0,0,38
3,6042,920.357524,0.551996231079102,0.000167623438755982,0,0,0,0,0,38
3,6043,920.517524,0.543637096881866,0.000166506986715831,0,0,0,0,0,38
3,6044,920.677524,0.519917368888855,5.51494740648195E-05,0,0,0,0,0,38
3,6045,920.837524,0.528063118457794,7.97309112385847E-05,0,0,0,0,0,38
3,6046,920.997524,0.5256387591362,7.07487051840872E-05,0,0,0,0,0,38
3,6047,921.157524,0.54276430606842,0.000172244865098037,0,0,0,0,0,38
3,6048,921.317524,0.5253866314888,7.6043106673751E-05,0,0,0,0,0,38
3,6049,921.477524,0.51312917470932,4.15808644902427E-05,0,0,0,0,0,38
3,6050,921.637524,0.521294355392456,7.11688335286453E-05,0,0,0,0,0,38
3,6051,921.797524,0.51875364780426,7.35767971491441E-05,0,0,0,0,0,38
3,6052,921.957524,0.518617928028107,8.52626035339199E-05,0,0,0,0,0,38
3,6053,922.117524,0.529304385185242,0.000163060380145907,0,0,0,0,0,38
3,6054,922.277524,0.515010476112366,7.82954666647129E-05,0,0,0,0,0,38
3,6055,922.437524,0.51347827911377,7.91318379924633E-05,0,0,0,0,0,38
3,6056,922.597524,0.511344909667969,7.91318379924633E-05,0,0,0,0,0,38
3,6057,922.757524,0.510297536849976,8.47957926453091E-05,0,0,0,0,0,38
3,6058,922.917524,0.508299887180328,7.60236580390483E-05,0,0,0,0,0,38
3,6059,923.077524,0.50775682926178,8.16370520624332E-05,0,0,0,0,0,38
3,6060,923.237524,0.504886448383331,8.13025035313331E-05,0,0,0,0,0,38
3,6061,923.397524,0.517880916595459,0.000149141662404872,0,0,0,0,0,38
3,6062,923.557524,0.518579125404358,0.000156773996422999,0,0,0,0,0,38
3,6063,923.717524,0.499436527490616,7.96608874225058E-05,0,0,0,0,0,38
3,6064,923.877524,0.498796492815018,7.52145206206478E-05,0,0,0,0,0,38
3,6065,924.037524,0.497128546237946,7.29427119949833E-05,0,0,0,0,0,38
3,6066,924.197524,0.49705097079277,0.000132363726152107,0,0,0,0,0,38
3,6067,924.357524,0.507485330104828,0.000162577998708002,0,0,0,0,0,38
3,6068,924.517524,0.49307507276535,8.32280929898843E-05,0,0,0,0,0,38
3,6069,924.677524,0.489661574363709,7.18729424988851E-05,0,0,0,0,0,38
3,6070,924.837524,0.503043949604034,0.000122346769785509,0,0,0,0,0,38
3,6071,924.997524,0.486383885145187,3.38434874720406E-05,0,0,0,0,0,38
3,6072,925.157524,0.487237244844437,8.58927960507572E-05,0,0,0,0,0,38
3,6073,925.317524,0.496410936117172,0.000116515533591155,0,0,0,0,0,38
3,6074,925.477524,0.47635680437088,4.00131611968391E-05,0,0,0,0,0,38
3,6075,925.637524,0.481477022171021,7.13866829755716E-05,0,0,0,0,0,38
3,6076,925.797524,0.507310807704926,0.000211565828067251,0,0,0,0,0,38
3,6077,925.957524,0.478179931640625,5.82654283789452E-05,0,0,0,0,0,38
3,6078,926.117524,0.490049481391907,0.000138883508043364,0,0,0,0,0,38
3,6079,926.277524,0.474805235862732,3.70683665096294E-05,0,0,0,0,0,38
3,6080,926.437524,0.473079115152359,5.97008693148382E-05,0,0,0,0,0,38
3,6081,926.597524,0.482795864343643,0.000128337502246723,0,0,0,0,0,38
3,6082,926.757524,0.470790535211563,5.94869161432143E-05,0,0,0,0,0,38
3,6083,926.917524,0.467687368392944,6.62712191115133E-05,0,0,0,0,0,38
3,6084,927.077524,0.467803746461868,7.65838340157643E-05,0,0,0,0,0,38
3,6085,927.237524,0.464972108602524,3.89356064260937E-05,0,0,0,0,0,38
3,6086,927.397524,0.476899862289429,0.000129383930470794,0,0,0,0,0,38
3,6087,927.557524,0.462024122476578,6.48591230856255E-05,0,0,0,0,0,38
3,6088,927.717524,0.451143682003021,3.43453102686908E-05,0,0,0,0,0,38
3,6089,927.877524,0.473990648984909,0.000128788742586039,0,0,0,0,0,38
3,6090,928.037524,0.450212746858597,3.84999184461776E-05,0,0,0,0,0,38
3,6091,928.197524,0.455837190151215,6.20699283899739E-05,0,0,0,0,0,38
3,6092,928.357524,0.453587412834167,5.92340620642062E-05,0,0,0,0,0,38
3,6093,928.517524,0.462780505418777,0.000143586614285596,0,0,0,0,0,38
3,6094,928.677524,0.46113196015358,0.000124587459140457,0,0,0,0,0,38
3,6095,928.837524,0.438731074333191,2.57209958363092E-05,0,0,0,0,0,38
3,6096,928.997524,0.460298001766205,0.000133188426843844,0,0,0,0,0,38
3,6097,929.157524,0.445170104503632,6.13230367889628E-05,0,0,0,0,0,38
3,6098,929.317524,0.442978501319885,5.82732100156136E-05,0,0,0,0,0,38
3,6099,929.477524,0.443560361862183,5.42643238077289E-06,0,0,0,0,0,38
3,6100,929.637524,0.440651148557663,6.2388920923695E-05,0,0,0,0,0,38
3,6101,929.797524,0.441465705633163,7.83304785727523E-05,0,0,0,0,0,38
3,6102,929.957524,0.438847422599792,6.25289612798952E-05,0,0,0,0,0,38
3,6103,930.117524,0.427714854478836,4.31563457823358E-05,0,0,0,0,0,38
3,6104,930.277524,0.434153914451599,5.42080742889084E-05,0,0,0,0,0,38
3,6105,930.437524,0.433494478464127,2.21109985432122E-05,0,0,0,0,0,38
3,6106,930.597524,0.430876195430756,5.65343434573151E-05,0,0,0,0,0,38
3,6107,930.757524,0.430255562067032,6.28557245363481E-05,0,0,0,0,0,38
3,6108,930.917524,0.428975522518158,6.40811049379408E-05,0,0,0,0,0,38
3,6109,931.077524,0.427152425050735,4.84196280012839E-05,0,0,0,0,0,38
3,6110,931.237524,0.424941420555115,6.02454820182174E-05,0,0,0,0,0,38
3,6111,931.397524,0.440709322690964,0.000137739829369821,0,0,0,0,0,38
3,6112,931.557524,0.42195463180542,6.32797455182299E-05,0,0,0,0,0,38
3,6113,931.717524,0.419336348772049,5.29671378899366E-05,0,0,0,0,0,38
3,6114,931.877524,0.426861494779587,0.000117025134386495,0,0,0,0,0,38
3,6115,932.037524,0.416640490293503,4.82873656437732E-05,0,0,0,0,0,38
3,6116,932.197524,0.416834443807602,6.29335263511166E-05,0,0,0,0,0,38
3,6117,932.357524,0.41276153922081,5.08081393491011E-05,0,0,0,0,0,38
3,6118,932.517524,0.405604898929596,4.94738415000029E-05,0,0,0,0,0,38
3,6119,932.677524,0.406574636697769,3.86205101676751E-05,0,0,0,0,0,38
3,6120,932.837524,0.40969717502594,6.39643985778093E-05,0,0,0,0,0,38
3,6121,932.997524,0.402424156665802,3.07158625219017E-05,0,0,0,0,0,38
3,6122,933.157524,0.405992776155472,5.30994002474472E-05,0,0,0,0,0,38
3,6123,933.317524,0.410065680742264,8.38582855067216E-05,0,0,0,0,0,38
3,6124,933.477524,0.402521133422852,7.13516710675322E-05,0,0,0,0,0,38
3,6125,933.637524,0.395189940929413,4.39149152953178E-05,0,0,0,0,0,38
3,6126,933.797524,0.40040710568428,5.6339838920394E-05,0,0,0,0,0,38
3,6127,933.957524,0.398933112621307,6.26767869107425E-05,0,0,0,0,0,38
3,6128,934.117524,0.396838486194611,5.61453343834728E-05,0,0,0,0,0,38
3,6129,934.277524,0.394802033901215,5.73862707824446E-05,0,0,0,0,0,38
3,6130,934.437524,0.393269836902618,5.45613911526743E-05,0,0,0,0,0,38
3,6131,934.597524,0.388052672147751,4.95808853884228E-05,0,0,0,0,0,38
3,6132,934.757524,0.390321850776672,5.22650261700619E-05,0,0,0,0,0,38
3,6133,934.917524,0.395926922559738,7.94922962086275E-05,0,0,0,0,0,38
3,6134,935.077524,0.382951855659485,4.75452397949994E-05,0,0,0,0,0,38
3,6135,935.237524,0.385104686021805,5.13503655383829E-05,0,0,0,0,0,38
3,6136,935.397524,0.383553087711334,5.1123060984537E-05,0,0,0,0,0,38
3,6137,935.557524,0.385318011045456,7.45005236240104E-05,0,0,0,0,0,38
3,6138,935.717524,0.38161364197731,6.99128431733698E-05,0,0,0,0,0,38
3,6139,935.877524,0.383553087711334,6.98631047271192E-05,0,0,0,0,0,38
3,6140,936.037524,0.376377046108246,4.77406829304527E-05,0,0,0,0,0,38
3,6141,936.197524,0.375465512275696,4.27656159445178E-05,0,0,0,0,0,38
3,6142,936.357524,0.3739914894104,5.77347273065243E-05,0,0,0,0,0,38
3,6143,936.517524,0.372284770011902,3.71230089513119E-05,0,0,0,0,0,38
3,6144,936.677524,0.369996190071106,4.83332296425942E-05,0,0,0,0,0,38
3,6145,936.837524,0.367397308349609,4.54583059763536E-05,0,0,0,0,0,38
3,6146,936.997524,0.367591261863709,2.74339799943846E-05,0,0,0,0,0,38
3,6147,937.157524,0.371916264295578,6.24001186224632E-05,0,0,0,0,0,38
3,6148,937.317524,0.368793725967407,6.21895160293207E-05,0,0,0,0,0,38
3,6149,937.477524,0.361016452312469,4.61612034996506E-05,0,0,0,0,0,38
3,6150,937.637524,0.359154552221298,4.78929978271481E-05,0,0,0,0,0,38
3,6151,937.797524,0.359833359718323,4.78774563816842E-05,0,0,0,0,0,38
3,6152,937.957524,0.358049035072327,4.3759930122178E-05,0,0,0,0,0,38
3,6153,938.117524,0.356672018766403,4.57077585451771E-05,0,0,0,0,0,38
3,6154,938.277524,0.354868322610855,4.15676986449398E-05,0,0,0,0,0,38
3,6155,938.437524,0.358378767967224,6.04631677560974E-05,0,0,0,0,0,38
3,6156,938.597524,0.353083997964859,5.39443644811399E-05,0,0,0,0,0,38
3,6157,938.757524,0.35273489356041,5.4860192904016E-05,0,0,0,0,0,38
3,6158,938.917524,0.348739594221115,4.580878521665E-05,0,0,0,0,0,38
3,6159,939.077524,0.347149223089218,4.48502178187482E-05,0,0,0,0,0,38
3,6160,939.237524,0.345733404159546,4.40894255007152E-05,0,0,0,0,0,38
3,6161,939.397524,0.343580603599548,4.37035887443926E-05,0,0,0,0,0,38
3,6162,939.557524,0.342106580734253,4.31024927820545E-05,0,0,0,0,0,38
3,6163,939.717524,0.340865343809128,4.43773460574448E-05,0,0,0,0,0,38
3,6164,939.877524,0.339216768741608,4.41080737800803E-05,0,0,0,0,0,38
3,6165,940.037524,0.337587624788284,4.11721484852023E-05,0,0,0,0,0,38
3,6166,940.197524,0.335822701454163,4.12949302699417E-05,0,0,0,0,0,38
3,6167,940.357524,0.334329307079315,4.17448791267816E-05,0,0,0,0,0,38
3,6168,940.517524,0.332874715328217,4.12766676163301E-05,0,0,0,0,0,38
3,6169,940.677524,0.331070989370346,4.06425460823812E-05,0,0,0,0,0,38
3,6170,940.837524,0.329364269971848,3.98359043174423E-05,0,0,0,0,0,38
3,6171,940.997524,0.327929049730301,3.93486552638933E-05,0,0,0,0,0,38
3,6172,941.157524,0.326590806245804,4.05298633268103E-05,0,0,0,0,0,38
3,6173,941.317524,0.324515581130981,3.94108246837277E-05,0,0,0,0,0,38
3,6174,941.477524,0.322944611310959,3.86927749786992E-05,0,0,0,0,0,38
3,6175,941.637524,0.321470618247986,3.91007561120205E-05,0,0,0,0,0,38
3,6176,941.797524,0.320171177387238,3.79284829250537E-05,0,0,0,0,0,38
3,6177,941.957524,0.318580806255341,3.80396122636739E-05,0,0,0,0,0,38
3,6178,942.117524,0.316971033811569,3.78301810997073E-05,0,0,0,0,0,38
3,6179,942.277524,0.314934581518173,3.71272835764103E-05,0,0,0,0,0,38
3,6180,942.437524,0.31330543756485,3.69586487067863E-05,0,0,0,0,0,38
3,6181,942.597524,0.312064170837402,3.64430343324784E-05,0,0,0,0,0,38
3,6182,942.757524,0.310124695301056,3.61147067451384E-05,0,0,0,0,0,38
3,6183,942.917524,0.308941632509232,3.6185811040923E-05,0,0,0,0,0,38
3,6184,943.077524,0.307351261377335,3.5559460229706E-05,0,0,0,0,0,38
3,6185,943.237524,0.305411785840988,3.50166483258363E-05,0,0,0,0,0,38
3,6186,943.397524,0.30411234498024,3.49000802088995E-05,0,0,0,0,0,38
3,6187,943.557524,0.302269846200943,3.48612229572609E-05,0,0,0,0,0,38
3,6188,943.717524,0.300582498311996,3.29044560203329E-05,0,0,0,0,0,38
3,6189,943.877524,0.299089103937149,3.3594922570046E-05,0,0,0,0,0,38
3,6190,944.037524,0.297615110874176,3.34227916027885E-05,0,0,0,0,0,38
3,6191,944.197524,0.296005338430405,3.26328554365318E-05,0,0,0,0,0,38
3,6192,944.357524,0.293988287448883,3.245567495469E-05,0,0,0,0,0,38
3,6193,944.517524,0.292553097009659,3.25415458064526E-05,0,0,0,0,0,38
3,6194,944.677524,0.290962725877762,3.08474445773754E-05,0,0,0,0,0,38
3,6195,944.837524,0.28935295343399,3.10797986458056E-05,0,0,0,0,0,38
3,6196,944.997524,0.287704408168793,3.02529533655616E-05,0,0,0,0,0,38
3,6197,945.157524,0.286114037036896,3.08233538817149E-05,0,0,0,0,0,38
3,6198,945.317524,0.284581869840622,3.09247661789414E-05,0,0,0,0,0,38
3,6199,945.477524,0.282952696084976,3.01119071082212E-05,0,0,0,0,0,38
3,6200,945.637524,0.281304150819778,3.05416506307665E-05,0,0,0,0,0,38
3,6201,945.797524,0.28000470995903,3.07740046991967E-05,0,0,0,0,0,38
3,6202,945.957524,0.278336763381958,2.94921610475285E-05,0,0,0,0,0,38
3,6203,946.117524,0.276707619428635,2.97074202535441E-05,0,0,0,0,0,38
3,6204,946.277524,0.274981468915939,2.81155080301687E-05,0,0,0,0,0,38
3,6205,946.437524,0.273546278476715,2.89474046439864E-05,0,0,0,0,0,38
3,6206,946.597524,0.272130459547043,2.75820202659816E-05,0,0,0,0,0,38
3,6207,946.757524,0.269783705472946,2.57122901530238E-05,0,0,0,0,0,38
3,6208,946.917524,0.268794566392899,2.68651347141713E-05,0,0,0,0,0,38
3,6209,947.077524,0.266952067613602,2.57111241808161E-05,0,0,0,0,0,38
3,6210,947.237524,0.265400499105453,2.60961824096739E-05,0,0,0,0,0,38
3,6211,947.397524,0.263538599014282,2.47591615334386E-05,0,0,0,0,0,38
3,6212,947.557524,0.262103378772736,2.44949442276265E-05,0,0,0,0,0,38
3,6213,947.717524,0.260900914669037,2.58914133155486E-05,0,0,0,0,0,38
3,6214,947.877524,0.259349346160889,2.56730454566423E-05,0,0,0,0,0,38
3,6215,948.037524,0.257487446069717,2.33941664191661E-05,0,0,0,0,0,38
3,6216,948.197524,0.256188005208969,2.52930385613581E-05,0,0,0,0,0,38
3,6217,948.357524,0.254520058631897,2.51519923040178E-05,0,0,0,0,0,38
3,6218,948.517524,0.2529296875,2.30638925131643E-05,0,0,0,0,0,38
3,6219,948.677524,0.251242339611053,2.40286772168474E-05,0,0,0,0,0,38
3,6220,948.837524,0.249690771102905,2.45182582148118E-05,0,0,0,0,0,38
3,6221,948.997524,0.248139187693596,2.35865009017289E-05,0,0,0,0,0,38
3,6222,949.157524,0.246122136712074,2.05239048227668E-05,0,0,0,0,0,38
3,6223,949.317524,0.244202062487602,1.98035213543335E-05,0,0,0,0,0,38
3,6224,949.477524,0.243465065956116,2.09241170523455E-05,0,0,0,0,0,38
3,6225,949.637524,0.241855308413506,2.04796087928116E-05,0,0,0,0,0,38
3,6226,949.797524,0.240012809634209,2.05060296138981E-05,0,0,0,0,0,38
3,6227,949.957524,0.238480627536774,2.16786920645973E-05,0,0,0,0,0,38
3,6228,950.117524,0.23640538752079,1.7809064956964E-05,0,0,0,0,0,38
3,6229,950.277524,0.235105946660042,2.03560484806076E-05,0,0,0,0,0,38
3,6230,950.437524,0.233263447880745,1.96931723621674E-05,0,0,0,0,0,38
3,6231,950.597524,0.231964007019997,1.83219581231242E-05,0,0,0,0,0,38
3,6232,950.757524,0.230645164847374,1.92226307262899E-05,0,0,0,0,0,38
3,6233,950.917524,0.228860840201378,1.96613109437749E-05,0,0,0,0,0,38
3,6234,951.077524,0.227018341422081,1.65485889738193E-05,0,0,0,0,0,38
3,6235,951.237524,0.225583136081696,1.72545951500069E-05,0,0,0,0,0,38
3,6236,951.397524,0.223352745175362,1.40536731123575E-05,0,0,0,0,0,38
3,6237,951.557524,0.222363620996475,1.56133355631027E-05,0,0,0,0,0,38
3,6238,951.717524,0.220870226621628,1.64343546202872E-05,0,0,0,0,0,38
3,6239,951.877524,0.21912470459938,1.49038332892815E-05,0,0,0,0,0,38
3,6240,952.037524,0.217573121190071,1.59008668561E-05,0,0,0,0,0,38
3,6241,952.197524,0.216467618942261,1.89821148524061E-05,0,0,0,0,0,38
3,6242,952.357524,0.214372992515564,1.6616975699435E-05,0,0,0,0,0,38
3,6243,952.517524,0.213092938065529,1.67654034157749E-05,0,0,0,0,0,38
3,6244,952.677524,0.211677134037018,1.66632144100731E-05,0,0,0,0,0,38
3,6245,952.837524,0.210106149315834,1.52706288645277E-05,0,0,0,0,0,38
3,6246,952.997524,0.208147287368774,1.37055267259711E-05,0,0,0,0,0,38
3,6247,953.157524,0.206343576312065,1.267585412279E-05,0,0,0,0,0,38
3,6248,953.317524,0.204695031046867,1.15404936877894E-05,0,0,0,0,0,38
3,6249,953.477524,0.203221037983894,1.03056636362453E-05,0,0,0,0,0,38
3,6250,953.637524,0.201708242297173,1.24295092973625E-05,0,0,0,0,0,38
3,6251,953.797524,0.199904531240463,1.02058047559694E-05,0,0,0,0,0,38
3,6252,953.957524,0.197829306125641,7.42102520234766E-06,0,0,0,0,0,38
3,6253,954.117524,0.196413487195969,9.32222883420764E-06,0,0,0,0,0,38
3,6254,954.277524,0.194706752896309,8.0866211646935E-06,0,0,0,0,0,38
3,6255,954.437524,0.193407312035561,9.92177047010046E-06,0,0,0,0,0,38
3,6256,954.597524,0.19204968214035,1.03903685158002E-05,0,0,0,0,0,38
3,6257,954.757524,0.190459311008453,1.00993402156746E-05,0,0,0,0,0,38
3,6258,954.917524,0.188733175396919,8.67947437654948E-06,0,0,0,0,0,38
3,6259,955.077524,0.187181606888771,8.32374553283444E-06,0,0,0,0,0,38
3,6260,955.237524,0.185242131352425,7.72483417676995E-06,0,0,0,0,0,38
3,6261,955.397524,0.184020265936852,7.27177030057646E-06,0,0,0,0,0,38
3,6262,955.557524,0.182740211486816,6.86889097778476E-06,0,0,0,0,0,38
3,6263,955.717524,0.181091666221619,6.45013960820506E-06,0,0,0,0,0,38
3,6264,955.877524,0.179113402962685,5.94000493947533E-06,0,0,0,0,0,38
3,6265,956.037524,0.177426055073738,5.37178812010097E-06,0,0,0,0,0,38
3,6266,956.197524,0.176146015524864,5.19139484822517E-06,0,0,0,0,0,38
3,6267,956.357524,0.174594432115555,4.50008928964962E-06,0,0,0,0,0,38
3,6268,956.517524,0.172654956579208,4.02461728299386E-06,0,0,0,0,0,38
3,6269,956.677524,0.170870646834373,3.47102786690812E-06,0,0,0,0,0,38
3,6270,956.837524,0.169163912534714,3.14447629534698E-06,0,0,0,0,0,38
3,6271,956.997524,0.167728707194328,2.62582193499838E-06,0,0,0,0,0,38
3,6272,957.157524,0.166177123785019,2.37252470469684E-06,0,0,0,0,0,38
3,6273,957.317524,0.164858281612396,1.79497124008776E-06,0,0,0,0,0,38
3,6274,957.477524,0.163190335035324,1.22978883609903E-06,0,0,0,0,0,38
3,6276,957.797524,0.159835055470467,2.77361806411136E-07,0,0,0,0,0,38
3,6277,957.957524,0.158399850130081,-2.44041757468949E-07,0,0,0,0,0,38
3,6278,958.117524,0.156848266720772,-7.55557664433582E-07,0,0,0,0,0,38
3,6279,958.277524,0.154792428016663,-1.30541354792513E-06,0,0,0,0,0,38
3,6280,958.437524,0.153531774878502,-1.72551426658174E-06,0,0,0,0,0,38
3,6281,958.597524,0.151922002434731,-2.15387490243302E-06,0,0,0,0,0,38
3,6282,958.757524,0.150544986128807,-3.05113303511462E-06,0,0,0,0,0,38
3,6283,958.917524,0.148877039551735,-3.55247561856231E-06,0,0,0,0,0,38
3,6284,959.077524,0.147228494286537,-4.33823788625887E-06,0,0,0,0,0,38
3,6285,959.237524,0.145327806472778,-4.85331293020863E-06,0,0,0,0,0,38
3,6286,959.397524,0.143815010786057,-5.33294769411441E-06,0,0,0,0,0,38
3,6287,959.557524,0.142341017723084,-6.29778060101671E-06,0,0,0,0,0,38
3,6288,959.717524,0.140905812382698,-6.8875106080668E-06,0,0,0,0,0,38
3,6289,959.877524,0.139199078083038,-7.35776939109201E-06,0,0,0,0,0,38
3,6290,960.037524,0.137783259153366,-8.13567385193892E-06,0,0,0,0,0,38
3,6291,960.197524,0.135940760374069,-8.47774754220154E-06,0,0,0,0,0,38
3,6292,960.357524,0.134524941444397,-9.35539810598129E-06,0,0,0,0,0,38
3,6293,960.517524,0.132876396179199,-9.82705751084723E-06,0,0,0,0,0,38
3,6294,960.677524,0.131208449602127,-1.03762122307671E-05,0,0,0,0,0,38
3,6295,960.837524,0.129792630672455,-1.14643671622616E-05,0,0,0,0,0,38
3,6296,960.997524,0.12800832092762,-1.21141638373956E-05,0,0,0,0,0,38
3,6297,961.157524,0.126359775662422,-1.33395296870731E-05,0,0,0,0,0,38
3,6298,961.317524,0.124788798391819,-1.37947718030773E-05,0,0,0,0,0,38
3,6299,961.477524,0.123159646987915,-1.47116761581856E-05,0,0,0,0,0,38
3,6300,961.637524,0.121685646474361,-1.54439076140989E-05,0,0,0,0,0,38
3,6301,961.797524,0.120192252099514,-1.62685337272706E-05,0,0,0,0,0,38
3,6302,961.957524,0.118252784013748,-1.58519123942824E-05,0,0,0,0,0,38
3,6303,962.117524,0.116933941841125,-1.63383847393561E-05,0,0,0,0,0,38
3,6304,962.277524,0.115207813680172,-1.92035950021818E-05,0,0,0,0,0,38
3,6305,962.437524,0.113501079380512,-2.01547791220946E-05,0,0,0,0,0,38
3,6306,962.597524,0.111891314387321,-2.01792590814875E-05,0,0,0,0,0,38
3,6307,962.757524,0.110223367810249,-2.20404417632381E-05,0,0,0,0,0,38
3,6308,962.917524,0.108497239649296,-2.30658406508155E-05,0,0,0,0,0,38
3,6309,963.077524,0.106848686933517,-2.70497021119809E-05,0,0,0,0,0,38
3,6310,963.237524,0.105743192136288,-2.44848451984581E-05,0,0,0,0,0,38
3,6311,963.397524,0.104443743824959,-2.44525963353226E-05,0,0,0,0,0,38
3,6312,963.557524,0.102213352918625,-2.56679977610474E-05,0,0,0,0,0,38
3,6313,963.717524,0.101030275225639,-2.69067131739575E-05,0,0,0,0,0,38
3,6314,963.877524,0.0990520119667053,-2.96231082757004E-05,0,0,0,0,0,38
3,6315,964.037524,0.0976943820714951,-2.94467026833445E-05,0,0,0,0,0,38
3,6316,964.197524,0.0956773310899735,-3.33326497639064E-05,0,0,0,0,0,38
3,6317,964.357524,0.0938930213451386,-3.42679049936123E-05,0,0,0,0,0,38
3,6318,964.517524,0.09334996342659,-3.16816767735872E-05,0,0,0,0,0,38
3,6319,964.677524,0.0910613909363747,-3.45799126080237E-05,0,0,0,0,0,38
3,6320,964.837524,0.0893546566367149,-3.64935513061937E-05,0,0,0,0,0,38
3,6321,964.997524,0.0876479223370552,-3.84588674933184E-05,0,0,0,0,0,38
3,6322,965.157524,0.086232103407383,-3.85179264412727E-05,0,0,0,0,0,38
3,6323,965.317524,0.0848744735121727,-4.00367898691911E-05,0,0,0,0,0,38
3,6324,965.477524,0.0833810865879059,-3.76941898139194E-05,0,0,0,0,0,38
3,6325,965.637524,0.081635557115078,-4.11235814681277E-05,0,0,0,0,0,38
3,6326,965.797524,0.0797154828906059,-4.37272938142996E-05,0,0,0,0,0,38
3,6327,965.957524,0.0788427218794823,-4.2540646973066E-05,0,0,0,0,0,38
3,6328,966.117524,0.0769032463431358,-4.43532589997631E-05,0,0,0,0,0,38
3,6329,966.277524,0.0750995427370071,-4.78619185741991E-05,0,0,0,0,0,38
3,6330,966.437524,0.0734897777438164,-4.88985824631527E-05,0,0,0,0,0,38
3,6331,966.597524,0.0721321478486061,-4.76808490930125E-05,0,0,0,0,0,38
3,6332,966.757524,0.0701732784509659,-4.92568324261811E-05,0,0,0,0,0,38
3,6333,966.917524,0.0683695748448372,-5.27281881659292E-05,0,0,0,0,0,38
3,6334,967.077524,0.0671283081173897,-5.39777865924407E-05,0,0,0,0,0,38
3,6335,967.237524,0.0654991567134857,-5.6375953136012E-05,0,0,0,0,0,38
3,6336,967.397524,0.0639281868934631,-5.77393948333338E-05,0,0,0,0,0,38
3,6337,967.557524,0.0625511556863785,-5.52545789105352E-05,0,0,0,0,0,38
3,6338,967.717524,0.0609801858663559,-5.64668735023588E-05,0,0,0,0,0,38
3,6339,967.877524,0.0594092160463333,-5.64280162507202E-05,0,0,0,0,0,38
3,6340,968.037524,0.0575085319578648,-6.04134365858044E-05,0,0,0,0,0,38
3,6341,968.197524,0.0561509020626545,-6.14295058767311E-05,0,0,0,0,0,38
3,6342,968.357524,0.0541920363903046,-6.52649396215566E-05,0,0,0,0,0,38
3,6343,968.517524,0.0524077229201794,-6.68121720082127E-05,0,0,0,0,0,38
3,6344,968.677524,0.0512634329497814,-6.66800624458119E-05,0,0,0,0,0,38
3,6345,968.837524,0.04949851334095,-6.85645572957583E-05,0,0,0,0,0,38
3,6346,968.997524,0.0477335937321186,-7.14600755600259E-05,0,0,0,0,0,38
3,6347,969.157524,0.0461432300508022,-7.11406828486361E-05,0,0,0,0,0,38
3,6348,969.317524,0.045445017516613,-7.10858948878013E-05,0,0,0,0,0,38
3,6349,969.477524,0.0435637310147285,-7.15237983968109E-05,0,0,0,0,0,38
3,6350,969.637524,0.0420509427785873,-7.32750195311382E-05,0,0,0,0,0,38
3,6351,969.797524,0.0401114709675312,-7.66200973885134E-05,0,0,0,0,0,38
3,6352,969.957524,0.03859868273139,-7.59156464482658E-05,0,0,0,0,0,38
3,6353,970.117524,0.0365622378885746,-8.27169278636575E-05,0,0,0,0,0,38
3,6354,970.277524,0.0353209786117077,-8.15302773844451E-05,0,0,0,0,0,38
3,6355,970.437524,0.0331681631505489,-8.66495029185899E-05,0,0,0,0,0,38
3,6356,970.597524,0.0313838496804237,-8.70885705808178E-05,0,0,0,0,0,38
3,6357,970.757524,0.0303947199136019,-8.75202531460673E-05,0,0,0,0,0,38
3,6358,970.917524,0.0289207212626934,-8.82837630342692E-05,0,0,0,0,0,38
3,6359,971.077524,0.0273303538560867,-8.79080325830728E-05,0,0,0,0,0,38
3,6360,971.237524,0.0256042256951332,-8.97843710845336E-05,0,0,0,0,0,38
3,6361,971.397524,0.024498725309968,-8.97812569746748E-05,0,0,0,0,0,38
3,6362,971.557524,0.0227532014250755,-9.21258033486083E-05,0,0,0,0,0,38
3,6363,971.717524,0.0206585731357336,-9.83862191787921E-05,0,0,0,0,0,38
3,6364,971.877524,0.0192621536552906,-9.92616332951002E-05,0,0,0,0,0,38
3,6365,972.037524,0.0169347878545523,-0.000102807207440492,0,0,0,0,0,38
3,6366,972.197524,0.0160038396716118,-0.000101226949482225,0,0,0,0,0,38
3,6367,972.357524,0.0140837635844946,-0.000102714337117504,0,0,0,0,0,38
3,6368,972.517524,0.0129006858915091,-0.000102544930996373,0,0,0,0,0,38
3,6369,972.677524,0.011795187368989,-0.000104720063973218,0,0,0,0,0,38
3,6370,972.837524,0.00973934773355722,-0.000108886546513531,0,0,0,0,0,38
3,6371,972.997524,0.00783866550773382,-0.000111675988591742,0,0,0,0,0,38
3,6372,973.157524,0.00632587727159262,-0.00011442036338849,0,0,0,0,0,38
3,6373,973.317524,0.00471611600369215,-0.000114123504317831,0,0,0,0,0,38
3,6374,973.477524,0.00279603921808302,-0.000117244773718994,0,0,0,0,0,38
3,6375,973.637524,0.00157417205628008,-0.000118807540275157,0,0,0,0,0,38
3,6376,973.797524,0.000429883832111955,-0.000116426082968246,0,0,0,0,0,38
3,6377,973.957524,-0.00139321945607662,-0.000121085256978404,0,0,0,0,0,38
3,6378,974.117524,-0.00381755898706615,-0.000127218605484813,0,0,0,0,0,38
3,6379,974.277524,-0.00515579432249069,-0.000125932492665015,0,0,0,0,0,38
3,6380,974.437524,-0.00662979250773788,-0.000127253573737107,0,0,0,0,0,38
3,6381,974.597524,-0.0080068176612258,-0.000127867111586966,0,0,0,0,0,38
3,6382,974.757524,-0.00948081631213427,-0.000128985368064605,0,0,0,0,0,38
3,6383,974.917524,-0.0110129984095693,-0.000131845925352536,0,0,0,0,0,38
3,6384,975.077524,-0.0126033648848534,-0.000132085275254212,0,0,0,0,0,38
3,6385,975.237524,-0.0138640217483044,-0.000134781454107724,0,0,0,0,0,38
3,6386,975.397524,-0.0157840978354216,-0.000138153351144865,0,0,0,0,0,38
3,6387,975.557524,-0.0173550713807344,-0.000140597752761096,0,0,0,0,0,38
3,6388,975.717524,-0.018945436924696,-0.000144292134791613,0,0,0,0,0,38
3,6389,975.877524,-0.0204194355756044,-0.000146572579978965,0,0,0,0,0,38
3,6390,976.037524,-0.0228825639933348,-0.000151474203448743,0,0,0,0,0,38
3,6391,976.197524,-0.0237359311431646,-0.000151658765389584,0,0,0,0,0,38
3,6392,976.357524,-0.0257529821246862,-0.000156641224748455,0,0,0,0,0,38
3,6393,976.517524,-0.0272463746368885,-0.000161294956342317,0,0,0,0,0,38
3,6394,976.677524,-0.0291858464479446,-0.000162291995366104,0,0,0,0,0,38
3,6395,976.837524,-0.030970161780715,-0.000167375852470286,0,0,0,0,0,38
3,6396,976.997524,-0.0323471873998642,-0.000169635299243964,0,0,0,0,0,38
3,6397,977.157524,-0.033627238124609,-0.00016940945351962,0,0,0,0,0,38
3,6398,977.317524,-0.0350236557424068,-0.000171926338225603,0,0,0,0,0,38
3,6399,977.477524,-0.0388832055032253,-0.000189742917427793,0,0,0,0,0,38
3,6400,977.637524,-0.0380492322146893,-0.000176940651726909,0,0,0,0,0,38
3,6401,977.797524,-0.0389607846736908,-0.000173875276232138,0,0,0,0,0,38
3,6402,977.957524,-0.0441973581910133,-0.000203229836188257,0,0,0,0,0,38
3,6403,978.117524,-0.0456325672566891,-0.000207007105927914,0,0,0,0,0,38
3,6404,978.277524,-0.0481732748448849,-0.000216849017306231,0,0,0,0,0,38
3,6405,978.437524,-0.0487745106220245,-0.0002134296373697,0,0,0,0,0,38
3,6406,978.597524,-0.0498024299740791,-0.000212651619222015,0,0,0,0,0,38
3,6407,978.757524,-0.0504424571990967,-0.000208559256861918,0,0,0,0,0,38
3,6408,978.917524,-0.0518388748168945,-0.00021005304006394,0,0,0,0,0,38
3,6409,979.077524,-0.0538365319371223,-0.00021756868227385,0,0,0,0,0,38
3,6410,979.237524,-0.0540110841393471,-0.000208707075216807,0,0,0,0,0,38
3,6411,979.397524,-0.0563966333866119,-0.000218642351683229,0,0,0,0,0,38
3,6412,979.557524,-0.0581421591341496,-0.000223831724724732,0,0,0,0,0,38
3,6413,979.717524,-0.0570948421955109,-0.000205178774194792,0,0,0,0,0,38
3,6414,979.877524,-0.0590537078678608,-0.000214122075703926,0,0,0,0,0,38
3,6415,980.037524,-0.0633399412035942,-0.000235770377912559,0,0,0,0,0,38
3,6416,980.197524,-0.0635920763015747,-0.000231226760661229,0,0,0,0,0,38
3,6417,980.357524,-0.0659970194101334,-0.000237968284636736,0,0,0,0,0,38
3,6418,980.517524,-0.0694298818707466,-0.000255691498750821,0,0,0,0,0,38
3,6419,980.677524,-0.0676649659872055,-0.000234152103075758,0,0,0,0,0,38
3,6420,980.837524,-0.0703414306044579,-0.000246682058786973,0,0,0,0,0,38
3,6421,980.997524,-0.0695074647665024,-0.00023093112395145,0,0,0,0,0,38
3,6422,981.157524,-0.0701668784022331,-0.000225158233661205,0,0,0,0,0,38
3,6423,981.317524,-0.07567498087883,-0.000258161715464666,0,0,0,0,0,38
3,6424,981.477524,-0.0730372965335846,-0.000231409605476074,0,0,0,0,0,38
3,6425,981.637524,-0.0771489813923836,-0.000251949240919203,0,0,0,0,0,38
3,6426,981.797524,-0.0809115543961525,-0.000272558885626495,0,0,0,0,0,38
3,6427,981.957524,-0.0821916088461876,-0.000268972245976329,0,0,0,0,0,38
3,6428,982.117524,-0.084771104156971,-0.000280451873550192,0,0,0,0,0,38
3,6429,982.277524,-0.0854111313819885,-0.000274807360256091,0,0,0,0,0,38
3,6430,982.437524,-0.085857205092907,-0.000268773845164105,0,0,0,0,0,38
3,6431,982.597524,-0.0849844440817833,-0.000250000302912667,0,0,0,0,0,38
3,6432,982.757524,-0.0896585732698441,-0.000273667566943914,0,0,0,0,0,38
3,6433,982.917524,-0.0934793278574944,-0.0002940671693068,0,0,0,0,0,38
3,6434,983.077524,-0.0959812477231026,-0.000303022126900032,0,0,0,0,0,38
3,6435,983.237524,-0.0941193550825119,-0.000273951562121511,0,0,0,0,0,38
3,6436,983.397524,-0.0973970592021942,-0.00029080337844789,0,0,0,0,0,38
3,6437,983.557524,-0.0992589518427849,-0.00029265895136632,0,0,0,0,0,38
3,6438,983.717524,-0.0986577197909355,-0.00027762379613705,0,0,0,0,0,38
3,6439,983.877524,-0.100829929113388,-0.000282564200460911,0,0,0,0,0,38
3,6440,984.037524,-0.10189663618803,-0.000277013052254915,0,0,0,0,0,38
3,6441,984.197524,-0.105698004364967,-0.000294744037091732,0,0,0,0,0,38
3,6442,984.357524,-0.104592502117157,-0.000275643746135756,0,0,0,0,0,38
3,6443,984.517524,-0.104805842041969,-0.000263876223471016,0,0,0,0,0,38
3,6444,984.677524,-0.10802536457777,-0.000276402308372781,0,0,0,0,0,38
3,6445,984.837524,-0.111400045454502,-0.000289605231955647,0,0,0,0,0,38
3,6446,984.997524,-0.110721230506897,-0.000267614610493183,0,0,0,0,0,38
3,6447,985.157524,-0.11399894207716,-0.000283373316051438,0,0,0,0,0,38
3,6448,985.317524,-0.11264131218195,-0.000256667903158814,0,0,0,0,0,38
3,6449,985.477524,-0.116423279047012,-0.000273189099971205,0,0,0,0,0,38
3,6450,985.637524,-0.121271960437298,-0.000298879196634516,0,0,0,0,0,38
3,6451,985.797524,-0.118323959410191,-0.000261273758951575,0,0,0,0,0,38
3,6452,985.957524,-0.121310748159885,-0.000272025965387002,0,0,0,0,0,38
3,6453,986.117524,-0.124278135597706,-0.00027858852990903,0,0,0,0,0,38
3,6454,986.277524,-0.121407717466354,-0.000244196300627664,0,0,0,0,0,38
3,6455,986.437524,-0.124879375100136,-0.000256527855526656,0,0,0,0,0,38
3,6456,986.597524,-0.126566708087921,-0.000252633908530697,0,0,0,0,0,38
3,6457,986.757524,-0.130135342478752,-0.00027031431091018,0,0,0,0,0,38
3,6458,986.917524,-0.130484446883202,-0.000255839317105711,0,0,0,0,0,38
3,6459,987.077524,-0.131609335541725,-0.000252785597695038,0,0,0,0,0,38
3,6460,987.237524,-0.133897915482521,-0.00025305402232334,0,0,0,0,0,38
3,6461,987.397524,-0.138378098607063,-0.00027228269027546,0,0,0,0,0,38
3,6462,987.557524,-0.137388959527016,-0.000252291560173035,0,0,0,0,0,38
3,6463,987.717524,-0.141849756240845,-0.000272765086265281,0,0,0,0,0,38
3,6464,987.877524,-0.140627890825272,-0.000248852738877758,0,0,0,0,0,38
3,6465,988.037524,-0.140530914068222,-0.000233724204008468,0,0,0,0,0,38
3,6466,988.197524,-0.145224437117577,-0.000255637045484036,0,0,0,0,0,38
3,6467,988.357524,-0.146135985851288,-0.000247720716288313,0,0,0,0,0,38
3,6468,988.517524,-0.145108059048653,-0.000223660550545901,0,0,0,0,0,38
3,6469,988.677524,-0.149239137768745,-0.000241800007643178,0,0,0,0,0,38
3,6470,988.837524,-0.151915609836578,-0.00024677932378836,0,0,0,0,0,38
3,6471,988.997524,-0.15197379887104,-0.000232144826441072,0,0,0,0,0,38
3,6472,989.157524,-0.15112042427063,-0.000212663289858028,0,0,0,0,0,38
3,6473,989.317524,-0.153253838419914,-0.000214546089409851,0,0,0,0,0,38
3,6474,989.477524,-0.154553294181824,-0.000210597660043277,0,0,0,0,0,38
3,6475,989.637524,-0.157171577215195,-0.000216125466977246,0,0,0,0,0,38
3,6476,989.797524,-0.15885891020298,-0.000211791906622238,0,0,0,0,0,38
3,6477,989.957524,-0.161457806825638,-0.00022111255384516,0,0,0,0,0,38
3,6478,990.117524,-0.160138964653015,-0.000195718093891628,0,0,0,0,0,38
3,6479,990.277524,-0.164599746465683,-0.000213554114452563,0,0,0,0,0,38
3,6480,990.437524,-0.167431384325027,-0.000220832458580844,0,0,0,0,0,38
3,6481,990.597524,-0.168498083949089,-0.000215755906538107,0,0,0,0,0,38
3,6482,990.757524,-0.167819276452065,-0.000195305736269802,0,0,0,0,0,38
3,6483,990.917524,-0.172900691628456,-0.000219941633986309,0,0,0,0,0,38
3,6484,991.077524,-0.175926268100739,-0.000228993856580928,0,0,0,0,0,38
3,6485,991.237524,-0.173579499125481,-0.000196126551600173,0,0,0,0,0,38
3,6486,991.397524,-0.174374684691429,-0.000190867154742591,0,0,0,0,0,38
3,6487,991.557524,-0.174820765852928,-0.000179021852090955,0,0,0,0,0,38
3,6488,991.717524,-0.182850182056427,-0.000227006021304987,0,0,0,0,0,38
3,6489,991.877524,-0.182345911860466,-0.000207929057069123,0,0,0,0,0,38
3,6490,992.037524,-0.180018544197083,-0.00017759419279173,0,0,0,0,0,38
3,6491,992.197524,-0.181143447756767,-0.000174093118403107,0,0,0,0,0,38
3,6492,992.357524,-0.186670944094658,-0.000200211128685623,0,0,0,0,0,38
3,6493,992.517524,-0.188261300325394,-0.000196538894670084,0,0,0,0,0,38
3,6494,992.677524,-0.188009172677994,-0.000182908042916097,0,0,0,0,0,38
3,6495,992.837524,-0.1914032548666,-0.00019431377586443,0,0,0,0,0,38
3,6496,992.997524,-0.192528143525124,-0.000187389421625994,0,0,0,0,0,38
3,6497,993.157524,-0.193633645772934,-0.000182608506293036,0,0,0,0,0,38
3,6498,993.317524,-0.194855511188507,-0.000179811540874653,0,0,0,0,0,38
3,6499,993.477524,-0.201216980814934,-0.000213359613553621,0,0,0,0,0,38
3,6500,993.637524,-0.198307767510414,-0.000176563320565037,0,0,0,0,0,38
3,6501,993.797524,-0.20075149834156,-0.000183028634637594,0,0,0,0,0,38
3,6502,993.957524,-0.202768549323082,-0.000184771401109174,0,0,0,0,0,38
3,6503,994.117524,-0.205561399459839,-0.000192707171663642,0,0,0,0,0,38
3,6504,994.277524,-0.201333343982697,-0.000145314290421084,0,0,0,0,0,38
3,6505,994.437524,-0.206763863563538,-0.000173077802173793,0,0,0,0,0,38
3,6506,994.597524,-0.207403883337975,-0.000165997858857736,0,0,0,0,0,38
3,6507,994.757524,-0.209673076868057,-0.000170327519299462,0,0,0,0,0,38
3,6508,994.917524,-0.210953116416931,-0.000164196753758006,0,0,0,0,0,38
3,6509,995.077524,-0.212815016508102,-0.000163640463142656,0,0,0,0,0,38
3,6510,995.237524,-0.21541391313076,-0.000172116953763179,0,0,0,0,0,38
3,6511,995.397524,-0.218924358487129,-0.000182056115590967,0,0,0,0,0,38
3,6512,995.557524,-0.216868504881859,-0.000156280424562283,0,0,0,0,0,38
3,6513,995.717524,-0.218691617250443,-0.000156330992467701,0,0,0,0,0,38
3,6514,995.877524,-0.220902606844902,-0.000160143274115399,0,0,0,0,0,38
3,6515,996.037524,-0.222085684537888,-0.000155319576151669,0,0,0,0,0,38
3,6516,996.197524,-0.222066298127174,-0.000140871808980592,0,0,0,0,0,38
3,6517,996.357524,-0.226274952292442,-0.00015795705257915,0,0,0,0,0,38
3,6518,996.517524,-0.225693106651306,-0.00014227612700779,0,0,0,0,0,38
3,6519,996.677524,-0.227962285280228,-0.000146193444379605,0,0,0,0,0,38
3,6520,996.837524,-0.228738084435463,-0.00014131139323581,0,0,0,0,0,38
3,6521,996.997524,-0.2296302318573,-0.000133064415422268,0,0,0,0,0,38
3,6522,997.157524,-0.234731048345566,-0.000158750626724213,0,0,0,0,0,38
3,6523,997.317524,-0.238144516944885,-0.00017165404278785,0,0,0,0,0,38
3,6524,997.477524,-0.23806694149971,-0.00015558410086669,0,0,0,0,0,38
3,6525,997.637524,-0.2374656945467,-0.000138059273012914,0,0,0,0,0,38
3,6526,997.797524,-0.238765150308609,-0.000133947454742156,0,0,0,0,0,38
3,6527,997.957524,-0.240006402134895,-0.000133185007143766,0,0,0,0,0,38
3,6528,998.117524,-0.245068430900574,-0.000158548340550624,0,0,0,0,0,38
3,6529,998.277524,-0.242508322000504,-0.000125093632959761,0,0,0,0,0,38
3,6530,998.437524,-0.24274106323719,-0.000114928843686357,0,0,0,0,0,38
3,6531,998.597524,-0.246775165200233,-0.000131488923216239,0,0,0,0,0,38
3,6532,998.757524,-0.249374061822891,-0.000136514921905473,0,0,0,0,0,38
3,6533,998.917524,-0.249781340360641,-0.000126700237160549,0,0,0,0,0,38
3,6534,999.077524,-0.25263237953186,-0.000135355672682635,0,0,0,0,0,38
3,6535,999.237524,-0.255910068750381,-0.000149293831782416,0,0,0,0,0,38
3,6536,999.397524,-0.257287085056305,-0.000145944475661963,0,0,0,0,0,38
3,6537,999.557524,-0.259459316730499,-0.00014862474927213,0,0,0,0,0,38
3,6538,999.717524,-0.25655010342598,-0.000113672351290006,0,0,0,0,0,38
3,6539,999.877524,-0.26273700594902,-0.000147679456858896,0,0,0,0,0,38
3,6540,1000.037524,-0.25967264175415,-0.000110155713628046,0,0,0,0,0,38
3,6541,1000.197524,-0.264094650745392,-0.000132613160531037,0,0,0,0,0,38
3,6542,1000.357524,-0.267643868923187,-0.000146574675454758,0,0,0,0,0,38
3,6543,1000.517524,-0.267100811004639,-0.000127093138871714,0,0,0,0,0,38
3,6544,1000.677524,-0.269563943147659,-0.000134511530632153,0,0,0,0,0,38
3,6545,1000.837524,-0.272841662168503,-0.000145905578392558,0,0,0,0,0,38
3,6546,1000.997524,-0.272589534521103,-0.000133861874928698,0,0,0,0,0,38
3,6547,1001.157524,-0.272162854671478,-0.000117690804472659,0,0,0,0,0,38
3,6548,1001.317524,-0.271755546331406,-0.000102111021988094,0,0,0,0,0,38
3,6549,1001.477524,-0.278582483530045,-0.000139152398332953,0,0,0,0,0,38
3,6550,1001.637524,-0.27790367603302,-0.000120343844173476,0,0,0,0,0,38
3,6551,1001.797524,-0.275731474161148,-9.11915558390319E-05,0,0,0,0,0,38
3,6552,1001.957524,-0.280541360378265,-0.000115897477371618,0,0,0,0,0,38
3,6553,1002.117524,-0.282131731510162,-0.000113929098006338,0,0,0,0,0,38
3,6554,1002.277524,-0.28327602148056,-0.000112369169073645,0,0,0,0,0,38
3,6555,1002.437524,-0.28583613038063,-0.000116523777251132,0,0,0,0,0,38
3,6556,1002.597524,-0.289385348558426,-0.00013264428707771,0,0,0,0,0,38
3,6557,1002.757524,-0.289773255586624,-0.000122899626148865,0,0,0,0,0,38
3,6558,1002.917524,-0.293186724185944,-0.000135005568154156,0,0,0,0,0,38
3,6559,1003.077524,-0.293807357549667,-0.000127120365505107,0,0,0,0,0,38
3,6560,1003.237524,-0.294486165046692,-0.000119126241770573,0,0,0,0,0,38
3,6561,1003.397524,-0.296212285757065,-0.000120231030450668,0,0,0,0,0,38
3,6562,1003.557524,-0.298248738050461,-0.000120623924885876,0,0,0,0,0,38
3,6563,1003.717524,-0.298830568790436,-0.000115251721581444,0,0,0,0,0,38
3,6564,1003.877524,-0.300091236829758,-0.000108926447865088,0,0,0,0,0,38
3,6565,1004.037524,-0.303136199712753,-0.00012249116844032,0,0,0,0,0,38
3,6566,1004.197524,-0.30472657084465,-0.000122265540994704,0,0,0,0,0,38
3,6567,1004.357524,-0.303601682186127,-9.77424570010044E-05,0,0,0,0,0,38
3,6568,1004.517524,-0.307247877120972,-0.000115586270112544,0,0,0,0,0,38
3,6569,1004.677524,-0.305967837572098,-9.32922048377804E-05,0,0,0,0,0,38
3,6570,1004.837524,-0.31095227599144,-0.000116080307634547,0,0,0,0,0,38
3,6571,1004.997524,-0.311689287424088,-0.000109603322925977,0,0,0,0,0,38
3,6572,1005.157524,-0.315141528844833,-0.00012126968067605,0,0,0,0,0,38
3,6573,1005.317524,-0.316266417503357,-0.000117371819214895,0,0,0,0,0,38
3,6574,1005.477524,-0.31708100438118,-0.000113337802758906,0,0,0,0,0,38
3,6575,1005.637524,-0.316634923219681,-9.83726495178416E-05,0,0,0,0,0,38
3,6576,1005.797524,-0.322763651609421,-0.000128256273455918,0,0,0,0,0,38
3,6577,1005.957524,-0.323190331459045,-0.000122498953714967,0,0,0,0,0,38
3,6578,1006.117524,-0.320959955453873,-9.31910617509857E-05,0,0,0,0,0,38
3,6579,1006.277524,-0.324450999498367,-0.00010831342660822,0,0,0,0,0,38
3,6580,1006.437524,-0.326390475034714,-0.000108178988739382,0,0,0,0,0,38
3,6581,1006.597524,-0.327592939138412,-0.00010500370990485,0,0,0,0,0,38
3,6582,1006.757524,-0.32959058880806,-0.000108850799733773,0,0,0,0,0,38
3,6583,1006.917524,-0.331180959939957,-0.000106676445284393,0,0,0,0,0,38
3,6584,1007.077524,-0.333023458719254,-0.000106458071968518,0,0,0,0,0,38
3,6585,1007.237524,-0.334167748689651,-0.000104625643871259,0,0,0,0,0,38
3,6586,1007.397524,-0.336611479520798,-0.000113920679723378,0,0,0,0,0,38
3,6587,1007.557524,-0.337426066398621,-0.000103954218502622,0,0,0,0,0,38
3,6588,1007.717524,-0.339326739311218,-0.000104756589280441,0,0,0,0,0,38
3,6589,1007.877524,-0.340723156929016,-0.000104027269117069,0,0,0,0,0,38
3,6590,1008.037524,-0.342934161424637,-0.000106363266240805,0,0,0,0,0,38
3,6591,1008.197524,-0.344272404909134,-0.000104935323179234,0,0,0,0,0,38
3,6592,1008.357524,-0.345048189163208,-9.82253550319001E-05,0,0,0,0,0,38
3,6593,1008.517524,-0.346910089254379,-0.000102227088063955,0,0,0,0,0,38
3,6594,1008.677524,-0.349082291126251,-0.000102729107311461,0,0,0,0,0,38
3,6595,1008.837524,-0.350478708744049,-0.000101083183835726,0,0,0,0,0,38
3,6596,1008.997524,-0.351778149604797,-9.88785177469254E-05,0,0,0,0,0,38
3,6597,1009.157524,-0.35344609618187,-9.81993216555566E-05,0,0,0,0,0,38
3,6598,1009.317524,-0.355715274810791,-0.000101031502708793,0,0,0,0,0,38
3,6599,1009.477524,-0.35625833272934,-9.72065608948469E-05,0,0,0,0,0,38
3,6600,1009.637524,-0.358411133289337,-9.98378600343131E-05,0,0,0,0,0,38
3,6601,1009.797524,-0.359749376773834,-9.57988231675699E-05,0,0,0,0,0,38
3,6602,1009.957524,-0.361436724662781,-9.91714841802605E-05,0,0,0,0,0,38
3,6603,1010.117524,-0.362813740968704,-9.66330553637818E-05,0,0,0,0,0,38
3,6604,1010.277524,-0.364656239748001,-9.74738868535496E-05,0,0,0,0,0,38
3,6605,1010.437524,-0.366809070110321,-9.9358381703496E-05,0,0,0,0,0,38
3,6606,1010.597524,-0.367817580699921,-9.62561534834094E-05,0,0,0,0,0,38
3,6607,1010.757524,-0.368903696537018,-9.34826384764165E-05,0,0,0,0,0,38
3,6608,1010.917524,-0.371056497097015,-9.67169835348614E-05,0,0,0,0,0,38
3,6609,1011.077524,-0.372821420431137,-9.5854775281623E-05,0,0,0,0,0,38
3,6610,1011.237524,-0.373868733644485,-9.08676593098789E-05,0,0,0,0,0,38
3,6611,1011.397524,-0.37619611620903,-9.60882971412502E-05,0,0,0,0,0,38
3,6612,1011.557524,-0.377495557069778,-9.54514543991536E-05,0,0,0,0,0,38
3,6613,1011.717524,-0.3792604804039,-9.37791119213216E-05,0,0,0,0,0,38
3,6614,1011.877524,-0.380501717329025,-9.13723924895749E-05,0,0,0,0,0,38
3,6615,1012.037524,-0.381898134946823,-9.16735225473531E-05,0,0,0,0,0,38
3,6616,1012.197524,-0.384206116199493,-9.50209359871224E-05,0,0,0,0,0,38
3,6617,1012.357524,-0.385331004858017,-9.08723231987096E-05,0,0,0,0,0,38
3,6618,1012.517524,-0.387425631284714,-9.45616629905999E-05,0,0,0,0,0,38
3,6619,1012.677524,-0.38911297917366,-9.38156372285448E-05,0,0,0,0,0,38
3,6620,1012.837524,-0.390140891075134,-8.89423681655899E-05,0,0,0,0,0,38
3,6621,1012.997524,-0.392196744680405,-9.2784408479929E-05,0,0,0,0,0,38
3,6622,1013.157524,-0.393515586853027,-8.88223003130406E-05,0,0,0,0,0,38
3,6623,1013.317524,-0.39559081196785,-9.33023547986522E-05,0,0,0,0,0,38
3,6624,1013.477524,-0.396773904561996,-8.91304298420437E-05,0,0,0,0,0,38
3,6625,1013.637524,-0.398015171289444,-8.77230777405202E-05,0,0,0,0,0,38
3,6626,1013.797524,-0.400245547294617,-9.06799905351363E-05,0,0,0,0,0,38
3,6627,1013.957524,-0.401040732860565,-8.48302806844004E-05,0,0,0,0,0,38
3,6628,1014.117524,-0.403329312801361,-8.96895580808632E-05,0,0,0,0,0,38
3,6629,1014.277524,-0.405094236135483,-9.06792120076716E-05,0,0,0,0,0,38
3,6630,1014.437524,-0.406180322170258,-8.81788582773879E-05,0,0,0,0,0,38
3,6631,1014.597524,-0.408139199018478,-8.89753937372006E-05,0,0,0,0,0,38
3,6632,1014.757524,-0.409690767526627,-8.97171485121362E-05,0,0,0,0,0,38
3,6633,1014.917524,-0.410835057497025,-8.41670189402066E-05,0,0,0,0,0,38
3,6634,1015.077524,-0.412735760211945,-8.61851731315255E-05,0,0,0,0,0,38
3,6635,1015.237524,-0.414714008569717,-8.88821377884597E-05,0,0,0,0,0,38
3,6636,1015.397524,-0.415761321783066,-8.47156552481465E-05,0,0,0,0,0,38
3,6637,1015.557524,-0.417468070983887,-8.4685736510437E-05,0,0,0,0,0,38
3,6638,1015.717524,-0.419310539960861,-8.60732689034194E-05,0,0,0,0,0,38
3,6639,1015.877524,-0.420629382133484,-8.47195406095125E-05,0,0,0,0,0,38
3,6640,1016.037524,-0.42251068353653,-8.56648985063657E-05,0,0,0,0,0,38
3,6641,1016.197524,-0.423461019992828,-8.22902948129922E-05,0,0,0,0,0,38
3,6642,1016.357524,-0.425361692905426,-8.13946680864319E-05,0,0,0,0,0,38
3,6643,1016.517524,-0.427029639482498,-8.20602654130198E-05,0,0,0,0,0,38
3,6644,1016.677524,-0.429007917642593,-8.35053069749847E-05,0,0,0,0,0,38
3,6645,1016.837524,-0.430016428232193,-8.00362831796519E-05,0,0,0,0,0,38
3,6646,1016.997524,-0.431800752878189,-8.08604090707377E-05,0,0,0,0,0,38
3,6647,1017.157524,-0.433449298143387,-7.82294955570251E-05,0,0,0,0,0,38
3,6648,1017.317524,-0.435311198234558,-8.36203180369921E-05,0,0,0,0,0,38
3,6649,1017.477524,-0.436785191297531,-8.11646459624171E-05,0,0,0,0,0,38
3,6650,1017.637524,-0.438142836093903,-8.22735819383524E-05,0,0,0,0,0,38
3,6651,1017.797524,-0.440101683139801,-8.02185095380992E-05,0,0,0,0,0,38
3,6652,1017.957524,-0.441323548555374,-8.07928008725867E-05,0,0,0,0,0,38
3,6653,1018.117524,-0.44285574555397,-8.13255101093091E-05,0,0,0,0,0,38
3,6654,1018.277524,-0.444833993911743,-7.90260382927954E-05,0,0,0,0,0,38
3,6655,1018.437524,-0.44652134180069,-7.9865705629345E-05,0,0,0,0,0,38
3,6656,1018.597524,-0.448072910308838,-8.04166775196791E-05,0,0,0,0,0,38
3,6657,1018.757524,-0.449527531862259,-7.93761209934019E-05,0,0,0,0,0,38
3,6658,1018.917524,-0.451098501682281,-7.89063560659997E-05,0,0,0,0,0,38
3,6659,1019.077524,-0.45270824432373,-7.81871422077529E-05,0,0,0,0,0,38
3,6660,1019.237524,-0.454162865877151,-7.68221434555016E-05,0,0,0,0,0,38
3,6661,1019.397524,-0.456315666437149,-7.84024014137685E-05,0,0,0,0,0,38
3,6662,1019.557524,-0.457537531852722,-7.76680317358114E-05,0,0,0,0,0,38
3,6663,1019.717524,-0.458895176649094,-7.30799656594172E-05,0,0,0,0,0,38
3,6664,1019.877524,-0.460757076740265,-7.61926858103834E-05,0,0,0,0,0,38
3,6665,1020.037524,-0.462153494358063,-7.55853761802427E-05,0,0,0,0,0,38
3,6666,1020.197524,-0.463743835687637,-7.53300919313915E-05,0,0,0,0,0,38
3,6667,1020.357524,-0.465528160333633,-7.57143716327846E-05,0,0,0,0,0,38
3,6668,1020.517524,-0.466847002506256,-7.33748820493929E-05,0,0,0,0,0,38
3,6669,1020.677524,-0.468689501285553,-7.66228185966611E-05,0,0,0,0,0,38
3,6670,1020.837524,-0.47027987241745,-7.40680625312962E-05,0,0,0,0,0,38
3,6671,1020.997524,-0.471831440925598,-7.33142660465091E-05,0,0,0,0,0,38
3,6672,1021.157524,-0.473518788814545,-7.27648439351469E-05,0,0,0,0,0,38
3,6673,1021.317524,-0.475516438484192,-7.53028944018297E-05,0,0,0,0,0,38
3,6674,1021.477524,-0.47691285610199,-7.34273344278336E-05,0,0,0,0,0,38
3,6675,1021.637524,-0.478755354881287,-7.75277658249252E-05,0,0,0,0,0,38
3,6676,1021.797524,-0.479356586933136,-7.2202215960715E-05,0,0,0,0,0,38
3,6677,1021.957524,-0.481334865093231,-7.37502268748358E-05,0,0,0,0,0,38
3,6678,1022.117524,-0.48269248008728,-7.08333391230553E-05,0,0,0,0,0,38
3,6679,1022.277524,-0.484690129756927,-7.45211218600161E-05,0,0,0,0,0,38
3,6680,1022.437524,-0.485911995172501,-7.13042682036757E-05,0,0,0,0,0,38
3,6681,1022.597524,-0.487618744373322,-7.07055005477741E-05,0,0,0,0,0,38
3,6682,1022.757524,-0.489480644464493,-7.49815590097569E-05,0,0,0,0,0,38
3,6683,1022.917524,-0.490780085325241,-7.26354555808939E-05,0,0,0,0,0,38
3,6684,1023.077524,-0.492661356925964,-7.35800349502824E-05,0,0,0,0,0,38
3,6685,1023.237524,-0.493902623653412,-7.22344702808186E-05,0,0,0,0,0,38
3,6686,1023.397524,-0.495667546987534,-6.95996714057401E-05,0,0,0,0,0,38
3,6687,1023.557524,-0.497645825147629,-7.46034929761663E-05,0,0,0,0,0,38
3,6688,1023.717524,-0.498848289251328,-7.2001334046945E-05,0,0,0,0,0,38
3,6689,1023.877524,-0.50092351436615,-7.38908784114756E-05,0,0,0,0,0,38
3,6690,1024.037524,-0.501641094684601,-6.84833503328264E-05,0,0,0,0,0,38
3,6691,1024.197524,-0.504104256629944,-7.07066647009924E-05,0,0,0,0,0,38
3,6692,1024.357524,-0.505035221576691,-7.05730053596199E-05,0,0,0,0,0,38
3,6693,1024.517524,-0.507129848003387,-7.34024652047083E-05,0,0,0,0,0,38
3,6694,1024.677524,-0.508041381835938,-6.87160936649889E-05,0,0,0,0,0,38
3,6695,1024.837524,-0.510000228881836,-7.10295571479946E-05,0,0,0,0,0,38
3,6696,1024.997524,-0.511959135532379,-7.2096532676369E-05,0,0,0,0,0,38
3,6697,1025.157524,-0.513956785202026,-7.55383589421399E-05,0,0,0,0,0,38
3,6698,1025.317524,-0.515217423439026,-7.03934929333627E-05,0,0,0,0,0,38
3,6699,1025.477524,-0.516710817813873,-7.32509288354777E-05,0,0,0,0,0,38
3,6700,1025.637524,-0.518243014812469,-7.2156370151788E-05,0,0,0,0,0,38
3,6701,1025.797524,-0.51956182718277,-7.25565842003562E-05,0,0,0,0,0,38
3,6702,1025.957524,-0.521753430366516,-7.78965040808544E-05,0,0,0,0,0,38
3,6703,1026.117524,-0.522936522960663,-7.32983316993341E-05,0,0,0,0,0,38
3,6704,1026.277524,-0.524740219116211,-7.34716304577887E-05,0,0,0,0,0,38
3,6705,1026.437524,-0.526446938514709,-7.58002424845472E-05,0,0,0,0,0,38
3,6706,1026.597524,-0.527901589870453,-7.67308374634013E-05,0,0,0,0,0,38
3,6707,1026.757524,-0.529511332511902,-7.54466600483283E-05,0,0,0,0,0,38
3,6708,1026.917524,-0.531082272529602,-7.64032811275683E-05,0,0,0,0,0,38
3,6709,1027.077524,-0.533002376556396,-7.91091879364103E-05,0,0,0,0,0,38
3,6710,1027.237524,-0.533972084522247,-7.6006181188859E-05,0,0,0,0,0,38
3,6711,1027.397524,-0.53552371263504,-7.56658046157099E-05,0,0,0,0,0,38
3,6712,1027.557524,-0.53759890794754,-8.17614709376358E-05,0,0,0,0,0,38
3,6713,1027.717524,-0.538917779922485,-8.05351883172989E-05,0,0,0,0,0,38
3,6714,1027.877524,-0.540973603725433,-8.34637321531773E-05,0,0,0,0,0,38
3,6715,1028.037524,-0.541943371295929,-8.07345131761394E-05,0,0,0,0,0,38
3,6716,1028.197524,-0.544115543365479,-8.69840441737324E-05,0,0,0,0,0,38
3,6717,1028.357524,-0.545453786849976,-8.57682534842752E-05,0,0,0,0,0,38
3,6718,1028.517524,-0.546908378601074,-8.58743296703324E-05,0,0,0,0,0,38
3,6719,1028.677524,-0.549429714679718,-9.18973310035653E-05,0,0,0,0,0,38
3,6720,1028.837524,-0.550127923488617,-8.76480844453909E-05,0,0,0,0,0,38
3,6721,1028.997524,-0.551737666130066,-9.12410614546388E-05,0,0,0,0,0,38
3,6722,1029.157524,-0.553366839885712,-9.20461534406058E-05,0,0,0,0,0,38
3,6723,1029.317524,-0.555267512798309,-9.63443526416086E-05,0,0,0,0,0,38
3,6724,1029.477524,-0.557400941848755,-0.000100498014944606,0,0,0,0,0,38
3,6725,1029.637524,-0.557672441005707,-9.5334107754752E-05,0,0,0,0,0,38
3,6726,1029.797524,-0.559825241565704,-0.000101602679933421,0,0,0,0,0,38
3,6727,1029.957524,-0.561687171459198,-0.000102294310636353,0,0,0,0,0,38
3,6728,1030.117524,-0.563393890857697,-0.000105028964753728,0,0,0,0,0,38
3,6729,1030.277524,-0.565139412879944,-0.000108325861219782,0,0,0,0,0,38
3,6730,1030.437524,-0.565643668174744,-0.000104617094621062,0,0,0,0,0,38
3,6731,1030.597524,-0.568184375762939,-0.000111781286250334,0,0,0,0,0,38
3,6732,1030.757524,-0.569037735462189,-0.000111041481432039,0,0,0,0,0,38
3,6733,1030.917524,-0.571539700031281,-0.000117330644570757,0,0,0,0,0,38
3,6734,1031.077524,-0.572024524211884,-0.000113372814666945,0,0,0,0,0,38
3,6735,1031.237524,-0.57411915063858,-0.000120276672532782,0,0,0,0,0,38
3,6736,1031.397524,-0.575864672660828,-0.000121779994515236,0,0,0,0,0,38
3,6737,1031.557524,-0.577183544635773,-0.000122818601084873,0,0,0,0,0,38
3,6738,1031.717524,-0.579142391681671,-0.000125690421555191,0,0,0,0,0,38
3,6739,1031.877524,-0.580829739570618,-0.000127981344121508,0,0,0,0,0,38
3,6740,1032.037524,-0.582400739192963,-0.000132166096591391,0,0,0,0,0,38
3,6741,1032.197524,-0.584262609481812,-0.000134787682327442,0,0,0,0,0,38
3,6742,1032.357524,-0.585174143314362,-0.000132051849504933,0,0,0,0,0,38
3,6743,1032.517524,-0.587171792984009,-0.000137211100081913,0,0,0,0,0,38
3,6744,1032.677524,-0.589130699634552,-0.000142192002385855,0,0,0,0,0,38
3,6745,1032.837524,-0.589887082576752,-0.000136664399178699,0,0,0,0,0,38
3,6746,1032.997524,-0.591574430465698,-0.000143140467116609,0,0,0,0,0,38
3,6747,1033.157524,-0.593552708625793,-0.000148508363054134,0,0,0,0,0,38
3,6748,1033.317524,-0.594949126243591,-0.000148733728565276,0,0,0,0,0,38
3,6749,1033.477524,-0.59665584564209,-0.000153384346049279,0,0,0,0,0,38
3,6750,1033.637524,-0.598052263259888,-0.00015111401444301,0,0,0,0,0,38
3,6751,1033.797524,-0.600108087062836,-0.000161151576321572,0,0,0,0,0,38
3,6752,1033.957524,-0.601407527923584,-0.000162164535140619,0,0,0,0,0,38
3,6753,1034.117524,-0.602959096431732,-0.000162309079314582,0,0,0,0,0,38
3,6754,1034.277524,-0.604956746101379,-0.00016689054609742,0,0,0,0,0,38
3,6755,1034.437524,-0.606101036071777,-0.000166755722602829,0,0,0,0,0,38
3,6756,1034.597524,-0.607303559780121,-0.000167932652402669,0,0,0,0,0,38
3,6757,1034.757524,-0.60856419801712,-0.000167386620887555,0,0,0,0,0,38
3,6758,1034.917524,-0.613199532032013,-0.000197772053070366,0,0,0,0,0,38
3,6759,1035.077524,-0.610426068305969,-0.000162337280926295,0,0,0,0,0,38
3,6760,1035.237524,-0.614305019378662,-0.000185533848707564,0,0,0,0,0,38
3,6761,1035.397524,-0.61463475227356,-0.000177345224074088,0,0,0,0,0,38
3,6762,1035.557524,-0.617834866046906,-0.000193699132069014,0,0,0,0,0,38
3,6763,1035.717524,-0.618009388446808,-0.000186210731044412,0,0,0,0,0,38
3,6764,1035.877524,-0.620297968387604,-0.000196690612938255,0,0,0,0,0,38
3,6765,1036.037524,-0.622121095657349,-0.000198865163838491,0,0,0,0,0,38
3,6766,1036.197524,-0.625650942325592,-0.000217206907109357,0,0,0,0,0,38
3,6767,1036.357524,-0.625301837921143,-0.000207217177376151,0,0,0,0,0,38
3,6768,1036.517524,-0.629723846912384,-0.000230507095693611,0,0,0,0,0,38
3,6769,1036.677524,-0.628249824047089,-0.000211107253562659,0,0,0,0,0,38
3,6770,1036.837524,-0.628075301647186,-0.000204879237571731,0,0,0,0,0,38
3,6771,1036.997524,-0.629704415798187,-0.000206217417144217,0,0,0,0,0,38
3,6772,1037.157524,-0.631566345691681,-0.000213071747566573,0,0,0,0,0,38
3,6773,1037.317524,-0.636240422725677,-0.000240317895077169,0,0,0,0,0,38
3,6774,1037.477524,-0.637055039405823,-0.000237987725995481,0,0,0,0,0,38
3,6775,1037.637524,-0.638451457023621,-0.000241932270000689,0,0,0,0,0,38
3,6776,1037.797524,-0.639692723751068,-0.000241663859924302,0,0,0,0,0,38
3,6777,1037.957524,-0.64006119966507,-0.000235486411838792,0,0,0,0,0,38
3,6778,1038.117524,-0.645743846893311,-0.000274153833743185,0,0,0,0,0,38
3,6779,1038.277524,-0.64527839422226,-0.000261118169873953,0,0,0,0,0,38
3,6780,1038.437524,-0.650165855884552,-0.0002910990442615,0,0,0,0,0,38
3,6781,1038.597524,-0.649913728237152,-0.000278324005194008,0,0,0,0,0,38
3,6782,1038.757524,-0.651911377906799,-0.000289259012788534,0,0,0,0,0,38
3,6783,1038.917524,-0.654393911361694,-0.000298933649901301,0,0,0,0,0,38
3,6784,1039.077524,-0.65206652879715,-0.000273760932032019,0,0,0,0,0,38
3,6785,1039.237524,-0.654917538166046,-0.000288519921014085,0,0,0,0,0,38
3,6786,1039.397524,-0.654917538166046,-0.000279864470940083,0,0,0,0,0,38
3,6787,1039.557524,-0.655712723731995,-0.000279417115962133,0,0,0,0,0,38
3,6788,1039.717524,-0.655673980712891,-0.00027075779507868,0,0,0,0,0,38
3,6789,1039.877524,-0.661220848560333,-0.000306822737911716,0,0,0,0,0,38
3,6790,1040.037524,-0.662520289421082,-0.000311113515635952,0,0,0,0,0,38
3,6791,1040.197524,-0.66240394115448,-0.000300528598017991,0,0,0,0,0,38
3,6792,1040.357524,-0.665196776390076,-0.000312996300635859,0,0,0,0,0,38
3,6793,1040.517524,-0.666825890541077,-0.000318917009280995,0,0,0,0,0,38
3,6794,1040.677524,-0.668901145458221,-0.000327401299728081,0,0,0,0,0,38
3,6795,1040.837524,-0.670627295970917,-0.000334702985128388,0,0,0,0,0,38
3,6796,1040.997524,-0.668474495410919,-0.000311362469801679,0,0,0,0,0,38
3,6797,1041.157524,-0.677105128765106,-0.000367060682037845,0,0,0,0,0,38
3,6798,1041.317524,-0.674137711524963,-0.000340359169058502,0,0,0,0,0,38
3,6799,1041.477524,-0.678617894649506,-0.00036477719550021,0,0,0,0,0,38
3,6800,1041.637524,-0.677124500274658,-0.000348979578120634,0,0,0,0,0,38
3,6801,1041.797524,-0.683350205421448,-0.0003880126751028,0,0,0,0,0,38
3,6802,1041.957524,-0.679994940757751,-0.000356382399331778,0,0,0,0,0,38
3,6803,1042.117524,-0.6823610663414,-0.000369029061403126,0,0,0,0,0,38
3,6804,1042.277524,-0.686938226222992,-0.000396240211557597,0,0,0,0,0,38
3,6805,1042.437524,-0.685968518257141,-0.00038378025055863,0,0,0,0,0,38
3,6806,1042.597524,-0.688354074954987,-0.000394944800063968,0,0,0,0,0,38
3,6807,1042.757524,-0.691496014595032,-0.000415538903325796,0,0,0,0,0,38
3,6808,1042.917524,-0.688101947307587,-0.000382018042728305,0,0,0,0,0,38
3,6809,1043.077524,-0.694928884506226,-0.000422455457737669,0,0,0,0,0,38
3,6810,1043.237524,-0.694017291069031,-0.000409373111324385,0,0,0,0,0,38
3,6811,1043.397524,-0.694250047206879,-0.000405533617595211,0,0,0,0,0,38
3,6812,1043.557524,-0.697721719741821,-0.000426734564825892,0,0,0,0,0,38
3,6813,1043.717524,-0.697275638580322,-0.000414227950386703,0,0,0,0,0,38
3,6814,1043.877524,-0.700049042701721,-0.000431188702350482,0,0,0,0,0,38
3,6815,1044.037524,-0.702900111675262,-0.000445274694357067,0,0,0,0,0,38
3,6816,1044.197524,-0.705634772777557,-0.000461107323644683,0,0,0,0,0,38
3,6817,1044.357524,-0.702977657318115,-0.000432414090028033,0,0,0,0,0,38
3,6818,1044.517524,-0.708757281303406,-0.000469311518827453,0,0,0,0,0,38
3,6819,1044.677524,-0.709436118602753,-0.000466681813122705,0,0,0,0,0,38
3,6820,1044.837524,-0.709436118602753,-0.000463491945993155,0,0,0,0,0,38
3,6821,1044.997524,-0.714808464050293,-0.000496425374876708,0,0,0,0,0,38
3,6822,1045.157524,-0.713838696479797,-0.000483424752019346,0,0,0,0,0,38
3,6823,1045.317524,-0.715681195259094,-0.000488999241497368,0,0,0,0,0,38
3,6824,1045.477524,-0.719191670417786,-0.000508764758706093,0,0,0,0,0,38
3,6825,1045.637524,-0.720995366573334,-0.000515486812219024,0,0,0,0,0,38
3,6826,1045.797524,-0.71888130903244,-0.00049535563448444,0,0,0,0,0,38
3,6827,1045.957524,-0.719909250736237,-0.000498012523166835,0,0,0,0,0,38
3,6828,1046.117524,-0.72217845916748,-0.000507387623656541,0,0,0,0,0,38
3,6829,1046.277524,-0.724660933017731,-0.000519011227879673,0,0,0,0,0,38
3,6830,1046.437524,-0.725397944450378,-0.000519127934239805,0,0,0,0,0,38
3,6831,1046.597524,-0.725688874721527,-0.000514230283442885,0,0,0,0,0,38
3,6832,1046.757524,-0.729141116142273,-0.000534641556441784,0,0,0,0,0,38
3,6833,1046.917524,-0.731429696083069,-0.000545222603250295,0,0,0,0,0,38
3,6834,1047.077524,-0.733679473400116,-0.000554473197553307,0,0,0,0,0,38
3,6835,1047.237524,-0.733951032161713,-0.00055051309755072,0,0,0,0,0,38
3,6836,1047.397524,-0.735657751560211,-0.000556534971110523,0,0,0,0,0,38
3,6837,1047.557524,-0.738101482391357,-0.000567613926250488,0,0,0,0,0,38
3,6838,1047.717524,-0.740002155303955,-0.000578926294110715,0,0,0,0,0,38
3,6839,1047.877524,-0.741631329059601,-0.000582874694373459,0,0,0,0,0,38
3,6840,1048.037524,-0.74141800403595,-0.000576922902837396,0,0,0,0,0,38
3,6841,1048.197524,-0.746363639831543,-0.000605052046012133,0,0,0,0,0,38
3,6842,1048.357524,-0.741999864578247,-0.000573861412703991,0,0,0,0,0,38
3,6843,1048.517524,-0.745743036270142,-0.000592432625126094,0,0,0,0,0,38
3,6844,1048.677524,-0.750417113304138,-0.000618270598351955,0,0,0,0,0,38
3,6845,1048.837524,-0.757476806640625,-0.000656486779917032,0,0,0,0,0,38
3,6846,1048.997524,-0.752220869064331,-0.000619499827735126,0,0,0,0,0,38
3,6847,1049.157524,-0.752841472625732,-0.000619324797298759,0,0,0,0,0,38
3,6848,1049.317524,-0.75483912229538,-0.000623845087829977,0,0,0,0,0,38
3,6849,1049.477524,-0.759765386581421,-0.000653934839647263,0,0,0,0,0,38
3,6850,1049.637524,-0.756953179836273,-0.000630248163361102,0,0,0,0,0,38
3,6851,1049.797524,-0.759338736534119,-0.00064230349380523,0,0,0,0,0,38
3,6852,1049.957524,-0.761297583580017,-0.000649278401397169,0,0,0,0,0,38
3,6853,1050.117524,-0.762441873550415,-0.000651822541840374,0,0,0,0,0,38
3,6854,1050.277524,-0.767852962017059,-0.000680578057654202,0,0,0,0,0,38
3,6855,1050.437524,-0.765001952648163,-0.000657443713862449,0,0,0,0,0,38
3,6856,1050.597524,-0.766902625560761,-0.000665931846015155,0,0,0,0,0,38
3,6857,1050.757524,-0.771227657794952,-0.0006874751416035,0,0,0,0,0,38
3,6858,1050.917524,-0.77080100774765,-0.00067990506067872,0,0,0,0,0,38
3,6859,1051.077524,-0.776018142700195,-0.000709255749825388,0,0,0,0,0,38
3,6860,1051.237524,-0.776115119457245,-0.000702428631484509,0,0,0,0,0,38
3,6861,1051.397524,-0.776018142700195,-0.000695535389240831,0,0,0,0,0,38
3,6862,1051.557524,-0.77859765291214,-0.000709917047061026,0,0,0,0,0,38
3,6863,1051.717524,-0.783194184303284,-0.000733514258172363,0,0,0,0,0,38
3,6864,1051.877524,-0.779994070529938,-0.000703700701706111,0,0,0,0,0,38
3,6865,1052.037524,-0.783039033412933,-0.000718907045666128,0,0,0,0,0,38
3,6866,1052.197524,-0.783504545688629,-0.000715927220880985,0,0,0,0,0,38
3,6867,1052.357524,-0.78497850894928,-0.000720182957593352,0,0,0,0,0,38
3,6868,1052.517524,-0.782942056655884,-0.000701561162713915,0,0,0,0,0,38
3,6869,1052.677524,-0.789206564426422,-0.000737225404009223,0,0,0,0,0,38
3,6870,1052.837524,-0.789109587669373,-0.000730927393306047,0,0,0,0,0,38
3,6871,1052.997524,-0.789458692073822,-0.000728737271856517,0,0,0,0,0,38
3,6872,1053.157524,-0.794346153736115,-0.000763985328376293,0,0,0,0,0,38
3,6873,1053.317524,-0.79682868719101,-0.000786100456025451,0,0,0,0,0,38
3,6874,1053.477524,-0.795509874820709,-0.000768299389164895,0,0,0,0,0,38
3,6875,1053.637524,-0.800668835639954,-0.000794421299360693,0,0,0,0,0,38
3,6876,1053.797524,-0.80220103263855,-0.0008046172442846,0,0,0,0,0,38
3,6877,1053.957524,-0.802899241447449,-0.000806297757662833,0,0,0,0,0,38
3,6878,1054.117524,-0.800339162349701,-0.000782638264354318,0,0,0,0,0,38
3,6879,1054.277524,-0.805866658687592,-0.000812292331829667,0,0,0,0,0,38
3,6880,1054.437524,-0.807088494300842,-0.000817454478237778,0,0,0,0,0,38
3,6881,1054.597524,-0.804528415203094,-0.000802100345026702,0,0,0,0,0,38
3,6882,1054.757524,-0.80924129486084,-0.000830610748380423,0,0,0,0,0,38
3,6883,1054.917524,-0.811898410320282,-0.000839756336063147,0,0,0,0,0,38
3,6884,1055.077524,-0.811491131782532,-0.000832057849038392,0,0,0,0,0,38
3,6885,1055.237524,-0.812868118286133,-0.000837153871543705,0,0,0,0,0,38
3,6886,1055.397524,-0.811529874801636,-0.000820768822450191,0,0,0,0,0,38
3,6887,1055.557524,-0.818861067295074,-0.00085777131607756,0,0,0,0,0,38
3,6888,1055.717524,-0.820354461669922,-0.000863808731082827,0,0,0,0,0,38
3,6889,1055.877524,-0.820199310779572,-0.000860840606037527,0,0,0,0,0,38
3,6890,1056.037524,-0.822681844234467,-0.000869180948939174,0,0,0,0,0,38
3,6891,1056.197524,-0.823263704776764,-0.000870437419507653,0,0,0,0,0,38
3,6892,1056.357524,-0.825920760631561,-0.000882520049344748,0,0,0,0,0,38
3,6893,1056.517524,-0.827588737010956,-0.000884682929608971,0,0,0,0,0,38
3,6894,1056.677524,-0.828325688838959,-0.000879139523021877,0,0,0,0,0,38
3,6895,1056.837524,-0.830013036727905,-0.000878606573678553,0,0,0,0,0,38
3,6896,1056.997524,-0.832224071025848,-0.000898500496987253,0,0,0,0,0,38
3,6897,1057.157524,-0.831390082836151,-0.000892684794962406,0,0,0,0,0,38
3,6898,1057.317524,-0.836025416851044,-0.000908976478967816,0,0,0,0,0,38
3,6899,1057.477524,-0.83705335855484,-0.000905506545677781,0,0,0,0,0,38
3,6900,1057.637524,-0.837189078330994,-0.000898251542821527,0,0,0,0,0,38
3,6901,1057.797524,-0.842076539993286,-0.000921518134418875,0,0,0,0,0,38
3,6902,1057.957524,-0.841708064079285,-0.000910797039978206,0,0,0,0,0,38
3,6903,1058.117524,-0.843356609344482,-0.000913765165023506,0,0,0,0,0,38
3,6904,1058.277524,-0.847875595092773,-0.000934763811528683,0,0,0,0,0,38
3,6905,1058.437524,-0.846925258636475,-0.00092291075270623,0,0,0,0,0,38
3,6906,1058.597524,-0.845296084880829,-0.000903047970496118,0,0,0,0,0,38
3,6907,1058.757524,-0.850047826766968,-0.000926583015825599,0,0,0,0,0,38
3,6908,1058.917524,-0.849524140357971,-0.000916173157747835,0,0,0,0,0,38
3,6909,1059.077524,-0.853984951972961,-0.000931620656047016,0,0,0,0,0,38
3,6910,1059.237524,-0.854062497615814,-0.000921521976124495,0,0,0,0,0,38
3,6911,1059.397524,-0.854586184024811,-0.000943967781495303,0,0,0,0,0,38
3,6912,1059.557524,-0.859493017196655,-0.000966094550676644,0,0,0,0,0,38
3,6913,1059.717524,-0.858988761901855,-0.000953008304350078,0,0,0,0,0,38
3,6914,1059.877524,-0.860598504543304,-0.000963791622780263,0,0,0,0,0,38
3,6915,1060.037524,-0.864244699478149,-0.000976671697571874,0,0,0,0,0,38
3,6916,1060.197524,-0.865641176700592,-0.000973886402789503,0,0,0,0,0,38
3,6917,1060.357524,-0.866843640804291,-0.000968732056207955,0,0,0,0,0,38
3,6918,1060.517524,-0.866145431995392,-0.000963853904977441,0,0,0,0,0,38
3,6919,1060.677524,-0.868938267230988,-0.000967817846685648,0,0,0,0,0,38
3,6920,1060.837524,-0.868569731712341,-0.000970630382653326,0,0,0,0,0,38
3,6921,1060.997524,-0.871381998062134,-0.000977757037617266,0,0,0,0,0,38
3,6922,1061.157524,-0.873030543327332,-0.000979705946519971,0,0,0,0,0,38
3,6923,1061.317524,-0.875008821487427,-0.00097565638134256,0,0,0,0,0,38
3,6924,1061.477524,-0.876754343509674,-0.000977920368313789,0,0,0,0,0,38
3,6925,1061.637524,-0.878053784370422,-0.000991706852801144,0,0,0,0,0,38
3,6926,1061.797524,-0.880167782306671,-0.00102527439594269,0,0,0,0,0,38
3,6927,1061.957524,-0.882941246032715,-0.0010309461504221,0,0,0,0,0,38
3,6928,1062.117524,-0.882398188114166,-0.00101815944071859,0,0,0,0,0,38
3,6929,1062.277524,-0.885908603668213,-0.00102532492019236,0,0,0,0,0,38
3,6930,1062.437524,-0.885404348373413,-0.00101610936690122,0,0,0,0,0,38
3,6931,1062.597524,-0.887014150619507,-0.00101126229856163,0,0,0,0,0,38
3,6932,1062.757524,-0.890000939369202,-0.00104852928780019,0,0,0,0,0,38
3,6933,1062.917524,-0.895315051078796,-0.00111683912109584,0,0,0,0,0,38
3,6934,1063.077524,-0.895955085754395,-0.00110985653009266,0,0,0,0,0,38
3,6935,1063.237524,-0.895528376102448,-0.00109775445889682,0,0,0,0,0,38
3,6936,1063.397524,-0.898573398590088,-0.00111456343438476,0,0,0,0,0,38
3,6937,1063.557524,-0.895159900188446,-0.00108353223185986,0,0,0,0,0,38
3,6938,1063.717524,-0.898010909557343,-0.00112865725532174,0,0,0,0,0,38
3,6939,1063.877524,-0.902083814144135,-0.00113752658944577,0,0,0,0,0,38
3,6940,1064.037524,-0.900571048259735,-0.00111492909491062,0,0,0,0,0,38
3,6941,1064.197524,-0.902782022953033,-0.00112939637620002,0,0,0,0,0,38
3,6942,1064.357524,-0.905768811702728,-0.00114177854266018,0,0,0,0,0,38
3,6943,1064.517524,-0.907611310482025,-0.00114636099897325,0,0,0,0,0,38
3,6944,1064.677524,-0.908406496047974,-0.00114206632133573,0,0,0,0,0,38
3,6945,1064.837524,-0.908697426319122,-0.00113374157808721,0,0,0,0,0,38
3,6946,1064.997524,-0.91125750541687,-0.00113540270831436,0,0,0,0,0,38
3,6947,1065.157524,-0.912110865116119,-0.00112696120049804,0,0,0,0,0,38
3,6948,1065.317524,-0.914341270923615,-0.00112684839405119,0,0,0,0,0,38
3,6949,1065.477524,-0.91515588760376,-0.00111967115662992,0,0,0,0,0,38
3,6950,1065.637524,-0.919868767261505,-0.00113314634654671,0,0,0,0,0,38
3,6951,1065.797524,-0.918918430805206,-0.00112992152571678,0,0,0,0,0,38
3,6952,1065.957524,-0.919539034366608,-0.00112065533176064,0,0,0,0,0,38
3,6953,1066.117524,-0.923573136329651,-0.00113223225343972,0,0,0,0,0,38
3,6954,1066.277524,-0.923088312149048,-0.00112121168058366,0,0,0,0,0,38
3,6955,1066.437524,-0.927762448787689,-0.00116141559556127,0,0,0,0,0,38
3,6956,1066.597524,-0.925784170627594,-0.00116766314022243,0,0,0,0,0,38
3,6957,1066.757524,-0.928383052349091,-0.00125899841077626,0,0,0,0,0,38
3,6958,1066.917524,-0.931893467903137,-0.0012725864071399,0,0,0,0,0,38
3,6959,1067.077524,-0.931059539318085,-0.0012585548684001,0,0,0,0,0,38
3,6960,1067.237524,-0.931311666965485,-0.00125829817261547,0,0,0,0,0,38
3,6961,1067.397524,-0.93319296836853,-0.00124887633137405,0,0,0,0,0,38
3,6962,1067.557524,-0.938642859458923,-0.00126512139104307,0,0,0,0,0,38
3,6963,1067.717524,-0.939185917377472,-0.00127115484792739,0,0,0,0,0,38
3,6964,1067.877524,-0.939651370048523,-0.00125903729349375,0,0,0,0,0,38
3,6965,1068.037524,-0.94124174118042,-0.00125147879589349,0,0,0,0,0,38
3,6966,1068.197524,-0.945993483066559,-0.00126740871928632,0,0,0,0,0,38
3,6967,1068.357524,-0.944984912872314,-0.00125503051094711,0,0,0,0,0,38
3,6968,1068.517524,-0.945663750171661,-0.00125152547843754,0,0,0,0,0,38
3,6969,1068.677524,-0.947001993656158,-0.00124410318676382,0,0,0,0,0,38
3,6970,1068.837524,-0.951559722423553,-0.00127003062516451,0,0,0,0,0,38
3,6971,1068.997524,-0.951947629451752,-0.0012589399702847,0,0,0,0,0,38
3,6972,1069.157524,-0.953770756721497,-0.00126151915173978,0,0,0,0,0,38
3,6973,1069.317524,-0.956582963466644,-0.00125580455642194,0,0,0,0,0,38
3,6974,1069.477524,-0.957572102546692,-0.00125319045037031,0,0,0,0,0,38
3,6975,1069.637524,-0.957319974899292,-0.00130473403260112,0,0,0,0,0,38
3,6976,1069.797524,-0.960772216320038,-0.00132199830841273,0,0,0,0,0,38
3,6977,1069.957524,-0.95988005399704,-0.00130679190624505,0,0,0,0,0,38
3,6978,1070.117524,-0.961140751838684,-0.00129937357269228,0,0,0,0,0,38
3,6979,1070.277524,-0.967308223247528,-0.00131602701731026,0,0,0,0,0,38
3,6980,1070.437524,-0.965717852115631,-0.00130413111764938,0,0,0,0,0,38
3,6981,1070.597524,-0.967502176761627,-0.00137393083423376,0,0,0,0,0,38
3,6982,1070.757524,-0.969984710216522,-0.00137851340696216,0,0,0,0,0,38
3,6983,1070.917524,-0.97147810459137,-0.00136856257449836,0,0,0,0,0,38
3,6984,1071.077524,-0.97238963842392,-0.00135531288105994,0,0,0,0,0,38
3,6985,1071.237524,-0.977160751819611,-0.00137067877221853,0,0,0,0,0,38
3,6986,1071.397524,-0.977781414985657,-0.00135487329680473,0,0,0,0,0,38
3,6987,1071.557524,-0.976229846477509,-0.00133391749113798,0,0,0,0,0,38
3,6988,1071.717524,-0.977800786495209,-0.00134473969228566,0,0,0,0,0,38
3,6989,1071.877524,-0.9820676445961,-0.00135158619377762,0,0,0,0,0,38
3,6990,1072.037524,-0.980399668216705,-0.00132963061332703,0,0,0,0,0,38
3,6991,1072.197524,-0.984627723693848,-0.00134002882987261,0,0,0,0,0,38
3,6992,1072.357524,-0.986509025096893,-0.0013945521786809,0,0,0,0,0,38
3,6993,1072.517524,-0.98804122209549,-0.00141299120150507,0,0,0,0,0,38
3,6994,1072.677524,-0.987886071205139,-0.00139557919465005,0,0,0,0,0,38
3,6995,1072.837524,-0.988526046276093,-0.00138437969144434,0,0,0,0,0,38
3,6996,1072.997524,-0.993704438209534,-0.00138952617999166,0,0,0,0,0,38
3,6997,1073.157524,-0.993529915809631,-0.00138285860884935,0,0,0,0,0,38
3,6998,1073.317524,-0.994441449642181,-0.00138874817639589,0,0,0,0,0,38
3,6999,1073.477524,-0.996322751045227,-0.00137815158814192,0,0,0,0,0,38
3,7000,1073.637524,-1.00014352798462,-0.00139466114342213,0,0,0,0,0,38
3,7001,1073.797524,-1.00250971317291,-0.00138815690297633,0,0,0,0,0,38
