Segment,Point,Elapsed Time (s),Potential (V),Current (A),Frequency (Hz),|Z| (ohms),Zre (ohms),Zim (ohms),Phase of Z (deg),ActionId
0,1,0.066266,0.653488755226135,2.85814150124963E-09,0,0,0,0,0,38
0,2,0.099399,0.651743233203888,-4.26796624708459E-08,0,0,0,0,0,38
0,3,0.132532,0.650211036205292,-1.10624585047958E-08,0,0,0,0,0,38
0,4,0.165665,0.648678839206696,-6.53512444159787E-08,0,0,0,0,0,38
0,5,0.198798,0.646894574165344,-6.68032527073592E-08,0,0,0,0,0,38
0,6,0.231931,0.645187795162201,-2.56331542658472E-08,0,0,0,0,0,38
0,7,0.265064,0.643597424030304,-2.33208403699336E-08,0,0,0,0,0,38
0,8,0.298197,0.641793727874756,-3.68521604343641E-08,0,0,0,0,0,38
0,9,0.33133,0.64051365852356,1.11925952950287E-08,0,0,0,0,0,38
0,10,0.364463,0.638865113258362,-5.49224701273943E-08,0,0,0,0,0,38
0,11,0.397596,0.637274742126465,-4.04023836608758E-08,0,0,0,0,0,38
0,12,0.430729,0.635509848594666,-1.72169531964528E-08,0,0,0,0,0,38
0,13,0.463862,0.633725523948669,-5.64250868251293E-08,0,0,0,0,0,38
0,14,0.496995,0.631999433040619,-7.62938654474965E-08,0,0,0,0,0,38
0,15,0.530128,0.630486607551575,-2.44536408899876E-08,0,0,0,0,0,38
0,16,0.563261,0.628993213176727,-7.75161979049699E-08,0,0,0,0,0,38
0,17,0.596394,0.626956760883331,-1.6874388109045E-08,0,0,0,0,0,38
0,18,0.629527,0.625385820865631,-4.77402828380491E-08,0,0,0,0,0,38
0,19,0.66266,0.623601496219635,-8.37680076415381E-08,0,0,0,0,0,38
0,20,0.695793,0.622146904468536,-5.93913895841069E-08,0,0,0,0,0,38
0,21,0.728926,0.62061470746994,-5.39064544113899E-08,0,0,0,0,0,38
0,22,0.762059,0.619004964828491,-4.25044852647716E-08,0,0,0,0,0,38
0,23,0.795192,0.617104291915894,-7.34209848474165E-08,0,0,0,0,0,38
0,24,0.828325,0.615513920783997,-2.08138857260565E-08,0,0,0,0,0,38
0,25,0.861458,0.61407870054245,-7.46822479413822E-08,0,0,0,0,0,38
0,26,0.894591,0.612139225006104,-4.9998096329773E-08,0,0,0,0,0,38
0,27,0.927724,0.610296726226807,-2.99502538325669E-08,0,0,0,0,0,38
0,28,0.960857,0.609074831008911,-1.06058102744555E-07,0,0,0,0,0,38
0,29,0.99399,0.60719358921051,-2.19972928761081E-08,0,0,0,0,0,38
0,30,1.027123,0.605409264564514,-3.98807493695585E-08,0,0,0,0,0,38
0,31,1.060256,0.60379946231842,-6.5939055104991E-08,0,0,0,0,0,38
0,32,1.093389,0.602034568786621,-7.34095584320471E-09,0,0,0,0,0,38
0,33,1.126522,0.600676953792572,-3.02850331479476E-08,0,0,0,0,0,38
0,34,1.159655,0.598912000656128,-9.16314348842207E-08,0,0,0,0,0,38
0,35,1.192788,0.597147107124329,-7.85555727134124E-08,0,0,0,0,0,38
0,36,1.225921,0.595770061016083,-5.03873778257002E-08,0,0,0,0,0,38
0,37,1.259054,0.594063341617584,-5.38480620093651E-08,0,0,0,0,0,38
0,38,1.292187,0.592279016971588,2.26802043812313E-08,0,0,0,0,0,38
0,39,1.32532,0.59088259935379,-5.98001292928529E-08,0,0,0,0,0,38
0,40,1.358453,0.588981926441193,-1.06696518287208E-07,0,0,0,0,0,38
0,41,1.391586,0.587314009666443,-6.34982768588088E-08,0,0,0,0,0,38
0,42,1.424719,0.585723638534546,-3.65095971233131E-08,0,0,0,0,0,38
0,43,1.457852,0.584036290645599,-5.85466537472712E-08,0,0,0,0,0,38
0,44,1.490985,0.582290768623352,-3.5435189005284E-08,0,0,0,0,0,38
0,45,1.524118,0.580506443977356,-7.86801379604185E-08,0,0,0,0,0,38
0,46,1.557251,0.578935444355011,-9.93352600175967E-08,0,0,0,0,0,38
0,47,1.590384,0.577500283718109,-1.9361877434676E-08,0,0,0,0,0,38
0,48,1.623517,0.575696527957916,-1.07128613535679E-07,0,0,0,0,0,38
0,49,1.65665,0.574164390563965,-8.46049630354173E-08,0,0,0,0,0,38
0,50,1.689783,0.572535216808319,-4.62259883704519E-08,0,0,0,0,0,38
0,51,1.722916,0.570828497409821,-9.26941652323876E-08,0,0,0,0,0,38
0,52,1.756049,0.569257497787476,-6.53551381901707E-08,0,0,0,0,0,38
0,53,1.789182,0.567686557769775,-6.55497771617775E-08,0,0,0,0,0,38
0,54,1.822315,0.56580525636673,-6.36423109767748E-08,0,0,0,0,0,38
0,55,1.855448,0.564001560211182,-1.99068672657177E-08,0,0,0,0,0,38
0,56,1.888581,0.562294781208038,-4.53345414541673E-08,0,0,0,0,0,38
0,57,1.921714,0.56074321269989,-1.08405451726412E-07,0,0,0,0,0,38
0,58,1.954847,0.559191644191742,-3.94330790243203E-08,0,0,0,0,0,38
0,59,1.98798,0.557756423950195,-3.25895612718341E-08,0,0,0,0,0,38
0,60,2.021113,0.555952727794647,-4.53033983660589E-08,0,0,0,0,0,38
0,61,2.054246,0.554420530796051,-5.06248376552776E-08,0,0,0,0,0,38
0,62,2.087379,0.552694439888,-5.27541885730898E-08,0,0,0,0,0,38
0,63,2.120512,0.550910115242004,-6.02283378725588E-08,0,0,0,0,0,38
0,64,2.153645,0.549300312995911,-2.32585559700738E-08,0,0,0,0,0,38
0,65,2.186778,0.547632396221161,-4.9355787012928E-08,0,0,0,0,0,38
0,66,2.219911,0.545906245708466,-1.24385337585409E-07,0,0,0,0,0,38
0,67,2.253044,0.544102549552917,-3.74010440395978E-08,0,0,0,0,0,38
0,68,2.286177,0.542550981044769,-7.98907962007434E-08,0,0,0,0,0,38
0,69,2.31931,0.540747284889221,-6.8294191635232E-08,0,0,0,0,0,38
0,70,2.352443,0.539215087890625,1.89976301356865E-08,0,0,0,0,0,38
0,71,2.385576,0.537954449653625,-7.38375121045465E-08,0,0,0,0,0,38
0,72,2.418709,0.535840392112732,-9.90238362419404E-08,0,0,0,0,0,38
0,73,2.451842,0.534133672714233,-7.51260245124286E-08,0,0,0,0,0,38
0,74,2.484975,0.532834231853485,-5.28515080588932E-08,0,0,0,0,0,38
0,75,2.518108,0.53101110458374,-7.02016507148073E-08,0,0,0,0,0,38
0,76,2.551241,0.52934318780899,-4.23604546995193E-08,0,0,0,0,0,38
0,77,2.584374,0.527907967567444,-6.49308233846568E-08,0,0,0,0,0,38
0,78,2.617507,0.526123642921448,-1.00137171443748E-07,0,0,0,0,0,38
0,79,2.65064,0.524455726146698,-5.43190914470415E-08,0,0,0,0,0,38
0,80,2.683773,0.522787749767303,-5.4194519094608E-08,0,0,0,0,0,38
0,81,2.716906,0.520925879478455,-7.97506558569694E-08,0,0,0,0,0,38
0,82,2.750039,0.51960700750351,-2.99307885143207E-08,0,0,0,0,0,38
0,83,2.783172,0.517880916595459,-1.06241060393586E-07,0,0,0,0,0,38
0,84,2.816305,0.516251742839813,-1.0452823318019E-07,0,0,0,0,0,38
0,85,2.849438,0.514564394950867,-2.90432335958712E-08,0,0,0,0,0,38
0,86,2.882571,0.512663722038269,-1.00619878651287E-07,0,0,0,0,0,38
0,87,2.915704,0.51120913028717,-8.72909851068471E-08,0,0,0,0,0,38
0,88,2.948837,0.509366631507874,-6.10224688557537E-08,0,0,0,0,0,38
0,89,2.98197,0.50775682926178,-1.21352854876022E-07,0,0,0,0,0,38
0,90,3.015103,0.50608891248703,-5.34665680618218E-08,0,0,0,0,0,38
0,91,3.048236,0.504614889621735,-3.56921106003938E-08,0,0,0,0,0,38
0,92,3.081369,0.502753019332886,-1.23493890669124E-07,0,0,0,0,0,38
0,93,3.114502,0.501104474067688,-7.14551333658164E-08,0,0,0,0,0,38
0,94,3.147635,0.49970805644989,-6.53823875040871E-08,0,0,0,0,0,38
0,95,3.180768,0.49790433049202,-6.42418029883629E-08,0,0,0,0,0,38
0,96,3.213901,0.495867908000946,-5.71102169999449E-08,0,0,0,0,0,38
0,97,3.247034,0.494471490383148,-8.93814089408806E-08,0,0,0,0,0,38
0,98,3.280167,0.492764741182327,-1.18639583490676E-07,0,0,0,0,0,38
0,99,3.3133,0.491193771362305,-1.18791398051599E-07,0,0,0,0,0,38
0,100,3.346433,0.489603400230408,-5.47356187041714E-08,0,0,0,0,0,38
0,101,3.379566,0.488226383924484,-1.64500491450781E-07,0,0,0,0,0,38
0,102,3.412699,0.486383885145187,-1.89453484011892E-08,0,0,0,0,0,38
0,103,3.445832,0.484618961811066,-1.06182667991561E-07,0,0,0,0,0,38
0,104,3.478965,0.482698887586594,-1.28013411426764E-07,0,0,0,0,0,38
0,105,3.512098,0.481089115142822,-5.46460832140383E-08,0,0,0,0,0,38
0,106,3.545231,0.479692697525024,-8.40054710238292E-08,0,0,0,0,0,38
0,107,3.578364,0.478102326393127,-1.28340403193761E-07,0,0,0,0,0,38
0,108,3.611497,0.476279228925705,-1.07424469319994E-07,0,0,0,0,0,38
0,109,3.64463,0.474844038486481,-1.03839212783896E-07,0,0,0,0,0,38
0,110,3.677763,0.47304031252861,-8.85522410953854E-08,0,0,0,0,0,38
0,111,3.710896,0.471527516841888,-3.77319295807865E-08,0,0,0,0,0,38
0,112,3.744029,0.469432890415192,-1.07576283880917E-07,0,0,0,0,0,38
0,113,3.777162,0.468094676733017,-1.18616227950952E-07,0,0,0,0,0,38
0,114,3.810295,0.466484904289246,-8.73844072657448E-08,0,0,0,0,0,38
0,115,3.843428,0.464739382266998,-1.25000397588337E-07,0,0,0,0,0,38
0,116,3.876561,0.462838709354401,-1.06634232110991E-07,0,0,0,0,0,38
0,117,3.909694,0.461325913667679,-1.17261535592661E-07,0,0,0,0,0,38
0,118,3.942827,0.460142821073532,-1.17323821768878E-07,0,0,0,0,0,38
0,119,3.97596,0.457912445068359,-1.58595128141314E-07,0,0,0,0,0,38
0,120,4.009093,0.456477224826813,-2.03856789227075E-08,0,0,0,0,0,38
0,121,4.042226,0.45490625500679,-1.23778065130864E-07,0,0,0,0,0,38
0,122,4.075359,0.453063756227493,-9.21297171885271E-08,0,0,0,0,0,38
0,123,4.108492,0.451570361852646,-9.36206490109726E-08,0,0,0,0,0,38
0,124,4.141625,0.449960619211197,-1.65434755672322E-07,0,0,0,0,0,38
0,125,4.174758,0.448156893253326,-1.30333503989277E-07,0,0,0,0,0,38
0,126,4.207891,0.446799278259277,-8.4192322447052E-08,0,0,0,0,0,38
0,127,4.241024,0.444568872451782,-1.6694905013992E-07,0,0,0,0,0,38
0,128,4.274157,0.443269431591034,-1.55998648665445E-07,0,0,0,0,0,38
0,129,4.30729,0.441601485013962,-1.10137740705341E-07,0,0,0,0,0,38
0,130,4.340423,0.440069288015366,-1.35292921754626E-07,0,0,0,0,0,38
0,131,4.373556,0.438323765993118,-1.12216483216798E-07,0,0,0,0,0,38
0,132,4.406689,0.436830371618271,-1.06560271717626E-07,0,0,0,0,0,38
0,133,4.439822,0.434619396924973,-1.18970469031865E-07,0,0,0,0,0,38
0,134,4.472955,0.433009624481201,-1.64722379736304E-07,0,0,0,0,0,38
0,135,4.506088,0.431477427482605,-1.51514157664678E-07,0,0,0,0,0,38
0,136,4.539221,0.430061638355255,-1.40162796924415E-07,0,0,0,0,0,38
0,137,4.572354,0.428451865911484,-1.03671823126206E-07,0,0,0,0,0,38
0,138,4.605487,0.426803320646286,-1.06112601372388E-07,0,0,0,0,0,38
0,139,4.63862,0.425212949514389,-1.92213221339443E-07,0,0,0,0,0,38
0,140,4.671753,0.423389852046967,-1.2173045149666E-07,0,0,0,0,0,38
0,141,4.704886,0.421838253736496,-1.36040327447517E-07,0,0,0,0,0,38
0,142,4.738019,0.420053958892822,-1.28083485151365E-07,0,0,0,0,0,38
0,143,4.771152,0.418696314096451,-9.29316286146786E-08,0,0,0,0,0,38
0,144,4.804285,0.416795641183853,-1.58042354314603E-07,0,0,0,0,0,38
0,145,4.837418,0.415030717849731,-1.72149810850897E-07,0,0,0,0,0,38
0,146,4.870551,0.413227021694183,-1.11313362083365E-07,0,0,0,0,0,38
0,147,4.903684,0.411869376897812,-1.56255566707841E-07,0,0,0,0,0,38
0,148,4.936817,0.41010445356369,-1.98830960584928E-07,0,0,0,0,0,38
0,149,4.96995,0.408378332853317,-1.34549395625072E-07,0,0,0,0,0,38
0,150,5.003083,0.406846165657043,-1.65738399005022E-07,0,0,0,0,0,38
0,151,5.036216,0.405120015144348,-1.84641763212312E-07,0,0,0,0,0,38
0,152,5.069349,0.403626620769501,-1.37978943826056E-07,0,0,0,0,0,38
0,153,5.102482,0.401822924613953,-1.78277048235032E-07,0,0,0,0,0,38
0,154,5.135615,0.400135576725006,-1.74715154344085E-07,0,0,0,0,0,38
0,155,5.168748,0.398293077945709,-1.72161492173473E-07,0,0,0,0,0,38
0,156,5.201881,0.396916061639786,-2.00212895151708E-07,0,0,0,0,0,38
0,157,5.235014,0.394957184791565,-1.72858293012723E-07,0,0,0,0,0,38
0,158,5.268147,0.393774121999741,-1.18565615991884E-07,0,0,0,0,0,38
0,159,5.30128,0.391854047775269,-3.07431889723375E-07,0,0,0,0,0,38
0,160,5.334413,0.390399426221848,-2.04767459877075E-07,0,0,0,0,0,38
0,161,5.367546,0.388440579175949,-1.47796541227763E-07,0,0,0,0,0,38
0,162,5.400679,0.387160509824753,-2.00185652943219E-07,0,0,0,0,0,38
0,163,5.433812,0.385414987802505,-1.71503600654432E-07,0,0,0,0,0,38
0,164,5.466945,0.383494913578033,-1.65948605967969E-07,0,0,0,0,0,38
0,165,5.500078,0.381943345069885,-2.60940339558147E-07,0,0,0,0,0,38
0,166,5.533211,0.380527526140213,-2.13382193692269E-07,0,0,0,0,0,38
0,167,5.566344,0.378665626049042,-2.02684816485998E-07,0,0,0,0,0,38
0,168,5.599477,0.376958906650543,-2.07363939352945E-07,0,0,0,0,0,38
0,169,5.63261,0.375407308340073,-1.99644546228228E-07,0,0,0,0,0,38
0,170,5.665743,0.373816937208176,-1.90998676430354E-07,0,0,0,0,0,38
0,171,5.698876,0.371974468231201,-2.56615464877541E-07,0,0,0,0,0,38
0,172,5.732009,0.370733201503754,-2.46821230120986E-07,0,0,0,0,0,38
0,173,5.765142,0.368754923343658,-2.002167889259E-07,0,0,0,0,0,38
0,174,5.798275,0.36745548248291,-2.80727391555047E-07,0,0,0,0,0,38
0,175,5.831408,0.365360856056213,-1.90698926871846E-07,0,0,0,0,0,38
0,176,5.864541,0.363770484924316,-2.58565762578655E-07,0,0,0,0,0,38
0,177,5.897674,0.362102538347244,-2.93398386475019E-07,0,0,0,0,0,38
0,178,5.930807,0.360395818948746,-2.38794285678523E-07,0,0,0,0,0,38
0,179,5.96394,0.358824849128723,-2.15616651644268E-07,0,0,0,0,0,38
0,180,5.997073,0.357021123170853,-2.78582461987753E-07,0,0,0,0,0,38
0,181,6.030206,0.355585932731628,-2.54361538054582E-07,0,0,0,0,0,38
0,182,6.063339,0.353937357664108,-2.69134659447445E-07,0,0,0,0,0,38
0,183,6.096472,0.351959109306335,-3.13002459506606E-07,0,0,0,0,0,38
0,184,6.129605,0.350485116243362,-2.32916192999255E-07,0,0,0,0,0,38
0,185,6.162738,0.348720192909241,-2.70174041361315E-07,0,0,0,0,0,38
0,186,6.195871,0.347149223089218,-2.7836057370223E-07,0,0,0,0,0,38
0,187,6.229004,0.345675230026245,-3.19865449682766E-07,0,0,0,0,0,38
0,188,6.262137,0.34394907951355,-3.07326786241902E-07,0,0,0,0,0,38
0,189,6.29527,0.342378109693527,-3.28807175264956E-07,0,0,0,0,0,38
0,190,6.328403,0.340516239404678,-2.82989077504681E-07,0,0,0,0,0,38
0,191,6.361536,0.338906466960907,-3.01830169746609E-07,0,0,0,0,0,38
0,192,6.394669,0.337122142314911,-3.13909481519659E-07,0,0,0,0,0,38
0,193,6.427802,0.335745126008987,-2.74709123004868E-07,0,0,0,0,0,38
0,194,6.460935,0.334057778120041,-3.76007193381156E-07,0,0,0,0,0,38
0,195,6.494068,0.332351058721542,-3.11928062046718E-07,0,0,0,0,0,38
0,196,6.527201,0.330508559942245,-3.13267179308241E-07,0,0,0,0,0,38
0,197,6.560334,0.328898787498474,-3.63468529940292E-07,0,0,0,0,0,38
0,198,6.593467,0.327075690031052,-3.21543240033861E-07,0,0,0,0,0,38
0,199,6.6266,0.325504720211029,-3.59314924480714E-07,0,0,0,0,0,38
0,200,6.659733,0.324147075414658,-3.61903630619054E-07,0,0,0,0,0,38
0,201,6.692866,0.322304576635361,-3.69957803059151E-07,0,0,0,0,0,38
0,202,6.725999,0.320753008127213,-3.05259703736738E-07,0,0,0,0,0,38
0,203,6.759132,0.319007486104965,-3.94778197687629E-07,0,0,0,0,0,38
0,204,6.792265,0.317378342151642,-3.93221085914774E-07,0,0,0,0,0,38
0,205,6.825398,0.31561341881752,-4.15324336699996E-07,0,0,0,0,0,38
0,206,6.858531,0.314158797264099,-3.83084284294455E-07,0,0,0,0,0,38
0,207,6.891664,0.312277525663376,-3.8181912032087E-07,0,0,0,0,0,38
0,208,6.924797,0.310725927352905,-4.08387393235898E-07,0,0,0,0,0,38
0,209,6.95793,0.309251934289932,-4.45960552042379E-07,0,0,0,0,0,38
0,210,6.991063,0.307409435510635,-4.31483272222977E-07,0,0,0,0,0,38
0,211,7.024196,0.305819064378738,-3.93057604242131E-07,0,0,0,0,0,38
0,212,7.057329,0.304054170846939,-4.70165872457073E-07,0,0,0,0,0,38
0,213,7.090462,0.302347421646118,-3.65193045581691E-07,0,0,0,0,0,38
0,214,7.123595,0.301067382097244,-4.45734769982664E-07,0,0,0,0,0,38
0,215,7.156728,0.299069702625275,-5.23711150890449E-07,0,0,0,0,0,38
0,216,7.189861,0.29763451218605,-4.50616312264174E-07,0,0,0,0,0,38
0,217,7.222994,0.29583078622818,-4.62442585558165E-07,0,0,0,0,0,38
0,218,7.256127,0.29441499710083,-4.94414052809589E-07,0,0,0,0,0,38
0,219,7.28926,0.292533695697784,-4.75172015512726E-07,0,0,0,0,0,38
0,220,7.322393,0.290846347808838,-5.13893553488742E-07,0,0,0,0,0,38
0,221,7.355526,0.288965076208115,-5.6481508181605E-07,0,0,0,0,0,38
0,222,7.388659,0.287510454654694,-4.93250126964995E-07,0,0,0,0,0,38
0,223,7.421792,0.286094665527344,-5.15972317316482E-07,0,0,0,0,0,38
0,224,7.454925,0.284290939569473,-5.3086995421836E-07,0,0,0,0,0,38
0,225,7.488058,0.2825648188591,-4.98427482398256E-07,0,0,0,0,0,38
0,226,7.521191,0.281110197305679,-5.82881511945743E-07,0,0,0,0,0,38
0,227,7.554324,0.27934530377388,-5.86334408581024E-07,0,0,0,0,0,38
0,228,7.587457,0.277560979127884,-5.60058083465265E-07,0,0,0,0,0,38
0,229,7.62059,0.275931835174561,-5.97985490458086E-07,0,0,0,0,0,38
0,230,7.653723,0.274360835552216,-6.118943929323E-07,0,0,0,0,0,38
0,231,7.686856,0.272712290287018,-5.6710791795922E-07,0,0,0,0,0,38
0,232,7.719989,0.270695239305496,-6.31050795618648E-07,0,0,0,0,0,38
0,233,7.753122,0.269473373889923,-6.3236655023502E-07,0,0,0,0,0,38
0,234,7.786255,0.267979979515076,-6.0820792668892E-07,0,0,0,0,0,38
0,235,7.819388,0.266234457492828,-6.71574696298194E-07,0,0,0,0,0,38
0,236,7.852521,0.264450162649155,-6.57646296531311E-07,0,0,0,0,0,38
0,237,7.885654,0.262801587581635,-6.66833273044176E-07,0,0,0,0,0,38
0,238,7.918787,0.261075466871262,-7.15987482635683E-07,0,0,0,0,0,38
0,239,7.95192,0.259349346160889,-7.05072125128936E-07,0,0,0,0,0,38
0,240,7.985053,0.257758975028992,-6.59071076825057E-07,0,0,0,0,0,38
0,241,8.018186,0.256188005208969,-6.98224710049544E-07,0,0,0,0,0,38
0,242,8.051319,0.254209727048874,-6.83303653659095E-07,0,0,0,0,0,38
0,243,8.084452,0.253007262945175,-7.27619124063494E-07,0,0,0,0,0,38
0,244,8.117585,0.251048386096954,-8.13945518984838E-07,0,0,0,0,0,38
0,245,8.150718,0.249380454421043,-7.90658930327481E-07,0,0,0,0,0,38
0,246,8.183851,0.247867673635483,-7.52361700051551E-07,0,0,0,0,0,38
0,247,8.216984,0.246219113469124,-8.18574051208998E-07,0,0,0,0,0,38
0,248,8.250117,0.244551166892052,-7.6969234896751E-07,0,0,0,0,0,38
0,249,8.28325,0.242553517222404,-8.01955764018203E-07,0,0,0,0,0,38
0,250,8.316383,0.241448014974594,-8.65408139816282E-07,0,0,0,0,0,38
0,251,8.349516,0.239411577582359,-8.49389380164212E-07,0,0,0,0,0,38
0,252,8.382649,0.237782418727875,-8.37862842217874E-07,0,0,0,0,0,38
0,253,8.415782,0.236172661185265,-9.26770155729173E-07,0,0,0,0,0,38
0,254,8.448915,0.234970182180405,-8.9927152657765E-07,0,0,0,0,0,38
0,255,8.482048,0.23318587243557,-8.98255507308932E-07,0,0,0,0,0,38
0,256,8.515181,0.231013655662537,-9.71572262642439E-07,0,0,0,0,0,38
0,257,8.548314,0.229268133640289,-9.26739005535637E-07,0,0,0,0,0,38
0,258,8.581447,0.227910503745079,-9.99495114228921E-07,0,0,0,0,0,38
0,259,8.61458,0.226126194000244,-1.02860155948292E-06,0,0,0,0,0,38
0,260,8.647713,0.224632799625397,-9.81152311396727E-07,0,0,0,0,0,38
0,261,8.680846,0.223216980695724,-1.02211220109893E-06,0,0,0,0,0,38
0,262,8.713979,0.221549034118652,-1.0564388048806E-06,0,0,0,0,0,38
0,263,8.747112,0.219842299818993,-1.05003130101977E-06,0,0,0,0,0,38
0,264,8.780245,0.218077391386032,-1.08240760710032E-06,0,0,0,0,0,38
0,265,8.813378,0.216487020254135,-1.12182988232234E-06,0,0,0,0,0,38
0,266,8.846511,0.214586332440376,-1.06279185274616E-06,0,0,0,0,0,38
0,267,8.879644,0.213112339377403,-1.19967774026009E-06,0,0,0,0,0,38
0,268,8.912777,0.211521968245506,-1.20387028346158E-06,0,0,0,0,0,38
0,269,8.94591,0.209873422980309,-1.16411331418931E-06,0,0,0,0,0,38
0,270,8.979043,0.208166688680649,-1.22693506909854E-06,0,0,0,0,0,38
0,271,9.012176,0.206343576312065,-1.21486743864807E-06,0,0,0,0,0,38
0,272,9.045309,0.204733818769455,-1.2813600278605E-06,0,0,0,0,0,38
0,273,9.078442,0.203240424394608,-1.30508658457984E-06,0,0,0,0,0,38
0,274,9.111575,0.201553091406822,-1.32641127947863E-06,0,0,0,0,0,38
0,275,9.144708,0.199807554483414,-1.25867677525093E-06,0,0,0,0,0,38
0,276,9.177841,0.198197796940804,-1.50220944306056E-06,0,0,0,0,0,38
0,277,9.210974,0.196607440710068,-1.34444269406231E-06,0,0,0,0,0,38
0,278,9.244107,0.194609776139259,-1.38536745453166E-06,0,0,0,0,0,38
0,279,9.27724,0.193174570798874,-1.43338502311963E-06,0,0,0,0,0,38
0,280,9.310373,0.191487222909927,-1.41327097935573E-06,0,0,0,0,0,38
0,281,9.343506,0.189780488610268,-1.46276386203681E-06,0,0,0,0,0,38
0,282,9.376639,0.188209518790245,-1.52270888520434E-06,0,0,0,0,0,38
0,283,9.409772,0.18652218580246,-1.54384281358944E-06,0,0,0,0,0,38
0,284,9.442905,0.184834837913513,-1.5425931678692E-06,0,0,0,0,0,38
0,285,9.476038,0.183225080370903,-1.66760617048567E-06,0,0,0,0,0,38
0,287,9.542304,0.180083140730858,-1.69373049629939E-06,0,0,0,0,0,38
0,288,9.575437,0.178395792841911,-1.72524187291856E-06,0,0,0,0,0,38
0,289,9.60857,0.176514506340027,-1.96371706806531E-06,0,0,0,0,0,38
0,290,9.641703,0.174943536520004,-1.73967487171467E-06,0,0,0,0,0,38
0,291,9.674836,0.17331437766552,-1.52936547692661E-06,0,0,0,0,0,38
0,292,9.707969,0.171879172325134,-1.62973515216436E-06,0,0,0,0,0,38
0,293,9.741102,0.170114248991013,-2.10929192689946E-06,0,0,0,0,0,38
0,294,9.774235,0.168756619095802,-1.97029180526442E-06,0,0,0,0,0,38
0,295,9.807368,0.166952908039093,-2.37745030062797E-06,0,0,0,0,0,38
0,296,9.840501,0.16522678732872,-1.95749271370005E-06,0,0,0,0,0,38
0,297,9.873634,0.163229122757912,-1.85700628207996E-06,0,0,0,0,0,38
0,298,9.906767,0.161774531006813,-1.93115533875243E-06,0,0,0,0,0,38
0,299,9.9399,0.160125970840454,-2.10625762520067E-06,0,0,0,0,0,38
0,300,9.973033,0.158574402332306,-2.27147847908782E-06,0,0,0,0,0,38
0,301,10.006166,0.156809478998184,-2.26988345275458E-06,0,0,0,0,0,38
0,302,10.039299,0.1551803201437,-2.21199593397614E-06,0,0,0,0,0,38
0,303,10.072432,0.153803288936615,-2.07599100576772E-06,0,0,0,0,0,38
0,304,10.105565,0.15201897919178,-2.31228773373005E-06,0,0,0,0,0,38
0,305,10.138698,0.150079503655434,-2.66747179011873E-06,0,0,0,0,0,38
0,306,10.171831,0.148838251829147,-2.44327407017408E-06,0,0,0,0,0,38
0,307,10.204964,0.146859988570213,-2.20771653403062E-06,0,0,0,0,0,38
0,308,10.238097,0.145366594195366,-2.10158918889647E-06,0,0,0,0,0,38
0,309,10.27123,0.143873199820518,-2.69089150606305E-06,0,0,0,0,0,38
0,310,10.304363,0.141972526907921,-2.67700306721963E-06,0,0,0,0,0,38
0,311,10.337496,0.14011062681675,-2.34095932682976E-06,0,0,0,0,0,38
0,312,10.370629,0.138869360089302,-2.5603719677747E-06,0,0,0,0,0,38
0,313,10.403762,0.137143239378929,-2.93302355203195E-06,0,0,0,0,0,38
0,314,10.436895,0.135048612952232,-3.16247314913198E-06,0,0,0,0,0,38
0,315,10.470028,0.133574604988098,-2.934112899311E-06,0,0,0,0,0,38
0,316,10.503161,0.131906658411026,-3.10396308123018E-06,0,0,0,0,0,38
0,317,10.536294,0.130122348666191,-2.76963100986904E-06,0,0,0,0,0,38
0,318,10.569427,0.128590166568756,-2.77869548881426E-06,0,0,0,0,0,38
0,319,10.60256,0.126922219991684,-3.07412460642809E-06,0,0,0,0,0,38
0,320,10.635693,0.125234887003899,-3.24603684020985E-06,0,0,0,0,0,38
0,321,10.668826,0.12358632683754,-3.32524336954521E-06,0,0,0,0,0,38
0,322,10.701959,0.122151121497154,-3.34193259732274E-06,0,0,0,0,0,38
0,323,10.735092,0.120153464376926,-3.36780317411467E-06,0,0,0,0,0,38
0,324,10.768225,0.118776440620422,-2.86696626972116E-06,0,0,0,0,0,38
0,325,10.801358,0.116933941841125,-3.3597502806515E-06,0,0,0,0,0,38
0,326,10.834491,0.11540175974369,-3.65871960639197E-06,0,0,0,0,0,38
0,327,10.867624,0.1137919947505,-3.53065092895122E-06,0,0,0,0,0,38
0,328,10.900757,0.112259812653065,-3.32473746311734E-06,0,0,0,0,0,38
0,329,10.93389,0.110203973948956,-3.66875656254706E-06,0,0,0,0,0,38
0,330,10.967023,0.108691185712814,-3.60756212103297E-06,0,0,0,0,0,38
0,331,11.000156,0.106848686933517,-3.69486042473E-06,0,0,0,0,0,38
0,332,11.033289,0.105006188154221,-4.22592484028428E-06,0,0,0,0,0,38
0,333,11.066422,0.103629164397717,-3.71528449250036E-06,0,0,0,0,0,38
0,334,11.099555,0.101903036236763,-3.93745949622826E-06,0,0,0,0,0,38
0,335,11.132688,0.100273877382278,-4.2747478801175E-06,0,0,0,0,0,38
0,336,11.165821,0.0989356487989426,-4.39188488599029E-06,0,0,0,0,0,38
0,337,11.198954,0.0971319377422333,-4.55232066087774E-06,0,0,0,0,0,38
0,338,11.232087,0.0955027788877487,-4.68058397018467E-06,0,0,0,0,0,38
0,339,11.26522,0.0940287783741951,-4.28914199801511E-06,0,0,0,0,0,38
0,340,11.298353,0.0920311287045479,-4.44292572865379E-06,0,0,0,0,0,38
0,341,11.331486,0.0903437882661819,-4.4898424675921E-06,0,0,0,0,0,38
0,342,11.364619,0.0888310000300407,-4.67183053842746E-06,0,0,0,0,0,38
0,343,11.397752,0.0873376056551933,-4.98651706948294E-06,0,0,0,0,0,38
0,344,11.430885,0.0858054235577583,-4.97819155498291E-06,0,0,0,0,0,38
0,345,11.464018,0.0840405002236366,-5.02682041769731E-06,0,0,0,0,0,38
0,346,11.497151,0.0819264799356461,-5.41767849426833E-06,0,0,0,0,0,38
0,347,11.530284,0.080549456179142,-5.38433869223809E-06,0,0,0,0,0,38
0,348,11.563417,0.0789009034633636,-5.71913778912858E-06,0,0,0,0,0,38
0,349,11.59655,0.0773105397820473,-5.58838473807555E-06,0,0,0,0,0,38
0,350,11.629683,0.0757007747888565,-5.59803265787195E-06,0,0,0,0,0,38
0,351,11.662816,0.0737613067030907,-5.59849968340131E-06,0,0,0,0,0,38
0,352,11.695949,0.0722485184669495,-6.10229290032294E-06,0,0,0,0,0,38
0,353,11.729082,0.0707163363695145,-6.38865776636521E-06,0,0,0,0,0,38
0,354,11.762215,0.0692811235785484,-6.32182218396338E-06,0,0,0,0,0,38
0,355,11.795348,0.0673416554927826,-6.39464860796579E-06,0,0,0,0,0,38
0,356,11.828481,0.0656931027770042,-6.2936956055637E-06,0,0,0,0,0,38
0,357,11.861614,0.0638699978590012,-6.65206971461885E-06,0,0,0,0,0,38
0,358,11.894747,0.0620468966662884,-6.93275478624855E-06,0,0,0,0,0,38
0,359,11.92788,0.0604177415370941,-7.35710818844382E-06,0,0,0,0,0,38
0,360,11.961013,0.0591958723962307,-7.43576993045281E-06,0,0,0,0,0,38
0,361,11.994146,0.0572951920330524,-7.235419616336E-06,0,0,0,0,0,38
0,362,12.027279,0.0560345351696014,-7.67560686654178E-06,0,0,0,0,0,38
0,363,12.060412,0.0543859824538231,-7.88957277109148E-06,0,0,0,0,0,38
0,364,12.093545,0.052446510642767,-7.77687091613188E-06,0,0,0,0,0,38
0,365,12.126678,0.0506040118634701,-8.05413310445147E-06,0,0,0,0,0,38
0,366,12.159811,0.0494403317570686,-7.80643767939182E-06,0,0,0,0,0,38
0,367,12.192944,0.0473650954663754,-8.23331993160537E-06,0,0,0,0,0,38
0,368,12.226077,0.0456195697188377,-8.44650821818504E-06,0,0,0,0,0,38
0,369,12.25921,0.0443007312715054,-8.66903337737313E-06,0,0,0,0,0,38
0,370,12.292343,0.0426327846944332,-8.86109683051473E-06,0,0,0,0,0,38
0,371,12.325476,0.0409648381173611,-9.07331286725821E-06,0,0,0,0,0,38
0,372,12.358609,0.039471447467804,-9.30268470256124E-06,0,0,0,0,0,38
0,373,12.391742,0.0371634736657143,-9.5883488029358E-06,0,0,0,0,0,38
0,374,12.424875,0.0356700830161572,-9.8432028607931E-06,0,0,0,0,0,38
0,375,12.458008,0.0343706347048283,-1.01253654065658E-05,0,0,0,0,0,38
0,376,12.491141,0.0327220857143402,-1.01991263363743E-05,0,0,0,0,0,38
0,377,12.524274,0.0307826139032841,-1.02279918792192E-05,0,0,0,0,0,38
0,378,12.557407,0.0291146691888571,-1.0794847185025E-05,0,0,0,0,0,38
0,379,12.59054,0.0277958270162344,-1.07824371298193E-05,0,0,0,0,0,38
0,380,12.623673,0.0257787778973579,-1.14234026113991E-05,0,0,0,0,0,38
0,381,12.656806,0.0239168852567673,-1.14950616989518E-05,0,0,0,0,0,38
0,382,12.689939,0.0226756222546101,-1.16980181701365E-05,0,0,0,0,0,38
0,383,12.723072,0.0209688879549503,-1.18969292088877E-05,0,0,0,0,0,38
0,384,12.756205,0.0194754954427481,-1.24962298286846E-05,0,0,0,0,0,38
0,385,12.789338,0.017516627907753,-1.29594864120008E-05,0,0,0,0,0,38
0,386,12.822471,0.01612020842731,-1.31157203213661E-05,0,0,0,0,0,38
0,387,12.855604,0.0145686315372586,-1.32591167130158E-05,0,0,0,0,0,38
0,388,12.888737,0.0127261336892843,-1.33524063130608E-05,0,0,0,0,0,38
0,389,12.92187,0.0111551620066166,-1.38432060339255E-05,0,0,0,0,0,38
0,390,12.955003,0.00923508498817682,-1.42502476592199E-05,0,0,0,0,0,38
0,391,12.988136,0.00735379755496979,-1.49416700878646E-05,0,0,0,0,0,38
0,392,13.021269,0.00593798328191042,-1.52712564158719E-05,0,0,0,0,0,38
0,393,13.054402,0.00397911667823792,-1.52796601469163E-05,0,0,0,0,0,38
0,394,13.087535,0.00302877579815686,-1.55738052853849E-05,0,0,0,0,0,38
0,395,13.120668,0.00105051475111395,-1.59961746248882E-05,0,0,0,0,0,38
0,396,13.153801,-0.000404088932555169,-1.67954349308275E-05,0,0,0,0,0,38
0,397,13.186934,-0.00207203440368176,-1.7024301996571E-05,0,0,0,0,0,38
0,398,13.220067,-0.00389513769187033,-1.71020292327739E-05,0,0,0,0,0,38
0,399,13.2532,-0.00525276781991124,-1.73886273842072E-05,0,0,0,0,0,38
0,400,13.286333,-0.00721163395792246,-1.7692113033263E-05,0,0,0,0,0,38
0,401,13.319466,-0.0087632117792964,-1.85271201189607E-05,0,0,0,0,0,38
0,402,13.352599,-0.01070268265903,-2.13356015592581E-05,0,0,0,0,0,38
0,403,13.385732,-0.0121378917247057,-2.02841692953371E-05,0,0,0,0,0,38
0,404,13.418865,-0.0144264688715339,-2.15384279727004E-05,0,0,0,0,0,38
0,405,13.451998,-0.0152216516435146,-1.70579896803247E-05,0,0,0,0,0,38
0,406,13.485131,-0.0172193069010973,-2.1980991732562E-05,0,0,0,0,0,38
0,407,13.518264,-0.0190424099564552,-2.24767900363076E-05,0,0,0,0,0,38
0,408,13.551397,-0.0205164086073637,-2.39762266573962E-05,0,0,0,0,0,38
0,409,13.58453,-0.0217964611947536,-1.73614516825182E-05,0,0,0,0,0,38
0,410,13.617663,-0.0235613789409399,-1.89720158232376E-05,0,0,0,0,0,38
0,411,13.650796,-0.0250159837305546,-2.32597285503289E-05,0,0,0,0,0,38
0,412,13.683929,-0.0267809014767408,-2.24729028559523E-05,0,0,0,0,0,38
0,413,13.717062,-0.028448848053813,-2.41666184592759E-05,0,0,0,0,0,38
0,414,13.750195,-0.0304465033113956,-2.33549253607634E-05,0,0,0,0,0,38
0,415,13.783328,-0.0320562645792961,-2.36972427956061E-05,0,0,0,0,0,38
0,416,13.816461,-0.0338599719107151,-2.88234605250182E-05,0,0,0,0,0,38
0,417,13.849594,-0.0354503393173218,-2.7534621040104E-05,0,0,0,0,0,38
0,418,13.882727,-0.0367303900420666,-2.58611107710749E-05,0,0,0,0,0,38
0,419,13.91586,-0.0385922826826572,-2.51150831900304E-05,0,0,0,0,0,38
0,420,13.948993,-0.0402214415371418,-2.54216538451146E-05,0,0,0,0,0,38
0,421,13.982126,-0.0422190949320793,-2.89602321572602E-05,0,0,0,0,0,38
0,422,14.015259,-0.0436930954456329,-2.91133219434414E-05,0,0,0,0,0,38
0,423,14.048392,-0.0452446714043617,-3.11357543978374E-05,0,0,0,0,0,38
0,424,14.081525,-0.0471841432154179,-2.93177035928238E-05,0,0,0,0,0,38
0,425,14.114658,-0.04885208979249,-2.9765318686259E-05,0,0,0,0,0,38
0,426,14.147791,-0.0503454804420471,-3.0953910027165E-05,0,0,0,0,0,38
0,427,14.180924,-0.0518194809556007,-3.45927364833187E-05,0,0,0,0,0,38
0,428,14.214057,-0.0540110841393471,-3.43024839821737E-05,0,0,0,0,0,38
0,429,14.24719,-0.0554462932050228,-3.23437743645627E-05,0,0,0,0,0,38
0,430,14.280323,-0.0564354211091995,-3.07576920022257E-05,0,0,0,0,0,38
0,431,14.313456,-0.0586076304316521,-3.70157686120365E-05,0,0,0,0,0,38
0,432,14.346589,-0.0606052875518799,-3.70468551409431E-05,0,0,0,0,0,38
0,433,14.379722,-0.0619823113083839,-3.58205725206062E-05,0,0,0,0,0,38
0,434,14.412855,-0.06341752409935,-3.49653601006139E-05,0,0,0,0,0,38
0,435,14.445988,-0.0652600154280663,-3.77077885787003E-05,0,0,0,0,0,38
0,436,14.479121,-0.0667340159416199,-3.7615311157424E-05,0,0,0,0,0,38
0,437,14.512254,-0.0684989392757416,-4.05259816034231E-05,0,0,0,0,0,38
0,438,14.545387,-0.0699147507548332,-3.73475959349889E-05,0,0,0,0,0,38
0,439,14.57852,-0.0717960372567177,-3.60987796739209E-05,0,0,0,0,0,38
0,440,14.611653,-0.0737549066543579,-4.19139032601379E-05,0,0,0,0,0,38
0,441,14.644786,-0.0751513242721558,-4.30185682489537E-05,0,0,0,0,0,38
0,442,14.677919,-0.0767416879534721,-4.32147899118718E-05,0,0,0,0,0,38
0,443,14.711052,-0.0787975266575813,-4.29109386459459E-05,0,0,0,0,0,38
0,444,14.744185,-0.0801551565527916,-4.16877664974891E-05,0,0,0,0,0,38
0,445,14.777318,-0.0812800526618958,-4.21299409936182E-05,0,0,0,0,0,38
0,446,14.810451,-0.0830449759960175,-4.69243314000778E-05,0,0,0,0,0,38
0,447,14.843584,-0.0850038379430771,-4.6674489567522E-05,0,0,0,0,0,38
0,448,14.876717,-0.0865166261792183,-4.67797872261144E-05,0,0,0,0,0,38
0,449,14.90985,-0.088223360478878,-4.63228461740073E-05,0,0,0,0,0,38
0,450,14.942983,-0.0894646272063255,-4.48797509307042E-05,0,0,0,0,0,38
0,451,14.976116,-0.0914622768759727,-4.68850885226857E-05,0,0,0,0,0,38
0,452,15.009249,-0.0931884124875069,-4.67444297100883E-05,0,0,0,0,0,38
0,453,15.042382,-0.0950696989893913,-4.8216668801615E-05,0,0,0,0,0,38
0,454,15.075515,-0.0963109582662582,-4.88080513605382E-05,0,0,0,0,0,38
0,455,15.108648,-0.0982504263520241,-5.24317219969817E-05,0,0,0,0,0,38
0,456,15.141781,-0.0998020097613335,-5.20151916134637E-05,0,0,0,0,0,38
0,457,15.174914,-0.101353585720062,-5.04632989759557E-05,0,0,0,0,0,38
0,458,15.208047,-0.103312447667122,-4.86149365315214E-05,0,0,0,0,0,38
0,459,15.24118,-0.105348892509937,-5.30444740434177E-05,0,0,0,0,0,38
0,460,15.274313,-0.106609553098679,-5.40073160664178E-05,0,0,0,0,0,38
0,461,15.307446,-0.108141735196114,-5.32982012373395E-05,0,0,0,0,0,38
0,462,15.340579,-0.109848469495773,-5.31567675352562E-05,0,0,0,0,0,38
0,463,15.373712,-0.11169096827507,-5.47622803424019E-05,0,0,0,0,0,38
0,464,15.406845,-0.113126173615456,-5.30503020854667E-05,0,0,0,0,0,38
0,465,15.439978,-0.114794120192528,-5.69447984162252E-05,0,0,0,0,0,38
0,466,15.473111,-0.116597831249237,-5.90181298321113E-05,0,0,0,0,0,38
0,467,15.506244,-0.118091225624084,-5.85172820137814E-05,0,0,0,0,0,38
0,468,15.539377,-0.119565226137638,-5.53221871086862E-05,0,0,0,0,0,38
0,469,15.57251,-0.121388323605061,-5.66693124710582E-05,0,0,0,0,0,38
0,470,15.605643,-0.122920505702496,-5.63580797461327E-05,0,0,0,0,0,38
0,471,15.638776,-0.124685429036617,-6.08253030804917E-05,0,0,0,0,0,38
0,472,15.671909,-0.126275792717934,-6.11909345025197E-05,0,0,0,0,0,38
0,473,15.705042,-0.128254055976868,-6.02832697040867E-05,0,0,0,0,0,38
0,474,15.738175,-0.129689261317253,-6.02346990490332E-05,0,0,0,0,0,38
0,475,15.771308,-0.13102750480175,-6.13758893450722E-05,0,0,0,0,0,38
0,476,15.804441,-0.133277282118797,-5.9875674196519E-05,0,0,0,0,0,38
0,477,15.837574,-0.13484825193882,-6.49160210741684E-05,0,0,0,0,0,38
0,478,15.870707,-0.136748939752579,-6.65495099383406E-05,0,0,0,0,0,38
0,479,15.90384,-0.138222932815552,-6.65782645228319E-05,0,0,0,0,0,38
0,480,15.936973,-0.139619365334511,-6.37767734588124E-05,0,0,0,0,0,38
0,481,15.970106,-0.141461864113808,-6.35995893389918E-05,0,0,0,0,0,38
0,482,16.003239,-0.143091008067131,-6.3756961026229E-05,0,0,0,0,0,38
0,483,16.036372,-0.144545614719391,-6.52152084512636E-05,0,0,0,0,0,38
0,484,16.069505,-0.146329924464226,-6.81592937326059E-05,0,0,0,0,0,38
0,485,16.102638,-0.148172423243523,-6.72465757816099E-05,0,0,0,0,0,38
0,486,16.135771,-0.149568840861321,-6.59414217807353E-05,0,0,0,0,0,38
0,487,16.168904,-0.151178613305092,-6.80209705024026E-05,0,0,0,0,0,38
0,488,16.202037,-0.153021112084389,-6.83846592437476E-05,0,0,0,0,0,38
0,489,16.23517,-0.154553294181824,-7.11655520717613E-05,0,0,0,0,0,38
0,490,16.268303,-0.156298816204071,-7.07742728991434E-05,0,0,0,0,0,38
0,491,16.301436,-0.157869786024094,-7.28771410649642E-05,0,0,0,0,0,38
0,492,16.334569,-0.160274729132652,-7.90524572948925E-05,0,0,0,0,0,38
0,493,16.367702,-0.161322042346001,-7.12518085492775E-05,0,0,0,0,0,38
0,494,16.400835,-0.16287362575531,-7.29843814042397E-05,0,0,0,0,0,38
0,495,16.433968,-0.164677336812019,-7.34145141905174E-05,0,0,0,0,0,38
0,496,16.467101,-0.166384071111679,-7.57901434553787E-05,0,0,0,0,0,38
0,497,16.500234,-0.168052017688751,-7.69488178775646E-05,0,0,0,0,0,38
0,498,16.533367,-0.169176906347275,-7.12339387973771E-05,0,0,0,0,0,38
0,499,16.5665,-0.170941829681396,-7.60547482059337E-05,0,0,0,0,0,38
0,500,16.599633,-0.17257097363472,-7.65365548431873E-05,0,0,0,0,0,38
0,501,16.632766,-0.174646213650703,-8.05472300271504E-05,0,0,0,0,0,38
0,502,16.665899,-0.1762365847826,-7.7161741501186E-05,0,0,0,0,0,38
0,503,16.699032,-0.177536025643349,-7.70642145653255E-05,0,0,0,0,0,38
0,504,16.732165,-0.179359138011932,-7.72996791056357E-05,0,0,0,0,0,38
0,505,16.765298,-0.181337386369705,-7.93807848822325E-05,0,0,0,0,0,38
0,506,16.798431,-0.18286956846714,-7.93287181295455E-05,0,0,0,0,0,38
0,507,16.831564,-0.184149622917175,-8.17622421891429E-05,0,0,0,0,0,38
0,508,16.864697,-0.186147287487984,-8.25339157017879E-05,0,0,0,0,0,38
0,509,16.89783,-0.187563091516495,-7.96003223513253E-05,0,0,0,0,0,38
0,510,16.930963,-0.189328014850616,-8.37819607113488E-05,0,0,0,0,0,38
0,511,16.964096,-0.190898984670639,-8.47824921947904E-05,0,0,0,0,0,38
0,512,16.997229,-0.192683294415474,-8.63872264744714E-05,0,0,0,0,0,38
0,513,17.030362,-0.194118514657021,-8.08199984021485E-05,0,0,0,0,0,38
0,514,17.063495,-0.196038588881493,-8.58859857544303E-05,0,0,0,0,0,38
0,515,17.096628,-0.197241052985191,-8.65993788465858E-05,0,0,0,0,0,38
0,516,17.129761,-0.199122339487076,-8.69350915309042E-05,0,0,0,0,0,38
0,517,17.162894,-0.201255768537521,-9.02292667888105E-05,0,0,0,0,0,38
0,518,17.196027,-0.20245823264122,-8.87710120878182E-05,0,0,0,0,0,38
0,519,17.22916,-0.204281345009804,-8.86404595803469E-05,0,0,0,0,0,38
0,520,17.262293,-0.205929890275002,-9.01154198800214E-05,0,0,0,0,0,38
0,521,17.295426,-0.207578435540199,-8.73349126777612E-05,0,0,0,0,0,38
0,522,17.328559,-0.209071829915047,-9.14912961889058E-05,0,0,0,0,0,38
0,523,17.361692,-0.211030706763268,-9.64461578405462E-05,0,0,0,0,0,38
0,524,17.394825,-0.212873205542564,-9.2557878815569E-05,0,0,0,0,0,38
0,525,17.427958,-0.214133858680725,-9.09519803826697E-05,0,0,0,0,0,38
0,526,17.461091,-0.21566604077816,-9.32953553274274E-05,0,0,0,0,0,38
0,527,17.494224,-0.217353373765945,-9.16397184482776E-05,0,0,0,0,0,38
0,528,17.527357,-0.219273462891579,-9.47843072935939E-05,0,0,0,0,0,38
0,529,17.56049,-0.221038371324539,-9.98429095488973E-05,0,0,0,0,0,38
0,530,17.593623,-0.222240850329399,-9.60482793743722E-05,0,0,0,0,0,38
0,531,17.626756,-0.224102735519409,-9.56717631197535E-05,0,0,0,0,0,38
0,532,17.659889,-0.225654318928719,-9.55699651967734E-05,0,0,0,0,0,38
0,533,17.693022,-0.227070137858391,-9.70604669419117E-05,0,0,0,0,0,38
0,534,17.726155,-0.229106575250626,-9.64282808126882E-05,0,0,0,0,0,38
0,535,17.759288,-0.23073573410511,-0.000101404519227799,0,0,0,0,0,38
0,536,17.792421,-0.232733383774757,-0.000102952137240209,0,0,0,0,0,38
0,537,17.825554,-0.23414920270443,-0.000103326703538187,0,0,0,0,0,38
0,538,17.858687,-0.235875338315964,-0.000103100952401292,0,0,0,0,0,38
0,539,17.89182,-0.237194180488586,-9.93304056464694E-05,0,0,0,0,0,38
0,540,17.924953,-0.238978490233421,-0.000102672376669943,0,0,0,0,0,38
0,541,17.958086,-0.241111904382706,-0.00010585697600618,0,0,0,0,0,38
0,542,17.991219,-0.242391958832741,-0.000105147475551348,0,0,0,0,0,38
0,543,18.024352,-0.244176268577576,-0.000108379485027399,0,0,0,0,0,38
0,544,18.057485,-0.245669662952423,-0.000106062914710492,0,0,0,0,0,38
0,545,18.090618,-0.246969103813171,-0.000107988984382246,0,0,0,0,0,38
0,546,18.123751,-0.249024957418442,-0.000106631370726973,0,0,0,0,0,38
0,547,18.156884,-0.250615328550339,-0.000109869208245073,0,0,0,0,0,38
0,548,18.190017,-0.252380222082138,-0.000112595313112251,0,0,0,0,0,38
0,549,18.22315,-0.25389301776886,-0.000111629749881104,0,0,0,0,0,38
0,550,18.256283,-0.25594887137413,-0.000113452078949194,0,0,0,0,0,38
0,551,18.289416,-0.257131934165955,-0.000111844237835612,0,0,0,0,0,38
0,552,18.322549,-0.258819282054901,-0.000110444656456821,0,0,0,0,0,38
0,553,18.355682,-0.260506629943848,-0.000114035690785386,0,0,0,0,0,38
0,554,18.388815,-0.26207759976387,-0.000115408067358658,0,0,0,0,0,38
0,555,18.421948,-0.264288604259491,-0.000117234281788114,0,0,0,0,0,38
0,556,18.455081,-0.265452265739441,-0.000113267902634107,0,0,0,0,0,38
0,557,18.488214,-0.266771107912064,-0.000114037633466069,0,0,0,0,0,38
0,558,18.521347,-0.269098490476608,-0.000118129122711252,0,0,0,0,0,38
0,559,18.55448,-0.270417332649231,-0.000121989425679203,0,0,0,0,0,38
0,560,18.587613,-0.271988302469254,-0.000118577903776895,0,0,0,0,0,38
0,561,18.620746,-0.273791998624802,-0.000119926196930464,0,0,0,0,0,38
0,562,18.653879,-0.275518119335175,-0.000120974909805227,0,0,0,0,0,38
0,563,18.687012,-0.27714729309082,-0.000119916869152803,0,0,0,0,0,38
0,564,18.720145,-0.278466135263443,-0.000120092110591941,0,0,0,0,0,38
0,565,18.753278,-0.280599534511566,-0.000124657643027604,0,0,0,0,0,38
0,566,18.786411,-0.282345086336136,-0.000125688864500262,0,0,0,0,0,38
0,567,18.819544,-0.283974230289459,-0.000124803729704581,0,0,0,0,0,38
0,568,18.852677,-0.285487025976181,-0.000125357822980732,0,0,0,0,0,38
0,569,18.88581,-0.286786466836929,-0.000126411192468368,0,0,0,0,0,38
0,570,18.918943,-0.288881093263626,-0.000129789681523107,0,0,0,0,0,38
0,571,18.952076,-0.290568441152573,-0.000130148328025825,0,0,0,0,0,38
0,572,18.985209,-0.29215881228447,-0.000132227098220028,0,0,0,0,0,38
0,573,19.018342,-0.293283700942993,-0.000130010768771172,0,0,0,0,0,38
0,574,19.051475,-0.294912844896317,-0.000130344546050765,0,0,0,0,0,38
0,575,19.084608,-0.296832919120789,-0.000128702507936396,0,0,0,0,0,38
0,576,19.117741,-0.298403888940811,-0.000131301552755758,0,0,0,0,0,38
0,577,19.150874,-0.300479143857956,-0.000132157540065236,0,0,0,0,0,38
0,578,19.184007,-0.302088886499405,-0.000134791946038604,0,0,0,0,0,38
0,579,19.21714,-0.303756833076477,-0.000138378716656007,0,0,0,0,0,38
0,580,19.250273,-0.305444180965424,-0.000137325725518167,0,0,0,0,0,38
0,581,19.283406,-0.306588470935822,-0.000136338407173753,0,0,0,0,0,38
0,582,19.316539,-0.308857649564743,-0.000137660652399063,0,0,0,0,0,38
0,583,19.349672,-0.310273468494415,-0.000137940412969328,0,0,0,0,0,38
0,584,19.382805,-0.312018990516663,-0.000139821029733866,0,0,0,0,0,38
0,585,19.415938,-0.313434809446335,-0.000141186028486118,0,0,0,0,0,38
0,586,19.449071,-0.315296679735184,-0.000139941475936212,0,0,0,0,0,38
0,587,19.482204,-0.31657674908638,-0.000141246258863248,0,0,0,0,0,38
0,588,19.515337,-0.318244695663452,-0.000140937743708491,0,0,0,0,0,38
0,589,19.54847,-0.320164769887924,-0.000142938020871952,0,0,0,0,0,38
0,590,19.581603,-0.322162419557571,-0.000147402912261896,0,0,0,0,0,38
0,591,19.614736,-0.323617041110992,-0.000149175903061405,0,0,0,0,0,38
0,592,19.647869,-0.324819505214691,-0.000147708327858709,0,0,0,0,0,38
0,593,19.681002,-0.32627409696579,-0.000143242650665343,0,0,0,0,0,38
0,594,19.714135,-0.328776031732559,-0.000146729944390245,0,0,0,0,0,38
0,595,19.747268,-0.330075472593308,-0.000148969964357093,0,0,0,0,0,38
0,596,19.780401,-0.332092523574829,-0.000152572654769756,0,0,0,0,0,38
0,597,19.813534,-0.333411365747452,-0.000151523170643486,0,0,0,0,0,38
0,598,19.846667,-0.334691405296326,-0.000149223691551015,0,0,0,0,0,38
0,599,19.8798,-0.336456328630447,-0.000150255305925384,0,0,0,0,0,38
0,600,19.912933,-0.338104873895645,-0.000151671207277104,0,0,0,0,0,38
0,601,19.946066,-0.339598268270493,-0.000154024295625277,0,0,0,0,0,38
0,602,19.979199,-0.341615319252014,-0.000155507033923641,0,0,0,0,0,38
0,603,20.012332,-0.343263864517212,-0.000153859160491265,0,0,0,0,0,38
0,604,20.045465,-0.345397293567657,-0.00015643062943127,0,0,0,0,0,38
0,605,20.078598,-0.346910089254379,-0.000159459421411157,0,0,0,0,0,38
0,606,20.111731,-0.348228931427002,-0.00015902346058283,0,0,0,0,0,38
0,607,20.144864,-0.350052028894424,-0.000158997034304775,0,0,0,0,0,38
0,608,20.177997,-0.351719975471497,-0.000157193746417761,0,0,0,0,0,38
0,609,20.21113,-0.353329718112946,-0.000155521862325259,0,0,0,0,0,38
0,610,20.244263,-0.351060539484024,-7.26436410332099E-05,0,0,0,0,0,38
0,611,20.277396,-0.349799901247025,6.63179016555659E-05,0,0,0,0,0,38
0,612,20.310529,-0.37031951546669,-0.000282159628113732,0,0,0,0,0,38
0,613,20.343662,-0.354842513799667,1.47937525980524E-05,0,0,0,0,0,38
0,614,20.376795,-0.368030935525894,-0.000142816847073846,0,0,0,0,0,38
0,615,20.409928,-0.371541380882263,-0.000360245263436809,0,0,0,0,0,38
0,616,20.443061,-0.386785626411438,-0.000548743118997663,0,0,0,0,0,38
0,617,20.476194,-0.375187575817108,-0.000418954383349046,0,0,0,0,0,38
0,618,20.509327,-0.368205487728119,-9.08842412172817E-05,0,0,0,0,0,38
0,619,20.54246,-0.353969752788544,0.000165421661222354,0,0,0,0,0,38
0,620,20.575593,-0.375497877597809,-0.000105635437648743,0,0,0,0,0,38
0,621,20.608726,-0.378387689590454,-0.000313031312543899,0,0,0,0,0,38
0,622,20.641859,-0.394873201847076,-0.000552306417375803,0,0,0,0,0,38
0,623,20.674992,-0.377961009740829,-0.000296883576083928,0,0,0,0,0,38
0,624,20.708125,-0.378717422485352,-0.000102756777778268,0,0,0,0,0,38
0,625,20.741258,-0.389888763427734,-0.000225850671995431,0,0,0,0,0,38
0,626,20.774391,-0.408119797706604,-0.00053614703938365,0,0,0,0,0,38
0,627,20.807524,-0.369737654924393,9.46454892982729E-05,0,0,0,0,0,38
0,628,20.840657,-0.355230420827866,0.000270337186520919,0,0,0,0,0,38
0,629,20.87379,-0.364985942840576,0.000244619848672301,0,0,0,0,0,38
0,630,20.906923,-0.372840821743011,3.71889618691057E-05,0,0,0,0,0,38
0,631,20.940056,-0.406490653753281,-0.000538535532541573,0,0,0,0,0,38
0,632,20.973189,-0.366188436746597,0.000174676169990562,0,0,0,0,0,38
0,633,21.006322,-0.402592301368713,-0.000383118953322992,0,0,0,0,0,38
0,634,21.039455,-0.41644012928009,-0.000622491294052452,0,0,0,0,0,38
0,635,21.072588,-0.400342524051666,-0.000338558049406856,0,0,0,0,0,38
0,636,21.105721,-0.411513864994049,-0.000448585167760029,0,0,0,0,0,38
0,637,21.138854,-0.424430757761002,-0.000480798946227878,0,0,0,0,0,38
0,638,21.171987,-0.422277957201004,-0.000570356438402087,0,0,0,0,0,38
0,639,21.20512,-0.419232964515686,-0.000459811941254884,0,0,0,0,0,38
0,640,21.238253,-0.395280510187149,8.89815273694694E-05,0,0,0,0,0,38
0,641,21.271386,-0.430986166000366,-0.000596221594605595,0,0,0,0,0,38
0,642,21.304519,-0.422239154577255,-0.000469295948278159,0,0,0,0,0,38
0,643,21.337652,-0.417991727590561,-0.000187097670277581,0,0,0,0,0,38
0,644,21.370785,-0.43211105465889,-0.000565373222343624,0,0,0,0,0,38
0,645,21.403918,-0.423616170883179,-0.000426676211645827,0,0,0,0,0,38
0,646,21.437051,-0.417584419250488,-0.000105600425740704,0,0,0,0,0,38
0,647,21.470184,-0.437153697013855,-0.000555095612071455,0,0,0,0,0,38
0,648,21.503317,-0.432964444160461,-0.000489287078380585,0,0,0,0,0,38
0,649,21.53645,-0.410388976335526,8.17576437839307E-05,0,0,0,0,0,38
0,650,21.569583,-0.441362351179123,-0.00054386886768043,0,0,0,0,0,38
0,651,21.602716,-0.418321430683136,-0.000205237127374858,0,0,0,0,0,38
0,652,21.635849,-0.438142836093903,-0.000286143069388345,0,0,0,0,0,38
0,653,21.668982,-0.415024310350418,-7.94279476394877E-05,0,0,0,0,0,38
0,654,21.702115,-0.40402752161026,0.000198689653188922,0,0,0,0,0,38
0,655,21.735248,-0.457459956407547,-0.000565205933526158,0,0,0,0,0,38
0,656,21.768381,-0.410854458808899,0.000145492755109444,0,0,0,0,0,38
0,657,21.801514,-0.426428407430649,-4.47771890321746E-06,0,0,0,0,0,38
0,658,21.834647,-0.402475953102112,0.000328583410009742,0,0,0,0,0,38
0,659,21.86778,-0.446036487817764,-0.000414231821196154,0,0,0,0,0,38
0,660,21.900913,-0.422782212495804,-3.49876390828285E-05,0,0,0,0,0,38
0,661,21.934046,-0.441556304693222,-0.000112657035060693,0,0,0,0,0,38
0,662,21.967179,-0.420396655797958,0.000120355041872244,0,0,0,0,0,38
0,663,22.000312,-0.430035829544067,0.000100920187833253,0,0,0,0,0,38
0,664,22.033445,-0.472471475601196,-0.000710905122105032,0,0,0,0,0,38
0,665,22.066578,-0.46225044131279,-0.000420981115894392,0,0,0,0,0,38
0,666,22.099711,-0.476990431547165,-0.000704467063769698,0,0,0,0,0,38
0,667,22.132844,-0.417623221874237,0.00029992128838785,0,0,0,0,0,38
0,668,22.165977,-0.430675864219666,0.000126777566038072,0,0,0,0,0,38
0,669,22.19911,-0.423616170883179,0.000303791923215613,0,0,0,0,0,38
0,670,22.232243,-0.481470614671707,-0.000605522771365941,0,0,0,0,0,38
0,671,22.265376,-0.474313974380493,-0.000502439448609948,0,0,0,0,0,38
0,672,22.298509,-0.481839120388031,-0.000681846227962524,0,0,0,0,0,38
0,673,22.331642,-0.435660302639008,0.000226336473133415,0,0,0,0,0,38
0,674,22.364775,-0.446404963731766,7.38529925001785E-05,0,0,0,0,0,38
0,675,22.397908,-0.492001950740814,-0.000640957558061928,0,0,0,0,0,38
0,676,22.431041,-0.435253024101257,0.000219155379454605,0,0,0,0,0,38
0,677,22.464174,-0.451079100370407,7.25537029211409E-05,0,0,0,0,0,38
0,678,22.497307,-0.437114894390106,0.000325393542880192,0,0,0,0,0,38
0,679,22.53044,-0.495842099189758,-0.000628061941824853,0,0,0,0,0,38
0,680,22.563573,-0.476234048604965,-0.000363244500476867,0,0,0,0,0,38
0,681,22.596706,-0.4866102039814,-0.000557939289137721,0,0,0,0,0,38
0,682,22.629839,-0.469853192567825,-4.56970374216326E-05,0,0,0,0,0,38
0,683,22.662972,-0.496559709310532,-0.000541305285878479,0,0,0,0,0,38
0,684,22.696105,-0.509709298610687,-0.00080992717994377,0,0,0,0,0,38
0,685,22.729238,-0.466982752084732,5.19245950272307E-05,0,0,0,0,0,38
0,686,22.762371,-0.501970827579498,-0.000531490601133555,0,0,0,0,0,38
0,687,22.795504,-0.475787967443466,1.06313636933919E-05,0,0,0,0,0,38
0,688,22.828637,-0.467409461736679,-2.03103572857799E-05,0,0,0,0,0,38
0,689,22.86177,-0.487773895263672,-0.000160485607921146,0,0,0,0,0,38
0,690,22.894903,-0.455035626888275,0.000341545150149614,0,0,0,0,0,38
0,691,22.928036,-0.471404761075974,1.16622359200846E-05,0,0,0,0,0,38
0,692,22.961169,-0.500380456447601,-0.000284859328530729,0,0,0,0,0,38
0,693,22.994302,-0.459942489862442,0.000328595080645755,0,0,0,0,0,38
0,694,23.027435,-0.482595503330231,-0.000110657536424696,0,0,0,0,0,38
0,695,23.060568,-0.489558219909668,-3.86326464649756E-05,0,0,0,0,0,38
0,696,23.093701,-0.462618947029114,0.000269975425908342,0,0,0,0,0,38
0,697,23.126834,-0.492021352052689,-0.000188253019587137,0,0,0,0,0,38
0,698,23.159967,-0.501039862632751,-0.00013017408491578,0,0,0,0,0,38
0,699,23.1931,-0.465722113847733,0.000328886846546084,0,0,0,0,0,38
0,700,23.226233,-0.486144751310349,2.0811710783164E-05,0,0,0,0,0,38
0,701,23.259366,-0.531955063343048,-0.000623498868662864,0,0,0,0,0,38
0,702,23.292499,-0.474740654230118,0.0003303962002974,0,0,0,0,0,38
0,703,23.325632,-0.491866201162338,8.51614604471251E-05,0,0,0,0,0,38
0,704,23.358765,-0.539363861083984,-0.000681643898133188,0,0,0,0,0,38
0,705,23.391898,-0.487405389547348,0.000230074831051752,0,0,0,0,0,38
0,706,23.425031,-0.503134489059448,1.05786921267281E-06,0,0,0,0,0,38
0,707,23.458164,-0.546636879444122,-0.000746199861168861,0,0,0,0,0,38
0,708,23.491297,-0.54778116941452,-0.000754376815166324,0,0,0,0,0,38
0,709,23.52443,-0.51434463262558,-0.000243352158577181,0,0,0,0,0,38
0,710,23.557563,-0.505326092243195,0.000101309196907096,0,0,0,0,0,38
0,711,23.590696,-0.512346982955933,-0.000191614046343602,0,0,0,0,0,38
0,712,23.623829,-0.507769882678986,5.85299567319453E-05,0,0,0,0,0,38
0,713,23.656962,-0.543436706066132,-0.000422490469645709,0,0,0,0,0,38
0,714,23.690095,-0.499022841453552,0.000234906314290129,0,0,0,0,0,38
0,715,23.723228,-0.54215669631958,-0.000404000922571868,0,0,0,0,0,38
0,716,23.756361,-0.558739185333252,-0.000783875293564051,0,0,0,0,0,38
0,717,23.789494,-0.545240461826324,-0.000350457819877192,0,0,0,0,0,38
0,718,23.822627,-0.522315919399261,-0.000118943411507644,0,0,0,0,0,38
0,719,23.85576,-0.503386676311493,0.000305771973216906,0,0,0,0,0,38
0,720,23.888893,-0.524507522583008,-0.000141299722599797,0,0,0,0,0,38
0,721,23.922026,-0.540372371673584,-0.000192182007594965,0,0,0,0,0,38
0,722,23.955159,-0.567350447177887,-0.000604137894697487,0,0,0,0,0,38
0,723,23.988292,-0.538646221160889,-9.86293962341733E-05,0,0,0,0,0,38
0,724,24.021425,-0.540062069892883,-0.000278650783002377,0,0,0,0,0,38
0,725,24.054558,-0.539615988731384,-3.70766138075851E-05,0,0,0,0,0,38
0,726,24.087691,-0.521074652671814,0.000169984719832428,0,0,0,0,0,38
0,727,24.120824,-0.566943109035492,-0.00059876183513552,0,0,0,0,0,38
0,728,24.153957,-0.574662208557129,-0.000739532231818885,0,0,0,0,0,38
0,729,24.18709,-0.575457394123077,-0.000645839609205723,0,0,0,0,0,38
0,730,24.220223,-0.537172257900238,6.79167278576642E-05,0,0,0,0,0,38
0,731,24.253356,-0.528657972812653,0.000242947120568715,0,0,0,0,0,38
0,732,24.286489,-0.536978304386139,8.37065745145082E-05,0,0,0,0,0,38
0,733,24.319622,-0.57320761680603,-0.000580326712224633,0,0,0,0,0,38
0,734,24.352755,-0.576446533203125,-0.000645652879029512,0,0,0,0,0,38
0,735,24.385888,-0.5623659491539,-0.000342280865879729,0,0,0,0,0,38
0,736,24.419021,-0.582924365997314,-0.000505310366861522,0,0,0,0,0,38
0,737,24.452154,-0.58465051651001,-0.000459115603007376,0,0,0,0,0,38
0,738,24.485287,-0.58672571182251,-0.000588305294513702,0,0,0,0,0,38
0,739,24.51842,-0.550244271755219,8.94950135261752E-05,0,0,0,0,0,38
0,740,24.551553,-0.533700585365295,0.000291067437501624,0,0,0,0,0,38
0,741,24.584686,-0.5597283244133,-2.49473359872354E-05,0,0,0,0,0,38
0,742,24.617819,-0.551330387592316,0.000144212928717025,0,0,0,0,0,38
0,743,24.650952,-0.539771139621735,0.000270232150796801,0,0,0,0,0,38
0,744,24.684085,-0.573110640048981,-0.000151577318320051,0,0,0,0,0,38
0,745,24.717218,-0.56717586517334,-0.000210364247323014,0,0,0,0,0,38
0,746,24.750351,-0.60162091255188,-0.000718689174391329,0,0,0,0,0,38
0,747,24.783484,-0.560930788516998,6.31397051620297E-05,0,0,0,0,0,38
0,748,24.816617,-0.608738720417023,-0.000759161601308733,0,0,0,0,0,38
0,749,24.84975,-0.61438262462616,-0.00072117883246392,0,0,0,0,0,38
0,750,24.882883,-0.571403920650482,-6.89714070176706E-05,0,0,0,0,0,38
0,751,24.916016,-0.61403352022171,-0.000795798376202583,0,0,0,0,0,38
0,752,24.949149,-0.619619190692902,-0.000789745419751853,0,0,0,0,0,38
0,753,24.982282,-0.572451233863831,4.51558516942896E-05,0,0,0,0,0,38
0,754,25.015415,-0.625030279159546,-0.000787749828305095,0,0,0,0,0,38
0,755,25.048548,-0.621442258358002,-0.000665904663037509,0,0,0,0,0,38
0,756,25.081681,-0.577939927577972,3.90600907849148E-05,0,0,0,0,0,38
0,757,25.114814,-0.632128775119781,-0.000808791257441044,0,0,0,0,0,38
0,758,25.147947,-0.6225865483284,-0.000732281128875911,0,0,0,0,0,38
0,759,25.18108,-0.604568898677826,-0.000259196473052725,0,0,0,0,0,38
0,760,25.214213,-0.623672664165497,-0.000730429426766932,0,0,0,0,0,38
0,761,25.247346,-0.624778151512146,-0.0006899259169586,0,0,0,0,0,38
0,762,25.280479,-0.609243035316467,-0.000254967948421836,0,0,0,0,0,38
0,763,25.313612,-0.636511981487274,-0.000833738362416625,0,0,0,0,0,38
0,764,25.346745,-0.631508111953735,-0.000697741110343486,0,0,0,0,0,38
0,765,25.379878,-0.623246014118195,-0.000412699126172811,0,0,0,0,0,38
0,766,25.413011,-0.636608958244324,-0.000777091016061604,0,0,0,0,0,38
0,767,25.446144,-0.627920091152191,-0.000595992081798613,0,0,0,0,0,38
0,768,25.479277,-0.640022397041321,-0.00068677106173709,0,0,0,0,0,38
0,769,25.51241,-0.625941872596741,-0.000559351406991482,0,0,0,0,0,38
0,770,25.545543,-0.60319185256958,-0.000102359990705736,0,0,0,0,0,38
0,771,25.578676,-0.639091491699219,-0.000656692951451987,0,0,0,0,0,38
0,772,25.611809,-0.598207414150238,-1.96840537682874E-05,0,0,0,0,0,38
0,773,25.644942,-0.602338492870331,5.8226527471561E-05,0,0,0,0,0,38
0,774,25.678075,-0.626097023487091,-0.000407408631872386,0,0,0,0,0,38
0,775,25.711208,-0.594250917434692,0.000234801293117926,0,0,0,0,0,38
0,776,25.744341,-0.633467018604279,-0.000293779303319752,0,0,0,0,0,38
0,777,25.777474,-0.608350872993469,8.74799516168423E-05,0,0,0,0,0,38
0,778,25.810607,-0.609495162963867,0.000140700183692388,0,0,0,0,0,38
0,779,25.84374,-0.655383050441742,-0.000630563241429627,0,0,0,0,0,38
0,780,25.876873,-0.64072060585022,-0.000289640243863687,0,0,0,0,0,38
0,781,25.910006,-0.6517174243927,-0.000418806564994156,0,0,0,0,0,38
0,782,25.943139,-0.640196979045868,-0.000405860366299748,0,0,0,0,0,38
0,783,25.976272,-0.670956969261169,-0.000823083450086415,0,0,0,0,0,38
0,784,26.009405,-0.653094470500946,-0.000627427827566862,0,0,0,0,0,38
0,785,26.042538,-0.638781130313873,-0.000170704850461334,0,0,0,0,0,38
0,786,26.075671,-0.621345281600952,-7.28246868675342E-06,0,0,0,0,0,38
0,787,26.108804,-0.630848705768585,-0.000164865836268291,0,0,0,0,0,38
0,788,26.141937,-0.665507078170776,-0.000555255101062357,0,0,0,0,0,38
0,789,26.17507,-0.625825464725494,0.000123731631902047,0,0,0,0,0,38
0,790,26.208203,-0.629937171936035,9.36379510676488E-05,0,0,0,0,0,38
0,791,26.241336,-0.63905268907547,-0.000146854756167158,0,0,0,0,0,38
0,792,26.274469,-0.66281121969223,-0.000582022767048329,0,0,0,0,0,38
0,793,26.307602,-0.64411473274231,-0.000239734377828427,0,0,0,0,0,38
0,794,26.340735,-0.678598523139954,-0.000651301292236894,0,0,0,0,0,38
0,795,26.373868,-0.630053520202637,0.000188575431820937,0,0,0,0,0,38
0,796,26.407001,-0.646306335926056,-2.13139974221122E-05,0,0,0,0,0,38
0,797,26.440134,-0.650592565536499,-0.000190015227417462,0,0,0,0,0,38
0,798,26.473267,-0.691651165485382,-0.00069701363099739,0,0,0,0,0,38
0,799,26.5064,-0.696402847766876,-0.000810911355074495,0,0,0,0,0,38
0,800,26.539533,-0.681216776371002,-0.000480896182125434,0,0,0,0,0,38
0,801,26.572666,-0.634960412979126,0.000153817542013712,0,0,0,0,0,38
0,802,26.605799,-0.646636009216309,4.52569911431056E-05,0,0,0,0,0,38
0,803,26.638932,-0.66281121969223,-0.000251015619141981,0,0,0,0,0,38
0,804,26.672065,-0.676096618175507,-0.000250891142059118,0,0,0,0,0,38
0,805,26.705198,-0.690681397914886,-0.000505030271597207,0,0,0,0,0,38
0,806,26.738331,-0.675747513771057,-0.000239360932027921,0,0,0,0,0,38
0,807,26.771464,-0.714342951774597,-0.000956805073656142,0,0,0,0,0,38
0,808,26.804597,-0.662597894668579,-0.000115251721581444,0,0,0,0,0,38
0,809,26.83773,-0.658893465995789,5.37975120096235E-06,0,0,0,0,0,38
0,810,26.870863,-0.709358513355255,-0.000665235565975308,0,0,0,0,0,38
0,811,26.903996,-0.702841877937317,-0.000699861149769276,0,0,0,0,0,38
0,812,26.937129,-0.710619211196899,-0.000793499348219484,0,0,0,0,0,38
0,813,26.970262,-0.656061828136444,0.000101982179330662,0,0,0,0,0,38
0,814,27.003395,-0.707283318042755,-0.000581131957005709,0,0,0,0,0,38
0,815,27.036528,-0.711317420005798,-0.000615586410276592,0,0,0,0,0,38
0,816,27.069661,-0.716767311096191,-0.000857639068271965,0,0,0,0,0,38
0,817,27.102794,-0.690894782543182,-0.000241115354583599,0,0,0,0,0,38
0,818,27.135927,-0.704257726669312,-0.000392692454624921,0,0,0,0,0,38
0,819,27.16906,-0.733834683895111,-0.000983261503279209,0,0,0,0,0,38
0,820,27.202193,-0.688101947307587,-0.000147185419336893,0,0,0,0,0,38
0,821,27.235326,-0.681371927261353,-1.60195959324483E-05,0,0,0,0,0,38
0,822,27.268459,-0.71756249666214,-0.000504827999975532,0,0,0,0,0,38
0,823,27.301592,-0.686046063899994,-9.39535166253336E-05,0,0,0,0,0,38
0,824,27.334725,-0.677182674407959,5.24497554579284E-05,0,0,0,0,0,38
0,825,27.367858,-0.740390062332153,-0.000871394411660731,0,0,0,0,0,38
0,826,27.400991,-0.699525415897369,-0.000186471355846152,0,0,0,0,0,38
0,827,27.434124,-0.681721031665802,6.37971243122593E-05,0,0,0,0,0,38
0,828,27.467257,-0.697760462760925,-7.8327051596716E-05,0,0,0,0,0,38
0,829,27.50039,-0.702667355537415,-0.000265805720118806,0,0,0,0,0,38
0,830,27.533523,-0.72850114107132,-0.000724788813386112,0,0,0,0,0,38
0,831,27.566656,-0.696732580661774,-0.000134807167341933,0,0,0,0,0,38
0,832,27.599789,-0.731856405735016,-0.000680974801070988,0,0,0,0,0,38
0,833,27.632922,-0.757088899612427,-0.00100014451891184,0,0,0,0,0,38
0,834,27.666055,-0.696732580661774,-1.36233038574574E-05,0,0,0,0,0,38
0,835,27.699188,-0.713955104351044,-0.000307417940348387,0,0,0,0,0,38
0,836,27.732321,-0.75489729642868,-0.000964935345109552,0,0,0,0,0,38
0,837,27.765454,-0.70646870136261,-0.000160808485816233,0,0,0,0,0,38
0,838,27.798587,-0.730712115764618,-0.000527841679286212,0,0,0,0,0,38
0,839,27.83172,-0.761258780956268,-0.000852613069582731,0,0,0,0,0,38
0,840,27.864853,-0.735929310321808,-0.000588188588153571,0,0,0,0,0,38
0,841,27.897986,-0.717174589633942,-0.000164313445566222,0,0,0,0,0,38
0,842,27.931119,-0.71923041343689,-0.000283256638795137,0,0,0,0,0,38
0,843,27.964252,-0.734862565994263,-0.000330633949488401,0,0,0,0,0,38
0,844,27.997385,-0.738237261772156,-0.000364598265150562,0,0,0,0,0,38
0,845,28.030518,-0.739400923252106,-0.000560565094929188,0,0,0,0,0,38
0,846,28.063651,-0.743648409843445,-0.000399737386032939,0,0,0,0,0,38
0,847,28.096784,-0.760424792766571,-0.000655615353025496,0,0,0,0,0,38
0,848,28.129917,-0.715487241744995,-3.17472004098818E-05,0,0,0,0,0,38
0,849,28.16305,-0.769695460796356,-0.000802932830993086,0,0,0,0,0,38
0,850,28.196183,-0.775358736515045,-0.000942295067943633,0,0,0,0,0,38
0,851,28.229316,-0.758737504482269,-0.00049130991101265,0,0,0,0,0,38
0,852,28.262449,-0.746596395969391,-0.000458847207482904,0,0,0,0,0,38
0,853,28.295582,-0.731643080711365,-0.000149048762978055,0,0,0,0,0,38
0,854,28.328715,-0.783873021602631,-0.000867632683366537,0,0,0,0,0,38
0,855,28.361848,-0.743260502815247,-0.000251179008046165,0,0,0,0,0,38
0,856,28.394981,-0.746867895126343,-0.00024210344417952,0,0,0,0,0,38
0,857,28.428114,-0.791650295257568,-0.00108580803498626,0,0,0,0,0,38
0,858,28.461247,-0.784532427787781,-0.000859202875290066,0,0,0,0,0,38
0,859,28.49438,-0.792717039585114,-0.00100278586614877,0,0,0,0,0,38
0,860,28.527513,-0.739013075828552,-0.000157743095769547,0,0,0,0,0,38
0,861,28.560646,-0.774951457977295,-0.000713484245352447,0,0,0,0,0,38
0,862,28.593779,-0.773516237735748,-0.000701035954989493,0,0,0,0,0,38
0,863,28.626912,-0.75458699464798,-0.000196367735043168,0,0,0,0,0,38
0,864,28.660045,-0.757981061935425,-0.00029955996433273,0,0,0,0,0,38
0,865,28.693178,-0.749796509742737,-0.000120437201985624,0,0,0,0,0,38
0,866,28.726311,-0.80326771736145,-0.000926419626921415,0,0,0,0,0,38
0,867,28.759444,-0.802899241447449,-0.000949997396674007,0,0,0,0,0,38
0,868,28.792577,-0.810928642749786,-0.00111396051943302,0,0,0,0,0,38
0,869,28.82571,-0.751968741416931,-9.21290702535771E-05,0,0,0,0,0,38
0,870,28.858843,-0.76542866230011,-0.000272508332272992,0,0,0,0,0,38
0,871,28.891976,-0.75458699464798,-9.02501560631208E-05,0,0,0,0,0,38
0,872,28.925109,-0.804702937602997,-0.000789675395935774,0,0,0,0,0,38
0,873,28.958242,-0.798593640327454,-0.000685214996337891,0,0,0,0,0,38
0,874,28.991375,-0.815990686416626,-0.000928251829463989,0,0,0,0,0,38
0,875,29.024508,-0.769230008125305,-0.000281611108221114,0,0,0,0,0,38
0,876,29.057641,-0.775048434734344,-0.000307806942146271,0,0,0,0,0,38
0,877,29.090774,-0.771654367446899,-0.000320741470204666,0,0,0,0,0,38
0,878,29.123907,-0.814186990261078,-0.000810639059636742,0,0,0,0,0,38
0,879,29.15704,-0.820024788379669,-0.000950802641455084,0,0,0,0,0,38
0,880,29.190173,-0.818861067295074,-0.000816454761661589,0,0,0,0,0,38
0,881,29.223306,-0.788605332374573,-0.000467841076897457,0,0,0,0,0,38
0,882,29.256439,-0.790680587291718,-0.000375070376321673,0,0,0,0,0,38
0,883,29.289572,-0.779276490211487,-0.000285687943687662,0,0,0,0,0,38
0,884,29.322705,-0.820955693721771,-0.000946449639741331,0,0,0,0,0,38
0,885,29.355838,-0.8005331158638,-0.000579470884986222,0,0,0,0,0,38
0,886,29.388971,-0.846168875694275,-0.00122436496894807,0,0,0,0,0,38
0,887,29.422104,-0.801502823829651,-0.000422471028286964,0,0,0,0,0,38
0,888,29.455237,-0.836742997169495,-0.000984728103503585,0,0,0,0,0,38
0,889,29.48837,-0.793628573417664,-0.000236875173868611,0,0,0,0,0,38
0,890,29.521503,-0.809454679489136,-0.000606658693868667,0,0,0,0,0,38
0,891,29.554636,-0.828306317329407,-0.00073806568980217,0,0,0,0,0,38
0,892,29.587769,-0.786917984485626,-0.000154214794747531,0,0,0,0,0,38
0,893,29.620902,-0.821130275726318,-0.000729153514839709,0,0,0,0,0,38
0,894,29.654035,-0.810831665992737,-0.000398504227632657,0,0,0,0,0,38
0,895,29.687168,-0.829101502895355,-0.000861844222526997,0,0,0,0,0,38
0,896,29.720301,-0.846517980098724,-0.00102886883541942,0,0,0,0,0,38
0,897,29.753434,-0.805789053440094,-0.000376167357899249,0,0,0,0,0,38
0,898,29.786567,-0.864283502101898,-0.00129111099522561,0,0,0,0,0,38
0,899,29.8197,-0.851327836513519,-0.00101296615321189,0,0,0,0,0,38
0,900,29.852833,-0.815854907035828,-0.000486735196318477,0,0,0,0,0,38
0,901,29.885966,-0.866397559642792,-0.00124702078755945,0,0,0,0,0,38
0,902,29.919099,-0.856137752532959,-0.00104815978556871,0,0,0,0,0,38
0,903,29.952232,-0.819889008998871,-0.000491551123559475,0,0,0,0,0,38
0,904,29.985365,-0.872933566570282,-0.00122632167767733,0,0,0,0,0,38
0,905,30.018498,-0.859861552715302,-0.00104493880644441,0,0,0,0,0,38
0,906,30.051631,-0.825823783874512,-0.000524169474374503,0,0,0,0,0,38
0,907,30.084764,-0.871575951576233,-0.00110814091749489,0,0,0,0,0,38
0,908,30.117897,-0.828849375247955,-0.000446729594841599,0,0,0,0,0,38
0,909,30.15103,-0.84444272518158,-0.000567368813790381,0,0,0,0,0,38
0,910,30.184163,-0.833057999610901,-0.000535835803020746,0,0,0,0,0,38
0,911,30.217296,-0.840757727622986,-0.00051380239892751,0,0,0,0,0,38
0,912,30.250429,-0.86694061756134,-0.000857604027260095,0,0,0,0,0,38
0,913,30.283562,-0.828674793243408,-0.000334135023877025,0,0,0,0,0,38
0,914,30.316695,-0.86835640668869,-0.000879404076840729,0,0,0,0,0,38
0,915,30.349828,-0.890970647335052,-0.00124754209537059,0,0,0,0,0,38
0,916,30.382961,-0.847332537174225,-0.000487676588818431,0,0,0,0,0,38
0,917,30.416094,-0.88212662935257,-0.00107506744097918,0,0,0,0,0,38
0,918,30.449227,-0.890757322311401,-0.0012996963923797,0,0,0,0,0,38
0,919,30.48236,-0.890311241149902,-0.00113375321961939,0,0,0,0,0,38
0,920,30.515493,-0.86760002374649,-0.000861968728713691,0,0,0,0,0,38
0,921,30.548626,-0.854217648506165,-0.000644676445517689,0,0,0,0,0,38
0,922,30.581759,-0.889884531497955,-0.0011476525105536,0,0,0,0,0,38
0,923,30.614892,-0.854605555534363,-0.000466895784484223,0,0,0,0,0,38
0,924,30.648025,-0.85138601064682,-0.000325409579090774,0,0,0,0,0,38
0,925,30.681158,-0.865311443805695,-0.000576592225115746,0,0,0,0,0,38
0,926,30.714291,-0.885734081268311,-0.00102128705475479,0,0,0,0,0,38
0,927,30.747424,-0.899872839450836,-0.00124568655155599,0,0,0,0,0,38
0,928,30.780557,-0.89752608537674,-0.0011304933577776,0,0,0,0,0,38
0,929,30.81369,-0.867735803127289,-0.000521843205206096,0,0,0,0,0,38
0,930,30.846823,-0.855206787586212,-0.000313599273795262,0,0,0,0,0,38
0,931,30.879956,-0.870412230491638,-0.000539317436050624,0,0,0,0,0,38
0,932,30.913089,-0.905749440193176,-0.00119254412129521,0,0,0,0,0,38
0,933,30.946222,-0.923049509525299,-0.00139766035135835,0,0,0,0,0,38
0,934,30.979355,-0.876696109771729,-0.000659664976410568,0,0,0,0,0,38
0,935,31.012488,-0.913468539714813,-0.00111618172377348,0,0,0,0,0,38
0,936,31.045621,-0.90538090467453,-0.000916978402528912,0,0,0,0,0,38
0,937,31.078754,-0.913196980953217,-0.00110644882079214,0,0,0,0,0,38
0,938,31.111887,-0.871847450733185,-0.000408081599744037,0,0,0,0,0,38
0,939,31.14502,-0.876676738262177,-0.000559079053346068,0,0,0,0,0,38
0,940,31.178153,-0.882436990737915,-0.000536932842805982,0,0,0,0,0,38
0,941,31.211286,-0.903771162033081,-0.00100155652035028,0,0,0,0,0,38
0,942,31.244419,-0.926346600055695,-0.00130414275918156,0,0,0,0,0,38
0,943,31.277552,-0.887634754180908,-0.000587787886615843,0,0,0,0,0,38
0,944,31.310685,-0.936858534812927,-0.00133298779837787,0,0,0,0,0,38
0,945,31.343818,-0.919985115528107,-0.000955311232246459,0,0,0,0,0,38
0,946,31.376951,-0.911645412445068,-0.00095338566461578,0,0,0,0,0,38
0,947,31.410084,-0.907863438129425,-0.000705194484908134,0,0,0,0,0,38
0,948,31.443217,-0.889903962612152,-0.000458660477306694,0,0,0,0,0,38
0,949,31.47635,-0.93602454662323,-0.00121989520266652,0,0,0,0,0,38
0,950,31.509483,-0.885501325130463,-0.000413411034969613,0,0,0,0,0,38
0,951,31.542616,-0.8937828540802,-0.000531988509465009,0,0,0,0,0,38
0,952,31.575749,-0.93586939573288,-0.0010973148746416,0,0,0,0,0,38
0,953,31.608882,-0.925221741199493,-0.00105543027166277,0,0,0,0,0,38
0,954,31.642015,-0.946497738361359,-0.0013169723097235,0,0,0,0,0,38
0,955,31.675148,-0.922874927520752,-0.000797264976426959,0,0,0,0,0,38
0,956,31.708281,-0.959317624568939,-0.00148628035094589,0,0,0,0,0,38
0,957,31.741414,-0.957940578460693,-0.00138464802876115,0,0,0,0,0,38
0,958,31.774547,-0.951462745666504,-0.00125077471602708,0,0,0,0,0,38
0,959,31.80768,-0.910714447498322,-0.000657704367768019,0,0,0,0,0,38
0,960,31.840813,-0.912304818630219,-0.000610525428783149,0,0,0,0,0,38
0,961,31.873946,-0.954759895801544,-0.00126783666200936,0,0,0,0,0,38
0,962,31.907079,-0.94494616985321,-0.00116725859697908,0,0,0,0,0,38
0,963,31.940212,-0.927393913269043,-0.000806519470643252,0,0,0,0,0,38
0,964,31.973345,-0.962575912475586,-0.0013208274031058,0,0,0,0,0,38
0,965,32.006478,-0.949212968349457,-0.00116266822442412,0,0,0,0,0,38
0,966,32.039611,-0.926637530326843,-0.000707516854163259,0,0,0,0,0,38
0,967,32.072744,-0.967405200004578,-0.00132118130568415,0,0,0,0,0,38
0,968,32.105877,-0.937556743621826,-0.000895244476851076,0,0,0,0,0,38
0,969,32.13901,-0.933425664901733,-0.000745087279938161,0,0,0,0,0,38
0,970,32.172143,-0.961101949214935,-0.00120132009033114,0,0,0,0,0,38
0,971,32.205276,-0.936955511569977,-0.000811837206128985,0,0,0,0,0,38
0,972,32.238409,-0.938410103321075,-0.000667939137201756,0,0,0,0,0,38
0,973,32.271542,-0.938468277454376,-0.000754641310777515,0,0,0,0,0,38
0,974,32.304675,-0.91662985086441,-0.000318275153404102,0,0,0,0,0,38
0,975,32.337808,-0.976559519767761,-0.0012349421158433,0,0,0,0,0,38
0,976,32.370941,-0.958250939846039,-0.000846225535497069,0,0,0,0,0,38
0,977,32.404074,-0.961567401885986,-0.000857841339893639,0,0,0,0,0,38
0,978,32.437207,-0.977141380310059,-0.00123653700575233,0,0,0,0,0,38
0,979,32.47034,-0.976869821548462,-0.00106740009505302,0,0,0,0,0,38
0,980,32.503473,-0.983211934566498,-0.00115431623999029,0,0,0,0,0,38
0,981,32.536606,-0.954973220825195,-0.000809861056040972,0,0,0,0,0,38
0,982,32.569739,-1.00237393379211,-0.00152541464194655,0,0,0,0,0,38
0,983,32.602872,-1.00008535385132,-0.00149383489042521,0,0,0,0,0,38
0,984,32.636005,-0.97578376531601,-0.0009542764746584,0,0,0,0,0,38
0,985,32.669138,-0.968452513217926,-0.000987960724160075,0,0,0,0,0,38
0,986,32.702271,-0.96434086561203,-0.000883072440046817,0,0,0,0,0,38
0,987,32.735404,-0.998359203338623,-0.00130057556089014,0,0,0,0,0,38
0,988,32.768537,-0.954236209392548,-0.00052675639744848,0,0,0,0,0,38
0,989,32.80167,-0.969790756702423,-0.000736949208658189,0,0,0,0,0,38
0,990,32.834803,-0.969499826431274,-0.000819531793240458,0,0,0,0,0,38
0,991,32.867936,-1.016881108284,-0.00149579555727541,0,0,0,0,0,38
0,992,32.901069,-0.974290370941162,-0.000896139186806977,0,0,0,0,0,38
0,993,32.934202,-1.00962746143341,-0.00136042840313166,0,0,0,0,0,38
0,994,32.967335,-0.965853631496429,-0.0005580093129538,0,0,0,0,0,38
0,995,33.000468,-0.98844850063324,-0.0008801159565337,0,0,0,0,0,38
0,996,33.033601,-0.974620044231415,-0.000697367649991065,0,0,0,0,0,38
0,997,33.066734,-1.03086471557617,-0.00161409296561033,0,0,0,0,0,38
0,998,33.099867,-0.99969744682312,-0.00115752941928804,0,0,0,0,0,38
0,999,33.133,-1.01690053939819,-0.00137465447187424,0,0,0,0,0,38
0,1000,33.166133,-0.967405200004578,-0.000496880558785051,0,0,0,0,0,38
1,1001,33.210133,-0.987032651901245,-0.000796483072917908,0,0,0,0,0,38
1,1002,33.254133,-1.02714097499847,-0.00159257685299963,0,0,0,0,0,38
1,1003,33.298133,-0.964922726154327,-0.000520750065334141,0,0,0,0,0,38
1,1004,33.342133,-0.985190153121948,-0.00083876826101914,0,0,0,0,0,38
1,1005,33.386133,-0.981136679649353,-0.000820547109469771,0,0,0,0,0,38
1,1006,33.430133,-1.00541889667511,-0.00133029581047595,0,0,0,0,0,38
1,1007,33.474133,-0.967521607875824,-0.000820235931314528,0,0,0,0,0,38
1,1008,33.518133,-0.97785896062851,-0.000808577344287187,0,0,0,0,0,38
1,1009,33.562133,-0.998204052448273,-0.00120948150288314,0,0,0,0,0,38
1,1010,33.606133,-0.978402018547058,-0.000908109010197222,0,0,0,0,0,38
1,1011,33.650133,-0.993685066699982,-0.00118744804058224,0,0,0,0,0,38
1,1012,33.694133,-0.975803136825562,-0.0011154932435602,0,0,0,0,0,38
1,1013,33.738133,-0.985015630722046,-0.00107020488940179,0,0,0,0,0,38
1,1014,33.782133,-0.977024972438812,-0.000990998931229115,0,0,0,0,0,38
1,1015,33.826133,-0.955593824386597,-0.000703564553987235,0,0,0,0,0,38
1,1016,33.870133,-0.951307594776154,-0.000636359443888068,0,0,0,0,0,38
1,1017,33.914133,-0.993995368480682,-0.00137634656857699,0,0,0,0,0,38
1,1018,33.958133,-0.930206179618835,-0.000392941408790648,0,0,0,0,0,38
1,1019,34.002133,-0.936858534812927,-0.000536858919076622,0,0,0,0,0,38
1,1020,34.046133,-0.941978752613068,-0.000740687595680356,0,0,0,0,0,38
1,1021,34.090133,-0.944558262825012,-0.000847019138745964,0,0,0,0,0,38
1,1022,34.134133,-0.914690375328064,-0.000278180057648569,0,0,0,0,0,38
1,1023,34.178133,-0.960442543029785,-0.000961858255323023,0,0,0,0,0,38
1,1024,34.222133,-0.957494497299194,-0.000985533348284662,0,0,0,0,0,38
1,1025,34.266133,-0.933677792549133,-0.000652635586448014,0,0,0,0,0,38
1,1026,34.310133,-0.94702136516571,-0.000839908083435148,0,0,0,0,0,38
1,1027,34.354133,-0.974445521831512,-0.00141202250961214,0,0,0,0,0,38
1,1028,34.398133,-0.953693151473999,-0.00121460866648704,0,0,0,0,0,38
1,1029,34.442133,-0.959201276302338,-0.00122515857219696,0,0,0,0,0,38
1,1030,34.486133,-0.919539034366608,-0.000579789862968028,0,0,0,0,0,38
1,1031,34.530133,-0.922778010368347,-0.000611894705798477,0,0,0,0,0,38
1,1032,34.574133,-0.951811850070953,-0.00110596255399287,0,0,0,0,0,38
1,1033,34.618133,-0.958444833755493,-0.00134572782553732,0,0,0,0,0,38
1,1034,34.662133,-0.933251142501831,-0.000892941548954695,0,0,0,0,0,38
1,1035,34.706133,-0.902374744415283,-0.000529152690432966,0,0,0,0,0,38
1,1036,34.750133,-0.908755600452423,-0.000736890884581953,0,0,0,0,0,38
1,1037,34.794133,-0.880652666091919,-0.000256671803072095,0,0,0,0,0,38
1,1038,34.838133,-0.906660974025726,-0.000567975686863065,0,0,0,0,0,38
1,1039,34.882133,-0.891668856143951,-0.000462795636849478,0,0,0,0,0,38
1,1040,34.926133,-0.934240281581879,-0.00116328673902899,0,0,0,0,0,38
1,1041,34.970133,-0.933464467525482,-0.00111019099131227,0,0,0,0,0,38
1,1042,35.014133,-0.943860054016113,-0.00139630271587521,0,0,0,0,0,38
1,1043,35.058133,-0.902898371219635,-0.000871339929290116,0,0,0,0,0,38
1,1044,35.102133,-0.923088312149048,-0.00115275627467781,0,0,0,0,0,38
1,1045,35.146133,-0.886626243591309,-0.000507480988744646,0,0,0,0,0,38
1,1046,35.190133,-0.870741963386536,-0.000407470855861902,0,0,0,0,0,38
1,1047,35.234133,-0.860656678676605,-0.000280195119557902,0,0,0,0,0,38
1,1048,35.278133,-0.874504506587982,-0.000547821167856455,0,0,0,0,0,38
1,1049,35.322133,-0.90927928686142,-0.00100378168281168,0,0,0,0,0,38
1,1050,35.366133,-0.867270290851593,-0.00044502574019134,0,0,0,0,0,38
1,1051,35.410133,-0.860947608947754,-0.000421444041421637,0,0,0,0,0,38
1,1052,35.454133,-0.871246218681335,-0.000658871373161674,0,0,0,0,0,38
1,1053,35.498133,-0.888410568237305,-0.000942415616009384,0,0,0,0,0,38
1,1054,35.542133,-0.880167782306671,-0.000664714258164167,0,0,0,0,0,38
1,1055,35.586133,-0.900881350040436,-0.00113232166040689,0,0,0,0,0,38
1,1056,35.630133,-0.908949553966522,-0.0012696844059974,0,0,0,0,0,38
1,1057,35.674133,-0.909764111042023,-0.00128356809727848,0,0,0,0,0,38
1,1058,35.718133,-0.872235357761383,-0.000635060190688819,0,0,0,0,0,38
1,1059,35.762133,-0.876424610614777,-0.000911882380023599,0,0,0,0,0,38
1,1060,35.806133,-0.852879405021667,-0.000421922537498176,0,0,0,0,0,38
1,1061,35.850133,-0.844520330429077,-0.000488886435050517,0,0,0,0,0,38
1,1062,35.894133,-0.877743422985077,-0.00107352307531983,0,0,0,0,0,38
1,1063,35.938133,-0.887789905071259,-0.00117699545808136,0,0,0,0,0,38
1,1064,35.982133,-0.839574635028839,-0.000372370646800846,0,0,0,0,0,38
1,1065,36.026133,-0.879993259906769,-0.00106901058461517,0,0,0,0,0,38
1,1066,36.070133,-0.84368634223938,-0.000425960432039574,0,0,0,0,0,38
1,1067,36.114133,-0.812402665615082,-7.59930044296198E-05,0,0,0,0,0,38
1,1068,36.158133,-0.823108553886414,-0.000341378356097266,0,0,0,0,0,38
1,1069,36.202133,-0.845974922180176,-0.000582999200560153,0,0,0,0,0,38
1,1070,36.246133,-0.86952006816864,-0.00106582464650273,0,0,0,0,0,38
1,1071,36.290133,-0.818647742271423,-0.0002184050536016,0,0,0,0,0,38
1,1072,36.334133,-0.80706912279129,-0.000224780902499333,0,0,0,0,0,38
1,1073,36.378133,-0.867328464984894,-0.00114908022806048,0,0,0,0,0,38
1,1074,36.422133,-0.818861067295074,-0.000443703087512404,0,0,0,0,0,38
1,1075,36.466133,-0.815777361392975,-0.000317703321343288,0,0,0,0,0,38
1,1076,36.510133,-0.823166728019714,-0.00065106397960335,0,0,0,0,0,38
1,1077,36.554133,-0.867134571075439,-0.00125477369874716,0,0,0,0,0,38
1,1078,36.598133,-0.800300359725952,-0.000242033420363441,0,0,0,0,0,38
1,1079,36.642133,-0.818259835243225,-0.000466078869067132,0,0,0,0,0,38
1,1080,36.686133,-0.85138601064682,-0.0010374115081504,0,0,0,0,0,38
1,1081,36.730133,-0.806118786334991,-0.000299283768981695,0,0,0,0,0,38
1,1082,36.774133,-0.793628573417664,-0.000359879602910951,0,0,0,0,0,38
1,1083,36.818133,-0.829392433166504,-0.000745312892831862,0,0,0,0,0,38
1,1084,36.862133,-0.833213210105896,-0.000915694632567465,0,0,0,0,0,38
1,1085,36.906133,-0.828791201114655,-0.000965845596510917,0,0,0,0,0,38
1,1086,36.950133,-0.790059924125671,-0.000223022580030374,0,0,0,0,0,38
1,1087,36.994133,-0.781332314014435,-0.00030676438473165,0,0,0,0,0,38
1,1088,37.038133,-0.830400943756104,-0.000987058272585273,0,0,0,0,0,38
1,1089,37.082133,-0.823244273662567,-0.000975158473011106,0,0,0,0,0,38
1,1090,37.126133,-0.799640953540802,-0.000698678602930158,0,0,0,0,0,38
1,1091,37.170133,-0.795024991035461,-0.00041741001768969,0,0,0,0,0,38
1,1092,37.214133,-0.788023471832275,-0.000611840281635523,0,0,0,0,0,38
1,1093,37.258133,-0.816165208816528,-0.000982215045951307,0,0,0,0,0,38
1,1094,37.302133,-0.814322710037231,-0.000963247031904757,0,0,0,0,0,38
1,1095,37.346133,-0.805226624011993,-0.000930364127270877,0,0,0,0,0,38
1,1096,37.390133,-0.75945508480072,-6.89169464749284E-05,0,0,0,0,0,38
1,1097,37.434133,-0.80701094865799,-0.00104759959504008,0,0,0,0,0,38
1,1098,37.478133,-0.758504748344421,-0.000240648543694988,0,0,0,0,0,38
1,1099,37.522133,-0.763818919658661,-0.000354200077708811,0,0,0,0,0,38
1,1100,37.566133,-0.768105149269104,-0.000324678228935227,0,0,0,0,0,38
1,1101,37.610133,-0.814264535903931,-0.00114601873792708,0,0,0,0,0,38
1,1102,37.654133,-0.738217890262604,-2.79543692158768E-05,0,0,0,0,0,38
1,1103,37.698133,-0.761918187141418,-0.000331548129906878,0,0,0,0,0,38
1,1104,37.742133,-0.749699532985687,-0.000234965133131482,0,0,0,0,0,38
1,1105,37.786133,-0.789012610912323,-0.000827261421363801,0,0,0,0,0,38
1,1106,37.830133,-0.752899646759033,-0.000500525522511452,0,0,0,0,0,38
1,1107,37.874133,-0.780866861343384,-0.000716790789738297,0,0,0,0,0,38
1,1108,37.918133,-0.78255420923233,-0.000842568872030824,0,0,0,0,0,38
1,1109,37.962133,-0.763624966144562,-0.000535796920303255,0,0,0,0,0,38
1,1110,38.006133,-0.779644966125488,-0.000832201796583831,0,0,0,0,0,38
1,1111,38.050133,-0.76568078994751,-0.000864240515511483,0,0,0,0,0,38
1,1112,38.094133,-0.72444760799408,-4.76576387882233E-05,0,0,0,0,0,38
1,1113,38.138133,-0.754354298114777,-0.000508620811160654,0,0,0,0,0,38
1,1114,38.182133,-0.731468498706818,-0.000230946679948829,0,0,0,0,0,38
1,1115,38.226133,-0.719055891036987,-7.8848323028069E-05,0,0,0,0,0,38
1,1116,38.270133,-0.763217628002167,-0.000713099143467844,0,0,0,0,0,38
1,1117,38.314133,-0.771091938018799,-0.0010768958600238,0,0,0,0,0,38
1,1118,38.358133,-0.73554140329361,-0.000572511518839747,0,0,0,0,0,38
1,1119,38.402133,-0.75483912229538,-0.000861342414282262,0,0,0,0,0,38
1,1120,38.446133,-0.763683140277863,-0.00102061405777931,0,0,0,0,0,38
1,1121,38.490133,-0.719152867794037,-0.000447157508460805,0,0,0,0,0,38
1,1122,38.534133,-0.702667355537415,-2.79310297628399E-05,0,0,0,0,0,38
1,1123,38.578133,-0.707612991333008,-0.0001757386198733,0,0,0,0,0,38
1,1124,38.622133,-0.732690393924713,-0.000696488481480628,0,0,0,0,0,38
1,1125,38.666133,-0.744753897190094,-0.000929959584027529,0,0,0,0,0,38
1,1126,38.710133,-0.683660507202148,8.73438038979657E-05,0,0,0,0,0,38
1,1127,38.754133,-0.723380923271179,-0.000439614610513672,0,0,0,0,0,38
1,1128,38.798133,-0.712868988513947,-0.000349936541169882,0,0,0,0,0,38
1,1129,38.842133,-0.698943555355072,-0.000306363712297753,0,0,0,0,0,38
1,1130,38.886133,-0.700436949729919,-0.000422229844843969,0,0,0,0,0,38
1,1131,38.930133,-0.692989408969879,-0.000108786407508887,0,0,0,0,0,38
1,1132,38.974133,-0.722042679786682,-0.000588421942666173,0,0,0,0,0,38
1,1133,39.018133,-0.698303520679474,-0.000290457159280777,0,0,0,0,0,38
1,1134,39.062133,-0.688683748245239,-0.000318434642395005,0,0,0,0,0,38
1,1135,39.106133,-0.706236004829407,-0.00067975721322,0,0,0,0,0,38
1,1136,39.150133,-0.66381973028183,1.02384647107101E-05,0,0,0,0,0,38
1,1137,39.194133,-0.670142412185669,-3.33403454533254E-06,0,0,0,0,0,38
1,1138,39.238133,-0.672624945640564,-0.00014233059482649,0,0,0,0,0,38
1,1139,39.282133,-0.715681195259094,-0.000854628102388233,0,0,0,0,0,38
1,1140,39.326133,-0.714789032936096,-0.000758383597712964,0,0,0,0,0,38
1,1141,39.370133,-0.725921630859375,-0.00106711219996214,0,0,0,0,0,38
1,1142,39.414133,-0.71310168504715,-0.000959664233960211,0,0,0,0,0,38
1,1143,39.458133,-0.679878532886505,-0.000483949901536107,0,0,0,0,0,38
1,1144,39.502133,-0.678714871406555,-0.000316649093292654,0,0,0,0,0,38
1,1145,39.546133,-0.653909027576447,1.0285146345268E-05,0,0,0,0,0,38
1,1146,39.590133,-0.667407751083374,-0.000167137652169913,0,0,0,0,0,38
1,1147,39.634133,-0.673400700092316,-0.000307701906422153,0,0,0,0,0,38
1,1148,39.678133,-0.656236410140991,-0.000250292068812996,0,0,0,0,0,38
1,1149,39.722133,-0.688392817974091,-0.000657786033116281,0,0,0,0,0,38
1,1150,39.766133,-0.692077815532684,-0.000696690753102303,0,0,0,0,0,38
1,1151,39.810133,-0.69436639547348,-0.000772080558817834,0,0,0,0,0,38
1,1152,39.854133,-0.6802858710289,-0.000590841576922685,0,0,0,0,0,38
1,1153,39.898133,-0.640352129936218,-0.000140992400702089,0,0,0,0,0,38
1,1154,39.942133,-0.6805379986763,-0.000705637969076633,0,0,0,0,0,38
1,1155,39.986133,-0.691515386104584,-0.000926606357097626,0,0,0,0,0,38
1,1156,40.030133,-0.689614713191986,-0.00103853177279234,0,0,0,0,0,38
1,1157,40.074133,-0.682011961936951,-0.000870013434905559,0,0,0,0,0,38
1,1158,40.118133,-0.63191545009613,-0.000107841115095653,0,0,0,0,0,38
1,1159,40.162133,-0.673885583877563,-0.00083256745710969,0,0,0,0,0,38
1,1160,40.206133,-0.663334846496582,-0.00056435790611431,0,0,0,0,0,38
1,1161,40.250133,-0.660988092422485,-0.000534657156094909,0,0,0,0,0,38
1,1162,40.294133,-0.636938631534576,-0.000239699365920387,0,0,0,0,0,38
1,1163,40.338133,-0.629258334636688,-0.000322791544022039,0,0,0,0,0,38
1,1164,40.382133,-0.654199957847595,-0.000589200004469603,0,0,0,0,0,38
1,1165,40.426133,-0.612927973270416,2.44450475292979E-05,0,0,0,0,0,38
1,1166,40.470133,-0.604219794273376,0.00011777591862483,0,0,0,0,0,38
1,1167,40.514133,-0.612753450870514,-0.000206341908778995,0,0,0,0,0,38
1,1168,40.558133,-0.632225751876831,-0.000530677556525916,0,0,0,0,0,38
1,1169,40.602133,-0.629801392555237,-0.000349640904460102,0,0,0,0,0,38
1,1170,40.646133,-0.588568210601807,0.000165487785125151,0,0,0,0,0,38
1,1171,40.690133,-0.58404928445816,0.000180075599928387,0,0,0,0,0,38
1,1172,40.734133,-0.619017958641052,-0.000494503707159311,0,0,0,0,0,38
1,1173,40.778133,-0.61444079875946,-0.000262689747614786,0,0,0,0,0,38
1,1174,40.822133,-0.632361531257629,-0.000734237837605178,0,0,0,0,0,38
1,1175,40.866133,-0.646364510059357,-0.000845089671202004,0,0,0,0,0,38
1,1176,40.910133,-0.648032426834106,-0.000939813151489943,0,0,0,0,0,38
1,1177,40.954133,-0.608389616012573,-0.000265237758867443,0,0,0,0,0,38
1,1178,40.998133,-0.624913930892944,-0.000710570602677763,0,0,0,0,0,38
1,1179,41.042133,-0.57902604341507,4.16625553043559E-05,0,0,0,0,0,38
1,1180,41.086133,-0.595550358295441,-0.000418339768657461,0,0,0,0,0,38
1,1181,41.130133,-0.580810368061066,3.23185777233448E-05,0,0,0,0,0,38
1,1182,41.174133,-0.588781595230103,-0.000333644886268303,0,0,0,0,0,38
1,1183,41.218133,-0.59077924489975,-0.000216370535781607,0,0,0,0,0,38
1,1184,41.262133,-0.620181620121002,-0.000813646125607193,0,0,0,0,0,38
1,1185,41.306133,-0.601058423519135,-0.000381068879505619,0,0,0,0,0,38
1,1186,41.350133,-0.562288403511047,0.000133351815748028,0,0,0,0,0,38
1,1187,41.394133,-0.601310551166534,-0.000680613040458411,0,0,0,0,0,38
1,1188,41.438133,-0.565643668174744,-4.48567807325162E-05,0,0,0,0,0,38
1,1189,41.482133,-0.603269457817078,-0.000609657960012555,0,0,0,0,0,38
1,1190,41.526133,-0.547179937362671,0.000222590315388516,0,0,0,0,0,38
1,1191,41.570133,-0.551349759101868,-2.70012988039525E-05,0,0,0,0,0,38
1,1192,41.614133,-0.594367265701294,-0.000562401197385043,0,0,0,0,0,38
1,1193,41.658133,-0.553192257881165,-4.33085260738153E-05,0,0,0,0,0,38
1,1194,41.702133,-0.568572282791138,-0.000197744826436974,0,0,0,0,0,38
1,1195,41.746133,-0.550030946731567,-0.000171078310813755,0,0,0,0,0,38
1,1196,41.790133,-0.60202819108963,-0.000909594993572682,0,0,0,0,0,38
1,1197,41.834133,-0.541458487510681,2.3359714759863E-05,0,0,0,0,0,38
1,1198,41.878133,-0.554045617580414,-0.000136421556817368,0,0,0,0,0,38
1,1199,41.922133,-0.586745142936707,-0.000705194484908134,0,0,0,0,0,38
1,1200,41.966133,-0.524352312088013,0.000245242263190448,0,0,0,0,0,38
1,1201,42.010133,-0.535581886768341,-0.000121950448374264,0,0,0,0,0,38
1,1202,42.054133,-0.548595726490021,-0.000165336547070183,0,0,0,0,0,38
1,1203,42.098133,-0.556276023387909,-0.000319481070619076,0,0,0,0,0,38
1,1204,42.142133,-0.578812718391418,-0.000777359411586076,0,0,0,0,0,38
1,1205,42.186133,-0.522684395313263,0.000163204313139431,0,0,0,0,0,38
1,1206,42.230133,-0.51987212896347,-2.7409758331487E-05,0,0,0,0,0,38
1,1207,42.274133,-0.54803329706192,-0.000310226576402783,0,0,0,0,0,38
1,1208,42.318133,-0.554200828075409,-0.000465927150798962,0,0,0,0,0,38
1,1209,42.362133,-0.564906656742096,-0.000787489174399525,0,0,0,0,0,38
1,1210,42.406133,-0.512153029441834,0.000140330623253249,0,0,0,0,0,38
1,1211,42.450133,-0.546481728553772,-0.000633006216958165,0,0,0,0,0,38
1,1212,42.494133,-0.508836567401886,2.88758528768085E-05,0,0,0,0,0,38
1,1213,42.538133,-0.515935003757477,-5.39634638698772E-05,0,0,0,0,0,38
1,1214,42.582133,-0.545201659202576,-0.000482650619233027,0,0,0,0,0,38
1,1215,42.626133,-0.495376616716385,6.8947600084357E-05,0,0,0,0,0,38
1,1216,42.670133,-0.553269863128662,-0.000717144808731973,0,0,0,0,0,38
1,1217,42.714133,-0.532498121261597,-0.000572309247218072,0,0,0,0,0,38
1,1218,42.758133,-0.508118987083435,-0.000151402258779854,0,0,0,0,0,38
1,1219,42.802133,-0.48942244052887,0.000158964117872529,0,0,0,0,0,38
1,1220,42.846133,-0.552920758724213,-0.000894836033694446,0,0,0,0,0,38
1,1221,42.890133,-0.481334865093231,0.000215619293157943,0,0,0,0,0,38
1,1222,42.934133,-0.499856799840927,-6.25294269411825E-05,0,0,0,0,0,38
1,1223,42.978133,-0.491206765174866,8.93917695066193E-06,0,0,0,0,0,38
1,1224,43.022133,-0.510349333286285,-0.000249700766289607,0,0,0,0,0,38
1,1225,43.066133,-0.465954840183258,0.000291732663754374,0,0,0,0,0,38
1,1226,43.110133,-0.514461040496826,-0.000380928831873462,0,0,0,0,0,38
1,1227,43.154133,-0.521462500095367,-0.000624315754976124,0,0,0,0,0,38
1,1228,43.198133,-0.51368522644043,-0.000497191736940295,0,0,0,0,0,38
1,1229,43.242133,-0.52417778968811,-0.000726290396414697,0,0,0,0,0,38
1,1230,43.286133,-0.471016854047775,0.000155766465468332,0,0,0,0,0,38
1,1231,43.330133,-0.522024989128113,-0.000808861281257123,0,0,0,0,0,38
1,1232,43.374133,-0.509903252124786,-0.000651355716399848,0,0,0,0,0,38
1,1233,43.418133,-0.504918813705444,-0.00055897404672578,0,0,0,0,0,38
1,1234,43.462133,-0.511454820632935,-0.000763919146265835,0,0,0,0,0,38
1,1235,43.506133,-0.448228061199188,0.000264113070443273,0,0,0,0,0,38
1,1236,43.550133,-0.489829748868942,-0.000318290723953396,0,0,0,0,0,38
1,1237,43.594133,-0.480462104082108,-0.000239862754824571,0,0,0,0,0,38
1,1238,43.638133,-0.478755354881287,-0.000249253411311656,0,0,0,0,0,38
1,1239,43.682133,-0.492157101631165,-0.000471657229354605,0,0,0,0,0,38
1,1240,43.726133,-0.472743004560471,-0.000435067107900977,0,0,0,0,0,38
1,1241,43.770133,-0.438084632158279,0.000208566561923362,0,0,0,0,0,38
1,1242,43.814133,-0.448266863822937,-3.16732875944581E-05,0,0,0,0,0,38
1,1243,43.858133,-0.444271564483643,2.47562547883717E-05,0,0,0,0,0,38
1,1244,43.902133,-0.441226571798325,0.000140579591970891,0,0,0,0,0,38
1,1245,43.946133,-0.488976359367371,-0.000641513848677278,0,0,0,0,0,38
1,1246,43.990133,-0.481974869966507,-0.000718938128557056,0,0,0,0,0,38
1,1247,44.034133,-0.474992781877518,-0.000538908992893994,0,0,0,0,0,38
1,1248,44.078133,-0.44898447394371,-0.000107650499558076,0,0,0,0,0,38
1,1249,44.122133,-0.44683164358139,-6.70419249217957E-05,0,0,0,0,0,38
1,1250,44.166133,-0.483953148126602,-0.000858631043229252,0,0,0,0,0,38
1,1251,44.210133,-0.419116616249084,0.000183273252332583,0,0,0,0,0,38
1,1252,44.254133,-0.438608288764954,-0.000232339327340014,0,0,0,0,0,38
1,1253,44.298133,-0.462541371583939,-0.00052976340521127,0,0,0,0,0,38
1,1254,44.342133,-0.465256631374359,-0.0005707026575692,0,0,0,0,0,38
1,1255,44.386133,-0.466284543275833,-0.000782334827817976,0,0,0,0,0,38
1,1256,44.430133,-0.406956106424332,0.000191166225704364,0,0,0,0,0,38
1,1257,44.474133,-0.429143667221069,-0.000246592593612149,0,0,0,0,0,38
1,1258,44.518133,-0.45199066400528,-0.000587025424465537,0,0,0,0,0,38
1,1259,44.562133,-0.459632158279419,-0.000747425248846412,0,0,0,0,0,38
1,1260,44.606133,-0.421114265918732,-0.000277584884315729,0,0,0,0,0,38
1,1261,44.650133,-0.411707818508148,-0.000121141310955863,0,0,0,0,0,38
1,1262,44.694133,-0.442409664392471,-0.000535563507582992,0,0,0,0,0,38
1,1263,44.738133,-0.420551806688309,-0.000140548931085505,0,0,0,0,0,38
1,1264,44.782133,-0.401098906993866,0.000136592250782996,0,0,0,0,0,38
1,1265,44.826133,-0.423654973506927,-0.000214841740671545,0,0,0,0,0,38
1,1266,44.870133,-0.414888560771942,-0.000144687975989655,0,0,0,0,0,38
1,1267,44.914133,-0.393554359674454,2.11968290386721E-05,0,0,0,0,0,38
1,1268,44.958133,-0.386998951435089,0.00010388832015451,0,0,0,0,0,38
1,1269,45.002133,-0.411921173334122,-0.000421611330239102,0,0,0,0,0,38
1,1270,45.046133,-0.387968689203262,-7.35266949050128E-05,0,0,0,0,0,38
1,1271,45.090133,-0.409244686365128,-0.000411761633586138,0,0,0,0,0,38
1,1272,45.134133,-0.410854458808899,-0.000313470896799117,0,0,0,0,0,38
1,1273,45.178133,-0.379221677780151,3.47771092492621E-05,0,0,0,0,0,38
1,1274,45.222133,-0.372588694095612,6.29101923550479E-05,0,0,0,0,0,38
1,1275,45.266133,-0.358876615762711,0.000323421263601631,0,0,0,0,0,38
1,1276,45.310133,-0.366091459989548,0.000179359820322134,0,0,0,0,0,38
1,1277,45.354133,-0.407557368278503,-0.000457781308796257,0,0,0,0,0,38
1,1278,45.398133,-0.364811390638351,0.000160197276272811,0,0,0,0,0,38
1,1279,45.442133,-0.354377061128616,0.000228273725952022,0,0,0,0,0,38
1,1280,45.486133,-0.349004715681076,0.000284158653812483,0,0,0,0,0,38
1,1281,45.530133,-0.357868105173111,0.000169700753758661,0,0,0,0,0,38
1,1282,45.574133,-0.397472113370895,-0.000482043746160343,0,0,0,0,0,38
1,1283,45.618133,-0.356820791959763,0.00014881489914842,0,0,0,0,0,38
1,1284,45.662133,-0.341324388980865,0.000262479239609092,0,0,0,0,0,38
1,1285,45.706133,-0.341266214847565,0.000223663984797895,0,0,0,0,0,38
1,1286,45.750133,-0.385234028100967,-0.000507955614011735,0,0,0,0,0,38
1,1287,45.794133,-0.353523671627045,6.84730111970566E-05,0,0,0,0,0,38
1,1288,45.838133,-0.366789668798447,-0.000286835507722571,0,0,0,0,0,38
1,1289,45.882133,-0.397181183099747,-0.000765233999118209,0,0,0,0,0,38
1,1290,45.926133,-0.389171153306961,-0.000566190166864544,0,0,0,0,0,38
1,1291,45.970133,-0.350265353918076,3.11982330458704E-05,0,0,0,0,0,38
1,1292,46.014133,-0.376874923706055,-0.000495122221764177,0,0,0,0,0,38
1,1293,46.058133,-0.32984271645546,0.000216187239857391,0,0,0,0,0,38
1,1294,46.102133,-0.317701637744904,0.000338164682034403,0,0,0,0,0,38
1,1295,46.146133,-0.336960583925247,-9.04835615074262E-05,0,0,0,0,0,38
1,1296,46.190133,-0.367274522781372,-0.000442699471022934,0,0,0,0,0,38
1,1297,46.234133,-0.342332929372787,-0.00019028753740713,0,0,0,0,0,38
1,1298,46.278133,-0.348713785409927,-0.000156965077621862,0,0,0,0,0,38
1,1299,46.322133,-0.306724220514297,0.000387595966458321,0,0,0,0,0,38
1,1300,46.366133,-0.326390475034714,-8.37926199892536E-05,0,0,0,0,0,38
1,1301,46.410133,-0.35540497303009,-0.000422544952016324,0,0,0,0,0,38
1,1302,46.454133,-0.340509831905365,-0.000324293127050623,0,0,0,0,0,38
1,1303,46.498133,-0.311378955841064,0.000205680131330155,0,0,0,0,0,38
1,1304,46.542133,-0.316634923219681,-6.65595507598482E-05,0,0,0,0,0,38
1,1305,46.586133,-0.359109342098236,-0.000655308074783534,0,0,0,0,0,38
1,1306,46.630133,-0.331820994615555,-0.00017464162374381,0,0,0,0,0,38
1,1307,46.674133,-0.343632370233536,-0.000470490223960951,0,0,0,0,0,38
1,1308,46.718133,-0.297434151172638,0.000169000530149788,0,0,0,0,0,38
1,1309,46.762133,-0.353232771158218,-0.000709352956619114,0,0,0,0,0,38
1,1310,46.806133,-0.308333992958069,8.46363036544062E-05,0,0,0,0,0,38
1,1311,46.850133,-0.335816293954849,-0.000463421922177076,0,0,0,0,0,38
1,1312,46.894133,-0.330831855535507,-0.000452953710919246,0,0,0,0,0,38
1,1313,46.938133,-0.282267481088638,0.000279140454949811,0,0,0,0,0,38
1,1314,46.982133,-0.342604458332062,-0.00071494304575026,0,0,0,0,0,38
1,1315,47.026133,-0.287504076957703,0.00021987892978359,0,0,0,0,0,38
1,1316,47.070133,-0.319059282541275,-0.000325670203892514,0,0,0,0,0,38
1,1317,47.114133,-0.3195441365242,-0.000398321397369727,0,0,0,0,0,38
1,1318,47.158133,-0.269505769014359,0.000262238056166098,0,0,0,0,0,38
1,1319,47.202133,-0.328853607177734,-0.000602655811235309,0,0,0,0,0,38
1,1320,47.246133,-0.269874274730682,0.000290448922896758,0,0,0,0,0,38
1,1321,47.290133,-0.290820568799973,-3.14554454234894E-05,0,0,0,0,0,38
1,1322,47.334133,-0.292449712753296,-9.20006932574324E-05,0,0,0,0,0,38
1,1323,47.378133,-0.31401664018631,-0.000472326326416805,0,0,0,0,0,38
1,1324,47.422133,-0.251585066318512,0.000359420082531869,0,0,0,0,0,38
1,1325,47.466133,-0.312911152839661,-0.000568936520721763,0,0,0,0,0,38
1,1326,47.510133,-0.278446733951569,-0.000140019881655462,0,0,0,0,0,38
1,1327,47.554133,-0.280192255973816,-0.0002094578667311,0,0,0,0,0,38
1,1328,47.598133,-0.248384922742844,0.000298555853078142,0,0,0,0,0,38
1,1329,47.642133,-0.308663696050644,-0.000618651800323278,0,0,0,0,0,38
1,1330,47.686133,-0.235312879085541,0.000431861233664677,0,0,0,0,0,38
1,1331,47.730133,-0.25720950961113,0.000126711442135274,0,0,0,0,0,38
1,1332,47.774133,-0.252535402774811,0.000161333184223622,0,0,0,0,0,38
1,1333,47.818133,-0.272958040237427,-0.000122849058243446,0,0,0,0,0,38
1,1334,47.862133,-0.276507258415222,-0.000433549983426929,0,0,0,0,0,38
1,1335,47.906133,-0.236767485737801,0.0002950586786028,0,0,0,0,0,38
1,1336,47.950133,-0.242585897445679,0.000158380600623786,0,0,0,0,0,38
1,1337,47.994133,-0.242139831185341,9.27743531065062E-05,0,0,0,0,0,38
1,1338,48.038133,-0.243303507566452,0.000168837155797519,0,0,0,0,0,38
1,1339,48.082133,-0.285874903202057,-0.000636515091173351,0,0,0,0,0,38
1,1340,48.126133,-0.242217406630516,-7.11965330992825E-05,0,0,0,0,0,38
1,1341,48.170133,-0.257325887680054,-0.0002983734884765,0,0,0,0,0,38
1,1342,48.214133,-0.26589834690094,-0.000413889501942322,0,0,0,0,0,38
1,1343,48.258133,-0.225227639079094,0.000234073842875659,0,0,0,0,0,38
1,1344,48.302133,-0.249568000435829,-0.000104196107713506,0,0,0,0,0,38
1,1345,48.346133,-0.265762597322464,-0.000469735532533377,0,0,0,0,0,38
1,1346,48.390133,-0.250401973724365,-0.000248269207077101,0,0,0,0,0,38
1,1347,48.434133,-0.222648143768311,0.000149005500134081,0,0,0,0,0,38
1,1348,48.478133,-0.232326105237007,2.71914468612522E-05,0,0,0,0,0,38
1,1349,48.522133,-0.263861894607544,-0.000589764036703855,0,0,0,0,0,38
1,1350,48.566133,-0.228408366441727,-0.000189042708370835,0,0,0,0,0,38
1,1351,48.610133,-0.242372557520866,-0.000310253817588091,0,0,0,0,0,38
1,1352,48.654133,-0.217974007129669,7.9236866440624E-05,0,0,0,0,0,38
1,1353,48.698133,-0.215569064021111,0.000122156154247932,0,0,0,0,0,38
1,1354,48.742133,-0.247550949454308,-0.000452206819318235,0,0,0,0,0,38
1,1355,48.786133,-0.225712507963181,-0.00030947188497521,0,0,0,0,0,38
1,1356,48.830133,-0.23259761929512,-0.00033363321563229,0,0,0,0,0,38
1,1357,48.874133,-0.209828227758408,4.09973508794792E-05,0,0,0,0,0,38
1,1358,48.918133,-0.216732755303383,-5.07230251969304E-05,0,0,0,0,0,38
1,1359,48.962133,-0.242042854428291,-0.000599924940615892,0,0,0,0,0,38
1,1360,49.006133,-0.230056911706924,-0.000432437431300059,0,0,0,0,0,38
1,1361,49.050133,-0.194293066859245,0.000120530101412442,0,0,0,0,0,38
1,1362,49.094133,-0.199064165353775,-0.000115092232590541,0,0,0,0,0,38
1,1363,49.138133,-0.172493398189545,0.000275651051197201,0,0,0,0,0,38
1,1364,49.182133,-0.169933304190636,0.000396788236685097,0,0,0,0,0,38
1,1365,49.226133,-0.175518974661827,0.000195227476069704,0,0,0,0,0,38
1,1366,49.270133,-0.20963428914547,-0.000360066303983331,0,0,0,0,0,38
1,1367,49.314133,-0.198230192065239,-0.000101255202025641,0,0,0,0,0,38
1,1368,49.358133,-0.220766842365265,-0.000588208029512316,0,0,0,0,0,38
1,1369,49.402133,-0.203835263848305,-0.000449794984888285,0,0,0,0,0,38
1,1370,49.446133,-0.207985728979111,-0.000433149310993031,0,0,0,0,0,38
1,1371,49.490133,-0.165782824158669,0.000197316447156481,0,0,0,0,0,38
1,1372,49.534133,-0.195243403315544,-0.000372572947526351,0,0,0,0,0,38
1,1373,49.578133,-0.211728915572166,-0.00060058239614591,0,0,0,0,0,38
1,1374,49.622133,-0.207326307892799,-0.000553212827071548,0,0,0,0,0,38
1,1375,49.666133,-0.176449924707413,-2.5052368073375E-05,0,0,0,0,0,38
1,1376,49.710133,-0.164929464459419,-2.0563211364788E-05,0,0,0,0,0,38
1,1377,49.754133,-0.181802868843079,-0.000183997268322855,0,0,0,0,0,38
1,1378,49.798133,-0.170204818248749,1.30626649479382E-05,0,0,0,0,0,38
1,1379,49.842133,-0.151547104120255,0.000239298227825202,0,0,0,0,0,38
1,1380,49.886133,-0.15579454600811,-3.22256819345057E-05,0,0,0,0,0,38
1,1381,49.930133,-0.176760241389275,-0.000279191503068432,0,0,0,0,0,38
1,1382,49.974133,-0.137136831879616,0.00023240500013344,0,0,0,0,0,38
1,1383,50.018133,-0.142800092697144,2.55692830251064E-05,0,0,0,0,0,38
1,1384,50.062133,-0.163048177957535,-0.000315952784148976,0,0,0,0,0,38
1,1385,50.106133,-0.159595921635628,-0.000102974619949237,0,0,0,0,0,38
1,1386,50.150133,-0.151508316397667,-0.000150281921378337,0,0,0,0,0,38
1,1387,50.194133,-0.136613175272942,0.000190995066077448,0,0,0,0,0,38
1,1388,50.238133,-0.125073328614235,0.000336985976900905,0,0,0,0,0,38
1,1389,50.282133,-0.113339520990849,0.0003723390691448,0,0,0,0,0,38
1,1390,50.326133,-0.159595921635628,-0.000348738394677639,0,0,0,0,0,38
1,1391,50.370133,-0.138533249497414,-0.000121246339404024,0,0,0,0,0,38
1,1392,50.414133,-0.133723363280296,8.36404433357529E-05,0,0,0,0,0,38
1,1393,50.458133,-0.148133635520935,-0.000145322061143816,0,0,0,0,0,38
1,1394,50.502133,-0.103448212146759,0.000389046967029572,0,0,0,0,0,38
1,1395,50.546133,-0.148831844329834,-0.000335663818987086,0,0,0,0,0,38
1,1396,50.590133,-0.133684575557709,-0.000208819896215573,0,0,0,0,0,38
1,1397,50.634133,-0.112854652106762,0.000218844172195531,0,0,0,0,0,38
1,1398,50.678133,-0.0933823585510254,0.000357735698344186,0,0,0,0,0,38
1,1399,50.722133,-0.147920295596123,-0.000507352640852332,0,0,0,0,0,38
1,1400,50.766133,-0.0997632145881653,0.000274157267995179,0,0,0,0,0,38
1,1401,50.810133,-0.107986576855183,0.000141952783451416,0,0,0,0,0,38
1,1402,50.854133,-0.142257034778595,-0.000483879877720028,0,0,0,0,0,38
1,1403,50.898133,-0.116636618971825,1.50660580402473E-05,0,0,0,0,0,38
1,1404,50.942133,-0.0824437364935875,0.000359824654879048,0,0,0,0,0,38
1,1405,50.986133,-0.129378944635391,-0.000363855244359002,0,0,0,0,0,38
1,1406,51.030133,-0.0884561017155647,0.000207745761144906,0,0,0,0,0,38
1,1407,51.074133,-0.122765347361565,-0.000261258217506111,0,0,0,0,0,38
1,1408,51.118133,-0.0766447186470032,0.000400868942961097,0,0,0,0,0,38
1,1409,51.162133,-0.110934570431709,-0.000319177663186565,0,0,0,0,0,38
1,1410,51.206133,-0.082637682557106,0.000152183711179532,0,0,0,0,0,38
1,1411,51.250133,-0.0771295875310898,0.00024151946126949,0,0,0,0,0,38
1,1412,51.294133,-0.0987546890974045,-3.37155834131408E-05,0,0,0,0,0,38
1,1413,51.338133,-0.0703220367431641,0.000351495982613415,0,0,0,0,0,38
1,1414,51.382133,-0.107947789132595,-0.00040482560871169,0,0,0,0,0,38
1,1415,51.426133,-0.0787975266575813,2.00687045435188E-05,0,0,0,0,0,38
1,1416,51.470133,-0.0647557526826859,0.000237781088799238,0,0,0,0,0,38
1,1417,51.514133,-0.0968540087342262,-0.000188268575584516,0,0,0,0,0,38
1,1418,51.558133,-0.0778277963399887,0.000128555344417691,0,0,0,0,0,38
1,1419,51.602133,-0.0830255746841431,-0.000210204758332111,0,0,0,0,0,38
1,1420,51.646133,-0.0589955262839794,0.000197145287529565,0,0,0,0,0,38
1,1421,51.690133,-0.0556014515459538,0.000230129298870452,0,0,0,0,0,38
1,1422,51.734133,-0.0886112526059151,-0.000220618516323157,0,0,0,0,0,38
1,1423,51.778133,-0.0371764712035656,0.000403059035306796,0,0,0,0,0,38
1,1424,51.822133,-0.0818231031298637,-0.000211597405723296,0,0,0,0,0,38
1,1425,51.866133,-0.0728821381926537,-0.00011494051432237,0,0,0,0,0,38
1,1426,51.910133,-0.0800775811076164,-0.000305527355521917,0,0,0,0,0,38
1,1427,51.954133,-0.0368467606604099,0.000255142542300746,0,0,0,0,0,38
1,1428,51.998133,-0.0890379399061203,-0.000497526314575225,0,0,0,0,0,38
1,1429,52.042133,-0.0366722084581852,0.000212324390304275,0,0,0,0,0,38
1,1430,52.086133,-0.0396783873438835,0.000150600433698855,0,0,0,0,0,38
1,1431,52.130133,-0.0396589934825897,0.000181013107066974,0,0,0,0,0,38
1,1432,52.174133,-0.0752288997173309,-0.000388211075915024,0,0,0,0,0,38
1,1433,52.218133,-0.0134179433807731,0.000485766096971929,0,0,0,0,0,38
1,1434,52.262133,-0.0451089069247246,3.64576262654737E-05,0,0,0,0,0,38
1,1435,52.306133,-0.0402602292597294,5.85221750952769E-05,0,0,0,0,0,38
1,1436,52.350133,-0.0397947579622269,5.09559649799485E-05,0,0,0,0,0,38
1,1437,52.394133,-0.0684213563799858,-0.000515175575856119,0,0,0,0,0,38
1,1438,52.438133,-0.0387280471622944,2.20682068174938E-05,0,0,0,0,0,38
1,1439,52.482133,-0.0477853789925575,-0.000188175225048326,0,0,0,0,0,38
1,1440,52.526133,-0.0371958650648594,-6.16035904386081E-05,0,0,0,0,0,38
1,1441,52.570133,-0.040745098143816,-0.000151316678966396,0,0,0,0,0,38
1,1442,52.614133,-0.0370988920331001,-0.000283847912214696,0,0,0,0,0,38
1,1443,52.658133,-0.0321920290589333,-6.05727145739365E-05,0,0,0,0,0,38
1,1444,52.702133,-0.0382043905556202,-0.000317738333251327,0,0,0,0,0,38
1,1445,52.746133,-0.0338017903268337,-0.000241068672039546,0,0,0,0,0,38
1,1446,52.790133,-0.0351012349128723,-0.000320290215313435,0,0,0,0,0,38
1,1447,52.834133,0.00882779620587826,0.000279957370366901,0,0,0,0,0,38
1,1448,52.878133,-0.0367303900420666,-0.000453879561973736,0,0,0,0,0,38
1,1449,52.922133,0.00624829856678844,0.000265027221757919,0,0,0,0,0,38
1,1450,52.966133,0.00262148678302765,0.00019590045849327,0,0,0,0,0,38
1,1451,53.010133,-0.018809674307704,-0.000140436124638654,0,0,0,0,0,38
1,1452,53.054133,-0.0136312851682305,-0.000263654510490596,0,0,0,0,0,38
1,1453,53.098133,0.00748956017196178,0.000229837547522038,0,0,0,0,0,38
1,1454,53.142133,-0.0153186256065965,-0.000209010497201234,0,0,0,0,0,38
1,1455,53.186133,-0.00348784867674112,-5.54105754417833E-05,0,0,0,0,0,38
1,1456,53.230133,-0.0156289413571358,-0.000310557225020602,0,0,0,0,0,38
1,1457,53.274133,-0.0129912598058581,-0.000411298708058894,0,0,0,0,0,38
1,1458,53.318133,0.0339827425777912,0.000405466998927295,0,0,0,0,0,38
1,1459,53.362133,0.0262054614722729,0.000256488507147878,0,0,0,0,0,38
1,1460,53.406133,0.010398767888546,-9.96252565528266E-05,0,0,0,0,0,38
1,1461,53.450133,-0.00368179590441287,-0.000342868268489838,0,0,0,0,0,38
1,1462,53.494133,0.0318493247032166,0.000121066928841174,0,0,0,0,0,38
1,1463,53.538133,0.0254490673542023,0.000174010958289728,0,0,0,0,0,38
1,1464,53.582133,0.0152474464848638,-6.17553014308214E-05,0,0,0,0,0,38
1,1465,53.626133,0.034991268068552,0.000189551836228929,0,0,0,0,0,38
1,1466,53.670133,0.0473457016050816,0.000309739843942225,0,0,0,0,0,38
1,1467,53.714133,0.0349524766206741,0.00018695327162277,0,0,0,0,0,38
1,1468,53.758133,0.00314514408819377,-0.000393143680412322,0,0,0,0,0,38
1,1469,53.802133,0.0153250256553292,-0.000296187266940251,0,0,0,0,0,38
1,1470,53.846133,0.0299874301999807,-4.17252631450538E-05,0,0,0,0,0,38
1,1471,53.890133,0.0535908006131649,0.00028722794377245,0,0,0,0,0,38
1,1472,53.934133,0.025759382173419,-0.000138032046379521,0,0,0,0,0,38
1,1473,53.978133,0.0221907552331686,-0.000245954608544707,0,0,0,0,0,38
1,1474,54.022133,0.0427103638648987,2.34880881180288E-05,0,0,0,0,0,38
1,1475,54.066133,0.055239349603653,0.000109213848190848,0,0,0,0,0,38
1,1476,54.110133,0.0501385405659676,-5.85031921218615E-05,0,0,0,0,0,38
1,1477,54.154133,0.0660034194588661,0.000169689083122648,0,0,0,0,0,38
1,1478,54.198133,0.0607086606323719,4.51675186923239E-05,0,0,0,0,0,38
1,1479,54.242133,0.0401114709675312,-0.000254193815635517,0,0,0,0,0,38
1,1480,54.286133,0.0689126253128052,0.000185276643605903,0,0,0,0,0,38
1,1481,54.330133,0.0479857251048088,-0.000109015920315869,0,0,0,0,0,38
1,1482,54.374133,0.0442231521010399,-0.000204217925784178,0,0,0,0,0,38
1,1483,54.418133,0.0456971488893032,-0.000234937906498089,0,0,0,0,0,38
1,1484,54.462133,0.0782026946544647,0.000215595951885916,0,0,0,0,0,38
1,1485,54.506133,0.0566357709467411,-0.000207773453439586,0,0,0,0,0,38
1,1486,54.550133,0.0509337224066257,-0.000262810353888199,0,0,0,0,0,38
1,1487,54.594133,0.0437382832169533,-0.000454645894933492,0,0,0,0,0,38
1,1488,54.638133,0.0635402873158455,-0.00024540611775592,0,0,0,0,0,38
1,1489,54.682133,0.0759141147136688,3.51077651430387E-05,0,0,0,0,0,38
1,1490,54.726133,0.0904019698500633,0.000148581486428157,0,0,0,0,0,38
1,1491,54.770133,0.0774075090885162,-0.000129882319015451,0,0,0,0,0,38
1,1492,54.814133,0.101864248514175,0.000222835398744792,0,0,0,0,0,38
1,1493,54.858133,0.106480188667774,0.000317527796141803,0,0,0,0,0,38
1,1494,54.902133,0.0773881152272224,-0.000133153880597092,0,0,0,0,0,38
1,1495,54.946133,0.0982762277126312,9.90179396467283E-05,0,0,0,0,0,38
1,1496,54.990133,0.0739940404891968,-0.000331513117998838,0,0,0,0,0,38
1,1497,55.034133,0.0710460469126701,-0.000420592114096507,0,0,0,0,0,38
1,1498,55.078133,0.0783966407179832,-0.000257037463597953,0,0,0,0,0,38
1,1499,55.122133,0.109602741897106,0.00016418460290879,0,0,0,0,0,38
1,1500,55.166133,0.0945524424314499,-5.95185047131963E-05,0,0,0,0,0,38
1,1501,55.210133,0.101728484034538,5.80359155719634E-05,0,0,0,0,0,38
1,1502,55.254133,0.111522816121578,0.000183677810127847,0,0,0,0,0,38
1,1503,55.298133,0.125099122524261,0.000289305229671299,0,0,0,0,0,38
1,1504,55.342133,0.100041143596172,-0.000119834243378136,0,0,0,0,0,38
1,1505,55.386133,0.1098742634058,-7.46003570384346E-05,0,0,0,0,0,38
1,1506,55.430133,0.0915462598204613,-0.000345490174368024,0,0,0,0,0,38
1,1507,55.474133,0.111193105578423,6.83853249938693E-06,0,0,0,0,0,38
1,1508,55.518133,0.137182027101517,0.000299874605843797,0,0,0,0,0,38
1,1509,55.562133,0.122713565826416,7.61209084885195E-05,0,0,0,0,0,38
1,1510,55.606133,0.109854869544506,-0.000201094182557426,0,0,0,0,0,38
1,1511,55.650133,0.130083560943604,0.000155820933287032,0,0,0,0,0,38
1,1512,55.694133,0.154443323612213,0.000440489413449541,0,0,0,0,0,38
1,1513,55.738133,0.133458241820335,1.58868660946609E-05,0,0,0,0,0,38
1,1514,55.782133,0.143795624375343,0.000209686913876794,0,0,0,0,0,38
1,1515,55.826133,0.127213135361671,-6.61938829580322E-05,0,0,0,0,0,38
1,1516,55.870133,0.16095994412899,0.000399079493945464,0,0,0,0,0,38
1,1517,55.914133,0.1551803201437,0.000214366678847,0,0,0,0,0,38
1,1518,55.958133,0.134195238351822,-0.000143707686220296,0,0,0,0,0,38
1,1519,56.002133,0.150273457169533,0.000138595642056316,0,0,0,0,0,38
1,1520,56.046133,0.138074174523354,-5.82736756769009E-05,0,0,0,0,0,38
1,1521,56.090133,0.170851245522499,0.000372798094758764,0,0,0,0,0,38
1,1522,56.134133,0.151437133550644,-3.53688665200025E-05,0,0,0,0,0,38
1,1523,56.178133,0.14428049325943,-6.41710430500098E-05,0,0,0,0,0,38
1,1524,56.222133,0.143233180046082,-0.000162710741278715,0,0,0,0,0,38
1,1525,56.266133,0.158904105424881,1.90533937711734E-05,0,0,0,0,0,38
1,1526,56.310133,0.13378794491291,-0.0003916498972103,0,0,0,0,0,38
1,1527,56.354133,0.17331437766552,0.00027501696604304,0,0,0,0,0,38
1,1528,56.398133,0.147403046488762,-0.000214806728763506,0,0,0,0,0,38
1,1529,56.442133,0.166506841778755,-3.1006295557745E-06,0,0,0,0,0,38
1,1530,56.486133,0.178221240639687,0.000210391022847034,0,0,0,0,0,38
1,1531,56.530133,0.183147504925728,0.000286383787170053,0,0,0,0,0,38
1,1532,56.574133,0.150797113776207,-0.000364310399163514,0,0,0,0,0,38
1,1533,56.618133,0.188907727599144,0.000256624654866755,0,0,0,0,0,38
1,1534,56.662133,0.184078440070152,0.00015219536726363,0,0,0,0,0,38
1,1535,56.706133,0.182895362377167,0.000123906691442244,0,0,0,0,0,38
1,1536,56.750133,0.165265575051308,-0.000300015119137242,0,0,0,0,0,38
1,1537,56.794133,0.200699716806412,0.000328268302837387,0,0,0,0,0,38
1,1538,56.838133,0.166487440466881,-0.000243025395320728,0,0,0,0,0,38
1,1539,56.882133,0.178337618708611,-0.000108222346170805,0,0,0,0,0,38
1,1540,56.926133,0.173624694347382,-0.000232148711802438,0,0,0,0,0,38
1,1541,56.970133,0.21103709936142,0.000359890807885677,0,0,0,0,0,38
1,1542,57.014133,0.170385777950287,-0.000369554240023717,0,0,0,0,0,38
1,1543,57.058133,0.216176703572273,0.000307362992316484,0,0,0,0,0,38
1,1544,57.102133,0.201921582221985,9.58864256972447E-05,0,0,0,0,0,38
1,1545,57.146133,0.191875129938126,-7.53978238208219E-05,0,0,0,0,0,38
1,1546,57.190133,0.209543704986572,6.07978727202863E-05,0,0,0,0,0,38
1,1547,57.234133,0.19400854408741,-9.51711117522791E-05,0,0,0,0,0,38
1,1548,57.278133,0.194648563861847,-0.000199304748093709,0,0,0,0,0,38
1,1549,57.322133,0.200001507997513,-0.000119966505735647,0,0,0,0,0,38
1,1550,57.366133,0.195521324872971,-0.000233327416935936,0,0,0,0,0,38
1,1551,57.410133,0.201203987002373,-0.000144843579619192,0,0,0,0,0,38
1,1552,57.454133,0.199051171541214,-0.000308242626488209,0,0,0,0,0,38
1,1553,57.498133,0.209601894021034,-0.000150017396663316,0,0,0,0,0,38
1,1554,57.542133,0.211638331413269,-0.000116764967970084,0,0,0,0,0,38
1,1555,57.586133,0.210823759436607,-0.000131695109303109,0,0,0,0,0,38
1,1556,57.630133,0.240400701761246,0.000297190446872264,0,0,0,0,0,38
1,1557,57.674133,0.208845496177673,-0.000299159291898832,0,0,0,0,0,38
1,1558,57.718133,0.218465283513069,-0.000180243339855224,0,0,0,0,0,38
1,1559,57.762133,0.226300746202469,-3.10080868075602E-05,0,0,0,0,0,38
1,1560,57.806133,0.222383007407188,-0.00012614784645848,0,0,0,0,0,38
1,1561,57.850133,0.231033056974411,-0.000131698994664475,0,0,0,0,0,38
1,1562,57.894133,0.254597634077072,0.000263825204456225,0,0,0,0,0,38
1,1563,57.938133,0.244745120406151,7.12894252501428E-05,0,0,0,0,0,38
1,1564,57.982133,0.247072488069534,5.97553334955592E-05,0,0,0,0,0,38
1,1565,58.026133,0.244919672608376,-2.60521192103624E-05,0,0,0,0,0,38
1,1566,58.070133,0.26509016752243,0.000333990610670298,0,0,0,0,0,38
1,1567,58.114133,0.244454190135002,3.50473146681907E-06,0,0,0,0,0,38
1,1568,58.158133,0.253841251134872,8.43562156660482E-05,0,0,0,0,0,38
1,1569,58.202133,0.259892404079437,0.000130655986140482,0,0,0,0,0,38
1,1570,58.246133,0.256692260503769,7.32578118913807E-05,0,0,0,0,0,38
1,1571,58.290133,0.234524101018906,-0.000364753854228184,0,0,0,0,0,38
1,1572,58.334133,0.259795427322388,-3.40734695782885E-05,0,0,0,0,0,38
1,1573,58.378133,0.252250880002975,-0.000153677960042842,0,0,0,0,0,38
1,1574,58.422133,0.268658816814423,0.000100896846561227,0,0,0,0,0,38
1,1575,58.466133,0.283767282962799,0.000286916736513376,0,0,0,0,0,38
1,1576,58.510133,0.250292003154755,-0.000231086727580987,0,0,0,0,0,38
1,1577,58.554133,0.253472745418549,-0.000261265988228843,0,0,0,0,0,38
1,1578,58.598133,0.272595942020416,3.13927375827916E-05,0,0,0,0,0,38
1,1579,58.642133,0.277774333953857,2.84985144389793E-05,0,0,0,0,0,38
1,1580,58.686133,0.275660306215286,-4.89024678245187E-05,0,0,0,0,0,38
1,1581,58.730133,0.298332720994949,0.000258371292147785,0,0,0,0,0,38
1,1582,58.774133,0.29532653093338,0.000245670176809654,0,0,0,0,0,38
1,1583,58.818133,0.283747881650925,-1.11025301521295E-05,0,0,0,0,0,38
1,1584,58.862133,0.286404967308044,4.13202287745662E-05,0,0,0,0,0,38
1,1585,58.906133,0.303375333547592,0.000232992402743548,0,0,0,0,0,38
1,1586,58.950133,0.309271335601807,0.000343229563441128,0,0,0,0,0,38
1,1587,58.994133,0.305373013019562,0.00023116405645851,0,0,0,0,0,38
1,1588,59.038133,0.28613343834877,-0.000129061518236995,0,0,0,0,0,38
1,1589,59.082133,0.305043280124664,0.000141326483571902,0,0,0,0,0,38
1,1590,59.126133,0.314740657806396,0.000261592300375924,0,0,0,0,0,38
1,1591,59.170133,0.322362780570984,0.000347532011801377,0,0,0,0,0,38
1,1592,59.214133,0.311889618635178,0.000111715169623494,0,0,0,0,0,38
1,1593,59.258133,0.296315670013428,-0.000143388693686575,0,0,0,0,0,38
1,1594,59.302133,0.299767941236496,-0.0001079889407265,0,0,0,0,0,38
1,1595,59.346133,0.305217832326889,-1.51287658809451E-05,0,0,0,0,0,38
1,1596,59.390133,0.32490348815918,0.000254590151598677,0,0,0,0,0,38
1,1597,59.434133,0.320268154144287,7.04841804690659E-05,0,0,0,0,0,38
1,1598,59.478133,0.30758398771286,-0.000134744928800501,0,0,0,0,0,38
1,1599,59.522133,0.325097411870956,9.93836074485444E-05,0,0,0,0,0,38
1,1600,59.566133,0.313635140657425,-0.000146987018524669,0,0,0,0,0,38
1,1601,59.610133,0.311967194080353,-0.000124949699966237,0,0,0,0,0,38
1,1602,59.654133,0.337665200233459,0.000223998533328995,0,0,0,0,0,38
1,1603,59.698133,0.320830583572388,-0.000102741214504931,0,0,0,0,0,38
1,1604,59.742133,0.33665668964386,0.000130021900986321,0,0,0,0,0,38
1,1605,59.786133,0.324282854795456,-0.000153063330799341,0,0,0,0,0,38
1,1606,59.830133,0.348099559545517,0.000191590239410289,0,0,0,0,0,38
1,1607,59.874133,0.334077179431915,5.73374882151256E-06,0,0,0,0,0,38
1,1608,59.918133,0.331420093774796,-0.000100391604064498,0,0,0,0,0,38
1,1609,59.962133,0.336171805858612,-8.75893456395715E-05,0,0,0,0,0,38
1,1610,60.006133,0.329907327890396,-0.000169915176229551,0,0,0,0,0,38
1,1611,60.050133,0.350620865821838,0.000149896339280531,0,0,0,0,0,38
1,1612,60.094133,0.345132172107697,-5.30570760020055E-05,0,0,0,0,0,38
1,1613,60.138133,0.354189485311508,7.58058158680797E-05,0,0,0,0,0,38
1,1614,60.182133,0.355469554662704,0.000103892212791834,0,0,0,0,0,38
1,1615,60.226133,0.362723171710968,0.000107953463157173,0,0,0,0,0,38
1,1616,60.270133,0.341641128063202,-0.000262020650552586,0,0,0,0,0,38
1,1617,60.314133,0.366000890731812,0.000150258114445023,0,0,0,0,0,38
1,1618,60.358133,0.360764294862747,2.57793471973855E-05,0,0,0,0,0,38
1,1619,60.402133,0.354926496744156,-0.000114236412628088,0,0,0,0,0,38
1,1620,60.446133,0.376435250043869,0.000230296573136002,0,0,0,0,0,38
1,1621,60.490133,0.358223587274551,-0.00017978431424126,0,0,0,0,0,38
1,1622,60.534133,0.37955778837204,0.000182837553438731,0,0,0,0,0,38
1,1623,60.578133,0.370034992694855,6.53899633107358E-06,0,0,0,0,0,38
1,1624,60.622133,0.362703770399094,-0.000158349954290316,0,0,0,0,0,38
1,1625,60.666133,0.388052672147751,0.000172754458617419,0,0,0,0,0,38
1,1626,60.710133,0.380333572626114,7.26644157111878E-06,0,0,0,0,0,38
1,1627,60.754133,0.381167560815811,4.49496765213553E-05,0,0,0,0,0,38
1,1628,60.798133,0.38467800617218,5.73318102397025E-05,0,0,0,0,0,38
1,1629,60.842133,0.377754092216492,-0.000106685758510139,0,0,0,0,0,38
1,1630,60.886133,0.392241925001144,0.000141738826641813,0,0,0,0,0,38
1,1631,60.930133,0.397245764732361,0.000103553778899368,0,0,0,0,0,38
1,1632,60.974133,0.401027739048004,0.000167261663591489,0,0,0,0,0,38
1,1633,61.018133,0.39487960934639,1.85515727935126E-05,0,0,0,0,0,38
1,1634,61.062133,0.407680124044418,0.000199417088879272,0,0,0,0,0,38
1,1635,61.106133,0.392028599977493,-4.78404726891313E-05,0,0,0,0,0,38
1,1636,61.150133,0.392377704381943,-0.000155801943037659,0,0,0,0,0,38
1,1637,61.194133,0.412043929100037,0.000162161770276725,0,0,0,0,0,38
1,1638,61.238133,0.404964864253998,5.66761764275725E-06,0,0,0,0,0,38
1,1639,61.282133,0.408843815326691,6.50964138912968E-05,0,0,0,0,0,38
1,1640,61.326133,0.401338040828705,-0.000162084426847287,0,0,0,0,0,38
1,1641,61.370133,0.410744488239288,4.66263009002432E-05,0,0,0,0,0,38
1,1642,61.414133,0.410259634256363,-2.0563211364788E-05,0,0,0,0,0,38
1,1643,61.458133,0.422672241926193,0.000125587204820476,0,0,0,0,0,38
1,1644,61.502133,0.407369822263718,-0.000153537912410684,0,0,0,0,0,38
1,1645,61.546133,0.403529644012451,-0.000236968524404801,0,0,0,0,0,38
1,1646,61.590133,0.427016645669937,5.25936884514522E-05,0,0,0,0,0,38
1,1647,61.634133,0.432815670967102,0.000147647864650935,0,0,0,0,0,38
1,1648,61.678133,0.42963495850563,5.20996472914703E-05,0,0,0,0,0,38
1,1649,61.722133,0.436752796173096,0.000147959071910009,0,0,0,0,0,38
1,1650,61.766133,0.413362771272659,-0.000286104157567024,0,0,0,0,0,38
1,1651,61.810133,0.446954429149628,0.000241678950260393,0,0,0,0,0,38
1,1652,61.854133,0.440360218286514,8.64918692968786E-05,0,0,0,0,0,38
1,1653,61.898133,0.441116601228714,6.38204655842856E-05,0,0,0,0,0,38
1,1654,61.942133,0.440379619598389,-8.72568944032537E-06,0,0,0,0,0,38
1,1655,61.986133,0.449960619211197,0.000178500122274272,0,0,0,0,0,38
1,1656,62.030133,0.44571316242218,-4.3882469071832E-06,0,0,0,0,0,38
1,1657,62.074133,0.43917715549469,-0.000112489760795143,0,0,0,0,0,38
1,1658,62.118133,0.454557150602341,0.000115753078716807,0,0,0,0,0,38
1,1659,62.162133,0.450581222772598,-3.93310710933292E-06,0,0,0,0,0,38
1,1660,62.206133,0.466368526220322,0.000252738449489698,0,0,0,0,0,38
1,1661,62.250133,0.467377066612244,0.000185902943485416,0,0,0,0,0,38
1,1662,62.294133,0.462062895298004,7.57357920520008E-05,0,0,0,0,0,38
1,1663,62.338133,0.453218907117844,-9.14910924620926E-05,0,0,0,0,0,38
1,1664,62.382133,0.463672667741776,2.1515816115425E-05,0,0,0,0,0,38
1,1665,62.426133,0.473622173070908,0.000200031718122773,0,0,0,0,0,38
1,1666,62.470133,0.465670317411423,3.6185319913784E-05,0,0,0,0,0,38
1,1667,62.514133,0.467920124530792,1.89366910490207E-05,0,0,0,0,0,38
1,1668,62.558133,0.476337432861328,0.00013595428026747,0,0,0,0,0,38
1,1669,62.602133,0.466446101665497,-7.46003570384346E-05,0,0,0,0,0,38
1,1670,62.646133,0.472051173448563,-6.5589133555477E-06,0,0,0,0,0,38
1,1671,62.690133,0.465709120035172,-0.000153934714035131,0,0,0,0,0,38
1,1672,62.734133,0.483823776245117,6.27506960881874E-05,0,0,0,0,0,38
1,1673,62.778133,0.477074414491653,-6.06816392973997E-05,0,0,0,0,0,38
1,1674,62.822133,0.476550757884979,-0.00012941550812684,0,0,0,0,0,38
1,1675,62.866133,0.496507912874222,0.00014506874140352,0,0,0,0,0,38
1,1676,62.910133,0.495964884757996,0.000159753806656227,0,0,0,0,0,38
1,1677,62.954133,0.490107655525208,-6.38385972706601E-06,0,0,0,0,0,38
1,1678,62.998133,0.488013029098511,-5.99347440584097E-05,0,0,0,0,0,38
1,1679,63.042133,0.486636012792587,-0.000126692451885901,0,0,0,0,0,38
1,1680,63.086133,0.492667764425278,-0.000101348567113746,0,0,0,0,0,38
1,1681,63.130133,0.505138576030731,9.91735432762653E-05,0,0,0,0,0,38
1,1682,63.174133,0.499261975288391,-3.76445677829906E-05,0,0,0,0,0,38
1,1683,63.218133,0.505914390087128,5.68961222597864E-05,0,0,0,0,0,38
1,1684,63.262133,0.51702755689621,0.000201183196622878,0,0,0,0,0,38
1,1685,63.306133,0.523602366447449,0.000254220591159537,0,0,0,0,0,38
1,1686,63.350133,0.516115963459015,8.05011441116221E-05,0,0,0,0,0,38
1,1687,63.394133,0.511829733848572,9.83000609267037E-06,0,0,0,0,0,38
1,1688,63.438133,0.513614058494568,-1.69882259797305E-05,0,0,0,0,0,38
1,1689,63.482133,0.506224691867828,-0.000173890832229517,0,0,0,0,0,38
1,1690,63.526133,0.511267304420471,-0.000142847973620519,0,0,0,0,0,38
1,1691,63.570133,0.528373420238495,0.00011062205885537,0,0,0,0,0,38
1,1692,63.614133,0.526143074035645,5.41691733815242E-05,0,0,0,0,0,38
1,1693,63.658133,0.517396032810211,-0.000117414609121624,0,0,0,0,0,38
1,1694,63.702133,0.527209758758545,-1.92794850590872E-05,0,0,0,0,0,38
1,1695,63.746133,0.517163276672363,-0.000186875928193331,0,0,0,0,0,38
1,1696,63.790133,0.538439273834229,0.000132601024233736,0,0,0,0,0,38
1,1697,63.834133,0.532659649848938,-1.00094166555209E-05,0,0,0,0,0,38
1,1698,63.878133,0.538982331752777,6.15408789599314E-05,0,0,0,0,0,38
1,1699,63.922133,0.551472544670105,0.000220030648051761,0,0,0,0,0,38
1,1700,63.966133,0.542337656021118,7.1620088419877E-05,0,0,0,0,0,38
1,1701,64.010133,0.551142811775208,0.000137463634018786,0,0,0,0,0,38
1,1702,64.054133,0.547748744487762,4.82834766444284E-05,0,0,0,0,0,38
1,1703,64.098133,0.550037324428558,6.03155021963175E-05,0,0,0,0,0,38
1,1704,64.142133,0.542027294635773,-0.000130010696011595,0,0,0,0,0,38
1,1705,64.186133,0.552830159664154,-4.21708318754099E-06,0,0,0,0,0,38
1,1706,64.230133,0.552461683750153,-2.73358473350527E-05,0,0,0,0,0,38
1,1707,64.274133,0.554595112800598,-2.79154683084926E-05,0,0,0,0,0,38
1,1708,64.318133,0.562100827693939,7.73540668888018E-05,0,0,0,0,0,38
1,1709,64.362133,0.550425231456757,-0.000152246415382251,0,0,0,0,0,38
1,1710,64.406133,0.554653286933899,-0.000134449277538806,0,0,0,0,0,38
1,1711,64.450133,0.560316562652588,-7.60124530643225E-05,0,0,0,0,0,38
1,1712,64.494133,0.565010070800781,-3.59484911314212E-05,0,0,0,0,0,38
1,1713,64.538133,0.570867240428925,4.7641613491578E-05,0,0,0,0,0,38
1,1714,64.582133,0.566425859928131,-5.45897673873696E-05,0,0,0,0,0,38
1,1715,64.626133,0.558842539787292,-0.000247697375016287,0,0,0,0,0,38
1,1716,64.670133,0.568481743335724,-0.000122693454613909,0,0,0,0,0,38
1,1717,64.714133,0.576995968818665,-1.72955424204702E-05,0,0,0,0,0,38
1,1718,64.758133,0.580428838729858,1.75440418388462E-05,0,0,0,0,0,38
1,1719,64.802133,0.583241105079651,3.4174147003796E-05,0,0,0,0,0,38
1,1720,64.846133,0.577868759632111,-8.84101464180276E-05,0,0,0,0,0,38
1,1721,64.890133,0.5832799077034,-5.07891563756857E-05,0,0,0,0,0,38
1,1722,64.934133,0.588438868522644,-7.6325759437168E-06,0,0,0,0,0,38
1,1723,64.978133,0.59518826007843,7.67666642786935E-05,0,0,0,0,0,38
1,1724,65.022133,0.599687814712524,9.46454892982729E-05,0,0,0,0,0,38
1,1725,65.066133,0.603974044322968,0.000152915046783164,0,0,0,0,0,38
1,1726,65.110133,0.599435687065125,4.51208397862501E-05,0,0,0,0,0,38
1,1727,65.154133,0.598330199718475,-1.87893347174395E-05,0,0,0,0,0,38
1,1728,65.198133,0.606766879558563,8.68808783707209E-05,0,0,0,0,0,38
1,1730,65.286133,0.606243252754211,4.114370995012E-07,0,0,0,0,0,38
1,1731,65.330133,0.608512401580811,3.46260208061722E-07,0,0,0,0,0,38
1,1732,65.374133,0.610936760902405,4.29550226499487E-07,0,0,0,0,0,38
1,1733,65.418133,0.612895607948303,4.35011827448761E-07,0,0,0,0,0,38
1,1734,65.462133,0.61508721113205,4.48243383743829E-07,0,0,0,0,0,38
1,1735,65.506133,0.617336988449097,4.31558902391771E-07,0,0,0,0,0,38
1,1736,65.550133,0.619567394256592,3.97415305997129E-07,0,0,0,0,0,38
1,1737,65.594133,0.621662020683289,4.22072190531253E-07,0,0,0,0,0,38
1,1738,65.638133,0.624047577381134,4.56702423434763E-07,0,0,0,0,0,38
1,1739,65.682133,0.625948250293732,4.38861775364785E-07,0,0,0,0,0,38
1,1740,65.726133,0.628391981124878,4.12149489648073E-07,0,0,0,0,0,38
1,1741,65.770133,0.630622386932373,4.2124304400204E-07,0,0,0,0,0,38
1,1742,65.814133,0.63287216424942,4.06380365802761E-07,0,0,0,0,0,38
1,1743,65.858133,0.635005593299866,4.94894550229219E-07,0,0,0,0,0,38
1,1744,65.902133,0.637216567993164,4.64791611420878E-07,0,0,0,0,0,38
1,1745,65.946133,0.639272451400757,4.30632439929468E-07,0,0,0,0,0,38
1,1746,65.990133,0.641405820846558,4.10133026207404E-07,0,0,0,0,0,38
1,1747,66.034133,0.643675029277802,4.0914426335803E-07,0,0,0,0,0,38
1,1748,66.078133,0.645924806594849,4.37522658103262E-07,0,0,0,0,0,38
1,1749,66.122133,0.648077607154846,4.61525587525102E-07,0,0,0,0,0,38
1,1750,66.166133,0.650637745857239,4.02468117499666E-07,0,0,0,0,0,38
1,1751,66.210133,0.652751743793488,4.1853755305965E-07,0,0,0,0,0,38
1,1752,66.254133,0.655117928981781,4.56367644119382E-07,0,0,0,0,0,38
1,1753,66.298133,0.657037973403931,4.47192348929093E-07,0,0,0,0,0,38
1,1754,66.342133,0.659132599830627,4.7579652573404E-07,0,0,0,0,0,38
1,1755,66.386133,0.661498785018921,4.03577558927282E-07,0,0,0,0,0,38
1,1756,66.430133,0.663573980331421,4.19755991742932E-07,0,0,0,0,0,38
1,1757,66.474133,0.665843188762665,4.07793464773931E-07,0,0,0,0,0,38
1,1758,66.518133,0.668092966079712,4.39924519923807E-07,0,0,0,0,0,38
1,1759,66.562133,0.670381546020508,4.52576074394528E-07,0,0,0,0,0,38
1,1760,66.606133,0.672301650047302,4.24898360051884E-07,0,0,0,0,0,38
1,1761,66.650133,0.674667775630951,4.21554460672269E-07,0,0,0,0,0,38
1,1762,66.694133,0.676801204681396,4.35315456570606E-07,0,0,0,0,0,38
1,1763,66.738133,0.678973436355591,4.57239622164707E-07,0,0,0,0,0,38
1,1764,66.782133,0.681378364562988,4.48842882860845E-07,0,0,0,0,0,38
1,1765,66.826133,0.683356642723084,3.9408305951838E-07,0,0,0,0,0,38
1,1766,66.870133,0.685373663902283,4.30959431696465E-07,0,0,0,0,0,38
1,1767,66.914133,0.68777859210968,4.46954885546802E-07,0,0,0,0,0,38
1,1768,66.958133,0.690047800540924,4.83383587379649E-07,0,0,0,0,0,38
1,1769,67.002133,0.692064821720123,4.42443138126691E-07,0,0,0,0,0,38
1,1770,67.046133,0.694469809532166,4.44148184897131E-07,0,0,0,0,0,38
1,1771,67.090133,0.696758389472961,3.86908652671991E-07,0,0,0,0,0,38
1,1772,67.134133,0.698581457138062,4.39570271737466E-07,0,0,0,0,0,38
1,1773,67.178133,0.700967013835907,4.83223971059488E-07,0,0,0,0,0,38
1,1774,67.222133,0.7033331990242,4.83122732930497E-07,0,0,0,0,0,38
1,1775,67.266133,0.705466568470001,4.58469742170564E-07,0,0,0,0,0,38
1,1776,67.310133,0.707541823387146,4.38920181977664E-07,0,0,0,0,0,38
1,1777,67.354133,0.709927380084991,4.5910815060779E-07,0,0,0,0,0,38
1,1778,67.398133,0.711808681488037,4.75481215289619E-07,0,0,0,0,0,38
1,1779,67.442133,0.714077830314636,4.39383398997961E-07,0,0,0,0,0,38
1,1780,67.486133,0.716463387012482,4.38223366927559E-07,0,0,0,0,0,38
1,1781,67.530133,0.718693792819977,4.33594834703399E-07,0,0,0,0,0,38
1,1782,67.574133,0.720982372760773,4.98113877256401E-07,0,0,0,0,0,38
1,1783,67.618133,0.722805440425873,5.32413196197012E-07,0,0,0,0,0,38
1,1784,67.662133,0.725229799747467,5.1419107194306E-07,0,0,0,0,0,38
1,1785,67.706133,0.727266252040863,4.36833630601541E-07,0,0,0,0,0,38
1,1786,67.750133,0.729477226734161,4.17031031929582E-07,0,0,0,0,0,38
1,1787,67.794133,0.731765806674957,4.55429471912794E-07,0,0,0,0,0,38
1,1788,67.838133,0.734035015106201,5.03497574300127E-07,0,0,0,0,0,38
1,1789,67.882133,0.736013293266296,4.3691150608538E-07,0,0,0,0,0,38
1,1790,67.926133,0.738379418849945,4.42178446746766E-07,0,0,0,0,0,38
1,1791,67.970133,0.740687370300293,4.79880043258163E-07,0,0,0,0,0,38
1,1792,68.014133,0.743034183979034,5.33117770373792E-07,0,0,0,0,0,38
1,1793,68.058133,0.744915425777435,5.18286299211468E-07,0,0,0,0,0,38
1,1794,68.102133,0.74708765745163,6.24547624283878E-07,0,0,0,0,0,38
1,1795,68.146133,0.749376237392426,5.98135102336528E-07,0,0,0,0,0,38
1,1796,68.190133,0.751626014709473,4.97175676628103E-07,0,0,0,0,0,38
1,1797,68.234133,0.75377881526947,4.80611902275996E-07,0,0,0,0,0,38
1,1798,68.278133,0.755892872810364,6.43268037947564E-07,0,0,0,0,0,38
1,1799,68.322133,0.75884085893631,-3.15135707751324E-07,0,0,0,0,0,38
1,1800,68.366133,0.76056694984436,7.95865219060943E-07,0,0,0,0,0,38
1,1801,68.410133,0.762622833251953,2.64285915818618E-07,0,0,0,0,0,38
1,1802,68.454133,0.765163540840149,8.47553621952102E-07,0,0,0,0,0,38
1,1803,68.498133,0.766870260238647,7.60475927563675E-07,0,0,0,0,0,38
1,1804,68.542133,0.768732130527496,-6.54874668271077E-07,0,0,0,0,0,38
1,1805,68.586133,0.771137118339539,6.91336140334897E-07,0,0,0,0,0,38
1,1806,68.630133,0.773813545703888,1.85266273433626E-07,0,0,0,0,0,38
1,1807,68.674133,0.776024580001831,8.69571238126809E-07,0,0,0,0,0,38
1,1808,68.718133,0.778991937637329,-2.03783724828099E-06,0,0,0,0,0,38
1,1809,68.762133,0.779709577560425,5.07880884015322E-07,0,0,0,0,0,38
1,1811,68.850133,0.784403085708618,7.88099100645923E-07,0,0,0,0,0,38
1,1813,68.938133,0.788844466209412,7.30002398086071E-07,0,0,0,0,0,38
1,1814,68.982133,0.790997266769409,5.86917280998023E-07,0,0,0,0,0,38
1,1816,69.070133,0.795477449893951,4.48741673153563E-07,0,0,0,0,0,38
1,1817,69.114133,0.798173308372498,9.30829457956861E-08,0,0,0,0,0,38
1,1818,69.158133,0.799356400966644,4.35429086564909E-07,0,0,0,0,0,38
1,1819,69.202133,0.802440166473389,-1.71418349736996E-07,0,0,0,0,0,38
1,1820,69.246133,0.804166316986084,-1.50138433241409E-07,0,0,0,0,0,38
1,1821,69.290133,0.806513071060181,2.77444115681647E-07,0,0,0,0,0,38
1,1822,69.334133,0.808821022510529,1.17116201181489E-06,0,0,0,0,0,38
1,1823,69.378133,0.811769008636475,2.28639351007587E-06,0,0,0,0,0,38
1,1824,69.422133,0.813029706478119,2.10518351195788E-06,0,0,0,0,0,38
1,1825,69.466133,0.816287994384766,2.03535273612943E-06,0,0,0,0,0,38
1,1826,69.510133,0.817354679107666,3.14012908120276E-07,0,0,0,0,0,38
1,1827,69.554133,0.81962388753891,4.27020864890437E-07,0,0,0,0,0,38
1,1828,69.598133,0.821020305156708,-3.61459370878947E-07,0,0,0,0,0,38
1,1829,69.642133,0.821873664855957,3.63686297077948E-07,0,0,0,0,0,38
1,1830,69.686133,0.82681930065155,1.24765074360766E-06,0,0,0,0,0,38
1,1831,69.730133,0.828526079654694,2.60176761912589E-06,0,0,0,0,0,38
1,1832,69.774133,0.83750581741333,2.05274009204004E-05,0,0,0,0,0,38
1,1833,69.818133,0.828002393245697,-3.56577857019147E-06,0,0,0,0,0,38
1,1834,69.862133,0.840046525001526,7.4280192166043E-06,0,0,0,0,0,38
1,1835,69.906133,0.834965109825134,-1.72441264112422E-06,0,0,0,0,0,38
1,1836,69.950133,0.838747084140778,7.31417230781517E-06,0,0,0,0,0,38
1,1837,69.994133,0.856861770153046,4.91868886456359E-05,0,0,0,0,0,38
1,1838,70.038133,0.844003021717072,-1.78349054635873E-07,0,0,0,0,0,38
1,1840,70.126133,0.839697420597076,-0.00014767557149753,0,0,0,0,0,38
1,1841,70.170133,0.85067480802536,6.91244395056856E-06,0,0,0,0,0,38
1,1842,70.214133,0.853370666503906,6.4067335188156E-06,0,0,0,0,0,38
1,1843,70.258133,0.854941666126251,1.57914030296524E-06,0,0,0,0,0,38
1,1844,70.302133,0.856861770153046,-1.26451038795494E-06,0,0,0,0,0,38
1,1845,70.346133,0.858161211013794,-6.83121925248997E-06,0,0,0,0,0,38
1,1846,70.390133,0.868847668170929,-0.000152269756654277,0,0,0,0,0,38
1,1847,70.434133,0.888106644153595,8.87870191945694E-05,0,0,0,0,0,38
1,1848,70.478133,0.865957856178284,-5.87635895499261E-07,0,0,0,0,0,38
1,1849,70.522133,0.859130918979645,-2.11778460652567E-05,0,0,0,0,0,38
1,1850,70.566133,0.869894981384277,-1.08496751636267E-05,0,0,0,0,0,38
1,1851,70.610133,0.873250305652618,9.3165153884911E-06,0,0,0,0,0,38
1,1852,70.654133,0.874472141265869,-1.21489629236748E-05,0,0,0,0,0,38
1,1853,70.698133,0.866190612316132,-1.71788396983175E-05,0,0,0,0,0,38
1,1854,70.742133,0.873657584190369,3.18128659273498E-05,0,0,0,0,0,38
1,1855,70.786133,0.880426347255707,-2.07771663554013E-05,0,0,0,0,0,38
1,1856,70.830133,0.892858326435089,0.000132340384880081,0,0,0,0,0,38
1,1857,70.874133,0.885856866836548,1.17828276415821E-05,0,0,0,0,0,38
1,1858,70.918133,0.878467440605164,1.59880073624663E-05,0,0,0,0,0,38
1,1859,70.962133,0.890298247337341,-4.22097355112783E-06,0,0,0,0,0,38
1,1860,71.006133,0.908257722854614,5.36868028575554E-05,0,0,0,0,0,38
1,1861,71.050133,0.894817173480988,-2.35546867770609E-05,0,0,0,0,0,38
1,1862,71.094133,0.904126644134521,0.000194472799194045,0,0,0,0,0,38
1,1863,71.138133,0.887563586235046,-1.54360823216848E-05,0,0,0,0,0,38
1,1864,71.182133,0.899879217147827,-1.14098465928691E-05,0,0,0,0,0,38
1,1865,71.226133,0.901178658008575,-0.000249630742473528,0,0,0,0,0,38
1,1866,71.270133,0.906803131103516,0.00011092937347712,0,0,0,0,0,38
1,1867,71.314133,0.90501880645752,-1.24718399092671E-05,0,0,0,0,0,38
1,1868,71.358133,0.910468757152557,1.14210506581003E-05,0,0,0,0,0,38
1,1869,71.402133,0.911651790142059,1.0111881465491E-06,0,0,0,0,0,38
1,1870,71.446133,0.913727045059204,-4.75002480015974E-06,0,0,0,0,0,38
1,1871,71.490133,0.940065085887909,6.81384626659565E-05,0,0,0,0,0,38
1,1872,71.534133,0.916655659675598,-1.19583482955932E-05,0,0,0,0,0,38
1,1873,71.578133,0.921116411685944,-4.98164013151836E-07,0,0,0,0,0,38
1,1874,71.622133,0.922202527523041,-6.43443081571604E-06,0,0,0,0,0,38
1,1875,71.666133,0.937330424785614,0.000102487894764636,0,0,0,0,0,38
1,1876,71.710133,0.915026485919952,-1.85675999091472E-05,0,0,0,0,0,38
1,1877,71.754133,0.929979801177979,7.36758374841884E-06,0,0,0,0,0,38
1,1878,71.798133,0.931124091148376,-6.85066970618209E-06,0,0,0,0,0,38
1,1879,71.842133,0.933257520198822,-1.04995669971686E-05,0,0,0,0,0,38
1,1880,71.886133,0.935449123382568,-9.4103443188942E-06,0,0,0,0,0,38
1,1881,71.930133,0.96362966299057,8.4539053204935E-05,0,0,0,0,0,38
1,1882,71.974133,0.952012240886688,0.000189975864486769,0,0,0,0,0,38
1,1883,72.018133,0.942314863204956,-8.0488152889302E-06,0,0,0,0,0,38
1,1884,72.062133,0.961670815944672,5.79542247578502E-05,0,0,0,0,0,38
1,1885,72.106133,0.946581721305847,-7.80350433160493E-08,0,0,0,0,0,38
1,1886,72.150133,0.949568510055542,1.23896807053825E-05,0,0,0,0,0,38
1,1887,72.194133,0.939793527126312,-1.12386833279743E-05,0,0,0,0,0,38
1,1888,72.238133,0.953253507614136,0.000115648042992689,0,0,0,0,0,38
1,1889,72.282133,0.97092205286026,9.93680441752076E-05,0,0,0,0,0,38
1,1890,72.326133,0.956317842006683,-0.000190248640137725,0,0,0,0,0,38
1,1891,72.370133,0.960507094860077,-2.43542535827146E-06,0,0,0,0,0,38
1,1892,72.414133,0.963261127471924,2.08934015972773E-05,0,0,0,0,0,38
1,1893,72.458133,0.964366674423218,-5.11664948135149E-05,0,0,0,0,0,38
1,1894,72.502133,0.967702567577362,1.54861863848055E-05,0,0,0,0,0,38
1,1895,72.546133,0.96894383430481,3.81982817998505E-06,0,0,0,0,0,38
1,1896,72.590133,0.971562087535858,-5.42689940630225E-06,0,0,0,0,0,38
1,1897,72.634133,0.98971551656723,0.00021169419051148,0,0,0,0,0,38
1,1898,72.678133,0.966674625873566,-1.24095977298566E-05,0,0,0,0,0,38
1,1899,72.722133,0.977865397930145,-7.62689637667791E-07,0,0,0,0,0,38
1,1900,72.766133,0.968924403190613,4.52393305749865E-06,0,0,0,0,0,38
1,1901,72.810133,0.979223012924194,-2.11233837035252E-05,0,0,0,0,0,38
1,1902,72.854133,0.970437169075012,-2.46905910898931E-05,0,0,0,0,0,38
1,1903,72.898133,1.00575494766235,0.000131301741930656,0,0,0,0,0,38
1,1904,72.942133,0.989172518253326,1.66337613336509E-05,0,0,0,0,0,38
1,1905,72.986133,0.991208910942078,-1.75287127035517E-07,0,0,0,0,0,38
1,1906,73.030133,0.992527782917023,-4.75391470899922E-06,0,0,0,0,0,38
1,1907,73.074133,0.982035219669342,-3.04167915601283E-05,0,0,0,0,0,38
1,1908,73.118133,0.998540163040161,1.08375379568315E-05,0,0,0,0,0,38
1,1909,73.162133,0.999471068382263,-3.85141538572498E-06,0,0,0,0,0,38
1,1910,73.206133,1.00265181064606,1.6851605323609E-05,0,0,0,0,0,38
1,1911,73.250133,1.00443613529205,3.94042081097723E-06,0,0,0,0,0,38
1,1912,73.294133,1.01960277557373,0.000208247583941557,0,0,0,0,0,38
1,1913,73.338133,1.00852847099304,3.84705890610348E-06,0,0,0,0,0,38
1,1914,73.382133,1.01120483875275,8.74078341439599E-06,0,0,0,0,0,38
1,1915,73.426133,1.01314437389374,4.81568940813304E-06,0,0,0,0,0,38
1,1916,73.470133,1.00261306762695,-7.97101347416174E-06,0,0,0,0,0,38
1,1917,73.514133,1.01783788204193,2.93288917418977E-06,0,0,0,0,0,38
1,1918,73.558133,1.01907908916473,-2.453086267451E-07,0,0,0,0,0,38
1,1919,73.602133,1.02132892608643,-3.86308602173813E-06,0,0,0,0,0,38
1,1920,73.646133,1.02394723892212,-2.40041458710039E-06,0,0,0,0,0,38
1,1921,73.690133,1.02577030658722,-2.95280642603757E-06,0,0,0,0,0,38
1,1922,73.734133,1.0408787727356,0.000233894897974096,0,0,0,0,0,38
1,1923,73.778133,1.03102624416351,9.32040529733058E-06,0,0,0,0,0,38
1,1924,73.822133,1.03269422054291,1.09677000637021E-06,0,0,0,0,0,38
1,1925,73.866133,1.0347501039505,-1.06611616956798E-06,0,0,0,0,0,38
1,1926,73.910133,1.03471124172211,0.00013493507867679,0,0,0,0,0,38
1,1927,73.954133,1.04027760028839,1.71783740370302E-05,0,0,0,0,0,38
1,1928,73.998133,1.06723618507385,9.96481321635656E-05,0,0,0,0,0,38
1,1929,74.042133,1.04852032661438,-0.000275600934401155,0,0,0,0,0,38
1,1930,74.086133,1.04667782783508,-1.47630980791291E-05,0,0,0,0,0,38
1,1931,74.130133,1.04819059371948,9.33596584218321E-06,0,0,0,0,0,38
1,1932,74.174133,1.04923796653748,-9.49882814893499E-05,0,0,0,0,0,38
1,1933,74.218133,1.05296170711517,-1.39033900268259E-05,0,0,0,0,0,38
1,1934,74.262133,1.05525028705597,1.37045290102833E-05,0,0,0,0,0,38
1,1935,74.306133,1.05746126174927,1.4560347153747E-05,0,0,0,0,0,38
1,1936,74.350133,1.05955588817596,-7.41449639463099E-08,0,0,0,0,0,38
1,1937,74.394133,1.07627415657043,0.00019404488557484,0,0,0,0,0,38
1,1938,74.438133,1.06421065330505,-4.40515323134605E-05,0,0,0,0,0,38
1,1939,74.482133,1.06628584861755,9.39042729442008E-06,0,0,0,0,0,38
1,1940,74.526133,1.06836116313934,1.04874306998681E-05,0,0,0,0,0,38
1,1941,74.570133,1.06958293914795,-5.33742741026799E-06,0,0,0,0,0,38
1,1942,74.614133,1.07033932209015,-0.000280486885458231,0,0,0,0,0,38
1,1943,74.658133,1.07538199424744,1.91467552212998E-05,0,0,0,0,0,38
1,1944,74.702133,1.07772874832153,1.87577461474575E-05,0,0,0,0,0,38
1,1945,74.746133,1.07811665534973,-2.38485426962143E-06,0,0,0,0,0,38
1,1946,74.790133,1.08162713050842,-1.05444587461534E-06,0,0,0,0,0,38
1,1947,74.834133,1.07022297382355,-2.92925578833092E-05,0,0,0,0,0,38
1,1948,74.878133,1.10848879814148,8.67719572852366E-05,0,0,0,0,0,38
1,1949,74.922133,1.07811665534973,1.69721988640958E-05,0,0,0,0,0,38
1,1950,74.966133,1.09033536911011,7.77783213834482E-07,0,0,0,0,0,38
1,1951,75.010133,1.08028888702393,-3.38906356773805E-05,0,0,0,0,0,38
1,1952,75.054133,1.09442758560181,4.69898668598034E-06,0,0,0,0,0,38
1,1953,75.098133,1.0970458984375,1.47548516906681E-05,0,0,0,0,0,38
1,1954,75.142133,1.09859752655029,-1.47457478760771E-06,0,0,0,0,0,38
1,1955,75.186133,1.09019958972931,-2.78648985840846E-05,0,0,0,0,0,38
1,1956,75.230133,1.10379528999329,1.38601326398202E-05,0,0,0,0,0,38
1,1957,75.274133,1.0950676202774,-1.29814407046069E-05,0,0,0,0,0,38
1,1958,75.318133,1.0970846414566,-3.11170078930445E-05,0,0,0,0,0,38
1,1959,75.362133,1.11023426055908,1.30743355839513E-05,0,0,0,0,0,38
1,1960,75.406133,1.11128163337708,-2.65327003035054E-06,0,0,0,0,0,38
1,1961,75.450133,1.11384177207947,-0.00012727985449601,0,0,0,0,0,38
1,1962,75.494133,1.11649882793427,3.86261899620877E-06,0,0,0,0,0,38
1,1963,75.538133,1.11865162849426,4.31775879405905E-06,0,0,0,0,0,38
1,1964,75.582133,1.12064921855927,1.78531468009169E-06,0,0,0,0,0,38
1,1965,75.626133,1.12412095069885,2.18231325561646E-05,0,0,0,0,0,38
1,1966,75.670133,1.12582767009735,-9.79546257440234E-06,0,0,0,0,0,38
1,1967,75.714133,1.12753438949585,4.33720924775116E-06,0,0,0,0,0,38
1,1968,75.758133,1.12931871414185,-7.80350433160493E-08,0,0,0,0,0,38
1,1969,75.802133,1.13230550289154,1.41246582643362E-05,0,0,0,0,0,38
1,1970,75.846133,1.13407039642334,1.13082378447871E-05,0,0,0,0,0,38
1,1971,75.890133,1.13389587402344,-8.20052810013294E-06,0,0,0,0,0,38
1,1972,75.934133,1.13552498817444,0.000117616429633927,0,0,0,0,0,38
1,1973,75.978133,1.13168489933014,-1.91433318832424E-05,0,0,0,0,0,38
1,1974,76.022133,1.14299201965332,2.13174207601696E-05,0,0,0,0,0,38
1,1975,76.066133,1.13407039642334,-4.8404537665192E-05,0,0,0,0,0,38
1,1976,76.110133,1.14778244495392,9.5460300144623E-06,0,0,0,0,0,38
1,1977,76.154133,1.14937281608582,1.25725146062905E-05,0,0,0,0,0,38
1,1978,76.198133,1.15158379077911,6.80352195558953E-06,0,0,0,0,0,38
1,1979,76.242133,1.15292203426361,6.68860877794941E-07,0,0,0,0,0,38
1,1980,76.286133,1.1559282541275,1.64548182510771E-05,0,0,0,0,0,38
1,1981,76.330133,1.17982256412506,0.000225605137529783,0,0,0,0,0,38
1,1982,76.374133,1.18511736392975,0.000117892624984961,0,0,0,0,0,38
1,1983,76.418133,1.16240608692169,5.01019349030685E-06,0,0,0,0,0,38
1,1984,76.462133,1.15482270717621,-1.50704145198688E-05,0,0,0,0,0,38
1,1985,76.506133,1.19498920440674,0.000170078084920533,0,0,0,0,0,38
1,1986,76.550133,1.16806936264038,-0.000114555397885852,0,0,0,0,0,38
1,1987,76.594133,1.17097854614258,1.22514279610186E-06,0,0,0,0,0,38
1,1988,76.638133,1.1626969575882,-3.64913125849853E-06,0,0,0,0,0,38
1,1989,76.682133,1.17175436019897,-1.96218115888769E-05,0,0,0,0,0,38
1,1990,76.726133,1.16653716564178,-2.00263802980771E-05,0,0,0,0,0,38
1,1991,76.770133,1.17920196056366,-6.62504453430302E-06,0,0,0,0,0,38
1,1992,76.814133,1.18205296993256,6.08774644206278E-06,0,0,0,0,0,38
1,1993,76.858133,1.18494272232056,3.8667444357543E-08,0,0,0,0,0,38
1,1994,76.902133,1.17458593845367,-2.31483272727928E-06,0,0,0,0,0,38
1,1995,76.946133,1.21098983287811,0.000203346076887101,0,0,0,0,0,38
1,1996,76.990133,1.17743694782257,-7.05295406078221E-06,0,0,0,0,0,38
1,1997,77.034133,1.19739413261414,0.000178021640749648,0,0,0,0,0,38
1,1998,77.078133,1.19559049606323,1.00789720818284E-05,0,0,0,0,0,38
1,1999,77.122133,1.19758808612823,5.73374882151256E-06,0,0,0,0,0,38
1,2000,77.166133,1.20111799240112,2.86891281575663E-05,0,0,0,0,0,38
1,2001,77.210133,1.19840264320374,2.15858381125145E-05,0,0,0,0,0,38
1,2002,77.254133,1.19582319259644,1.09775810415158E-05,0,0,0,0,0,38
1,2003,77.298133,1.20540416240692,0.00016041511844378,0,0,0,0,0,38
1,2004,77.342133,1.17939591407776,-1.18416464829352E-05,0,0,0,0,0,38
1,2005,77.386133,1.17540049552917,2.38049733525258E-06,0,0,0,0,0,38
1,2006,77.430133,1.18701803684235,8.51126787893008E-06,0,0,0,0,0,38
1,2007,77.474133,1.17303442955017,-1.33004268718651E-05,0,0,0,0,0,38
1,2008,77.518133,1.18201410770416,9.67051255429396E-06,0,0,0,0,0,38
1,2009,77.562133,1.21694397926331,0.000232692866120487,0,0,0,0,0,38
1,2010,77.606133,1.17885279655457,1.77190941030858E-05,0,0,0,0,0,38
1,2011,77.650133,1.17559444904327,8.98375787983241E-07,0,0,0,0,0,38
1,2012,77.694133,1.17413985729218,1.70850107679144E-05,0,0,0,0,0,38
1,2013,77.738133,1.17092037200928,-0.000121168537589256,0,0,0,0,0,38
1,2014,77.782133,1.1557537317276,-1.67470407177461E-05,0,0,0,0,0,38
1,2015,77.826133,1.16725480556488,7.66323046264006E-06,0,0,0,0,0,38
1,2016,77.870133,1.16467523574829,-1.98417569663434E-06,0,0,0,0,0,38
1,2017,77.914133,1.16320133209229,2.37915137404343E-05,0,0,0,0,0,38
1,2018,77.958133,1.1606023311615,9.38264656724641E-06,0,0,0,0,0,38
1,2019,78.002133,1.15837204456329,2.39605765273154E-06,0,0,0,0,0,38
1,2020,78.046133,1.1569367647171,2.10879061341984E-05,0,0,0,0,0,38
1,2021,78.090133,1.17964804172516,9.21169339562766E-05,0,0,0,0,0,38
1,2022,78.134133,1.15107953548431,-2.27593204726873E-06,0,0,0,0,0,38
1,2023,78.178133,1.15049779415131,1.85904737008968E-05,0,0,0,0,0,38
1,2024,78.222133,1.14735579490662,1.12848974822555E-05,0,0,0,0,0,38
1,2025,78.266133,1.13981127738953,-4.55608860647772E-05,0,0,0,0,0,38
1,2026,78.310133,1.13009452819824,-5.02328766742721E-05,0,0,0,0,0,38
1,2027,78.354133,1.13019144535065,1.13665892058634E-05,0,0,0,0,0,38
1,2028,78.398133,1.13868629932404,7.74881209508749E-06,0,0,0,0,0,38
1,2029,78.442133,1.12561428546906,-6.43832072455552E-06,0,0,0,0,0,38
1,2030,78.486133,1.13476860523224,5.71429836782045E-06,0,0,0,0,0,38
1,2031,78.530133,1.13284850120544,1.58829752763268E-05,0,0,0,0,0,38
1,2032,78.574133,1.12991988658905,3.96765108234831E-06,0,0,0,0,0,38
1,2033,78.618133,1.12759256362915,7.13806912244763E-06,0,0,0,0,0,38
1,2034,78.662133,1.12526524066925,2.83952726931602E-06,0,0,0,0,0,38
1,2035,78.706133,1.12313175201416,-4.16651209889096E-06,0,0,0,0,0,38
1,2036,78.750133,1.12016439437866,-1.25146307254909E-05,0,0,0,0,0,38
1,2037,78.794133,1.11779820919037,-5.74199611946824E-06,0,0,0,0,0,38
1,2038,78.838133,1.11673152446747,5.36808101969655E-06,0,0,0,0,0,38
1,2039,78.882133,1.11591696739197,3.28476271533873E-05,0,0,0,0,0,38
1,2040,78.926133,1.11110711097717,-0.000102857920865063,0,0,0,0,0,38
1,2041,78.970133,1.11023426055908,1.08258673208184E-05,0,0,0,0,0,38
1,2042,79.014133,1.10749959945679,-4.17429237131728E-06,0,0,0,0,0,38
1,2043,79.058133,1.10643291473389,1.82987168955151E-05,0,0,0,0,0,38
1,2044,79.102133,1.09122753143311,-1.92717052414082E-05,0,0,0,0,0,38
1,2045,79.146133,1.10125458240509,-6.10976428561116E-07,0,0,0,0,0,38
1,2046,79.190133,1.0972980260849,-1.08963558886899E-05,0,0,0,0,0,38
1,2047,79.234133,1.0956494808197,-0.000161617615958676,0,0,0,0,0,38
1,2048,79.278133,1.09487366676331,-2.52100721809256E-06,0,0,0,0,0,38
1,2049,79.322133,1.0914214849472,-7.93600247561699E-06,0,0,0,0,0,38
1,2050,79.366133,1.11300778388977,-5.84137196710799E-05,0,0,0,0,0,38
1,2051,79.410133,1.08837652206421,9.55770065047545E-06,0,0,0,0,0,38
1,2052,79.454133,1.08558356761932,8.90416686161188E-06,0,0,0,0,0,38
1,2053,79.498133,1.07443165779114,-7.56312292651273E-05,0,0,0,0,0,38
1,2054,79.542133,1.08137500286102,-5.80034702579724E-06,0,0,0,0,0,38
1,2055,79.586133,1.06787621974945,-5.85846287037839E-08,0,0,0,0,0,38
1,2056,79.630133,1.07724392414093,-3.22122218676668E-06,0,0,0,0,0,38
1,2057,79.674133,1.07330679893494,-0.000106981409771834,0,0,0,0,0,38
1,2058,79.718133,1.07245337963104,2.10430152947083E-06,0,0,0,0,0,38
1,2059,79.762133,1.07074666023254,6.20444916421548E-06,0,0,0,0,0,38
1,2060,79.806133,1.06795382499695,-5.2323948693811E-06,0,0,0,0,0,38
1,2061,79.850133,1.05788791179657,-4.7227940740413E-06,0,0,0,0,0,38
1,2062,79.894133,1.05426120758057,-6.01819192524999E-06,0,0,0,0,0,38
1,2063,79.938133,1.06638288497925,0.000160391777171753,0,0,0,0,0,38
1,2064,79.982133,1.05862498283386,-8.29778036859352E-06,0,0,0,0,0,38
1,2065,80.026133,1.05575454235077,-0.000322270265314728,0,0,0,0,0,38
1,2066,80.070133,1.05449390411377,-6.20491573499748E-06,0,0,0,0,0,38
1,2067,80.114133,1.05259323120117,-3.61412048732745E-06,0,0,0,0,0,38
1,2068,80.158133,1.04962587356567,-5.75366630073404E-06,0,0,0,0,0,38
1,2069,80.202133,1.04813241958618,-2.59509779425571E-05,0,0,0,0,0,38
1,2070,80.246133,1.0375816822052,-4.35458241554443E-05,0,0,0,0,0,38
1,2071,80.290133,1.0331597328186,-1.52415786942584E-05,0,0,0,0,0,38
1,2072,80.334133,1.0401029586792,-1.35104919536388E-05,0,0,0,0,0,38
1,2073,80.378133,1.02769041061401,-2.13917992368806E-05,0,0,0,0,0,38
1,2074,80.422133,1.0371356010437,2.88231808553974E-06,0,0,0,0,0,38
1,2075,80.466133,1.02417993545532,2.29491570280516E-06,0,0,0,0,0,38
1,2076,80.510133,1.03426516056061,-0.000320597522659227,0,0,0,0,0,38
1,2077,80.554133,1.03137540817261,-7.74149884819053E-06,0,0,0,0,0,38
1,2078,80.598133,1.02883470058441,4.32942897532484E-06,0,0,0,0,0,38
1,2079,80.642133,1.02691459655762,2.71115436589753E-06,0,0,0,0,0,38
1,2080,80.686133,1.01706206798553,-3.31437404383905E-05,0,0,0,0,0,38
1,2081,80.730133,1.04683303833008,9.09849186427891E-05,0,0,0,0,0,38
1,2082,80.774133,1.035040974617,0.000116359929961618,0,0,0,0,0,38
1,2083,80.818133,1.01568508148193,-0.000192726613022387,0,0,0,0,0,38
1,2084,80.862133,1.00226390361786,-2.37102885876084E-05,0,0,0,0,0,38
1,2085,80.906133,1.01341593265533,-4.0186891965277E-06,0,0,0,0,0,38
1,2086,80.950133,1.01029336452484,-9.89271484286292E-06,0,0,0,0,0,38
1,2087,80.994133,1.01002180576324,2.37876247410895E-05,0,0,0,0,0,38
1,2088,81.038133,1.00647258758545,1.47589773291656E-07,0,0,0,0,0,38
1,2089,81.082133,1.00412583351135,-3.83875740226358E-05,0,0,0,0,0,38
1,2090,81.126133,1.00135242938995,-6.2126960074238E-06,0,0,0,0,0,38
1,2091,81.170133,0.991790771484375,-1.42379367389367E-05,0,0,0,0,0,38
1,2092,81.214133,0.997551023960114,-4.21708318754099E-06,0,0,0,0,0,38
1,2093,81.258133,0.99543696641922,-3.61412048732745E-06,0,0,0,0,0,38
1,2094,81.302133,0.979475140571594,-2.20881247514626E-05,0,0,0,0,0,38
1,2095,81.346133,0.978214502334595,-6.28271754976595E-06,0,0,0,0,0,38
1,2096,81.390133,0.982636451721191,-4.66150995634962E-05,0,0,0,0,0,38
1,2097,81.434133,0.976876258850098,-3.21733205055352E-06,0,0,0,0,0,38
1,2098,81.478133,0.981783092021942,-1.01455698313657E-05,0,0,0,0,0,38
1,2099,81.522133,0.969894170761108,1.57914030296524E-06,0,0,0,0,0,38
1,2100,81.566133,0.997182488441467,0.000145080412039533,0,0,0,0,0,38
1,2101,81.610133,0.978389024734497,6.97468522048439E-06,0,0,0,0,0,38
1,2102,81.654133,0.993090212345123,0.000109715670987498,0,0,0,0,0,38
1,2103,81.698133,0.963687837123871,-3.22295709338505E-05,0,0,0,0,0,38
1,2104,81.742133,0.970456600189209,-1.6535186659894E-06,0,0,0,0,0,38
1,2105,81.786133,0.969292938709259,2.84341740552918E-06,0,0,0,0,0,38
1,2106,81.830133,0.979824244976044,0.000149417857755907,0,0,0,0,0,38
1,2107,81.874133,0.964967906475067,6.9941356741765E-06,0,0,0,0,0,38
1,2108,81.918133,0.992411434650421,0.000106269057141617,0,0,0,0,0,38
1,2109,81.962133,0.960875630378723,5.08410494148848E-06,0,0,0,0,0,38
1,2110,82.006133,0.946542918682098,7.38882363293669E-07,0,0,0,0,0,38
1,2111,82.050133,0.955522656440735,-1.47669888974633E-05,0,0,0,0,0,38
1,2112,82.094133,0.953214704990387,-3.49565198121127E-05,0,0,0,0,0,38
1,2113,82.138133,0.951023101806641,-1.24368289107224E-05,0,0,0,0,0,38
1,2114,82.182133,0.945941686630249,-0.000285108311800286,0,0,0,0,0,38
1,2115,82.226133,0.946988999843597,1.90590731108387E-06,0,0,0,0,0,38
1,2116,82.270133,0.945611953735352,1.37978913699044E-05,0,0,0,0,0,38
1,2117,82.314133,0.942450642585754,-2.41381985688349E-05,0,0,0,0,0,38
1,2118,82.358133,0.94103479385376,7.0874980337976E-06,0,0,0,0,0,38
1,2119,82.402133,0.929747104644775,-2.07693865377223E-05,0,0,0,0,0,38
1,2120,82.446133,0.928467035293579,-2.39009041251848E-05,0,0,0,0,0,38
1,2121,82.490133,0.933722972869873,-3.84459235647228E-05,0,0,0,0,0,38
1,2122,82.534133,0.960196793079376,0.000106031759059988,0,0,0,0,0,38
1,2123,82.578133,0.920437633991241,-4.98477565997746E-05,0,0,0,0,0,38
1,2124,82.622133,0.928408861160278,1.07363957795314E-05,0,0,0,0,0,38
1,2125,82.666133,0.91459983587265,-1.42846183734946E-05,0,0,0,0,0,38
1,2126,82.710133,0.913455545902252,-2.77131839538924E-05,0,0,0,0,0,38
1,2127,82.754133,0.920185506343842,-5.61751312488923E-06,0,0,0,0,0,38
1,2128,82.798133,0.909208059310913,-4.3044001358794E-05,0,0,0,0,0,38
1,2129,82.842133,0.904727876186371,1.16350047392189E-05,0,0,0,0,0,38
1,2130,82.886133,0.907811641693115,-4.66423298348673E-05,0,0,0,0,0,38
1,2131,82.930133,0.933179974555969,3.21162915497553E-05,0,0,0,0,0,38
1,2132,82.974133,0.91039115190506,-4.22875382355414E-06,0,0,0,0,0,38
1,2133,83.018133,0.902536273002625,-3.63880681106821E-05,0,0,0,0,0,38
1,2134,83.062133,0.905445516109467,-8.41448309074622E-06,0,0,0,0,0,38
1,2135,83.106133,0.912660360336304,0.000118126030429266,0,0,0,0,0,38
1,2136,83.150133,0.901585936546326,3.61365368917177E-06,0,0,0,0,0,38
1,2137,83.194133,0.887524783611298,-1.23823674584855E-05,0,0,0,0,0,38
1,2138,83.238133,0.896097242832184,-3.45462717632472E-06,0,0,0,0,0,38
1,2139,83.282133,0.894060790538788,-1.56344776769402E-05,0,0,0,0,0,38
1,2140,83.326133,0.892683804035187,-4.21319327870151E-06,0,0,0,0,0,38
1,2141,83.370133,0.887951493263245,-1.53621713252505E-05,0,0,0,0,0,38
1,2142,83.414133,0.887524783611298,2.23656434172881E-06,0,0,0,0,0,38
1,2143,83.458133,0.88527500629425,-5.75851336179767E-05,0,0,0,0,0,38
1,2144,83.502133,0.876101315021515,-3.27430607285351E-05,0,0,0,0,0,38
1,2145,83.546133,0.880794823169708,-8.03714465291705E-06,0,0,0,0,0,38
1,2146,83.590133,0.868362784385681,-5.4838732467033E-05,0,0,0,0,0,38
1,2147,83.634133,0.877614080905914,7.77604236645857E-06,0,0,0,0,0,38
1,2148,83.678133,0.87518972158432,7.27033193470561E-06,0,0,0,0,0,38
1,2149,83.722133,0.871815085411072,-8.6712279880885E-06,0,0,0,0,0,38
1,2150,83.766133,0.863300800323486,-1.63017818977096E-06,0,0,0,0,0,38
1,2151,83.810133,0.868886470794678,1.46381489685155E-05,0,0,0,0,0,38
1,2152,83.854133,0.865666925907135,-1.95440097741084E-05,0,0,0,0,0,38
1,2153,83.898133,0.853254318237305,-2.54045767178468E-06,0,0,0,0,0,38
1,2154,83.942133,0.885100424289703,6.51275331620127E-05,0,0,0,0,0,38
1,2155,83.986133,0.859150290489197,8.53484394269799E-08,0,0,0,0,0,38
1,2156,84.030133,0.864832997322083,-9.79157266556285E-06,0,0,0,0,0,38
1,2157,84.074133,0.855775654315948,1.68749465956353E-05,0,0,0,0,0,38
1,2158,84.118133,0.87261027097702,8.67952985572629E-05,0,0,0,0,0,38
1,2159,84.162133,0.83162921667099,-0.000148115141200833,0,0,0,0,0,38
1,2160,84.206133,0.859732151031494,2.06249860639218E-05,0,0,0,0,0,38
1,2161,84.250133,0.846349835395813,-3.08506923829555E-06,0,0,0,0,0,38
1,2162,84.294133,0.859770953655243,0.000110108565422706,0,0,0,0,0,38
1,2163,84.338133,0.840938687324524,-8.85406188899651E-06,0,0,0,0,0,38
1,2164,84.382133,0.831551611423492,-4.98049666930456E-05,0,0,0,0,0,38
1,2165,84.426133,0.838378548622131,1.27125576909748E-05,0,0,0,0,0,38
1,2166,84.470133,0.84256786108017,1.99247715499951E-05,0,0,0,0,0,38
1,2167,84.514133,0.850577831268311,3.68777546100318E-05,0,0,0,0,0,38
1,2168,84.558133,0.83137708902359,1.44203040690627E-05,0,0,0,0,0,38
1,2169,84.602133,0.822358548641205,-3.33576936100144E-05,0,0,0,0,0,38
1,2170,84.646133,0.825519859790802,-1.04256560007343E-05,0,0,0,0,0,38
1,2171,84.690133,0.829301834106445,1.83026077138493E-05,0,0,0,0,0,38
1,2172,84.734133,0.822009444236755,-1.51946622395371E-07,0,0,0,0,0,38
1,2173,84.778133,0.820166945457459,6.24334961685236E-06,0,0,0,0,0,38
1,2174,84.822133,0.821621537208557,2.25272378884256E-05,0,0,0,0,0,38
1,2175,84.866133,0.81516307592392,1.04798857591959E-07,0,0,0,0,0,38
1,2176,84.910133,0.813805460929871,7.13806912244763E-06,0,0,0,0,0,38
1,2177,84.954133,0.805970013141632,1.44669857036206E-05,0,0,0,0,0,38
1,2178,84.998133,0.808064639568329,-3.32760027959012E-05,0,0,0,0,0,38
1,2179,85.042133,0.813727915287018,1.4735401236976E-05,0,0,0,0,0,38
1,2180,85.086133,0.804224491119385,-9.29963221096841E-07,0,0,0,0,0,38
1,2181,85.130133,0.802207410335541,2.50108996624476E-06,0,0,0,0,0,38
1,2182,85.174133,0.800151586532593,2.68781400336593E-06,0,0,0,0,0,38
1,2183,85.218133,0.798561215400696,4.46558169642231E-06,0,0,0,0,0,38
1,2184,85.262133,0.794779241085052,-1.12425732368138E-05,0,0,0,0,0,38
1,2185,85.306133,0.793693125247955,3.13906366500305E-06,0,0,0,0,0,38
1,2186,85.350133,0.791482150554657,1.54412953179417E-06,0,0,0,0,0,38
1,2187,85.394133,0.789309918880463,2.24823452299461E-06,0,0,0,0,0,38
1,2189,85.482133,0.784868538379669,-6.25445437663075E-08,0,0,0,0,0,38
1,2190,85.526133,0.782211482524872,-1.36040327447517E-07,0,0,0,0,0,38
1,2191,85.570133,0.780252635478973,-1.03558932096348E-07,0,0,0,0,0,38
1,2192,85.614133,0.777847647666931,-8.72909851068471E-08,0,0,0,0,0,38
1,2193,85.658133,0.775888800621033,-7.79366189362918E-08,0,0,0,0,0,38
1,2194,85.702133,0.773619651794434,-8.83420341324381E-08,0,0,0,0,0,38
1,2195,85.746133,0.771195292472839,-1.22734789442802E-07,0,0,0,0,0,38
1,2196,85.790133,0.769120037555695,-9.19623275308368E-08,0,0,0,0,0,38
1,2197,85.834133,0.767006039619446,-8.98135041893511E-08,0,0,0,0,0,38
1,2198,85.878133,0.764814436435699,-7.8528323399496E-08,0,0,0,0,0,38
1,2199,85.922133,0.762545228004456,-1.14770152492838E-07,0,0,0,0,0,38
1,2200,85.966133,0.760334253311157,-1.02690840719788E-07,0,0,0,0,0,38
1,2201,86.010133,0.758065044879913,-8.30283823916034E-08,0,0,0,0,0,38
1,2202,86.054133,0.756106197834015,-6.12793868981498E-08,0,0,0,0,0,38
1,2203,86.098133,0.753740012645721,-6.56393126519106E-08,0,0,0,0,0,38
1,2204,86.142133,0.751781165599823,-1.2042636399201E-07,0,0,0,0,0,38
1,2205,86.186133,0.749473214149475,-9.26513479271307E-08,0,0,0,0,0,38
1,2206,86.230133,0.747359156608582,-1.04633343767091E-07,0,0,0,0,0,38
1,2207,86.274133,0.744682729244232,-6.59040182426907E-08,0,0,0,0,0,38
1,2208,86.318133,0.742646276950836,-5.63589104274342E-08,0,0,0,0,0,38
1,2209,86.362133,0.740764975547791,-9.89381945259993E-08,0,0,0,0,0,38
1,2210,86.406133,0.738340616226196,-1.34008303120936E-07,0,0,0,0,0,38
1,2211,86.450133,0.736110270023346,-8.6033608681646E-08,0,0,0,0,0,38
1,2212,86.494133,0.734287142753601,-7.9727300317245E-08,0,0,0,0,0,38
1,2213,86.538133,0.731765806674957,-7.81585072218149E-08,0,0,0,0,0,38
1,2214,86.582133,0.729496657848358,-8.6274965838129E-08,0,0,0,0,0,38
1,2215,86.626133,0.727654159069061,-1.35701654357945E-07,0,0,0,0,0,38
1,2216,86.670133,0.725287973880768,-1.063967687287E-07,0,0,0,0,0,38
1,2217,86.714133,0.722921848297119,-4.74755736945554E-08,0,0,0,0,0,38
1,2218,86.758133,0.720807790756226,-6.99603006637517E-08,0,0,0,0,0,38
1,2219,86.802133,0.71851921081543,-1.18312584618252E-07,0,0,0,0,0,38
1,2220,86.846133,0.71634703874588,-1.4135008541416E-07,0,0,0,0,0,38
1,2221,86.890133,0.714116632938385,-9.13433737537162E-08,0,0,0,0,0,38
1,2222,86.934133,0.712002635002136,-6.77180551633683E-08,0,0,0,0,0,38
1,2223,86.978133,0.709985554218292,-9.69801234873557E-08,0,0,0,0,0,38
1,2224,87.022133,0.707929730415344,-1.19067784964955E-07,0,0,0,0,0,38
1,2225,87.066133,0.705311417579651,-9.30484134187282E-08,0,0,0,0,0,38
1,2226,87.110133,0.703255593776703,-6.32257837196448E-08,0,0,0,0,0,38
1,2227,87.154133,0.701238572597504,-7.61186882414222E-08,0,0,0,0,0,38
1,2228,87.198133,0.698678433895111,-1.50245099916901E-07,0,0,0,0,0,38
1,2229,87.242133,0.696603178977966,-1.13442716553891E-07,0,0,0,0,0,38
1,2230,87.286133,0.694547355175018,-1.21975702427335E-07,0,0,0,0,0,38
1,2231,87.330133,0.69233638048172,-7.38997982807632E-08,0,0,0,0,0,38
1,2232,87.374133,0.689970195293427,-8.08055986567524E-08,0,0,0,0,0,38
1,2233,87.418133,0.687836766242981,-7.58851186333231E-08,0,0,0,0,0,38
1,2234,87.462133,0.685683965682983,-1.32782076889271E-07,0,0,0,0,0,38
1,2235,87.506133,0.683414816856384,-8.38341875919468E-08,0,0,0,0,0,38
1,2236,87.550133,0.681281387805939,-9.93586155573212E-08,0,0,0,0,0,38
1,2237,87.594133,0.679147958755493,-1.08946544230548E-07,0,0,0,0,0,38
1,2238,87.638133,0.676723599433899,-7.62276854970878E-08,0,0,0,0,0,38
1,2239,87.682133,0.674667775630951,-9.6131493876328E-08,0,0,0,0,0,38
1,2240,87.726133,0.672359824180603,-1.32482327330763E-07,0,0,0,0,0,38
1,2241,87.770133,0.670129418373108,-8.05876041454212E-08,0,0,0,0,0,38
1,2242,87.814133,0.668034791946411,-6.86095020796529E-08,0,0,0,0,0,38
1,2243,87.858133,0.665901362895966,-7.34793772494413E-08,0,0,0,0,0,38
1,2244,87.902133,0.663709759712219,-1.14618337931915E-07,0,0,0,0,0,38
1,2245,87.946133,0.661421179771423,-1.5356565086222E-07,0,0,0,0,0,38
1,2246,87.990133,0.659365355968475,-1.05193898036759E-07,0,0,0,0,0,38
1,2247,88.034133,0.657251298427582,-6.26301854822486E-08,0,0,0,0,0,38
1,2248,88.078133,0.655001521110535,-1.28009517652572E-07,0,0,0,0,0,38
1,2249,88.122133,0.65251898765564,-1.16681512452033E-07,0,0,0,0,0,38
1,2250,88.166133,0.650482594966888,-1.16599764510283E-07,0,0,0,0,0,38
1,2251,88.210133,0.648232758045197,-8.20941110646345E-08,0,0,0,0,0,38
1,2252,88.254133,0.646002411842346,-9.75796154989439E-08,0,0,0,0,0,38
1,2253,88.298133,0.64371383190155,-1.21679846643019E-07,0,0,0,0,0,38
1,2254,88.342133,0.641502797603607,-1.90356360008082E-07,0,0,0,0,0,38
1,2255,88.386133,0.639582753181458,-8.60141469161135E-08,0,0,0,0,0,38
1,2256,88.430133,0.637274742126465,-1.15027077640661E-07,0,0,0,0,0,38
1,2257,88.474133,0.635218918323517,-5.44981588745941E-08,0,0,0,0,0,38
1,2258,88.518133,0.633066117763519,-1.26211048723235E-07,0,0,0,0,0,38
1,2259,88.562133,0.630467236042023,-1.48053473481014E-07,0,0,0,0,0,38
1,2260,88.606133,0.628624737262726,-1.21792737672877E-07,0,0,0,0,0,38
1,2261,88.650133,0.626277983188629,-1.08545592070186E-07,0,0,0,0,0,38
1,2262,88.694133,0.623834252357483,-1.32494008653339E-07,0,0,0,0,0,38
1,2263,88.738133,0.621662020683289,-8.42623961716527E-08,0,0,0,0,0,38
1,2264,88.782133,0.619644999504089,-1.61728820557983E-07,0,0,0,0,0,38
1,2265,88.826133,0.617375791072845,-1.2726988529721E-07,0,0,0,0,0,38
1,2266,88.870133,0.615436315536499,-4.90365792416014E-08,0,0,0,0,0,38
1,2267,88.914133,0.612876236438751,-8.02878616923408E-08,0,0,0,0,0,38
1,2268,88.958133,0.610878586769104,-1.31314493501122E-07,0,0,0,0,0,38
1,2269,89.002133,0.608648180961609,-1.43600118462928E-07,0,0,0,0,0,38
1,2270,89.046133,0.606437146663666,-1.65010447972236E-07,0,0,0,0,0,38
1,2271,89.090133,0.60399341583252,-1.08020060451963E-07,0,0,0,0,0,38
1,2272,89.134133,0.602170348167419,-1.05532571126332E-07,0,0,0,0,0,38
1,2273,89.178133,0.599842965602875,-1.78938833528264E-07,0,0,0,0,0,38
1,2274,89.222133,0.597728967666626,-1.29613340504875E-07,0,0,0,0,0,38
1,2275,89.266133,0.595343410968781,-1.35195591610682E-07,0,0,0,0,0,38
1,2276,89.310133,0.593384504318237,-8.78281838367911E-08,0,0,0,0,0,38
1,2277,89.354133,0.591018378734589,-1.27180356912504E-07,0,0,0,0,0,38
1,2278,89.398133,0.588923752307892,-1.59268580546268E-07,0,0,0,0,0,38
1,2279,89.442133,0.586557567119598,-1.72616950067095E-07,0,0,0,0,0,38
1,2280,89.486133,0.584521114826202,-1.18121839420837E-07,0,0,0,0,0,38
1,2281,89.530133,0.582271337509155,-1.13442716553891E-07,0,0,0,0,0,38
1,2282,89.574133,0.580118536949158,-8.73844072657448E-08,0,0,0,0,0,38
1,2283,89.618133,0.577791154384613,-1.22220939147155E-07,0,0,0,0,0,38
1,2284,89.662133,0.575580179691315,-1.33066251351011E-07,0,0,0,0,0,38
1,2285,89.706133,0.573466181755066,-1.50906885210134E-07,0,0,0,0,0,38
1,2286,89.750133,0.57127457857132,-1.26323939753092E-07,0,0,0,0,0,38
1,2287,89.794133,0.569063544273376,-1.79787448928437E-07,0,0,0,0,0,38
1,2288,89.838133,0.566677987575531,-1.38309829367245E-07,0,0,0,0,0,38
1,2289,89.882133,0.564525187015533,-2.02996247367082E-07,0,0,0,0,0,38
1,2290,89.926133,0.562605142593384,-1.45764516901181E-07,0,0,0,0,0,38
1,2291,89.970133,0.56008380651474,-1.10371303208012E-07,0,0,0,0,0,38
1,2292,90.014133,0.558144330978394,-9.81596386395722E-08,0,0,0,0,0,38
1,2293,90.058133,0.55587512254715,-1.66481910923721E-07,0,0,0,0,0,38
1,2294,90.102133,0.55379992723465,-2.01396304078116E-07,0,0,0,0,0,38
1,2295,90.146133,0.551530718803406,-1.61682109478534E-07,0,0,0,0,0,38
1,2296,90.190133,0.549513697624207,-1.35421373670397E-07,0,0,0,0,0,38
1,2297,90.234133,0.546953558921814,-1.60708907515073E-07,0,0,0,0,0,38
1,2298,90.278133,0.544839560985565,-1.66333990136991E-07,0,0,0,0,0,38
1,2299,90.322133,0.542803108692169,-1.64087850862416E-07,0,0,0,0,0,38
1,2300,90.366133,0.540553331375122,-1.21823873655558E-07,0,0,0,0,0,38
1,2301,90.410133,0.538439273834229,-1.15949667645054E-07,0,0,0,0,0,38
1,2302,90.454133,0.535859823226929,-1.44191830031559E-07,0,0,0,0,0,38
1,2303,90.498133,0.533803939819336,-2.06328465424122E-07,0,0,0,0,0,38
1,2304,90.542133,0.531554162502289,-2.20910834514143E-07,0,0,0,0,0,38
1,2305,90.586133,0.52959531545639,-1.121230610579E-07,0,0,0,0,0,38
1,2306,90.630133,0.527190387248993,-1.41385129381888E-07,0,0,0,0,0,38
1,2307,90.674133,0.525192737579346,-1.54776301997117E-07,0,0,0,0,0,38
1,2308,90.718133,0.522884726524353,-1.94478829484979E-07,0,0,0,0,0,38
1,2309,90.762133,0.520421624183655,-1.62990090757376E-07,0,0,0,0,0,38
1,2310,90.806133,0.518579125404358,-1.36129870043078E-07,0,0,0,0,0,38
1,2311,90.850133,0.515960812568665,-1.76280053665323E-07,0,0,0,0,0,38
1,2312,90.894133,0.514060139656067,-1.60946370897364E-07,0,0,0,0,0,38
1,2313,90.938133,0.511868536472321,-2.24527241243777E-07,0,0,0,0,0,38
1,2314,90.982133,0.509890258312225,-1.77615277152654E-07,0,0,0,0,0,38
1,2315,91.026133,0.50750470161438,-1.9165655373854E-07,0,0,0,0,0,38
1,2316,91.070133,0.505196750164032,-1.22372767918932E-07,0,0,0,0,0,38
1,2317,91.114133,0.503140926361084,-1.39979832169956E-07,0,0,0,0,0,38
1,2318,91.158133,0.500600218772888,-1.75353576992165E-07,0,0,0,0,0,38
1,2319,91.202133,0.498621940612793,-2.29420464847863E-07,0,0,0,0,0,38
1,2320,91.246133,0.496469140052795,-1.55278470970188E-07,0,0,0,0,0,38
1,2321,91.290133,0.494277536869049,-1.72893336980451E-07,0,0,0,0,0,38
1,2322,91.334133,0.491969555616379,-1.36083158963629E-07,0,0,0,0,0,38
1,2323,91.378133,0.490107655525208,-2.32744909567373E-07,0,0,0,0,0,38
1,2324,91.422133,0.487392395734787,-1.90325224025401E-07,0,0,0,0,0,38
1,2325,91.466133,0.485472321510315,-1.57594683969364E-07,0,0,0,0,0,38
1,2326,91.510133,0.483571648597717,-1.16580295639324E-07,0,0,0,0,0,38
1,2327,91.554133,0.481127917766571,-1.90418646184298E-07,0,0,0,0,0,38
1,2328,91.598133,0.478994488716125,-2.50706222004737E-07,0,0,0,0,0,38
1,2329,91.642133,0.476725310087204,-2.0195297167902E-07,0,0,0,0,0,38
1,2330,91.686133,0.474456131458282,-1.72546876342494E-07,0,0,0,0,0,38
1,2331,91.730133,0.472497254610062,-1.8057768613744E-07,0,0,0,0,0,38
1,2332,91.774133,0.470014750957489,-1.85957517828683E-07,0,0,0,0,0,38
1,2333,91.818133,0.467861920595169,-2.48592442630979E-07,0,0,0,0,0,38
1,2334,91.862133,0.465825498104095,-1.90434221281066E-07,0,0,0,0,0,38
1,2335,91.906133,0.463517516851425,-1.84240803946523E-07,0,0,0,0,0,38
1,2336,91.950133,0.461248338222504,-2.14078994531519E-07,0,0,0,0,0,38
1,2337,91.994133,0.459270060062408,-2.3847508145991E-07,0,0,0,0,0,38
1,2338,92.038133,0.457039684057236,-2.26045429485566E-07,0,0,0,0,0,38
1,2339,92.082133,0.45475110411644,-2.47011968212973E-07,0,0,0,0,0,38
1,2340,92.126133,0.452462524175644,-1.66143237834149E-07,0,0,0,0,0,38
1,2341,92.170133,0.450115770101547,-2.21560938484799E-07,0,0,0,0,0,38
1,2342,92.214133,0.448098719120026,-2.05475942038902E-07,0,0,0,0,0,38
1,2343,92.258133,0.445945888757706,-2.213273688767E-07,0,0,0,0,0,38
1,2344,92.302133,0.443443983793259,-2.48942797043128E-07,0,0,0,0,0,38
1,2345,92.346133,0.441407531499863,-2.41955234514535E-07,0,0,0,0,0,38
1,2346,92.390133,0.43908017873764,-2.42815531237284E-07,0,0,0,0,0,38
1,2347,92.434133,0.437354028224945,-2.41924084320999E-07,0,0,0,0,0,38
1,2348,92.478133,0.434949100017548,-2.34333157322908E-07,0,0,0,0,0,38
1,2349,92.522133,0.432679921388626,-2.30884154461819E-07,0,0,0,0,0,38
1,2350,92.566133,0.430371940135956,-2.24387093794576E-07,0,0,0,0,0,38
1,2351,92.610133,0.428451865911484,-2.30350849506067E-07,0,0,0,0,0,38
1,2352,92.654133,0.426046907901764,-2.42628686919488E-07,0,0,0,0,0,38
1,2353,92.698133,0.423641979694366,-3.02523091022522E-07,0,0,0,0,0,38
1,2354,92.742133,0.42179948091507,-2.53170355790644E-07,0,0,0,0,0,38
1,2355,92.786133,0.419666051864624,-2.50706222004737E-07,0,0,0,0,0,38
1,2356,92.830133,0.417202919721603,-2.36158882671589E-07,0,0,0,0,0,38
1,2357,92.874133,0.415147095918655,-2.95660100846362E-07,0,0,0,0,0,38
1,2358,92.918133,0.412645161151886,-2.82685448382836E-07,0,0,0,0,0,38
1,2359,92.962133,0.410802662372589,-2.76052134040583E-07,0,0,0,0,0,38
1,2360,93.006133,0.408203780651093,-2.20583842747146E-07,0,0,0,0,0,38
1,2361,93.050133,0.406438857316971,-2.94986648441409E-07,0,0,0,0,0,38
1,2362,93.094133,0.404305458068848,-3.12142162783857E-07,0,0,0,0,0,38
1,2363,93.138133,0.402191430330276,-3.24859882994133E-07,0,0,0,0,0,38
1,2364,93.182133,0.399534344673157,-2.49429376708576E-07,0,0,0,0,0,38
1,2365,93.226133,0.397381544113159,-3.15992110699881E-07,0,0,0,0,0,38
1,2366,93.270133,0.395480841398239,-2.59001751601318E-07,0,0,0,0,0,38
1,2367,93.314133,0.392881959676743,-3.54682526904071E-07,0,0,0,0,0,38
1,2368,93.358133,0.391097635030746,-3.08654222180849E-07,0,0,0,0,0,38
1,2369,93.402133,0.388906031847,-2.81891317399641E-07,0,0,0,0,0,38
1,2370,93.446133,0.386132597923279,-3.25288084468411E-07,0,0,0,0,0,38
1,2371,93.490133,0.384348273277283,-3.58882829232243E-07,0,0,0,0,0,38
1,2372,93.534133,0.381904542446136,-3.37974682906861E-07,0,0,0,0,0,38
1,2373,93.578133,0.379906892776489,-3.90219753398924E-07,0,0,0,0,0,38
1,2374,93.622133,0.377870440483093,-3.30333136844274E-07,0,0,0,0,0,38
1,2375,93.666133,0.375310331583023,-3.60506135166361E-07,0,0,0,0,0,38
1,2376,93.710133,0.373215705156326,-3.38500200314229E-07,0,0,0,0,0,38
1,2377,93.754133,0.371256858110428,-3.75185805978617E-07,0,0,0,0,0,38
1,2378,93.798133,0.368754923343658,-4.08574237553694E-07,0,0,0,0,0,38
1,2379,93.842133,0.366621524095535,-3.93104301110725E-07,0,0,0,0,0,38
1,2380,93.886133,0.364817798137665,-3.35308129706391E-07,0,0,0,0,0,38
1,2381,93.930133,0.362374067306519,-3.6073967635275E-07,0,0,0,0,0,38
1,2382,93.974133,0.360046714544296,-4.27123353574643E-07,0,0,0,0,0,38
1,2383,94.018133,0.357796907424927,-4.36201332831843E-07,0,0,0,0,0,38
1,2384,94.062133,0.355721682310104,-3.87179483141153E-07,0,0,0,0,0,38
1,2385,94.106133,0.353646457195282,-3.70148541151138E-07,0,0,0,0,0,38
1,2386,94.150133,0.351183325052261,-4.13872328408615E-07,0,0,0,0,0,38
1,2387,94.194133,0.349030494689941,-4.72085019964652E-07,0,0,0,0,0,38
1,2388,94.238133,0.346935868263245,-4.94737150802393E-07,0,0,0,0,0,38
1,2389,94.282133,0.344666689634323,-3.82430300760461E-07,0,0,0,0,0,38
1,2390,94.326133,0.342766016721725,-4.30031263931596E-07,0,0,0,0,0,38
1,2391,94.370133,0.340302884578705,-4.49919497214069E-07,0,0,0,0,0,38
1,2392,94.414133,0.338150084018707,-4.79784944218409E-07,0,0,0,0,0,38
1,2393,94.458133,0.335939079523087,-4.56611218169201E-07,0,0,0,0,0,38
1,2394,94.502133,0.333572924137115,-5.08930213527492E-07,0,0,0,0,0,38
1,2395,94.546133,0.331575274467468,-4.46525007191667E-07,0,0,0,0,0,38
1,2396,94.590133,0.329364269971848,-5.20285482252802E-07,0,0,0,0,0,38
1,2397,94.634133,0.327289015054703,-5.41100234840997E-07,0,0,0,0,0,38
1,2398,94.678133,0.32455438375473,-5.12480482939282E-07,0,0,0,0,0,38
1,2399,94.722133,0.32275065779686,-4.99112616125785E-07,0,0,0,0,0,38
1,2400,94.766133,0.320481479167938,-4.91389357648586E-07,0,0,0,0,0,38
1,2401,94.810133,0.318348050117493,-5.62779121082713E-07,0,0,0,0,0,38
1,2402,94.854133,0.31621465086937,-5.6908936585387E-07,0,0,0,0,0,38
1,2403,94.898133,0.313887268304825,-5.31687476268417E-07,0,0,0,0,0,38
1,2404,94.942133,0.311501741409302,-5.91850437103858E-07,0,0,0,0,0,38
1,2405,94.986133,0.309290736913681,-5.73900820199924E-07,0,0,0,0,0,38
1,2406,95.030133,0.30733186006546,-6.26161465788755E-07,0,0,0,0,0,38
1,2407,95.074133,0.305023908615112,-6.32117462373571E-07,0,0,0,0,0,38
1,2408,95.118133,0.302890479564667,-6.17585669715481E-07,0,0,0,0,0,38
1,2409,95.162133,0.300757050514221,-6.08390905654232E-07,0,0,0,0,0,38
1,2410,95.206133,0.2982357442379,-6.38353697013372E-07,0,0,0,0,0,38
1,2411,95.250133,0.296179890632629,-6.67467816128919E-07,0,0,0,0,0,38
1,2412,95.294133,0.294221043586731,-7.58068495088082E-07,0,0,0,0,0,38
1,2413,95.338133,0.291816085577011,-6.73602869483148E-07,0,0,0,0,0,38
1,2414,95.382133,0.289682686328888,-6.83704627135739E-07,0,0,0,0,0,38
1,2415,95.426133,0.287646234035492,-7.04017168118298E-07,0,0,0,0,0,38
1,2416,95.470133,0.285396456718445,-7.57324983169383E-07,0,0,0,0,0,38
1,2417,95.514133,0.282875120639801,-7.7343719340206E-07,0,0,0,0,0,38
1,2418,95.558133,0.280702918767929,-7.16933413968945E-07,0,0,0,0,0,38
1,2419,95.602133,0.278724670410156,-7.3137567824233E-07,0,0,0,0,0,38
1,2420,95.646133,0.276397287845612,-8.42355120767024E-07,0,0,0,0,0,38
1,2421,95.690133,0.274360835552216,-8.28348845516302E-07,0,0,0,0,0,38
1,2422,95.734133,0.272033482789993,-8.64707487835403E-07,0,0,0,0,0,38
1,2423,95.778133,0.269958257675171,-7.85216798249166E-07,0,0,0,0,0,38
1,2424,95.822133,0.2678442299366,-8.63146453866648E-07,0,0,0,0,0,38
1,2425,95.866133,0.265575051307678,-8.64037929204642E-07,0,0,0,0,0,38
1,2426,95.910133,0.263053715229034,-9.36945866669703E-07,0,0,0,0,0,38
1,2427,95.954133,0.260765165090561,-9.63603724812856E-07,0,0,0,0,0,38
1,2428,95.998133,0.25905841588974,-9.46712873428623E-07,0,0,0,0,0,38
1,2429,96.042133,0.256905615329742,-9.9294754818402E-07,0,0,0,0,0,38
1,2430,96.086133,0.254578232765198,-9.93761091194756E-07,0,0,0,0,0,38
1,2431,96.130133,0.2526775598526,-1.01605121471948E-06,0,0,0,0,0,38
1,2432,96.174133,0.250447154045105,-1.07578989627655E-06,0,0,0,0,0,38
1,2433,96.218133,0.247964635491371,-1.00921158718847E-06,0,0,0,0,0,38
1,2434,96.262133,0.245811834931374,-1.02143485491979E-06,0,0,0,0,0,38
1,2435,96.306133,0.243600830435753,-1.08548294974753E-06,0,0,0,0,0,38
1,2436,96.350133,0.241292864084244,-1.147498892351E-06,0,0,0,0,0,38
1,2437,96.394133,0.238887920975685,-1.20492916266812E-06,0,0,0,0,0,38
1,2438,96.438133,0.236735105514526,-1.19469495984958E-06,0,0,0,0,0,38
1,2439,96.482133,0.234873205423355,-1.18472951271542E-06,0,0,0,0,0,38
1,2440,96.526133,0.232487663626671,-1.22613698749774E-06,0,0,0,0,0,38
1,2441,96.570133,0.2303736358881,-1.2950509926668E-06,0,0,0,0,0,38
1,2442,96.614133,0.228123843669891,-1.26345321405097E-06,0,0,0,0,0,38
1,2443,96.658133,0.22575768828392,-1.32047478018649E-06,0,0,0,0,0,38
1,2444,96.702133,0.223798826336861,-1.29203408505418E-06,0,0,0,0,0,38
1,2445,96.746133,0.22158782184124,-1.42899000366015E-06,0,0,0,0,0,38
1,2446,96.790133,0.21912470459938,-1.49193249399104E-06,0,0,0,0,0,38
1,2447,96.834133,0.217088252305985,-1.45963792874682E-06,0,0,0,0,0,38
1,2448,96.878133,0.214722096920013,-1.47422815643949E-06,0,0,0,0,0,38
1,2449,96.922133,0.212898999452591,-1.48453625570255E-06,0,0,0,0,0,38
1,2450,96.966133,0.21078497171402,-1.65646144978382E-06,0,0,0,0,0,38
1,2451,97.010133,0.208438217639923,-1.35982634219545E-06,0,0,0,0,0,38
1,2452,97.054133,0.206324189901352,-1.89812669759704E-06,0,0,0,0,0,38
1,2453,97.098133,0.204171374440193,-1.45583885569067E-06,0,0,0,0,0,38
1,2454,97.142133,0.201650053262711,-1.88104831977398E-06,0,0,0,0,0,38
1,2455,97.186133,0.199536040425301,-1.90372873021261E-06,0,0,0,0,0,38
1,2456,97.230133,0.19732503592968,-1.84619125320751E-06,0,0,0,0,0,38
1,2457,97.274133,0.195443749427795,-2.04319599106384E-06,0,0,0,0,0,38
1,2458,97.318133,0.192922443151474,-1.70975852142874E-06,0,0,0,0,0,38
1,2459,97.362133,0.191002354025841,-2.20954507312854E-06,0,0,0,0,0,38
1,2460,97.406133,0.188500449061394,-1.96842438526801E-06,0,0,0,0,0,38
1,2461,97.450133,0.186483398079872,-2.02218825506861E-06,0,0,0,0,0,38
1,2462,97.494133,0.184097841382027,-1.96931910068088E-06,0,0,0,0,0,38
1,2463,97.538133,0.18175108730793,-2.30267869483214E-06,0,0,0,0,0,38
1,2464,97.582133,0.179559484124184,-2.00787189896801E-06,0,0,0,0,0,38
1,2465,97.626133,0.177697584033012,-2.51411643148458E-06,0,0,0,0,0,38
1,2466,97.670133,0.175273239612579,-2.33469586419233E-06,0,0,0,0,0,38
1,2467,97.714133,0.173508331179619,-2.5846863991319E-06,0,0,0,0,0,38
1,2468,97.758133,0.171064600348473,-2.08941264645546E-06,0,0,0,0,0,38
1,2469,97.802133,0.16864025592804,-2.3671798317082E-06,0,0,0,0,0,38
1,2470,97.846133,0.166545629501343,-2.50730840889446E-06,0,0,0,0,0,38
1,2471,97.890133,0.164295837283134,-2.89065815195499E-06,0,0,0,0,0,38
1,2472,97.934133,0.162123635411263,-2.30407931667287E-06,0,0,0,0,0,38
1,2473,97.978133,0.159718677401543,-2.74037597591814E-06,0,0,0,0,0,38
1,2474,98.022133,0.15764345228672,-2.56842486123787E-06,0,0,0,0,0,38
1,2475,98.066133,0.155936717987061,-2.78861580227385E-06,0,0,0,0,0,38
1,2476,98.110133,0.153143882751465,-2.82117753158673E-06,0,0,0,0,0,38
1,2477,98.154133,0.151049241423607,-2.77519416158611E-06,0,0,0,0,0,38
1,2478,98.198133,0.148896425962448,-2.77733374787204E-06,0,0,0,0,0,38
1,2479,98.242133,0.146646648645401,-2.84634779745829E-06,0,0,0,0,0,38
1,2480,98.286133,0.144319280982018,-3.17842341246433E-06,0,0,0,0,0,38
1,2481,98.330133,0.142341017723084,-2.9956961498101E-06,0,0,0,0,0,38
1,2482,98.374133,0.140498518943787,-3.36445737048052E-06,0,0,0,0,0,38
1,2483,98.418133,0.137899622321129,-3.37908500114281E-06,0,0,0,0,0,38
1,2484,98.462133,0.13559165596962,-3.39009443450777E-06,0,0,0,0,0,38
1,2485,98.506133,0.133400052785873,-3.53990981238894E-06,0,0,0,0,0,38
1,2486,98.550133,0.131402403116226,-3.63755634680274E-06,0,0,0,0,0,38
1,2487,98.594133,0.129307776689529,-3.39312896358024E-06,0,0,0,0,0,38
1,2488,98.638133,0.126786455512047,-3.98982274418813E-06,0,0,0,0,0,38
1,2489,98.682133,0.124905169010162,-3.74656247004168E-06,0,0,0,0,0,38
1,2490,98.726133,0.122558407485485,-3.675214429677E-06,0,0,0,0,0,38
1,2491,98.770133,0.120386198163033,-4.18733316109865E-06,0,0,0,0,0,38
1,2492,98.814133,0.118194594979286,-4.03370540880132E-06,0,0,0,0,0,38
1,2493,98.858133,0.116177543997765,-4.10641496273456E-06,0,0,0,0,0,38
1,2494,98.902133,0.113888971507549,-4.36710388385109E-06,0,0,0,0,0,38
1,2495,98.946133,0.111736156046391,-4.58075874121278E-06,0,0,0,0,0,38
1,2496,98.990133,0.109408788383007,-4.31197804573458E-06,0,0,0,0,0,38
1,2497,99.034133,0.106926269829273,-4.69941278424812E-06,0,0,0,0,0,38
1,2498,99.078133,0.105180740356445,-4.65837047158857E-06,0,0,0,0,0,38
1,2499,99.122133,0.102601245045662,-4.76146306027658E-06,0,0,0,0,0,38
1,2500,99.166133,0.100467830896378,-5.04420995639521E-06,0,0,0,0,0,38
1,2501,99.210133,0.0983344092965126,-5.08828679812723E-06,0,0,0,0,0,38
1,2502,99.254133,0.0960458293557167,-4.79083473692299E-06,0,0,0,0,0,38
1,2503,99.298133,0.0940287783741951,-5.46934143130784E-06,0,0,0,0,0,38
1,2504,99.342133,0.0918565765023232,-5.33617685505305E-06,0,0,0,0,0,38
1,2505,99.386133,0.0895292088389397,-5.40203927812399E-06,0,0,0,0,0,38
1,2506,99.430133,0.0872406288981438,-5.54107873540488E-06,0,0,0,0,0,38
1,2507,99.474133,0.0852817669510841,-5.86187252338277E-06,0,0,0,0,0,38
1,2508,99.518133,0.0831289514899254,-5.91481966694118E-06,0,0,0,0,0,38
1,2509,99.562133,0.0808791667222977,-6.19663251200109E-06,0,0,0,0,0,38
1,2510,99.606133,0.078416034579277,-6.27486633675289E-06,0,0,0,0,0,38
1,2511,99.650133,0.0762826204299927,-6.42254235572182E-06,0,0,0,0,0,38
1,2512,99.694133,0.0742073804140091,-6.46109492663527E-06,0,0,0,0,0,38
1,2513,99.738133,0.0722291246056557,-6.49248977424577E-06,0,0,0,0,0,38
1,2514,99.782133,0.0696496218442917,-6.76321542414371E-06,0,0,0,0,0,38
1,2515,99.826133,0.0677683353424072,-6.77799880577368E-06,0,0,0,0,0,38
1,2516,99.870133,0.0652276277542114,-7.02405986885424E-06,0,0,0,0,0,38
1,2517,99.914133,0.0631717890501022,-7.34100240151747E-06,0,0,0,0,0,38
1,2518,99.958133,0.0609995797276497,-7.43082955523278E-06,0,0,0,0,0,38
1,2519,100.002133,0.0586722157895565,-7.4213758125552E-06,0,0,0,0,0,38
1,2520,100.046133,0.0564806126058102,-7.75963690102799E-06,0,0,0,0,0,38
1,2521,100.090133,0.0544635616242886,-7.75041735323612E-06,0,0,0,0,0,38
1,2522,100.134133,0.052174985408783,-8.2886399468407E-06,0,0,0,0,0,38
1,2523,100.178133,0.0505458302795887,-7.92213540989906E-06,0,0,0,0,0,38
1,2524,100.222133,0.0479857251048088,-8.67720245878445E-06,0,0,0,0,0,38
1,2525,100.266133,0.0456001758575439,-8.85483404999832E-06,0,0,0,0,0,38
1,2526,100.310133,0.04336978495121,-8.98644248081837E-06,0,0,0,0,0,38
1,2527,100.354133,0.0413527339696884,-9.07008416106692E-06,0,0,0,0,0,38
1,2528,100.398133,0.0389283932745457,-9.39908659347566E-06,0,0,0,0,0,38
1,2529,100.442133,0.0365428440272808,-9.3883882072987E-06,0,0,0,0,0,38
1,2530,100.486133,0.0344288200139999,-9.89933960227063E-06,0,0,0,0,0,38
1,2531,100.530133,0.032353587448597,-9.85798578767572E-06,0,0,0,0,0,38
1,2532,100.574133,0.0302201677113771,-1.01574214568245E-05,0,0,0,0,0,38
1,2533,100.618133,0.0279897749423981,-1.03040856629377E-05,0,0,0,0,0,38
1,2534,100.662133,0.025623619556427,-1.09625580080319E-05,0,0,0,0,0,38
1,2535,100.706133,0.0235095955431461,-1.10379514808301E-05,0,0,0,0,0,38
1,2536,100.750133,0.0211822297424078,-1.08687236206606E-05,0,0,0,0,0,38
1,2537,100.794133,0.0192815475165844,-1.10174105429905E-05,0,0,0,0,0,38
1,2538,100.838133,0.0171481296420097,-1.11867557279766E-05,0,0,0,0,0,38
1,2539,100.882133,0.0146462107077241,-1.19859396363609E-05,0,0,0,0,0,38
1,2540,100.926133,0.0123770283535123,-1.19089500003611E-05,0,0,0,0,0,38
1,2541,100.970133,0.0103405835106969,-1.2530153071566E-05,0,0,0,0,0,38
1,2542,101.014133,0.00816837511956692,-1.2620057532331E-05,0,0,0,0,0,38
1,2543,101.058133,0.00562766753137112,-1.29923591885017E-05,0,0,0,0,0,38
1,2544,101.102133,0.00405669584870338,-1.30572107082116E-05,0,0,0,0,0,38
1,2545,101.146133,0.00138022494502366,-1.36741728056222E-05,0,0,0,0,0,38
1,2546,101.190133,-0.00059803610201925,-1.36849103000714E-05,0,0,0,0,0,38
1,2547,101.234133,-0.00282842852175236,-1.41054506457294E-05,0,0,0,0,0,38
1,2548,101.278133,-0.00509760994464159,-1.44097111842711E-05,0,0,0,0,0,38
1,2549,101.322133,-0.00750255491584539,-1.450774652767E-05,0,0,0,0,0,38
1,2550,101.366133,-0.00930626317858696,-1.47047121572541E-05,0,0,0,0,0,38
1,2551,101.410133,-0.0119827343150973,-1.54631252371473E-05,0,0,0,0,0,38
1,2552,101.454133,-0.0137282591313124,-1.53891705849674E-05,0,0,0,0,0,38
1,2553,101.498133,-0.015881072729826,-1.59305054694414E-05,0,0,0,0,0,38
1,2554,101.542133,-0.0183635950088501,-1.62475644174265E-05,0,0,0,0,0,38
1,2555,101.586133,-0.0201866999268532,-1.65298060892383E-05,0,0,0,0,0,38
1,2556,101.630133,-0.022572249174118,-1.70747971424134E-05,0,0,0,0,0,38
1,2557,101.674133,-0.0248414315283298,-1.75281420524698E-05,0,0,0,0,0,38
1,2558,101.718133,-0.0266451388597488,-1.69441427715356E-05,0,0,0,0,0,38
1,2559,101.762133,-0.0289337150752544,-1.79104808921693E-05,0,0,0,0,0,38
1,2560,101.806133,-0.0315132141113281,-1.89417078217957E-05,0,0,0,0,0,38
1,2561,101.850133,-0.0337242111563683,-1.77838119270746E-05,0,0,0,0,0,38
1,2562,101.894133,-0.0358964204788208,-2.26201664190739E-05,0,0,0,0,0,38
1,2563,101.938133,-0.03795225918293,-1.83134143298958E-05,0,0,0,0,0,38
1,2564,101.982133,-0.0403378084301949,-2.22696889977669E-05,0,0,0,0,0,38
1,2565,102.026133,-0.0422578863799572,-1.99608912225813E-05,0,0,0,0,0,38
1,2566,102.070133,-0.0446434356272221,-2.13126768358052E-05,0,0,0,0,0,38
1,2567,102.114133,-0.0465635135769844,-2.06909862754401E-05,0,0,0,0,0,38
1,2568,102.158133,-0.0491818003356457,-2.32527345360722E-05,0,0,0,0,0,38
1,2569,102.202133,-0.0508497431874275,-1.72285654116422E-05,0,0,0,0,0,38
1,2570,102.246133,-0.0533128753304482,-2.26376505452208E-05,0,0,0,0,0,38
1,2571,102.290133,-0.0556596331298351,-2.51174151344458E-05,0,0,0,0,0,38
1,2572,102.334133,-0.0580063946545124,-2.14490592043148E-05,0,0,0,0,0,38
1,2573,102.378133,-0.0598682872951031,-2.4226455934695E-05,0,0,0,0,0,38
1,2574,102.422133,-0.0620598904788494,-2.22129601752386E-05,0,0,0,0,0,38
1,2575,102.466133,-0.0641739144921303,-2.45423525484512E-05,0,0,0,0,0,38
1,2576,102.510133,-0.0665206760168076,-2.37228869082173E-05,0,0,0,0,0,38
1,2577,102.554133,-0.0686346963047981,-2.50012362812413E-05,0,0,0,0,0,38
1,2578,102.598133,-0.0709814578294754,-2.16709249798441E-05,0,0,0,0,0,38
1,2579,102.642133,-0.0731924548745155,-2.41304824157851E-05,0,0,0,0,0,38
1,2580,102.686133,-0.0755004286766052,-2.55215127253905E-05,0,0,0,0,0,38
1,2581,102.730133,-0.0776144489645958,-2.65138842223678E-05,0,0,0,0,0,38
1,2582,102.774133,-0.0799418166279793,-2.70714608632261E-05,0,0,0,0,0,38
1,2583,102.818133,-0.082249790430069,-2.73741461569443E-05,0,0,0,0,0,38
1,2584,102.862133,-0.0841504707932472,-2.81271677522454E-05,0,0,0,0,0,38
1,2585,102.906133,-0.0862644985318184,-2.8359523639665E-05,0,0,0,0,0,38
1,2586,102.950133,-0.0884367004036903,-2.57251158473082E-05,0,0,0,0,0,38
1,2587,102.994133,-0.090899832546711,-2.94463152386015E-05,0,0,0,0,0,38
1,2588,103.038133,-0.092975065112114,-2.57169558608439E-05,0,0,0,0,0,38
1,2589,103.082133,-0.0952830389142036,-3.14236749545671E-05,0,0,0,0,0,38
1,2590,103.126133,-0.0975134298205376,-3.07359296130016E-05,0,0,0,0,0,38
1,2591,103.170133,-0.0998020097613335,-2.95671561616473E-05,0,0,0,0,0,38
1,2592,103.214133,-0.101663902401924,-2.6402756702737E-05,0,0,0,0,0,38
1,2593,103.258133,-0.10420460999012,-3.22349806083366E-05,0,0,0,0,0,38
1,2594,103.302133,-0.106066502630711,-3.08692069665995E-05,0,0,0,0,0,38
1,2595,103.346133,-0.108432658016682,-3.1519648473477E-05,0,0,0,0,0,38
1,2596,103.390133,-0.110449708998203,-2.95372374239378E-05,0,0,0,0,0,38
1,2597,103.434133,-0.11244735866785,-3.22489686368499E-05,0,0,0,0,0,38
1,2598,103.478133,-0.115414753556252,-3.50741574948188E-05,0,0,0,0,0,38
1,2599,103.522133,-0.116888754069805,-3.17663798341528E-05,0,0,0,0,0,38
1,2600,103.566133,-0.119487643241882,-3.36415505444165E-05,0,0,0,0,0,38
1,2601,103.610133,-0.121601670980453,-3.31601295329165E-05,0,0,0,0,0,38
1,2602,103.654133,-0.1240454018116,-3.67880747944582E-05,0,0,0,0,0,38
1,2603,103.698133,-0.126101240515709,-3.32817508024164E-05,0,0,0,0,0,38
1,2604,103.742133,-0.128603160381317,-3.7543817597907E-05,0,0,0,0,0,38
1,2605,103.786133,-0.13042625784874,-3.55190531990957E-05,0,0,0,0,0,38
1,2606,103.830133,-0.132501497864723,-3.82039725081995E-05,0,0,0,0,0,38
1,2607,103.874133,-0.134731888771057,-3.57638418790884E-05,0,0,0,0,0,38
1,2608,103.918133,-0.136787727475166,-3.78538861696143E-05,0,0,0,0,0,38
1,2609,103.962133,-0.139095708727837,-3.62161226803437E-05,0,0,0,0,0,38
1,2610,104.006133,-0.141112744808197,-3.86407118639909E-05,0,0,0,0,0,38
1,2611,104.050133,-0.143459513783455,-3.43580468324944E-05,0,0,0,0,0,38
1,2612,104.094133,-0.145942032337189,-3.99594682676252E-05,0,0,0,0,0,38
1,2613,104.138133,-0.147687554359436,-3.36994453391526E-05,0,0,0,0,0,38
1,2614,104.182133,-0.150286450982094,-4.03064477723092E-05,0,0,0,0,0,38
1,2615,104.226133,-0.152187138795853,-3.6923294828739E-05,0,0,0,0,0,38
1,2616,104.270133,-0.154475703835487,-3.84876184398308E-05,0,0,0,0,0,38
1,2617,104.314133,-0.156512156128883,-3.57770550181158E-05,0,0,0,0,0,38
1,2618,104.358133,-0.159343779087067,-4.05108294216916E-05,0,0,0,0,0,38
1,2619,104.402133,-0.161069914698601,-3.85560051654466E-05,0,0,0,0,0,38
1,2620,104.446133,-0.163533046841621,-4.16757211496588E-05,0,0,0,0,0,38
1,2621,104.490133,-0.165356144309044,-4.13944071624428E-05,0,0,0,0,0,38
1,2622,104.534133,-0.16789685189724,-4.27302620664705E-05,0,0,0,0,0,38
1,2623,104.578133,-0.170049667358398,-4.40144358435646E-05,0,0,0,0,0,38
1,2624,104.622133,-0.171989142894745,-4.20755422965158E-05,0,0,0,0,0,38
1,2625,104.666133,-0.174510449171066,-4.14348141930532E-05,0,0,0,0,0,38
1,2626,104.710133,-0.176760241389275,-4.61841336800717E-05,0,0,0,0,0,38
1,2627,104.754133,-0.17854455113411,-4.31623338954523E-05,0,0,0,0,0,38
1,2628,104.798133,-0.181124046444893,-4.50887928309385E-05,0,0,0,0,0,38
1,2629,104.842133,-0.183121711015701,-4.36270456702914E-05,0,0,0,0,0,38
1,2630,104.886133,-0.185099974274635,-4.57236928923521E-05,0,0,0,0,0,38
1,2631,104.930133,-0.187582492828369,-4.50992847618181E-05,0,0,0,0,0,38
1,2632,104.974133,-0.189735308289528,-4.5680564653594E-05,0,0,0,0,0,38
1,2633,105.018133,-0.191965699195862,-4.65454904770013E-05,0,0,0,0,0,38
1,2634,105.062133,-0.194254279136658,-4.66057172161527E-05,0,0,0,0,0,38
1,2635,105.106133,-0.19658163189888,-4.90742095280439E-05,0,0,0,0,0,38
1,2636,105.150133,-0.198385342955589,-4.70311861135997E-05,0,0,0,0,0,38
1,2637,105.194133,-0.200829088687897,-4.76365530630574E-05,0,0,0,0,0,38
1,2638,105.238133,-0.202826738357544,-4.58666836493649E-05,0,0,0,0,0,38
1,2639,105.282133,-0.20536744594574,-4.91251121275127E-05,0,0,0,0,0,38
1,2640,105.326133,-0.207015991210938,-4.83495532535017E-05,0,0,0,0,0,38
1,2641,105.370133,-0.209304571151733,-4.79093214380555E-05,0,0,0,0,0,38
1,2642,105.414133,-0.211379811167717,-4.65928933408577E-05,0,0,0,0,0,38
1,2643,105.458133,-0.214327797293663,-5.29403405380435E-05,0,0,0,0,0,38
1,2644,105.502133,-0.216112121939659,-5.04745657963213E-05,0,0,0,0,0,38
1,2645,105.546133,-0.218575239181519,-5.41029003215954E-05,0,0,0,0,0,38
1,2646,105.590133,-0.220553502440453,-5.24915594724007E-05,0,0,0,0,0,38
1,2647,105.634133,-0.222861483693123,-5.33763013663702E-05,0,0,0,0,0,38
1,2648,105.678133,-0.224762156605721,-5.33009224454872E-05,0,0,0,0,0,38
1,2649,105.722133,-0.226973161101341,-5.3473049774766E-05,0,0,0,0,0,38
1,2650,105.766133,-0.229455679655075,-5.18100314366166E-05,0,0,0,0,0,38
1,2651,105.810133,-0.231744259595871,-5.59940017410554E-05,0,0,0,0,0,38
1,2652,105.854133,-0.233528569340706,-5.27942429471295E-05,0,0,0,0,0,38
1,2653,105.898133,-0.235875338315964,-5.81967251491733E-05,0,0,0,0,0,38
1,2654,105.942133,-0.237989351153374,-5.42369525646791E-05,0,0,0,0,0,38
1,2655,105.986133,-0.240394309163094,-5.67318675166462E-05,0,0,0,0,0,38
1,2656,106.030133,-0.242566511034966,-5.70240626984742E-05,0,0,0,0,0,38
1,2657,106.074133,-0.244641751050949,-5.71561722608749E-05,0,0,0,0,0,38
1,2658,106.118133,-0.246949717402458,-5.8666875702329E-05,0,0,0,0,0,38
1,2659,106.162133,-0.249024957418442,-5.75074263906572E-05,0,0,0,0,0,38
1,2660,106.206133,-0.251585066318512,-6.07538095209748E-05,0,0,0,0,0,38
1,2661,106.250133,-0.253854244947433,-6.16502074990422E-05,0,0,0,0,0,38
1,2662,106.294133,-0.255560964345932,-6.15468525211327E-05,0,0,0,0,0,38
1,2663,106.338133,-0.258043497800827,-5.83739056310151E-05,0,0,0,0,0,38
1,2664,106.382133,-0.260642379522324,-6.44590763840824E-05,0,0,0,0,0,38
1,2665,106.426133,-0.261883646249771,-5.8666875702329E-05,0,0,0,0,0,38
1,2666,106.470133,-0.264540731906891,-6.26301480224356E-05,0,0,0,0,0,38
1,2667,106.514133,-0.266460806131363,-6.08000482316129E-05,0,0,0,0,0,38
1,2668,106.558133,-0.26896271109581,-6.17916448391043E-05,0,0,0,0,0,38
1,2669,106.602133,-0.27111554145813,-6.49241774226539E-05,0,0,0,0,0,38
1,2670,106.646133,-0.273539870977402,-6.52501767035574E-05,0,0,0,0,0,38
1,2671,106.690133,-0.275576323270798,-6.43638850306161E-05,0,0,0,0,0,38
1,2672,106.734133,-0.277767926454544,-6.36574841337278E-05,0,0,0,0,0,38
1,2673,106.778133,-0.280405610799789,-6.81243254803121E-05,0,0,0,0,0,38
1,2674,106.822133,-0.281899005174637,-6.31267175776884E-05,0,0,0,0,0,38
1,2675,106.866133,-0.284381508827209,-7.00756500009447E-05,0,0,0,0,0,38
1,2676,106.910133,-0.286165833473206,-6.58458302496001E-05,0,0,0,0,0,38
1,2677,106.954133,-0.288978070020676,-6.98075455147773E-05,0,0,0,0,0,38
1,2678,106.998133,-0.291402399539948,-6.89997395966202E-05,0,0,0,0,0,38
1,2679,107.042133,-0.293458253145218,-7.2711227403488E-05,0,0,0,0,0,38
1,2680,107.086133,-0.295300751924515,-6.50935908197425E-05,0,0,0,0,0,38
1,2681,107.130133,-0.297647505998611,-7.00274686096236E-05,0,0,0,0,0,38
1,2682,107.174133,-0.299722731113434,-6.81814417475834E-05,0,0,0,0,0,38
1,2683,107.218133,-0.302069485187531,-7.54653083276935E-05,0,0,0,0,0,38
1,2684,107.262133,-0.303911983966827,-6.87180363456719E-05,0,0,0,0,0,38
1,2685,107.306133,-0.306549668312073,-7.42957563488744E-05,0,0,0,0,0,38
1,2686,107.350133,-0.308508545160294,-7.02062097843736E-05,0,0,0,0,0,38
1,2687,107.394133,-0.311010450124741,-7.54649227019399E-05,0,0,0,0,0,38
1,2688,107.438133,-0.31300812959671,-7.4087489338126E-05,0,0,0,0,0,38
1,2689,107.482133,-0.315219104290009,-7.70024344092235E-05,0,0,0,0,0,38
1,2690,107.526133,-0.317527085542679,-7.40921532269567E-05,0,0,0,0,0,38
1,2691,107.570133,-0.319253206253052,-7.69072430557571E-05,0,0,0,0,0,38
1,2692,107.614133,-0.321580588817596,-7.49722312320955E-05,0,0,0,0,0,38
1,2693,107.658133,-0.324140697717667,-7.83060386311263E-05,0,0,0,0,0,38
1,2694,107.702133,-0.326002568006516,-7.71104532759637E-05,0,0,0,0,0,38
1,2695,107.746133,-0.328232973814011,-7.69429898355156E-05,0,0,0,0,0,38
1,2696,107.790133,-0.330579727888107,-7.75227090343833E-05,0,0,0,0,0,38
1,2697,107.834133,-0.333062261343002,-7.95369851402938E-05,0,0,0,0,0,38
1,2698,107.878133,-0.335215061903,-8.16429601400159E-05,0,0,0,0,0,38
1,2699,107.922133,-0.337232112884521,-8.10892670415342E-05,0,0,0,0,0,38
1,2700,107.966133,-0.339346140623093,-8.3524348156061E-05,0,0,0,0,0,38
1,2701,108.010133,-0.341615319252014,-8.31396755529568E-05,0,0,0,0,0,38
1,2702,108.054133,-0.343768149614334,-8.26267787488177E-05,0,0,0,0,0,38
1,2703,108.098133,-0.345765799283981,-8.1275386037305E-05,0,0,0,0,0,38
1,2704,108.142133,-0.348228931427002,-8.62457891344093E-05,0,0,0,0,0,38
1,2705,108.186133,-0.350556284189224,-8.22611473267898E-05,0,0,0,0,0,38
1,2706,108.230133,-0.352864265441895,-8.76166159287095E-05,0,0,0,0,0,38
1,2707,108.274133,-0.354454636573792,-8.39894491946325E-05,0,0,0,0,0,38
1,2708,108.318133,-0.356743216514587,-8.59831270645373E-05,0,0,0,0,0,38
1,2709,108.362133,-0.358954191207886,-8.21539069875143E-05,0,0,0,0,0,38
1,2710,108.406133,-0.361436724662781,-8.79760264069773E-05,0,0,0,0,0,38
1,2711,108.450133,-0.363414973020554,-8.59159044921398E-05,0,0,0,0,0,38
1,2712,108.494133,-0.365994483232498,-8.81741943885572E-05,0,0,0,0,0,38
1,2713,108.538133,-0.36801153421402,-8.87049609445967E-05,0,0,0,0,0,38
1,2714,108.582133,-0.370338886976242,-8.97373538464308E-05,0,0,0,0,0,38
1,2715,108.626133,-0.372065037488937,-8.65185575094074E-05,0,0,0,0,0,38
1,2716,108.670133,-0.374722093343735,-9.26456923480146E-05,0,0,0,0,0,38
1,2717,108.714133,-0.376661568880081,-9.00136146810837E-05,0,0,0,0,0,38
1,2718,108.758133,-0.379163503646851,-9.32848633965477E-05,0,0,0,0,0,38
1,2719,108.802133,-0.380889624357224,-8.77934071468189E-05,0,0,0,0,0,38
1,2720,108.846133,-0.383197605609894,-9.10615490283817E-05,0,0,0,0,0,38
1,2721,108.890133,-0.385505557060242,-9.27082510315813E-05,0,0,0,0,0,38
1,2722,108.934133,-0.387910515069962,-9.47652661125176E-05,0,0,0,0,0,38
1,2723,108.978133,-0.389927566051483,-9.6216521342285E-05,0,0,0,0,0,38
1,2724,109.022133,-0.392060965299606,-9.26989232539199E-05,0,0,0,0,0,38
1,2725,109.066133,-0.394368946552277,-9.85140504781157E-05,0,0,0,0,0,38
1,2726,109.110133,-0.396735101938248,-9.51681940932758E-05,0,0,0,0,0,38
1,2727,109.154133,-0.398500025272369,-9.45251376833767E-05,0,0,0,0,0,38
1,2728,109.198133,-0.400788605213165,-9.74416398094036E-05,0,0,0,0,0,38
1,2729,109.242133,-0.403484463691711,-0.00010069501149701,0,0,0,0,0,38
1,2730,109.286133,-0.405055433511734,-9.70383189269342E-05,0,0,0,0,0,38
1,2731,109.330133,-0.407790094614029,-0.000101221121440176,0,0,0,0,0,38
1,2732,109.374133,-0.409981697797775,-9.75803486653604E-05,0,0,0,0,0,38
1,2733,109.418133,-0.411959946155548,-0.000101848250778858,0,0,0,0,0,38
1,2734,109.462133,-0.413957625627518,-9.60020406637341E-05,0,0,0,0,0,38
1,2735,109.506133,-0.416343152523041,-0.00010263585136272,0,0,0,0,0,38
1,2736,109.550133,-0.418146878480911,-0.000100280034530442,0,0,0,0,0,38
1,2737,109.594133,-0.420784562826157,-0.000103069869510364,0,0,0,0,0,38
1,2738,109.638133,-0.423111915588379,-0.00010102956002811,0,0,0,0,0,38
1,2739,109.682133,-0.424993216991425,-0.000105870189145207,0,0,0,0,0,38
1,2740,109.726133,-0.427049040794373,-0.000101892932434566,0,0,0,0,0,38
1,2741,109.770133,-0.429938852787018,-0.00010733582166722,0,0,0,0,0,38
1,2742,109.814133,-0.432033479213715,-0.000105009923572652,0,0,0,0,0,38
1,2743,109.858133,-0.433895379304886,-0.000106755709566642,0,0,0,0,0,38
1,2744,109.902133,-0.436300337314606,-0.000106428931758273,0,0,0,0,0,38
1,2745,109.946133,-0.438647091388702,-0.000109681146568619,0,0,0,0,0,38
1,2746,109.990133,-0.440179258584976,-0.000107368847238831,0,0,0,0,0,38
1,2747,110.034133,-0.44270059466362,-0.000110409295302816,0,0,0,0,0,38
1,2748,110.078133,-0.444892197847366,-0.000106801169749815,0,0,0,0,0,38
1,2749,110.122133,-0.447413504123688,-0.000113723675895017,0,0,0,0,0,38
1,2750,110.166133,-0.44873234629631,-0.000100798373750877,0,0,0,0,0,38
1,2751,110.210133,-0.451195478439331,-0.000110953274997883,0,0,0,0,0,38
1,2752,110.254133,-0.453891336917877,-0.00011262212501606,0,0,0,0,0,38
1,2753,110.298133,-0.455695033073425,-0.000110817280074116,0,0,0,0,0,38
1,2754,110.342133,-0.457944840192795,-0.000110586479422636,0,0,0,0,0,38
1,2755,110.386133,-0.460330367088318,-0.000111949535494205,0,0,0,0,0,38
1,2756,110.430133,-0.462657749652863,-0.000114814742119052,0,0,0,0,0,38
1,2757,110.474133,-0.464791148900986,-0.000114680689875968,0,0,0,0,0,38
1,2758,110.518133,-0.46706035733223,-0.000115645474579651,0,0,0,0,0,38
1,2759,110.562133,-0.469077408313751,-0.000113238762423862,0,0,0,0,0,38
1,2760,110.606133,-0.471443563699722,-0.000118592281069141,0,0,0,0,0,38
1,2761,110.650133,-0.473402410745621,-0.000117130926810205,0,0,0,0,0,38
1,2762,110.694133,-0.475768566131592,-0.000117345407488756,0,0,0,0,0,38
1,2763,110.738133,-0.477882593870163,-0.000117282463179436,0,0,0,0,0,38
1,2764,110.782133,-0.480190575122833,-0.000119382602861151,0,0,0,0,0,38
1,2765,110.826133,-0.481877893209457,-0.000117848976515234,0,0,0,0,0,38
1,2766,110.870133,-0.484476804733276,-0.000121479250083212,0,0,0,0,0,38
1,2767,110.914133,-0.486649006605148,-0.000121299737656955,0,0,0,0,0,38
1,2768,110.958133,-0.489053964614868,-0.000122161945910193,0,0,0,0,0,38
1,2769,111.002133,-0.491420120000839,-0.000121407370897941,0,0,0,0,0,38
1,2770,111.046133,-0.493611723184586,-0.000125275051686913,0,0,0,0,0,38
1,2771,111.090133,-0.495454221963882,-0.000120912736747414,0,0,0,0,0,38
1,2772,111.134133,-0.498324632644653,-0.000127682156744413,0,0,0,0,0,38
1,2773,111.178133,-0.499818027019501,-0.000124324258649722,0,0,0,0,0,38
1,2774,111.222133,-0.502281129360199,-0.00012886336480733,0,0,0,0,0,38
1,2775,111.266133,-0.504084885120392,-0.000125155769637786,0,0,0,0,0,38
1,2776,111.310133,-0.506819486618042,-0.000130956512293778,0,0,0,0,0,38
1,2777,111.354133,-0.509030520915985,-0.000128116953419521,0,0,0,0,0,38
1,2778,111.398133,-0.511163949966431,-0.000131253371364437,0,0,0,0,0,38
1,2779,111.442133,-0.51318097114563,-0.00012915168190375,0,0,0,0,0,38
1,2780,111.486133,-0.515392005443573,-0.000131476015667431,0,0,0,0,0,38
1,2781,111.530133,-0.517506003379822,-0.0001302295277128,0,0,0,0,0,38
1,2782,111.574133,-0.519833385944366,-0.000134372705360875,0,0,0,0,0,38
1,2783,111.618133,-0.521753430366516,-0.000132304412545636,0,0,0,0,0,38
1,2784,111.662133,-0.524294137954712,-0.000134567366330884,0,0,0,0,0,38
1,2785,111.706133,-0.526330590248108,-0.000132257016957738,0,0,0,0,0,38
1,2786,111.750133,-0.528968274593353,-0.00013733193918597,0,0,0,0,0,38
1,2787,111.794133,-0.530578017234802,-0.000136184535222128,0,0,0,0,0,38
1,2788,111.838133,-0.533622980117798,-0.000145938451169059,0,0,0,0,0,38
1,2789,111.882133,-0.535135805606842,-0.000139576237415895,0,0,0,0,0,38
1,2790,111.926133,-0.537404954433441,-0.000136768532684073,0,0,0,0,0,38
1,2791,111.970133,-0.539577186107636,-0.000140646327054128,0,0,0,0,0,38
1,2792,112.014133,-0.541671812534332,-0.000140626507345587,0,0,0,0,0,38
1,2793,112.058133,-0.543766438961029,-0.000142455042805523,0,0,0,0,0,38
1,2794,112.102133,-0.546345949172974,-0.000143150566145778,0,0,0,0,0,38
1,2795,112.146133,-0.548169016838074,-0.000145934172905982,0,0,0,0,0,38
1,2796,112.190133,-0.550477027893066,-0.000141929718665779,0,0,0,0,0,38
1,2797,112.234133,-0.552998304367065,-0.000147099461173639,0,0,0,0,0,38
1,2798,112.278133,-0.555054187774658,-0.000144213656312786,0,0,0,0,0,38
1,2799,112.322133,-0.557420313358307,-0.000148822306073271,0,0,0,0,0,38
1,2800,112.366133,-0.559088289737701,-0.000147466256748885,0,0,0,0,0,38
1,2801,112.410133,-0.561648368835449,-0.00014786995598115,0,0,0,0,0,38
1,2802,112.454133,-0.563859343528748,-0.000148513019667007,0,0,0,0,0,38
1,2803,112.498133,-0.565624296665192,-0.000149720654007979,0,0,0,0,0,38
1,2804,112.542133,-0.567912876605988,-0.000149715211591683,0,0,0,0,0,38
1,2805,112.586133,-0.570395410060883,-0.000154226348968223,0,0,0,0,0,38
1,2806,112.630133,-0.572470605373383,-0.000153248736751266,0,0,0,0,0,38
1,2807,112.674133,-0.574584662914276,-0.000153866931213997,0,0,0,0,0,38
1,2808,112.718133,-0.577164173126221,-0.000158408758579753,0,0,0,0,0,38
1,2809,112.762133,-0.578812718391418,-0.000156396039528772,0,0,0,0,0,38
1,2810,112.806133,-0.581081867218018,-0.000157808055519126,0,0,0,0,0,38
1,2811,112.850133,-0.583622574806213,-0.000160136667545885,0,0,0,0,0,38
1,2812,112.894133,-0.58606630563736,-0.000165818521054462,0,0,0,0,0,38
1,2813,112.938133,-0.587773084640503,-0.000161972595378757,0,0,0,0,0,38
1,2814,112.982133,-0.589945256710052,-0.00016523539670743,0,0,0,0,0,38
1,2815,113.026133,-0.573110640048981,0.000103475977084599,0,0,0,0,0,38
1,2816,113.070133,-0.581915855407715,-1.4901352187735E-06,0,0,0,0,0,38
1,2817,113.114133,-0.592738091945648,-3.13154014293104E-05,0,0,0,0,0,38
1,2818,113.158133,-0.572257280349731,0.000198413443285972,0,0,0,0,0,38
1,2819,113.202133,-0.624836385250092,-0.000574316538404673,0,0,0,0,0,38
1,2820,113.246133,-0.58530992269516,9.09771406440996E-05,0,0,0,0,0,38
1,2821,113.290133,-0.591516256332397,7.35923604224809E-05,0,0,0,0,0,38
1,2822,113.334133,-0.629646241664886,-0.00055270321900025,0,0,0,0,0,38
1,2823,113.378133,-0.625398814678192,-0.000338075682520866,0,0,0,0,0,38
1,2824,113.422133,-0.590313792228699,0.000196021050214767,0,0,0,0,0,38
1,2825,113.466133,-0.622780501842499,-0.000271360768238083,0,0,0,0,0,38
1,2826,113.510133,-0.598420739173889,8.27379408292472E-05,0,0,0,0,0,38
1,2827,113.554133,-0.642446756362915,-0.000519287423230708,0,0,0,0,0,38
1,2828,113.598133,-0.618300318717957,-5.25319155713078E-05,0,0,0,0,0,38
1,2829,113.642133,-0.603308200836182,8.3204751717858E-05,0,0,0,0,0,38
1,2830,113.686133,-0.627086162567139,-0.000167763952049427,0,0,0,0,0,38
1,2831,113.730133,-0.644541382789612,-0.000469898921437562,0,0,0,0,0,38
1,2832,113.774133,-0.62755161523819,-7.74556756368838E-05,0,0,0,0,0,38
1,2833,113.818133,-0.608273267745972,0.0002220301394118,0,0,0,0,0,38
1,2834,113.862133,-0.608137488365173,0.000211204038350843,0,0,0,0,0,38
1,2835,113.906133,-0.644366860389709,-0.000278642983175814,0,0,0,0,0,38
1,2836,113.950133,-0.646209359169006,-0.000366831169230863,0,0,0,0,0,38
1,2837,113.994133,-0.656604886054993,-0.000378182419808581,0,0,0,0,0,38
1,2838,114.038133,-0.642330408096313,-0.000104616236058064,0,0,0,0,0,38
1,2839,114.082133,-0.661453604698181,-0.000408964668167755,0,0,0,0,0,38
1,2840,114.126133,-0.64467716217041,-0.00021105668565724,0,0,0,0,0,38
1,2841,114.170133,-0.648090600967407,-0.000132986606331542,0,0,0,0,0,38
1,2842,114.214133,-0.623420536518097,0.000223562834435143,0,0,0,0,0,38
1,2843,114.258133,-0.625166058540344,0.000203112664166838,0,0,0,0,0,38
1,2844,114.302133,-0.666981101036072,-0.000436825444921851,0,0,0,0,0,38
1,2845,114.346133,-0.645239591598511,1.89833717740839E-05,0,0,0,0,0,38
1,2846,114.390133,-0.657652199268341,-0.000230382618610747,0,0,0,0,0,38
1,2847,114.434133,-0.689711689949036,-0.000607798458077013,0,0,0,0,0,38
1,2848,114.478133,-0.69264030456543,-0.000623564992565662,0,0,0,0,0,38
1,2849,114.522133,-0.665157973766327,-0.000136211485369131,0,0,0,0,0,38
1,2850,114.566133,-0.678831219673157,-0.000416561990277842,0,0,0,0,0,38
1,2851,114.610133,-0.690215945243835,-0.000531887402758002,0,0,0,0,0,38
1,2852,114.654133,-0.696771383285522,-0.000539531407412142,0,0,0,0,0,38
1,2853,114.698133,-0.698187172412872,-0.000536843377631158,0,0,0,0,0,38
1,2854,114.742133,-0.664033055305481,1.40818674481125E-05,0,0,0,0,0,38
1,2855,114.786133,-0.691243886947632,-0.000456038542324677,0,0,0,0,0,38
1,2856,114.830133,-0.685270309448242,-0.000224788673222065,0,0,0,0,0,38
1,2857,114.874133,-0.681934416294098,-0.000125416510854848,0,0,0,0,0,38
1,2858,114.918133,-0.693687617778778,-0.000277172541245818,0,0,0,0,0,38
1,2859,114.962133,-0.681255578994751,-8.52280645631254E-05,0,0,0,0,0,38
1,2860,115.006133,-0.695568859577179,-0.000367838714737445,0,0,0,0,0,38
1,2861,115.050133,-0.708388805389404,-0.000450355146313086,0,0,0,0,0,38
1,2862,115.094133,-0.720956563949585,-0.000612466596066952,0,0,0,0,0,38
1,2863,115.138133,-0.724389433860779,-0.000703922414686531,0,0,0,0,0,38
1,2864,115.182133,-0.716961264610291,-0.000572095275856555,0,0,0,0,0,38
1,2865,115.226133,-0.691418409347534,-7.85137817729265E-05,0,0,0,0,0,38
1,2866,115.270133,-0.693571209907532,-0.000170568702742457,0,0,0,0,0,38
1,2867,115.314133,-0.677880883216858,0.000117141833470669,0,0,0,0,0,38
1,2868,115.358133,-0.683505356311798,0.000111936904431786,0,0,0,0,0,38
1,2869,115.402133,-0.7101731300354,-0.000333364791003987,0,0,0,0,0,38
1,2870,115.446133,-0.715448498725891,-0.000280980922980234,0,0,0,0,0,38
1,2871,115.490133,-0.717368543148041,-0.000277759943855926,0,0,0,0,0,38
1,2872,115.534133,-0.72303181886673,-0.000305048859445378,0,0,0,0,0,38
1,2873,115.578133,-0.743221700191498,-0.000632411043625325,0,0,0,0,0,38
1,2874,115.622133,-0.731080591678619,-0.000411664368584752,0,0,0,0,0,38
1,2875,115.666133,-0.709630072116852,-7.2853705205489E-05,0,0,0,0,0,38
1,2876,115.710133,-0.702589750289917,5.29360149812419E-05,0,0,0,0,0,38
1,2877,115.754133,-0.709009408950806,3.24858483509161E-05,0,0,0,0,0,38
1,2878,115.798133,-0.72460275888443,-0.000164480719831772,0,0,0,0,0,38
1,2879,115.842133,-0.716515183448792,-6.90647648298182E-05,0,0,0,0,0,38
1,2880,115.886133,-0.733407974243164,-0.000350239977706224,0,0,0,0,0,38
1,2881,115.930133,-0.75449001789093,-0.000662232399918139,0,0,0,0,0,38
1,2882,115.974133,-0.714090824127197,2.88231808553974E-06,0,0,0,0,0,38
1,2883,116.018133,-0.71614670753479,4.33314016845543E-05,0,0,0,0,0,38
1,2884,116.062133,-0.728675663471222,-0.000122592304251157,0,0,0,0,0,38
1,2885,116.106133,-0.750843822956085,-0.000474220811156556,0,0,0,0,0,38
1,2886,116.150133,-0.753908216953278,-0.000517894746735692,0,0,0,0,0,38
1,2887,116.194133,-0.71948254108429,0.000109879052615725,0,0,0,0,0,38
1,2888,116.238133,-0.729354500770569,6.02550517214695E-06,0,0,0,0,0,38
1,2889,116.282133,-0.741805911064148,-0.000144127814564854,0,0,0,0,0,38
1,2890,116.326133,-0.740971922874451,-0.000155311790877022,0,0,0,0,0,38
1,2891,116.370133,-0.732438266277313,3.14394164888654E-05,0,0,0,0,0,38
1,2892,116.414133,-0.74754673242569,-0.000100115408713464,0,0,0,0,0,38
1,2893,116.458133,-0.771324634552002,-0.00044918034109287,0,0,0,0,0,38
1,2894,116.502133,-0.761898815631866,-0.000288632727460936,0,0,0,0,0,38
1,2895,116.546133,-0.748807370662689,-7.96808017184958E-05,0,0,0,0,0,38
1,2896,116.590133,-0.786840438842773,-0.000589841860346496,0,0,0,0,0,38
1,2897,116.634133,-0.798903942108154,-0.000850415148306638,0,0,0,0,0,38
1,2898,116.678133,-0.774039924144745,-0.000452914828201756,0,0,0,0,0,38
1,2899,116.722133,-0.786471903324127,-0.000601582112722099,0,0,0,0,0,38
1,2900,116.766133,-0.799543976783752,-0.000742753210943192,0,0,0,0,0,38
1,2901,116.810133,-0.777977049350739,-0.000455112720374018,0,0,0,0,0,38
1,2902,116.854133,-0.785172462463379,-0.000368959037587047,0,0,0,0,0,38
1,2903,116.898133,-0.794617712497711,-0.000510281883180141,0,0,0,0,0,38
1,2904,116.942133,-0.790312051773071,-0.0004216774541419,0,0,0,0,0,38
1,2905,116.986133,-0.791456341743469,-0.000399636250222102,0,0,0,0,0,38
1,2906,117.030133,-0.820199310779572,-0.000912547577172518,0,0,0,0,0,38
1,2907,117.074133,-0.767368137836456,5.5742557378835E-06,0,0,0,0,0,38
1,2908,117.118133,-0.795296490192413,-0.000370277790352702,0,0,0,0,0,38
1,2909,117.162133,-0.812169909477234,-0.000616757315583527,0,0,0,0,0,38
1,2910,117.206133,-0.792736411094666,-0.000274663441814482,0,0,0,0,0,38
1,2911,117.250133,-0.832398593425751,-0.00093612534692511,0,0,0,0,0,38
1,2912,117.294133,-0.777356386184692,-2.02909068320878E-05,0,0,0,0,0,38
1,2913,117.338133,-0.804373264312744,-0.000366500520613045,0,0,0,0,0,38
1,2914,117.382133,-0.824078261852264,-0.000691174645908177,0,0,0,0,0,38
1,2915,117.426133,-0.799214243888855,-0.00032030965667218,0,0,0,0,0,38
1,2916,117.470133,-0.81486576795578,-0.000406257167924196,0,0,0,0,0,38
1,2917,117.514133,-0.798263907432556,-0.00024681820650585,0,0,0,0,0,38
1,2918,117.558133,-0.802162230014801,-0.000206182419788092,0,0,0,0,0,38
1,2919,117.602133,-0.815602779388428,-0.00035746383946389,0,0,0,0,0,38
1,2920,117.646133,-0.837130904197693,-0.000653514754958451,0,0,0,0,0,38
1,2921,117.690133,-0.799640953540802,-0.000132453671540134,0,0,0,0,0,38
1,2922,117.734133,-0.843957841396332,-0.000808168842922896,0,0,0,0,0,38
1,2923,117.778133,-0.811258375644684,-0.000235595332924277,0,0,0,0,0,38
1,2924,117.822133,-0.814536094665527,-0.000247868534643203,0,0,0,0,0,38
1,2925,117.866133,-0.847856223583221,-0.000667141692247242,0,0,0,0,0,38
1,2926,117.910133,-0.808116436004639,-0.000117157862405293,0,0,0,0,0,38
1,2927,117.954133,-0.839070379734039,-0.000602157844696194,0,0,0,0,0,38
1,2928,117.998133,-0.824582517147064,-0.000263786758296192,0,0,0,0,0,38
1,2929,118.042133,-0.837092101573944,-0.000396162387914956,0,0,0,0,0,38
1,2930,118.086133,-0.870218276977539,-0.000939140154514462,0,0,0,0,0,38
1,2931,118.130133,-0.866766035556793,-0.000771730439737439,0,0,0,0,0,38
1,2932,118.174133,-0.824427366256714,-0.000144516816362739,0,0,0,0,0,38
1,2933,118.218133,-0.858697831630707,-0.000608879898209125,0,0,0,0,0,38
1,2934,118.262133,-0.871614694595337,-0.000815392762888223,0,0,0,0,0,38
1,2935,118.306133,-0.864807188510895,-0.000617792073171586,0,0,0,0,0,38
1,2936,118.350133,-0.828500270843506,-6.94421032676473E-05,0,0,0,0,0,38
1,2937,118.394133,-0.867153942584991,-0.000718599709216505,0,0,0,0,0,38
1,2938,118.438133,-0.852161824703217,-0.000362618215149269,0,0,0,0,0,38
1,2939,118.482133,-0.881913304328918,-0.000818652624730021,0,0,0,0,0,38
1,2940,118.526133,-0.889360904693604,-0.000940396683290601,0,0,0,0,0,38
1,2941,118.570133,-0.87341845035553,-0.000554072554223239,0,0,0,0,0,38
1,2942,118.614133,-0.84880656003952,-0.000245098810410127,0,0,0,0,0,38
1,2943,118.658133,-0.877064645290375,-0.000589869101531804,0,0,0,0,0,38
1,2944,118.702133,-0.895993888378143,-0.000901772058568895,0,0,0,0,0,38
1,2945,118.746133,-0.868065476417542,-0.000369017390767112,0,0,0,0,0,38
1,2946,118.790133,-0.852472126483917,-0.000131804030388594,0,0,0,0,0,38
1,2947,118.834133,-0.883833408355713,-0.000671638641506433,0,0,0,0,0,38
1,2948,118.878133,-0.880303561687469,-0.00048314465675503,0,0,0,0,0,38
1,2949,118.922133,-0.892735540866852,-0.000736077839974314,0,0,0,0,0,38
1,2950,118.966133,-0.91754138469696,-0.0010186379076913,0,0,0,0,0,38
1,2951,119.010133,-0.905574858188629,-0.000756228459067643,0,0,0,0,0,38
1,2952,119.054133,-0.873243868350983,-0.000285438960418105,0,0,0,0,0,38
1,2953,119.098133,-0.905768811702728,-0.000813568301964551,0,0,0,0,0,38
1,2954,119.142133,-0.887789905071259,-0.000420903321355581,0,0,0,0,0,38
1,2955,119.186133,-0.874271810054779,-0.00018494256073609,0,0,0,0,0,38
1,2956,119.230133,-0.87432998418808,-0.000164321230840869,0,0,0,0,0,38
1,2957,119.274133,-0.896168410778046,-0.000549400574527681,0,0,0,0,0,38
1,2958,119.318133,-0.902898371219635,-0.000541437533684075,0,0,0,0,0,38
1,2959,119.362133,-0.899795234203339,-0.000550804892554879,0,0,0,0,0,38
1,2960,119.406133,-0.895702958106995,-0.000483210780657828,0,0,0,0,0,38
1,2961,119.450133,-0.897972166538239,-0.000471602776087821,0,0,0,0,0,38
1,2962,119.494133,-0.931990444660187,-0.000943792751058936,0,0,0,0,0,38
1,2963,119.538133,-0.906525194644928,-0.000456836016383022,0,0,0,0,0,38
1,2964,119.582133,-0.91191691160202,-0.000589837960433215,0,0,0,0,0,38
1,2965,119.626133,-0.889671206474304,-0.000152709326357581,0,0,0,0,0,38
1,2966,119.670133,-0.916047990322113,-0.000474808213766664,0,0,0,0,0,38
1,2967,119.714133,-0.907494962215424,-0.000388697313610464,0,0,0,0,0,38
1,2968,119.758133,-0.945314645767212,-0.000919110141694546,0,0,0,0,0,38
1,2969,119.802133,-0.929333388805389,-0.000600551255047321,0,0,0,0,0,38
1,2970,119.846133,-0.934162676334381,-0.000625817338004708,0,0,0,0,0,38
1,2971,119.890133,-0.942890286445618,-0.000740426941774786,0,0,0,0,0,38
1,2972,119.934133,-0.923030138015747,-0.000441512995166704,0,0,0,0,0,38
1,2973,119.978133,-0.92731636762619,-0.000518089276738465,0,0,0,0,0,38
1,2974,120.022133,-0.956001102924347,-0.000972003617789596,0,0,0,0,0,38
1,2975,120.066133,-0.936742186546326,-0.000669285131152719,0,0,0,0,0,38
1,2976,120.110133,-0.923127114772797,-0.000389448105124757,0,0,0,0,0,38
1,2977,120.154133,-0.955283522605896,-0.000860327098052949,0,0,0,0,0,38
1,2978,120.198133,-0.963700830936432,-0.00090606277808547,0,0,0,0,0,38
1,2979,120.242133,-0.975007951259613,-0.00103402708191425,0,0,0,0,0,38
1,2980,120.286133,-0.976772844791412,-0.00112210249062628,0,0,0,0,0,38
1,2981,120.330133,-0.944150984287262,-0.000578988518100232,0,0,0,0,0,38
1,2982,120.374133,-0.974464893341064,-0.000994842266663909,0,0,0,0,0,38
1,2983,120.418133,-0.97558981180191,-0.000922599574550986,0,0,0,0,0,38
1,2984,120.462133,-0.985151410102844,-0.00102665927261114,0,0,0,0,0,38
1,2985,120.506133,-0.99614816904068,-0.00123344047460705,0,0,0,0,0,38
1,2986,120.550133,-0.957048416137695,-0.000627910194452852,0,0,0,0,0,38
1,2987,120.594133,-0.978983879089355,-0.000926431268453598,0,0,0,0,0,38
1,2988,120.638133,-0.987284779548645,-0.000955692492425442,0,0,0,0,0,38
1,2989,120.682133,-1.00229632854462,-0.00118171016220003,0,0,0,0,0,38
1,2990,120.726133,-0.965931236743927,-0.000661960104480386,0,0,0,0,0,38
1,2991,120.770133,-0.992657124996185,-0.000912695424631238,0,0,0,0,0,38
1,2992,120.814133,-0.966842770576477,-0.000527802796568722,0,0,0,0,0,38
1,2993,120.858133,-0.977199554443359,-0.000714915804564953,0,0,0,0,0,38
1,2994,120.902133,-0.957746624946594,-0.000359054887667298,0,0,0,0,0,38
1,2995,120.946133,-0.987284779548645,-0.000689081731252372,0,0,0,0,0,38
1,2996,120.990133,-1.00462365150452,-0.000963783881161362,0,0,0,0,0,38
1,2997,121.034133,-0.997486412525177,-0.000824234914034605,0,0,0,0,0,38
1,2998,121.078133,-0.992482602596283,-0.000711068511009216,0,0,0,0,0,38
1,2999,121.122133,-1.0155622959137,-0.00114736461546272,0,0,0,0,0,38
1,3000,121.166133,-0.969538629055023,-0.000331174669554457,0,0,0,0,0,38
2,3001,121.210133,-0.975900113582611,-0.000444434437667951,0,0,0,0,0,38
2,3002,121.254133,-0.9836385846138,-0.000639479316305369,0,0,0,0,0,38
2,3003,121.298133,-0.990834057331085,-0.000808305048849434,0,0,0,0,0,38
2,3004,121.342133,-0.980865180492401,-0.000558760075364262,0,0,0,0,0,38
2,3005,121.386133,-1.01959645748138,-0.00127416581381112,0,0,0,0,0,38
2,3006,121.430133,-0.999503493309021,-0.0010149150621146,0,0,0,0,0,38
2,3007,121.474133,-1.00029861927032,-0.00103042484261096,0,0,0,0,0,38
2,3008,121.518133,-1.00022113323212,-0.00100330321583897,0,0,0,0,0,38
2,3009,121.562133,-1.0090457201004,-0.00123990967404097,0,0,0,0,0,38
2,3010,121.606133,-0.979856610298157,-0.000867714348714799,0,0,0,0,0,38
2,3011,121.650133,-0.954449534416199,-0.00041247351327911,0,0,0,0,0,38
2,3012,121.694133,-0.978305041790009,-0.000865567068103701,0,0,0,0,0,38
2,3013,121.738133,-0.983328282833099,-0.000982028315775096,0,0,0,0,0,38
2,3014,121.782133,-0.941571474075317,-0.000363785249646753,0,0,0,0,0,38
2,3015,121.826133,-0.940252602100372,-0.000295712670776993,0,0,0,0,0,38
2,3016,121.870133,-0.966842770576477,-0.000726547150406986,0,0,0,0,0,38
2,3017,121.914133,-0.944732785224915,-0.000447106926003471,0,0,0,0,0,38
2,3018,121.958133,-0.943278193473816,-0.000517330714501441,0,0,0,0,0,38
2,3019,122.002133,-0.929837644100189,-0.000250443787081167,0,0,0,0,0,38
2,3020,122.046133,-0.957669079303741,-0.000674618408083916,0,0,0,0,0,38
2,3021,122.090133,-0.934550583362579,-0.000403047830332071,0,0,0,0,0,38
2,3022,122.134133,-0.958406090736389,-0.000868733564857394,0,0,0,0,0,38
2,3023,122.178133,-0.963875412940979,-0.00100242788903415,0,0,0,0,0,38
2,3024,122.222133,-0.916144967079163,-0.000260414060903713,0,0,0,0,0,38
2,3025,122.266133,-0.915543735027313,-0.000243966787820682,0,0,0,0,0,38
2,3026,122.310133,-0.937731325626373,-0.000671479152515531,0,0,0,0,0,38
2,3027,122.354133,-0.955012023448944,-0.00090231274953112,0,0,0,0,0,38
2,3028,122.398133,-0.946905016899109,-0.000751630403101444,0,0,0,0,0,38
2,3029,122.442133,-0.948553562164307,-0.000965437153354287,0,0,0,0,0,38
2,3030,122.486133,-0.929527342319489,-0.000696838600561023,0,0,0,0,0,38
2,3031,122.530133,-0.948068678379059,-0.000938202661927789,0,0,0,0,0,38
2,3032,122.574133,-0.91201388835907,-0.000398671487346292,0,0,0,0,0,38
2,3033,122.618133,-0.900183141231537,-0.00031006708741188,0,0,0,0,0,38
2,3034,122.662133,-0.896052062511444,-0.000201965565793216,0,0,0,0,0,38
2,3035,122.706133,-0.901191651821136,-0.000302349159028381,0,0,0,0,0,38
2,3036,122.750133,-0.928538203239441,-0.00083757791435346,0,0,0,0,0,38
2,3037,122.794133,-0.922079741954803,-0.000674972427077591,0,0,0,0,0,38
2,3038,122.838133,-0.898321270942688,-0.000327626912621781,0,0,0,0,0,38
2,3039,122.882133,-0.900997698307037,-0.00038463607779704,0,0,0,0,0,38
2,3040,122.926133,-0.892250716686249,-0.000320710358209908,0,0,0,0,0,38
2,3041,122.970133,-0.916241943836212,-0.000826432835310698,0,0,0,0,0,38
2,3042,123.014133,-0.925396263599396,-0.000930189096834511,0,0,0,0,0,38
2,3043,123.058133,-0.919558465480804,-0.000798517547082156,0,0,0,0,0,38
2,3044,123.102133,-0.918084442615509,-0.000792795268353075,0,0,0,0,0,38
2,3045,123.146133,-0.876637935638428,-0.000258383428445086,0,0,0,0,0,38
2,3046,123.190133,-0.914224922657013,-0.000859086168929935,0,0,0,0,0,38
2,3047,123.234133,-0.874407589435577,-0.000296930258627981,0,0,0,0,0,38
2,3048,123.278133,-0.912130296230316,-0.000983051490038633,0,0,0,0,0,38
2,3049,123.322133,-0.857456564903259,-0.000110182947537396,0,0,0,0,0,38
2,3050,123.366133,-0.911723017692566,-0.000997833791188896,0,0,0,0,0,38
2,3051,123.410133,-0.873476624488831,-0.000386530562536791,0,0,0,0,0,38
2,3052,123.454133,-0.906389474868774,-0.000963997794315219,0,0,0,0,0,38
2,3053,123.498133,-0.886955916881561,-0.000588690396398306,0,0,0,0,0,38
2,3054,123.542133,-0.884628593921661,-0.000601940031629056,0,0,0,0,0,38
2,3055,123.586133,-0.861064016819,-0.000306313158944249,0,0,0,0,0,38
2,3056,123.630133,-0.892851948738098,-0.00085505994502455,0,0,0,0,0,38
2,3057,123.674133,-0.849873244762421,-0.000244464725255966,0,0,0,0,0,38
2,3058,123.718133,-0.882359385490417,-0.000859128951560706,0,0,0,0,0,38
2,3059,123.762133,-0.901152849197388,-0.0011175744002685,0,0,0,0,0,38
2,3060,123.806133,-0.853752195835114,-0.000348092638887465,0,0,0,0,0,38
2,3061,123.850133,-0.883251547813416,-0.000847275892738253,0,0,0,0,0,38
2,3062,123.894133,-0.836762428283691,-0.000191863015061244,0,0,0,0,0,38
2,3063,123.938133,-0.878441631793976,-0.000944940315093845,0,0,0,0,0,38
2,3064,123.982133,-0.889089345932007,-0.00103952374774963,0,0,0,0,0,38
2,3065,124.026133,-0.836568474769592,-0.000301178253721446,0,0,0,0,0,38
2,3066,124.070133,-0.856777787208557,-0.000576261547394097,0,0,0,0,0,38
2,3067,124.114133,-0.824194669723511,-0.000219482608372346,0,0,0,0,0,38
2,3068,124.158133,-0.882204234600067,-0.00111664074938744,0,0,0,0,0,38
2,3069,124.202133,-0.852957010269165,-0.000568290764931589,0,0,0,0,0,38
2,3070,124.246133,-0.861936748027802,-0.000875265046488494,0,0,0,0,0,38
2,3071,124.290133,-0.837615787982941,-0.000539908767677844,0,0,0,0,0,38
2,3072,124.334133,-0.830963373184204,-0.000354211748344824,0,0,0,0,0,38
2,3073,124.378133,-0.817037999629974,-0.000315622106427327,0,0,0,0,0,38
2,3074,124.422133,-0.865912675857544,-0.00102454691659659,0,0,0,0,0,38
2,3075,124.466133,-0.814264535903931,-0.000246896030148491,0,0,0,0,0,38
2,3076,124.510133,-0.829373002052307,-0.000467424833914265,0,0,0,0,0,38
2,3077,124.554133,-0.85594379901886,-0.00098883209284395,0,0,0,0,0,38
2,3078,124.598133,-0.834939301013947,-0.000567431095987558,0,0,0,0,0,38
2,3079,124.642133,-0.800300359725952,-0.000223010909394361,0,0,0,0,0,38
2,3080,124.686133,-0.840350449085236,-0.000802038121037185,0,0,0,0,0,38
2,3081,124.730133,-0.83862429857254,-0.000833800644613802,0,0,0,0,0,38
2,3082,124.774133,-0.78893506526947,-7.73506471887231E-05,0,0,0,0,0,38
2,3083,124.818133,-0.839147984981537,-0.000962609075941145,0,0,0,0,0,38
2,3084,124.862133,-0.805692076683044,-0.000337320991093293,0,0,0,0,0,38
2,3085,124.906133,-0.824485540390015,-0.000683487800415605,0,0,0,0,0,38
2,3086,124.950133,-0.829954862594604,-0.000813443795777857,0,0,0,0,0,38
2,3087,124.994133,-0.796343803405762,-0.000443547498434782,0,0,0,0,0,38
2,3088,125.038133,-0.839070379734039,-0.00102089811116457,0,0,0,0,0,38
2,3089,125.082133,-0.776503026485443,-0.000151542306412011,0,0,0,0,0,38
2,3090,125.126133,-0.784280300140381,-0.000245915725827217,0,0,0,0,0,38
2,3091,125.170133,-0.779431641101837,-0.000203704432351515,0,0,0,0,0,38
2,3092,125.214133,-0.826774120330811,-0.000943392049521208,0,0,0,0,0,38
2,3093,125.258133,-0.822856426239014,-0.000895345641765743,0,0,0,0,0,38
2,3094,125.302133,-0.782709360122681,-0.000441147305537015,0,0,0,0,0,38
2,3095,125.346133,-0.779780745506287,-0.000406105449656025,0,0,0,0,0,38
2,3096,125.390133,-0.77708488702774,-0.000398881558794528,0,0,0,0,0,38
2,3097,125.434133,-0.758078038692474,-4.76343011541758E-05,0,0,0,0,0,38
2,3098,125.478133,-0.816242814064026,-0.00103205093182623,0,0,0,0,0,38
2,3099,125.522133,-0.759493887424469,-0.000213806968531571,0,0,0,0,0,38
2,3100,125.566133,-0.767756044864655,-0.000374879746232182,0,0,0,0,0,38
2,3101,125.610133,-0.754955530166626,-0.000179873779416084,0,0,0,0,0,38
2,3102,125.654133,-0.764342546463013,-0.000255259714322165,0,0,0,0,0,38
2,3103,125.698133,-0.802239835262299,-0.000993896974250674,0,0,0,0,0,38
2,3104,125.742133,-0.750630497932434,-0.000239174201851711,0,0,0,0,0,38
2,3105,125.786133,-0.764342546463013,-0.00048644733033143,0,0,0,0,0,38
2,3106,125.830133,-0.745743036270142,-0.000223928975174204,0,0,0,0,0,38
2,3107,125.874133,-0.760638177394867,-0.000339682272169739,0,0,0,0,0,38
2,3108,125.918133,-0.775746643543243,-0.000784696079790592,0,0,0,0,0,38
2,3109,125.962133,-0.74754673242569,-0.00036611151881516,0,0,0,0,0,38
2,3110,126.006133,-0.767038404941559,-0.000686522107571363,0,0,0,0,0,38
2,3111,126.050133,-0.778655827045441,-0.000874498684424907,0,0,0,0,0,38
2,3112,126.094133,-0.737422704696655,-0.000335796095896512,0,0,0,0,0,38
2,3113,126.138133,-0.746130883693695,-0.000312817370286211,0,0,0,0,0,38
2,3114,126.182133,-0.749912858009338,-0.000425073492806405,0,0,0,0,0,38
2,3115,126.226133,-0.73494017124176,-0.000254816230153665,0,0,0,0,0,38
2,3116,126.270133,-0.722333610057831,-9.65093058766797E-05,0,0,0,0,0,38
2,3117,126.314133,-0.756080389022827,-0.000585807836614549,0,0,0,0,0,38
2,3118,126.358133,-0.721596598625183,-0.000277732702670619,0,0,0,0,0,38
2,3119,126.402133,-0.72450578212738,-0.000323841872159392,0,0,0,0,0,38
2,3120,126.446133,-0.75373363494873,-0.000753758300561458,0,0,0,0,0,38
2,3121,126.490133,-0.751755356788635,-0.000674661190714687,0,0,0,0,0,38
2,3122,126.534133,-0.742174386978149,-0.000718658033292741,0,0,0,0,0,38
2,3123,126.578133,-0.697547137737274,-1.07679834400187E-05,0,0,0,0,0,38
2,3124,126.622133,-0.71630185842514,-0.00035278795985505,0,0,0,0,0,38
2,3125,126.666133,-0.738276064395905,-0.00061758590163663,0,0,0,0,0,38
2,3126,126.710133,-0.734571635723114,-0.000559709267690778,0,0,0,0,0,38
2,3127,126.754133,-0.754664599895477,-0.000990108004771173,0,0,0,0,0,38
2,3128,126.798133,-0.716534554958344,-0.000510877056512982,0,0,0,0,0,38
2,3129,126.842133,-0.729199349880219,-0.000695247552357614,0,0,0,0,0,38
2,3130,126.886133,-0.729548454284668,-0.00064790912438184,0,0,0,0,0,38
2,3131,126.930133,-0.739808261394501,-0.000862470536958426,0,0,0,0,0,38
2,3132,126.974133,-0.729335069656372,-0.000820006418507546,0,0,0,0,0,38
2,3133,127.018133,-0.69841992855072,-0.000387880398193374,0,0,0,0,0,38
2,3134,127.062133,-0.722023248672485,-0.000727869803085923,0,0,0,0,0,38
2,3135,127.106133,-0.705343842506409,-0.000408066058298573,0,0,0,0,0,38
2,3136,127.150133,-0.690952956676483,-0.000212235376238823,0,0,0,0,0,38
2,3137,127.194133,-0.710056722164154,-0.000499148445669562,0,0,0,0,0,38
2,3138,127.238133,-0.716941833496094,-0.000770839629694819,0,0,0,0,0,38
2,3139,127.282133,-0.689013481140137,-0.000293577031698078,0,0,0,0,0,38
2,3140,127.326133,-0.687966167926788,-0.000423836434492841,0,0,0,0,0,38
2,3141,127.370133,-0.708117246627808,-0.000771936611272395,0,0,0,0,0,38
2,3142,127.414133,-0.662985742092133,-0.000139183510327712,0,0,0,0,0,38
2,3143,127.458133,-0.662345767021179,-7.07880753907375E-05,0,0,0,0,0,38
2,3144,127.502133,-0.673245549201965,-0.000320815364830196,0,0,0,0,0,38
2,3145,127.546133,-0.699273288249969,-0.000658101111184806,0,0,0,0,0,38
2,3146,127.590133,-0.696170151233673,-0.000599341408815235,0,0,0,0,0,38
2,3147,127.634133,-0.709261536598206,-0.000884220004081726,0,0,0,0,0,38
2,3148,127.678133,-0.692329943180084,-0.000623032043222338,0,0,0,0,0,38
2,3149,127.722133,-0.653036296367645,-0.000119861470011529,0,0,0,0,0,38
2,3150,127.766133,-0.69254332780838,-0.000770956336054951,0,0,0,0,0,38
2,3151,127.810133,-0.694172441959381,-0.000861957028973848,0,0,0,0,0,38
2,3152,127.854133,-0.684630274772644,-0.000776709755882621,0,0,0,0,0,38
2,3153,127.898133,-0.686181843280792,-0.000738085131160915,0,0,0,0,0,38
2,3154,127.942133,-0.64543354511261,-0.000127777791931294,0,0,0,0,0,38
2,3155,127.986133,-0.674292862415314,-0.000677578791510314,0,0,0,0,0,38
2,3156,128.030133,-0.642504930496216,-0.000276756298262626,0,0,0,0,0,38
2,3157,128.074133,-0.647431194782257,-0.000381632940843701,0,0,0,0,0,38
2,3158,128.118133,-0.674797117710114,-0.000747860933188349,0,0,0,0,0,38
2,3159,128.162133,-0.631585717201233,-8.45200702315196E-05,0,0,0,0,0,38
2,3160,128.206133,-0.664420962333679,-0.000682106823660433,0,0,0,0,0,38
2,3161,128.250133,-0.678676068782806,-0.000906303990632296,0,0,0,0,0,38
2,3162,128.294133,-0.674486815929413,-0.000834889826364815,0,0,0,0,0,38
2,3163,128.338133,-0.647023916244507,-0.000395870651118457,0,0,0,0,0,38
2,3164,128.382133,-0.631973624229431,-0.000325744127621874,0,0,0,0,0,38
2,3165,128.426133,-0.62689220905304,-0.000163255346706137,0,0,0,0,0,38
2,3166,128.470133,-0.603172481060028,0.000123552687000483,0,0,0,0,0,38
2,3167,128.514133,-0.599603831768036,0.000111909677798394,0,0,0,0,0,38
2,3168,128.558133,-0.6511549949646,-0.000719323288649321,0,0,0,0,0,38
2,3169,128.602133,-0.610639452934265,-8.39754575281404E-05,0,0,0,0,0,38
2,3170,128.646133,-0.649157345294952,-0.000751805433537811,0,0,0,0,0,38
2,3171,128.690133,-0.653715074062347,-0.000775873370002955,0,0,0,0,0,38
2,3172,128.734133,-0.641050338745117,-0.000583676039241254,0,0,0,0,0,38
2,3173,128.778133,-0.597295880317688,-4.76848726975732E-05,0,0,0,0,0,38
2,3174,128.822133,-0.62066650390625,-0.000360315287252888,0,0,0,0,0,38
2,3175,128.866133,-0.614673554897308,-0.000435366644524038,0,0,0,0,0,38
2,3176,128.910133,-0.609107255935669,-0.00040560364141129,0,0,0,0,0,38
2,3177,128.954133,-0.636298656463623,-0.000796440290287137,0,0,0,0,0,38
2,3178,128.998133,-0.595977008342743,-0.00012459181016311,0,0,0,0,0,38
2,3179,129.042133,-0.622780501842499,-0.000581528758630157,0,0,0,0,0,38
2,3180,129.086133,-0.575961649417877,5.27026095369365E-05,0,0,0,0,0,38
2,3181,129.130133,-0.570472955703735,0.000113516281999182,0,0,0,0,0,38
2,3182,129.174133,-0.568300783634186,8.70325966388918E-05,0,0,0,0,0,38
2,3183,129.218133,-0.610697627067566,-0.000502058246638626,0,0,0,0,0,38
2,3184,129.262133,-0.610523045063019,-0.000616208824794739,0,0,0,0,0,38
2,3185,129.306133,-0.566497027873993,8.01782662165351E-05,0,0,0,0,0,38
2,3186,129.350133,-0.565837621688843,-4.24138088419568E-05,0,0,0,0,0,38
2,3187,129.394133,-0.615720868110657,-0.000752486230339855,0,0,0,0,0,38
2,3188,129.438133,-0.580267310142517,-0.000305749097606167,0,0,0,0,0,38
2,3189,129.482133,-0.578133881092072,-0.000195655855350196,0,0,0,0,0,38
2,3190,129.526133,-0.605364084243774,-0.000753548229113221,0,0,0,0,0,38
2,3191,129.570133,-0.609281778335571,-0.000722804863471538,0,0,0,0,0,38
2,3192,129.614133,-0.556605756282806,2.53631078521721E-05,0,0,0,0,0,38
2,3193,129.658133,-0.580170333385468,-0.000345151725923643,0,0,0,0,0,38
2,3194,129.702133,-0.561570823192596,-0.0002054316282738,0,0,0,0,0,38
2,3195,129.746133,-0.575612545013428,-0.000309899798594415,0,0,0,0,0,38
2,3196,129.790133,-0.53693950176239,9.27276778384112E-05,0,0,0,0,0,38
2,3197,129.834133,-0.586822688579559,-0.000581983884330839,0,0,0,0,0,38
2,3198,129.878133,-0.577784776687622,-0.000565326539799571,0,0,0,0,0,38
2,3199,129.922133,-0.567718923091888,-0.000459621311165392,0,0,0,0,0,38
2,3200,129.966133,-0.545977413654327,-3.86482097383123E-05,0,0,0,0,0,38
2,3201,130.010133,-0.516982316970825,0.000257336534559727,0,0,0,0,0,38
2,3202,130.054133,-0.579898774623871,-0.00068012677365914,0,0,0,0,0,38
2,3203,130.098133,-0.56799042224884,-0.000562078319489956,0,0,0,0,0,38
2,3204,130.142133,-0.550263702869415,-0.000361128302756697,0,0,0,0,0,38
2,3205,130.186133,-0.53835529088974,-6.82556274114177E-05,0,0,0,0,0,38
2,3206,130.230133,-0.509651124477386,0.000211666963878088,0,0,0,0,0,38
2,3207,130.274133,-0.560271322727203,-0.000493667321279645,0,0,0,0,0,38
2,3208,130.318133,-0.559592545032501,-0.000578373903408647,0,0,0,0,0,38
2,3209,130.362133,-0.546714425086975,-0.000465775432530791,0,0,0,0,0,38
2,3210,130.406133,-0.514014959335327,0.000117834271804895,0,0,0,0,0,38
2,3211,130.450133,-0.559941649436951,-0.000742080272175372,0,0,0,0,0,38
2,3212,130.494133,-0.512153029441834,-1.11803319668979E-05,0,0,0,0,0,38
2,3213,130.538133,-0.51308399438858,-4.11339715356007E-05,0,0,0,0,0,38
2,3214,130.582133,-0.534786701202393,-0.000319251557812095,0,0,0,0,0,38
2,3215,130.626133,-0.538083791732788,-0.000564031128305942,0,0,0,0,0,38
2,3216,130.670133,-0.526989996433258,-0.000225994604988955,0,0,0,0,0,38
2,3217,130.714133,-0.541788160800934,-0.000555741367861629,0,0,0,0,0,38
2,3218,130.758133,-0.53612494468689,-0.000501844275277108,0,0,0,0,0,38
2,3219,130.802133,-0.527397334575653,-0.000492698687594384,0,0,0,0,0,38
2,3220,130.846133,-0.501195073127747,1.89444708666997E-05,0,0,0,0,0,38
2,3221,130.890133,-0.520550966262817,-0.000481681985547766,0,0,0,0,0,38
2,3222,130.934133,-0.489616394042969,3.42402781825513E-05,0,0,0,0,0,38
2,3223,130.978133,-0.50041925907135,-0.000185175958904438,0,0,0,0,0,38
2,3224,131.022133,-0.48831695318222,-5.30843062733766E-05,0,0,0,0,0,38
2,3225,131.066133,-0.522626221179962,-0.000457602378446609,0,0,0,0,0,38
2,3226,131.110133,-0.492874711751938,-0.000217977139982395,0,0,0,0,0,38
2,3227,131.154133,-0.479705691337585,5.34339451405685E-05,0,0,0,0,0,38
2,3228,131.198133,-0.479298412799835,1.7905818822328E-05,0,0,0,0,0,38
2,3229,131.242133,-0.476292222738266,6.83718681102619E-05,0,0,0,0,0,38
2,3230,131.286133,-0.516031980514526,-0.000535326253157109,0,0,0,0,0,38
2,3231,131.330133,-0.495240867137909,-0.00040527296368964,0,0,0,0,0,38
2,3232,131.374133,-0.477106809616089,-4.28533894591965E-05,0,0,0,0,0,38
2,3233,131.418133,-0.47299513220787,-8.61655717017129E-05,0,0,0,0,0,38
2,3234,131.462133,-0.456819921731949,0.000152510474435985,0,0,0,0,0,38
2,3235,131.506133,-0.50604373216629,-0.000542297260835767,0,0,0,0,0,38
2,3236,131.550133,-0.491187363862991,-0.000498778885230422,0,0,0,0,0,38
2,3237,131.594133,-0.492254078388214,-0.000497716886457056,0,0,0,0,0,38
2,3238,131.638133,-0.4845931828022,-0.000335290387738496,0,0,0,0,0,38
2,3239,131.682133,-0.486416280269623,-0.000361762387910858,0,0,0,0,0,38
2,3240,131.726133,-0.484612554311752,-0.000540795677807182,0,0,0,0,0,38
2,3241,131.770133,-0.44370910525322,9.85627993941307E-05,0,0,0,0,0,38
2,3242,131.814133,-0.466556072235107,-0.000287749659037218,0,0,0,0,0,38
2,3243,131.858133,-0.483390688896179,-0.000533412327058613,0,0,0,0,0,38
2,3244,131.902133,-0.488064825534821,-0.000663294398691505,0,0,0,0,0,38
2,3245,131.946133,-0.443592727184296,8.47841292852536E-05,0,0,0,0,0,38
2,3246,131.990133,-0.460407942533493,-0.000194846710655838,0,0,0,0,0,38
2,3247,132.034133,-0.442972093820572,-1.95128905033926E-05,0,0,0,0,0,38
2,3248,132.078133,-0.453522831201553,-0.00028623643447645,0,0,0,0,0,38
2,3249,132.122133,-0.46184316277504,-0.000474034080980346,0,0,0,0,0,38
2,3250,132.166133,-0.41527646780014,0.000261518376646563,0,0,0,0,0,38
2,3251,132.210133,-0.44064474105835,-6.49918511044234E-05,0,0,0,0,0,38
2,3252,132.254133,-0.431587398052216,-6.44238971290179E-05,0,0,0,0,0,38
2,3253,132.298133,-0.4397913813591,-0.000237182481214404,0,0,0,0,0,38
2,3254,132.342133,-0.421928852796555,-2.48889846261591E-05,0,0,0,0,0,38
2,3255,132.386133,-0.407402187585831,0.000263580121099949,0,0,0,0,0,38
2,3256,132.430133,-0.416110426187515,9.93019129964523E-05,0,0,0,0,0,38
2,3257,132.474133,-0.430229783058167,-0.000215829815715551,0,0,0,0,0,38
2,3258,132.518133,-0.44948872923851,-0.000524815230164677,0,0,0,0,0,38
2,3259,132.562133,-0.436882168054581,-0.000416550319641829,0,0,0,0,0,38
2,3260,132.606133,-0.410039871931076,-3.81424979423173E-05,0,0,0,0,0,38
2,3261,132.650133,-0.429861277341843,-0.000355079217115417,0,0,0,0,0,38
2,3262,132.694133,-0.425807774066925,-0.000203957286430523,0,0,0,0,0,38
2,3263,132.738133,-0.403348714113235,1.49571360452683E-05,0,0,0,0,0,38
2,3264,132.782133,-0.397588461637497,3.23146850860212E-05,0,0,0,0,0,38
2,3265,132.826133,-0.3957459628582,0.000159279210492969,0,0,0,0,0,38
2,3266,132.870133,-0.391828238964081,0.000130698768771254,0,0,0,0,0,38
2,3267,132.914133,-0.428620010614395,-0.000470595230581239,0,0,0,0,0,38
2,3268,132.958133,-0.415179491043091,-0.000223524402827024,0,0,0,0,0,38
2,3269,133.002133,-0.406510055065155,-0.000101749246823601,0,0,0,0,0,38
2,3270,133.046133,-0.42803817987442,-0.000623012601863593,0,0,0,0,0,38
2,3271,133.090133,-0.418883860111237,-0.000394205679185689,0,0,0,0,0,38
2,3272,133.134133,-0.390703350305557,-8.57026534504257E-05,0,0,0,0,0,38
2,3273,133.178133,-0.420202702283859,-0.000532159698195755,0,0,0,0,0,38
2,3274,133.222133,-0.427107244729996,-0.000689357926603407,0,0,0,0,0,38
2,3275,133.266133,-0.41669225692749,-0.000592887809034437,0,0,0,0,0,38
2,3276,133.310133,-0.402689278125763,-0.000300509156659245,0,0,0,0,0,38
2,3277,133.354133,-0.387231707572937,-0.000197495857719332,0,0,0,0,0,38
2,3278,133.398133,-0.404008120298386,-0.000493111030664295,0,0,0,0,0,38
2,3279,133.442133,-0.403290510177612,-0.000536240404471755,0,0,0,0,0,38
2,3280,133.486133,-0.395047754049301,-0.000441583018982783,0,0,0,0,0,38
2,3281,133.530133,-0.398752152919769,-0.000419907475588843,0,0,0,0,0,38
2,3282,133.574133,-0.367565453052521,-4.84589982079342E-05,0,0,0,0,0,38
2,3283,133.618133,-0.367138773202896,-0.000106549603515305,0,0,0,0,0,38
2,3284,133.662133,-0.392002791166306,-0.000530455843545496,0,0,0,0,0,38
2,3285,133.706133,-0.39805394411087,-0.000592498749028891,0,0,0,0,0,38
2,3286,133.750133,-0.361339747905731,-7.31569002709875E-07,0,0,0,0,0,38
2,3287,133.794133,-0.383798837661743,-0.000410567387007177,0,0,0,0,0,38
2,3288,133.838133,-0.342255353927612,0.00020243191102054,0,0,0,0,0,38
2,3289,133.882133,-0.333333790302277,0.000231661993893795,0,0,0,0,0,38
2,3290,133.926133,-0.345552444458008,5.44977274330449E-06,0,0,0,0,0,38
2,3291,133.970133,-0.372394740581512,-0.000330976268742234,0,0,0,0,0,38
2,3292,134.014133,-0.357208669185638,-0.000224275194341317,0,0,0,0,0,38
2,3293,134.058133,-0.365548402070999,-0.000268151430645958,0,0,0,0,0,38
2,3294,134.102133,-0.32807782292366,0.00024268648121506,0,0,0,0,0,38
2,3295,134.146133,-0.327922642230988,0.000135378548293374,0,0,0,0,0,38
2,3296,134.190133,-0.361863404512405,-0.000399834621930495,0,0,0,0,0,38
2,3297,134.234133,-0.333353161811829,-1.60683771355252E-06,0,0,0,0,0,38
2,3298,134.278133,-0.366983622312546,-0.000492251361720264,0,0,0,0,0,38
2,3299,134.322133,-0.365121722221375,-0.000447904400061816,0,0,0,0,0,38
2,3300,134.366133,-0.321793913841248,0.000148993829498068,0,0,0,0,0,38
2,3301,134.410133,-0.352650910615921,-0.00036986154736951,0,0,0,0,0,38
2,3302,134.454133,-0.336883008480072,-0.00023141349083744,0,0,0,0,0,38
2,3303,134.498133,-0.358430534601212,-0.000507321499753743,0,0,0,0,0,38
2,3304,134.542133,-0.342022597789764,-0.000236357780522667,0,0,0,0,0,38
2,3305,134.586133,-0.306200563907623,0.000158890208695084,0,0,0,0,0,38
2,3306,134.630133,-0.330288797616959,-0.000162220589118078,0,0,0,0,0,38
2,3307,134.674133,-0.341421365737915,-0.000393968395655975,0,0,0,0,0,38
2,3308,134.718133,-0.332014948129654,-0.000219700450543314,0,0,0,0,0,38
2,3309,134.762133,-0.288822919130325,0.000294105615466833,0,0,0,0,0,38
2,3310,134.806133,-0.339404314756393,-0.000500704511068761,0,0,0,0,0,38
2,3311,134.850133,-0.310467422008514,-0.000118048694275785,0,0,0,0,0,38
2,3312,134.894133,-0.297472953796387,9.72401685430668E-05,0,0,0,0,0,38
2,3313,134.938133,-0.334284126758575,-0.000548035139217973,0,0,0,0,0,38
2,3314,134.982133,-0.316770702600479,-0.000172459287568927,0,0,0,0,0,38
2,3315,135.026133,-0.296755343675613,-5.82269967708271E-05,0,0,0,0,0,38
2,3316,135.070133,-0.296988070011139,8.86526595422765E-06,0,0,0,0,0,38
2,3317,135.114133,-0.312329292297363,-0.000244464725255966,0,0,0,0,0,38
2,3318,135.158133,-0.275692671537399,0.000169385646586306,0,0,0,0,0,38
2,3319,135.202133,-0.327360212802887,-0.000599652645178139,0,0,0,0,0,38
2,3320,135.246133,-0.273404121398926,0.000179916110937484,0,0,0,0,0,38
2,3321,135.290133,-0.291189074516296,-6.13235024502501E-05,0,0,0,0,0,38
2,3322,135.334133,-0.29945120215416,-0.000206408032681793,0,0,0,0,0,38
2,3323,135.378133,-0.275537520647049,-9.51537640503375E-06,0,0,0,0,0,38
2,3324,135.422133,-0.303834408521652,-0.000316073361318558,0,0,0,0,0,38
2,3325,135.466133,-0.283082067966461,-0.000164609096827917,0,0,0,0,0,38
2,3326,135.510133,-0.280366808176041,-0.000150558116729371,0,0,0,0,0,38
2,3327,135.554133,-0.264036446809769,7.94819425209425E-05,0,0,0,0,0,38
2,3328,135.598133,-0.289695680141449,-0.000210640442674048,0,0,0,0,0,38
2,3329,135.642133,-0.247453972697258,0.000273581536021084,0,0,0,0,0,38
2,3330,135.686133,-0.270475506782532,-2.35080042330083E-05,0,0,0,0,0,38
2,3331,135.730133,-0.258722305297852,8.92616080818698E-05,0,0,0,0,0,38
2,3332,135.774133,-0.257034957408905,0.000113037800474558,0,0,0,0,0,38
2,3333,135.818133,-0.293535828590393,-0.000557764200493693,0,0,0,0,0,38
2,3334,135.862133,-0.278272181749344,-0.000242177353356965,0,0,0,0,0,38
2,3335,135.906133,-0.282248109579086,-0.00041603684076108,0,0,0,0,0,38
2,3336,135.950133,-0.272453755140305,-0.000267042749328539,0,0,0,0,0,38
2,3337,135.994133,-0.28286874294281,-0.000473540043458343,0,0,0,0,0,38
2,3338,136.038133,-0.23380009829998,0.000148966602864675,0,0,0,0,0,38
2,3339,136.082133,-0.241441622376442,0.000134709451231174,0,0,0,0,0,38
2,3340,136.126133,-0.250692903995514,-4.68640646431595E-05,0,0,0,0,0,38
2,3341,136.170133,-0.237388119101524,9.58980963332579E-05,0,0,0,0,0,38
2,3342,136.214133,-0.232849761843681,0.000152183711179532,0,0,0,0,0,38
2,3343,136.258133,-0.267139613628387,-0.000375070376321673,0,0,0,0,0,38
2,3344,136.302133,-0.238881513476372,-0.000130356915178709,0,0,0,0,0,38
2,3345,136.346133,-0.238454833626747,-0.000121892095194198,0,0,0,0,0,38
2,3346,136.390133,-0.235545620322227,-0.000115096117951907,0,0,0,0,0,38
2,3347,136.434133,-0.240917965769768,-0.000240345121710561,0,0,0,0,0,38
2,3348,136.478133,-0.202574610710144,0.000335037067998201,0,0,0,0,0,38
2,3349,136.522133,-0.229804784059525,5.12689621245954E-06,0,0,0,0,0,38
2,3350,136.566133,-0.223036035895348,3.84454579034355E-05,0,0,0,0,0,38
2,3351,136.610133,-0.219351038336754,-2.25627154577523E-05,0,0,0,0,0,38
2,3352,136.654133,-0.212097406387329,3.4442560718162E-05,0,0,0,0,0,38
2,3353,136.698133,-0.224083349108696,-6.88568024997949E-06,0,0,0,0,0,38
2,3354,136.742133,-0.244312033057213,-0.000431538821430877,0,0,0,0,0,38
2,3355,136.786133,-0.225654318928719,-0.000156906724441797,0,0,0,0,0,38
2,3356,136.830133,-0.199859350919724,0.000155552508658729,0,0,0,0,0,38
2,3357,136.874133,-0.187543705105782,0.000320083578117192,0,0,0,0,0,38
2,3358,136.918133,-0.216732755303383,-7.26164143998176E-05,0,0,0,0,0,38
2,3359,136.962133,-0.211282834410667,-0.000175668596057221,0,0,0,0,0,38
2,3360,137.006133,-0.222648143768311,-0.000299295439617708,0,0,0,0,0,38
2,3361,137.050133,-0.202884927392006,-4.40769736087532E-06,0,0,0,0,0,38
2,3362,137.094133,-0.188823759555817,0.000192434396012686,0,0,0,0,0,38
2,3363,137.138133,-0.214948430657387,-0.000210049154702574,0,0,0,0,0,38
2,3364,137.182133,-0.204514071345329,-0.000104631799331401,0,0,0,0,0,38
2,3365,137.226133,-0.181996807456017,0.000108140186057426,0,0,0,0,0,38
2,3366,137.270133,-0.212000444531441,-0.000344163650879636,0,0,0,0,0,38
2,3367,137.314133,-0.219583764672279,-0.000485186959849671,0,0,0,0,0,38
2,3368,137.358133,-0.211069494485855,-0.000467510399175808,0,0,0,0,0,38
2,3369,137.402133,-0.208800315856934,-0.000415488320868462,0,0,0,0,0,38
2,3370,137.446133,-0.173211008310318,0.000132165339891799,0,0,0,0,0,38
2,3371,137.490133,-0.193827584385872,-0.000278117833659053,0,0,0,0,0,38
2,3372,137.534133,-0.159130439162254,0.000199125337530859,0,0,0,0,0,38
2,3373,137.578133,-0.172745525836945,-7.2246853960678E-05,0,0,0,0,0,38
2,3374,137.622133,-0.192547544836998,-0.000346295419149101,0,0,0,0,0,38
2,3375,137.666133,-0.168711438775063,5.95763885939959E-05,0,0,0,0,0,38
2,3376,137.710133,-0.176275372505188,-0.000186272969585843,0,0,0,0,0,38
2,3377,137.754133,-0.19753198325634,-0.000501750910189003,0,0,0,0,0,38
2,3378,137.798133,-0.196562245488167,-0.000506325683090836,0,0,0,0,0,38
2,3379,137.842133,-0.161438420414925,5.58769206691068E-05,0,0,0,0,0,38
2,3380,137.886133,-0.158199489116669,-3.11753574351314E-05,0,0,0,0,0,38
2,3381,137.930133,-0.168304145336151,-0.00011413137690397,0,0,0,0,0,38
2,3382,137.974133,-0.154979974031448,8.24967573862523E-05,0,0,0,0,0,38
2,3383,138.018133,-0.149277925491333,0.000124066180433147,0,0,0,0,0,38
2,3384,138.062133,-0.142897069454193,6.65513070998713E-05,0,0,0,0,0,38
2,3385,138.106133,-0.158587396144867,-0.000119040661957115,0,0,0,0,0,38
2,3386,138.150133,-0.141112744808197,2.29979377763812E-05,0,0,0,0,0,38
2,3387,138.194133,-0.160546258091927,-0.000326483219396323,0,0,0,0,0,38
2,3388,138.238133,-0.168207168579102,-0.000450471852673218,0,0,0,0,0,38
2,3389,138.282133,-0.145127460360527,-2.76820646831766E-05,0,0,0,0,0,38
2,3390,138.326133,-0.15709400177002,-0.000297595484880731,0,0,0,0,0,38
2,3391,138.370133,-0.119817353785038,0.000196674576727673,0,0,0,0,0,38
2,3392,138.414133,-0.110488496720791,0.000316714751534164,0,0,0,0,0,38
2,3393,138.458133,-0.145088672637939,-0.000287251750705764,0,0,0,0,0,38
2,3394,138.502133,-0.129728049039841,3.81536992790643E-05,0,0,0,0,0,38
2,3395,138.546133,-0.1463493257761,-0.000290830619633198,0,0,0,0,0,38
2,3396,138.590133,-0.105348892509937,0.000279241590760648,0,0,0,0,0,38
2,3397,138.634133,-0.096485510468483,0.000356498640030622,0,0,0,0,0,38
2,3398,138.678133,-0.144215911626816,-0.000416768161812797,0,0,0,0,0,38
2,3399,138.722133,-0.108335681259632,0.000166557554621249,0,0,0,0,0,38
2,3400,138.766133,-0.12831224501133,-0.000151900196215138,0,0,0,0,0,38
2,3401,138.810133,-0.108044758439064,2.10451162274694E-05,0,0,0,0,0,38
2,3402,138.854133,-0.144215911626816,-0.000467424833914265,0,0,0,0,0,38
2,3403,138.898133,-0.102071188390255,0.000174952365341596,0,0,0,0,0,38
2,3404,138.942133,-0.125868499279022,-0.000283404457150027,0,0,0,0,0,38
2,3405,138.986133,-0.103486999869347,-7.50809340388514E-06,0,0,0,0,0,38
2,3406,139.030133,-0.102420292794704,7.88906472735107E-05,0,0,0,0,0,38
2,3407,139.074133,-0.0741234049201012,0.000371129252016544,0,0,0,0,0,38
2,3408,139.118133,-0.12515090405941,-0.000401207827962935,0,0,0,0,0,38
2,3409,139.162133,-0.0924708023667336,2.280343323946E-05,0,0,0,0,0,38
2,3410,139.206133,-0.100597187876701,-4.59693437733222E-05,0,0,0,0,0,38
2,3411,139.250133,-0.105154946446419,-0.000258834683336318,0,0,0,0,0,38
2,3412,139.294133,-0.115065649151802,-0.000310662260744721,0,0,0,0,0,38
2,3413,139.338133,-0.0673740431666374,0.000316566933179274,0,0,0,0,0,38
2,3414,139.382133,-0.08828154951334,9.27372457226738E-06,0,0,0,0,0,38
2,3415,139.426133,-0.0990843996405602,-0.000206723139854148,0,0,0,0,0,38
2,3416,139.470133,-0.0678783059120178,0.000149044411955401,0,0,0,0,0,38
2,3417,139.514133,-0.106551371514797,-0.00045649369712919,0,0,0,0,0,38
2,3418,139.558133,-0.0705741718411446,0.00015440494462382,0,0,0,0,0,38
2,3419,139.602133,-0.077653244137764,3.88206944990088E-06,0,0,0,0,0,38
2,3420,139.646133,-0.0835298374295235,-0.000116162002086639,0,0,0,0,0,38
2,3421,139.690133,-0.0908028557896614,-0.000351901020621881,0,0,0,0,0,38
2,3422,139.734133,-0.0932272002100945,-0.000305247260257602,0,0,0,0,0,38
2,3423,139.778133,-0.049395140260458,0.00023138579854276,0,0,0,0,0,38
2,3424,139.822133,-0.0526534542441368,0.000188960548257455,0,0,0,0,0,38
2,3425,139.866133,-0.0582003407180309,9.05803462956101E-05,0,0,0,0,0,38
2,3426,139.910133,-0.0876997038722038,-0.000410120002925396,0,0,0,0,0,38
2,3427,139.954133,-0.0353145785629749,0.000369510962627828,0,0,0,0,0,38
2,3428,139.998133,-0.0779053717851639,-0.000314941367832944,0,0,0,0,0,38
2,3429,140.042133,-0.0676649659872055,-0.000198717345483601,0,0,0,0,0,38
2,3430,140.086133,-0.0680334642529488,-0.000281416607322171,0,0,0,0,0,38
2,3431,140.130133,-0.0295155569911003,0.00023817787587177,0,0,0,0,0,38
2,3432,140.174133,-0.0739294588565826,-0.000356234580976889,0,0,0,0,0,38
2,3433,140.218133,-0.0626611262559891,-0.000305663503240794,0,0,0,0,0,38
2,3434,140.262133,-0.0498606152832508,-0.00014379715139512,0,0,0,0,0,38
2,3435,140.306133,-0.0335884466767311,0.000117523064545821,0,0,0,0,0,38
2,3436,140.350133,-0.039212916046381,6.31513757980429E-05,0,0,0,0,0,38
2,3437,140.394133,-0.0403959937393665,-0.000145574915222824,0,0,0,0,0,38
2,3438,140.438133,-0.0164241250604391,0.000244787137489766,0,0,0,0,0,38
2,3439,140.482133,-0.0211176462471485,0.000151541840750724,0,0,0,0,0,38
2,3440,140.526133,-0.0194690953940153,0.000118172705697361,0,0,0,0,0,38
2,3441,140.570133,-0.0146010210737586,0.000255208666203544,0,0,0,0,0,38
2,3442,140.614133,-0.0513540059328079,-0.000415978487581015,0,0,0,0,0,38
2,3443,140.658133,-0.0190230160951614,1.64625980687561E-05,0,0,0,0,0,38
2,3444,140.702133,-0.0276924539357424,-0.000137281269417144,0,0,0,0,0,38
2,3445,140.746133,-0.025656009092927,-0.000150721505633555,0,0,0,0,0,38
2,3446,140.790133,0.00981692597270012,0.000400223187170923,0,0,0,0,0,38
2,3447,140.834133,-0.0336078405380249,-0.000215495267184451,0,0,0,0,0,38
2,3448,140.878133,-0.00418605841696262,8.07773394626565E-05,0,0,0,0,0,38
2,3449,140.922133,-0.0160944145172834,-0.00011862442624988,0,0,0,0,0,38
2,3450,140.966133,-0.0141743374988437,-0.00014259121962823,0,0,0,0,0,38
2,3451,141.010133,0.0212598089128733,0.000390023371437564,0,0,0,0,0,38
2,3452,141.054133,-0.00794863328337669,6.37950279269717E-06,0,0,0,0,0,38
2,3453,141.098133,-0.00498124165460467,-7.50809340388514E-06,0,0,0,0,0,38
2,3454,141.142133,0.00801321770995855,0.000130819375044666,0,0,0,0,0,38
2,3455,141.186133,0.000778988702222705,2.83312419924187E-05,0,0,0,0,0,38
2,3456,141.230133,-0.0193721204996109,-0.000413235975429416,0,0,0,0,0,38
2,3457,141.274133,0.0280285645276308,0.000280832638964057,0,0,0,0,0,38
2,3458,141.318133,0.0225398596376181,0.000179266455234028,0,0,0,0,0,38
2,3459,141.362133,-0.000811378005892038,-0.000198021021788009,0,0,0,0,0,38
2,3460,141.406133,0.0129006858915091,-6.54392133583315E-05,0,0,0,0,0,38
2,3461,141.450133,0.0196694415062666,0.000133052279124968,0,0,0,0,0,38
2,3462,141.494133,-0.00117987755220383,-0.000257780484389514,0,0,0,0,0,38
2,3463,141.538133,0.0231992807239294,8.10379788163118E-05,0,0,0,0,0,38
2,3464,141.582133,0.0258369613438845,2.5351437216159E-05,0,0,0,0,0,38
2,3465,141.626133,0.0282031167298555,5.21636775374645E-06,0,0,0,0,0,38
2,3466,141.670133,0.0427879430353642,0.000287317408947274,0,0,0,0,0,38
2,3467,141.714133,0.0169929713010788,-0.000126120619825087,0,0,0,0,0,38
2,3468,141.758133,0.0391805246472359,0.000146282443893142,0,0,0,0,0,38
2,3469,141.802133,0.0335560590028763,-2.21503669308731E-05,0,0,0,0,0,38
2,3470,141.846133,0.0298904571682215,-0.000138382150908001,0,0,0,0,0,38
2,3471,141.890133,0.058594636619091,0.000270609511062503,0,0,0,0,0,38
2,3472,141.934133,0.0506621971726418,0.000204423631657846,0,0,0,0,0,38
2,3473,141.978133,0.0386568680405617,-3.00705742120044E-05,0,0,0,0,0,38
2,3474,142.022133,0.0572951920330524,0.000189913625945337,0,0,0,0,0,38
2,3475,142.066133,0.0641609206795692,0.000238761393120512,0,0,0,0,0,38
2,3476,142.110133,0.070852093398571,0.000307549722492695,0,0,0,0,0,38
2,3477,142.154133,0.0686798915266991,0.000289099058136344,0,0,0,0,0,38
2,3478,142.198133,0.0430594682693481,-0.00016178100486286,0,0,0,0,0,38
2,3479,142.242133,0.047694806009531,-8.31585348350927E-05,0,0,0,0,0,38
2,3480,142.286133,0.0621050782501698,0.000119919357530307,0,0,0,0,0,38
2,3481,142.330133,0.0486257523298264,-0.000223800598178059,0,0,0,0,0,38
2,3482,142.374133,0.0601850040256977,-7.03601617715321E-05,0,0,0,0,0,38
2,3483,142.418133,0.05426961556077,-0.000126015584100969,0,0,0,0,0,38
2,3484,142.462133,0.0782608762383461,0.000186179138836451,0,0,0,0,0,38
2,3485,142.506133,0.0904019698500633,0.000315497163683176,0,0,0,0,0,38
2,3486,142.550133,0.0480051226913929,-0.000293713179416955,0,0,0,0,0,38
2,3487,142.594133,0.0736837238073349,6.47696506348439E-05,0,0,0,0,0,38
2,3488,142.638133,0.0833035036921501,0.000112010813609231,0,0,0,0,0,38
2,3489,142.682133,0.0663525238633156,-0.000134756599436514,0,0,0,0,0,38
2,3490,142.726133,0.0641221329569817,-0.000186580291483551,0,0,0,0,0,38
2,3491,142.770133,0.0546575076878071,-0.000396477495087311,0,0,0,0,0,38
2,3492,142.814133,0.0779311656951904,-3.33810348820407E-05,0,0,0,0,0,38
2,3493,142.858133,0.0937766507267952,0.000101943282061256,0,0,0,0,0,38
2,3494,142.902133,0.0839241370558739,-8.248944504885E-05,0,0,0,0,0,38
2,3495,142.946133,0.0690483897924423,-0.000337138160830364,0,0,0,0,0,38
2,3496,142.990133,0.0748086199164391,-0.000306153669953346,0,0,0,0,0,38
2,3497,143.034133,0.0784354284405708,-0.000254606158705428,0,0,0,0,0,38
2,3498,143.078133,0.103241272270679,0.000122381781693548,0,0,0,0,0,38
2,3499,143.122133,0.111561603844166,0.000188357589649968,0,0,0,0,0,38
2,3500,143.166133,0.100913904607296,-6.17864207015373E-05,0,0,0,0,0,38
2,3501,143.210133,0.0994786992669106,-0.000108502426883206,0,0,0,0,0,38
2,3502,143.254133,0.0887340232729912,-0.000246919371420518,0,0,0,0,0,38
2,3503,143.298133,0.115770258009434,0.000121479279187042,0,0,0,0,0,38
2,3504,143.342133,0.0991877764463425,-0.000131512264488265,0,0,0,0,0,38
2,3505,143.386133,0.114199288189411,9.8994598374702E-05,0,0,0,0,0,38
2,3506,143.430133,0.10093329846859,-0.00014478134107776,0,0,0,0,0,38
2,3507,143.474133,0.130238711833954,0.000233517552260309,0,0,0,0,0,38
2,3508,143.518133,0.109544552862644,-0.000119919823191594,0,0,0,0,0,38
2,3509,143.562133,0.132837608456612,0.000197845496586524,0,0,0,0,0,38
2,3510,143.606133,0.144804149866104,0.000307063455693424,0,0,0,0,0,38
2,3511,143.650133,0.144920513033867,0.000282194174360484,0,0,0,0,0,38
2,3512,143.694133,0.11208526045084,-0.000210049154702574,0,0,0,0,0,38
2,3513,143.738133,0.133768558502197,4.66652018076275E-05,0,0,0,0,0,38
2,3514,143.782133,0.12333419919014,-9.75012735580094E-05,0,0,0,0,0,38
2,3515,143.826133,0.138714209198952,0.000129586216644384,0,0,0,0,0,38
2,3516,143.870133,0.149187356233597,0.00024385740107391,0,0,0,0,0,38
2,3517,143.914133,0.133923709392548,-8.72081145644188E-05,0,0,0,0,0,38
2,3518,143.958133,0.147034540772438,9.60420293267816E-05,0,0,0,0,0,38
2,3519,144.002133,0.131130874156952,-0.000197223547729664,0,0,0,0,0,38
2,3520,144.046133,0.122791148722172,-0.000310137111227959,0,0,0,0,0,38
2,3521,144.090133,0.159893229603767,0.000229681943892501,0,0,0,0,0,38
2,3522,144.134133,0.139063313603401,-0.000161376432515681,0,0,0,0,0,38
2,3523,144.178133,0.153745114803314,1.87577461474575E-05,0,0,0,0,0,38
2,3524,144.222133,0.146918177604675,-0.000122409473988228,0,0,0,0,0,38
2,3525,144.266133,0.139800310134888,-0.000200954134925269,0,0,0,0,0,38
2,3526,144.310133,0.170075461268425,0.000220691959839314,0,0,0,0,0,38
2,3527,144.354133,0.149497672915459,-0.000146142876474187,0,0,0,0,0,38
2,3528,144.398133,0.157701641321182,-8.55976177263074E-05,0,0,0,0,0,38
2,3529,144.442133,0.170230627059937,0.000121156401291955,0,0,0,0,0,38
2,3530,144.486133,0.178240641951561,0.000128310261061415,0,0,0,0,0,38
2,3531,144.530133,0.153202056884766,-0.000255399732850492,0,0,0,0,0,38
2,3532,144.574133,0.178027302026749,8.88492650119588E-05,0,0,0,0,0,38
2,3533,144.618133,0.180917114019394,0.000122844692668878,0,0,0,0,0,38
2,3534,144.662133,0.161832705140114,-0.000184347372851335,0,0,0,0,0,38
2,3535,144.706133,0.193096995353699,0.000270905147772282,0,0,0,0,0,38
2,3536,144.750133,0.179365530610085,-4.6156066673575E-05,0,0,0,0,0,38
2,3537,144.794133,0.187763437628746,7.25109130144119E-05,0,0,0,0,0,38
2,3538,144.838133,0.190885990858078,9.99826806946658E-05,0,0,0,0,0,38
2,3539,144.882133,0.178880661725998,-7.48882230254821E-05,0,0,0,0,0,38
2,3540,144.926133,0.210261315107346,0.000319274433422834,0,0,0,0,0,38
2,3541,144.970133,0.178453981876373,-0.000163881646585651,0,0,0,0,0,38
2,3542,145.014133,0.185261517763138,-0.000111867353552952,0,0,0,0,0,38
2,3543,145.058133,0.192631512880325,-5.47920535609592E-05,0,0,0,0,0,38
2,3544,145.102133,0.21103709936142,0.000236046107602306,0,0,0,0,0,38
2,3545,145.146133,0.19852751493454,-6.31518414593302E-05,0,0,0,0,0,38
2,3546,145.190133,0.208845496177673,0.000141380936838686,0,0,0,0,0,38
2,3547,145.234133,0.197422012686729,-8.1155143561773E-05,0,0,0,0,0,38
2,3548,145.278133,0.196937143802643,-0.000137993149110116,0,0,0,0,0,38
2,3549,145.322133,0.22575768828392,0.00025359817664139,0,0,0,0,0,38
2,3550,145.366133,0.191312670707703,-0.00032030965667218,0,0,0,0,0,38
2,3551,145.410133,0.224206119775772,0.000158026610733941,0,0,0,0,0,38
2,3552,145.454133,0.221374481916428,9.32761759031564E-05,0,0,0,0,0,38
2,3553,145.498133,0.22585466504097,0.00012396504462231,0,0,0,0,0,38
2,3554,145.542133,0.217379167675972,1.87966470548417E-05,0,0,0,0,0,38
2,3555,145.586133,0.242475941777229,0.000306853413349018,0,0,0,0,0,38
2,3556,145.630133,0.221723586320877,4.11158453061944E-06,0,0,0,0,0,38
2,3557,145.674133,0.223973378539085,-9.46091495279688E-06,0,0,0,0,0,38
2,3558,145.718133,0.222751513123512,-6.07205402047839E-05,0,0,0,0,0,38
2,3559,145.762133,0.243212938308716,0.000169156133779325,0,0,0,0,0,38
2,3560,145.806133,0.24850769340992,0.000273176963673905,0,0,0,0,0,38
2,3561,145.850133,0.224671587347984,-0.000147395476233214,0,0,0,0,0,38
2,3562,145.894133,0.238926708698273,1.43230518006021E-05,0,0,0,0,0,38
2,3563,145.938133,0.24363961815834,7.85133088356815E-05,0,0,0,0,0,38
2,3564,145.982133,0.229539662599564,-0.000142988021252677,0,0,0,0,0,38
2,3565,146.026133,0.252541780471802,0.000101888821518514,0,0,0,0,0,38
2,3566,146.070133,0.248391330242157,1.82209150807466E-05,0,0,0,0,0,38
2,3567,146.114133,0.244783908128738,-5.85771049372852E-05,0,0,0,0,0,38
2,3568,146.158133,0.257933527231216,0.000108910418930463,0,0,0,0,0,38
2,3569,146.202133,0.271490424871445,0.000288394949166104,0,0,0,0,0,38
2,3570,146.246133,0.237006619572639,-0.000262553599895909,0,0,0,0,0,38
2,3571,146.290133,0.246490642428398,-0.000156910624355078,0,0,0,0,0,38
2,3572,146.334133,0.260668188333511,3.80720084649511E-05,0,0,0,0,0,38
2,3573,146.378133,0.272557139396667,0.000178974703885615,0,0,0,0,0,38
2,3574,146.422133,0.261250019073486,1.47509617818287E-05,0,0,0,0,0,38
2,3575,146.466133,0.241603180766106,-0.000368025415809825,0,0,0,0,0,38
2,3576,146.510133,0.259756624698639,-0.000103056314401329,0,0,0,0,0,38
2,3577,146.554133,0.275873631238937,9.07048306544311E-05,0,0,0,0,0,38
2,3578,146.598133,0.283922433853149,0.000167397811310366,0,0,0,0,0,38
2,3579,146.642133,0.294259816408157,0.000302006374113262,0,0,0,0,0,38
2,3580,146.686133,0.281886011362076,0.000115838658530265,0,0,0,0,0,38
2,3581,146.730133,0.286404967308044,0.000116764495032839,0,0,0,0,0,38
2,3582,146.774133,0.276979148387909,-6.11289942753501E-05,0,0,0,0,0,38
2,3583,146.818133,0.275776654481888,-0.000129256019135937,0,0,0,0,0,38
2,3584,146.862133,0.271238297224045,-0.000209045509109274,0,0,0,0,0,38
2,3585,146.906133,0.282254487276077,-0.000105129729490727,0,0,0,0,0,38
2,3586,146.950133,0.28316605091095,-8.97911304491572E-05,0,0,0,0,0,38
2,3587,146.994133,0.296238094568253,8.44884780235589E-05,0,0,0,0,0,38
2,3588,147.038133,0.290982127189636,-5.60991211386863E-05,0,0,0,0,0,38
2,3589,147.082133,0.29235914349556,-0.00010162476246478,0,0,0,0,0,38
2,3590,147.126133,0.308786481618881,0.00013862676860299,0,0,0,0,0,38
2,3591,147.170133,0.300233393907547,9.79110518528614E-06,0,0,0,0,0,38
2,3592,147.214133,0.303918391466141,1.15610937427846E-05,0,0,0,0,0,38
2,3593,147.258133,0.308650702238083,3.31004812323954E-05,0,0,0,0,0,38
2,3594,147.302133,0.290594220161438,-0.000282175198663026,0,0,0,0,0,38
2,3595,147.346133,0.295792013406754,-0.000203548828721978,0,0,0,0,0,38
2,3596,147.390133,0.314566105604172,6.2560080550611E-05,0,0,0,0,0,38
2,3597,147.434133,0.313635140657425,-8.84628207131755E-06,0,0,0,0,0,38
2,3598,147.478133,0.309523463249207,-0.000117375704576261,0,0,0,0,0,38
2,3599,147.522133,0.322789460420609,3.89667293347884E-05,0,0,0,0,0,38
2,3600,147.566133,0.312044769525528,-0.000114337555714883,0,0,0,0,0,38
2,3601,147.610133,0.322556704282761,-8.86962243384914E-06,0,0,0,0,0,38
2,3602,147.654133,0.319725096225739,-6.13779629929923E-05,0,0,0,0,0,38
2,3603,147.698133,0.322188228368759,-4.04609854740556E-05,0,0,0,0,0,38
2,3604,147.742133,0.316544353961945,-0.000168215206940658,0,0,0,0,0,38
2,3605,147.786133,0.341912657022476,0.00017476174980402,0,0,0,0,0,38
2,3606,147.830133,0.329383671283722,-6.9053094193805E-05,0,0,0,0,0,38
2,3607,147.874133,0.341563552618027,9.18913065106608E-05,0,0,0,0,0,38
2,3608,147.918133,0.3435418009758,5.53867685084697E-05,0,0,0,0,0,38
2,3609,147.962133,0.355217427015305,0.000218404587940313,0,0,0,0,0,38
2,3610,148.006133,0.331400722265244,-0.000174719418282621,0,0,0,0,0,38
2,3611,148.050133,0.348138362169266,5.06486467202194E-05,0,0,0,0,0,38
2,3612,148.094133,0.342979341745377,-6.29651185590774E-05,0,0,0,0,0,38
2,3613,148.138133,0.329790949821472,-0.000274955178610981,0,0,0,0,0,38
2,3614,148.182133,0.336966991424561,-0.000244083494180813,0,0,0,0,0,38
2,3615,148.226133,0.344647288322449,-0.000142280012369156,0,0,0,0,0,38
2,3616,148.270133,0.352308213710785,-4.66462188342121E-05,0,0,0,0,0,38
2,3617,148.314133,0.363363206386566,8.88648210093379E-05,0,0,0,0,0,38
2,3618,148.358133,0.358126640319824,-6.301180110313E-05,0,0,0,0,0,38
2,3619,148.402133,0.347692281007767,-0.000240010573179461,0,0,0,0,0,38
2,3620,148.446133,0.372944176197052,0.000142182296258397,0,0,0,0,0,38
2,3621,148.490133,0.370461672544479,6.46334956400096E-05,0,0,0,0,0,38
2,3622,148.534133,0.364003211259842,-6.86601997585967E-05,0,0,0,0,0,38
2,3623,148.578133,0.385395586490631,0.00021523806208279,0,0,0,0,0,38
2,3624,148.622133,0.385958045721054,0.000185327211511321,0,0,0,0,0,38
2,3625,148.666133,0.377676486968994,5.43169953743927E-05,0,0,0,0,0,38
2,3626,148.710133,0.384193122386932,0.000107650033896789,0,0,0,0,0,38
2,3627,148.754133,0.37614431977272,-5.67176430195104E-05,0,0,0,0,0,38
2,3628,148.798133,0.371004730463028,-0.000171906896866858,0,0,0,0,0,38
2,3629,148.842133,0.397866398096085,0.000222473609028384,0,0,0,0,0,38
2,3630,148.886133,0.377948015928268,-0.000119989847007673,0,0,0,0,0,38
2,3631,148.930133,0.387044161558151,-3.15993784170132E-05,0,0,0,0,0,38
2,3632,148.974133,0.392649233341217,4.94232699566055E-05,0,0,0,0,0,38
2,3633,149.018133,0.403374493122101,0.000162967015057802,0,0,0,0,0,38
2,3634,149.062133,0.407602548599243,0.000200813636183739,0,0,0,0,0,38
2,3635,149.106133,0.396276026964188,-1.23338975299703E-06,0,0,0,0,0,38
2,3636,149.150133,0.403180539608002,5.85532943659928E-05,0,0,0,0,0,38
2,3637,149.194133,0.401764750480652,1.93218093045289E-05,0,0,0,0,0,38
2,3638,149.238133,0.421430975198746,0.000268248229986057,0,0,0,0,0,38
2,3639,149.282133,0.39718759059906,-0.000153888031491078,0,0,0,0,0,38
2,3640,149.326133,0.4030641913414,-9.31677204789594E-05,0,0,0,0,0,38
2,3641,149.370133,0.406826764345169,-5.83281362196431E-05,0,0,0,0,0,38
2,3642,149.414133,0.411656051874161,-3.74422816094011E-05,0,0,0,0,0,38
2,3643,149.458133,0.406341880559921,-0.000107915024273098,0,0,0,0,0,38
2,3644,149.502133,0.41567075252533,-3.9091675716918E-05,0,0,0,0,0,38
2,3645,149.546133,0.425814181566238,0.000100472832855303,0,0,0,0,0,38
2,3646,149.590133,0.417144745588303,-6.47389970254153E-05,0,0,0,0,0,38
2,3647,149.634133,0.422400712966919,-3.14126518787816E-05,0,0,0,0,0,38
2,3648,149.678133,0.434949100017548,0.000160574607434683,0,0,0,0,0,38
2,3649,149.722133,0.429576754570007,3.99587006540969E-05,0,0,0,0,0,38
2,3650,149.766133,0.431865334510803,3.04980167129543E-05,0,0,0,0,0,38
2,3651,149.810133,0.425736606121063,-0.000102072124718688,0,0,0,0,0,38
2,3652,149.854133,0.429188877344131,-0.000108346823253669,0,0,0,0,0,38
2,3653,149.898133,0.449650287628174,0.000213666469790041,0,0,0,0,0,38
2,3654,149.942133,0.43023619055748,-0.000137759736389853,0,0,0,0,0,38
2,3655,149.986133,0.445848912000656,6.97061623213813E-05,0,0,0,0,0,38
2,3656,150.030133,0.445092529058456,1.5007706679171E-05,0,0,0,0,0,38
2,3657,150.074133,0.454867482185364,0.000152580498252064,0,0,0,0,0,38
2,3658,150.118133,0.459173083305359,0.000168681552167982,0,0,0,0,0,38
2,3659,150.162133,0.457253009080887,0.000117818708531559,0,0,0,0,0,38
2,3660,150.206133,0.449921816587448,-4.3324089347152E-05,0,0,0,0,0,38
2,3661,150.250133,0.450639426708221,-5.68187861063052E-05,0,0,0,0,0,38
2,3662,150.294133,0.472497254610062,0.000239819491980597,0,0,0,0,0,38
2,3663,150.338133,0.446935027837753,-0.000167931226314977,0,0,0,0,0,38
2,3664,150.382133,0.453412860631943,-0.000119771997560747,0,0,0,0,0,38
2,3665,150.426133,0.461112558841705,-2.31462272495264E-05,0,0,0,0,0,38
2,3666,150.470133,0.461616843938828,-5.44497270311695E-05,0,0,0,0,0,38
2,3667,150.514133,0.463478714227676,-9.32805342017673E-05,0,0,0,0,0,38
2,3668,150.558133,0.480061203241348,0.000143571058288217,0,0,0,0,0,38
2,3669,150.602133,0.4780053794384,8.16020401543938E-05,0,0,0,0,0,38
2,3670,150.646133,0.471818447113037,-4.01536708523054E-05,0,0,0,0,0,38
2,3671,150.690133,0.472225725650787,-6.79599834256805E-05,0,0,0,0,0,38
2,3672,150.734133,0.469878971576691,-0.000123323639854789,0,0,0,0,0,38
2,3673,150.778133,0.469801396131516,-0.000173276202986017,0,0,0,0,0,38
2,3674,150.822133,0.478141129016876,-6.12379226367921E-05,0,0,0,0,0,38
2,3675,150.866133,0.484347432851791,-1.86998622666579E-05,0,0,0,0,0,38
2,3676,150.910133,0.486151158809662,-3.29064459947404E-05,0,0,0,0,0,38
2,3677,150.954133,0.500173509120941,0.000165192148415372,0,0,0,0,0,38
2,3678,150.998133,0.496430337429047,5.33911552338395E-05,0,0,0,0,0,38
2,3679,151.042133,0.49026283621788,-5.55856277060229E-05,0,0,0,0,0,38
2,3680,151.086133,0.496566116809845,1.05107710623997E-05,0,0,0,0,0,38
2,3681,151.130133,0.494277536869049,-5.93667900830042E-05,0,0,0,0,0,38
2,3682,151.174133,0.49648854136467,-9.25102940527722E-05,0,0,0,0,0,38
2,3683,151.218133,0.503780961036682,-4.66833307655179E-06,0,0,0,0,0,38
2,3684,151.262133,0.506127715110779,6.0955267144891E-06,0,0,0,0,0,38
2,3685,151.306133,0.50508040189743,-3.0856372177368E-05,0,0,0,0,0,38
2,3686,151.350133,0.510258793830872,1.9333479940542E-05,0,0,0,0,0,38
2,3687,151.394133,0.524436295032501,0.000194426116649993,0,0,0,0,0,38
2,3688,151.438133,0.520673751831055,9.84383150353096E-05,0,0,0,0,0,38
2,3689,151.482133,0.517900288105011,2.5899938918883E-05,0,0,0,0,0,38
2,3690,151.526133,0.517143905162811,-7.43807231629035E-06,0,0,0,0,0,38
2,3691,151.570133,0.516911149024963,-5.54105754417833E-05,0,0,0,0,0,38
2,3692,151.614133,0.518307566642761,-8.71264201123267E-05,0,0,0,0,0,38
2,3693,151.658133,0.520324647426605,-6.05960558459628E-05,0,0,0,0,0,38
2,3694,151.702133,0.528082549571991,1.08803287730552E-05,0,0,0,0,0,38
2,3695,151.746133,0.532504498958588,5.35350882273633E-05,0,0,0,0,0,38
2,3696,151.790133,0.530487477779388,-2.51768506132066E-05,0,0,0,0,0,38
2,3697,151.834133,0.540650308132172,8.44845926621929E-05,0,0,0,0,0,38
2,3698,151.878133,0.537469565868378,1.00906418083468E-05,0,0,0,0,0,38
2,3699,151.922133,0.539952099323273,3.24352804454975E-05,0,0,0,0,0,38
2,3700,151.966133,0.542841911315918,4.02737969125155E-05,0,0,0,0,0,38
2,3701,152.010133,0.55304354429245,0.000168428683537059,0,0,0,0,0,38
2,3702,152.054133,0.544296503067017,-2.9802158678649E-05,0,0,0,0,0,38
2,3703,152.098133,0.549474895000458,3.60491649189498E-05,0,0,0,0,0,38
2,3704,152.142133,0.546468734741211,-3.65709020115901E-05,0,0,0,0,0,38
2,3705,152.186133,0.550134301185608,-1.08535650724662E-05,0,0,0,0,0,38
2,3706,152.230133,0.549920976161957,-6.76176568958908E-05,0,0,0,0,0,38
2,3707,152.274133,0.552093207836151,-5.27341981069185E-05,0,0,0,0,0,38
2,3708,152.318133,0.550580382347107,-0.000108533546153922,0,0,0,0,0,38
2,3709,152.362133,0.560782015323639,6.88521367919748E-06,0,0,0,0,0,38
2,3710,152.406133,0.563186943531036,1.08530985016841E-05,0,0,0,0,0,38
2,3711,152.450133,0.557407319545746,-0.000115566821477842,0,0,0,0,0,38
2,3712,152.494133,0.557931005954742,-0.000147368249599822,0,0,0,0,0,38
2,3713,152.538133,0.568733870983124,-1.40162028401392E-05,0,0,0,0,0,38
2,3714,152.582133,0.57102245092392,-1.82857240815792E-06,0,0,0,0,0,38
2,3715,152.626133,0.571449100971222,-2.68379153567366E-05,0,0,0,0,0,38
2,3716,152.670133,0.581165850162506,8.53676392580383E-05,0,0,0,0,0,38
2,3717,152.714133,0.588089764118195,0.000170490427990444,0,0,0,0,0,38
2,3718,152.758133,0.580060362815857,1.18995303637348E-05,0,0,0,0,0,38
2,3719,152.802133,0.581980407238007,1.19013202493079E-06,0,0,0,0,0,38
2,3720,152.846133,0.587217032909393,4.00170501961838E-05,0,0,0,0,0,38
2,3721,152.890133,0.595110654830933,0.000140544580062851,0,0,0,0,0,38
2,3722,152.934133,0.597399234771729,0.000128407511510886,0,0,0,0,0,38
2,3723,152.978133,0.59578949213028,7.37518494133838E-05,0,0,0,0,0,38
2,3725,153.066133,0.595246434211731,5.06055130244931E-07,0,0,0,0,0,38
2,3726,153.110133,0.597651362419128,5.28037730873621E-07,0,0,0,0,0,38
2,3727,153.154133,0.599804162979126,5.82447171382228E-07,0,0,0,0,0,38
2,3728,153.198133,0.602112174034119,4.29756568109951E-07,0,0,0,0,0,38
2,3729,153.242133,0.603857696056366,4.49769373744857E-07,0,0,0,0,0,38
2,3730,153.286133,0.606359601020813,5.0262173090232E-07,0,0,0,0,0,38
2,3731,153.330133,0.60860937833786,4.75995051374412E-07,0,0,0,0,0,38
2,3732,153.374133,0.610568225383759,4.83944120333035E-07,0,0,0,0,0,38
2,3733,153.418133,0.612682282924652,4.50329935119953E-07,0,0,0,0,0,38
2,3734,153.462133,0.61514538526535,4.91488322040823E-07,0,0,0,0,0,38
2,3735,153.506133,0.617395162582397,4.90682509735052E-07,0,0,0,0,0,38
2,3736,153.550133,0.619470417499542,4.94404048367869E-07,0,0,0,0,0,38
2,3737,153.594133,0.621720194816589,4.52447608267903E-07,0,0,0,0,0,38
2,3738,153.638133,0.623931229114532,4.63985827536817E-07,0,0,0,0,0,38
2,3739,153.682133,0.626045227050781,5.06206959016708E-07,0,0,0,0,0,38
2,3740,153.726133,0.628469586372375,4.91379353206867E-07,0,0,0,0,0,38
2,3741,153.770133,0.630409061908722,5.04587546856783E-07,0,0,0,0,0,38
2,3742,153.814133,0.632775187492371,4.8903200422501E-07,0,0,0,0,0,38
2,3743,153.858133,0.634734034538269,4.52599408617971E-07,0,0,0,0,0,38
2,3744,153.902133,0.637216567993164,4.76065139309867E-07,0,0,0,0,0,38
2,3745,153.946133,0.639272451400757,5.44025397175574E-07,0,0,0,0,0,38
2,3746,153.990133,0.641231298446655,4.73332391948134E-07,0,0,0,0,0,38
2,3747,154.034133,0.64365565776825,4.80822109238943E-07,0,0,0,0,0,38
2,3748,154.078133,0.645963609218597,4.41372634440995E-07,0,0,0,0,0,38
2,3749,154.122133,0.648174583911896,5.4319230002875E-07,0,0,0,0,0,38
2,3750,154.166133,0.650211036205292,5.42912061973766E-07,0,0,0,0,0,38
2,3751,154.210133,0.652344465255737,5.00177065987373E-07,0,0,0,0,0,38
2,3752,154.254133,0.654400289058685,4.42454819449267E-07,0,0,0,0,0,38
2,3753,154.298133,0.656960427761078,4.75823782153384E-07,0,0,0,0,0,38
2,3754,154.342133,0.659171402454376,5.1060192163277E-07,0,0,0,0,0,38
2,3755,154.386133,0.661459982395172,5.16592933763604E-07,0,0,0,0,0,38
2,3756,154.430133,0.663593411445618,4.72312478905224E-07,0,0,0,0,0,38
2,3757,154.474133,0.665804386138916,4.66465507997782E-07,0,0,0,0,0,38
2,3758,154.518133,0.667840838432312,4.62117270672024E-07,0,0,0,0,0,38
2,3759,154.562133,0.670013070106506,5.13521513312298E-07,0,0,0,0,0,38
2,3760,154.606133,0.672127068042755,5.09982953644794E-07,0,0,0,0,0,38
2,3761,154.650133,0.674493253231049,4.77143430543947E-07,0,0,0,0,0,38
2,3762,154.694133,0.676413297653198,4.69606987962834E-07,0,0,0,0,0,38
2,3763,154.738133,0.678682506084442,4.89456283503387E-07,0,0,0,0,0,38
2,3764,154.782133,0.680971086025238,5.15872727646638E-07,0,0,0,0,0,38
2,3765,154.826133,0.683220863342285,5.2609522072089E-07,0,0,0,0,0,38
2,3766,154.870133,0.685412466526031,4.91496109589207E-07,0,0,0,0,0,38
2,3767,154.914133,0.687429487705231,4.59271660702143E-07,0,0,0,0,0,38
2,3768,154.958133,0.689776241779327,4.68108282802859E-07,0,0,0,0,0,38
2,3769,155.002133,0.692026078701019,5.1405481826805E-07,0,0,0,0,0,38
2,3770,155.046133,0.694547355175018,5.54917392037169E-07,0,0,0,0,0,38
2,3771,155.090133,0.696428656578064,5.28177849901112E-07,0,0,0,0,0,38
2,3772,155.134133,0.698678433895111,4.77672870147217E-07,0,0,0,0,0,38
2,3773,155.178133,0.700831234455109,5.09990741193178E-07,0,0,0,0,0,38
2,3774,155.222133,0.703003466129303,4.94404048367869E-07,0,0,0,0,0,38
2,3775,155.266133,0.705136895179749,5.10267113895679E-07,0,0,0,0,0,38
2,3776,155.310133,0.707580626010895,5.06487253915111E-07,0,0,0,0,0,38
2,3777,155.354133,0.709752798080444,4.68548165599714E-07,0,0,0,0,0,38
2,3778,155.398133,0.71188622713089,4.95945585043955E-07,0,0,0,0,0,38
2,3779,155.442133,0.714252412319183,5.34032608356938E-07,0,0,0,0,0,38
2,3780,155.486133,0.716288864612579,5.91112495840207E-07,0,0,0,0,0,38
2,3781,155.530133,0.71851921081543,5.24845631844073E-07,0,0,0,0,0,38
2,3782,155.574133,0.720672070980072,5.08359676132386E-07,0,0,0,0,0,38
2,3783,155.618133,0.722766697406769,5.00410635595472E-07,0,0,0,0,0,38
2,3784,155.662133,0.725132822990417,5.23078313108272E-07,0,0,0,0,0,38
2,3785,155.706133,0.727305054664612,5.55182111838803E-07,0,0,0,0,0,38
2,3786,155.750133,0.729593634605408,4.81744677927054E-07,0,0,0,0,0,38
2,3787,155.794133,0.731668829917908,5.28064958871255E-07,0,0,0,0,0,38
2,3788,155.838133,0.733860433101654,5.90186004956195E-07,0,0,0,0,0,38
2,3789,155.882133,0.7360520362854,5.95955157223216E-07,0,0,0,0,0,38
2,3790,155.926133,0.738301873207092,5.40502412604837E-07,0,0,0,0,0,38
2,3791,155.970133,0.740474045276642,5.143078283254E-07,0,0,0,0,0,38
2,3792,156.014133,0.742665648460388,5.32786884832603E-07,0,0,0,0,0,38
2,3793,156.058133,0.744837880134583,6.08127891155164E-07,0,0,0,0,0,38
2,3794,156.102133,0.747107028961182,5.16281488671666E-07,0,0,0,0,0,38
2,3795,156.146133,0.748891353607178,5.43667226793332E-07,0,0,0,0,0,38
2,3796,156.190133,0.751761794090271,4.74605343470103E-07,0,0,0,0,0,38
2,3797,156.234133,0.75362366437912,5.54438599920104E-07,0,0,0,0,0,38
2,3798,156.278133,0.755485534667969,5.2795593319388E-07,0,0,0,0,0,38
2,3799,156.322133,0.758782684803009,5.62228024136857E-07,0,0,0,0,0,38
2,3800,156.366133,0.760023951530457,5.30532986431353E-07,0,0,0,0,0,38
2,3801,156.410133,0.762584030628204,9.17744443995616E-07,0,0,0,0,0,38
2,3802,156.454133,0.76471745967865,2.62343178292213E-08,0,0,0,0,0,38
2,3803,156.498133,0.767432689666748,1.04769344488886E-06,0,0,0,0,0,38
2,3804,156.542133,0.768867909908295,7.97609175151592E-07,0,0,0,0,0,38
2,3805,156.586133,0.771718919277191,1.11786869183561E-06,0,0,0,0,0,38
2,3806,156.630133,0.773716568946838,-8.69390476054832E-07,0,0,0,0,0,38
2,3807,156.674133,0.775345742702484,5.51651339719683E-07,0,0,0,0,0,38
2,3808,156.718133,0.777459800243378,3.88243904581032E-07,0,0,0,0,0,38
2,3809,156.762133,0.779748380184174,7.95767903127853E-07,0,0,0,0,0,38
2,3810,156.806133,0.783045470714569,1.00226066024334E-06,0,0,0,0,0,38
2,3813,156.938133,0.788747489452362,4.24497358153531E-07,0,0,0,0,0,38
2,3816,157.070133,0.795380473136902,5.34592743406392E-07,0,0,0,0,0,38
2,3817,157.114133,0.797513902187347,4.4445457092479E-07,0,0,0,0,0,38
2,3818,157.158133,0.800190389156342,7.22066147318401E-07,0,0,0,0,0,38
2,3819,157.202133,0.801606178283691,4.555030272968E-07,0,0,0,0,0,38
2,3820,157.246133,0.804127514362335,6.83279893110011E-07,0,0,0,0,0,38
2,3821,157.290133,0.806260943412781,2.28543086677746E-07,0,0,0,0,0,38
2,3822,157.334133,0.80868524312973,7.66648952321702E-07,0,0,0,0,0,38
2,3823,157.378133,0.811128973960876,1.95242137124296E-07,0,0,0,0,0,38
2,3824,157.422133,0.812564194202423,2.00388012672192E-06,0,0,0,0,0,38
2,3825,157.466133,0.81456184387207,-8.15819839772303E-06,0,0,0,0,0,38
2,3826,157.510133,0.816986203193665,3.79330998612204E-07,0,0,0,0,0,38
2,3827,157.554133,0.819294154644012,3.52721372109954E-07,0,0,0,0,0,38
2,3828,157.598133,0.823929488658905,3.24060556522454E-06,0,0,0,0,0,38
2,3829,157.642133,0.822746455669403,-6.00712610321352E-07,0,0,0,0,0,38
2,3830,157.686133,0.826101720333099,6.91371724315104E-07,0,0,0,0,0,38
2,3831,157.730133,0.827886044979095,4.17806035102331E-07,0,0,0,0,0,38
2,3832,157.774133,0.830000042915344,-3.3850662362056E-07,0,0,0,0,0,38
2,3833,157.818133,0.832676529884338,-1.14779572868429E-06,0,0,0,0,0,38
2,3834,157.862133,0.834616005420685,-1.06077678196925E-07,0,0,0,0,0,38
2,3835,157.906133,0.837195515632629,-1.2080218994015E-06,0,0,0,0,0,38
2,3836,157.950133,0.83866947889328,-6.65479728922946E-06,0,0,0,0,0,38
2,3837,157.994133,0.846078276634216,9.67892265180126E-06,0,0,0,0,0,38
2,3838,158.038133,0.84388667345047,6.99787051416934E-07,0,0,0,0,0,38
2,3839,158.082133,0.846058905124664,7.96148867721058E-07,0,0,0,0,0,38
2,3840,158.126133,0.847765624523163,1.41239843287622E-06,0,0,0,0,0,38
2,3841,158.170133,0.854708909988403,-3.02921998809325E-05,0,0,0,0,0,38
2,3842,158.214133,0.849278390407562,4.42292866864591E-06,0,0,0,0,0,38
2,3843,158.258133,0.84885174036026,-5.92897504247958E-06,0,0,0,0,0,38
2,3844,158.302133,0.852750062942505,-7.69301823311253E-06,0,0,0,0,0,38
2,3845,158.346133,0.856105327606201,-5.6845733524824E-06,0,0,0,0,0,38
2,3846,158.390133,0.859984278678894,-5.50195227333461E-06,0,0,0,0,0,38
2,3847,158.434133,0.860391557216644,9.79548985924339E-06,0,0,0,0,0,38
2,3848,158.478133,0.865919053554535,3.48144055806188E-07,0,0,0,0,0,38
2,3849,158.522133,0.867218494415283,-6.698956440232E-06,0,0,0,0,0,38
2,3850,158.566133,0.870922923088074,3.8667444357543E-08,0,0,0,0,0,38
2,3851,158.610133,0.882346391677856,5.96775316807907E-05,0,0,0,0,0,38
2,3852,158.654133,0.874413967132568,1.14345107249392E-06,0,0,0,0,0,38
2,3853,158.698133,0.868634343147278,-5.47492600162514E-05,0,0,0,0,0,38
2,3854,158.742133,0.878409266471863,-6.201025826158E-06,0,0,0,0,0,38
2,3855,158.786133,0.88166755437851,1.00673014458152E-05,0,0,0,0,0,38
2,3856,158.830133,0.883704006671906,6.10330698691541E-06,0,0,0,0,0,38
2,3857,158.874133,0.884072542190552,-1.38605992106022E-05,0,0,0,0,0,38
2,3858,158.918133,0.885856866836548,-6.78064816383994E-06,0,0,0,0,0,38
2,3859,158.962133,0.879708707332611,-7.09185451341909E-06,0,0,0,0,0,38
2,3860,159.006133,0.880581498146057,-5.62313834961969E-05,0,0,0,0,0,38
2,3861,159.050133,0.906706154346466,5.24225251865573E-05,0,0,0,0,0,38
2,3862,159.094133,0.896426975727081,-6.31285001873039E-05,0,0,0,0,0,38
2,3863,159.138133,0.898443996906281,-5.58250258109183E-06,0,0,0,0,0,38
2,3864,159.182133,0.89099645614624,-2.54434758062416E-06,0,0,0,0,0,38
2,3865,159.226133,0.920495808124542,7.69845064496621E-05,0,0,0,0,0,38
2,3866,159.270133,0.90963476896286,-0.000201891656615771,0,0,0,0,0,38
2,3867,159.314133,0.907559514045715,6.6362481447868E-06,0,0,0,0,0,38
2,3868,159.358133,0.911671221256256,0.000138078263262287,0,0,0,0,0,38
2,3869,159.402133,0.912466406822205,8.94306776899612E-06,0,0,0,0,0,38
2,3870,159.446133,0.905794620513916,-4.17019218730275E-05,0,0,0,0,0,38
2,3871,159.490133,0.915996253490448,-3.2249023206532E-05,0,0,0,0,0,38
2,3872,159.534133,0.940084457397461,9.97181559796445E-05,0,0,0,0,0,38
2,3873,159.578133,0.920418202877045,-3.83585529561969E-06,0,0,0,0,0,38
2,3874,159.622133,0.922512829303741,-6.75341743772151E-06,0,0,0,0,0,38
2,3875,159.666133,0.926294803619385,1.61163807206322E-05,0,0,0,0,0,38
2,3876,159.710133,0.927031815052032,4.11158453061944E-06,0,0,0,0,0,38
2,3877,159.754133,0.929785847663879,1.30294438349665E-06,0,0,0,0,0,38
2,3878,159.798133,0.931861102581024,-4.36158443335444E-05,0,0,0,0,0,38
2,3879,159.842133,0.933315694332123,-2.63381957665842E-06,0,0,0,0,0,38
2,3880,159.886133,0.935623705387115,-6.64449498799513E-06,0,0,0,0,0,38
2,3881,159.930133,0.937737703323364,-0.000117597439384554,0,0,0,0,0,38
2,3882,159.974133,0.939812958240509,-6.9051307036716E-06,0,0,0,0,0,38
2,3883,160.018133,0.936380088329315,7.24447818356566E-05,0,0,0,0,0,38
2,3884,160.062133,0.943905234336853,-8.46894454298308E-06,0,0,0,0,0,38
2,3885,160.106133,0.947202324867249,1.33038502099225E-05,0,0,0,0,0,38
2,3886,160.150133,0.947939336299896,-0.000156782247358933,0,0,0,0,0,38
2,3887,160.194133,0.951003670692444,-4.3382438889239E-05,0,0,0,0,0,38
2,3888,160.238133,0.953777134418488,9.05587967281463E-06,0,0,0,0,0,38
2,3889,160.282133,0.953932285308838,-0.000186654200660996,0,0,0,0,0,38
2,3890,160.326133,0.955677807331085,7.41641997592524E-05,0,0,0,0,0,38
2,3891,160.370133,0.949180603027344,-5.52510828129016E-05,0,0,0,0,0,38
2,3892,160.414133,0.961825966835022,-1.11668725821801E-06,0,0,0,0,0,38
2,3893,160.458133,0.990355551242828,8.36326580611058E-05,0,0,0,0,0,38
2,3894,160.502133,0.966112196445465,-1.18922171168379E-05,0,0,0,0,0,38
2,3895,160.546133,0.975693166255951,0.000132947243400849,0,0,0,0,0,38
2,3896,160.590133,0.973404586315155,-0.000252995669143274,0,0,0,0,0,38
2,3897,160.634133,0.962892651557922,6.33850163467287E-07,0,0,0,0,0,38
2,3898,160.678133,0.9762943983078,1.94346212083474E-05,0,0,0,0,0,38
2,3899,160.722133,0.995010316371918,0.000145644473377615,0,0,0,0,0,38
2,3900,160.766133,0.980425477027893,3.6642247778218E-06,0,0,0,0,0,38
2,3901,160.810133,0.972240924835205,-5.60796688660048E-05,0,0,0,0,0,38
2,3902,160.854133,0.984517753124237,1.53228029375896E-05,0,0,0,0,0,38
2,3903,160.898133,0.986185729503632,4.95573249281733E-06,0,0,0,0,0,38
2,3904,160.942133,0.98829972743988,-0.000112489760795143,0,0,0,0,0,38
2,3905,160.986133,0.990161597728729,1.0267485777149E-06,0,0,0,0,0,38
2,3906,161.030133,0.99351692199707,-1.80307688424364E-05,0,0,0,0,0,38
2,3907,161.074133,0.994874536991119,-8.14995746623026E-06,0,0,0,0,0,38
2,3908,161.118133,0.997958302497864,1.12459965748712E-05,0,0,0,0,0,38
2,3909,161.162133,0.999063789844513,0.000111964138341136,0,0,0,0,0,38
2,3910,161.206133,1.00222516059875,4.85069995193044E-06,0,0,0,0,0,38
2,3911,161.250133,1.00430035591125,7.69046073401114E-06,0,0,0,0,0,38
2,3912,161.294133,1.00433921813965,-9.93550565908663E-06,0,0,0,0,0,38
2,3913,161.338133,0.999684453010559,-6.34591560810804E-05,0,0,0,0,0,38
2,3914,161.382133,1.01064240932465,8.81080450199079E-06,0,0,0,0,0,38
2,3915,161.426133,1.01265954971313,-7.39528104531928E-06,0,0,0,0,0,38
2,3916,161.470133,1.01537477970123,9.23093375604367E-06,0,0,0,0,0,38
2,3917,161.514133,1.01698446273804,2.40383792515786E-06,0,0,0,0,0,38
2,3918,161.558133,1.02024281024933,8.55794951348798E-06,0,0,0,0,0,38
2,3919,161.602133,1.01595664024353,5.40330183866899E-05,0,0,0,0,0,38
2,3920,161.646133,1.01275646686554,-1.07991036202293E-05,0,0,0,0,0,38
2,3921,161.690133,1.01258194446564,-1.68209517141804E-05,0,0,0,0,0,38
2,3922,161.734133,1.02885413169861,1.07830765045946E-05,0,0,0,0,0,38
2,3923,161.778133,1.03026986122131,9.67440337262815E-06,0,0,0,0,0,38
2,3924,161.822133,1.03300452232361,1.40896472657914E-05,0,0,0,0,0,38
2,3925,161.866133,1.03546762466431,8.4606972450274E-06,0,0,0,0,0,38
2,3926,161.910133,1.0366895198822,4.52004314865917E-06,0,0,0,0,0,38
2,3927,161.954133,1.06221294403076,0.00018773517513182,0,0,0,0,0,38
2,3928,161.998133,1.04175162315369,1.08569884105236E-05,0,0,0,0,0,38
2,3929,162.042133,1.04440867900848,1.28526007756591E-05,0,0,0,0,0,38
2,3930,162.086133,1.04584383964539,1.78241261892254E-05,0,0,0,0,0,38
2,3931,162.130133,1.04840397834778,1.28487108668196E-05,0,0,0,0,0,38
2,3932,162.174133,1.04817116260529,-0.00020545108418446,0,0,0,0,0,38
2,3933,162.218133,1.05226349830627,6.98635585649754E-06,0,0,0,0,0,38
2,3934,162.262133,1.07660388946533,9.29610832827166E-05,0,0,0,0,0,38
2,3935,162.306133,1.05622005462646,-4.47595266450662E-05,0,0,0,0,0,38
2,3936,162.350133,1.05928444862366,1.50621681314078E-05,0,0,0,0,0,38
2,3937,162.394133,1.08812427520752,0.00015618659381289,0,0,0,0,0,38
2,3938,162.438133,1.06989324092865,0.000159240313223563,0,0,0,0,0,38
2,3939,162.482133,1.06533551216125,7.73714145907434E-06,0,0,0,0,0,38
2,3940,162.526133,1.06822538375854,1.7575161109562E-05,0,0,0,0,0,38
2,3941,162.570133,1.05614244937897,-1.49031411638134E-05,0,0,0,0,0,38
2,3942,162.614133,1.07243406772614,1.32766199385514E-05,0,0,0,0,0,38
2,3943,162.658133,1.07520747184753,1.91117451322498E-05,0,0,0,0,0,38
2,3944,162.702133,1.07652628421783,-1.93144951481372E-05,0,0,0,0,0,38
2,3945,162.746133,1.07929968833923,-6.50834226689767E-06,0,0,0,0,0,38
2,3946,162.790133,1.08180165290833,2.35386596614262E-05,0,0,0,0,0,38
2,3947,162.834133,1.10480380058289,0.00013586480054073,0,0,0,0,0,38
2,3948,162.878133,1.10579288005829,0.00014020613161847,0,0,0,0,0,38
2,3949,162.922133,1.08818256855011,-4.89452577312477E-05,0,0,0,0,0,38
2,3950,162.966133,1.08990859985352,1.80865526999696E-06,0,0,0,0,0,38
2,3951,163.010133,1.09114992618561,1.30683451970981E-06,0,0,0,0,0,38
2,3952,163.054133,1.09140205383301,0.000110435335955117,0,0,0,0,0,38
2,3953,163.098133,1.11849641799927,0.00014258298324421,0,0,0,0,0,38
2,3954,163.142133,1.09004437923431,-4.08383239118848E-05,0,0,0,0,0,38
2,3955,163.186133,1.08853161334991,-1.89916190720396E-05,0,0,0,0,0,38
2,3956,163.230133,1.0981901884079,0.000107934007246513,0,0,0,0,0,38
2,3957,163.274133,1.10594809055328,-2.5643659682828E-05,0,0,0,0,0,38
2,3958,163.318133,1.12478029727936,0.000128006839076988,0,0,0,0,0,38
2,3959,163.362133,1.10086667537689,-2.11350543395383E-05,0,0,0,0,0,38
2,3960,163.406133,1.10478436946869,-2.77365252259187E-05,0,0,0,0,0,38
2,3961,163.450133,1.13814330101013,0.000185113254701719,0,0,0,0,0,38
2,3962,163.494133,1.11632430553436,6.70237977828947E-06,0,0,0,0,0,38
2,3963,163.538133,1.11822497844696,-4.59654547739774E-05,0,0,0,0,0,38
2,3964,163.582133,1.12084317207336,6.32893170404714E-06,0,0,0,0,0,38
2,3965,163.626133,1.12309300899506,1.20084532682085E-05,0,0,0,0,0,38
2,3966,163.670133,1.12353909015656,-5.30630677531008E-06,0,0,0,0,0,38
2,3967,163.714133,1.12187111377716,7.33589549781755E-05,0,0,0,0,0,38
2,3968,163.758133,1.13001692295074,1.96913661056897E-05,0,0,0,0,0,38
2,3969,163.802133,1.13143277168274,8.71355223353021E-06,0,0,0,0,0,38
2,3970,163.846133,1.12858176231384,-4.08149826398585E-05,0,0,0,0,0,38
2,3971,163.890133,1.13480746746063,0.000135440786834806,0,0,0,0,0,38
2,3972,163.934133,1.13858938217163,-1.30670223370544E-05,0,0,0,0,0,38
2,3973,163.978133,1.13868629932404,9.20508027775213E-05,0,0,0,0,0,38
2,3974,164.022133,1.13178181648254,-1.33842195282341E-06,0,0,0,0,0,38
2,3975,164.066133,1.16909730434418,0.000159823830472305,0,0,0,0,0,38
2,3976,164.110133,1.14867460727692,0.000153545232024044,0,0,0,0,0,38
2,3977,164.154133,1.16533470153809,0.00018242521036882,0,0,0,0,0,38
2,3978,164.198133,1.13946211338043,-3.24396351061296E-05,0,0,0,0,0,38
2,3979,164.242133,1.1540470123291,1.57779431901872E-05,0,0,0,0,0,38
2,3980,164.286133,1.1559476852417,1.30315447677276E-05,0,0,0,0,0,38
2,3981,164.330133,1.1575186252594,3.11183293888462E-06,0,0,0,0,0,38
2,3982,164.374133,1.1604859828949,-6.84151236782782E-05,0,0,0,0,0,38
2,3983,164.418133,1.1616884469986,3.27521661347419E-06,0,0,0,0,0,38
2,3984,164.462133,1.16508257389069,1.84504297067178E-05,0,0,0,0,0,38
2,3985,164.506133,1.16711902618408,1.74312281160383E-05,0,0,0,0,0,38
2,3986,164.550133,1.1544736623764,-3.62091268470977E-05,0,0,0,0,0,38
2,3987,164.594133,1.16768145561218,-2.33407317864476E-05,0,0,0,0,0,38
2,3988,164.638133,1.17326712608337,5.48478374184924E-06,0,0,0,0,0,38
2,3989,164.682133,1.17353868484497,-6.80787843521102E-06,0,0,0,0,0,38
2,3990,164.726133,1.17367446422577,-2.06449039978907E-05,0,0,0,0,0,38
2,3991,164.770133,1.17117249965668,-3.1700521503808E-05,0,0,0,0,0,38
2,3992,164.814133,1.17253017425537,-8.46116381580941E-06,0,0,0,0,0,38
2,3993,164.858133,1.18498158454895,1.96796972886659E-05,0,0,0,0,0,38
2,3994,164.902133,1.17429506778717,-1.28452875287621E-05,0,0,0,0,0,38
2,3995,164.946133,1.17493510246277,-5.8664786592999E-06,0,0,0,0,0,38
2,3996,164.990133,1.2177973985672,0.000171649677213281,0,0,0,0,0,38
2,3997,165.034133,1.2188059091568,0.000127590596093796,0,0,0,0,0,38
2,3998,165.078133,1.19448494911194,4.58617432741448E-06,0,0,0,0,0,38
2,3999,165.122133,1.19834446907043,1.9376269847271E-05,0,0,0,0,0,38
2,4000,165.166133,1.19946944713593,1.36617381940596E-05,0,0,0,0,0,38
2,4001,165.210133,1.19679296016693,9.1998126663384E-06,0,0,0,0,0,38
2,4002,165.254133,1.19657957553864,-0.000248490949161351,0,0,0,0,0,38
2,4003,165.298133,1.19403886795044,2.57910178333987E-05,0,0,0,0,0,38
2,4004,165.342133,1.19190549850464,2.1558606022154E-05,0,0,0,0,0,38
2,4005,165.386133,1.18942296504974,1.78280170075595E-05,0,0,0,0,0,38
2,4006,165.430133,1.18606770038605,6.54677614875254E-06,0,0,0,0,0,38
2,4007,165.474133,1.17322838306427,-1.35182717713178E-05,0,0,0,0,0,38
2,4008,165.518133,1.18222749233246,7.97054690337973E-06,0,0,0,0,0,38
2,4009,165.562133,1.18048191070557,8.17283125797985E-06,0,0,0,0,0,38
2,4010,165.606133,1.17834854125977,1.72289437614381E-05,0,0,0,0,0,38
2,4011,165.650133,1.17656421661377,1.8975591956405E-05,0,0,0,0,0,38
2,4012,165.694133,1.17396533489227,8.57350914884591E-06,0,0,0,0,0,38
2,4013,165.738133,1.1619987487793,-3.91342140915185E-08,0,0,0,0,0,38
2,4014,165.782133,1.16944634914398,1.61086009029532E-05,0,0,0,0,0,38
2,4015,165.826133,1.1548810005188,-1.06668412627187E-05,0,0,0,0,0,38
2,4016,165.870133,1.1544736623764,-5.57995845156256E-05,0,0,0,0,0,38
2,4017,165.914133,1.16147518157959,3.48528101312695E-06,0,0,0,0,0,38
2,4018,165.958133,1.1609320640564,1.22651981655508E-05,0,0,0,0,0,38
2,4019,166.002133,1.15800344944,-3.01367072097491E-05,0,0,0,0,0,38
2,4020,166.046133,1.17695212364197,0.000182549687451683,0,0,0,0,0,38
2,4021,166.090133,1.15383362770081,-1.62296601047274E-05,0,0,0,0,0,38
2,4022,166.134133,1.15107953548431,-0.00014008600555826,0,0,0,0,0,38
2,4023,166.178133,1.15086627006531,3.01440195471514E-05,0,0,0,0,0,38
2,4024,166.222133,1.14749157428741,9.88835745374672E-06,0,0,0,0,0,38
2,4025,166.266133,1.13211154937744,-2.58615054917755E-05,0,0,0,0,0,38
2,4026,166.310133,1.14301133155823,-2.3574137230753E-05,0,0,0,0,0,38
2,4027,166.354133,1.14074218273163,9.94281890598359E-06,0,0,0,0,0,38
2,4028,166.398133,1.1570143699646,0.000142719130963087,0,0,0,0,0,38
2,4029,166.442133,1.15868234634399,0.000161216477863491,0,0,0,0,0,38
2,4030,166.486133,1.13403165340424,-4.47592924501805E-07,0,0,0,0,0,38
2,4031,166.530133,1.13166546821594,-4.21319327870151E-06,0,0,0,0,0,38
2,4032,166.574133,1.15094387531281,0.000104537968582008,0,0,0,0,0,38
2,4033,166.618133,1.12745678424835,5.76875982005731E-06,0,0,0,0,0,38
2,4034,166.662133,1.12468338012695,-3.5985601698485E-06,0,0,0,0,0,38
2,4035,166.706133,1.11112642288208,-1.65875480888644E-05,0,0,0,0,0,38
2,4036,166.750133,1.12095963954926,-6.75359624437988E-05,0,0,0,0,0,38
2,4037,166.794133,1.13232493400574,0.000166324156452902,0,0,0,0,0,38
2,4038,166.838133,1.10670447349548,-2.17146771319676E-05,0,0,0,0,0,38
2,4039,166.882133,1.11357021331787,-9.27826040424407E-05,0,0,0,0,0,38
2,4040,166.926133,1.11188280582428,6.16165789324441E-06,0,0,0,0,0,38
2,4041,166.970133,1.11009860038757,8.9702980403672E-06,0,0,0,0,0,38
2,4042,167.014133,1.13632023334503,0.000145341051393189,0,0,0,0,0,38
2,4043,167.058133,1.10581231117249,-9.58928831096273E-06,0,0,0,0,0,38
2,4044,167.102133,1.10431897640228,2.00220238184556E-05,0,0,0,0,0,38
2,4045,167.146133,1.10108006000519,-3.70416055375244E-05,0,0,0,0,0,38
2,4046,167.190133,1.08946251869202,8.47236697154585E-06,0,0,0,0,0,38
2,4047,167.234133,1.08399331569672,-1.5630586858606E-05,0,0,0,0,0,38
2,4048,167.278133,1.09171235561371,-2.4538876459701E-05,0,0,0,0,0,38
2,4049,167.322133,1.11849641799927,0.000102997495559976,0,0,0,0,0,38
2,4050,167.366133,1.08905529975891,-2.79331288766116E-06,0,0,0,0,0,38
2,4051,167.410133,1.07887303829193,-3.49993097188417E-05,0,0,0,0,0,38
2,4052,167.454133,1.08678615093231,1.74273391166935E-05,0,0,0,0,0,38
2,4053,167.498133,1.10614204406738,0.000152035878272727,0,0,0,0,0,38
2,4054,167.542133,1.08162713050842,3.24020584230311E-06,0,0,0,0,0,38
2,4055,167.586133,1.07978463172913,1.86215947906021E-05,0,0,0,0,0,38
2,4056,167.630133,1.07683658599854,2.3882776076789E-06,0,0,0,0,0,38
2,4057,167.674133,1.07499408721924,2.62946264228958E-06,0,0,0,0,0,38
2,4058,167.718133,1.06099116802216,-4.98360859637614E-05,0,0,0,0,0,38
2,4059,167.762133,1.0933803319931,0.000167067162692547,0,0,0,0,0,38
2,4060,167.806133,1.06805086135864,-7.04338390278281E-07,0,0,0,0,0,38
2,4061,167.850133,1.06568467617035,-2.92557569991914E-06,0,0,0,0,0,38
2,4062,167.894133,1.06353187561035,-8.43393354443833E-06,0,0,0,0,0,38
2,4063,167.938133,1.06174755096436,3.96555094539508E-07,0,0,0,0,0,38
2,4064,167.982133,1.05173981189728,-4.49695944553241E-05,0,0,0,0,0,38
2,4065,168.026133,1.05868315696716,-0.000293242483166978,0,0,0,0,0,38
2,4066,168.070133,1.05556058883667,3.72257613889815E-06,0,0,0,0,0,38
2,4067,168.114133,1.07350075244904,9.65321742114611E-05,0,0,0,0,0,38
2,4068,168.158133,1.07485830783844,2.18192417378305E-05,0,0,0,0,0,38
2,4069,168.202133,1.04879188537598,6.4067335188156E-06,0,0,0,0,0,38
2,4070,168.246133,1.0372326374054,-6.11056602792814E-05,0,0,0,0,0,38
2,4071,168.290133,1.04330313205719,-6.26536746040074E-07,0,0,0,0,0,38
2,4072,168.334133,1.05497872829437,0.000155182962771505,0,0,0,0,0,38
2,4073,168.378133,1.06104934215546,0.000149056082591414,0,0,0,0,0,38
2,4074,168.422133,1.0380083322525,1.26075256048352E-05,0,0,0,0,0,38
2,4075,168.466133,1.02468419075012,-1.9880658328475E-06,0,0,0,0,0,38
2,4076,168.510133,1.0389004945755,0.000154482739162631,0,0,0,0,0,38
2,4077,168.554133,1.03077411651611,8.72133296070388E-06,0,0,0,0,0,38
2,4078,168.598133,1.01779913902283,-6.32550836598966E-06,0,0,0,0,0,38
2,4079,168.642133,1.01485109329224,-1.72060699696885E-05,0,0,0,0,0,38
2,4080,168.686133,1.02441275119781,-8.90463343239389E-06,0,0,0,0,0,38
2,4081,168.730133,1.0396181344986,0.00010690313501982,0,0,0,0,0,38
2,4082,168.774133,1.00740349292755,-2.56825605902122E-05,0,0,0,0,0,38
2,4083,168.818133,1.03806662559509,0.000166320271091536,0,0,0,0,0,38
2,4084,168.862133,1.04132485389709,0.000148281949805096,0,0,0,0,0,38
2,4085,168.906133,1.01155400276184,-1.19583482955932E-05,0,0,0,0,0,38
2,4086,168.950133,1.01073944568634,-1.95305506167642E-06,0,0,0,0,0,38
2,4087,168.994133,1.00883877277374,2.69971955901838E-08,0,0,0,0,0,38
2,4088,169.038133,1.00666654109955,2.53221060120268E-06,0,0,0,0,0,38
2,4089,169.082133,1.00525069236755,1.2568624697451E-05,0,0,0,0,0,38
2,4090,169.126133,1.00098383426666,-5.520261311176E-06,0,0,0,0,0,38
2,4091,169.170133,1.00059592723846,8.27397343527991E-06,0,0,0,0,0,38
2,4092,169.214133,0.992392003536224,5.14305538672488E-05,0,0,0,0,0,38
2,4093,169.258133,0.983509242534637,-1.18670868687332E-06,0,0,0,0,0,38
2,4094,169.302133,0.990006446838379,9.52834598137997E-05,0,0,0,0,0,38
2,4095,169.346133,0.989230692386627,-2.03764884645352E-05,0,0,0,0,0,38
2,4096,169.390133,0.989540994167328,2.96011967293452E-06,0,0,0,0,0,38
2,4097,169.434133,0.976003468036652,-1.88593548955396E-05,0,0,0,0,0,38
2,4098,169.478133,0.972745180130005,-3.40773622156121E-05,0,0,0,0,0,38
2,4099,169.522133,1.00284576416016,0.000219614405068569,0,0,0,0,0,38
2,4100,169.566133,0.979669094085693,-6.78453807267942E-06,0,0,0,0,0,38
2,4101,169.610133,0.967935264110565,-7.3680507739482E-06,0,0,0,0,0,38
2,4102,169.654133,0.97538286447525,-0.000120188240543939,0,0,0,0,0,38
2,4103,169.698133,0.96991354227066,-3.63686194759794E-05,0,0,0,0,0,38
2,4104,169.742133,0.971212983131409,1.72696343270218E-06,0,0,0,0,0,38
2,4105,169.786133,0.958877921104431,-4.6704568376299E-05,0,0,0,0,0,38
2,4106,169.830133,0.983838975429535,0.000148266393807717,0,0,0,0,0,38
2,4107,169.874133,0.96529757976532,5.37975120096235E-06,0,0,0,0,0,38
2,4108,169.918133,0.956608772277832,7.05697602825239E-05,0,0,0,0,0,38
2,4109,169.962133,0.959595561027527,4.09602398576681E-06,0,0,0,0,0,38
2,4110,170.006133,0.958548247814178,4.04156298827729E-06,0,0,0,0,0,38
2,4111,170.050133,0.957113027572632,1.26191962408484E-05,0,0,0,0,0,38
2,4112,170.094133,0.953117728233337,-7.37194068278768E-06,0,0,0,0,0,38
2,4113,170.138133,0.937912285327911,-3.09225033561233E-05,0,0,0,0,0,38
2,4114,170.182133,0.970204472541809,8.09096018201672E-05,0,0,0,0,0,38
2,4115,170.226133,0.937951028347015,-5.81201720706304E-06,0,0,0,0,0,38
2,4116,170.270133,0.944797396659851,-7.81151993578533E-06,0,0,0,0,0,38
2,4117,170.314133,0.933470845222473,-5.76395941607188E-05,0,0,0,0,0,38
2,4118,170.358133,0.937679529190063,-2.90397038043011E-05,0,0,0,0,0,38
2,4119,170.402133,0.938241958618164,-5.72075578020304E-07,0,0,0,0,0,38
2,4120,170.446133,0.928486406803131,1.65715209732298E-05,0,0,0,0,0,38
2,4121,170.490133,0.924083828926086,-2.44709553953726E-06,0,0,0,0,0,38
2,4122,170.534133,0.927148163318634,-4.03014928451739E-05,0,0,0,0,0,38
2,4123,170.578133,0.944099187850952,0.000200871989363804,0,0,0,0,0,38
2,4124,170.622133,0.927128791809082,-0.000119406329758931,0,0,0,0,0,38
2,4125,170.666133,0.914367079734802,-3.50771115336102E-05,0,0,0,0,0,38
2,4126,170.710133,0.922978341579437,-7.71426766732475E-06,0,0,0,0,0,38
2,4127,170.754133,0.919448494911194,-1.09723680452589E-06,0,0,0,0,0,38
2,4128,170.798133,0.918284833431244,-4.39602717960952E-06,0,0,0,0,0,38
2,4129,170.842133,0.917353868484497,-6.33328863841598E-06,0,0,0,0,0,38
2,4130,170.886133,0.913765847682953,-8.60877698869444E-05,0,0,0,0,0,38
2,4131,170.930133,0.930736243724823,7.74668806116097E-05,0,0,0,0,0,38
2,4132,170.974133,0.912582755088806,0.000126785351312719,0,0,0,0,0,38
2,4133,171.018133,0.922939538955688,0.00013178022345528,0,0,0,0,0,38
2,4134,171.062133,0.893886268138886,-3.33888165187091E-05,0,0,0,0,0,38
2,4135,171.106133,0.902982354164124,-6.79231834510574E-06,0,0,0,0,0,38
2,4136,171.150133,0.901236832141876,2.66447341346066E-06,0,0,0,0,0,38
2,4137,171.194133,0.898734927177429,-1.03499542092322E-06,0,0,0,0,0,38
2,4138,171.238133,0.884673774242401,-1.76534304046072E-05,0,0,0,0,0,38
2,4139,171.282133,0.885507762432098,-3.5839566407958E-05,0,0,0,0,0,38
2,4140,171.326133,0.899937391281128,0.000117464711365756,0,0,0,0,0,38
2,4141,171.370133,0.880833625793457,-1.26857939903857E-05,0,0,0,0,0,38
2,4142,171.414133,0.883064031600952,-4.34213397966232E-05,0,0,0,0,0,38
2,4143,171.458133,0.88577926158905,-9.14402903617884E-07,0,0,0,0,0,38
2,4144,171.502133,0.894196569919586,0.000132908346131444,0,0,0,0,0,38
2,4145,171.546133,0.87377393245697,-5.36854804522591E-06,0,0,0,0,0,38
2,4146,171.590133,0.879185080528259,-2.49377649197413E-06,0,0,0,0,0,38
2,4147,171.634133,0.875150978565216,-1.02311514638131E-05,0,0,0,0,0,38
2,4148,171.678133,0.875810384750366,9.51490983425174E-06,0,0,0,0,0,38
2,4149,171.722133,0.872901201248169,8.39456606627209E-06,0,0,0,0,0,38
2,4150,171.766133,0.870981097221375,1.52877928485395E-05,0,0,0,0,0,38
2,4151,171.810133,0.864716589450836,-2.36713876802241E-05,0,0,0,0,0,38
2,4152,171.854133,0.8552325963974,-1.93728465092136E-05,0,0,0,0,0,38
2,4153,171.898133,0.85457319021225,-5.68615760130342E-05,0,0,0,0,0,38
2,4154,171.942133,0.878545045852661,4.57899332104716E-05,0,0,0,0,0,38
2,4155,171.986133,0.868440389633179,1.8644934243639E-05,0,0,0,0,0,38
2,4156,172.030133,0.850325703620911,1.0020620720752E-05,0,0,0,0,0,38
2,4157,172.074133,0.845670998096466,1.64527170909423E-06,0,0,0,0,0,38
2,4158,172.118133,0.852594912052155,4.2360670704511E-06,0,0,0,0,0,38
2,4159,172.162133,0.850364506244659,-4.40769736087532E-06,0,0,0,0,0,38
2,4160,172.206133,0.841811418533325,2.10430152947083E-06,0,0,0,0,0,38
2,4161,172.250133,0.861458301544189,3.48782523360569E-05,0,0,0,0,0,38
2,4162,172.294133,0.84347939491272,-7.62868603487732E-06,0,0,0,0,0,38
2,4163,172.338133,0.858743011951447,4.95788735861424E-05,0,0,0,0,0,38
2,4164,172.382133,0.839794397354126,-2.40430472331354E-06,0,0,0,0,0,38
2,4165,172.426133,0.837117910385132,-6.10766392128426E-06,0,0,0,0,0,38
2,4166,172.470133,0.833743214607239,-8.47672436066205E-06,0,0,0,0,0,38
2,4167,172.514133,0.847009241580963,9.86211525741965E-05,0,0,0,0,0,38
2,4168,172.558133,0.83137708902359,1.09386801341316E-05,0,0,0,0,0,38
2,4169,172.602133,0.828312695026398,7.77783213834482E-07,0,0,0,0,0,38
2,4170,172.646133,0.826644778251648,-2.02636765607167E-05,0,0,0,0,0,38
2,4171,172.690133,0.823464035987854,1.69877584994538E-05,0,0,0,0,0,38
2,4172,172.734133,0.819934189319611,-2.27922300837236E-05,0,0,0,0,0,38
2,4173,172.778133,0.819177806377411,-4.61776198790176E-06,0,0,0,0,0,38
2,4174,172.822133,0.819042026996613,1.67893649631878E-05,0,0,0,0,0,38
2,4175,172.866133,0.815919518470764,-1.20226900435227E-06,0,0,0,0,0,38
2,4176,172.910133,0.821737885475159,2.25933690671809E-05,0,0,0,0,0,38
2,4177,172.954133,0.803623259067535,3.5786429180007E-06,0,0,0,0,0,38
2,4178,172.998133,0.80893737077713,-2.64937989413738E-06,0,0,0,0,0,38
2,4179,173.042133,0.805737257003784,-1.32498562379624E-05,0,0,0,0,0,38
2,4180,173.086133,0.803759038448334,-4.40380745203584E-06,0,0,0,0,0,38
2,4181,173.130133,0.801916539669037,-1.40844338147872E-06,0,0,0,0,0,38
2,4182,173.174133,0.800287365913391,-2.03103572857799E-05,0,0,0,0,0,38
2,4183,173.218133,0.798231542110443,2.80840663435811E-06,0,0,0,0,0,38
2,4185,173.306133,0.793479800224304,-8.7189768294138E-08,0,0,0,0,0,38
2,4186,173.350133,0.791520953178406,-8.05837103712292E-08,0,0,0,0,0,38
2,4187,173.394133,0.789213001728058,7.88372744864319E-09,0,0,0,0,0,38
2,4188,173.438133,0.786633491516113,-1.15463066663324E-07,0,0,0,0,0,38
2,4189,173.482133,0.784907341003418,-1.10690514532052E-07,0,0,0,0,0,38
2,4190,173.526133,0.782482981681824,-1.2488750655848E-07,0,0,0,0,0,38
2,4191,173.570133,0.780175030231476,-5.65263000851246E-08,0,0,0,0,0,38
2,4192,173.614133,0.777944624423981,-3.65757735210082E-08,0,0,0,0,0,38
2,4193,173.658133,0.776296079158783,-6.61298003024058E-08,0,0,0,0,0,38
2,4194,173.702133,0.773658394813538,-1.30372441731197E-07,0,0,0,0,0,38
2,4195,173.746133,0.771680176258087,-1.07039085150973E-07,0,0,0,0,0,38
2,4196,173.790133,0.769410967826843,-8.02372568387E-08,0,0,0,0,0,38
2,4197,173.834133,0.766831457614899,-1.05306789066617E-07,0,0,0,0,0,38
2,4198,173.878133,0.764756262302399,-9.44809528391488E-08,0,0,0,0,0,38
2,4199,173.922133,0.762739181518555,-1.22310481742716E-07,0,0,0,0,0,38
2,4200,173.966133,0.760741531848907,-1.16868363875255E-07,0,0,0,0,0,38
2,4201,174.010133,0.758472323417664,-8.16036234141393E-08,0,0,0,0,0,38
2,4202,174.054133,0.756067395210266,-6.69083561888328E-08,0,0,0,0,0,38
2,4203,174.098133,0.754147350788116,-1.06926194121115E-07,0,0,0,0,0,38
2,4204,174.142133,0.75180059671402,-1.21504669436945E-07,0,0,0,0,0,38
2,4205,174.186133,0.749667167663574,-1.18071234567196E-07,0,0,0,0,0,38
2,4206,174.230133,0.747281610965729,-8.67965965767326E-08,0,0,0,0,0,38
2,4207,174.274133,0.745070576667786,-6.34204226912516E-08,0,0,0,0,0,38
2,4208,174.318133,0.743189334869385,-1.08261417608446E-07,0,0,0,0,0,38
2,4209,174.362133,0.740803778171539,-1.43117418360816E-07,0,0,0,0,0,38
2,4210,174.406133,0.738515198230743,-1.03204691015435E-07,0,0,0,0,0,38
2,4211,174.450133,0.736439943313599,-8.15569123346904E-08,0,0,0,0,0,38
2,4212,174.494133,0.734054386615753,-4.45598757892185E-08,0,0,0,0,0,38
2,4213,174.538133,0.732037365436554,-9.55631520582756E-08,0,0,0,0,0,38
2,4214,174.582133,0.729748785495758,-1.31201602471265E-07,0,0,0,0,0,38
2,4215,174.626133,0.727324426174164,-1.08448269031669E-07,0,0,0,0,0,38
2,4216,174.670133,0.725578904151917,-7.67960344205676E-08,0,0,0,0,0,38
2,4217,174.714133,0.72338730096817,-9.06932768884872E-08,0,0,0,0,0,38
2,4218,174.758133,0.721098721027374,-1.18674620352976E-07,0,0,0,0,0,38
2,4219,174.802133,0.718790769577026,-1.35125532096936E-07,0,0,0,0,0,38
2,4220,174.846133,0.716540992259979,-1.13746352781163E-07,0,0,0,0,0,38
2,4221,174.890133,0.714349389076233,-7.56320872596916E-08,0,0,0,0,0,38
2,4222,174.934133,0.712177157402039,-8.706130927294E-08,0,0,0,0,0,38
2,4223,174.978133,0.70981103181839,-1.20924653401744E-07,0,0,0,0,0,38
2,4224,175.022133,0.707522451877594,-1.05061545241369E-07,0,0,0,0,0,38
2,4225,175.066133,0.705233871936798,-1.34751815039635E-07,0,0,0,0,0,38
2,4226,175.110133,0.703313767910004,-8.61464997115036E-08,0,0,0,0,0,38
2,4227,175.154133,0.701005816459656,-9.95649358515038E-08,0,0,0,0,0,38
2,4228,175.198133,0.699046969413757,-1.02975015181528E-07,0,0,0,0,0,38
2,4229,175.242133,0.696816563606262,-1.34938673568286E-07,0,0,0,0,0,38
2,4230,175.286133,0.694663763046265,-9.45821696518578E-08,0,0,0,0,0,38
2,4231,175.330133,0.69223940372467,-7.86567824206941E-08,0,0,0,0,0,38
2,4232,175.374133,0.690241754055023,-5.99714127247353E-08,0,0,0,0,0,38
2,4233,175.418133,0.68818587064743,-1.22691972137545E-07,0,0,0,0,0,38
2,4234,175.462133,0.685722768306732,-1.68965513580588E-07,0,0,0,0,0,38
2,4235,175.506133,0.683337211608887,-1.28686863831717E-07,0,0,0,0,0,38
2,4236,175.550133,0.68133956193924,-6.27547578346821E-08,0,0,0,0,0,38
2,4237,175.594133,0.679167330265045,-1.43642935768185E-07,0,0,0,0,0,38
2,4238,175.638133,0.676956355571747,-9.4535458572409E-08,0,0,0,0,0,38
2,4239,175.682133,0.674764752388,-1.02266525914274E-07,0,0,0,0,0,38
2,4240,175.726133,0.672514975070953,-9.68750200058821E-08,0,0,0,0,0,38
2,4241,175.770133,0.670536696910858,-6.2112448517837E-08,0,0,0,0,0,38
2,4242,175.814133,0.668151140213013,-1.32618581005772E-07,0,0,0,0,0,38
2,4243,175.858133,0.666017711162567,-1.45180592880934E-07,0,0,0,0,0,38
2,4244,175.902133,0.663593411445618,-1.45083276947844E-07,0,0,0,0,0,38
2,4245,175.946133,0.66153758764267,-1.11293893212405E-07,0,0,0,0,0,38
2,4246,175.990133,0.659636855125427,-1.29204607901556E-07,0,0,0,0,0,38
2,4247,176.034133,0.656960427761078,-1.04469840778165E-07,0,0,0,0,0,38
2,4248,176.078133,0.654962778091431,-1.44993734352283E-07,0,0,0,0,0,38
2,4249,176.122133,0.652790546417236,-1.28772498442231E-07,0,0,0,0,0,38
2,4250,176.166133,0.650404989719391,-7.81312579078985E-08,0,0,0,0,0,38
2,4251,176.210133,0.648426711559296,-1.36305047249152E-07,0,0,0,0,0,38
2,4252,176.254133,0.646370887756348,-1.08222486971954E-07,0,0,0,0,0,38
2,4253,176.298133,0.643907785415649,-1.52436740563644E-07,0,0,0,0,0,38
2,4254,176.342133,0.641774356365204,-1.64313632922131E-07,0,0,0,0,0,38
2,4255,176.386133,0.639543950557709,-9.21336038572917E-08,0,0,0,0,0,38
2,4256,176.430133,0.63752692937851,-1.1358674356643E-07,0,0,0,0,0,38
2,4257,176.474133,0.634986221790314,-7.49313855408218E-08,0,0,0,0,0,38
2,4258,176.518133,0.633046746253967,-1.92532439768911E-07,0,0,0,0,0,38
2,4259,176.562133,0.630855143070221,-1.56524166072813E-07,0,0,0,0,0,38
2,4260,176.606133,0.628682911396027,-1.43020102427727E-07,0,0,0,0,0,38
2,4261,176.650133,0.626568913459778,-8.41300433762626E-08,0,0,0,0,0,38
2,4262,176.694133,0.623989403247833,-1.46138219747627E-07,0,0,0,0,0,38
2,4263,176.738133,0.621991753578186,-1.32318831447265E-07,0,0,0,0,0,38
2,4264,176.782133,0.619897127151489,-1.35834014258762E-07,0,0,0,0,0,38
2,4265,176.826133,0.617220640182495,-1.09542142467944E-07,0,0,0,0,0,38
2,4266,176.870133,0.615610897541046,-1.32817106646144E-07,0,0,0,0,0,38
2,4267,176.914133,0.613108932971954,-1.38738030841523E-07,0,0,0,0,0,38
2,4268,176.958133,0.610994935035706,-2.19727425587735E-07,0,0,0,0,0,38
2,4269,177.002133,0.608667552471161,-1.38823679662892E-07,0,0,0,0,0,38
2,4270,177.046133,0.606592357158661,-1.32521250861828E-07,0,0,0,0,0,38
2,4271,177.090133,0.604361951351166,-1.11044755612966E-07,0,0,0,0,0,38
2,4272,177.134133,0.60197639465332,-1.31388460999915E-07,0,0,0,0,0,38
2,4273,177.178133,0.599959313869476,-1.649792977787E-07,0,0,0,0,0,38
2,4274,177.222133,0.59761255979538,-1.40427502515195E-07,0,0,0,0,0,38
2,4275,177.266133,0.595614910125732,-1.1112261688595E-07,0,0,0,0,0,38
2,4276,177.310133,0.593287527561188,-1.49380909419961E-07,0,0,0,0,0,38
2,4277,177.354133,0.591328680515289,-1.83201422032653E-07,0,0,0,0,0,38
2,4278,177.398133,0.589214682579041,-1.58599021915506E-07,0,0,0,0,0,38
2,4279,177.442133,0.586964905261993,-1.95452017237585E-07,0,0,0,0,0,38
2,4280,177.486133,0.584559917449951,-1.1792720044923E-07,0,0,0,0,0,38
2,4281,177.530133,0.582387745380402,-1.3878084814678E-07,0,0,0,0,0,38
2,4282,177.574133,0.580331861972809,-1.47165906128066E-07,0,0,0,0,0,38
2,4283,177.618133,0.578004539012909,-1.84007234338424E-07,0,0,0,0,0,38
2,4284,177.662133,0.575715959072113,-1.32435616251314E-07,0,0,0,0,0,38
2,4285,177.706133,0.573563158512115,-1.48368783925434E-07,0,0,0,0,0,38
2,4286,177.750133,0.57127457857132,-1.48205288041936E-07,0,0,0,0,0,38
2,4287,177.794133,0.569432079792023,-1.77568566073205E-07,0,0,0,0,0,38
2,4288,177.838133,0.567162871360779,-1.67984524068743E-07,0,0,0,0,0,38
2,4289,177.882133,0.56479674577713,-1.55842926119476E-07,0,0,0,0,0,38
2,4290,177.926133,0.562430560588837,-1.58217531520677E-07,0,0,0,0,0,38
2,4291,177.970133,0.560355305671692,-1.03282545182992E-07,0,0,0,0,0,38
2,4292,178.014133,0.558105528354645,-1.93918268109883E-07,0,0,0,0,0,38
2,4293,178.058133,0.556069076061249,-2.14211354432337E-07,0,0,0,0,0,38
2,4294,178.102133,0.554013252258301,-1.52094173699879E-07,0,0,0,0,0,38
2,4295,178.146133,0.551550149917603,-1.43362655080637E-07,0,0,0,0,0,38
2,4296,178.190133,0.549300312995911,-1.73267039826897E-07,0,0,0,0,0,38
2,4297,178.234133,0.547147512435913,-1.63176935075171E-07,0,0,0,0,0,38
2,4298,178.278133,0.545130491256714,-1.6564496263527E-07,0,0,0,0,0,38
2,4299,178.322133,0.54295825958252,-1.54087288706251E-07,0,0,0,0,0,38
2,4300,178.366133,0.540611505508423,-1.35892406660787E-07,0,0,0,0,0,38
2,4301,178.410133,0.538284122943878,-1.57014653723309E-07,0,0,0,0,0,38
2,4302,178.454133,0.536344647407532,-2.21724434368298E-07,0,0,0,0,0,38
2,4303,178.498133,0.533939719200134,-1.78787004756487E-07,0,0,0,0,0,38
2,4304,178.542133,0.531534790992737,-1.91496951629233E-07,0,0,0,0,0,38
2,4305,178.586133,0.529556512832642,-1.53402154978721E-07,0,0,0,0,0,38
2,4306,178.630133,0.527481257915497,-2.03646337126884E-07,0,0,0,0,0,38
2,4307,178.674133,0.525367259979248,-2.29907058724166E-07,0,0,0,0,0,38
2,4308,178.718133,0.5228071808815,-2.08800386758412E-07,0,0,0,0,0,38
2,4309,178.762133,0.520790100097656,-1.59907003194348E-07,0,0,0,0,0,38
2,4310,178.806133,0.518617928028107,-1.69907565350513E-07,0,0,0,0,0,38
2,4311,178.850133,0.516697824001312,-1.93003458548446E-07,0,0,0,0,0,38
2,4312,178.894133,0.514351069927216,-1.84945392334157E-07,0,0,0,0,0,38
2,4313,178.938133,0.511887907981873,-2.43644706188206E-07,0,0,0,0,0,38
2,4314,178.982133,0.509735107421875,-1.59190733484138E-07,0,0,0,0,0,38
2,4315,179.026133,0.507485330104828,-1.66189948913598E-07,0,0,0,0,0,38
2,4316,179.070133,0.505371332168579,-2.03529552322834E-07,0,0,0,0,0,38
2,4317,179.114133,0.503160297870636,-2.18528455775413E-07,0,0,0,0,0,38
2,4318,179.158133,0.50087171792984,-2.59406590430444E-07,0,0,0,0,0,38
2,4319,179.202133,0.498641341924667,-1.76338446067348E-07,0,0,0,0,0,38
2,4320,179.246133,0.496566116809845,-1.71094868051114E-07,0,0,0,0,0,38
2,4321,179.290133,0.494277536869049,-1.84096762723129E-07,0,0,0,0,0,38
2,4322,179.334133,0.492124706506729,-2.40429272935216E-07,0,0,0,0,0,38
2,4323,179.378133,0.490088284015656,-2.61329631712215E-07,0,0,0,0,0,38
2,4324,179.422133,0.487819105386734,-2.18909946170243E-07,0,0,0,0,0,38
2,4325,179.466133,0.485511124134064,-2.04716855023435E-07,0,0,0,0,0,38
2,4326,179.510133,0.483532845973969,-2.15340264730912E-07,0,0,0,0,0,38
2,4327,179.554133,0.48106974363327,-2.52683747703486E-07,0,0,0,0,0,38
2,4328,179.598133,0.478975087404251,-2.25656137331498E-07,0,0,0,0,0,38
2,4329,179.642133,0.476919263601303,-2.17290548221172E-07,0,0,0,0,0,38
2,4330,179.686133,0.474572509527206,-1.93964979189332E-07,0,0,0,0,0,38
2,4331,179.730133,0.472303330898285,-2.49771943572341E-07,0,0,0,0,0,38
2,4332,179.774133,0.47022807598114,-2.62470223333366E-07,0,0,0,0,0,38
2,4333,179.818133,0.468055874109268,-2.70539970870232E-07,0,0,0,0,0,38
2,4334,179.862133,0.465864270925522,-2.66226749090492E-07,0,0,0,0,0,38
2,4335,179.906133,0.463517516851425,-2.30732339900896E-07,0,0,0,0,0,38
2,4336,179.950133,0.461267739534378,-2.35785165614288E-07,0,0,0,0,0,38
2,4337,179.994133,0.459076136350632,-2.6327990099162E-07,0,0,0,0,0,38
2,4338,180.038133,0.457039684057236,-2.58125879781801E-07,0,0,0,0,0,38
2,4339,180.082133,0.454557150602341,-2.11918504078312E-07,0,0,0,0,0,38
2,4340,180.126133,0.452578902244568,-2.58036322975386E-07,0,0,0,0,0,38
2,4341,180.170133,0.450523048639297,-2.76729480219728E-07,0,0,0,0,0,38
2,4342,180.214133,0.448195695877075,-2.98190400371823E-07,0,0,0,0,0,38
2,4343,180.258133,0.445984691381454,-2.90860299401174E-07,0,0,0,0,0,38
2,4344,180.302133,0.443928837776184,-2.21642679321121E-07,0,0,0,0,0,38
2,4345,180.346133,0.441659659147263,-2.30234064702017E-07,0,0,0,0,0,38
2,4346,180.390133,0.439215928316116,-2.93678681373422E-07,0,0,0,0,0,38
2,4347,180.434133,0.437082529067993,-2.67725482672176E-07,0,0,0,0,0,38
2,4348,180.478133,0.434910297393799,-2.3953393224474E-07,0,0,0,0,0,38
2,4349,180.522133,0.432718694210052,-2.90035018224444E-07,0,0,0,0,0,38
2,4350,180.566133,0.43079861998558,-2.31261751082457E-07,0,0,0,0,0,38
2,4351,180.610133,0.428354889154434,-3.27024281432386E-07,0,0,0,0,0,38
2,4352,180.654133,0.426143884658813,-3.06532655258707E-07,0,0,0,0,0,38
2,4353,180.698133,0.423835933208466,-3.11678917341851E-07,0,0,0,0,0,38
2,4354,180.742133,0.421683102846146,-2.62738808487484E-07,0,0,0,0,0,38
2,4355,180.786133,0.41964665055275,-2.60076149061206E-07,0,0,0,0,0,38
2,4356,180.830133,0.417358100414276,-2.85316986037287E-07,0,0,0,0,0,38
2,4357,180.874133,0.41532164812088,-2.97333997423266E-07,0,0,0,0,0,38
2,4358,180.918133,0.412955492734909,-3.08623071987313E-07,0,0,0,0,0,38
2,4359,180.962133,0.410977214574814,-3.13103669213888E-07,0,0,0,0,0,38
2,4360,181.006133,0.408727437257767,-2.87520293795751E-07,0,0,0,0,0,38
2,4361,181.050133,0.406206130981445,-3.34054647055382E-07,0,0,0,0,0,38
2,4362,181.094133,0.404169678688049,-4.03712135721435E-07,0,0,0,0,0,38
2,4363,181.138133,0.401764750480652,-3.61008289928577E-07,0,0,0,0,0,38
2,4364,181.182133,0.399689495563507,-2.48039668804267E-07,0,0,0,0,0,38
2,4365,181.226133,0.39759486913681,-3.31948655230008E-07,0,0,0,0,0,38
2,4366,181.270133,0.395732969045639,-3.82395256792734E-07,0,0,0,0,0,38
2,4367,181.314133,0.393328040838242,-3.5242470630692E-07,0,0,0,0,0,38
2,4368,181.358133,0.39080673456192,-3.7795749108227E-07,0,0,0,0,0,38
2,4369,181.402133,0.38875088095665,-3.09035726786533E-07,0,0,0,0,0,38
2,4370,181.446133,0.386636853218079,-3.71931434983708E-07,0,0,0,0,0,38
2,4371,181.490133,0.384639203548431,-3.81803545224102E-07,0,0,0,0,0,38
2,4372,181.534133,0.381982117891312,-3.69478982520377E-07,0,0,0,0,0,38
2,4373,181.578133,0.380003869533539,-3.95031236166687E-07,0,0,0,0,0,38
2,4374,181.622133,0.377695888280869,-3.14859306627113E-07,0,0,0,0,0,38
2,4375,181.666133,0.375426709651947,-4.15733069303315E-07,0,0,0,0,0,38
2,4376,181.710133,0.373409658670425,-4.08772763194065E-07,0,0,0,0,0,38
2,4377,181.754133,0.371295630931854,-4.25301522000154E-07,0,0,0,0,0,38
2,4378,181.798133,0.368910074234009,-3.82815670718628E-07,0,0,0,0,0,38
2,4379,181.842133,0.366543918848038,-3.73204386505677E-07,0,0,0,0,0,38
2,4380,181.886133,0.364507496356964,-3.96985399220284E-07,0,0,0,0,0,38
2,4381,181.930133,0.362315893173218,-4.57448152246798E-07,0,0,0,0,0,38
2,4382,181.974133,0.360182464122772,-4.58857357443776E-07,0,0,0,0,0,38
2,4383,182.018133,0.357913285493851,-4.22611606154533E-07,0,0,0,0,0,38
2,4384,182.062133,0.355876833200455,-4.29797694323497E-07,0,0,0,0,0,38
2,4385,182.106133,0.353433102369308,-4.59425677945546E-07,0,0,0,0,0,38
2,4386,182.150133,0.351687580347061,-4.97501048357663E-07,0,0,0,0,0,38
2,4387,182.194133,0.349108070135117,-4.68102712147811E-07,0,0,0,0,0,38
2,4388,182.238133,0.347052246332169,-4.96177449349489E-07,0,0,0,0,0,38
2,4389,182.282133,0.344860643148422,-4.4482385419542E-07,0,0,0,0,0,38
2,4390,182.326133,0.342804789543152,-5.29161070517148E-07,0,0,0,0,0,38
2,4391,182.370133,0.340322285890579,-5.26891540175711E-07,0,0,0,0,0,38
2,4392,182.414133,0.338227659463882,-5.71347186451021E-07,0,0,0,0,0,38
2,4393,182.458133,0.335997253656387,-5.35704828052985E-07,0,0,0,0,0,38
2,4394,182.502133,0.333883225917816,-4.98018778216647E-07,0,0,0,0,0,38
2,4395,182.546133,0.331749826669693,-5.56792031147779E-07,0,0,0,0,0,38
2,4396,182.590133,0.329500019550323,-5.85365057759191E-07,0,0,0,0,0,38
2,4397,182.634133,0.327289015054703,-5.1208337481512E-07,0,0,0,0,0,38
2,4398,182.678133,0.32505863904953,-4.94955145313725E-07,0,0,0,0,0,38
2,4399,182.722133,0.322828233242035,-5.63016612886713E-07,0,0,0,0,0,38
2,4400,182.766133,0.320597857236862,-6.11166456110368E-07,0,0,0,0,0,38
2,4401,182.810133,0.318503230810165,-6.45072645966138E-07,0,0,0,0,0,38
2,4402,182.854133,0.316195249557495,-6.80983589518291E-07,0,0,0,0,0,38
2,4403,182.898133,0.313964873552322,-6.40179393940343E-07,0,0,0,0,0,38
2,4404,182.942133,0.311850845813751,-6.28259670065745E-07,0,0,0,0,0,38
2,4405,182.986133,0.30963984131813,-6.36255492736382E-07,0,0,0,0,0,38
2,4406,183.030133,0.307525813579559,-7.18833121027274E-07,0,0,0,0,0,38
2,4407,183.074133,0.305179059505463,-6.75848980336013E-07,0,0,0,0,0,38
2,4408,183.118133,0.303084433078766,-6.7086233457303E-07,0,0,0,0,0,38
2,4409,183.162133,0.300660073757172,-7.16045860826853E-07,0,0,0,0,0,38
2,4410,183.206133,0.298701226711273,-7.30441399809934E-07,0,0,0,0,0,38
2,4411,183.250133,0.296567797660828,-8.13034660041012E-07,0,0,0,0,0,38
2,4412,183.294133,0.294124066829681,-7.30519275293773E-07,0,0,0,0,0,38
2,4413,183.338133,0.29201003909111,-7.33341551040212E-07,0,0,0,0,0,38
2,4414,183.382133,0.289915412664413,-7.57803775286447E-07,0,0,0,0,0,38
2,4415,183.426133,0.287432879209518,-7.8851786611267E-07,0,0,0,0,0,38
2,4416,183.470133,0.285551607608795,-8.30470412438444E-07,0,0,0,0,0,38
2,4417,183.514133,0.28316605091095,-8.21123819605418E-07,0,0,0,0,0,38
2,4418,183.558133,0.281052023172379,-8.40657833123259E-07,0,0,0,0,0,38
2,4419,183.602133,0.278821647167206,-8.57972963785869E-07,0,0,0,0,0,38
2,4420,183.646133,0.276726990938187,-8.95631728781154E-07,0,0,0,0,0,38
2,4421,183.690133,0.274593591690063,-9.49640252656536E-07,0,0,0,0,0,38
2,4422,183.734133,0.272052884101868,-9.55265363700164E-07,0,0,0,0,0,38
2,4423,183.778133,0.270132809877396,-9.34477839109604E-07,0,0,0,0,0,38
2,4424,183.822133,0.267863631248474,-9.43380655371584E-07,0,0,0,0,0,38
2,4425,183.866133,0.265710800886154,-9.97575966721342E-07,0,0,0,0,0,38
2,4426,183.910133,0.263402849435806,-1.01125920082268E-06,0,0,0,0,0,38
2,4427,183.954133,0.261327594518662,-1.04869991446321E-06,0,0,0,0,0,38
2,4428,183.998133,0.259135991334915,-1.07805158222618E-06,0,0,0,0,0,38
2,4429,184.042133,0.256828039884567,-1.06244533526478E-06,0,0,0,0,0,38
2,4430,184.086133,0.254539459943771,-1.12694885956444E-06,0,0,0,0,0,38
2,4431,184.130133,0.252309054136276,-1.14127044525958E-06,0,0,0,0,0,38
2,4432,184.174133,0.250059276819229,-1.15253999410925E-06,0,0,0,0,0,38
2,4433,184.218133,0.247828871011734,-1.17546846922778E-06,0,0,0,0,0,38
2,4434,184.262133,0.245966985821724,-1.18392756576213E-06,0,0,0,0,0,38
2,4435,184.306133,0.243523254990578,-1.25851329357829E-06,0,0,0,0,0,38
2,4436,184.350133,0.241428628563881,-1.3004153061047E-06,0,0,0,0,0,38
2,4437,184.394133,0.239159435033798,-1.27337204958167E-06,0,0,0,0,0,38
2,4438,184.438133,0.236909657716751,-1.32455829771061E-06,0,0,0,0,0,38
2,4439,184.482133,0.23479562997818,-1.28575891267246E-06,0,0,0,0,0,38
2,4440,184.526133,0.232487663626671,-1.42732392305334E-06,0,0,0,0,0,38
2,4441,184.570133,0.230393022298813,-1.41117664043122E-06,0,0,0,0,0,38
2,4442,184.614133,0.228356584906578,-1.47297851071926E-06,0,0,0,0,0,38
2,4443,184.658133,0.225874066352844,-1.46589366067928E-06,0,0,0,0,0,38
2,4444,184.702133,0.223915189504623,-1.49437721574941E-06,0,0,0,0,0,38
2,4445,184.746133,0.221626624464989,-1.56576311383105E-06,0,0,0,0,0,38
2,4446,184.790133,0.219260469079018,-1.62074479703733E-06,0,0,0,0,0,38
2,4447,184.834133,0.217068865895271,-1.64667460467172E-06,0,0,0,0,0,38
2,4449,184.922133,0.212860211730003,-1.83755480520631E-06,0,0,0,0,0,38
2,4450,184.966133,0.210843160748482,-1.7033006542988E-06,0,0,0,0,0,38
2,4451,185.010133,0.208748519420624,-1.97787790057191E-06,0,0,0,0,0,38
2,4452,185.054133,0.206207811832428,-1.64836967542215E-06,0,0,0,0,0,38
2,4453,185.098133,0.204268351197243,-1.64241748734639E-06,0,0,0,0,0,38
2,4454,185.142133,0.202037960290909,-1.9981462173746E-06,0,0,0,0,0,38
2,4455,185.186133,0.199749380350113,-1.83280860710511E-06,0,0,0,0,0,38
2,4456,185.230133,0.197383224964142,-2.09664858630276E-06,0,0,0,0,0,38
2,4457,185.274133,0.195288598537445,-2.12380291486625E-06,0,0,0,0,0,38
2,4458,185.318133,0.193116381764412,-2.33967534768453E-06,0,0,0,0,0,38
2,4459,185.362133,0.190789014101028,-1.99149394575215E-06,0,0,0,0,0,38
2,4460,185.406133,0.188655599951744,-2.2424958388001E-06,0,0,0,0,0,38
2,4461,185.450133,0.186754912137985,-2.32123534260609E-06,0,0,0,0,0,38
2,4462,185.494133,0.184485733509064,-2.18682566810458E-06,0,0,0,0,0,38
2,4463,185.538133,0.182294130325317,-2.21102322939259E-06,0,0,0,0,0,38
2,4464,185.582133,0.179966762661934,-2.21234608943632E-06,0,0,0,0,0,38
2,4465,185.626133,0.177852749824524,-2.60149249697861E-06,0,0,0,0,0,38
2,4466,185.670133,0.175486594438553,-2.64389655058039E-06,0,0,0,0,0,38
2,4467,185.714133,0.173411354422569,-2.57033116213279E-06,0,0,0,0,0,38
2,4468,185.758133,0.171122774481773,-2.37484368881269E-06,0,0,0,0,0,38
2,4469,185.802133,0.168872997164726,-2.51897927228129E-06,0,0,0,0,0,38
2,4470,185.846133,0.166603803634644,-2.73290675067983E-06,0,0,0,0,0,38
2,4471,185.890133,0.164392814040184,-2.40538247453514E-06,0,0,0,0,0,38
2,4472,185.934133,0.162298187613487,-3.14866269945924E-06,0,0,0,0,0,38
2,4473,185.978133,0.160087183117867,-2.96360121865291E-06,0,0,0,0,0,38
2,4474,186.022133,0.158167108893394,-2.98180793834035E-06,0,0,0,0,0,38
2,4475,186.066133,0.155548825860024,-2.99647422252747E-06,0,0,0,0,0,38
2,4476,186.110133,0.153551161289215,-3.04518084703886E-06,0,0,0,0,0,38
2,4477,186.154133,0.150835901498795,-3.20503318107512E-06,0,0,0,0,0,38
2,4478,186.198133,0.149245545268059,-2.9782677302137E-06,0,0,0,0,0,38
2,4479,186.242133,0.146763011813164,-3.48832463714643E-06,0,0,0,0,0,38
2,4480,186.286133,0.14478474855423,-3.32769423039281E-06,0,0,0,0,0,38
2,4481,186.330133,0.142476782202721,-3.67393067790545E-06,0,0,0,0,0,38
2,4482,186.374133,0.140323966741562,-3.51843550561171E-06,0,0,0,0,0,38
2,4483,186.418133,0.137744471430779,-3.83308270102134E-06,0,0,0,0,0,38
2,4484,186.462133,0.135669231414795,-3.49174797520391E-06,0,0,0,0,0,38
2,4485,186.506133,0.133574604988098,-3.88766375181149E-06,0,0,0,0,0,38
2,4486,186.550133,0.131344214081764,-4.17169394495431E-06,0,0,0,0,0,38
2,4487,186.594133,0.129385352134705,-4.05658011004562E-06,0,0,0,0,0,38
2,4488,186.638133,0.127154961228371,-4.58702243122389E-06,0,0,0,0,0,38
2,4489,186.682133,0.124730616807938,-4.36679238191573E-06,0,0,0,0,0,38
2,4490,186.726133,0.122345067560673,-4.36231857747771E-06,0,0,0,0,0,38
2,4491,186.770133,0.120677120983601,-4.20799051426002E-06,0,0,0,0,0,38
2,4492,186.814133,0.118117019534111,-4.47867751063313E-06,0,0,0,0,0,38
2,4493,186.858133,0.116313308477402,-4.3376153371355E-06,0,0,0,0,0,38
2,4494,186.902133,0.113927759230137,-4.62876505480381E-06,0,0,0,0,0,38
2,4495,186.946133,0.111542209982872,-4.64502636532416E-06,0,0,0,0,0,38
2,4496,186.990133,0.109408788383007,-4.89427793581854E-06,0,0,0,0,0,38
2,4497,187.034133,0.107449926435947,-4.99612588100717E-06,0,0,0,0,0,38
2,4498,187.078133,0.105044983327389,-4.81798906548647E-06,0,0,0,0,0,38
2,4499,187.122133,0.102833986282349,-4.89311059936881E-06,0,0,0,0,0,38
2,4500,187.166133,0.100622981786728,-5.34909258931293E-06,0,0,0,0,0,38
2,4501,187.210133,0.0986641198396683,-5.4824517974339E-06,0,0,0,0,0,38
2,4502,187.254133,0.0966470688581467,-5.44378235645127E-06,0,0,0,0,0,38
2,4503,187.298133,0.0938736274838448,-5.75648437006748E-06,0,0,0,0,0,38
2,4504,187.342133,0.0921474918723106,-5.56138593310607E-06,0,0,0,0,0,38
2,4505,187.386133,0.0895486027002335,-6.04790648139897E-06,0,0,0,0,0,38
2,4506,187.430133,0.0873182117938995,-5.93633285461692E-06,0,0,0,0,0,38
2,4507,187.474133,0.0853011608123779,-6.06082221565885E-06,0,0,0,0,0,38
2,4508,187.518133,0.0829737931489944,-6.45522050035652E-06,0,0,0,0,0,38
2,4509,187.562133,0.0806076377630234,-6.11645373282954E-06,0,0,0,0,0,38
2,4510,187.606133,0.0787845328450203,-6.71583165967604E-06,0,0,0,0,0,38
2,4511,187.650133,0.076495960354805,-6.46836997475475E-06,0,0,0,0,0,38
2,4512,187.694133,0.07436253875494,-6.70828467264073E-06,0,0,0,0,0,38
2,4513,187.738133,0.0723260939121246,-6.97897121426649E-06,0,0,0,0,0,38
2,4514,187.782133,0.069765992462635,-7.07226081431145E-06,0,0,0,0,0,38
2,4515,187.826133,0.0676325708627701,-7.49972650737618E-06,0,0,0,0,0,38
2,4516,187.870133,0.065266415476799,-7.29665316612227E-06,0,0,0,0,0,38
2,4517,187.914133,0.0634239241480827,-7.57033558329567E-06,0,0,0,0,0,38
2,4518,187.958133,0.061387475579977,-7.46004570828518E-06,0,0,0,0,0,38
2,4519,188.002133,0.0589243471622467,-7.79892889113398E-06,0,0,0,0,0,38
2,4520,188.046133,0.056790929287672,-7.89840396464569E-06,0,0,0,0,0,38
2,4521,188.090133,0.054696299135685,-7.98453493189299E-06,0,0,0,0,0,38
2,4522,188.134133,0.052174985408783,-8.28447718959069E-06,0,0,0,0,0,38
2,4523,188.178133,0.0502549074590206,-7.80095251684543E-06,0,0,0,0,0,38
2,4524,188.222133,0.0479275435209274,-8.71065913088387E-06,0,0,0,0,0,38
2,4525,188.266133,0.0456583611667156,-8.73022781888722E-06,0,0,0,0,0,38
2,4526,188.310133,0.04336978495121,-8.97481004358269E-06,0,0,0,0,0,38
2,4527,188.354133,0.0413139462471008,-9.03993441170314E-06,0,0,0,0,0,38
2,4528,188.398133,0.0390059724450111,-9.65631261351518E-06,0,0,0,0,0,38
2,4529,188.442133,0.0367173962295055,-9.37216555030318E-06,0,0,0,0,0,38
2,4530,188.486133,0.0343124531209469,-9.9407716334099E-06,0,0,0,0,0,38
2,4531,188.530133,0.0322954021394253,-9.83573318080744E-06,0,0,0,0,0,38
2,4532,188.574133,0.0301037989556789,-1.01317455118988E-05,0,0,0,0,0,38
2,4533,188.618133,0.0279897749423981,-1.04841683423729E-05,0,0,0,0,0,38
2,4534,188.662133,0.0260309092700481,-1.03991651485558E-05,0,0,0,0,0,38
2,4535,188.706133,0.0237035434693098,-1.10164382931544E-05,0,0,0,0,0,38
2,4536,188.750133,0.0214925445616245,-1.11970648504212E-05,0,0,0,0,0,38
2,4537,188.794133,0.0193591266870499,-1.06745592347579E-05,0,0,0,0,0,38
2,4538,188.838133,0.0174972340464592,-1.11937579276855E-05,0,0,0,0,0,38
2,4539,188.882133,0.0149953151121736,-1.1748592442018E-05,0,0,0,0,0,38
2,4540,188.926133,0.0128037128597498,-1.21276625577593E-05,0,0,0,0,0,38
2,4541,188.970133,0.0105927148833871,-1.17433019113378E-05,0,0,0,0,0,38
2,4542,189.014133,0.00816837511956692,-1.23074332805118E-05,0,0,0,0,0,38
2,4543,189.058133,0.0062095089815557,-1.2270281331439E-05,0,0,0,0,0,38
2,4544,189.102133,0.00397911667823792,-1.28610618048697E-05,0,0,0,0,0,38
2,4545,189.146133,0.00182630331255496,-1.30381868075347E-05,0,0,0,0,0,38
2,4546,189.190133,-0.000326510082231835,-1.31464539663284E-05,0,0,0,0,0,38
2,4547,189.234133,-0.00259569194167852,-1.35636100822012E-05,0,0,0,0,0,38
2,4548,189.278133,-0.00488426815718412,-1.33384401124204E-05,0,0,0,0,0,38
2,4549,189.322133,-0.00705647654831409,-1.43341612783843E-05,0,0,0,0,0,38
2,4550,189.366133,-0.0094032371416688,-1.42886838148115E-05,0,0,0,0,0,38
2,4551,189.410133,-0.0113814976066351,-1.43078241308103E-05,0,0,0,0,0,38
2,4552,189.454133,-0.0135924955829978,-1.49172001329134E-05,0,0,0,0,0,38
2,4553,189.498133,-0.0160556249320507,-1.5116967006179E-05,0,0,0,0,0,38
2,4554,189.542133,-0.0179563071578741,-1.51482836372452E-05,0,0,0,0,0,38
2,4555,189.586133,-0.0201479103416204,-1.56051992235007E-05,0,0,0,0,0,38
2,4556,189.630133,-0.0226692222058773,-1.57131980813574E-05,0,0,0,0,0,38
2,4557,189.674133,-0.0244729313999414,-1.55364050442586E-05,0,0,0,0,0,38
2,4558,189.718133,-0.0270912181586027,-1.50685846165288E-05,0,0,0,0,0,38
2,4559,189.762133,-0.0293216109275818,-1.79959642991889E-05,0,0,0,0,0,38
2,4560,189.806133,-0.0312028974294662,-1.60186027642339E-05,0,0,0,0,0,38
2,4561,189.850133,-0.0337629988789558,-1.97444642253686E-05,0,0,0,0,0,38
2,4562,189.894133,-0.0356248915195465,-1.65641358762514E-05,0,0,0,0,0,38
2,4563,189.938133,-0.0376225486397743,-1.74749111465644E-05,0,0,0,0,0,38
2,4564,189.982133,-0.0398141518235207,-1.66123172675725E-05,0,0,0,0,0,38
2,4565,190.026133,-0.042393647134304,-1.69223840202903E-05,0,0,0,0,0,38
2,4566,190.070133,-0.0444300919771194,-1.93007344932994E-05,0,0,0,0,0,38
2,4567,190.114133,-0.0465247221291065,-1.70086441357853E-05,0,0,0,0,0,38
2,4568,190.158133,-0.0490654297173023,-2.06354234251194E-05,0,0,0,0,0,38
2,4569,190.202133,-0.0510049015283585,-1.756116944307E-05,0,0,0,0,0,38
2,4570,190.246133,-0.0534874275326729,-2.14684878301341E-05,0,0,0,0,0,38
2,4571,190.290133,-0.0553105287253857,-1.73657263076166E-05,0,0,0,0,0,38
2,4572,190.334133,-0.0579094216227531,-2.20140191231621E-05,0,0,0,0,0,38
2,4573,190.378133,-0.0595385767519474,-1.63348886417225E-05,0,0,0,0,0,38
2,4574,190.422133,-0.0620211027562618,-1.91927156265592E-05,0,0,0,0,0,38
2,4575,190.466133,-0.064503625035286,-2.39676774071995E-05,0,0,0,0,0,38
2,4576,190.510133,-0.0663849115371704,-2.02099545276724E-05,0,0,0,0,0,38
2,4577,190.554133,-0.0689838007092476,-2.1276151528582E-05,0,0,0,0,0,38
2,4578,190.598133,-0.0706905424594879,-2.0775303710252E-05,0,0,0,0,0,38
2,4579,190.642133,-0.0733088254928589,-2.2119706045487E-05,0,0,0,0,0,38
2,4580,190.686133,-0.0752870887517929,-2.43643935391447E-05,0,0,0,0,0,38
2,4581,190.730133,-0.0775562673807144,-2.1829066099599E-05,0,0,0,0,0,38
2,4582,190.774133,-0.0798448473215103,-2.76783866866026E-05,0,0,0,0,0,38
2,4583,190.818133,-0.0818231031298637,-2.3100032194634E-05,0,0,0,0,0,38
2,4584,190.862133,-0.0841892585158348,-2.60227498074528E-05,0,0,0,0,0,38
2,4585,190.906133,-0.0857214406132698,-2.15675681829453E-05,0,0,0,0,0,38
2,4586,190.950133,-0.0885918587446213,-2.60534452536376E-05,0,0,0,0,0,38
2,4587,190.994133,-0.0907640680670738,-2.55327813647455E-05,0,0,0,0,0,38
2,4588,191.038133,-0.0927617251873016,-2.41370889852988E-05,0,0,0,0,0,38
2,4589,191.082133,-0.0951860621571541,-2.64501613855828E-05,0,0,0,0,0,38
2,4590,191.126133,-0.0970867499709129,-2.52623467531521E-05,0,0,0,0,0,38
2,4591,191.170133,-0.0996856391429901,-2.89621748379432E-05,0,0,0,0,0,38
2,4592,191.214133,-0.101916030049324,-2.70811760856304E-05,0,0,0,0,0,38
2,4593,191.258133,-0.103816710412502,-2.88662013190333E-05,0,0,0,0,0,38
2,4594,191.302133,-0.106241054832935,-2.66957285930403E-05,0,0,0,0,0,38
2,4595,191.346133,-0.108141735196114,-2.54974220297299E-05,0,0,0,0,0,38
2,4596,191.390133,-0.110682442784309,-2.93048797175288E-05,0,0,0,0,0,38
2,4597,191.434133,-0.1125443354249,-2.60709311987739E-05,0,0,0,0,0,38
2,4598,191.478133,-0.114697150886059,-3.06578331219498E-05,0,0,0,0,0,38
2,4599,191.522133,-0.116791777312756,-2.7444863007986E-05,0,0,0,0,0,38
2,4600,191.566133,-0.119623407721519,-3.27746820403263E-05,0,0,0,0,0,38
2,4601,191.610133,-0.121892586350441,-3.03493179671932E-05,0,0,0,0,0,38
2,4602,191.654133,-0.124006614089012,-2.83362114714691E-05,0,0,0,0,0,38
2,4603,191.698133,-0.126043051481247,-3.14741882903036E-05,0,0,0,0,0,38
2,4604,191.742133,-0.128021314740181,-2.85402020381298E-05,0,0,0,0,0,38
2,4605,191.786133,-0.130329295992851,-3.02995831589215E-05,0,0,0,0,0,38
2,4606,191.830133,-0.132462710142136,-2.94851706712507E-05,0,0,0,0,0,38
2,4607,191.874133,-0.134945228695869,-3.48010034940671E-05,0,0,0,0,0,38
2,4608,191.918133,-0.136535599827766,-2.94637993647484E-05,0,0,0,0,0,38
2,4609,191.962133,-0.139425411820412,-3.29281647282187E-05,0,0,0,0,0,38
2,4610,192.006133,-0.141306698322296,-3.16094046866056E-05,0,0,0,0,0,38
2,4611,192.050133,-0.143362537026405,-3.36065822921228E-05,0,0,0,0,0,38
2,4612,192.094133,-0.145398989319801,-3.08901871903799E-05,0,0,0,0,0,38
2,4613,192.138133,-0.148017272353172,-3.51339949702378E-05,0,0,0,0,0,38
2,4614,192.182133,-0.149530053138733,-3.0670653359266E-05,0,0,0,0,0,38
2,4615,192.226133,-0.152439266443253,-3.52742645191029E-05,0,0,0,0,0,38
2,4616,192.270133,-0.154456317424774,-3.47376662830357E-05,0,0,0,0,0,38
2,4617,192.314133,-0.156434580683708,-3.24700558849145E-05,0,0,0,0,0,38
2,4618,192.358133,-0.158839523792267,-3.36722478095908E-05,0,0,0,0,0,38
2,4619,192.402133,-0.160798385739326,-3.36353332386352E-05,0,0,0,0,0,38
2,4620,192.446133,-0.163261517882347,-3.59177101927344E-05,0,0,0,0,0,38
2,4621,192.490133,-0.165297955274582,-3.32304589392152E-05,0,0,0,0,0,38
2,4622,192.534133,-0.168129593133926,-4.10167303925846E-05,0,0,0,0,0,38
2,4623,192.578133,-0.169739350676537,-3.15002216666471E-05,0,0,0,0,0,38
2,4624,192.622133,-0.172027930617332,-3.81946483685169E-05,0,0,0,0,0,38
2,4625,192.666133,-0.174044981598854,-3.38404934154823E-05,0,0,0,0,0,38
2,4626,192.710133,-0.176857218146324,-3.8608461181866E-05,0,0,0,0,0,38
2,4627,192.754133,-0.178525164723396,-3.75321615138091E-05,0,0,0,0,0,38
2,4628,192.798133,-0.180871918797493,-3.7971229176037E-05,0,0,0,0,0,38
2,4629,192.842133,-0.183373838663101,-4.22134799009655E-05,0,0,0,0,0,38
2,4630,192.886133,-0.184964209794998,-3.77093419956509E-05,0,0,0,0,0,38
2,4631,192.930133,-0.187466129660606,-4.05900937039405E-05,0,0,0,0,0,38
2,4632,192.974133,-0.189560756087303,-3.64702391379979E-05,0,0,0,0,0,38
2,4633,193.018133,-0.192004486918449,-3.96016075683292E-05,0,0,0,0,0,38
2,4634,193.062133,-0.194118514657021,-4.02322366426233E-05,0,0,0,0,0,38
2,4635,193.106133,-0.19607737660408,-4.03557969548274E-05,0,0,0,0,0,38
2,4636,193.150133,-0.198559895157814,-4.16415277868509E-05,0,0,0,0,0,38
2,4637,193.194133,-0.200576946139336,-3.95557581214234E-05,0,0,0,0,0,38
2,4638,193.238133,-0.202749162912369,-3.9431808545487E-05,0,0,0,0,0,38
2,4639,193.282133,-0.20511531829834,-4.3166997784283E-05,0,0,0,0,0,38
2,4640,193.326133,-0.207209944725037,-4.18016134062782E-05,0,0,0,0,0,38
2,4641,193.370133,-0.20969246327877,-4.29661122325342E-05,0,0,0,0,0,38
2,4642,193.414133,-0.211942255496979,-4.48684841103386E-05,0,0,0,0,0,38
2,4643,193.458133,-0.214036881923676,-4.55173722002655E-05,0,0,0,0,0,38
2,4644,193.502133,-0.216228485107422,-4.61934578197543E-05,0,0,0,0,0,38
2,4645,193.546133,-0.218012794852257,-4.19717980548739E-05,0,0,0,0,0,38
2,4646,193.590133,-0.220262587070465,-4.37739217886701E-05,0,0,0,0,0,38
2,4647,193.634133,-0.222977846860886,-4.69534716103226E-05,0,0,0,0,0,38
2,4648,193.678133,-0.224645793437958,-4.35858601122163E-05,0,0,0,0,0,38
2,4649,193.722133,-0.227302864193916,-4.73486361443065E-05,0,0,0,0,0,38
2,4650,193.766133,-0.229455679655075,-4.50149673270062E-05,0,0,0,0,0,38
2,4651,193.810133,-0.231627896428108,-4.84571828565095E-05,0,0,0,0,0,38
2,4652,193.854133,-0.233703121542931,-4.79132067994215E-05,0,0,0,0,0,38
2,4653,193.898133,-0.235914126038551,-4.72538267786149E-05,0,0,0,0,0,38
2,4654,193.942133,-0.238280281424522,-4.87820179841947E-05,0,0,0,0,0,38
2,4655,193.986133,-0.240142166614532,-4.76936729683075E-05,0,0,0,0,0,38
2,4656,194.030133,-0.242644086480141,-5.29951284988783E-05,0,0,0,0,0,38
2,4657,194.074133,-0.244738712906837,-4.70024315291084E-05,0,0,0,0,0,38
2,4658,194.118133,-0.246891528367996,-5.03300216223579E-05,0,0,0,0,0,38
2,4659,194.162133,-0.248889192938805,-4.59972361568362E-05,0,0,0,0,0,38
2,4660,194.206133,-0.251061409711838,-5.05277967022266E-05,0,0,0,0,0,38
2,4661,194.250133,-0.25323361158371,-4.91662976855878E-05,0,0,0,0,0,38
2,4662,194.294133,-0.255367010831833,-4.91161736135837E-05,0,0,0,0,0,38
2,4663,194.338133,-0.258256822824478,-5.28198870597407E-05,0,0,0,0,0,38
2,4664,194.382133,-0.259963572025299,-5.43950955034234E-05,0,0,0,0,0,38
2,4665,194.426133,-0.262213349342346,-5.54609032406006E-05,0,0,0,0,0,38
2,4666,194.470133,-0.264695882797241,-5.24523165950086E-05,0,0,0,0,0,38
2,4667,194.514133,-0.266790509223938,-5.67967581446283E-05,0,0,0,0,0,38
2,4668,194.558133,-0.268594205379486,-5.27390693605412E-05,0,0,0,0,0,38
2,4669,194.602133,-0.270785808563232,-5.27709307789337E-05,0,0,0,0,0,38
2,4670,194.646133,-0.273442894220352,-5.90259005548432E-05,0,0,0,0,0,38
2,4671,194.690133,-0.275479346513748,-5.42676461918745E-05,0,0,0,0,0,38
2,4672,194.734133,-0.278078228235245,-5.82596694584936E-05,0,0,0,0,0,38
2,4673,194.778133,-0.27980437874794,-5.51994053239468E-05,0,0,0,0,0,38
2,4674,194.822133,-0.281976580619812,-5.74130062886979E-05,0,0,0,0,0,38
2,4675,194.866133,-0.284420311450958,-5.5871994845802E-05,0,0,0,0,0,38
2,4676,194.910133,-0.28643736243248,-5.60977459826972E-05,0,0,0,0,0,38
2,4677,194.954133,-0.288648366928101,-5.93926997680683E-05,0,0,0,0,0,38
2,4678,194.998133,-0.290878742933273,-6.0722726630047E-05,0,0,0,0,0,38
2,4679,195.042133,-0.293186724185944,-6.06733774475288E-05,0,0,0,0,0,38
2,4680,195.086133,-0.29528135061264,-5.97140351601411E-05,0,0,0,0,0,38
2,4681,195.130133,-0.297783255577087,-6.22652951278724E-05,0,0,0,0,0,38
2,4682,195.174133,-0.299839109182358,-6.08225855103228E-05,0,0,0,0,0,38
2,4683,195.218133,-0.301817357540131,-6.27443805569783E-05,0,0,0,0,0,38
2,4684,195.262133,-0.303621083498001,-5.61816741537768E-05,0,0,0,0,0,38
2,4685,195.306133,-0.306588470935822,-6.39714417047799E-05,0,0,0,0,0,38
2,4686,195.350133,-0.308624923229218,-6.45092004560865E-05,0,0,0,0,0,38
2,4687,195.394133,-0.310641974210739,-6.40736325294711E-05,0,0,0,0,0,38
2,4688,195.438133,-0.312891751527786,-6.3767445681151E-05,0,0,0,0,0,38
2,4689,195.482133,-0.315005779266357,-6.38684723526239E-05,0,0,0,0,0,38
2,4690,195.526133,-0.317274957895279,-6.6759719629772E-05,0,0,0,0,0,38
2,4691,195.570133,-0.319330781698227,-6.49436042294838E-05,0,0,0,0,0,38
2,4692,195.614133,-0.321658164262772,-6.74509574309923E-05,0,0,0,0,0,38
2,4693,195.658133,-0.32371398806572,-6.47489432594739E-05,0,0,0,0,0,38
2,4694,195.702133,-0.326138347387314,-6.92103349138051E-05,0,0,0,0,0,38
2,4695,195.746133,-0.328252375125885,-6.50489091640338E-05,0,0,0,0,0,38
2,4696,195.790133,-0.330715507268906,-6.76689378451556E-05,0,0,0,0,0,38
2,4697,195.834133,-0.332829505205154,-6.93047550157644E-05,0,0,0,0,0,38
2,4698,195.878133,-0.334652632474899,-6.47194101475179E-05,0,0,0,0,0,38
2,4699,195.922133,-0.337445467710495,-7.22364129615016E-05,0,0,0,0,0,38
2,4700,195.966133,-0.338977634906769,-6.91675959387794E-05,0,0,0,0,0,38
2,4701,196.010133,-0.341440767049789,-7.03118930687197E-05,0,0,0,0,0,38
2,4702,196.054133,-0.343380242586136,-6.73864560667425E-05,0,0,0,0,0,38
2,4703,196.098133,-0.346017926931381,-7.58713504183106E-05,0,0,0,0,0,38
2,4704,196.142133,-0.348209530115128,-7.26389553165063E-05,0,0,0,0,0,38
2,4705,196.186133,-0.350090801715851,-7.22441836842336E-05,0,0,0,0,0,38
2,4706,196.230133,-0.352418184280396,-7.03530822647735E-05,0,0,0,0,0,38
2,4707,196.274133,-0.354338258504868,-7.15747009962797E-05,0,0,0,0,0,38
2,4708,196.318133,-0.357286244630814,-7.72468411014415E-05,0,0,0,0,0,38
2,4709,196.362133,-0.358954191207886,-7.3761104431469E-05,0,0,0,0,0,38
2,4710,196.406133,-0.36128157377243,-7.60745679144748E-05,0,0,0,0,0,38
2,4711,196.450133,-0.363589525222778,-7.65291770221666E-05,0,0,0,0,0,38
2,4712,196.494133,-0.365819931030273,-7.92245846241713E-05,0,0,0,0,0,38
2,4713,196.538133,-0.367526650428772,-7.59327449486591E-05,0,0,0,0,0,38
2,4714,196.582133,-0.370183736085892,-7.56506487959996E-05,0,0,0,0,0,38
2,4715,196.626133,-0.372258961200714,-7.97273751231842E-05,0,0,0,0,0,38
2,4716,196.670133,-0.374314814805985,-7.559236837551E-05,0,0,0,0,0,38
2,4717,196.714133,-0.376583993434906,-7.97471948317252E-05,0,0,0,0,0,38
2,4718,196.758133,-0.378891974687576,-7.9482197179459E-05,0,0,0,0,0,38
2,4719,196.802133,-0.381258130073547,-8.13729129731655E-05,0,0,0,0,0,38
2,4720,196.846133,-0.383527308702469,-8.17781765363179E-05,0,0,0,0,0,38
2,4721,196.890133,-0.385350406169891,-7.94406223576516E-05,0,0,0,0,0,38
2,4722,196.934133,-0.387542009353638,-8.25393581180833E-05,0,0,0,0,0,38
2,4723,196.978133,-0.389423310756683,-7.99799381638877E-05,0,0,0,0,0,38
2,4724,197.022133,-0.392002791166306,-8.16507308627479E-05,0,0,0,0,0,38
2,4725,197.066133,-0.394310772418976,-8.18881380837411E-05,0,0,0,0,0,38
2,4726,197.110133,-0.396676927804947,-8.66965128807351E-05,0,0,0,0,0,38
2,4727,197.154133,-0.399043083190918,-8.32647929200903E-05,0,0,0,0,0,38
2,4728,197.198133,-0.40080800652504,-8.7918910139706E-05,0,0,0,0,0,38
2,4729,197.242133,-0.403038382530212,-8.38351916172542E-05,0,0,0,0,0,38
2,4730,197.286133,-0.405656665563583,-8.72261152835563E-05,0,0,0,0,0,38
2,4731,197.330133,-0.407576739788055,-8.85798435774632E-05,0,0,0,0,0,38
2,4732,197.374133,-0.409438639879227,-8.36991966934875E-05,0,0,0,0,0,38
2,4733,197.418133,-0.412037521600723,-8.88759241206571E-05,0,0,0,0,0,38
2,4734,197.462133,-0.414267927408218,-8.62057713675313E-05,0,0,0,0,0,38
2,4735,197.506133,-0.416052252054214,-8.80005100043491E-05,0,0,0,0,0,38
2,4736,197.550133,-0.418515384197235,-9.2426547780633E-05,0,0,0,0,0,38
2,4737,197.594133,-0.420454829931259,-8.650534437038E-05,0,0,0,0,0,38
2,4738,197.638133,-0.422685235738754,-8.89070070115849E-05,0,0,0,0,0,38
2,4739,197.682133,-0.425128966569901,-9.1571724624373E-05,0,0,0,0,0,38
2,4740,197.726133,-0.427204191684723,-9.0104149421677E-05,0,0,0,0,0,38
2,4741,197.770133,-0.429628551006317,-9.40825702855363E-05,0,0,0,0,0,38
2,4742,197.814133,-0.431684374809265,-9.19528974918649E-05,0,0,0,0,0,38
2,4743,197.858133,-0.434244483709335,-9.62324484135024E-05,0,0,0,0,0,38
2,4744,197.902133,-0.435737878084183,-9.27366127143614E-05,0,0,0,0,0,38
2,4745,197.946133,-0.438336759805679,-9.36613796511665E-05,0,0,0,0,0,38
2,4746,197.990133,-0.440470188856125,-9.48946544667706E-05,0,0,0,0,0,38
2,4747,198.034133,-0.442642390727997,-9.40934551181272E-05,0,0,0,0,0,38
2,4748,198.078133,-0.445066750049591,-9.9648634204641E-05,0,0,0,0,0,38
2,4749,198.122133,-0.447103172540665,-9.5896735729184E-05,0,0,0,0,0,38
2,4750,198.166133,-0.449508130550385,-9.58178643486463E-05,0,0,0,0,0,38
2,4751,198.210133,-0.451001524925232,-9.60059260251001E-05,0,0,0,0,0,38
2,4752,198.254133,-0.453367680311203,-9.55287760007195E-05,0,0,0,0,0,38
2,4753,198.298133,-0.455792009830475,-9.92931018117815E-05,0,0,0,0,0,38
2,4754,198.342133,-0.457556933164597,-9.585283260094E-05,0,0,0,0,0,38
2,4755,198.386133,-0.459961891174316,-9.94625152088702E-05,0,0,0,0,0,38
2,4756,198.430133,-0.461920738220215,-9.69330139923841E-05,0,0,0,0,0,38
2,4757,198.474133,-0.464539021253586,-0.000101273188192863,0,0,0,0,0,38
2,4758,198.518133,-0.466847002506256,-0.000100760291388724,0,0,0,0,0,38
2,4759,198.562133,-0.469174355268478,-0.000102678204711992,0,0,0,0,0,38
2,4760,198.606133,-0.471307784318924,-0.000102819634776097,0,0,0,0,0,38
2,4761,198.650133,-0.473266661167145,-0.000100994206150062,0,0,0,0,0,38
2,4762,198.694133,-0.475594013929367,-0.000102504127426073,0,0,0,0,0,38
2,4763,198.738133,-0.477863192558289,-0.000103130092611536,0,0,0,0,0,38
2,4764,198.782133,-0.479899644851685,-0.000105460261693224,0,0,0,0,0,38
2,4765,198.826133,-0.482227027416229,-0.000106437866634224,0,0,0,0,0,38
2,4766,198.870133,-0.484185874462128,-0.00010548085992923,0,0,0,0,0,38
2,4767,198.914133,-0.486629605293274,-0.000106793006125372,0,0,0,0,0,38
2,4768,198.958133,-0.488685458898544,-0.000105197213997599,0,0,0,0,0,38
2,4769,199.002133,-0.49097403883934,-0.000109332220745273,0,0,0,0,0,38
2,4770,199.046133,-0.493185013532639,-0.000107601983472705,0,0,0,0,0,38
2,4771,199.090133,-0.495706349611282,-0.000111400891910307,0,0,0,0,0,38
2,4772,199.134133,-0.497529447078705,-0.000108524414827116,0,0,0,0,0,38
2,4773,199.178133,-0.499895602464676,-0.000109742148197256,0,0,0,0,0,38
2,4774,199.222133,-0.5023393034935,-0.000111405170173384,0,0,0,0,0,38
2,4775,199.266133,-0.504472732543945,-0.000114002272312064,0,0,0,0,0,38
2,4776,199.310133,-0.50604373216629,-0.000109767017420381,0,0,0,0,0,38
2,4777,199.354133,-0.508371114730835,-0.000112346635432914,0,0,0,0,0,38
2,4778,199.398133,-0.511144518852234,-0.000118012168968562,0,0,0,0,0,38
2,4779,199.442133,-0.513064622879028,-0.000113893089292105,0,0,0,0,0,38
2,4780,199.486133,-0.515682876110077,-0.000120178367069457,0,0,0,0,0,38
2,4781,199.530133,-0.51748663187027,-0.00011518930841703,0,0,0,0,0,38
2,4782,199.574133,-0.519503653049469,-0.000116917217383161,0,0,0,0,0,38
2,4783,199.618133,-0.521675884723663,-0.000118861942610238,0,0,0,0,0,38
2,4784,199.662133,-0.524061441421509,-0.000119810792966746,0,0,0,0,0,38
2,4785,199.706133,-0.526214241981506,-0.000120557990157977,0,0,0,0,0,38
2,4786,199.750133,-0.528289437294006,-0.000117923576908652,0,0,0,0,0,38
2,4787,199.794133,-0.530791401863098,-0.000119668191473465,0,0,0,0,0,38
2,4788,199.838133,-0.532983005046844,-0.000122493380331434,0,0,0,0,0,38
2,4789,199.882133,-0.535077631473541,-0.000120904966024682,0,0,0,0,0,38
2,4790,199.926133,-0.537172257900238,-0.000125348873552866,0,0,0,0,0,38
2,4791,199.970133,-0.539325058460236,-0.000122864847071469,0,0,0,0,0,38
2,4792,200.014133,-0.542040288448334,-0.00012584739306476,0,0,0,0,0,38
2,4793,200.058133,-0.543882787227631,-0.000123593388707377,0,0,0,0,0,38
2,4794,200.102133,-0.546229600906372,-0.000127369363326579,0,0,0,0,0,38
2,4795,200.146133,-0.548265993595123,-0.00012757841614075,0,0,0,0,0,38
2,4796,200.190133,-0.550244271755219,-0.000125553255202249,0,0,0,0,0,38
2,4797,200.234133,-0.552707433700562,-0.000130480155348778,0,0,0,0,0,38
2,4798,200.278133,-0.554743826389313,-0.000128392042824999,0,0,0,0,0,38
2,4799,200.322133,-0.556857883930206,-0.000131623281049542,0,0,0,0,0,38
2,4800,200.366133,-0.559340417385101,-0.000133419569465332,0,0,0,0,0,38
2,4801,200.410133,-0.561415612697601,-0.00013050384586677,0,0,0,0,0,38
2,4802,200.454133,-0.563568472862244,-0.000135383335873485,0,0,0,0,0,38
2,4803,200.498133,-0.56576007604599,-0.000133342255139723,0,0,0,0,0,38
2,4804,200.542133,-0.56799042224884,-0.000137037030071951,0,0,0,0,0,38
2,4805,200.586133,-0.570279002189636,-0.000136706759803928,0,0,0,0,0,38
2,4806,200.630133,-0.572431862354279,-0.00013518866035156,0,0,0,0,0,38
2,4807,200.674133,-0.57472038269043,-0.000138987190439366,0,0,0,0,0,38
2,4808,200.718133,-0.576911985874176,-0.000140591539093293,0,0,0,0,0,38
2,4809,200.762133,-0.57908421754837,-0.000142003540531732,0,0,0,0,0,38
2,4810,200.806133,-0.581023693084717,-0.000138926960062236,0,0,0,0,0,38
2,4811,200.850133,-0.583292901515961,-0.00014428747817874,0,0,0,0,0,38
2,4812,200.894133,-0.58530992269516,-0.000139723895699717,0,0,0,0,0,38
2,4813,200.938133,-0.587947607040405,-0.000145690559293143,0,0,0,0,0,38
2,4814,200.982133,-0.590061604976654,-0.000143061974085867,0,0,0,0,0,38
2,4815,201.026133,-0.592059314250946,-0.000145717756822705,0,0,0,0,0,38
2,4816,201.070133,-0.594483613967896,-0.00014860782539472,0,0,0,0,0,38
2,4817,201.114133,-0.596539437770844,-0.000146184407640249,0,0,0,0,0,38
2,4818,201.158133,-0.598866820335388,-0.00015100599557627,0,0,0,0,0,38
2,4819,201.202133,-0.600825726985931,-0.000148908962728456,0,0,0,0,0,38
2,4820,201.246133,-0.603424608707428,-0.000155001907842234,0,0,0,0,0,38
2,4821,201.290133,-0.605519235134125,-0.000153632252477109,0,0,0,0,0,38
2,4822,201.334133,-0.607594430446625,-0.000153877423144877,0,0,0,0,0,38
2,4823,201.378133,-0.609436929225922,-0.000155887028085999,0,0,0,0,0,38
2,4824,201.422133,-0.611822485923767,-0.000152919630636461,0,0,0,0,0,38
2,4825,201.466133,-0.614208042621613,-0.0001597613299964,0,0,0,0,0,38
2,4826,201.510133,-0.616380274295807,-0.000158787603140809,0,0,0,0,0,38
2,4827,201.554133,-0.618843376636505,-0.000164659461006522,0,0,0,0,0,38
2,4828,201.598133,-0.620647072792053,-0.000161554897204041,0,0,0,0,0,38
2,4829,201.642133,-0.623013257980347,-0.00016474726726301,0,0,0,0,0,38
2,4830,201.686133,-0.625049710273743,-0.00016490658163093,0,0,0,0,0,38
2,4831,201.730133,-0.627338290214539,-0.000169911960256286,0,0,0,0,0,38
2,4832,201.774133,-0.629549264907837,-0.000173571854247712,0,0,0,0,0,38
2,4833,201.818133,-0.633563995361328,-0.000188902660738677,0,0,0,0,0,38
2,4834,201.862133,-0.64999133348465,-0.000401211727876216,0,0,0,0,0,38
2,4835,201.906133,-0.629859566688538,-0.000117457399028353,0,0,0,0,0,38
2,4836,201.950133,-0.660522639751434,-0.000482448318507522,0,0,0,0,0,38
2,4837,201.994133,-0.665545880794525,-0.000580517342314124,0,0,0,0,0,38
2,4838,202.038133,-0.664459764957428,-0.00049539451720193,0,0,0,0,0,38
2,4839,202.082133,-0.629219591617584,4.02971381845418E-05,0,0,0,0,0,38
2,4840,202.126133,-0.663877904415131,-0.000417970208218321,0,0,0,0,0,38
2,4841,202.170133,-0.636376202106476,4.95127424073871E-05,0,0,0,0,0,38
2,4842,202.214133,-0.626931011676788,0.000197483721422032,0,0,0,0,0,38
2,4843,202.258133,-0.635018587112427,5.65537920920178E-05,0,0,0,0,0,38
2,4844,202.302133,-0.668959319591522,-0.0003754282661248,0,0,0,0,0,38
2,4845,202.346133,-0.650127053260803,-0.000102313308161683,0,0,0,0,0,38
2,4846,202.390133,-0.682147741317749,-0.000551295001059771,0,0,0,0,0,38
2,4847,202.434133,-0.691069304943085,-0.000628559850156307,0,0,0,0,0,38
2,4848,202.478133,-0.677900314331055,-0.000365454092388973,0,0,0,0,0,38
2,4849,202.522133,-0.658001303672791,-9.6256444521714E-05,0,0,0,0,0,38
2,4850,202.566133,-0.683990240097046,-0.000386180443456396,0,0,0,0,0,38
2,4851,202.610133,-0.677512407302856,-0.000244001799728721,0,0,0,0,0,38
2,4852,202.654133,-0.685309052467346,-0.000333781033987179,0,0,0,0,0,38
2,4853,202.698133,-0.669987261295319,-9.28331719478592E-05,0,0,0,0,0,38
2,4854,202.742133,-0.676911175251007,-0.000235175204579718,0,0,0,0,0,38
2,4855,202.786133,-0.694327652454376,-0.000404942315071821,0,0,0,0,0,38
2,4856,202.830133,-0.676503896713257,-8.53136443765834E-05,0,0,0,0,0,38
2,4857,202.874133,-0.696402847766876,-0.000351955502992496,0,0,0,0,0,38
2,4858,202.918133,-0.703927993774414,-0.000460850598756224,0,0,0,0,0,38
2,4859,202.962133,-0.695859789848328,-0.000364835548680276,0,0,0,0,0,38
2,4860,203.006133,-0.695084035396576,-0.000253730890108272,0,0,0,0,0,38
2,4861,203.050133,-0.683098077774048,-3.97646617784631E-05,0,0,0,0,0,38
2,4862,203.094133,-0.707535445690155,-0.00037012217217125,0,0,0,0,0,38
2,4863,203.138133,-0.686143040657043,-4.81828028568998E-05,0,0,0,0,0,38
2,4864,203.182133,-0.688063144683838,-6.65128754917532E-05,0,0,0,0,0,38
2,4865,203.226133,-0.70571231842041,-0.000342642626492307,0,0,0,0,0,38
2,4866,203.270133,-0.692174792289734,-0.000136032540467568,0,0,0,0,0,38
2,4867,203.314133,-0.678598523139954,0.000154544977704063,0,0,0,0,0,38
2,4868,203.358133,-0.689808666706085,3.73214589899362E-07,0,0,0,0,0,38
2,4869,203.402133,-0.721208691596985,-0.000442244316218421,0,0,0,0,0,38
2,4870,203.446133,-0.725630700588226,-0.00042316346662119,0,0,0,0,0,38
2,4871,203.490133,-0.741689503192902,-0.000685646838974208,0,0,0,0,0,38
2,4872,203.534133,-0.722566306591034,-0.000408960768254474,0,0,0,0,0,38
2,4873,203.578133,-0.729296267032623,-0.000466409517684951,0,0,0,0,0,38
2,4874,203.622133,-0.736123263835907,-0.000498829467687756,0,0,0,0,0,38
2,4875,203.666133,-0.721557796001434,-0.000293063523713499,0,0,0,0,0,38
2,4876,203.710133,-0.752686321735382,-0.000726578291505575,0,0,0,0,0,38
2,4877,203.754133,-0.704412877559662,3.89822889701463E-05,0,0,0,0,0,38
2,4878,203.798133,-0.72237241268158,-0.000147870072396472,0,0,0,0,0,38
2,4879,203.842133,-0.725669503211975,-0.000172015817952342,0,0,0,0,0,38
2,4880,203.886133,-0.725882828235626,-0.000144419565913267,0,0,0,0,0,38
2,4881,203.930133,-0.765351057052612,-0.000715262023732066,0,0,0,0,0,38
2,4882,203.974133,-0.722643911838531,-0.000109856177004986,0,0,0,0,0,38
2,4883,204.018133,-0.724137306213379,-6.74153707223013E-05,0,0,0,0,0,38
2,4884,204.062133,-0.729955732822418,-0.000121176315587945,0,0,0,0,0,38
2,4885,204.106133,-0.728035628795624,-7.27875740267336E-05,0,0,0,0,0,38
2,4886,204.150133,-0.748283743858337,-0.00027525084442459,0,0,0,0,0,38
2,4887,204.194133,-0.769714891910553,-0.000657198659610003,0,0,0,0,0,38
2,4888,204.238133,-0.750029265880585,-0.000337803357979283,0,0,0,0,0,38
2,4889,204.282133,-0.76087087392807,-0.000457341724541038,0,0,0,0,0,38
2,4890,204.326133,-0.739245772361755,-6.82400714140385E-05,0,0,0,0,0,38
2,4891,204.370133,-0.775339365005493,-0.000540686771273613,0,0,0,0,0,38
2,4892,204.414133,-0.752104461193085,-0.000261993438471109,0,0,0,0,0,38
2,4893,204.458133,-0.747760057449341,-0.000132947709062137,0,0,0,0,0,38
2,4894,204.502133,-0.76061874628067,-0.00031091901473701,0,0,0,0,0,38
2,4895,204.546133,-0.748749196529388,-9.79992037173361E-05,0,0,0,0,0,38
2,4896,204.590133,-0.764594674110413,-0.000226784293772653,0,0,0,0,0,38
2,4897,204.634133,-0.755595505237579,-0.000152853259351105,0,0,0,0,0,38
2,4898,204.678133,-0.757224678993225,-0.000105413702840451,0,0,0,0,0,38
2,4899,204.722133,-0.771130681037903,-0.000309833674691617,0,0,0,0,0,38
2,4900,204.766133,-0.758989632129669,-9.75285074673593E-05,0,0,0,0,0,38
2,4901,204.810133,-0.785114288330078,-0.000380703218979761,0,0,0,0,0,38
2,4902,204.854133,-0.75945508480072,-4.8785765102366E-05,0,0,0,0,0,38
2,4903,204.898133,-0.769346356391907,-0.000154024179209955,0,0,0,0,0,38
2,4904,204.942133,-0.775164783000946,-0.000193948100786656,0,0,0,0,0,38
2,4905,204.986133,-0.793667376041412,-0.00040330458432436,0,0,0,0,0,38
2,4906,205.030133,-0.791436970233917,-0.000443847035057843,0,0,0,0,0,38
2,4907,205.074133,-0.806060552597046,-0.000526102841831744,0,0,0,0,0,38
2,4908,205.118133,-0.813372373580933,-0.000667554035317153,0,0,0,0,0,38
2,4909,205.162133,-0.80656486749649,-0.000543977774214,0,0,0,0,0,38
2,4910,205.206133,-0.778636455535889,-9.1876216174569E-05,0,0,0,0,0,38
2,4911,205.250133,-0.829392433166504,-0.000783143972512335,0,0,0,0,0,38
2,4912,205.294133,-0.781681418418884,-5.36872685188428E-05,0,0,0,0,0,38
2,4913,205.338133,-0.803500473499298,-0.000326004752423614,0,0,0,0,0,38
2,4914,205.382133,-0.804276287555695,-0.000321184925269336,0,0,0,0,0,38
2,4915,205.426133,-0.831874966621399,-0.000755730550736189,0,0,0,0,0,38
2,4916,205.470133,-0.829857885837555,-0.000608584261499345,0,0,0,0,0,38
2,4917,205.514133,-0.790486633777618,-6.2494415033143E-05,0,0,0,0,0,38
2,4918,205.558133,-0.816630721092224,-0.000366959546227008,0,0,0,0,0,38
2,4919,205.602133,-0.82555228471756,-0.000471521081635728,0,0,0,0,0,38
2,4920,205.646133,-0.843783318996429,-0.000766261015087366,0,0,0,0,0,38
2,4921,205.690133,-0.820819973945618,-0.000324086926411837,0,0,0,0,0,38
2,4922,205.734133,-0.803713798522949,-0.000117402938485611,0,0,0,0,0,38
2,4923,205.778133,-0.840796530246735,-0.00061702576931566,0,0,0,0,0,38
2,4924,205.822133,-0.840893507003784,-0.000609358423389494,0,0,0,0,0,38
2,4925,205.866133,-0.824737668037415,-0.000279642728855833,0,0,0,0,0,38
2,4926,205.910133,-0.822798192501068,-0.000310300471028313,0,0,0,0,0,38
2,4927,205.954133,-0.861878573894501,-0.000798175227828324,0,0,0,0,0,38
2,4928,205.998133,-0.828325688838959,-0.000296027777949348,0,0,0,0,0,38
2,4929,206.042133,-0.842095971107483,-0.000427749881055206,0,0,0,0,0,38
2,4930,206.086133,-0.848147094249725,-0.00057014636695385,0,0,0,0,0,38
2,4931,206.130133,-0.87432998418808,-0.000872981559950858,0,0,0,0,0,38
2,4932,206.174133,-0.837887287139893,-0.000277674349490553,0,0,0,0,0,38
2,4933,206.218133,-0.866184175014496,-0.000704272533766925,0,0,0,0,0,38
2,4934,206.262133,-0.860055446624756,-0.000613267940934747,0,0,0,0,0,38
2,4935,206.306133,-0.84946596622467,-0.000354892516043037,0,0,0,0,0,38
2,4936,206.350133,-0.83705335855484,-0.000150456980918534,0,0,0,0,0,38
2,4937,206.394133,-0.863682270050049,-0.000594751152675599,0,0,0,0,0,38
2,4938,206.438133,-0.855575263500214,-0.00037520652404055,0,0,0,0,0,38
2,4939,206.482133,-0.871925055980682,-0.000588348077144474,0,0,0,0,0,38
2,4940,206.526133,-0.842794179916382,-0.000166188474395312,0,0,0,0,0,38
2,4941,206.570133,-0.84343421459198,-0.000173653534147888,0,0,0,0,0,38
2,4942,206.614133,-0.8929682970047,-0.000851438264362514,0,0,0,0,0,38
2,4943,206.658133,-0.86348831653595,-0.000387853186111897,0,0,0,0,0,38
2,4944,206.702133,-0.861684620380402,-0.000307126174448058,0,0,0,0,0,38
2,4945,206.746133,-0.899038851261139,-0.000872732547577471,0,0,0,0,0,38
2,4946,206.790133,-0.894907772541046,-0.000703552854247391,0,0,0,0,0,38
2,4947,206.834133,-0.861238539218903,-0.000225905139814131,0,0,0,0,0,38
2,4948,206.878133,-0.894616842269897,-0.000661314348690212,0,0,0,0,0,38
2,4949,206.922133,-0.874291181564331,-0.000380006880732253,0,0,0,0,0,38
2,4950,206.966133,-0.910074412822723,-0.000891673378646374,0,0,0,0,0,38
2,4951,207.010133,-0.918782651424408,-0.000946861982811242,0,0,0,0,0,38
2,4952,207.054133,-0.885966837406158,-0.000414262962294742,0,0,0,0,0,38
2,4953,207.098133,-0.905245184898376,-0.00072975258808583,0,0,0,0,0,38
2,4954,207.142133,-0.882592141628265,-0.00033289409475401,0,0,0,0,0,38
2,4955,207.186133,-0.88020658493042,-0.000317224825266749,0,0,0,0,0,38
2,4956,207.230133,-0.881738781929016,-0.000317528261803091,0,0,0,0,0,38
2,4957,207.274133,-0.919539034366608,-0.000835321669001132,0,0,0,0,0,38
2,4958,207.318133,-0.89843761920929,-0.000438828836195171,0,0,0,0,0,38
2,4959,207.362133,-0.919558465480804,-0.000769275822676718,0,0,0,0,0,38
2,4960,207.406133,-0.924930810928345,-0.000753641594201326,0,0,0,0,0,38
2,4961,207.450133,-0.924795031547546,-0.000711694825440645,0,0,0,0,0,38
2,4962,207.494133,-0.919674813747406,-0.000620783597696573,0,0,0,0,0,38
2,4963,207.538133,-0.917580187320709,-0.000624506385065615,0,0,0,0,0,38
2,4964,207.582133,-0.918802082538605,-0.000558616127818823,0,0,0,0,0,38
2,4965,207.626133,-0.899950385093689,-0.000261437147855759,0,0,0,0,0,38
2,4966,207.670133,-0.90305358171463,-0.000267015537247062,0,0,0,0,0,38
2,4967,207.714133,-0.934123873710632,-0.00069341529160738,0,0,0,0,0,38
2,4968,207.758133,-0.939806520938873,-0.000801719084847718,0,0,0,0,0,38
2,4969,207.802133,-0.923088312149048,-0.00047924678074196,0,0,0,0,0,38
2,4970,207.846133,-0.907611310482025,-0.000254913495155051,0,0,0,0,0,38
2,4971,207.890133,-0.907165229320526,-0.000222532427869737,0,0,0,0,0,38
2,4972,207.934133,-0.91763836145401,-0.000361334474291652,0,0,0,0,0,38
2,4973,207.978133,-0.952374339103699,-0.000842989014927298,0,0,0,0,0,38
2,4974,208.022133,-0.954371988773346,-0.000800847716163844,0,0,0,0,0,38
2,4975,208.066133,-0.934880256652832,-0.000471703911898658,0,0,0,0,0,38
2,4976,208.110133,-0.950085759162903,-0.000660750258248299,0,0,0,0,0,38
2,4977,208.154133,-0.940562963485718,-0.000509904522914439,0,0,0,0,0,38
2,4978,208.198133,-0.953518629074097,-0.000734782428480685,0,0,0,0,0,38
2,4979,208.242133,-0.971710860729218,-0.000942077196668833,0,0,0,0,0,38
2,4980,208.286133,-0.963759005069733,-0.000851134827826172,0,0,0,0,0,38
2,4981,208.330133,-0.929934620857239,-0.000298711936920881,0,0,0,0,0,38
2,4982,208.374133,-0.943064868450165,-0.000448538485215977,0,0,0,0,0,38
2,4983,208.418133,-0.974464893341064,-0.000884799635969102,0,0,0,0,0,38
2,4984,208.462133,-0.977063775062561,-0.000852955388836563,0,0,0,0,0,38
2,4985,208.506133,-0.992928683757782,-0.00107633951120079,0,0,0,0,0,38
2,4986,208.550133,-0.980089366436005,-0.00091693556169048,0,0,0,0,0,38
2,4987,208.594133,-0.963545680046082,-0.000626241380814463,0,0,0,0,0,38
2,4988,208.638133,-0.988545477390289,-0.000932445342186838,0,0,0,0,0,38
2,4989,208.682133,-0.993413507938385,-0.000970603199675679,0,0,0,0,0,38
2,4990,208.726133,-1.00365400314331,-0.0011298592435196,0,0,0,0,0,38
2,4991,208.770133,-0.959181845188141,-0.000450608000392094,0,0,0,0,0,38
2,4992,208.814133,-0.961140751838684,-0.000422731653088704,0,0,0,0,0,38
2,4993,208.858133,-0.980535447597504,-0.000700530246831477,0,0,0,0,0,38
2,4994,208.902133,-0.986509025096893,-0.0007746986229904,0,0,0,0,0,38
2,4995,208.946133,-0.967094898223877,-0.000460383773315698,0,0,0,0,0,38
2,4996,208.990133,-0.969402849674225,-0.000398834876250476,0,0,0,0,0,38
2,4997,209.034133,-0.980613052845001,-0.000540002132765949,0,0,0,0,0,38
2,4998,209.078133,-0.996322751045227,-0.000793359300587326,0,0,0,0,0,38
2,4999,209.122133,-1.01532959938049,-0.00103729090187699,0,0,0,0,0,38
2,5000,209.166133,-1.00598132610321,-0.000901456922292709,0,0,0,0,0,38
3,5001,209.210133,-1.00761044025421,-0.000939066288992763,0,0,0,0,0,38
3,5002,209.254133,-1.0148640871048,-0.00102981412783265,0,0,0,0,0,38
3,5003,209.298133,-0.981291830539703,-0.000544047798030078,0,0,0,0,0,38
3,5004,209.342133,-0.971051454544067,-0.000460656068753451,0,0,0,0,0,38
3,5005,209.386133,-0.986489593982697,-0.000638191704638302,0,0,0,0,0,38
3,5006,209.430133,-0.988118767738342,-0.000690528890118003,0,0,0,0,0,38
3,5007,209.474133,-0.974232137203217,-0.000541289744433016,0,0,0,0,0,38
3,5008,209.518133,-0.986547827720642,-0.000806496129371226,0,0,0,0,0,38
3,5009,209.562133,-1.00223815441132,-0.00101283786352724,0,0,0,0,0,38
3,5010,209.606133,-1.00442969799042,-0.00108375016134232,0,0,0,0,0,38
3,5011,209.650133,-0.983813166618347,-0.000877544633112848,0,0,0,0,0,38
3,5012,209.694133,-0.992366194725037,-0.000986175145953894,0,0,0,0,0,38
3,5013,209.738133,-0.977781414985657,-0.000772932486142963,0,0,0,0,0,38
3,5014,209.782133,-0.968200385570526,-0.000633862044196576,0,0,0,0,0,38
3,5015,209.826133,-0.979546308517456,-0.000820811663288623,0,0,0,0,0,38
3,5016,209.870133,-0.990252196788788,-0.00105262163560838,0,0,0,0,0,38
3,5017,209.914133,-0.97801411151886,-0.000898313766811043,0,0,0,0,0,38
3,5018,209.958133,-0.954294383525848,-0.000552376441191882,0,0,0,0,0,38
3,5019,210.002133,-0.952626466751099,-0.000550505355931818,0,0,0,0,0,38
3,5020,210.046133,-0.964049935340881,-0.000737373251467943,0,0,0,0,0,38
3,5021,210.090133,-0.970935046672821,-0.000887970032636076,0,0,0,0,0,38
3,5022,210.134133,-0.948107481002808,-0.000587869551964104,0,0,0,0,0,38
3,5023,210.178133,-0.940756857395172,-0.000573993660509586,0,0,0,0,0,38
3,5024,210.222133,-0.970411419868469,-0.001022057258524,0,0,0,0,0,38
3,5025,210.266133,-0.951249420642853,-0.00081820139894262,0,0,0,0,0,38
3,5026,210.310133,-0.916765630245209,-0.000303994660498574,0,0,0,0,0,38
3,5027,210.354133,-0.9527428150177,-0.000869371520821005,0,0,0,0,0,38
3,5028,210.398133,-0.935791850090027,-0.000585360452532768,0,0,0,0,0,38
3,5029,210.442133,-0.909802913665771,-0.000268874980974942,0,0,0,0,0,38
3,5030,210.486133,-0.902219593524933,-0.000206085154786706,0,0,0,0,0,38
3,5031,210.530133,-0.912518203258514,-0.000345042819390073,0,0,0,0,0,38
3,5032,210.574133,-0.924193799495697,-0.000604386848863214,0,0,0,0,0,38
3,5033,210.618133,-0.93369722366333,-0.000695842725690454,0,0,0,0,0,38
3,5034,210.662133,-0.902122616767883,-0.000284474226646125,0,0,0,0,0,38
3,5035,210.706133,-0.900900721549988,-0.00027458174736239,0,0,0,0,0,38
3,5036,210.750133,-0.893433749675751,-0.000234097649808973,0,0,0,0,0,38
3,5037,210.794133,-0.920237302780151,-0.000691913708578795,0,0,0,0,0,38
3,5038,210.838133,-0.919732987880707,-0.00063981773564592,0,0,0,0,0,38
3,5039,210.882133,-0.889826357364655,-0.000252882862696424,0,0,0,0,0,38
3,5040,210.926133,-0.879935026168823,-0.000152693770360202,0,0,0,0,0,38
3,5041,210.970133,-0.884841918945313,-0.00028300765552558,0,0,0,0,0,38
3,5042,211.014133,-0.923321008682251,-0.000869955052621663,0,0,0,0,0,38
3,5043,211.058133,-0.886665046215057,-0.000349353038473055,0,0,0,0,0,38
3,5044,211.102133,-0.875357925891876,-0.000239862754824571,0,0,0,0,0,38
3,5045,211.146133,-0.903635382652283,-0.00071646407013759,0,0,0,0,0,38
3,5046,211.190133,-0.923786520957947,-0.000970303663052619,0,0,0,0,0,38
3,5047,211.234133,-0.880012631416321,-0.000360039091901854,0,0,0,0,0,38
3,5048,211.278133,-0.909298658370972,-0.00085454253712669,0,0,0,0,0,38
3,5049,211.322133,-0.904294788837433,-0.000726982834748924,0,0,0,0,0,38
3,5050,211.366133,-0.870392858982086,-0.000269155076239258,0,0,0,0,0,38
3,5051,211.410133,-0.867270290851593,-0.000338297424605116,0,0,0,0,0,38
3,5052,211.454133,-0.901230454444885,-0.000813914521131665,0,0,0,0,0,38
3,5053,211.498133,-0.865136861801147,-0.000360478676157072,0,0,0,0,0,38
3,5054,211.542133,-0.903422057628632,-0.000955855881329626,0,0,0,0,0,38
3,5055,211.586133,-0.907669484615326,-0.0010362328030169,0,0,0,0,0,38
3,5056,211.630133,-0.878907144069672,-0.000565808906685561,0,0,0,0,0,38
3,5057,211.674133,-0.86116099357605,-0.000412384048104286,0,0,0,0,0,38
3,5058,211.718133,-0.872409880161285,-0.000539998232852668,0,0,0,0,0,38
3,5059,211.762133,-0.85594379901886,-0.000429803825682029,0,0,0,0,0,38
3,5060,211.806133,-0.892250716686249,-0.000977119081653655,0,0,0,0,0,38
3,5061,211.850133,-0.869093418121338,-0.000576000951696187,0,0,0,0,0,38
3,5062,211.894133,-0.878461062908173,-0.000811000820249319,0,0,0,0,0,38
3,5063,211.938133,-0.850028395652771,-0.000445854326244444,0,0,0,0,0,38
3,5064,211.982133,-0.886296510696411,-0.000957205716986209,0,0,0,0,0,38
3,5065,212.026133,-0.883057594299316,-0.000910427479539067,0,0,0,0,0,38
3,5066,212.070133,-0.830129444599152,-0.000212192593608052,0,0,0,0,0,38
3,5067,212.114133,-0.855206787586212,-0.000566174567211419,0,0,0,0,0,38
3,5068,212.158133,-0.857960820198059,-0.000714254507329315,0,0,0,0,0,38
3,5069,212.202133,-0.849116861820221,-0.000510258541908115,0,0,0,0,0,38
3,5070,212.246133,-0.850009024143219,-0.000543654896318913,0,0,0,0,0,38
3,5071,212.290133,-0.826483190059662,-0.000344346481142566,0,0,0,0,0,38
3,5072,212.334133,-0.831254303455353,-0.000380084675271064,0,0,0,0,0,38
3,5073,212.378133,-0.857379019260406,-0.000785944808740169,0,0,0,0,0,38
3,5074,212.422133,-0.812829315662384,-0.000156883397721685,0,0,0,0,0,38
3,5075,212.466133,-0.815660953521729,-0.000324740482028574,0,0,0,0,0,38
3,5076,212.510133,-0.846595525741577,-0.000701448356267065,0,0,0,0,0,38
3,5077,212.554133,-0.832146465778351,-0.000612785574048758,0,0,0,0,0,38
3,5078,212.598133,-0.814400315284729,-0.000377556134480983,0,0,0,0,0,38
3,5079,212.642133,-0.836704254150391,-0.000627801287919283,0,0,0,0,0,38
3,5080,212.686133,-0.792930364608765,-0.000106600178696681,0,0,0,0,0,38
3,5081,212.730133,-0.830653071403503,-0.000619282014667988,0,0,0,0,0,38
3,5082,212.774133,-0.835618138313293,-0.00075669918442145,0,0,0,0,0,38
3,5083,212.818133,-0.799912452697754,-0.000311459734803066,0,0,0,0,0,38
3,5084,212.862133,-0.826754748821259,-0.000629376736469567,0,0,0,0,0,38
3,5085,212.906133,-0.781118988990784,-8.14235609141178E-05,0,0,0,0,0,38
3,5086,212.950133,-0.815505802631378,-0.000544413458555937,0,0,0,0,0,38
3,5087,212.994133,-0.824155867099762,-0.000721902411896735,0,0,0,0,0,38
3,5088,213.038133,-0.826172888278961,-0.000830252887681127,0,0,0,0,0,38
3,5089,213.082133,-0.77824854850769,-0.000104382830613758,0,0,0,0,0,38
3,5090,213.126133,-0.830963373184204,-0.000949203851632774,0,0,0,0,0,38
3,5091,213.170133,-0.77727884054184,-0.000186265184311196,0,0,0,0,0,38
3,5092,213.214133,-0.784105777740479,-0.000294701254460961,0,0,0,0,0,38
3,5093,213.258133,-0.786083996295929,-0.000328700582031161,0,0,0,0,0,38
3,5094,213.302133,-0.806875169277191,-0.000772356754168868,0,0,0,0,0,38
3,5095,213.346133,-0.786665856838226,-0.000375622767023742,0,0,0,0,0,38
3,5096,213.390133,-0.776890933513641,-0.000374284572899342,0,0,0,0,0,38
3,5097,213.434133,-0.781332314014435,-0.000462387164589018,0,0,0,0,0,38
3,5098,213.478133,-0.767542660236359,-0.000296121143037453,0,0,0,0,0,38
3,5099,213.522133,-0.784454882144928,-0.000457726855529472,0,0,0,0,0,38
3,5100,213.566133,-0.795587420463562,-0.000783210096415132,0,0,0,0,0,38
3,5101,213.610133,-0.775145411491394,-0.000500214344356209,0,0,0,0,0,38
3,5102,213.654133,-0.783776044845581,-0.000641914492007345,0,0,0,0,0,38
3,5103,213.698133,-0.763275861740112,-0.000395185983506963,0,0,0,0,0,38
3,5104,213.742133,-0.764381349086761,-0.00031696810037829,0,0,0,0,0,38
3,5105,213.786133,-0.780401349067688,-0.000709535786882043,0,0,0,0,0,38
3,5106,213.830133,-0.762694001197815,-0.000470781960757449,0,0,0,0,0,38
3,5107,213.874133,-0.771247088909149,-0.000608027970883995,0,0,0,0,0,38
3,5108,213.918133,-0.757282853126526,-0.000342117476975545,0,0,0,0,0,38
3,5109,213.962133,-0.78843080997467,-0.000855413905810565,0,0,0,0,0,38
3,5110,214.006133,-0.744443595409393,-0.000340682046953589,0,0,0,0,0,38
3,5111,214.050133,-0.737577855587006,-0.000236431704252027,0,0,0,0,0,38
3,5112,214.094133,-0.745355129241943,-0.000391101406421512,0,0,0,0,0,38
3,5113,214.138133,-0.732477009296417,-0.000246211362536997,0,0,0,0,0,38
3,5114,214.182133,-0.740254282951355,-0.000267482333583757,0,0,0,0,0,38
3,5115,214.226133,-0.774621725082397,-0.000858475395943969,0,0,0,0,0,38
3,5116,214.270133,-0.75392758846283,-0.000631520175375044,0,0,0,0,0,38
3,5117,214.314133,-0.758175015449524,-0.000665694591589272,0,0,0,0,0,38
3,5118,214.358133,-0.762500047683716,-0.00073917827103287,0,0,0,0,0,38
3,5119,214.402133,-0.750688672065735,-0.000704537029378116,0,0,0,0,0,38
3,5120,214.446133,-0.707496643066406,-5.36483676114585E-05,0,0,0,0,0,38
3,5121,214.490133,-0.734241962432861,-0.00040805825847201,0,0,0,0,0,38
3,5122,214.534133,-0.719637751579285,-0.00024982524337247,0,0,0,0,0,38
3,5123,214.578133,-0.704917132854462,-7.43436103221029E-05,0,0,0,0,0,38
3,5124,214.622133,-0.746189117431641,-0.000659734942018986,0,0,0,0,0,38
3,5125,214.666133,-0.749583184719086,-0.00078713905531913,0,0,0,0,0,38
3,5126,214.710133,-0.730770289897919,-0.000514078594278544,0,0,0,0,0,38
3,5127,214.754133,-0.705498993396759,-0.00020494926138781,0,0,0,0,0,38
3,5128,214.798133,-0.700068473815918,-0.000130224652821198,0,0,0,0,0,38
3,5129,214.842133,-0.727667152881622,-0.000526857504155487,0,0,0,0,0,38
3,5130,214.886133,-0.739245772361755,-0.000800373149104416,0,0,0,0,0,38
3,5131,214.930133,-0.72343909740448,-0.000563377630896866,0,0,0,0,0,38
3,5132,214.974133,-0.693396687507629,-0.000174353757756762,0,0,0,0,0,38
3,5133,215.018133,-0.687481284141541,-0.000105188075394835,0,0,0,0,0,38
3,5134,215.062133,-0.703850448131561,-0.000339550024364144,0,0,0,0,0,38
3,5135,215.106133,-0.727977454662323,-0.000763378455303609,0,0,0,0,0,38
3,5136,215.150133,-0.690584421157837,-0.000240271212533116,0,0,0,0,0,38
3,5137,215.194133,-0.690215945243835,-0.000342385901603848,0,0,0,0,0,38
3,5138,215.238133,-0.690118968486786,-0.000391272566048428,0,0,0,0,0,38
3,5139,215.282133,-0.661686301231384,3.71928508684505E-05,0,0,0,0,0,38
3,5140,215.326133,-0.665953159332275,-5.13493287144229E-05,0,0,0,0,0,38
3,5141,215.370133,-0.692116618156433,-0.000482102099340409,0,0,0,0,0,38
3,5142,215.414133,-0.707244515419006,-0.000699903990607709,0,0,0,0,0,38
3,5143,215.458133,-0.712287127971649,-0.000776826462242752,0,0,0,0,0,38
3,5144,215.502133,-0.715681195259094,-0.000885157496668398,0,0,0,0,0,38
3,5145,215.546133,-0.703326761722565,-0.000726251513697207,0,0,0,0,0,38
3,5146,215.590133,-0.675534129142761,-0.000310981238726527,0,0,0,0,0,38
3,5147,215.634133,-0.653947830200195,-8.57143240864389E-05,0,0,0,0,0,38
3,5148,215.678133,-0.65206652879715,-0.00012347535812296,0,0,0,0,0,38
3,5149,215.722133,-0.639770269393921,5.97475518588908E-05,0,0,0,0,0,38
3,5150,215.766133,-0.656042456626892,-0.000242025635088794,0,0,0,0,0,38
3,5151,215.810133,-0.679568231105804,-0.000534820486791432,0,0,0,0,0,38
3,5152,215.854133,-0.647954881191254,-0.000165799458045512,0,0,0,0,0,38
3,5153,215.898133,-0.665468275547028,-0.000486132223159075,0,0,0,0,0,38
3,5154,215.942133,-0.671131551265717,-0.000603301508817822,0,0,0,0,0,38
3,5155,215.986133,-0.680208265781403,-0.00070351007161662,0,0,0,0,0,38
3,5156,216.030133,-0.652241110801697,-0.000275737111223862,0,0,0,0,0,38
3,5157,216.074133,-0.647237241268158,-0.000320329127134755,0,0,0,0,0,38
3,5158,216.118133,-0.672877073287964,-0.000725232297554612,0,0,0,0,0,38
3,5159,216.162133,-0.667446553707123,-0.00069152470678091,0,0,0,0,0,38
3,5160,216.206133,-0.665410101413727,-0.000636145530734211,0,0,0,0,0,38
3,5161,216.250133,-0.634301006793976,-0.000183608266524971,0,0,0,0,0,38
3,5162,216.294133,-0.66432398557663,-0.000674602866638452,0,0,0,0,0,38
3,5163,216.338133,-0.655053317546844,-0.000496612105052918,0,0,0,0,0,38
3,5164,216.382133,-0.646616637706757,-0.000399609009036794,0,0,0,0,0,38
3,5165,216.426133,-0.619561016559601,-8.67802082211711E-05,0,0,0,0,0,38
3,5166,216.470133,-0.65055376291275,-0.000608195259701461,0,0,0,0,0,38
3,5167,216.514133,-0.612966775894165,-6.44005558569916E-05,0,0,0,0,0,38
3,5168,216.558133,-0.60152393579483,1.52216616697842E-05,0,0,0,0,0,38
3,5169,216.602133,-0.618436098098755,-0.000288158131297678,0,0,0,0,0,38
3,5170,216.646133,-0.646228730678558,-0.000630158698186278,0,0,0,0,0,38
3,5171,216.690133,-0.627532243728638,-0.000441034499090165,0,0,0,0,0,38
3,5172,216.734133,-0.603482782840729,-7.86460441304371E-05,0,0,0,0,0,38
3,5173,216.778133,-0.593649625778198,-3.9640177419642E-05,0,0,0,0,0,38
3,5174,216.822133,-0.631178438663483,-0.000619562109932303,0,0,0,0,0,38
3,5175,216.866133,-0.627823114395142,-0.000489960075356066,0,0,0,0,0,38
3,5176,216.910133,-0.622509002685547,-0.000517284031957388,0,0,0,0,0,38
3,5177,216.954133,-0.592408418655396,-5.98024780629203E-05,0,0,0,0,0,38
3,5178,216.998133,-0.594153940677643,-0.000210352576687001,0,0,0,0,0,38
3,5179,217.042133,-0.626097023487091,-0.000687871943227947,0,0,0,0,0,38
3,5180,217.086133,-0.598789274692535,-0.000217506443732418,0,0,0,0,0,38
3,5181,217.130133,-0.608486592769623,-0.000469688849989325,0,0,0,0,0,38
3,5182,217.174133,-0.577280521392822,-1.63385811902117E-05,0,0,0,0,0,38
3,5183,217.218133,-0.582497715950012,-0.000192520441487432,0,0,0,0,0,38
3,5184,217.262133,-0.623362362384796,-0.000758959329687059,0,0,0,0,0,38
3,5185,217.306133,-0.584320783615112,-0.000160757917910814,0,0,0,0,0,38
3,5186,217.350133,-0.598420739173889,-0.000467039702925831,0,0,0,0,0,38
3,5187,217.394133,-0.564383029937744,8.12225971458247E-06,0,0,0,0,0,38
3,5188,217.438133,-0.606876850128174,-0.000677866628393531,0,0,0,0,0,38
3,5189,217.482133,-0.599177122116089,-0.000476508168503642,0,0,0,0,0,38
3,5190,217.526133,-0.575379848480225,-0.000278794701443985,0,0,0,0,0,38
3,5191,217.570133,-0.562269032001495,-7.23013145034201E-05,0,0,0,0,0,38
3,5192,217.614133,-0.59822678565979,-0.000588845985475928,0,0,0,0,0,38
3,5193,217.658133,-0.547063529491425,0.00011261767213,0,0,0,0,0,38
3,5194,217.702133,-0.543242812156677,8.77483689691871E-05,0,0,0,0,0,38
3,5195,217.746133,-0.587928235530853,-0.000537858693860471,0,0,0,0,0,38
3,5196,217.790133,-0.581392168998718,-0.000521403620950878,0,0,0,0,0,38
3,5197,217.834133,-0.548227250576019,-9.08375586732291E-05,0,0,0,0,0,38
3,5198,217.878133,-0.594483613967896,-0.000717168150003999,0,0,0,0,0,38
3,5199,217.922133,-0.589091897010803,-0.000663877930492163,0,0,0,0,0,38
3,5200,217.966133,-0.578192055225372,-0.000582793029025197,0,0,0,0,0,38
3,5201,218.010133,-0.555616617202759,-0.000318928679917008,0,0,0,0,0,38
3,5202,218.054133,-0.533622980117798,3.29565482388716E-05,0,0,0,0,0,38
3,5203,218.098133,-0.579064846038818,-0.000720809272024781,0,0,0,0,0,38
3,5204,218.142133,-0.54174941778183,-0.000108253465441521,0,0,0,0,0,38
3,5205,218.186133,-0.568223178386688,-0.000569216615986079,0,0,0,0,0,38
3,5206,218.230133,-0.545608937740326,-0.000325347325997427,0,0,0,0,0,38
3,5207,218.274133,-0.550399422645569,-0.000317205383908004,0,0,0,0,0,38
3,5208,218.318133,-0.523130476474762,-8.42283116071485E-05,0,0,0,0,0,38
3,5209,218.362133,-0.561493217945099,-0.000556737242732197,0,0,0,0,0,38
3,5210,218.406133,-0.547160506248474,-0.000460531591670588,0,0,0,0,0,38
3,5211,218.450133,-0.536609768867493,-0.000340452505042776,0,0,0,0,0,38
3,5212,218.494133,-0.515876829624176,-6.21658591626328E-06,0,0,0,0,0,38
3,5213,218.538133,-0.555946350097656,-0.000682849844451994,0,0,0,0,0,38
3,5214,218.582133,-0.507265567779541,5.14694547746331E-05,0,0,0,0,0,38
3,5215,218.626133,-0.524972975254059,-0.00021606711379718,0,0,0,0,0,38
3,5216,218.670133,-0.524449288845062,-0.000237684304011054,0,0,0,0,0,38
3,5217,218.714133,-0.547490239143372,-0.000630971684586257,0,0,0,0,0,38
3,5218,218.758133,-0.488879412412643,0.000162609125254676,0,0,0,0,0,38
3,5219,218.802133,-0.539034128189087,-0.000534151447936893,0,0,0,0,0,38
3,5220,218.846133,-0.529220402240753,-0.000489656638819724,0,0,0,0,0,38
3,5221,218.890133,-0.525806963443756,-0.000475889653898776,0,0,0,0,0,38
3,5222,218.934133,-0.486183524131775,6.4742416725494E-05,0,0,0,0,0,38
3,5223,218.978133,-0.535737037658691,-0.000614372722338885,0,0,0,0,0,38
3,5224,219.022133,-0.493863850831985,-0.000138712814077735,0,0,0,0,0,38
3,5225,219.066133,-0.496831238269806,-0.000137394075863995,0,0,0,0,0,38
3,5226,219.110133,-0.488704860210419,-4.9291476898361E-05,0,0,0,0,0,38
3,5227,219.154133,-0.490624934434891,-7.19356467016041E-05,0,0,0,0,0,38
3,5228,219.198133,-0.525806963443756,-0.000697266485076398,0,0,0,0,0,38
3,5229,219.242133,-0.474236398935318,2.61177847278304E-05,0,0,0,0,0,38
3,5230,219.286133,-0.47896870970726,-6.21832077740692E-05,0,0,0,0,0,38
3,5231,219.330133,-0.480268150568008,-0.000127672756207176,0,0,0,0,0,38
3,5232,219.374133,-0.463258981704712,0.000125684455269948,0,0,0,0,0,38
3,5233,219.418133,-0.511105716228485,-0.000557993713300675,0,0,0,0,0,38
3,5234,219.462133,-0.492370456457138,-0.00041202615830116,0,0,0,0,0,38
3,5235,219.506133,-0.495977878570557,-0.000452599721029401,0,0,0,0,0,38
3,5236,219.550133,-0.494271129369736,-0.000422537152189761,0,0,0,0,0,38
3,5237,219.594133,-0.504143059253693,-0.000641568272840232,0,0,0,0,0,38
3,5238,219.638133,-0.459050327539444,6.36259646853432E-05,0,0,0,0,0,38
3,5239,219.682133,-0.477688640356064,-0.000240387918893248,0,0,0,0,0,38
3,5240,219.726133,-0.473150283098221,-0.000226301926886663,0,0,0,0,0,38
3,5241,219.770133,-0.452611267566681,7.53096719563473E-06,0,0,0,0,0,38
3,5242,219.814133,-0.44270059466362,0.000137833194457926,0,0,0,0,0,38
3,5243,219.858133,-0.490004301071167,-0.000555924198124558,0,0,0,0,0,38
3,5244,219.902133,-0.486668407917023,-0.000585928442887962,0,0,0,0,0,38
3,5245,219.946133,-0.474779427051544,-0.000419288931880146,0,0,0,0,0,38
3,5246,219.990133,-0.447762608528137,-4.83111725770868E-05,0,0,0,0,0,38
3,5247,220.034133,-0.460000663995743,-0.000220470683416352,0,0,0,0,0,38
3,5248,220.078133,-0.483448892831802,-0.000667231157422066,0,0,0,0,0,38
3,5249,220.122133,-0.460078239440918,-0.000395166542148218,0,0,0,0,0,38
3,5250,220.166133,-0.461571633815765,-0.000375039235223085,0,0,0,0,0,38
3,5251,220.210133,-0.462832301855087,-0.000434790912549943,0,0,0,0,0,38
3,5252,220.254133,-0.470260471105576,-0.000611875264439732,0,0,0,0,0,38
3,5253,220.298133,-0.417390465736389,9.60420293267816E-05,0,0,0,0,0,38
3,5254,220.342133,-0.426195681095123,-4.81750212202314E-05,0,0,0,0,0,38
3,5255,220.386133,-0.44948872923851,-0.000399721815483645,0,0,0,0,0,38
3,5256,220.430133,-0.452029436826706,-0.000420658237999305,0,0,0,0,0,38
3,5257,220.474133,-0.460310995578766,-0.000570165808312595,0,0,0,0,0,38
3,5258,220.518133,-0.410195052623749,4.13980305893347E-05,0,0,0,0,0,38
3,5259,220.562133,-0.432266235351563,-0.00030012012575753,0,0,0,0,0,38
3,5260,220.606133,-0.438705265522003,-0.000350193295162171,0,0,0,0,0,38
3,5261,220.650133,-0.413336992263794,-6.50834226689767E-06,0,0,0,0,0,38
3,5262,220.694133,-0.411358714103699,1.47548516906681E-05,0,0,0,0,0,38
3,5263,220.738133,-0.425187140703201,-0.000193738043890335,0,0,0,0,0,38
3,5264,220.782133,-0.436183959245682,-0.000479176756925881,0,0,0,0,0,38
3,5265,220.826133,-0.417215913534164,-0.000184296804945916,0,0,0,0,0,38
3,5266,220.870133,-0.399043083190918,-6.02597174292896E-06,0,0,0,0,0,38
3,5267,220.914133,-0.383760035037994,0.00017513131024316,0,0,0,0,0,38
3,5268,220.958133,-0.379473805427551,0.000236022766330279,0,0,0,0,0,38
3,5269,221.002133,-0.400769203901291,-0.000142637902172282,0,0,0,0,0,38
3,5270,221.046133,-0.413336992263794,-0.000278518506092951,0,0,0,0,0,38
3,5271,221.090133,-0.384846150875092,9.6843381470535E-05,0,0,0,0,0,38
3,5272,221.134133,-0.370784968137741,0.000229351280722767,0,0,0,0,0,38
3,5273,221.178133,-0.380637496709824,1.80225215444807E-05,0,0,0,0,0,38
3,5274,221.222133,-0.409302890300751,-0.000406762876082212,0,0,0,0,0,38
3,5275,221.266133,-0.388492345809937,-7.45497818570584E-05,0,0,0,0,0,38
3,5276,221.310133,-0.372103810310364,0.000106949817563873,0,0,0,0,0,38
3,5277,221.354133,-0.360428184270859,0.000233645929256454,0,0,0,0,0,38
3,5278,221.398133,-0.358876615762711,0.000208197016036138,0,0,0,0,0,38
3,5279,221.442133,-0.393476784229279,-0.000335912802256644,0,0,0,0,0,38
3,5280,221.486133,-0.372898995876312,-4.73057434646762E-06,0,0,0,0,0,38
3,5281,221.530133,-0.377398580312729,-0.000166468555107713,0,0,0,0,0,38
3,5282,221.574133,-0.387871712446213,-0.000374482973711565,0,0,0,0,0,38
3,5283,221.618133,-0.395571410655975,-0.00050007039681077,0,0,0,0,0,38
3,5284,221.662133,-0.391246408224106,-0.000415624468587339,0,0,0,0,0,38
3,5285,221.706133,-0.364908367395401,-9.04718908714131E-05,0,0,0,0,0,38
3,5286,221.750133,-0.377631306648254,-0.000235754821915179,0,0,0,0,0,38
3,5287,221.794133,-0.352806061506271,9.7617506980896E-05,0,0,0,0,0,38
3,5288,221.838133,-0.342546284198761,0.000190512684639543,0,0,0,0,0,38
3,5289,221.882133,-0.345785200595856,8.27068215585314E-05,0,0,0,0,0,38
3,5290,221.926133,-0.375575482845306,-0.000361490092473105,0,0,0,0,0,38
3,5291,221.970133,-0.341460168361664,7.859111065045E-05,0,0,0,0,0,38
3,5292,222.014133,-0.338260024785995,4.92793369630817E-05,0,0,0,0,0,38
3,5293,222.058133,-0.368360638618469,-0.000416359718656167,0,0,0,0,0,38
3,5294,222.102133,-0.359031766653061,-0.000214149302337319,0,0,0,0,0,38
3,5295,222.146133,-0.352301806211472,-0.000216288841329515,0,0,0,0,0,38
3,5296,222.190133,-0.358391761779785,-0.000255730410572141,0,0,0,0,0,38
3,5297,222.234133,-0.342100203037262,-3.57034150511026E-05,0,0,0,0,0,38
3,5298,222.278133,-0.324179470539093,0.000162671363796107,0,0,0,0,0,38
3,5299,222.322133,-0.352728486061096,-0.000344202562700957,0,0,0,0,0,38
3,5300,222.366133,-0.331607639789581,-1.62880114658037E-05,0,0,0,0,0,38
3,5301,222.410133,-0.339792221784592,-0.00023206313198898,0,0,0,0,0,38
3,5302,222.454133,-0.312600821256638,0.000123719961266033,0,0,0,0,0,38
3,5303,222.498133,-0.348306506872177,-0.000417732895584777,0,0,0,0,0,38
3,5304,222.542133,-0.321599990129471,1.48443232319551E-05,0,0,0,0,0,38
3,5305,222.586133,-0.341479569673538,-0.000338009558618069,0,0,0,0,0,38
3,5306,222.630133,-0.311689287424088,9.06737113837153E-05,0,0,0,0,0,38
3,5307,222.674133,-0.314133018255234,-6.61433150526136E-05,0,0,0,0,0,38
3,5308,222.718133,-0.34681311249733,-0.000516470987349749,0,0,0,0,0,38
3,5309,222.762133,-0.303989589214325,8.71259544510394E-05,0,0,0,0,0,38
3,5310,222.806133,-0.331704616546631,-0.000342335319146514,0,0,0,0,0,38
3,5311,222.850133,-0.295067995786667,0.000154642242705449,0,0,0,0,0,38
3,5312,222.894133,-0.330599129199982,-0.000441030628280714,0,0,0,0,0,38
3,5313,222.938133,-0.332228273153305,-0.000400748802348971,0,0,0,0,0,38
3,5314,222.982133,-0.306258767843246,-0.000135452923132107,0,0,0,0,0,38
3,5315,223.026133,-0.29619288444519,1.5513418475166E-05,0,0,0,0,0,38
3,5316,223.070133,-0.325440138578415,-0.000412784720538184,0,0,0,0,0,38
3,5317,223.114133,-0.299742132425308,-3.05101548292441E-05,0,0,0,0,0,38
3,5318,223.158133,-0.285215497016907,3.01790314551909E-05,0,0,0,0,0,38
3,5319,223.202133,-0.283586323261261,8.60289510455914E-05,0,0,0,0,0,38
3,5320,223.246133,-0.29945120215416,-0.000146212900290266,0,0,0,0,0,38
3,5321,223.290133,-0.309071004390717,-0.000379112170776352,0,0,0,0,0,38
3,5322,223.334133,-0.278621286153793,0.000115224022010807,0,0,0,0,0,38
3,5323,223.378133,-0.282694190740585,-8.30029312055558E-05,0,0,0,0,0,38
3,5324,223.422133,-0.273559272289276,5.60947628400754E-05,0,0,0,0,0,38
3,5325,223.466133,-0.272453755140305,4.82406867376994E-05,0,0,0,0,0,38
3,5326,223.510133,-0.283974230289459,-8.37342668091878E-05,0,0,0,0,0,38
3,5327,223.554133,-0.285894304513931,-0.000266373681370169,0,0,0,0,0,38
3,5328,223.598133,-0.301545828580856,-0.000467385922092944,0,0,0,0,0,38
3,5329,223.642133,-0.288958668708801,-0.000314388948027045,0,0,0,0,0,38
3,5330,223.686133,-0.285564601421356,-0.000287975301034749,0,0,0,0,0,38
3,5331,223.730133,-0.251274734735489,0.000146426376886666,0,0,0,0,0,38
3,5332,223.774133,-0.278504908084869,-0.000179671493242495,0,0,0,0,0,38
3,5333,223.818133,-0.268380880355835,-0.00018232454021927,0,0,0,0,0,38
3,5334,223.862133,-0.256472527980804,-2.36052565014688E-05,0,0,0,0,0,38
3,5335,223.906133,-0.255173087120056,-3.16693985951133E-05,0,0,0,0,0,38
3,5336,223.950133,-0.258470177650452,-2.31890189752448E-05,0,0,0,0,0,38
3,5337,223.994133,-0.279901325702667,-0.000459158414741978,0,0,0,0,0,38
3,5338,224.038133,-0.239463359117508,0.00015644334780518,0,0,0,0,0,38
3,5339,224.082133,-0.242450147867203,6.79011645843275E-05,0,0,0,0,0,38
3,5340,224.126133,-0.238513007760048,7.1581183874514E-05,0,0,0,0,0,38
3,5341,224.170133,-0.266829311847687,-0.000306585454382002,0,0,0,0,0,38
3,5342,224.214133,-0.22214387357235,0.000218661327380687,0,0,0,0,0,38
3,5343,224.258133,-0.229203552007675,0.000155778136104345,0,0,0,0,0,38
3,5344,224.302133,-0.231220602989197,7.71206614444964E-05,0,0,0,0,0,38
3,5345,224.346133,-0.225906446576118,0.00011360186181264,0,0,0,0,0,38
3,5346,224.390133,-0.230153888463974,7.30944229871966E-05,0,0,0,0,0,38
3,5347,224.434133,-0.264812260866165,-0.000513016595505178,0,0,0,0,0,38
3,5348,224.478133,-0.238726362586021,-0.0002090688503813,0,0,0,0,0,38
3,5349,224.522133,-0.231123626232147,-0.000113224989036098,0,0,0,0,0,38
3,5350,224.566133,-0.228621706366539,-0.000114053575089201,0,0,0,0,0,38
3,5351,224.610133,-0.205755338072777,0.000239337125094607,0,0,0,0,0,38
3,5352,224.654133,-0.250382572412491,-0.000410403998102993,0,0,0,0,0,38
3,5353,224.698133,-0.242547109723091,-0.000351694849086925,0,0,0,0,0,38
3,5354,224.742133,-0.230309054255486,-0.00023405096726492,0,0,0,0,0,38
3,5355,224.786133,-0.226430103182793,-0.000165161487529986,0,0,0,0,0,38
3,5356,224.830133,-0.240549460053444,-0.000423054530983791,0,0,0,0,0,38
3,5357,224.874133,-0.211224645376205,-0.000112287481897511,0,0,0,0,0,38
3,5358,224.918133,-0.194234877824783,0.000182864794624038,0,0,0,0,0,38
3,5359,224.962133,-0.197919875383377,6.89203661750071E-05,0,0,0,0,0,38
3,5360,225.006133,-0.215181171894073,-0.000224952062126249,0,0,0,0,0,38
3,5361,225.050133,-0.202244892716408,-0.000101049030490685,0,0,0,0,0,38
3,5362,225.094133,-0.206899628043175,-6.73258982715197E-05,0,0,0,0,0,38
3,5363,225.138133,-0.211166471242905,-0.000179017966729589,0,0,0,0,0,38
3,5364,225.182133,-0.188222512602806,9.22064064070582E-05,0,0,0,0,0,38
3,5365,225.226133,-0.189909860491753,-6.73785734761623E-06,0,0,0,0,0,38
3,5366,225.270133,-0.166830152273178,0.000291483680484816,0,0,0,0,0,38
3,5367,225.314133,-0.210196733474731,-0.000388771237339824,0,0,0,0,0,38
3,5368,225.358133,-0.207442685961723,-0.000338701967848465,0,0,0,0,0,38
3,5369,225.402133,-0.189657717943192,-6.45756081212312E-05,0,0,0,0,0,38
3,5370,225.446133,-0.168245956301689,0.000156505586346611,0,0,0,0,0,38
3,5371,225.490133,-0.164367020130157,0.000149612358654849,0,0,0,0,0,38
3,5372,225.534133,-0.158063739538193,0.000288173236185685,0,0,0,0,0,38
3,5373,225.578133,-0.161225065588951,0.000173532476765104,0,0,0,0,0,38
3,5374,225.622133,-0.184343576431274,-0.000197659246623516,0,0,0,0,0,38
3,5375,225.666133,-0.192799672484398,-0.000332944648107514,0,0,0,0,0,38
3,5376,225.710133,-0.199432656168938,-0.000466285040602088,0,0,0,0,0,38
3,5377,225.754133,-0.19336211681366,-0.000429185311077163,0,0,0,0,0,38
3,5378,225.798133,-0.184750854969025,-0.000288562703644857,0,0,0,0,0,38
3,5379,225.842133,-0.156415179371834,8.60056097735651E-05,0,0,0,0,0,38
3,5380,225.886133,-0.13715623319149,0.000320173043292016,0,0,0,0,0,38
3,5381,225.930133,-0.142644926905632,0.00025022157933563,0,0,0,0,0,38
3,5382,225.974133,-0.145282611250877,0.000182226809556596,0,0,0,0,0,38
3,5383,226.018133,-0.145709306001663,6.47696506348439E-05,0,0,0,0,0,38
3,5384,226.062133,-0.165317356586456,-0.000191112238098867,0,0,0,0,0,38
3,5385,226.106133,-0.134809464216232,0.000191913117305376,0,0,0,0,0,38
3,5386,226.150133,-0.124200560152531,0.000301932450383902,0,0,0,0,0,38
3,5387,226.194133,-0.126974001526833,0.000197728790226392,0,0,0,0,0,38
3,5388,226.238133,-0.159770473837852,-0.000276005506748334,0,0,0,0,0,38
3,5389,226.282133,-0.144914120435715,-3.6318047932582E-05,0,0,0,0,0,38
3,5390,226.326133,-0.133471235632896,2.48807373282034E-05,0,0,0,0,0,38
3,5391,226.370133,-0.147978484630585,-0.000243328817305155,0,0,0,0,0,38
3,5392,226.414133,-0.134945228695869,-8.37692787172273E-05,0,0,0,0,0,38
3,5393,226.458133,-0.121970169246197,0.00010574389307294,0,0,0,0,0,38
3,5394,226.502133,-0.130135342478752,1.59607770910952E-05,0,0,0,0,0,38
3,5395,226.546133,-0.12183440476656,3.5878001654055E-05,0,0,0,0,0,38
3,5396,226.590133,-0.135468885302544,-0.000212324855965562,0,0,0,0,0,38
3,5397,226.634133,-0.150461003184319,-0.00038021695218049,0,0,0,0,0,38
3,5398,226.678133,-0.113242544233799,0.000130469255964272,0,0,0,0,0,38
3,5399,226.722133,-0.131667524576187,-0.000179722061147913,0,0,0,0,0,38
3,5400,226.766133,-0.12208653241396,-3.89127344533335E-05,0,0,0,0,0,38
3,5401,226.810133,-0.0895228087902069,0.000311859941575676,0,0,0,0,0,38
3,5402,226.854133,-0.131357207894325,-0.000327836984070018,0,0,0,0,0,38
3,5403,226.898133,-0.105678603053093,9.23853513086215E-05,0,0,0,0,0,38
3,5404,226.942133,-0.122513219714165,-0.000202280658413656,0,0,0,0,0,38
3,5405,226.986133,-0.094507247209549,0.000119133561383933,0,0,0,0,0,38
3,5406,227.030133,-0.0776144489645958,0.000360540434485301,0,0,0,0,0,38
3,5407,227.074133,-0.0856438651680946,0.000179200331331231,0,0,0,0,0,38
3,5408,227.118133,-0.110313944518566,-0.000122133278637193,0,0,0,0,0,38
3,5409,227.162133,-0.107230186462402,-0.000165643854415976,0,0,0,0,0,38
3,5410,227.206133,-0.0799418166279793,0.000206547614652663,0,0,0,0,0,38
3,5411,227.250133,-0.115143224596977,-0.000369896559277549,0,0,0,0,0,38
3,5412,227.294133,-0.104359768331051,-0.000147519967867993,0,0,0,0,0,38
3,5413,227.338133,-0.0894452258944511,-4.83734147564974E-05,0,0,0,0,0,38
3,5414,227.382133,-0.0838401541113853,6.0490558098536E-05,0,0,0,0,0,38
3,5415,227.426133,-0.103293053805828,-0.00028812701930292,0,0,0,0,0,38
3,5416,227.470133,-0.0775756612420082,0.000121813827718142,0,0,0,0,0,38
3,5417,227.514133,-0.0665982514619827,0.000141174765303731,0,0,0,0,0,38
3,5418,227.558133,-0.088669441640377,-0.000127283754409291,0,0,0,0,0,38
3,5419,227.602133,-0.0763150081038475,-3.46725428244099E-05,0,0,0,0,0,38
3,5420,227.646133,-0.0649109110236168,0.000144162346259691,0,0,0,0,0,38
3,5421,227.690133,-0.048134483397007,0.000290394469629973,0,0,0,0,0,38
3,5422,227.734133,-0.0938284322619438,-0.000344505970133469,0,0,0,0,0,38
3,5423,227.778133,-0.0627581030130386,2.39937980950344E-05,0,0,0,0,0,38
3,5424,227.822133,-0.0567651316523552,0.000122817466035485,0,0,0,0,0,38
3,5425,227.866133,-0.0783708468079567,-0.000190077465958893,0,0,0,0,0,38
3,5426,227.910133,-0.0355085246264935,0.000353028677636757,0,0,0,0,0,38
3,5427,227.954133,-0.0508691407740116,5.19129243912175E-05,0,0,0,0,0,38
3,5428,227.998133,-0.0453804358839989,0.000132285931613296,0,0,0,0,0,38
3,5429,228.042133,-0.0457295402884483,0.000102542355307378,0,0,0,0,0,38
3,5430,228.086133,-0.0675098076462746,-0.000191680184798315,0,0,0,0,0,38
3,5431,228.130133,-0.0247250627726316,0.000324724445817992,0,0,0,0,0,38
3,5432,228.174133,-0.0352563932538033,0.000137202994665131,0,0,0,0,0,38
3,5433,228.218133,-0.0349266827106476,0.00013577145000454,0,0,0,0,0,38
3,5434,228.262133,-0.0415208861231804,5.24653150932863E-05,0,0,0,0,0,38
3,5435,228.306133,-0.062971442937851,-0.000301042076898739,0,0,0,0,0,38
3,5436,228.350133,-0.0127779180184007,0.000378450378775597,0,0,0,0,0,38
3,5437,228.394133,-0.0595773681998253,-0.000328303780406713,0,0,0,0,0,38
3,5438,228.438133,-0.0415208861231804,-0.000123728212201968,0,0,0,0,0,38
3,5439,228.482133,-0.0259469300508499,7.00679447618313E-05,0,0,0,0,0,38
3,5440,228.526133,-0.0261796656996012,0.000100328899861779,0,0,0,0,0,38
3,5441,228.570133,-0.029418583959341,-8.16297324490733E-05,0,0,0,0,0,38
3,5442,228.614133,-0.0274597182869911,1.63225540745771E-05,0,0,0,0,0,38
3,5443,228.658133,-0.0381655991077423,-0.000200133334146813,0,0,0,0,0,38
3,5444,228.702133,-0.0354115515947342,-0.000230277582886629,0,0,0,0,0,38
3,5445,228.746133,-0.0111293671652675,0.00014877988724038,0,0,0,0,0,38
3,5446,228.790133,-0.0104505512863398,4.07250445277896E-05,0,0,0,0,0,38
3,5447,228.834133,-0.00645524030551314,0.000155754794832319,0,0,0,0,0,38
3,5448,228.878133,-0.0151440724730492,-7.93211256677751E-06,0,0,0,0,0,38
3,5449,228.922133,-0.00424424279481173,0.00010324645700166,0,0,0,0,0,38
3,5450,228.966133,-0.029690109193325,-0.000300178478937596,0,0,0,0,0,38
3,5451,229.010133,0.0186997056007385,0.000338417536113411,0,0,0,0,0,38
3,5452,229.054133,-0.015105283819139,-0.000130913191242144,0,0,0,0,0,38
3,5453,229.098133,-0.00598976714536548,-3.43146566592623E-05,0,0,0,0,0,38
3,5454,229.142133,0.00591858848929405,0.000104172300780192,0,0,0,0,0,38
3,5455,229.186133,-0.00950021017342806,-0.00012681694352068,0,0,0,0,0,38
3,5456,229.230133,0.00818776991218328,-7.53921403884306E-06,0,0,0,0,0,38
3,5457,229.274133,0.0136958695948124,0.000132134213345125,0,0,0,0,0,38
3,5458,229.318133,0.0136182904243469,8.77639322425239E-05,0,0,0,0,0,38
3,5459,229.362133,0.0135407112538815,5.6044191296678E-05,0,0,0,0,0,38
3,5460,229.406133,-0.00878260657191277,-0.000312564516207203,0,0,0,0,0,38
3,5461,229.450133,0.0416436530649662,0.00037103978684172,0,0,0,0,0,38
3,5462,229.494133,0.0155577622354031,3.8898497223272E-06,0,0,0,0,0,38
3,5463,229.538133,0.0184669699519873,1.07731955267809E-06,0,0,0,0,0,38
3,5464,229.582133,0.0291146691888571,0.000115589689812623,0,0,0,0,0,38
3,5465,229.626133,0.00428943242877722,-0.000316606310661882,0,0,0,0,0,38
3,5466,229.670133,0.0416824445128441,0.00017257162835449,0,0,0,0,0,38
3,5467,229.714133,0.0368725545704365,0.000144376303069294,0,0,0,0,0,38
3,5468,229.758133,0.0421673133969307,0.000156960726599209,0,0,0,0,0,38
3,5469,229.802133,0.0359997935593128,1.23974614325562E-05,0,0,0,0,0,38
3,5470,229.846133,0.050216119736433,0.000190080885658972,0,0,0,0,0,38
3,5471,229.890133,0.0202124938368797,-0.000205575561267324,0,0,0,0,0,38
3,5472,229.934133,0.0244211480021477,-0.00023163523292169,0,0,0,0,0,38
3,5473,229.978133,0.0321208499372005,-0.000119923715828918,0,0,0,0,0,38
3,5474,230.022133,0.0431564413011074,1.42102398967836E-05,0,0,0,0,0,38
3,5475,230.066133,0.0298710614442825,-0.000194379899767227,0,0,0,0,0,38
3,5476,230.110133,0.0443395189940929,-0.00010477961768629,0,0,0,0,0,38
3,5477,230.154133,0.0645488128066063,0.000183067066245712,0,0,0,0,0,38
3,5478,230.198133,0.0507009886205196,-4.68368343717884E-05,0,0,0,0,0,38
3,5479,230.242133,0.0467444658279419,-0.000131667868117802,0,0,0,0,0,38
3,5480,230.286133,0.0557242184877396,-6.93798647262156E-05,0,0,0,0,0,38
3,5481,230.330133,0.0745564848184586,0.000256352359429002,0,0,0,0,0,38
3,5482,230.374133,0.0598358996212482,8.86137604538817E-06,0,0,0,0,0,38
3,5483,230.418133,0.0705805718898773,9.2957190645393E-05,0,0,0,0,0,38
3,5484,230.462133,0.0692617297172546,5.2963245252613E-05,0,0,0,0,0,38
3,5485,230.506133,0.0867751613259315,0.000251042394666001,0,0,0,0,0,38
3,5486,230.550133,0.0889667645096779,0.000289254676317796,0,0,0,0,0,38
3,5487,230.594133,0.0854175314307213,0.000175757610122673,0,0,0,0,0,38
3,5488,230.638133,0.0695332586765289,-8.68191054905765E-05,0,0,0,0,0,38
3,5489,230.682133,0.0673222616314888,-0.000115718532470055,0,0,0,0,0,38
3,5490,230.726133,0.0565194003283978,-0.00030364454141818,0,0,0,0,0,38
3,5491,230.770133,0.0725588351488113,-0.000169234408531338,0,0,0,0,0,38
3,5492,230.814133,0.0958906784653664,0.000182347401278093,0,0,0,0,0,38
3,5493,230.858133,0.0825277119874954,-5.7554010709282E-05,0,0,0,0,0,38
3,5494,230.902133,0.0770777985453606,-0.000144851364893839,0,0,0,0,0,38
3,5495,230.946133,0.0683307871222496,-0.000305542926071212,0,0,0,0,0,38
3,5496,230.990133,0.0771941691637039,-0.000245989620452747,0,0,0,0,0,38
3,5497,231.034133,0.0832647159695625,-0.000168261889484711,0,0,0,0,0,38
3,5498,231.078133,0.102484881877899,9.69328539213166E-05,0,0,0,0,0,38
3,5499,231.122133,0.0956967249512672,-6.11795694567263E-05,0,0,0,0,0,38
3,5500,231.166133,0.112162843346596,0.000126143495435826,0,0,0,0,0,38
3,5501,231.210133,0.114994466304779,0.000150678242789581,0,0,0,0,0,38
3,5502,231.254133,0.0995950624346733,-0.000103141894214787,0,0,0,0,0,38
3,5503,231.298133,0.110688842833042,6.80062003084458E-05,0,0,0,0,0,38
3,5504,231.342133,0.113307125866413,9.00357408681884E-05,0,0,0,0,0,38
3,5505,231.386133,0.0971901193261147,-0.000173213964444585,0,0,0,0,0,38
3,5506,231.430133,0.0958324894309044,-0.00024190115800593,0,0,0,0,0,38
3,5507,231.474133,0.125428825616837,0.000146119069540873,0,0,0,0,0,38
3,5508,231.518133,0.110766418278217,-0.000116360395622905,0,0,0,0,0,38
3,5509,231.562133,0.116177543997765,-3.79285411327146E-05,0,0,0,0,0,38
3,5510,231.606133,0.103958874940872,-0.000275367550784722,0,0,0,0,0,38
3,5511,231.650133,0.105161346495152,-0.000291355769149959,0,0,0,0,0,38
3,5512,231.694133,0.122907511889935,-3.53494178852998E-05,0,0,0,0,0,38
3,5513,231.738133,0.134835258126259,7.61209084885195E-05,0,0,0,0,0,38
3,5514,231.782133,0.115072049200535,-0.000234292150707915,0,0,0,0,0,38
3,5515,231.826133,0.11992073059082,-0.000163185322890058,0,0,0,0,0,38
3,5516,231.870133,0.131402403116226,-2.27766686293762E-05,0,0,0,0,0,38
3,5517,231.914133,0.148527935147285,0.000151786909555085,0,0,0,0,0,38
3,5518,231.958133,0.134951636195183,-8.10073252068833E-05,0,0,0,0,0,38
3,5519,232.002133,0.139005124568939,-1.90694208868081E-05,0,0,0,0,0,38
3,5520,232.046133,0.152174144983292,0.000149557890836149,0,0,0,0,0,38
3,5521,232.090133,0.161793917417526,0.000232311635045335,0,0,0,0,0,38
3,5522,232.134133,0.143562883138657,-9.11993411136791E-05,0,0,0,0,0,38
3,5523,232.178133,0.141545832157135,-0.000129812309751287,0,0,0,0,0,38
3,5524,232.222133,0.150195881724358,-6.93059555487707E-05,0,0,0,0,0,38
3,5525,232.266133,0.13413704931736,-0.000325557397445664,0,0,0,0,0,38
3,5526,232.310133,0.139063313603401,-0.000258764659520239,0,0,0,0,0,38
3,5527,232.354133,0.169959098100662,0.000144528021337464,0,0,0,0,0,38
3,5528,232.398133,0.159001082181931,-2.6515039280639E-05,0,0,0,0,0,38
3,5529,232.442133,0.173372566699982,0.00013859175669495,0,0,0,0,0,38
3,5530,232.486133,0.179365530610085,0.00022232967603486,0,0,0,0,0,38
3,5531,232.530133,0.178783684968948,0.00012173991126474,0,0,0,0,0,38
3,5532,232.574133,0.164160072803497,-9.38912780839019E-05,0,0,0,0,0,38
3,5533,232.618133,0.180626183748245,0.000108953208837193,0,0,0,0,0,38
3,5534,232.662133,0.16532376408577,-0.000128586922073737,0,0,0,0,0,38
3,5535,232.706133,0.195831641554832,0.000275927246548235,0,0,0,0,0,38
3,5536,232.750133,0.195676490664482,0.000237022526562214,0,0,0,0,0,38
3,5537,232.794133,0.186871290206909,8.80362349562347E-05,0,0,0,0,0,38
3,5538,232.838133,0.18497060239315,2.50869125011377E-05,0,0,0,0,0,38
3,5539,232.882133,0.180432245135307,-0.000101978759630583,0,0,0,0,0,38
3,5540,232.926133,0.16743777692318,-0.000303057138808072,0,0,0,0,0,38
3,5541,232.970133,0.205373838543892,0.000227888609515503,0,0,0,0,0,38
3,5542,233.014133,0.192146643996239,3.85094881494297E-06,0,0,0,0,0,38
3,5543,233.058133,0.186367020010948,-0.000122802375699393,0,0,0,0,0,38
3,5544,233.102133,0.211405605077744,0.000205349468160421,0,0,0,0,0,38
3,5545,233.146133,0.193504273891449,-0.000116679380880669,0,0,0,0,0,38
3,5546,233.190133,0.210164338350296,0.0001463680237066,0,0,0,0,0,38
3,5547,233.234133,0.197596564888954,-8.17464388092048E-05,0,0,0,0,0,38
3,5548,233.278133,0.205102324485779,-2.2694977815263E-05,0,0,0,0,0,38
3,5549,233.322133,0.22218906879425,0.000189715225133114,0,0,0,0,0,38
3,5550,233.366133,0.192030280828476,-0.000241889487369917,0,0,0,0,0,38
3,5551,233.410133,0.224632799625397,0.000162784184794873,0,0,0,0,0,38
3,5552,233.454133,0.220889613032341,9.1984671598766E-05,0,0,0,0,0,38
3,5553,233.498133,0.222615748643875,8.72543314471841E-05,0,0,0,0,0,38
3,5554,233.542133,0.205722942948341,-0.000192975581740029,0,0,0,0,0,38
3,5555,233.586133,0.236521765589714,0.000238224558415823,0,0,0,0,0,38
3,5556,233.630133,0.211871072649956,-0.000163842749316245,0,0,0,0,0,38
3,5557,233.674133,0.225932240486145,-1.04995669971686E-05,0,0,0,0,0,38
3,5558,233.718133,0.228977218270302,4.37611015513539E-06,0,0,0,0,0,38
3,5559,233.762133,0.222867876291275,-7.50088147469796E-05,0,0,0,0,0,38
3,5560,233.806133,0.244648143649101,0.000151522384840064,0,0,0,0,0,38
3,5561,233.850133,0.236773893237114,5.2496438001981E-05,0,0,0,0,0,38
3,5562,233.894133,0.235396862030029,-3.06657566397917E-05,0,0,0,0,0,38
3,5563,233.938133,0.242766857147217,4.39149152953178E-05,0,0,0,0,0,38
3,5564,233.982133,0.242359563708305,4.24522440880537E-05,0,0,0,0,0,38
3,5565,234.026133,0.239527940750122,-9.12538016564213E-05,0,0,0,0,0,38
3,5566,234.070133,0.255858302116394,0.000158645125338808,0,0,0,0,0,38
3,5567,234.114133,0.242088049650192,-6.7714907345362E-05,0,0,0,0,0,38
3,5568,234.158133,0.244163274765015,-6.86796483932994E-05,0,0,0,0,0,38
3,5569,234.202133,0.256769835948944,4.93843690492213E-05,0,0,0,0,0,38
3,5570,234.246133,0.264391958713531,0.000168949962244369,0,0,0,0,0,38
3,5571,234.290133,0.261754274368286,9.63532293098979E-05,0,0,0,0,0,38
3,5572,234.334133,0.263150691986084,7.44987482903525E-05,0,0,0,0,0,38
3,5573,234.378133,0.2684066593647,0.00010293136438122,0,0,0,0,0,38
3,5574,234.422133,0.255644947290421,-0.000116632705612574,0,0,0,0,0,38
3,5575,234.466133,0.275679677724838,0.000123673278721981,0,0,0,0,0,38
3,5576,234.510133,0.278394937515259,0.00016637472435832,0,0,0,0,0,38
3,5577,234.554133,0.274748742580414,6.11324212513864E-05,0,0,0,0,0,38
3,5578,234.598133,0.276048183441162,6.05216773692518E-05,0,0,0,0,0,38
3,5579,234.642133,0.285066723823547,0.00015505458577536,0,0,0,0,0,38
3,5580,234.686133,0.269686728715897,-6.82245081407018E-05,0,0,0,0,0,38
3,5581,234.730133,0.271936506032944,-8.05716335889883E-05,0,0,0,0,0,38
3,5582,234.774133,0.281944185495377,2.80122549156658E-05,0,0,0,0,0,38
3,5583,234.818133,0.285299479961395,3.79086268367246E-05,0,0,0,0,0,38
3,5584,234.862133,0.2977314889431,0.00020438083447516,0,0,0,0,0,38
3,5585,234.906133,0.271878331899643,-0.000224193499889225,0,0,0,0,0,38
3,5586,234.950133,0.282021760940552,-0.000102601174148731,0,0,0,0,0,38
3,5587,234.994133,0.287355303764343,-5.14854837092571E-05,0,0,0,0,0,38
3,5588,235.038133,0.296432048082352,4.99795532959979E-05,0,0,0,0,0,38
3,5589,235.082133,0.297421157360077,4.5996108383406E-05,0,0,0,0,0,38
3,5590,235.126133,0.283049672842026,-0.000224699208047241,0,0,0,0,0,38
3,5591,235.170133,0.292145818471909,-0.000120674500067253,0,0,0,0,0,38
3,5592,235.214133,0.306963354349136,4.93065672344528E-05,0,0,0,0,0,38
3,5593,235.258133,0.295695036649704,-0.000124895232147537,0,0,0,0,0,38
3,5594,235.302133,0.309601038694382,1.26658769659116E-05,0,0,0,0,0,38
3,5595,235.346133,0.298953354358673,-0.000142684584716335,0,0,0,0,0,38
3,5596,235.390133,0.312665402889252,3.07236405205913E-05,0,0,0,0,0,38
3,5597,235.434133,0.310842305421829,-4.50162733613979E-05,0,0,0,0,0,38
3,5598,235.478133,0.311385363340378,-7.57245870772749E-05,0,0,0,0,0,38
3,5599,235.522133,0.307777941226959,-0.000141225813422352,0,0,0,0,0,38
3,5600,235.566133,0.31024107336998,-0.000160003241035156,0,0,0,0,0,38
3,5601,235.610133,0.322692483663559,-1.14292970465613E-05,0,0,0,0,0,38
3,5602,235.654133,0.32199427485466,-3.58434590452816E-05,0,0,0,0,0,38
3,5603,235.698133,0.32430225610733,-5.05207426613197E-05,0,0,0,0,0,38
3,5604,235.742133,0.324922859668732,-8.12173893791623E-05,0,0,0,0,0,38
3,5605,235.786133,0.325679272413254,-0.000101893179817125,0,0,0,0,0,38
3,5606,235.830133,0.328491508960724,-6.66645864839666E-05,0,0,0,0,0,38
3,5607,235.874133,0.337975531816483,4.40121657447889E-05,0,0,0,0,0,38
3,5608,235.918133,0.341292023658752,4.13824709539767E-05,0,0,0,0,0,38
3,5609,235.962133,0.326396882534027,-0.00019654278003145,0,0,0,0,0,38
3,5610,236.006133,0.339003443717957,-2.4165428840206E-05,0,0,0,0,0,38
3,5611,236.050133,0.348080158233643,4.94310515932739E-05,0,0,0,0,0,38
3,5612,236.094133,0.342029005289078,-6.18214326095767E-05,0,0,0,0,0,38
3,5613,236.138133,0.33731609582901,-0.000167697828146629,0,0,0,0,0,38
3,5614,236.182133,0.344433963298798,-7.52344421925955E-05,0,0,0,0,0,38
3,5615,236.226133,0.340923517942429,-0.000170852683368139,0,0,0,0,0,38
3,5616,236.270133,0.360240638256073,6.73760077916086E-05,0,0,0,0,0,38
3,5617,236.314133,0.355935037136078,-1.91472227015765E-05,0,0,0,0,0,38
3,5618,236.358133,0.358087837696075,-3.59446021320764E-05,0,0,0,0,0,38
3,5619,236.402133,0.361287951469421,-1.31720544231939E-05,0,0,0,0,0,38
3,5620,236.446133,0.361113399267197,-5.98374899709597E-05,0,0,0,0,0,38
3,5621,236.490133,0.374398797750473,0.000113699112262111,0,0,0,0,0,38
3,5622,236.534133,0.371140480041504,3.7679110391764E-05,0,0,0,0,0,38
3,5623,236.578133,0.367513656616211,-5.76279235247057E-05,0,0,0,0,0,38
3,5624,236.622133,0.369938015937805,-4.68718426418491E-05,0,0,0,0,0,38
3,5625,236.666133,0.380818456411362,9.90801781881601E-05,0,0,0,0,0,38
3,5626,236.710133,0.376842528581619,8.63365016812168E-07,0,0,0,0,0,38
3,5627,236.754133,0.377851039171219,-2.58070449490333E-05,0,0,0,0,0,38
3,5628,236.798133,0.388847857713699,0.000111983586975839,0,0,0,0,0,38
3,5629,236.842133,0.395403265953064,0.000173341861227527,0,0,0,0,0,38
3,5630,236.886133,0.390321850776672,5.10104255226906E-05,0,0,0,0,0,38
3,5631,236.930133,0.392978936433792,6.75121555104852E-05,0,0,0,0,0,38
3,5632,236.974133,0.389972746372223,-9.39867368288105E-06,0,0,0,0,0,38
3,5633,237.018133,0.391078263521194,-3.54972398781683E-05,0,0,0,0,0,38
3,5634,237.062133,0.403549045324326,0.000124638027045876,0,0,0,0,0,38
3,5635,237.106133,0.397788822650909,-5.46579985893914E-06,0,0,0,0,0,38
3,5636,237.150133,0.401900500059128,3.89900669688359E-05,0,0,0,0,0,38
3,5637,237.194133,0.399030089378357,-3.59212608600501E-05,0,0,0,0,0,38
3,5638,237.238133,0.397362142801285,-9.4229711976368E-05,0,0,0,0,0,38
3,5639,237.282133,0.395635992288589,-0.000134060275740922,0,0,0,0,0,38
3,5640,237.326133,0.4185411632061,0.000159819930559024,0,0,0,0,0,38
3,5641,237.370133,0.412742137908936,2.39743476413423E-05,0,0,0,0,0,38
3,5642,237.414133,0.409639000892639,-3.62908176612109E-05,0,0,0,0,0,38
3,5643,237.458133,0.417901128530502,4.72603860544041E-05,0,0,0,0,0,38
3,5644,237.502133,0.402152627706528,-0.000216354979784228,0,0,0,0,0,38
3,5645,237.546133,0.430682271718979,0.000178468995727599,0,0,0,0,0,38
3,5646,237.590133,0.420112133026123,-2.37180702242767E-05,0,0,0,0,0,38
3,5647,237.634133,0.423215299844742,-3.12397014567978E-06,0,0,0,0,0,38
3,5648,237.678133,0.42823851108551,4.32185879617464E-05,0,0,0,0,0,38
3,5649,237.722133,0.416291385889053,-0.000176372705027461,0,0,0,0,0,38
3,5650,237.766133,0.439390480518341,0.000132367626065388,0,0,0,0,0,38
3,5651,237.810133,0.43717947602272,7.02468823874369E-05,0,0,0,0,0,38
3,5652,237.854133,0.437198877334595,3.0657509341836E-05,0,0,0,0,0,38
3,5653,237.898133,0.435395181179047,-2.8316148018348E-05,0,0,0,0,0,38
3,5654,237.942133,0.434658169746399,-7.35072389943525E-05,0,0,0,0,0,38
3,5655,237.986133,0.449049055576324,0.000124112862977199,0,0,0,0,0,38
3,5656,238.030133,0.440030515193939,-4.07177321903873E-05,0,0,0,0,0,38
3,5657,238.074133,0.444142192602158,-2.73591867880896E-05,0,0,0,0,0,38
3,5658,238.118133,0.453451663255692,7.65254808356985E-05,0,0,0,0,0,38
3,5659,238.162133,0.439157754182816,-0.000144209494465031,0,0,0,0,0,38
3,5660,238.206133,0.456574201583862,5.61531160201412E-05,0,0,0,0,0,38
3,5661,238.250133,0.454518377780914,-8.23553909867769E-06,0,0,0,0,0,38
3,5662,238.294133,0.459832519292831,4.41522097389679E-05,0,0,0,0,0,38
3,5663,238.338133,0.45108550786972,-0.000103702062915545,0,0,0,0,0,38
3,5664,238.382133,0.469781994819641,0.000118118245154619,0,0,0,0,0,38
3,5665,238.426133,0.471779674291611,0.000135592505102977,0,0,0,0,0,38
3,5666,238.470133,0.462101697921753,-5.21856964041945E-05,0,0,0,0,0,38
3,5667,238.514133,0.46318781375885,-6.45094769424759E-05,0,0,0,0,0,38
3,5668,238.558133,0.469491094350815,-1.47786586239818E-05,0,0,0,0,0,38
3,5669,238.602133,0.465030312538147,-9.16000208235346E-05,0,0,0,0,0,38
3,5670,238.646133,0.469141989946365,-6.49529465590604E-05,0,0,0,0,0,38
3,5671,238.690133,0.476667135953903,-6.03196269821638E-07,0,0,0,0,0,38
3,5672,238.734133,0.48223340511322,5.26287003594916E-05,0,0,0,0,0,38
3,5673,238.778133,0.471333593130112,-0.000122164405183867,0,0,0,0,0,38
3,5674,238.822133,0.487140268087387,7.59536342229694E-05,0,0,0,0,0,38
3,5675,238.866133,0.480836987495422,-6.35836404399015E-05,0,0,0,0,0,38
3,5676,238.910133,0.49177560210228,5.95491583226249E-05,0,0,0,0,0,38
3,5677,238.954133,0.489894330501556,1.42647013490205E-05,0,0,0,0,0,38
3,5678,238.998133,0.486597210168839,-8.13263104646467E-05,0,0,0,0,0,38
3,5679,239.042133,0.504091262817383,0.00016305259487126,0,0,0,0,0,38
3,5680,239.086133,0.503412425518036,0.000107043182651978,0,0,0,0,0,38
3,5681,239.130133,0.496333360671997,-3.32371018885169E-05,0,0,0,0,0,38
3,5682,239.174133,0.497264325618744,-4.63894721178804E-05,0,0,0,0,0,38
3,5683,239.218133,0.50533252954483,3.26220033457503E-05,0,0,0,0,0,38
3,5684,239.262133,0.504828274250031,1.31287970361882E-05,0,0,0,0,0,38
3,5685,239.306133,0.503567576408386,-5.01083923154511E-05,0,0,0,0,0,38
3,5686,239.350133,0.508939921855927,-2.15922955248971E-06,0,0,0,0,0,38
3,5687,239.394133,0.509812712669373,-2.66006209130865E-05,0,0,0,0,0,38
3,5688,239.438133,0.508144736289978,-7.21885007806122E-05,0,0,0,0,0,38
3,5689,239.482133,0.517357230186462,3.29176473314874E-05,0,0,0,0,0,38
3,5690,239.526133,0.51322615146637,-6.67268250253983E-05,0,0,0,0,0,38
3,5691,239.570133,0.521643459796906,2.49429795076139E-05,0,0,0,0,0,38
3,5692,239.614133,0.521197378635406,-1.56111364049139E-05,0,0,0,0,0,38
3,5695,239.746133,0.52918803691864,4.51910409537959E-07,0,0,0,0,0,38
3,5696,239.790133,0.531437814235687,4.7332460439975E-07,0,0,0,0,0,38
3,5697,239.834133,0.533474266529083,4.99090958783199E-07,0,0,0,0,0,38
3,5698,239.878133,0.536092519760132,4.97592225201515E-07,0,0,0,0,0,38
3,5699,239.922133,0.538187146186829,4.47130048542022E-07,0,0,0,0,0,38
3,5700,239.966133,0.540184795856476,4.26973201683722E-07,0,0,0,0,0,38
3,5701,240.010133,0.542589783668518,4.4177357949593E-07,0,0,0,0,0,38
3,5702,240.054133,0.544664978981018,5.18044942054985E-07,0,0,0,0,0,38
3,5703,240.098133,0.546759605407715,4.70241531047577E-07,0,0,0,0,0,38
3,5704,240.142133,0.549183964729309,4.51201913165278E-07,0,0,0,0,0,38
3,5705,240.186133,0.551259219646454,4.5230356704451E-07,0,0,0,0,0,38
3,5706,240.230133,0.553121089935303,4.47297452410567E-07,0,0,0,0,0,38
3,5707,240.274133,0.555506646633148,5.66817618619098E-07,0,0,0,0,0,38
3,5708,240.318133,0.557737052440643,4.71214718800184E-07,0,0,0,0,0,38
3,5709,240.362133,0.559889853000641,4.41431012632165E-07,0,0,0,0,0,38
3,5710,240.406133,0.562488734722137,4.81483880321321E-07,0,0,0,0,0,38
3,5711,240.450133,0.564408838748932,4.62171783510712E-07,0,0,0,0,0,38
3,5712,240.494133,0.566503465175629,5.10761537952931E-07,0,0,0,0,0,38
3,5713,240.538133,0.568733870983124,4.86984390590806E-07,0,0,0,0,0,38
3,5714,240.582133,0.571099996566772,4.63039867781845E-07,0,0,0,0,0,38
3,5715,240.626133,0.573020100593567,4.17159498056208E-07,0,0,0,0,0,38
3,5716,240.670133,0.575677156448364,4.37250179174953E-07,0,0,0,0,0,38
3,5717,240.714133,0.57755845785141,4.57138412457425E-07,0,0,0,0,0,38
3,5718,240.758133,0.579905211925507,5.12279711983865E-07,0,0,0,0,0,38
3,5719,240.802133,0.582058012485504,4.68372974182785E-07,0,0,0,0,0,38
3,5720,240.846133,0.584133267402649,4.60661368606452E-07,0,0,0,0,0,38
3,5721,240.890133,0.586266696453094,4.90760385218891E-07,0,0,0,0,0,38
3,5722,240.934133,0.588632822036743,4.93423044645169E-07,0,0,0,0,0,38
3,5723,240.978133,0.59057229757309,4.94493576752575E-07,0,0,0,0,0,38
3,5724,241.022133,0.592899680137634,4.12425862350574E-07,0,0,0,0,0,38
3,5725,241.066133,0.595130026340485,4.51369288612113E-07,0,0,0,0,0,38
3,5726,241.110133,0.597496211528778,4.82476536944887E-07,0,0,0,0,0,38
3,5727,241.154133,0.599629640579224,5.18593822107505E-07,0,0,0,0,0,38
3,5728,241.198133,0.601898789405823,4.90620266191399E-07,0,0,0,0,0,38
3,5729,241.242133,0.604090392589569,4.76571187846275E-07,0,0,0,0,0,38
3,5730,241.286133,0.606029868125916,4.47682822368733E-07,0,0,0,0,0,38
3,5731,241.330133,0.608337879180908,4.78054346331191E-07,0,0,0,0,0,38
3,5732,241.374133,0.610471248626709,5.65922277928621E-07,0,0,0,0,0,38
3,5733,241.418133,0.612798631191254,4.79607535908144E-07,0,0,0,0,0,38
3,5734,241.462133,0.61483508348465,4.89028082029108E-07,0,0,0,0,0,38
3,5735,241.506133,0.617181837558746,4.31570583714347E-07,0,0,0,0,0,38
3,5736,241.550133,0.619528591632843,4.76789182357606E-07,0,0,0,0,0,38
3,5737,241.594133,0.62162321805954,5.3103514119357E-07,0,0,0,0,0,38
3,5738,241.638133,0.623872995376587,5.16997772592731E-07,0,0,0,0,0,38
3,5739,241.682133,0.626142203807831,4.9879901098393E-07,0,0,0,0,0,38
3,5740,241.726133,0.628275632858276,4.43786149162406E-07,0,0,0,0,0,38
3,5741,241.770133,0.630389630794525,5.12727353907394E-07,0,0,0,0,0,38
3,5742,241.814133,0.632406711578369,4.97378152886085E-07,0,0,0,0,0,38
3,5743,241.858133,0.634578883647919,5.01776980854629E-07,0,0,0,0,0,38
3,5744,241.902133,0.636828720569611,4.60268211099901E-07,0,0,0,0,0,38
3,5745,241.946133,0.639117240905762,4.47425918537192E-07,0,0,0,0,0,38
3,5746,241.990133,0.641095519065857,5.29707733676332E-07,0,0,0,0,0,38
3,5747,242.034133,0.6435586810112,5.11773635025747E-07,0,0,0,0,0,38
3,5748,242.078133,0.645924806594849,5.68094492336968E-07,0,0,0,0,0,38
3,5749,242.122133,0.647825479507446,4.63082699297956E-07,0,0,0,0,0,38
3,5750,242.166133,0.65019166469574,4.88198963921604E-07,0,0,0,0,0,38
3,5751,242.210133,0.652441442012787,4.88821797262062E-07,0,0,0,0,0,38
3,5752,242.254133,0.654477894306183,5.39832853974076E-07,0,0,0,0,0,38
3,5753,242.298133,0.656553089618683,5.15600277140038E-07,0,0,0,0,0,38
3,5754,242.342133,0.658802926540375,5.12925907969475E-07,0,0,0,0,0,38
3,5755,242.386133,0.66118848323822,5.11096288846602E-07,0,0,0,0,0,38
3,5756,242.430133,0.663341283798218,5.22833033755887E-07,0,0,0,0,0,38
3,5757,242.474133,0.665707409381866,5.09068172505067E-07,0,0,0,0,0,38
3,5758,242.518133,0.66772449016571,5.19493028150464E-07,0,0,0,0,0,38
3,5759,242.562133,0.670032441616058,4.74426258278982E-07,0,0,0,0,0,38
3,5760,242.606133,0.671971917152405,4.95599124405999E-07,0,0,0,0,0,38
3,5761,242.650133,0.674531996250153,5.58051056032127E-07,0,0,0,0,0,38
3,5762,242.694133,0.676587879657745,5.34367359250609E-07,0,0,0,0,0,38
3,5763,242.738133,0.678818225860596,5.07592801568535E-07,0,0,0,0,0,38
3,5764,242.782133,0.681048631668091,4.96513905545726E-07,0,0,0,0,0,38
3,5765,242.826133,0.683143258094788,4.82928101064317E-07,0,0,0,0,0,38
3,5766,242.870133,0.685373663902283,5.35149808911228E-07,0,0,0,0,0,38
3,5767,242.914133,0.68737131357193,5.10656434471457E-07,0,0,0,0,0,38
3,5768,242.958133,0.689737498760223,5.16518980475666E-07,0,0,0,0,0,38
3,5769,243.002133,0.691967844963074,4.94520804750209E-07,0,0,0,0,0,38
3,5770,243.046133,0.69415944814682,5.22186837770278E-07,0,0,0,0,0,38
3,5771,243.090133,0.696738958358765,5.58615511181415E-07,0,0,0,0,0,38
3,5772,243.134133,0.698484480381012,5.23666130902711E-07,0,0,0,0,0,38
3,5773,243.178133,0.700908839702606,5.1897529829148E-07,0,0,0,0,0,38
3,5774,243.222133,0.703081011772156,4.64581404457931E-07,0,0,0,0,0,38
3,5775,243.266133,0.705233871936798,4.97751841521676E-07,0,0,0,0,0,38
3,5776,243.310133,0.707250893115997,5.54033704247558E-07,0,0,0,0,0,38
3,5777,243.354133,0.709617078304291,5.91061905197421E-07,0,0,0,0,0,38
3,5778,243.398133,0.711595296859741,5.82482186928246E-07,0,0,0,0,0,38
3,5779,243.442133,0.714000284671783,5.16810928274936E-07,0,0,0,0,0,38
3,5780,243.486133,0.71619188785553,5.15993406224879E-07,0,0,0,0,0,38
3,5781,243.530133,0.718344688415527,5.28057171322871E-07,0,0,0,0,0,38
3,5782,243.574133,0.720478117465973,5.06580647652299E-07,0,0,0,0,0,38
3,5783,243.618133,0.722689092159271,5.45434545529133E-07,0,0,0,0,0,38
3,5784,243.662133,0.725190997123718,5.05899436120671E-07,0,0,0,0,0,38
3,5785,243.706133,0.727149903774261,5.43760677373939E-07,0,0,0,0,0,38
3,5786,243.750133,0.729632377624512,6.2367178088607E-07,0,0,0,0,0,38
3,5787,243.794133,0.731436133384705,5.91159221130511E-07,0,0,0,0,0,38
3,5788,243.838133,0.733899235725403,4.99616476190567E-07,0,0,0,0,0,38
3,5789,243.882133,0.7362459897995,4.71709114435726E-07,0,0,0,0,0,38
3,5790,243.926133,0.737972140312195,5.29711599028815E-07,0,0,0,0,0,38
3,5791,243.970133,0.740280091762543,5.95748815612751E-07,0,0,0,0,0,38
3,5792,244.014133,0.742568671703339,6.87042415847827E-07,0,0,0,0,0,38
3,5793,244.058133,0.744857251644135,1.30954134647254E-07,0,0,0,0,0,38
3,5794,244.102133,0.74699068069458,3.94001318682058E-07,0,0,0,0,0,38
3,5795,244.146133,0.749085307121277,5.87819215525087E-07,0,0,0,0,0,38
3,5796,244.190133,0.750908434391022,4.32197339250706E-07,0,0,0,0,0,38
3,5797,244.234133,0.753546118736267,8.69979999151838E-07,0,0,0,0,0,38
3,5798,244.278133,0.755776464939117,-6.74525438171258E-07,0,0,0,0,0,38
3,5799,244.322133,0.757968068122864,6.82791494455159E-07,0,0,0,0,0,38
3,5800,244.366133,0.760431230068207,8.37377911011572E-07,0,0,0,0,0,38
3,5801,244.410133,0.762234926223755,7.46730506762106E-07,0,0,0,0,0,38
3,5802,244.454133,0.76527988910675,1.04772846043488E-06,0,0,0,0,0,38
3,5803,244.498133,0.766172051429749,-1.30867068293128E-08,0,0,0,0,0,38
3,5804,244.542133,0.768751561641693,6.81160429394367E-07,0,0,0,0,0,38
3,5807,244.674133,0.774860858917236,7.22478432635398E-07,0,0,0,0,0,38
3,5808,244.718133,0.777944624423981,8.70910355388332E-07,0,0,0,0,0,38
3,5811,244.850133,0.78426730632782,4.92071819735429E-07,0,0,0,0,0,38
3,5812,244.894133,0.786051630973816,-7.53766983052628E-07,0,0,0,0,0,38
3,5813,244.938133,0.788514792919159,5.22027221450116E-07,0,0,0,0,0,38
3,5817,245.114133,0.797048449516296,-4.43223484580813E-08,0,0,0,0,0,38
3,5818,245.158133,0.799996435642242,7.5972423019266E-07,0,0,0,0,0,38
3,5819,245.202133,0.802013456821442,4.9880202368513E-07,0,0,0,0,0,38
3,5820,245.246133,0.804495990276337,6.57176030927076E-07,0,0,0,0,0,38
3,5821,245.290133,0.806319117546082,1.13159774173255E-06,0,0,0,0,0,38
3,5822,245.334133,0.80843311548233,1.75985178429983E-07,0,0,0,0,0,38
3,5823,245.378133,0.810430765151978,6.15083024513297E-07,0,0,0,0,0,38
3,5824,245.422133,0.812952101230621,9.04676710433705E-07,0,0,0,0,0,38
3,5825,245.466133,0.814755797386169,1.2833193068218E-06,0,0,0,0,0,38
3,5826,245.510133,0.817083179950714,1.60197350851377E-06,0,0,0,0,0,38
3,5827,245.554133,0.821447014808655,3.4153965771111E-06,0,0,0,0,0,38
3,5828,245.598133,0.821931838989258,1.48534240906884E-06,0,0,0,0,0,38
3,5829,245.642133,0.823735594749451,1.32533455143857E-06,0,0,0,0,0,38
3,5830,245.686133,0.826218068599701,9.53616677179525E-07,0,0,0,0,0,38
3,5831,245.730133,0.836031794548035,2.51030342042213E-05,0,0,0,0,0,38
3,5832,245.774133,0.830038845539093,-4.26906444772612E-06,0,0,0,0,0,38
3,5833,245.818133,0.83244377374649,-7.74005115999898E-07,0,0,0,0,0,38
3,5834,245.862133,0.835062086582184,5.44753277154086E-07,0,0,0,0,0,38
3,5835,245.906133,0.83760279417038,7.68873997003539E-06,0,0,0,0,0,38
3,5836,245.950133,0.839522838592529,1.34673246066086E-06,0,0,0,0,0,38
3,5837,245.994133,0.839445292949677,-8.16472493170295E-06,0,0,0,0,0,38
3,5838,246.038133,0.843324244022369,-6.62101001580595E-07,0,0,0,0,0,38
3,5839,246.082133,0.845961928367615,7.47190881611459E-07,0,0,0,0,0,38
3,5840,246.126133,0.846039474010468,-8.35200899018673E-06,0,0,0,0,0,38
3,5841,246.170133,0.859887301921844,6.19198617641814E-05,0,0,0,0,0,38
3,5842,246.214133,0.867354273796082,4.05127684643958E-05,0,0,0,0,0,38
3,5843,246.258133,0.854631364345551,1.12525560780341E-06,0,0,0,0,0,38
3,5844,246.302133,0.867839157581329,4.84351912746206E-05,0,0,0,0,0,38
3,5845,246.346133,0.859480023384094,-1.57745198521297E-05,0,0,0,0,0,38
3,5846,246.390133,0.855504095554352,-3.8850492273923E-05,0,0,0,0,0,38
3,5847,246.434133,0.854592561721802,-4.40380745203584E-06,0,0,0,0,0,38
3,5848,246.478133,0.881822764873505,6.35831747786142E-05,0,0,0,0,0,38
3,5849,246.522133,0.867024600505829,-7.50420349504566E-06,0,0,0,0,0,38
3,5850,246.566133,0.881745159626007,0.000130714339320548,0,0,0,0,0,38
3,5851,246.610133,0.87210601568222,-6.79444201523438E-05,0,0,0,0,0,38
3,5852,246.654133,0.873638153076172,-2.45098567575042E-06,0,0,0,0,0,38
3,5853,246.698133,0.89762943983078,0.000107685045804828,0,0,0,0,0,38
3,5854,246.742133,0.877711057662964,-1.59379032993456E-05,0,0,0,0,0,38
3,5855,246.786133,0.891132175922394,0.000132636036141776,0,0,0,0,0,38
3,5856,246.830133,0.897997915744781,-6.77849311614409E-05,0,0,0,0,0,38
3,5857,246.874133,0.888688445091248,2.21576792682754E-05,0,0,0,0,0,38
3,5858,246.918133,0.897183358669281,6.54115137876943E-05,0,0,0,0,0,38
3,5859,246.962133,0.890123665332794,6.25891016170499E-06,0,0,0,0,0,38
3,5860,247.006133,0.89150071144104,-5.5436016737076E-06,0,0,0,0,0,38
3,5861,247.050133,0.909324467182159,0.000164822587976232,0,0,0,0,0,38
3,5862,247.094133,0.894332349300385,-1.05540284494055E-05,0,0,0,0,0,38
3,5863,247.138133,0.898909509181976,3.55919246430858E-06,0,0,0,0,0,38
3,5864,247.182133,0.89140373468399,-6.09267117397394E-05,0,0,0,0,0,38
3,5865,247.226133,0.917256891727448,0.000123774429084733,0,0,0,0,0,38
3,5866,247.270133,0.892625570297241,-3.97491021431051E-05,0,0,0,0,0,38
3,5867,247.314133,0.899665892124176,-2.63633264694363E-05,0,0,0,0,0,38
3,5868,247.358133,0.910216629505157,1.54200552060502E-05,0,0,0,0,0,38
3,5869,247.402133,0.912291824817657,7.11861866875552E-06,0,0,0,0,0,38
3,5870,247.446133,0.90466970205307,1.51788708535605E-05,0,0,0,0,0,38
3,5871,247.490133,0.916034996509552,5.83489099881263E-06,0,0,0,0,0,38
3,5872,247.534133,0.918478727340698,1.48966842061782E-06,0,0,0,0,0,38
3,5873,247.578133,0.940103888511658,7.42614502087235E-05,0,0,0,0,0,38
3,5874,247.622133,0.914056777954102,6.27058034297079E-06,0,0,0,0,0,38
3,5875,247.666133,0.925150513648987,-1.70797977716575E-06,0,0,0,0,0,38
3,5876,247.710133,0.940646886825562,0.000191325714695267,0,0,0,0,0,38
3,5877,247.754133,0.929960429668427,1.18995303637348E-05,0,0,0,0,0,38
3,5878,247.798133,0.940336585044861,7.71828999859281E-05,0,0,0,0,0,38
3,5879,247.842133,0.933975160121918,1.11137342173606E-05,0,0,0,0,0,38
3,5880,247.886133,0.936399459838867,3.26354620483471E-06,0,0,0,0,0,38
3,5881,247.930133,0.938280761241913,5.84267127123894E-06,0,0,0,0,0,38
3,5882,247.974133,0.932889044284821,-5.35900180693716E-05,0,0,0,0,0,38
3,5883,248.018133,0.942838490009308,7.17307966624503E-06,0,0,0,0,0,38
3,5884,248.062133,0.945127069950104,1.20240129035665E-05,0,0,0,0,0,38
3,5885,248.106133,0.935235798358917,-9.03689578990452E-06,0,0,0,0,0,38
3,5886,248.150133,0.937660157680511,-2.32650313591876E-06,0,0,0,0,0,38
3,5887,248.194133,0.950693368911743,1.39241637953091E-06,0,0,0,0,0,38
3,5888,248.238133,0.943400979042053,-5.79256720811827E-06,0,0,0,0,0,38
3,5889,248.282133,0.955328702926636,-3.16287082569033E-06,0,0,0,0,0,38
3,5890,248.326133,0.958684027194977,2.19126050069463E-05,0,0,0,0,0,38
3,5891,248.370133,0.95112007856369,3.97175135731231E-05,0,0,0,0,0,38
3,5892,248.414133,0.960817396640778,-0.000167269914527424,0,0,0,0,0,38
3,5893,248.458133,0.964250266551971,-4.97660657856613E-05,0,0,0,0,0,38
3,5894,248.502133,0.966519474983215,4.82735958939884E-06,0,0,0,0,0,38
3,5895,248.546133,0.955929934978485,-3.66681560990401E-05,0,0,0,0,0,38
3,5896,248.590133,0.971814215183258,1.42180197144626E-05,0,0,0,0,0,38
3,5897,248.634133,0.972512423992157,2.20933384298405E-06,0,0,0,0,0,38
3,5898,248.678133,0.976081073284149,1.70227704074932E-05,0,0,0,0,0,38
3,5899,248.722133,0.966383695602417,-3.76173375116196E-05,0,0,0,0,0,38
3,5900,248.766133,0.979960024356842,1.07402856883709E-05,0,0,0,0,0,38
3,5901,248.810133,0.981841266155243,-8.59342708281474E-06,0,0,0,0,0,38
3,5902,248.854133,0.978970885276794,-2.63866659224732E-05,0,0,0,0,0,38
3,5903,248.898133,0.974781632423401,-8.08771619631443E-06,0,0,0,0,0,38
3,5904,248.942133,0.988435506820679,-6.88778072799323E-07,0,0,0,0,0,38
3,5905,248.986133,0.990898609161377,4.86026976886933E-07,0,0,0,0,0,38
3,5906,249.030133,0.993575096130371,1.60152376338374E-05,0,0,0,0,0,38
3,5907,249.074133,1.01298916339874,0.000115593582449947,0,0,0,0,0,38
3,5908,249.118133,0.998016476631165,1.97886183741502E-05,0,0,0,0,0,38
3,5909,249.162133,0.999141395092011,-1.68852943716047E-06,0,0,0,0,0,38
3,5910,249.206133,1.00208938121796,5.760979547631E-06,0,0,0,0,0,38
3,5911,249.250133,1.00274884700775,-5.83535802434199E-06,0,0,0,0,0,38
3,5912,249.294133,1.00635623931885,7.08360767021077E-06,0,0,0,0,0,38
3,5913,249.338133,1.00918781757355,1.80225215444807E-05,0,0,0,0,0,38
3,5914,249.382133,1.02992081642151,0.000176403365912847,0,0,0,0,0,38
3,5915,249.426133,1.01357102394104,-1.34288002300309E-05,0,0,0,0,0,38
3,5916,249.470133,1.03381907939911,0.00020822424266953,0,0,0,0,0,38
3,5917,249.514133,1.00622045993805,-1.25807619042462E-05,0,0,0,0,0,38
3,5918,249.558133,1.01607298851013,-1.8205821106676E-05,0,0,0,0,0,38
3,5919,249.602133,1.01878821849823,-1.1985579476459E-05,0,0,0,0,0,38
3,5920,249.646133,1.02834987640381,0.000180943083250895,0,0,0,0,0,38
3,5921,249.690133,1.02617764472961,7.60098873797688E-06,0,0,0,0,0,38
3,5922,249.734133,1.02860200405121,1.85826938832179E-05,0,0,0,0,0,38
3,5923,249.778133,1.03026986122131,3.30244711221894E-06,0,0,0,0,0,38
3,5924,249.822133,1.03319847583771,1.44981058838312E-05,0,0,0,0,0,38
3,5925,249.866133,1.02322959899902,-3.58901379513554E-05,0,0,0,0,0,38
3,5926,249.910133,1.0372908115387,6.23167943558656E-06,0,0,0,0,0,38
3,5927,249.954133,1.03924965858459,1.27086677821353E-05,0,0,0,0,0,38
3,5928,249.998133,1.04204249382019,1.57040321937529E-05,0,0,0,0,0,38
3,5929,250.042133,1.04351651668549,-5.41735280421562E-05,0,0,0,0,0,38
3,5930,250.086133,1.0396181344986,-2.51418405241566E-05,0,0,0,0,0,38
3,5931,250.130133,1.04811298847198,-3.39917787641753E-05,0,0,0,0,0,38
3,5932,250.174133,1.05014944076538,5.46533328815713E-06,0,0,0,0,0,38
3,5933,250.218133,1.05292296409607,1.16194441943662E-05,0,0,0,0,0,38
3,5934,250.262133,1.05428051948547,7.28200211597141E-06,0,0,0,0,0,38
3,5935,250.306133,1.05660796165466,1.11215140350396E-05,0,0,0,0,0,38
3,5936,250.350133,1.05495941638947,9.16812423383817E-05,0,0,0,0,0,38
3,5937,250.394133,1.06168937683105,-1.96861537915538E-06,0,0,0,0,0,38
3,5938,250.438133,1.08494365215302,9.16034405236132E-05,0,0,0,0,0,38
3,5939,250.482133,1.06679010391235,8.88860631675925E-06,0,0,0,0,0,38
3,5940,250.526133,1.06015717983246,-4.97855144203641E-05,0,0,0,0,0,38
3,5941,250.570133,1.06997084617615,-6.1759194068145E-05,0,0,0,0,0,38
3,5942,250.614133,1.07161939144135,1.78920481630485E-06,0,0,0,0,0,38
3,5943,250.658133,1.07470321655273,1.22924293464166E-05,0,0,0,0,0,38
3,5944,250.702133,1.07704997062683,1.9889761460945E-05,0,0,0,0,0,38
3,5945,250.746133,1.10315525531769,0.000129057167214341,0,0,0,0,0,38
3,5946,250.790133,1.07897007465363,-5.65641403227346E-06,0,0,0,0,0,38
3,5947,250.834133,1.07406318187714,-2.96504458674463E-05,0,0,0,0,0,38
3,5948,250.878133,1.08531212806702,7.16529939381871E-06,0,0,0,0,0,38
3,5949,250.922133,1.08781397342682,1.5548428564216E-05,0,0,0,0,0,38
3,5950,250.966133,1.11715817451477,0.00014076242223382,0,0,0,0,0,38
3,5951,251.010133,1.09252691268921,2.19359444599831E-05,0,0,0,0,0,38
3,5952,251.054133,1.08575820922852,-5.31971199961845E-05,0,0,0,0,0,38
3,5953,251.098133,1.0960568189621,1.00867518995074E-05,0,0,0,0,0,38
3,5954,251.142133,1.08573877811432,-3.44702602887992E-05,0,0,0,0,0,38
3,5955,251.186133,1.10028481483459,4.57450414614868E-06,0,0,0,0,0,38
3,5956,251.230133,1.0942530632019,-4.55297631560825E-05,0,0,0,0,0,38
3,5957,251.274133,1.09431123733521,-1.10208384285215E-05,0,0,0,0,0,38
3,5958,251.318133,1.10044002532959,-3.57500975951552E-05,0,0,0,0,0,38
3,5959,251.362133,1.12439250946045,0.000222232425585389,0,0,0,0,0,38
3,5960,251.406133,1.11190223693848,1.6983869500109E-05,0,0,0,0,0,38
3,5961,251.450133,1.11360895633698,9.8922473625862E-06,0,0,0,0,0,38
3,5962,251.494133,1.11638247966766,-3.08117910208239E-06,0,0,0,0,0,38
3,5963,251.538133,1.13911306858063,9.87689709290862E-05,0,0,0,0,0,38
3,5964,251.582133,1.12101781368256,6.58980283674282E-08,0,0,0,0,0,38
3,5965,251.626133,1.12365543842316,2.97900223813485E-05,0,0,0,0,0,38
3,5966,251.670133,1.14941167831421,0.000148371429531835,0,0,0,0,0,38
3,5967,251.714133,1.14529991149902,0.000120191660244018,0,0,0,0,0,38
3,5968,251.758133,1.12028074264526,-8.90463343239389E-06,0,0,0,0,0,38
3,5969,251.802133,1.13108360767365,3.52029178429802E-06,0,0,0,0,0,38
3,5970,251.846133,1.12406277656555,-2.96971265925094E-05,0,0,0,0,0,38
3,5971,251.890133,1.13876390457153,-0.000217689273995347,0,0,0,0,0,38
3,5972,251.934133,1.12838780879974,-4.88228761241771E-06,0,0,0,0,0,38
3,5973,251.978133,1.13701844215393,-1.39422909342102E-05,0,0,0,0,0,38
3,5974,252.022133,1.13104486465454,1.2484832723203E-06,0,0,0,0,0,38
3,5975,252.066133,1.14460170269012,-1.08263348010951E-05,0,0,0,0,0,38
3,5976,252.110133,1.14689028263092,1.36617381940596E-05,0,0,0,0,0,38
3,5977,252.154133,1.14915955066681,1.4011845451023E-05,0,0,0,0,0,38
3,5978,252.198133,1.15181660652161,1.11176241262001E-05,0,0,0,0,0,38
3,5979,252.242133,1.15323233604431,8.76801368576707E-06,0,0,0,0,0,38
3,5980,252.286133,1.17935705184937,0.000143672208650969,0,0,0,0,0,38
3,5981,252.330133,1.1583137512207,1.56028891069582E-05,0,0,0,0,0,38
3,5982,252.374133,1.152592420578,1.25725146062905E-05,0,0,0,0,0,38
3,5983,252.418133,1.1542409658432,-3.41084814863279E-05,0,0,0,0,0,38
3,5984,252.462133,1.15495848655701,4.16547736676876E-05,0,0,0,0,0,38
3,5985,252.506133,1.16729354858398,1.697608968243E-05,0,0,0,0,0,38
3,5986,252.550133,1.16822445392609,2.971790081574E-06,0,0,0,0,0,38
3,5987,252.594133,1.16166913509369,-1.65758774528513E-05,0,0,0,0,0,38
3,5988,252.638133,1.17371320724487,1.88549984159181E-05,0,0,0,0,0,38
3,5989,252.682133,1.16378307342529,-2.12556460610358E-05,0,0,0,0,0,38
3,5990,252.726133,1.17739820480347,-1.13359355964349E-05,0,0,0,0,0,38
3,5991,252.770133,1.17995834350586,1.31132364913356E-05,0,0,0,0,0,38
3,5992,252.814133,1.18226623535156,-0.000189739032066427,0,0,0,0,0,38
3,5993,252.858133,1.17355799674988,-2.24421219172655E-05,0,0,0,0,0,38
3,5994,252.902133,1.20431804656982,0.00022186286514625,0,0,0,0,0,38
3,5995,252.946133,1.18048191070557,-4.97310538776219E-05,0,0,0,0,0,38
3,5996,252.990133,1.18135476112366,-1.35688433147152E-05,0,0,0,0,0,38
3,5997,253.034133,1.19334065914154,2.05627457035007E-05,0,0,0,0,0,38
3,5998,253.078133,1.19531893730164,1.41985692607705E-05,0,0,0,0,0,38
3,5999,253.122133,1.19725835323334,1.26308659673668E-05,0,0,0,0,0,38
3,6000,253.166133,1.19913971424103,1.6470377886435E-05,0,0,0,0,0,38
3,6001,253.210133,1.19770443439484,1.62603137141559E-05,0,0,0,0,0,38
3,6002,253.254133,1.18631982803345,8.55794951348798E-06,0,0,0,0,0,38
3,6003,253.298133,1.18575727939606,-4.15484191762516E-06,0,0,0,0,0,38
3,6004,253.342133,1.21131956577301,0.000212725062738173,0,0,0,0,0,38
3,6005,253.386133,1.18930661678314,1.35139152916963E-05,0,0,0,0,0,38
3,6006,253.430133,1.18680465221405,1.45797976074391E-05,0,0,0,0,0,38
3,6007,253.474133,1.18463242053986,-5.24774513905868E-05,0,0,0,0,0,38
3,6008,253.518133,1.17386841773987,-3.73022376152221E-05,0,0,0,0,0,38
3,6009,253.562133,1.19590079784393,0.000211826452868991,0,0,0,0,0,38
3,6010,253.606133,1.17854249477386,1.7217273125425E-05,0,0,0,0,0,38
3,6011,253.650133,1.17710733413696,-3.54409894498531E-06,0,0,0,0,0,38
3,6012,253.694133,1.19134306907654,0.000148635954246856,0,0,0,0,0,38
3,6013,253.738133,1.16318190097809,-6.31772809356335E-06,0,0,0,0,0,38
3,6014,253.782133,1.19258427619934,0.000138058807351626,0,0,0,0,0,38
3,6015,253.826133,1.16760385036469,1.92517873074394E-05,0,0,0,0,0,38
3,6016,253.870133,1.16578078269959,2.72925881290575E-05,0,0,0,0,0,38
3,6017,253.914133,1.16395771503448,2.42155329033267E-05,0,0,0,0,0,38
3,6018,253.958133,1.1604859828949,-3.93131756482035E-07,0,0,0,0,0,38
3,6019,254.002133,1.158158659935,4.37221979154856E-06,0,0,0,0,0,38
3,6020,254.046133,1.14316654205322,-1.51248759721057E-05,0,0,0,0,0,38
3,6021,254.090133,1.1541633605957,1.32143786686356E-05,0,0,0,0,0,38
3,6022,254.134133,1.1521463394165,9.44877865549643E-06,0,0,0,0,0,38
3,6023,254.178133,1.14978015422821,2.72671491075016E-06,0,0,0,0,0,38
3,6024,254.222133,1.14747214317322,1.33660914798384E-05,0,0,0,0,0,38
3,6025,254.266133,1.13174307346344,-1.25496408145409E-05,0,0,0,0,0,38
3,6026,254.310133,1.13372135162354,-5.02484363096301E-05,0,0,0,0,0,38
3,6027,254.354133,1.13952028751373,-4.70334362034919E-06,0,0,0,0,0,38
3,6028,254.398133,1.13985002040863,2.68724597844994E-05,0,0,0,0,0,38
3,6029,254.442133,1.1562774181366,0.000196837965631858,0,0,0,0,0,38
3,6030,254.486133,1.13459408283234,1.02229050753522E-05,0,0,0,0,0,38
3,6031,254.530133,1.13180124759674,8.95084758667508E-06,0,0,0,0,0,38
3,6032,254.574133,1.13003635406494,9.58104101300705E-06,0,0,0,0,0,38
3,6033,254.618133,1.12575006484985,1.39241637953091E-06,0,0,0,0,0,38
3,6034,254.662133,1.11089372634888,-4.14568494306877E-05,0,0,0,0,0,38
3,6035,254.706133,1.12402391433716,1.12771176645765E-05,0,0,0,0,0,38
3,6036,254.750133,1.12173533439636,1.52488919411553E-05,0,0,0,0,0,38
3,6037,254.794133,1.11874854564667,-4.79727386846207E-05,0,0,0,0,0,38
3,6038,254.838133,1.11628544330597,-2.44260645558825E-05,0,0,0,0,0,38
3,6039,254.882133,1.11450111865997,-5.78457693336532E-05,0,0,0,0,0,38
3,6040,254.926133,1.11182463169098,4.84681004309095E-06,0,0,0,0,0,38
3,6041,254.970133,1.09999394416809,-1.75445075001335E-05,0,0,0,0,0,38
3,6042,255.014133,1.10755789279938,9.47600892686751E-06,0,0,0,0,0,38
3,6043,255.058133,1.0948349237442,8.03278817329556E-06,0,0,0,0,0,38
3,6044,255.102133,1.10342681407928,-7.35459082079615E-07,0,0,0,0,0,38
3,6045,255.146133,1.09322512149811,-5.90127929172013E-05,0,0,0,0,0,38
3,6046,255.190133,1.08744549751282,-3.83914630219806E-05,0,0,0,0,0,38
3,6047,255.234133,1.09295356273651,-3.2813084544614E-05,0,0,0,0,0,38
3,6048,255.278133,1.09029650688171,9.24398118513636E-05,0,0,0,0,0,38
3,6049,255.322133,1.0937488079071,2.31185294978786E-05,0,0,0,0,0,38
3,6050,255.366133,1.11229014396667,0.000181534385774285,0,0,0,0,0,38
3,6051,255.410133,1.08870613574982,-1.83769861905603E-05,0,0,0,0,0,38
3,6052,255.454133,1.08409023284912,-1.53077107825084E-05,0,0,0,0,0,38
3,6053,255.498133,1.07243406772614,-1.55022135004401E-05,0,0,0,0,0,38
3,6054,255.542133,1.08141374588013,5.53146446691244E-06,0,0,0,0,0,38
3,6055,255.586133,1.06801199913025,8.61630087456433E-06,0,0,0,0,0,38
3,6056,255.630133,1.07691419124603,-6.23504820396192E-05,0,0,0,0,0,38
3,6057,255.674133,1.09050989151001,0.000168463695445098,0,0,0,0,0,38
3,6058,255.718133,1.07761240005493,-0.000207909615710378,0,0,0,0,0,38
3,6059,255.762133,1.06483125686646,-3.91539178963285E-05,0,0,0,0,0,38
3,6060,255.806133,1.05976927280426,-3.36377815983724E-05,0,0,0,0,0,38
3,6061,255.850133,1.05453264713287,-3.07357804558706E-05,0,0,0,0,0,38
3,6062,255.894133,1.05418360233307,-3.50519826497475E-06,0,0,0,0,0,38
3,6063,255.938133,1.09006381034851,0.000143539946293458,0,0,0,0,0,38
3,6064,255.982133,1.05945897102356,-1.01943510344427E-06,0,0,0,0,0,38
3,6065,256.026133,1.05815947055817,1.01567729871022E-05,0,0,0,0,0,38
3,6066,256.070133,1.05474603176117,2.69559404841857E-06,0,0,0,0,0,38
3,6067,256.114133,1.05309748649597,2.17821320802614E-06,0,0,0,0,0,38
3,6068,256.158133,1.05065369606018,4.59784450868028E-06,0,0,0,0,0,38
3,6069,256.202133,1.07344257831573,0.000121685450721998,0,0,0,0,0,38
3,6070,256.246133,1.04625117778778,7.62043919166899E-06,0,0,0,0,0,38
3,6071,256.290133,1.04380738735199,-2.33638360214172E-07,0,0,0,0,0,38
3,6072,256.334133,1.04499053955078,0.000131099455757067,0,0,0,0,0,38
3,6073,256.378133,1.06062257289886,0.000127372753922828,0,0,0,0,0,38
3,6074,256.422133,1.037562251091,8.55584858072689E-07,0,0,0,0,0,38
3,6075,256.466133,1.02454841136932,1.13956093628076E-06,0,0,0,0,0,38
3,6076,256.510133,1.05191445350647,9.17940560611896E-05,0,0,0,0,0,38
3,6077,256.554133,1.02103805541992,8.59685042087222E-06,0,0,0,0,0,38
3,6078,256.598133,1.02949416637421,1.52488919411553E-05,0,0,0,0,0,38
3,6079,256.642133,1.01304733753204,-3.02884200209519E-05,0,0,0,0,0,38
3,6080,256.686133,1.02371442317963,-6.53808601782657E-05,0,0,0,0,0,38
3,6081,256.730133,1.02227926254272,-2.19403009396046E-05,0,0,0,0,0,38
3,6082,256.774133,1.00976967811584,-2.61104705714388E-05,0,0,0,0,0,38
3,6083,256.818133,1.0373877286911,0.00016218121163547,0,0,0,0,0,38
3,6084,256.862133,1.01587903499603,9.03642921912251E-06,0,0,0,0,0,38
3,6085,256.906133,1.00309789180756,-1.49809429785819E-05,0,0,0,0,0,38
3,6086,256.950133,1.01085579395294,-2.01529633159225E-06,0,0,0,0,0,38
3,6087,256.994133,0.997104942798615,-1.59845840244088E-05,0,0,0,0,0,38
3,6088,257.038133,1.01900160312653,0.000180499613634311,0,0,0,0,0,38
3,6089,257.082133,1.00488221645355,-4.92118851980194E-06,0,0,0,0,0,38
3,6090,257.126133,1.00243842601776,6.68681923343684E-06,0,0,0,0,0,38
3,6091,257.170133,0.999761998653412,-5.84876324865036E-05,0,0,0,0,0,38
3,6092,257.214133,0.99553394317627,-5.37243795406539E-06,0,0,0,0,0,38
3,6093,257.258133,0.994855165481567,-3.71526266462752E-06,0,0,0,0,0,38
3,6094,257.302133,0.980774581432343,-3.1786101317266E-05,0,0,0,0,0,38
3,6095,257.346133,0.983160138130188,-6.50268630124629E-05,0,0,0,0,0,38
3,6096,257.390133,0.990530133247375,1.99597816390451E-05,0,0,0,0,0,38
3,6097,257.434133,0.976430177688599,8.98585858521983E-06,0,0,0,0,0,38
3,6098,257.478133,0.973094284534454,7.4220452006557E-06,0,0,0,0,0,38
3,6099,257.522133,0.995980024337769,0.000215872147236951,0,0,0,0,0,38
3,6100,257.566133,0.979610919952393,-9.04467651707819E-06,0,0,0,0,0,38
3,6101,257.610133,0.971697866916656,-4.69068545498885E-05,0,0,0,0,0,38
3,6102,257.654133,0.983625590801239,0.000151102256495506,0,0,0,0,0,38
3,6103,257.698133,0.974374353885651,1.31521373987198E-05,0,0,0,0,0,38
3,6104,257.742133,0.986282706260681,0.000200304028112441,0,0,0,0,0,38
3,6105,257.786133,0.96494847536087,-4.07877523684874E-05,0,0,0,0,0,38
3,6106,257.830133,0.958354294300079,-5.85459820285905E-05,0,0,0,0,0,38
3,6107,257.874133,0.955968737602234,1.24908228826826E-05,0,0,0,0,0,38
3,6108,257.918133,0.962485373020172,-3.59467003363534E-06,0,0,0,0,0,38
3,6109,257.962133,0.960313141345978,-1.61285170179326E-05,0,0,0,0,0,38
3,6110,258.006133,0.957171201705933,5.92825290368637E-06,0,0,0,0,0,38
3,6111,258.050133,0.952981948852539,-2.33485116041265E-05,0,0,0,0,0,38
3,6112,258.094133,0.96312540769577,0.000144045654451475,0,0,0,0,0,38
3,6113,258.138133,0.951740682125092,-3.52015958924312E-05,0,0,0,0,0,38
3,6114,258.182133,0.949840009212494,3.08460244013986E-06,0,0,0,0,0,38
3,6115,258.226133,0.947027802467346,-4.61387162431492E-06,0,0,0,0,0,38
3,6116,258.270133,0.939483225345612,-9.72155066847336E-06,0,0,0,0,0,38
3,6117,258.314133,0.944390118122101,2.13913335755933E-05,0,0,0,0,0,38
3,6118,258.358133,0.941306352615356,1.62971139161527E-06,0,0,0,0,0,38
3,6119,258.402133,0.96388179063797,5.44570393685717E-05,0,0,0,0,0,38
3,6120,258.446133,0.936147332191467,-6.15045473750797E-06,0,0,0,0,0,38
3,6121,258.490133,0.933916926383972,-1.04295459095738E-05,0,0,0,0,0,38
3,6122,258.534133,0.931783556938171,-0.000121230783406645,0,0,0,0,0,38
3,6123,258.578133,0.930387139320374,4.50837296739337E-06,0,0,0,0,0,38
3,6124,258.622133,0.926430583000183,-2.48210631070833E-06,0,0,0,0,0,38
3,6125,258.666133,0.925809979438782,-1.6262880535578E-06,0,0,0,0,0,38
3,6126,258.710133,0.923754096031189,6.34838215773925E-06,0,0,0,0,0,38
3,6127,258.754133,0.919778227806091,-1.36583148560021E-05,0,0,0,0,0,38
3,6128,258.798133,0.918401181697845,-6.00263138039736E-06,0,0,0,0,0,38
3,6129,258.842133,0.937291622161865,0.000132398738060147,0,0,0,0,0,38
3,6130,258.886133,0.914929509162903,6.25891016170499E-06,0,0,0,0,0,38
3,6131,258.930133,0.912388801574707,-2.07753760150808E-06,0,0,0,0,0,38
3,6132,258.974133,0.900111973285675,-1.24716038385486E-07,0,0,0,0,0,38
3,6133,259.018133,0.905775189399719,-1.50859750647214E-05,0,0,0,0,0,38
3,6134,259.062133,0.905251562595367,-9.84424332273193E-07,0,0,0,0,0,38
3,6135,259.106133,0.89656275510788,-4.2409919842612E-05,0,0,0,0,0,38
3,6136,259.150133,0.900752007961273,-7.93600247561699E-06,0,0,0,0,0,38
3,6137,259.194133,0.889367282390594,-7.47129320188833E-07,0,0,0,0,0,38
3,6138,259.238133,0.885915040969849,3.8898497223272E-06,0,0,0,0,0,38
3,6139,259.282133,0.894215941429138,-6.72618671160308E-06,0,0,0,0,0,38
3,6140,259.326133,0.883316159248352,-3.12920601572841E-05,0,0,0,0,0,38
3,6141,259.370133,0.889987945556641,-3.6958122109354E-06,0,0,0,0,0,38
3,6142,259.414133,0.907928049564362,6.27740373602137E-05,0,0,0,0,0,38
3,6143,259.458133,0.886244714260101,4.01433226215886E-06,0,0,0,0,0,38
3,6144,259.502133,0.876877069473267,4.17636983911507E-05,0,0,0,0,0,38
3,6145,259.546133,0.874646723270416,-5.55739607079886E-05,0,0,0,0,0,38
3,6146,259.590133,0.878506243228912,-0.000121273573313374,0,0,0,0,0,38
3,6147,259.634133,0.877167999744415,-3.82029475076706E-06,0,0,0,0,0,38
3,6148,259.678133,0.874918222427368,6.72750957164681E-07,0,0,0,0,0,38
3,6149,259.722133,0.872222363948822,-3.62968080480641E-06,0,0,0,0,0,38
3,6150,259.766133,0.870418667793274,-5.09136407345068E-05,0,0,0,0,0,38
3,6151,259.810133,0.869196772575378,2.6489130959817E-06,0,0,0,0,0,38
3,6152,259.854133,0.865628182888031,-5.17793387189158E-06,0,0,0,0,0,38
3,6153,259.898133,0.860934615135193,-2.81994452961953E-05,0,0,0,0,0,38
3,6154,259.942133,0.860798895359039,-1.07485329863266E-05,0,0,0,0,0,38
3,6155,259.986133,0.859305500984192,7.55819792175316E-06,0,0,0,0,0,38
3,6156,260.030133,0.858180582523346,1.16194441943662E-05,0,0,0,0,0,38
3,6157,260.074133,0.855193793773651,6.74517059451318E-06,0,0,0,0,0,38
3,6158,260.118133,0.853215515613556,1.67543548741378E-05,0,0,0,0,0,38
3,6159,260.162133,0.850985169410706,-2.67661039288214E-06,0,0,0,0,0,38
3,6160,260.206133,0.842044174671173,-1.68326223501936E-05,0,0,0,0,0,38
3,6161,260.250133,0.845593392848969,-4.68485013698228E-05,0,0,0,0,0,38
3,6162,260.294133,0.844235777854919,-1.87136333806848E-06,0,0,0,0,0,38
3,6163,260.338133,0.831920146942139,-1.41329046527972E-05,0,0,0,0,0,38
3,6164,260.382133,0.840085327625275,6.0838565332233E-06,0,0,0,0,0,38
3,6165,260.426133,0.848657786846161,2.21148893615464E-05,0,0,0,0,0,38
3,6166,260.470133,0.835100889205933,-9.22183062357362E-07,0,0,0,0,0,38
3,6167,260.514133,0.833083808422089,-1.23784775496461E-05,0,0,0,0,0,38
3,6168,260.558133,0.831183135509491,2.50108996624476E-06,0,0,0,0,0,38
3,6169,260.602133,0.828002393245697,-8.812228043098E-05,0,0,0,0,0,38
3,6170,260.646133,0.82650899887085,-4.94273933782097E-07,0,0,0,0,0,38
3,6171,260.690133,0.824104070663452,-1.12446741695749E-06,0,0,0,0,0,38
3,6172,260.734133,0.832308053970337,1.29070622278959E-05,0,0,0,0,0,38
3,6173,260.778133,0.812971472740173,1.90845130418893E-05,0,0,0,0,0,38
3,6174,260.822133,0.817703783512115,-2.83610393125855E-06,0,0,0,0,0,38
3,6175,260.866133,0.816191017627716,7.62821946409531E-06,0,0,0,0,0,38
3,6176,260.910133,0.81339818239212,8.4780469933321E-07,0,0,0,0,0,38
3,6177,260.954133,0.811633288860321,9.51101992541226E-06,0,0,0,0,0,38
3,6178,260.998133,0.802828073501587,2.99902058031876E-06,0,0,0,0,0,38
3,6180,261.086133,0.805039048194885,-4.08003053564698E-08,0,0,0,0,0,38
3,6181,261.130133,0.80240136384964,-7.69359971286576E-08,0,0,0,0,0,38
3,6182,261.174133,0.799957633018494,-1.65602671131637E-06,0,0,0,0,0,38
3,6183,261.218133,0.795981705188751,-5.9798929896715E-07,0,0,0,0,0,38
3,6184,261.262133,0.795845985412598,-3.38045481385052E-07,0,0,0,0,0,38
3,6185,261.306133,0.793654382228851,-9.51963670559053E-07,0,0,0,0,0,38
3,6186,261.350133,0.791443347930908,1.86487323361462E-08,0,0,0,0,0,38
3,6187,261.394133,0.789368152618408,9.79141177026577E-08,0,0,0,0,0,38
3,6188,261.438133,0.786594688892365,9.94630298123411E-08,0,0,0,0,0,38
3,6189,261.482133,0.784790992736816,-5.77758818565144E-08,0,0,0,0,0,38
3,6190,261.526133,0.782424807548523,-7.66169634403013E-08,0,0,0,0,0,38
3,6191,261.570133,0.780621111392975,-1.31509125367302E-07,0,0,0,0,0,38
3,6192,261.614133,0.778235554695129,-7.51493871575804E-08,0,0,0,0,0,38
3,6193,261.658133,0.776393055915833,-4.99825283384325E-08,0,0,0,0,0,38
3,6194,261.702133,0.773794174194336,-1.19706200507608E-07,0,0,0,0,0,38
3,6195,261.746133,0.771699547767639,-1.22493446497174E-07,0,0,0,0,0,38
3,6196,261.790133,0.769488573074341,-1.31571411543518E-07,0,0,0,0,0,38
3,6197,261.834133,0.767374515533447,-7.33509182282432E-08,0,0,0,0,0,38
3,6198,261.878133,0.764911413192749,-3.66575214627574E-08,0,0,0,0,0,38
3,6199,261.922133,0.762545228004456,-5.36417452678961E-08,0,0,0,0,0,38
3,6200,261.966133,0.76056694984436,-1.32832681742912E-07,0,0,0,0,0,38
3,6201,262.010133,0.758472323417664,-1.32229288851704E-07,0,0,0,0,0,38
3,6202,262.054133,0.756086826324463,-8.60491837784139E-08,0,0,0,0,0,38
3,6203,262.098133,0.753759443759918,-8.08639910587772E-08,0,0,0,0,0,38
3,6204,262.142133,0.75170361995697,-1.11328930074706E-07,0,0,0,0,0,38
3,6205,262.186133,0.749686539173126,-1.23556176845341E-07,0,0,0,0,0,38
3,6206,262.230133,0.74749493598938,-1.18733005649574E-07,0,0,0,0,0,38
3,6207,262.274133,0.744954228401184,-5.74216407756012E-08,0,0,0,0,0,38
3,6208,262.318133,0.743053555488586,-8.13116614040155E-08,0,0,0,0,0,38
3,6209,262.362133,0.740997731685638,-9.27175278775394E-08,0,0,0,0,0,38
3,6210,262.406133,0.738767325878143,-1.34249646066564E-07,0,0,0,0,0,38
3,6211,262.450133,0.736614525318146,-1.33568420324082E-07,0,0,0,0,0,38
3,6212,262.494133,0.734190165996552,-1.06307240343995E-07,0,0,0,0,0,38
3,6213,262.538133,0.732076168060303,-9.74394751551699E-08,0,0,0,0,0,38
3,6214,262.582133,0.729671180248261,-1.21605879144226E-07,0,0,0,0,0,38
3,6215,262.626133,0.727499008178711,-1.25580413623538E-07,0,0,0,0,0,38
3,6216,262.670133,0.725229799747467,-1.32213727965791E-07,0,0,0,0,0,38
3,6217,262.714133,0.723290324211121,-6.95788102689221E-08,0,0,0,0,0,38
3,6218,262.758133,0.720962941646576,-1.00246168699414E-07,0,0,0,0,0,38
3,6219,262.802133,0.718810141086578,-9.95221114408196E-08,0,0,0,0,0,38
3,6220,262.846133,0.71669614315033,-1.16817759021615E-07,0,0,0,0,0,38
3,6221,262.890133,0.714291214942932,-1.40602679721269E-07,0,0,0,0,0,38
3,6222,262.934133,0.712099611759186,-1.01663147233921E-07,0,0,0,0,0,38
3,6223,262.978133,0.710043728351593,-8.01165782604585E-08,0,0,0,0,0,38
3,6224,263.022133,0.707871556282043,-1.35215060481642E-07,0,0,0,0,0,38
3,6225,263.066133,0.705932080745697,-1.28826997070064E-07,0,0,0,0,0,38
3,6226,263.110133,0.703371942043304,-1.45281802588215E-07,0,0,0,0,0,38
3,6227,263.154133,0.701122164726257,-1.15579851467373E-07,0,0,0,0,0,38
3,6228,263.198133,0.699143886566162,-1.71670990312123E-07,0,0,0,0,0,38
3,6229,263.242133,0.697107493877411,-1.05143293183119E-07,0,0,0,0,0,38
3,6230,263.286133,0.694605529308319,-1.69241900493944E-07,0,0,0,0,0,38
3,6231,263.330133,0.692472159862518,-1.26810533629396E-07,0,0,0,0,0,38
3,6232,263.374133,0.690474450588226,-1.31119847424088E-07,0,0,0,0,0,38
3,6233,263.418133,0.688108325004578,-7.08361795886958E-08,0,0,0,0,0,38
3,6234,263.462133,0.685936093330383,-1.25576519849346E-07,0,0,0,0,0,38
3,6235,263.506133,0.683666944503784,-1.35654943278496E-07,0,0,0,0,0,38
3,6236,263.550133,0.681514143943787,-1.44678423907862E-07,0,0,0,0,0,38
3,6237,263.594133,0.679264307022095,-1.23092931403335E-07,0,0,0,0,0,38
3,6238,263.638133,0.676898181438446,-1.17035753532946E-07,0,0,0,0,0,38
3,6239,263.682133,0.67486172914505,-1.08016173783199E-07,0,0,0,0,0,38
3,6240,263.726133,0.672631323337555,-2.02135936433478E-07,0,0,0,0,0,38
3,6241,263.770133,0.670284569263458,-1.5870412539698E-07,0,0,0,0,0,38
3,6242,263.814133,0.668383896350861,-1.16736011079865E-07,0,0,0,0,0,38
3,6243,263.858133,0.665920794010162,-5.19561673684166E-08,0,0,0,0,0,38
3,6244,263.902133,0.663961887359619,-1.26148762547018E-07,0,0,0,0,0,38
3,6245,263.946133,0.661615133285522,-1.66563665970898E-07,0,0,0,0,0,38
3,6246,263.990133,0.659268379211426,-1.54854163270102E-07,0,0,0,0,0,38
3,6247,264.034133,0.65713495016098,-1.18297016626912E-07,0,0,0,0,0,38
3,6248,264.078133,0.654982149600983,-9.91834383512469E-08,0,0,0,0,0,38
3,6249,264.122133,0.653159022331238,-1.2741780608394E-07,0,0,0,0,0,38
3,6250,264.166133,0.65034681558609,-1.98971093823275E-07,0,0,0,0,0,38
3,6251,264.210133,0.648523688316345,-1.40408033644235E-07,0,0,0,0,0,38
3,6252,264.254133,0.646584212779999,-1.17144750788611E-07,0,0,0,0,0,38
3,6253,264.298133,0.644159913063049,-8.86690258994349E-08,0,0,0,0,0,38
3,6254,264.342133,0.641657948493958,-1.311626789402E-07,0,0,0,0,0,38
3,6255,264.386133,0.639776706695557,-1.76334552293156E-07,0,0,0,0,0,38
3,6256,264.430133,0.637546300888062,-1.85116675766039E-07,0,0,0,0,0,38
3,6257,264.474133,0.635180115699768,-1.26347302398244E-07,0,0,0,0,0,38
3,6258,264.518133,0.63296914100647,-7.89098137943256E-08,0,0,0,0,0,38
3,6259,264.562133,0.630913317203522,-6.22214457735026E-08,0,0,0,0,0,38
3,6260,264.606133,0.628547132015228,-1.63982747380942E-07,0,0,0,0,0,38
3,6261,264.650133,0.626161575317383,-1.15178899307011E-07,0,0,0,0,0,38
3,6262,264.694133,0.624125182628632,-1.39824123834842E-07,0,0,0,0,0,38
3,6263,264.738133,0.622146904468536,-1.21726557722468E-07,0,0,0,0,0,38
3,6264,264.782133,0.619935870170593,-1.59934245402837E-07,0,0,0,0,0,38
3,6265,264.826133,0.617841243743896,-1.74209091596822E-07,0,0,0,0,0,38
3,6266,264.870133,0.615378141403198,-1.67198180633932E-07,0,0,0,0,0,38
3,6267,264.914133,0.613205909729004,-9.25929555251059E-08,0,0,0,0,0,38
3,6268,264.958133,0.611111283302307,-1.49910320601521E-07,0,0,0,0,0,38
3,6269,265.002133,0.60870635509491,-1.38636821134241E-07,0,0,0,0,0,38
3,6270,265.046133,0.606611728668213,-1.95409199932328E-07,0,0,0,0,0,38
3,6271,265.090133,0.604458928108215,-1.32805425323568E-07,0,0,0,0,0,38
3,6272,265.134133,0.602383673191071,-1.2708302676856E-07,0,0,0,0,0,38
3,6273,265.178133,0.600153267383575,-1.36347864554409E-07,0,0,0,0,0,38
3,6274,265.222133,0.598000466823578,-2.02645892954934E-07,0,0,0,0,0,38
3,6275,265.266133,0.595673084259033,-1.49369228097385E-07,0,0,0,0,0,38
3,6276,265.310133,0.593403935432434,-1.86124907486374E-07,0,0,0,0,0,38
3,6277,265.354133,0.591251134872437,-1.00327916641163E-07,0,0,0,0,0,38
3,6278,265.398133,0.589137077331543,-1.51054805996864E-07,0,0,0,0,0,38
3,6279,265.442133,0.586964905261993,-1.80865754373372E-07,0,0,0,0,0,38
3,6280,265.486133,0.584947824478149,-2.01509195107974E-07,0,0,0,0,0,38
3,6281,265.530133,0.582484722137451,-1.73850949636289E-07,0,0,0,0,0,38
3,6282,265.574133,0.580215513706207,-1.65718930134062E-07,0,0,0,0,0,38
3,6283,265.618133,0.578237235546112,-1.27775948044473E-07,0,0,0,0,0,38
3,6284,265.662133,0.575735330581665,-1.83991659241656E-07,0,0,0,0,0,38
3,6285,265.706133,0.573931634426117,-1.82321656438944E-07,0,0,0,0,0,38
3,6286,265.750133,0.571158170700073,-1.69962063978346E-07,0,0,0,0,0,38
3,6287,265.794133,0.569490253925323,-1.26207154949043E-07,0,0,0,0,0,38
3,6288,265.838133,0.566988348960876,-1.30730569480875E-07,0,0,0,0,0,38
3,6289,265.882133,0.564719140529633,-2.24799734382941E-07,0,0,0,0,0,38
3,6290,265.926133,0.562779664993286,-1.82450122565569E-07,0,0,0,0,0,38
3,6291,265.970133,0.560297131538391,-2.02462928200475E-07,0,0,0,0,0,38
3,6292,266.014133,0.558435261249542,-1.25837345876789E-07,0,0,0,0,0,38
3,6293,266.058133,0.55612725019455,-1.64368131549963E-07,0,0,0,0,0,38
3,6294,266.102133,0.553780496120453,-1.40921883939882E-07,0,0,0,0,0,38
3,6295,266.146133,0.551530718803406,-1.85120569540231E-07,0,0,0,0,0,38
3,6296,266.190133,0.549552500247955,-1.55181155037099E-07,0,0,0,0,0,38
3,6297,266.234133,0.547147512435913,-2.05573257971992E-07,0,0,0,0,0,38
3,6298,266.278133,0.545033514499664,-1.30080479721073E-07,0,0,0,0,0,38
3,6299,266.322133,0.542803108692169,-1.99531655198371E-07,0,0,0,0,0,38
3,6300,266.366133,0.54068911075592,-1.95899687582823E-07,0,0,0,0,0,38
3,6301,266.410133,0.538458704948425,-1.94070082670805E-07,0,0,0,0,0,38
3,6302,266.454133,0.536131322383881,-1.58015112106114E-07,0,0,0,0,0,38
3,6303,266.498133,0.533978521823883,-1.63254796348156E-07,0,0,0,0,0,38
3,6304,266.542133,0.53161233663559,-2.22697622120904E-07,0,0,0,0,0,38
3,6305,266.586133,0.529769837856293,-2.08784811661644E-07,0,0,0,0,0,38
3,6306,266.630133,0.527520060539246,-1.97176532878984E-07,0,0,0,0,0,38
3,6307,266.674133,0.52548360824585,-1.78716945242741E-07,0,0,0,0,0,38
3,6308,266.718133,0.523330807685852,-2.01847868197547E-07,0,0,0,0,0,38
3,6309,266.762133,0.520790100097656,-1.76455230871397E-07,0,0,0,0,0,38
3,6310,266.806133,0.518559694290161,-2.29190789013956E-07,0,0,0,0,0,38
3,6311,266.850133,0.516523241996765,-1.82777114332566E-07,0,0,0,0,0,38
3,6312,266.894133,0.514215290546417,-1.69300292895969E-07,0,0,0,0,0,38
3,6313,266.938133,0.512004315853119,-1.59144008193834E-07,0,0,0,0,0,38
3,6314,266.982133,0.509812712669373,-1.96604290181313E-07,0,0,0,0,0,38
3,6315,267.026133,0.507543504238129,-2.4051490754573E-07,0,0,0,0,0,38
3,6316,267.070133,0.505157947540283,-2.08932732448375E-07,0,0,0,0,0,38
3,6317,267.114133,0.503354251384735,-1.50945808741199E-07,0,0,0,0,0,38
3,6318,267.158133,0.50122082233429,-2.31942991035794E-07,0,0,0,0,0,38
3,6319,267.202133,0.498718917369843,-1.93346025412211E-07,0,0,0,0,0,38
3,6320,267.246133,0.496818244457245,-2.6855462920139E-07,0,0,0,0,0,38
3,6321,267.290133,0.494355112314224,-2.31312355936097E-07,0,0,0,0,0,38
3,6322,267.334133,0.492512613534927,-1.69405396377442E-07,0,0,0,0,0,38
3,6323,267.378133,0.490107655525208,-2.47502441652614E-07,0,0,0,0,0,38
3,6324,267.422133,0.487974256277084,-2.28143633762556E-07,0,0,0,0,0,38
3,6325,267.466133,0.485782653093338,-2.63525151922295E-07,0,0,0,0,0,38
3,6326,267.510133,0.483881950378418,-2.22787164716465E-07,0,0,0,0,0,38
3,6327,267.554133,0.481341242790222,-1.74096200566964E-07,0,0,0,0,0,38
3,6328,267.598133,0.479110866785049,-2.24897050316031E-07,0,0,0,0,0,38
3,6329,267.642133,0.476899862289429,-2.5986983587245E-07,0,0,0,0,0,38
3,6330,267.686133,0.474669486284256,-2.52555281576861E-07,0,0,0,0,0,38
3,6331,267.730133,0.472555458545685,-2.4482810090376E-07,0,0,0,0,0,38
3,6332,267.774133,0.470305651426315,-2.13460040754399E-07,0,0,0,0,0,38
3,6333,267.818133,0.468094676733017,-2.32620337214939E-07,0,0,0,0,0,38
3,6334,267.862133,0.465961247682571,-2.61769514509069E-07,0,0,0,0,0,38
3,6335,267.906133,0.463847219944,-2.631047379964E-07,0,0,0,0,0,38
3,6336,267.950133,0.461442291736603,-2.51932448236403E-07,0,0,0,0,0,38
3,6337,267.994133,0.459056735038757,-2.30218489605249E-07,0,0,0,0,0,38
3,6338,268.038133,0.457078456878662,-2.5094757916122E-07,0,0,0,0,0,38
3,6339,268.082133,0.454945057630539,-2.76449213743035E-07,0,0,0,0,0,38
3,6340,268.126133,0.452753454446793,-3.15887007218407E-07,0,0,0,0,0,38
3,6341,268.170133,0.450678199529648,-2.53470091138297E-07,0,0,0,0,0,38
3,6342,268.214133,0.4483702480793,-2.6275048981006E-07,0,0,0,0,0,38
3,6343,268.258133,0.445887714624405,-2.30179566074185E-07,0,0,0,0,0,38
3,6344,268.302133,0.443715512752533,-3.16809604328228E-07,0,0,0,0,0,38
3,6345,268.346133,0.441717863082886,-3.03196543427475E-07,0,0,0,0,0,38
3,6346,268.390133,0.439157754182816,-2.6051603185806E-07,0,0,0,0,0,38
3,6347,268.434133,0.437373429536819,-2.6828215027308E-07,0,0,0,0,0,38
3,6348,268.478133,0.435123652219772,-2.40195703327117E-07,0,0,0,0,0,38
3,6349,268.522133,0.432912647724152,-3.15653437610308E-07,0,0,0,0,0,38
3,6350,268.566133,0.430662870407104,-3.11624404503164E-07,0,0,0,0,0,38
3,6351,268.610133,0.428471267223358,-2.76877415217314E-07,0,0,0,0,0,38
3,6352,268.654133,0.426299065351486,-2.9973585924381E-07,0,0,0,0,0,38
3,6353,268.698133,0.424068659543991,-3.23392299605985E-07,0,0,0,0,0,38
3,6354,268.742133,0.42195463180542,-3.55352085534832E-07,0,0,0,0,0,38
3,6355,268.786133,0.420092731714249,-3.25498291431359E-07,0,0,0,0,0,38
3,6356,268.830133,0.417377471923828,-3.33762699256113E-07,0,0,0,0,0,38
3,6357,268.874133,0.415302246809006,-3.12652105094458E-07,0,0,0,0,0,38
3,6358,268.918133,0.413052469491959,-3.5964191624771E-07,0,0,0,0,0,38
3,6359,268.962133,0.410977214574814,-3.70724677623002E-07,0,0,0,0,0,38
3,6360,269.006133,0.408708035945892,-3.75649051420623E-07,0,0,0,0,0,38
3,6361,269.050133,0.406555235385895,-2.87886223304668E-07,0,0,0,0,0,38
3,6362,269.094133,0.404130905866623,-3.5817043908537E-07,0,0,0,0,0,38
3,6363,269.138133,0.402404755353928,-3.16151727020042E-07,0,0,0,0,0,38
3,6364,269.182133,0.400038599967957,-3.92512589542093E-07,0,0,0,0,0,38
3,6365,269.226133,0.397905200719833,-3.80865401439223E-07,0,0,0,0,0,38
3,6366,269.270133,0.395597219467163,-3.5514963769856E-07,0,0,0,0,0,38
3,6367,269.314133,0.393425017595291,-3.72854032093528E-07,0,0,0,0,0,38
3,6368,269.358133,0.390961885452271,-3.848788594496E-07,0,0,0,0,0,38
3,6369,269.402133,0.388809055089951,-4.01789122861373E-07,0,0,0,0,0,38
3,6370,269.446133,0.386598080396652,-3.80359324481105E-07,0,0,0,0,0,38
3,6371,269.490133,0.384522825479507,-3.8476207464555E-07,0,0,0,0,0,38
3,6372,269.534133,0.382059693336487,-4.08971288834437E-07,0,0,0,0,0,38
3,6373,269.578133,0.380120247602463,-3.90149693885178E-07,0,0,0,0,0,38
3,6374,269.622133,0.377870440483093,-4.5837464313081E-07,0,0,0,0,0,38
3,6375,269.666133,0.375465512275696,-4.34870003118704E-07,0,0,0,0,0,38
3,6376,269.710133,0.373370885848999,-4.14810472193494E-07,0,0,0,0,0,38
3,6377,269.754133,0.371450781822205,-3.93158813949412E-07,0,0,0,0,0,38
3,6378,269.798133,0.369220405817032,-3.67672726042656E-07,0,0,0,0,0,38
3,6379,269.842133,0.36695122718811,-4.81482231862174E-07,0,0,0,0,0,38
3,6380,269.886133,0.36474022269249,-5.02982061334478E-07,0,0,0,0,0,38
3,6381,269.930133,0.362820148468018,-4.51188554961846E-07,0,0,0,0,0,38
3,6382,269.974133,0.360357016324997,-4.4680527366836E-07,0,0,0,0,0,38
3,6383,270.018133,0.358281791210175,-5.10366703565523E-07,0,0,0,0,0,38
3,6384,270.062133,0.355915635824203,-4.6721905277991E-07,0,0,0,0,0,38
3,6385,270.106133,0.353646457195282,-5.10121424213139E-07,0,0,0,0,0,38
3,6386,270.150133,0.351319074630737,-4.92125082018902E-07,0,0,0,0,0,38
3,6387,270.194133,0.349437803030014,-5.09358471845189E-07,0,0,0,0,0,38
3,6388,270.238133,0.347362548112869,-4.97477685712511E-07,0,0,0,0,0,38
3,6389,270.282133,0.345170944929123,-5.39776692676242E-07,0,0,0,0,0,38
3,6390,270.326133,0.342824190855026,-5.48266825717292E-07,0,0,0,0,0,38
3,6391,270.370133,0.340593814849854,-5.34509752014856E-07,0,0,0,0,0,38
3,6392,270.414133,0.338382810354233,-5.12503845584433E-07,0,0,0,0,0,38
3,6393,270.458133,0.336268782615662,-5.73912529944209E-07,0,0,0,0,0,38
3,6394,270.502133,0.334038376808167,-5.98670624185615E-07,0,0,0,0,0,38
3,6395,270.546133,0.331827402114868,-6.45372381313791E-07,0,0,0,0,0,38
3,6396,270.590133,0.329364269971848,-5.90223294238967E-07,0,0,0,0,0,38
3,6397,270.634133,0.327230840921402,-5.56535098894528E-07,0,0,0,0,0,38
3,6398,270.678133,0.325116813182831,-6.10127074196498E-07,0,0,0,0,0,38
3,6399,270.722133,0.322964012622833,-6.30030910997448E-07,0,0,0,0,0,38
3,6400,270.766133,0.321005135774612,-6.52492246899783E-07,0,0,0,0,0,38
3,6401,270.810133,0.318697184324265,-6.4846710756683E-07,0,0,0,0,0,38
3,6402,270.854133,0.316331028938293,-6.32214778306661E-07,0,0,0,0,0,38
3,6403,270.898133,0.31406182050705,-6.77040191021661E-07,0,0,0,0,0,38
3,6404,270.942133,0.312258124351501,-7.15298483555671E-07,0,0,0,0,0,38
3,6405,270.986133,0.309911370277405,-6.99540464665915E-07,0,0,0,0,0,38
3,6406,271.030133,0.307351261377335,-7.3731604288696E-07,0,0,0,0,0,38
3,6407,271.074133,0.305392384529114,-6.48249113055499E-07,0,0,0,0,0,38
3,6408,271.118133,0.303142607212067,-7.76212800701614E-07,0,0,0,0,0,38
3,6409,271.162133,0.300757050514221,-8.06576508693979E-07,0,0,0,0,0,38
3,6410,271.206133,0.298856377601624,-7.86174439326714E-07,0,0,0,0,0,38
3,6411,271.250133,0.296393245458603,-7.70735653077281E-07,0,0,0,0,0,38
3,6412,271.294133,0.294201642274857,-7.71120994613739E-07,0,0,0,0,0,38
3,6413,271.338133,0.29210701584816,-8.16717204088491E-07,0,0,0,0,0,38
3,6414,271.382133,0.289973586797714,-8.89364343947818E-07,0,0,0,0,0,38
3,6415,271.426133,0.287685006856918,-8.36294020700734E-07,0,0,0,0,0,38
3,6416,271.470133,0.285667955875397,-8.68977849677322E-07,0,0,0,0,0,38
3,6417,271.514133,0.28341817855835,-8.69709708695154E-07,0,0,0,0,0,38
3,6418,271.558133,0.280993849039078,-8.70036672040442E-07,0,0,0,0,0,38
3,6419,271.602133,0.278976798057556,-9.7576867119642E-07,0,0,0,0,0,38
3,6420,271.646133,0.276571840047836,-9.46965940329392E-07,0,0,0,0,0,38
3,6421,271.690133,0.274593591690063,-9.47460307543224E-07,0,0,0,0,0,38
3,6422,271.734133,0.272188633680344,-9.31262434278324E-07,0,0,0,0,0,38
3,6423,271.778133,0.270249158143997,-1.02604008134222E-06,0,0,0,0,0,38
3,6424,271.822133,0.267921805381775,-1.07129756088398E-06,0,0,0,0,0,38
3,6425,271.866133,0.265710800886154,-1.08512870156119E-06,0,0,0,0,0,38
3,6426,271.910133,0.263616174459457,-1.03856700661709E-06,0,0,0,0,0,38
3,6427,271.954133,0.261405169963837,-1.07090829715162E-06,0,0,0,0,0,38
3,6428,271.998133,0.259271770715714,-1.15399586775311E-06,0,0,0,0,0,38
3,6429,272.042133,0.256847411394119,-1.15280079171498E-06,0,0,0,0,0,38
3,6430,272.086133,0.254617035388947,-1.18191883302643E-06,0,0,0,0,0,38
3,6431,272.130133,0.252406030893326,-1.16379408154899E-06,0,0,0,0,0,38
3,6432,272.174133,0.250505357980728,-1.21394089092064E-06,0,0,0,0,0,38
3,6433,272.218133,0.247984036803246,-1.27260125282191E-06,0,0,0,0,0,38
3,6434,272.262133,0.245966985821724,-1.31970011807425E-06,0,0,0,0,0,38
3,6435,272.306133,0.243814170360565,-1.30088631067338E-06,0,0,0,0,0,38
3,6436,272.350133,0.241797119379044,-1.31179388063174E-06,0,0,0,0,0,38
3,6437,272.394133,0.23931460082531,-1.31472518205555E-06,0,0,0,0,0,38
3,6438,272.438133,0.237142384052277,-1.40919917157589E-06,0,0,0,0,0,38
3,6439,272.482133,0.23504775762558,-1.40693350658694E-06,0,0,0,0,0,38
3,6440,272.526133,0.232584625482559,-1.48053049997543E-06,0,0,0,0,0,38
3,6441,272.570133,0.230858504772186,-1.38428526952339E-06,0,0,0,0,0,38
3,6442,272.614133,0.22831779718399,-1.53787129875127E-06,0,0,0,0,0,38
3,6443,272.658133,0.226184368133545,-1.59518867803854E-06,0,0,0,0,0,38
3,6444,272.702133,0.223798826336861,-1.68302540259901E-06,0,0,0,0,0,38
3,6445,272.746133,0.221723586320877,-1.64442064942705E-06,0,0,0,0,0,38
3,6447,272.834133,0.217320993542671,-1.81880352556618E-06,0,0,0,0,0,38
3,6448,272.878133,0.215245753526688,-1.47669084071822E-06,0,0,0,0,0,38
3,6449,272.922133,0.212957173585892,-1.6204372741413E-06,0,0,0,0,0,38
3,6450,272.966133,0.210843160748482,-1.44393447953917E-06,0,0,0,0,0,38
3,6451,273.010133,0.208360627293587,-1.82491135092278E-06,0,0,0,0,0,38
3,6452,273.054133,0.206382364034653,-1.85521673756739E-06,0,0,0,0,0,38
3,6453,273.098133,0.204074397683144,-1.86225815923535E-06,0,0,0,0,0,38
3,6454,273.142133,0.202193111181259,-2.28334397434082E-06,0,0,0,0,0,38
3,6455,273.186133,0.199633002281189,-2.12905479202163E-06,0,0,0,0,0,38
3,6456,273.230133,0.197635352611542,-2.38744837588456E-06,0,0,0,0,0,38
3,6457,273.274133,0.195385560393333,-1.83821612154134E-06,0,0,0,0,0,38
3,6458,273.318133,0.193271547555923,-2.35823222283216E-06,0,0,0,0,0,38
3,6459,273.362133,0.191390261054039,-2.08314918381802E-06,0,0,0,0,0,38
3,6460,273.406133,0.188907727599144,-2.37920085055521E-06,0,0,0,0,0,38
3,6461,273.450133,0.186890676617622,-2.0345983102743E-06,0,0,0,0,0,38
3,6462,273.494133,0.184272393584251,-2.80332096735947E-06,0,0,0,0,0,38
3,6463,273.538133,0.182042002677917,-2.37394897339982E-06,0,0,0,0,0,38
3,6464,273.582133,0.180024951696396,-2.77748949883971E-06,0,0,0,0,0,38
3,6465,273.626133,0.17783334851265,-2.49143590735912E-06,0,0,0,0,0,38
3,6466,273.670133,0.175699934363365,-2.68933536062832E-06,0,0,0,0,0,38
3,6467,273.714133,0.173333778977394,-2.56079988503188E-06,0,0,0,0,0,38
3,6468,273.758133,0.171316727995873,-2.58402496911003E-06,0,0,0,0,0,38
3,6469,273.802133,0.16879540681839,-2.67676955445495E-06,0,0,0,0,0,38
3,6470,273.846133,0.166739568114281,-2.81794859802176E-06,0,0,0,0,0,38
3,6471,273.890133,0.164897069334984,-3.06712217934546E-06,0,0,0,0,0,38
3,6472,273.934133,0.162472739815712,-2.9442276172631E-06,0,0,0,0,0,38
3,6473,273.978133,0.160300523042679,-3.20927347274846E-06,0,0,0,0,0,38
3,6474,274.022133,0.157973155379295,-3.05704611491819E-06,0,0,0,0,0,38
3,6475,274.066133,0.156072482466698,-3.39021130457695E-06,0,0,0,0,0,38
3,6476,274.110133,0.153570562601089,-2.97223778034095E-06,0,0,0,0,0,38
3,6477,274.154133,0.151747450232506,-3.61215279554017E-06,0,0,0,0,0,38
3,6478,274.198133,0.149167954921722,-3.42106136486109E-06,0,0,0,0,0,38
3,6479,274.242133,0.14699575304985,-3.68622386304196E-06,0,0,0,0,0,38
3,6480,274.286133,0.144610196352005,-3.47540867551288E-06,0,0,0,0,0,38
3,6481,274.330133,0.14282588660717,-3.67377492693777E-06,0,0,0,0,0,38
3,6482,274.374133,0.140323966741562,-3.67501979781082E-06,0,0,0,0,0,38
3,6483,274.418133,0.138539656996727,-3.46105366588745E-06,0,0,0,0,0,38
3,6484,274.462133,0.13584378361702,-4.1617349779699E-06,0,0,0,0,0,38
3,6485,274.506133,0.133904322981834,-3.79223456548061E-06,0,0,0,0,0,38
3,6486,274.550133,0.131693318486214,-4.28887005909928E-06,0,0,0,0,0,38
3,6487,274.594133,0.129404738545418,-4.19235175286303E-06,0,0,0,0,0,38
3,6488,274.638133,0.127348899841309,-4.21472077505314E-06,0,0,0,0,0,38
3,6489,274.682133,0.124924562871456,-4.36671462011873E-06,0,0,0,0,0,38
3,6490,274.726133,0.122558407485485,-4.38200368080288E-06,0,0,0,0,0,38
3,6491,274.770133,0.120696514844894,-4.56659836345352E-06,0,0,0,0,0,38
3,6492,274.814133,0.11856310069561,-4.26093765781843E-06,0,0,0,0,0,38
3,6493,274.858133,0.116216339170933,-4.85237933389726E-06,0,0,0,0,0,38
3,6494,274.902133,0.114005342125893,-4.53745997219812E-06,0,0,0,0,0,38
3,6495,274.946133,0.11158099770546,-4.98356030220748E-06,0,0,0,0,0,38
3,6496,274.990133,0.109544552862644,-4.71796965939575E-06,0,0,0,0,0,38
3,6497,275.034133,0.107255980372429,-5.2964956012147E-06,0,0,0,0,0,38
3,6498,275.078133,0.104986794292927,-5.16356431035092E-06,0,0,0,0,0,38
3,6499,275.122133,0.102930955588818,-5.57017801838811E-06,0,0,0,0,0,38
3,6500,275.166133,0.10068117082119,-5.72909675611299E-06,0,0,0,0,0,38
3,6501,275.210133,0.0987223014235497,-5.47630543223931E-06,0,0,0,0,0,38
3,6502,275.254133,0.0966082811355591,-5.92104379393277E-06,0,0,0,0,0,38
3,6503,275.298133,0.0944942533969879,-5.49770174984587E-06,0,0,0,0,0,38
3,6504,275.342133,0.0916820243000984,-5.82320308240014E-06,0,0,0,0,0,38
3,6505,275.386133,0.0898395255208015,-5.87941804042202E-06,0,0,0,0,0,38
3,6506,275.430133,0.0874539762735367,-6.13147039985051E-06,0,0,0,0,0,38
3,6507,275.474133,0.0849908441305161,-6.37869834463345E-06,0,0,0,0,0,38
3,6508,275.518133,0.0830513760447502,-6.31198008704814E-06,0,0,0,0,0,38
3,6509,275.562133,0.0809567421674728,-6.75562932883622E-06,0,0,0,0,0,38
3,6510,275.606133,0.0790754556655884,-6.57247437629849E-06,0,0,0,0,0,38
3,6511,275.650133,0.0764571726322174,-6.92808634994435E-06,0,0,0,0,0,38
3,6512,275.694133,0.074420727789402,-6.84868518874282E-06,0,0,0,0,0,38
3,6513,275.738133,0.0720545724034309,-7.07233857610845E-06,0,0,0,0,0,38
3,6514,275.782133,0.0700569152832031,-7.17819330020575E-06,0,0,0,0,0,38
3,6515,275.826133,0.0680592581629753,-7.25039762983215E-06,0,0,0,0,0,38
3,6516,275.870133,0.0655185505747795,-7.27093811292434E-06,0,0,0,0,0,38
3,6517,275.914133,0.0632881596684456,-7.60748798711575E-06,0,0,0,0,0,38
3,6518,275.958133,0.0612129233777523,-7.54551547288429E-06,0,0,0,0,0,38
3,6519,276.002133,0.0589437410235405,-7.85740030551096E-06,0,0,0,0,0,38
3,6520,276.046133,0.0570818483829498,-8.02355498308316E-06,0,0,0,0,0,38
3,6521,276.090133,0.0545993261039257,-8.03841612651013E-06,0,0,0,0,0,38
3,6522,276.134133,0.052291352301836,-8.13567385193892E-06,0,0,0,0,0,38
3,6523,276.178133,0.0502355135977268,-8.54742211231496E-06,0,0,0,0,0,38
3,6524,276.222133,0.0476754121482372,-8.48132640385302E-06,0,0,0,0,0,38
3,6525,276.266133,0.0458717010915279,-8.82612312125275E-06,0,0,0,0,0,38
3,6526,276.310133,0.0434085726737976,-8.57897248351946E-06,0,0,0,0,0,38
3,6527,276.354133,0.041391521692276,-9.29400903260103E-06,0,0,0,0,0,38
3,6528,276.398133,0.0390253700315952,-9.01184648682829E-06,0,0,0,0,0,38
3,6529,276.442133,0.0369889214634895,-9.47385797189781E-06,0,0,0,0,0,38
3,6530,276.486133,0.0346227660775185,-9.4930373961688E-06,0,0,0,0,0,38
3,6531,276.530133,0.0324505604803562,-9.79593551164726E-06,0,0,0,0,0,38
3,6532,276.574133,0.0305498782545328,-9.78982734523015E-06,0,0,0,0,0,38
3,6533,276.618133,0.0285134315490723,-1.0080550055136E-05,0,0,0,0,0,38
3,6534,276.662133,0.0259727239608765,-1.05469962363713E-05,0,0,0,0,0,38
3,6535,276.706133,0.0238005165010691,-1.03554766610614E-05,0,0,0,0,0,38
3,6536,276.750133,0.0215507298707962,-1.06481438706396E-05,0,0,0,0,0,38
3,6537,276.794133,0.0196500476449728,-1.0605700481392E-05,0,0,0,0,0,38
3,6538,276.838133,0.0174002610146999,-1.12918714876287E-05,0,0,0,0,0,38
3,6539,276.882133,0.0150147099047899,-1.07678488348029E-05,0,0,0,0,0,38
3,6540,276.926133,0.0127843180671334,-1.15281291073188E-05,0,0,0,0,0,38
3,6541,276.970133,0.0106702940538526,-1.13991654870915E-05,0,0,0,0,0,38
3,6542,277.014133,0.00828474387526512,-1.1646044185909E-05,0,0,0,0,0,38
3,6543,277.058133,0.00587979890406132,-1.19066553452285E-05,0,0,0,0,0,38
3,6544,277.102133,0.00384335382841527,-1.19835658551892E-05,0,0,0,0,0,38
3,6545,277.146133,0.00188448745757341,-1.20310278362012E-05,0,0,0,0,0,38
3,6546,277.190133,-0.000287720642518252,-1.25517053675139E-05,0,0,0,0,0,38
3,6547,277.234133,-0.00244053406640887,-1.30188909679418E-05,0,0,0,0,0,38
3,6548,277.278133,-0.00492305774241686,-1.2921166671731E-05,0,0,0,0,0,38
3,6549,277.322133,-0.00705647654831409,-1.33833336803946E-05,0,0,0,0,0,38
3,6550,277.366133,-0.00918989535421133,-1.35515119836782E-05,0,0,0,0,0,38
3,6551,277.410133,-0.0114784715697169,-1.37096521939384E-05,0,0,0,0,0,38
3,6552,277.454133,-0.0134567329660058,-1.3764038158115E-05,0,0,0,0,0,38
3,6553,277.498133,-0.0159004665911198,-1.40375259434222E-05,0,0,0,0,0,38
3,6554,277.542133,-0.0180920697748661,-1.39864469019813E-05,0,0,0,0,0,38
3,6555,277.586133,-0.0200315415859222,-1.4608077435696E-05,0,0,0,0,0,38
3,6556,277.630133,-0.022300723940134,-1.46891507029068E-05,0,0,0,0,0,38
3,6557,277.674133,-0.0246474836021662,-1.48195149449748E-05,0,0,0,0,0,38
3,6558,277.718133,-0.0269360598176718,-1.49554034578614E-05,0,0,0,0,0,38
3,6559,277.762133,-0.0289337150752544,-1.5499188521062E-05,0,0,0,0,0,38
3,6560,277.806133,-0.031493816524744,-1.56055102706887E-05,0,0,0,0,0,38
3,6561,277.850133,-0.0334138944745064,-1.60383060574532E-05,0,0,0,0,0,38
3,6562,277.894133,-0.0355861037969589,-1.61013686010847E-05,0,0,0,0,0,38
3,6563,277.938133,-0.0379134677350521,-1.63546646945179E-05,0,0,0,0,0,38
3,6564,277.982133,-0.0399693101644516,-1.68830447364599E-05,0,0,0,0,0,38
3,6565,278.026133,-0.0419669635593891,-1.69943086802959E-05,0,0,0,0,0,38
3,6567,278.114133,-0.0467768535017967,-1.73237622220768E-05,0,0,0,0,0,38
3,6568,278.158133,-0.0484835878014565,-1.55266916408436E-05,0,0,0,0,0,38
3,6569,278.202133,-0.0510436929762363,-1.76431549334666E-05,0,0,0,0,0,38
3,6570,278.246133,-0.0530995316803455,-1.48451645145542E-05,0,0,0,0,0,38
3,6571,278.290133,-0.055698424577713,-2.05639298656024E-05,0,0,0,0,0,38
3,6572,278.334133,-0.0572112128138542,-1.48467188409995E-05,0,0,0,0,0,38
3,6573,278.378133,-0.0597325228154659,-2.06532968149986E-05,0,0,0,0,0,38
3,6574,278.422133,-0.0620792843401432,-1.76691883098101E-05,0,0,0,0,0,38
3,6575,278.466133,-0.064503625035286,-2.10154303204035E-05,0,0,0,0,0,38
3,6576,278.510133,-0.0661715716123581,-1.79462294909172E-05,0,0,0,0,0,38
3,6577,278.554133,-0.0684989392757416,-1.95299817278283E-05,0,0,0,0,0,38
3,6578,278.598133,-0.0709620639681816,-2.01559450943023E-05,0,0,0,0,0,38
3,6579,278.642133,-0.0732118487358093,-2.05549931706628E-05,0,0,0,0,0,38
3,6580,278.686133,-0.0752676948904991,-2.11016904358985E-05,0,0,0,0,0,38
3,6581,278.730133,-0.0770713984966278,-1.83250704139937E-05,0,0,0,0,0,38
3,6582,278.774133,-0.0796896889805794,-2.17909891944146E-05,0,0,0,0,0,38
3,6583,278.818133,-0.081648550927639,-1.91231647477252E-05,0,0,0,0,0,38
3,6584,278.862133,-0.0840341001749039,-2.14614938158775E-05,0,0,0,0,0,38
3,6585,278.906133,-0.0860899463295937,-2.10278649319662E-05,0,0,0,0,0,38
3,6586,278.950133,-0.0883397310972214,-1.94328440557001E-05,0,0,0,0,0,38
3,6587,278.994133,-0.0901434421539307,-2.13958264794201E-05,0,0,0,0,0,38
3,6588,279.038133,-0.0929362773895264,-2.24791201617336E-05,0,0,0,0,0,38
3,6589,279.082133,-0.0948563516139984,-2.10814851016039E-05,0,0,0,0,0,38
3,6590,279.126133,-0.0971643254160881,-2.5212222681148E-05,0,0,0,0,0,38
3,6591,279.170133,-0.0993171408772469,-2.18100267375121E-05,0,0,0,0,0,38
3,6592,279.214133,-0.101663902401924,-2.58335221587913E-05,0,0,0,0,0,38
3,6593,279.258133,-0.103836111724377,-2.31194608204532E-05,0,0,0,0,0,38
3,6594,279.302133,-0.106047108769417,-2.38476150116185E-05,0,0,0,0,0,38
3,6595,279.346133,-0.108064159750938,-2.32632264669519E-05,0,0,0,0,0,38
3,6596,279.390133,-0.11023636162281,-2.51438359555323E-05,0,0,0,0,0,38
3,6597,279.434133,-0.112408570945263,-2.21690534090158E-05,0,0,0,0,0,38
3,6598,279.478133,-0.114832915365696,-2.39661239902489E-05,0,0,0,0,0,38
3,6599,279.522133,-0.116811171174049,-2.55180148087675E-05,0,0,0,0,0,38
3,6600,279.566133,-0.11917732656002,-2.31225694733439E-05,0,0,0,0,0,38
3,6601,279.610133,-0.121174983680248,-2.55782415479189E-05,0,0,0,0,0,38
3,6602,279.654133,-0.123366586863995,-2.4151077013812E-05,0,0,0,0,0,38
3,6603,279.698133,-0.125771537423134,-2.82192559097894E-05,0,0,0,0,0,38
3,6604,279.742133,-0.127846762537956,-2.49992936005583E-05,0,0,0,0,0,38
3,6605,279.786133,-0.130387470126152,-2.98605154966936E-05,0,0,0,0,0,38
3,6606,279.830133,-0.132268756628037,-2.50921584665775E-05,0,0,0,0,0,38
3,6607,279.874133,-0.134634912014008,-2.73729801847367E-05,0,0,0,0,0,38
3,6608,279.918133,-0.136845916509628,-2.8792375815101E-05,0,0,0,0,0,38
3,6609,279.962133,-0.138998731970787,-2.81182310573058E-05,0,0,0,0,0,38
3,6610,280.006133,-0.141093358397484,-2.64194641204085E-05,0,0,0,0,0,38
3,6611,280.050133,-0.143556490540504,-2.77809649560368E-05,0,0,0,0,0,38
3,6612,280.094133,-0.145903244614601,-2.77976723737083E-05,0,0,0,0,0,38
3,6613,280.138133,-0.147745743393898,-2.94595247396501E-05,0,0,0,0,0,38
3,6614,280.182133,-0.150170087814331,-2.8929147447343E-05,0,0,0,0,0,38
3,6615,280.226133,-0.151896208524704,-2.75078091362957E-05,0,0,0,0,0,38
3,6616,280.270133,-0.154727846384048,-3.1994073651731E-05,0,0,0,0,0,38
3,6617,280.314133,-0.156628519296646,-3.07716800307389E-05,0,0,0,0,0,38
3,6618,280.358133,-0.158645570278168,-3.03407705359859E-05,0,0,0,0,0,38
3,6619,280.402133,-0.161147490143776,-3.04612221952993E-05,0,0,0,0,0,38
3,6620,280.446133,-0.16302877664566,-3.18534184771124E-05,0,0,0,0,0,38
3,6621,280.490133,-0.165472507476807,-3.32017079927027E-05,0,0,0,0,0,38
3,6622,280.534133,-0.167702913284302,-3.17928024742287E-05,0,0,0,0,0,38
3,6623,280.578133,-0.169778138399124,-3.1536357710138E-05,0,0,0,0,0,38
3,6624,280.622133,-0.17181459069252,-3.11190487991553E-05,0,0,0,0,0,38
3,6625,280.666133,-0.174277722835541,-3.33590724039823E-05,0,0,0,0,0,38
3,6626,280.710133,-0.176217183470726,-3.30699876940344E-05,0,0,0,0,0,38
3,6627,280.754133,-0.178699716925621,-3.40269980370067E-05,0,0,0,0,0,38
3,6628,280.798133,-0.180677965283394,-3.04223667626502E-05,0,0,0,0,0,38
3,6629,280.842133,-0.182811394333839,-3.53407049260568E-05,0,0,0,0,0,38
3,6630,280.886133,-0.185041785240173,-3.21603765769396E-05,0,0,0,0,0,38
3,6631,280.930133,-0.187582492828369,-3.72049980796874E-05,0,0,0,0,0,38
3,6632,280.974133,-0.189599543809891,-3.19688188028522E-05,0,0,0,0,0,38
3,6633,281.018133,-0.191946297883987,-3.66283784387633E-05,0,0,0,0,0,38
3,6634,281.062133,-0.193711221218109,-3.29938302456867E-05,0,0,0,0,0,38
3,6635,281.106133,-0.196368291974068,-3.64675179298501E-05,0,0,0,0,0,38
3,6636,281.150133,-0.198075026273727,-3.28384085150901E-05,0,0,0,0,0,38
3,6637,281.194133,-0.200732111930847,-3.82603138859849E-05,0,0,0,0,0,38
3,6638,281.238133,-0.202768549323082,-3.6485002055997E-05,0,0,0,0,0,38
3,6639,281.282133,-0.204863175749779,-3.62662467523478E-05,0,0,0,0,0,38
3,6640,281.326133,-0.207015991210938,-3.66175008821301E-05,0,0,0,0,0,38
3,6641,281.370133,-0.209343358874321,-3.95969473174773E-05,0,0,0,0,0,38
3,6642,281.414133,-0.211670726537704,-3.64993793482427E-05,0,0,0,0,0,38
3,6643,281.458133,-0.213687777519226,-3.5388111427892E-05,0,0,0,0,0,38
3,6644,281.502133,-0.216073334217072,-4.09522290283348E-05,0,0,0,0,0,38
3,6645,281.546133,-0.217935219407082,-3.66244930773973E-05,0,0,0,0,0,38
3,6646,281.590133,-0.220747455954552,-4.20965261582751E-05,0,0,0,0,0,38
3,6647,281.634133,-0.222415402531624,-3.95110764657147E-05,0,0,0,0,0,38
3,6648,281.678133,-0.224897921085358,-4.12743429478724E-05,0,0,0,0,0,38
3,6649,281.722133,-0.227147713303566,-4.01265497202985E-05,0,0,0,0,0,38
3,6650,281.766133,-0.229106575250626,-4.16951479564887E-05,0,0,0,0,0,38
3,6651,281.810133,-0.231492131948471,-4.03076155635063E-05,0,0,0,0,0,38
3,6652,281.854133,-0.233877673745155,-4.01984325435478E-05,0,0,0,0,0,38
3,6653,281.898133,-0.235894724726677,-4.38753340858966E-05,0,0,0,0,0,38
3,6654,281.942133,-0.237950563430786,-3.83457954740152E-05,0,0,0,0,0,38
3,6655,281.986133,-0.240374907851219,-4.37389498983976E-05,0,0,0,0,0,38
3,6656,282.030133,-0.242178618907928,-3.99808377551381E-05,0,0,0,0,0,38
3,6657,282.074133,-0.2446029484272,-4.25029538746458E-05,0,0,0,0,0,38
3,6658,282.118133,-0.246852740645409,-4.2870917241089E-05,0,0,0,0,0,38
3,6659,282.162133,-0.249063745141029,-4.42347482021432E-05,0,0,0,0,0,38
3,6660,282.206133,-0.250809252262115,-4.09440690418705E-05,0,0,0,0,0,38
3,6661,282.250133,-0.253660291433334,-4.70622690045275E-05,0,0,0,0,0,38
3,6662,282.294133,-0.255580365657806,-4.35058173025027E-05,0,0,0,0,0,38
3,6663,282.338133,-0.257791370153427,-4.62346433778293E-05,0,0,0,0,0,38
3,6664,282.382133,-0.259982973337173,-4.41803495050408E-05,0,0,0,0,0,38
3,6665,282.426133,-0.262407302856445,-4.75502965855412E-05,0,0,0,0,0,38
3,6666,282.470133,-0.264036446809769,-4.28841267421376E-05,0,0,0,0,0,38
3,6667,282.514133,-0.266635358333588,-4.76147943118121E-05,0,0,0,0,0,38
3,6668,282.558133,-0.26880756020546,-4.73062827950343E-05,0,0,0,0,0,38
3,6669,282.602133,-0.270747035741806,-4.48677055828739E-05,0,0,0,0,0,38
3,6670,282.646133,-0.272996813058853,-4.59797520306893E-05,0,0,0,0,0,38
3,6671,282.690133,-0.275324195623398,-4.79932496091351E-05,0,0,0,0,0,38
3,6672,282.734133,-0.277961879968643,-4.94919077027589E-05,0,0,0,0,0,38
3,6673,282.778133,-0.279668599367142,-4.59626571682747E-05,0,0,0,0,0,38
3,6674,282.822133,-0.282209306955338,-5.09342280565761E-05,0,0,0,0,0,38
3,6675,282.866133,-0.284381508827209,-5.01854810863733E-05,0,0,0,0,0,38
3,6676,282.910133,-0.286456763744354,-5.11459911649581E-05,0,0,0,0,0,38
3,6677,282.954133,-0.288590162992477,-5.07892946188804E-05,0,0,0,0,0,38
3,6678,282.998133,-0.290626615285873,-5.15535866725259E-05,0,0,0,0,0,38
3,6679,283.042133,-0.29246911406517,-4.85407254018355E-05,0,0,0,0,0,38
3,6680,283.086133,-0.29547530412674,-5.16437321493868E-05,0,0,0,0,0,38
3,6681,283.130133,-0.297240227460861,-4.90998572786339E-05,0,0,0,0,0,38
3,6682,283.174133,-0.299761533737183,-5.31346195202786E-05,0,0,0,0,0,38
3,6683,283.218133,-0.30175918340683,-5.09280107507948E-05,0,0,0,0,0,38
3,6684,283.262133,-0.303931385278702,-5.30118340975605E-05,0,0,0,0,0,38
3,6685,283.306133,-0.305890262126923,-4.99092166137416E-05,0,0,0,0,0,38
3,6686,283.350133,-0.308333992958069,-5.50672957615461E-05,0,0,0,0,0,38
3,6687,283.394133,-0.310428619384766,-5.19009554409422E-05,0,0,0,0,0,38
3,6688,283.438133,-0.312872350215912,-5.54943180759437E-05,0,0,0,0,0,38
3,6689,283.482133,-0.314928203821182,-5.13251143274829E-05,0,0,0,0,0,38
3,6690,283.526133,-0.317391335964203,-5.65978152735624E-05,0,0,0,0,0,38
3,6691,283.570133,-0.319117456674576,-5.2302722906461E-05,0,0,0,0,0,38
3,6692,283.614133,-0.321755141019821,-5.94362172705587E-05,0,0,0,0,0,38
3,6693,283.658133,-0.323636412620544,-5.49899741599802E-05,0,0,0,0,0,38
3,6694,283.702133,-0.326235324144363,-5.7847413700074E-05,0,0,0,0,0,38
3,6695,283.746133,-0.327922642230988,-5.68021969229449E-05,0,0,0,0,0,38
3,6696,283.790133,-0.330618530511856,-5.97004363953602E-05,0,0,0,0,0,38
3,6697,283.834133,-0.332422226667404,-5.60608314117417E-05,0,0,0,0,0,38
3,6698,283.878133,-0.3349629342556,-6.05241730227135E-05,0,0,0,0,0,38
3,6699,283.922133,-0.337076961994171,-5.76562415517401E-05,0,0,0,0,0,38
3,6700,283.966133,-0.339055210351944,-6.02222644374706E-05,0,0,0,0,0,38
3,6701,284.010133,-0.341227442026138,-5.66417220397852E-05,0,0,0,0,0,38
3,6702,284.054133,-0.343574196100235,-6.02883192186709E-05,0,0,0,0,0,38
3,6703,284.098133,-0.345416694879532,-5.9024736401625E-05,0,0,0,0,0,38
3,6704,284.142133,-0.347821623086929,-5.93643344473094E-05,0,0,0,0,0,38
3,6705,284.186133,-0.350052028894424,-6.06007197347935E-05,0,0,0,0,0,38
3,6706,284.230133,-0.35243758559227,-6.21662111370824E-05,0,0,0,0,0,38
3,6707,284.274133,-0.354377061128616,-5.99537743255496E-05,0,0,0,0,0,38
3,6708,284.318133,-0.356820791959763,-6.38125202385709E-05,0,0,0,0,0,38
3,6709,284.362133,-0.358876615762711,-6.09480885032099E-05,0,0,0,0,0,38
3,6710,284.406133,-0.361165195703506,-6.27618646831252E-05,0,0,0,0,0,38
3,6711,284.450133,-0.363085269927979,-6.3765503000468E-05,0,0,0,0,0,38
3,6712,284.494133,-0.36545142531395,-6.24471358605661E-05,0,0,0,0,0,38
3,6713,284.538133,-0.367895156145096,-6.66295527480543E-05,0,0,0,0,0,38
3,6714,284.582133,-0.369892805814743,-6.58190256217495E-05,0,0,0,0,0,38
3,6715,284.626133,-0.372433513402939,-6.73122412990779E-05,0,0,0,0,0,38
3,6716,284.670133,-0.374101459980011,-6.56018237350509E-05,0,0,0,0,0,38
3,6717,284.714133,-0.376583993434906,-6.67278582113795E-05,0,0,0,0,0,38
3,6718,284.758133,-0.378659218549728,-6.78818687447347E-05,0,0,0,0,0,38
3,6719,284.802133,-0.381102979183197,-6.62662496324629E-05,0,0,0,0,0,38
3,6720,284.846133,-0.38333335518837,-7.03332625562325E-05,0,0,0,0,0,38
3,6721,284.890133,-0.385602533817291,-6.79556906106882E-05,0,0,0,0,0,38
3,6722,284.934133,-0.387658387422562,-6.88237269059755E-05,0,0,0,0,0,38
3,6723,284.978133,-0.389656037092209,-6.88171203364618E-05,0,0,0,0,0,38
3,6724,285.022133,-0.392099767923355,-7.08683073753491E-05,0,0,0,0,0,38
3,6725,285.066133,-0.393961668014526,-6.79871664033271E-05,0,0,0,0,0,38
3,6726,285.110133,-0.396192044019699,-6.98809890309349E-05,0,0,0,0,0,38
3,6727,285.154133,-0.398674577474594,-7.2068942245096E-05,0,0,0,0,0,38
3,6728,285.198133,-0.40020677447319,-7.01370445312932E-05,0,0,0,0,0,38
3,6729,285.242133,-0.402941405773163,-6.98464064043947E-05,0,0,0,0,0,38
3,6730,285.286133,-0.405133008956909,-7.47251106076874E-05,0,0,0,0,0,38
3,6731,285.330133,-0.407906472682953,-7.57975212763995E-05,0,0,0,0,0,38
3,6732,285.374133,-0.409807145595551,-7.57260277168825E-05,0,0,0,0,0,38
3,6733,285.418133,-0.412173300981522,-7.62350391596556E-05,0,0,0,0,0,38
3,6734,285.462133,-0.414209753274918,-7.6055912359152E-05,0,0,0,0,0,38
3,6735,285.506133,-0.415974676609039,-7.39079769118689E-05,0,0,0,0,0,38
3,6736,285.550133,-0.41834083199501,-7.66709999879822E-05,0,0,0,0,0,38
3,6737,285.594133,-0.420474231243134,-7.65291770221666E-05,0,0,0,0,0,38
3,6738,285.638133,-0.422956764698029,-7.73859428591095E-05,0,0,0,0,0,38
3,6739,285.682133,-0.4245665371418,-7.5725642091129E-05,0,0,0,0,0,38
3,6740,285.726133,-0.427650272846222,-7.99853805801831E-05,0,0,0,0,0,38
3,6741,285.770133,-0.429260045289993,-7.84198855399154E-05,0,0,0,0,0,38
3,6742,285.814133,-0.43119952082634,-7.56420995458029E-05,0,0,0,0,0,38
3,6743,285.858133,-0.433895379304886,-7.8857789048925E-05,0,0,0,0,0,38
3,6744,285.902133,-0.435970604419708,-7.92533392086625E-05,0,0,0,0,0,38
3,6745,285.946133,-0.438162207603455,-7.88169927545823E-05,0,0,0,0,0,38
3,6746,285.990133,-0.4402956366539,-7.97876055003144E-05,0,0,0,0,0,38
3,6747,286.034133,-0.442429065704346,-7.9026423918549E-05,0,0,0,0,0,38
3,6748,286.078133,-0.444717645645142,-8.03669390734285E-05,0,0,0,0,0,38
3,6749,286.122133,-0.447064399719238,-8.35694154375233E-05,0,0,0,0,0,38
3,6750,286.166133,-0.449178427457809,-8.34532402222976E-05,0,0,0,0,0,38
3,6751,286.210133,-0.451525181531906,-8.43426460050978E-05,0,0,0,0,0,38
3,6752,286.254133,-0.453522831201553,-8.41456494526938E-05,0,0,0,0,0,38
3,6753,286.298133,-0.456082940101624,-8.40749271446839E-05,0,0,0,0,0,38
3,6754,286.342133,-0.457906037569046,-8.56808328535408E-05,0,0,0,0,0,38
3,6755,286.386133,-0.460310995578766,-8.70819640113041E-05,0,0,0,0,0,38
3,6756,286.430133,-0.462502598762512,-8.49173156893812E-05,0,0,0,0,0,38
3,6757,286.474133,-0.464383870363235,-8.55836915434338E-05,0,0,0,0,0,38
3,6758,286.518133,-0.466982752084732,-8.66599875735119E-05,0,0,0,0,0,38
3,6759,286.562133,-0.468747675418854,-8.60017753439024E-05,0,0,0,0,0,38
3,6760,286.606133,-0.47128838300705,-8.65142792463303E-05,0,0,0,0,0,38
3,6761,286.650133,-0.472820580005646,-8.57958439155482E-05,0,0,0,0,0,38
3,6762,286.694133,-0.475632816553116,-8.95966950338334E-05,0,0,0,0,0,38
3,6763,286.738133,-0.477145582437515,-8.62077140482143E-05,0,0,0,0,0,38
3,6764,286.782133,-0.479996621608734,-9.23702100408264E-05,0,0,0,0,0,38
3,6765,286.826133,-0.481897294521332,-8.64882458699867E-05,0,0,0,0,0,38
3,6766,286.870133,-0.484205275774002,-9.23212501220405E-05,0,0,0,0,0,38
3,6767,286.914133,-0.486202925443649,-8.99312435649335E-05,0,0,0,0,0,38
3,6768,286.958133,-0.488724231719971,-9.21094833756797E-05,0,0,0,0,0,38
3,6769,287.002133,-0.490954637527466,-9.23566040000878E-05,0,0,0,0,0,38
3,6770,287.046133,-0.493359565734863,-9.69730390352197E-05,0,0,0,0,0,38
3,6771,287.090133,-0.495686948299408,-9.48138331295922E-05,0,0,0,0,0,38
3,6772,287.134133,-0.49785915017128,-9.52478512772359E-05,0,0,0,0,0,38
3,6773,287.178133,-0.499818027019501,-9.51005858951248E-05,0,0,0,0,0,38
3,6774,287.222133,-0.501776874065399,-9.35972639126703E-05,0,0,0,0,0,38
3,6775,287.266133,-0.504259407520294,-9.98176547000185E-05,0,0,0,0,0,38
3,6776,287.310133,-0.506528615951538,-9.54502902459353E-05,0,0,0,0,0,38
3,6777,287.354133,-0.508565008640289,-9.99746334855445E-05,0,0,0,0,0,38
3,6778,287.398133,-0.510717868804932,-9.62654812610708E-05,0,0,0,0,0,38
3,6779,287.442133,-0.512715518474579,-9.81394841801375E-05,0,0,0,0,0,38
3,6780,287.486133,-0.515236794948578,-0.000101129029644653,0,0,0,0,0,38
3,6781,287.530133,-0.517506003379822,-9.99225667328574E-05,0,0,0,0,0,38
3,6782,287.574133,-0.519678235054016,-9.90145126706921E-05,0,0,0,0,0,38
3,6783,287.618133,-0.521869838237762,-0.000101855628599878,0,0,0,0,0,38
3,6784,287.662133,-0.52402263879776,-0.000102628080639988,0,0,0,0,0,38
3,6785,287.706133,-0.52600085735321,-0.000101659796200693,0,0,0,0,0,38
3,6786,287.750133,-0.528211891651154,-0.000100044962891843,0,0,0,0,0,38
3,6787,287.794133,-0.530500471591949,-0.000106469728052616,0,0,0,0,0,38
3,6788,287.838133,-0.532963573932648,-0.000104681988887023,0,0,0,0,0,38
3,6789,287.882133,-0.53501945734024,-0.00010708093032008,0,0,0,0,0,38
3,6790,287.926133,-0.536881327629089,-0.000101246376289055,0,0,0,0,0,38
3,6791,287.970133,-0.539402663707733,-0.000107601590570994,0,0,0,0,0,38
3,6792,288.014133,-0.541962742805481,-0.000108367828943301,0,0,0,0,0,38
3,6793,288.058133,-0.543941020965576,-0.000109668319055345,0,0,0,0,0,38
3,6794,288.102133,-0.545938670635223,-0.000107791594928131,0,0,0,0,0,38
3,6795,288.146133,-0.548304796218872,-0.000111453344288748,0,0,0,0,0,38
3,6796,288.190133,-0.550166726112366,-0.000110618340841029,0,0,0,0,0,38
3,6797,288.234133,-0.552241921424866,-0.000111330176878255,0,0,0,0,0,38
3,6798,288.278133,-0.554743826389313,-0.000111241199192591,0,0,0,0,0,38
3,6799,288.322133,-0.556935429573059,-0.000112881287350319,0,0,0,0,0,38
3,6800,288.366133,-0.559068858623505,-0.000108588523289654,0,0,0,0,0,38
3,6801,288.410133,-0.561512589454651,-0.000116035196697339,0,0,0,0,0,38
3,6802,288.454133,-0.563374519348145,-0.000113570196845103,0,0,0,0,0,38
3,6803,288.498133,-0.565740644931793,-0.000118837459012866,0,0,0,0,0,38
3,6804,288.542133,-0.567660748958588,-0.000112934911157936,0,0,0,0,0,38
3,6805,288.586133,-0.570279002189636,-0.000119501113658771,0,0,0,0,0,38
3,6806,288.630133,-0.572179675102234,-0.000116961513413116,0,0,0,0,0,38
3,6807,288.674133,-0.574526488780975,-0.00012151499686297,0,0,0,0,0,38
3,6808,288.718133,-0.576562881469727,-0.000118299314635806,0,0,0,0,0,38
3,6809,288.762133,-0.578909695148468,-0.000122512807138264,0,0,0,0,0,38
3,6810,288.806133,-0.580829739570618,-0.000120444143249188,0,0,0,0,0,38
3,6811,288.850133,-0.583254098892212,-0.000124468409921974,0,0,0,0,0,38
3,6812,288.894133,-0.585426270961761,-0.000123488862300292,0,0,0,0,0,38
3,6813,288.938133,-0.587482154369354,-0.000126510276459157,0,0,0,0,0,38
3,6814,288.982133,-0.58977073431015,-0.000123964069643989,0,0,0,0,0,38
3,6815,289.026133,-0.592136859893799,-0.000129218504298478,0,0,0,0,0,38
3,6816,289.070133,-0.594347894191742,-0.000129226667922921,0,0,0,0,0,38
3,6817,289.114133,-0.596520066261292,-0.00012930593220517,0,0,0,0,0,38
3,6818,289.158133,-0.598537147045136,-0.000130712505779229,0,0,0,0,0,38
3,6819,289.202133,-0.600864470005035,-0.000134157438878901,0,0,0,0,0,38
3,6820,289.246133,-0.602765142917633,-0.000131055989186279,0,0,0,0,0,38
3,6821,289.290133,-0.605693757534027,-0.000137280658236705,0,0,0,0,0,38
3,6822,289.334133,-0.607439279556274,-0.000133556735818274,0,0,0,0,0,38
3,6823,289.378133,-0.609999418258667,-0.000138418734422885,0,0,0,0,0,38
3,6824,289.422133,-0.611880660057068,-0.000135615686303936,0,0,0,0,0,38
3,6825,289.466133,-0.614208042621613,-0.000142281758598983,0,0,0,0,0,38
3,6826,289.510133,-0.61610871553421,-0.00013899223995395,0,0,0,0,0,38
3,6827,289.554133,-0.618397295475006,-0.000145205631270073,0,0,0,0,0,38
3,6828,289.598133,-0.620705306529999,-0.000143183977343142,0,0,0,0,0,38
3,6829,289.642133,-0.623052060604095,-0.000148711187648587,0,0,0,0,0,38
3,6830,289.686133,-0.624816954135895,-0.000143490557093173,0,0,0,0,0,38
3,6831,289.730133,-0.62755161523819,-0.000149690342368558,0,0,0,0,0,38
3,6832,289.774133,-0.629258334636688,-0.000150465901242569,0,0,0,0,0,38
3,6833,289.818133,-0.631643891334534,-0.000152740904013626,0,0,0,0,0,38
3,6834,289.862133,-0.633796691894531,-0.000155256406287663,0,0,0,0,0,38
3,6835,289.906133,-0.636007726192474,-0.000154693392687477,0,0,0,0,0,38
3,6836,289.950133,-0.638373851776123,-0.000157984075485729,0,0,0,0,0,38
3,6837,289.994133,-0.640429735183716,-0.000160439740284346,0,0,0,0,0,38
3,6838,290.038133,-0.642504930496216,-0.000162166092195548,0,0,0,0,0,38
3,6839,290.082133,-0.645065069198608,-0.000165910605574027,0,0,0,0,0,38
3,6840,290.126133,-0.646868765354156,-0.000165820078109391,0,0,0,0,0,38
3,6841,290.170133,-0.649739146232605,-0.000171375257195905,0,0,0,0,0,38
3,6842,290.214133,-0.651523470878601,-0.000168566781212576,0,0,0,0,0,38
3,6843,290.258133,-0.654025375843048,-0.000176499917870387,0,0,0,0,0,38
3,6844,290.302133,-0.656100630760193,-0.000177022346179001,0,0,0,0,0,38
3,6845,290.346133,-0.667892634868622,-0.000280525797279552,0,0,0,0,0,38
3,6846,290.390133,-0.655363619327545,-8.23571826913394E-05,0,0,0,0,0,38
3,6847,290.434133,-0.658680140972137,-0.000146730279084295,0,0,0,0,0,38
3,6848,290.478133,-0.68245804309845,-0.000456252513686195,0,0,0,0,0,38
3,6849,290.522133,-0.66321849822998,-0.00017744637443684,0,0,0,0,0,38
3,6850,290.566133,-0.658932268619537,-8.74843099154532E-05,0,0,0,0,0,38
3,6851,290.610133,-0.66321849822998,-0.000105320337752346,0,0,0,0,0,38
3,6852,290.654133,-0.686705529689789,-0.000375988427549601,0,0,0,0,0,38
3,6853,290.698133,-0.688761353492737,-0.000350998539943248,0,0,0,0,0,38
3,6854,290.742133,-0.703598320484161,-0.000582633540034294,0,0,0,0,0,38
3,6855,290.786133,-0.702725529670715,-0.000526382937096059,0,0,0,0,0,38
3,6856,290.830133,-0.694521546363831,-0.000361742946552113,0,0,0,0,0,38
3,6857,290.874133,-0.679897964000702,-0.000125008053146303,0,0,0,0,0,38
3,6858,290.918133,-0.669483006000519,3.0657509341836E-05,0,0,0,0,0,38
3,6859,290.962133,-0.675514757633209,9.07922003534622E-06,0,0,0,0,0,38
3,6860,291.006133,-0.697508335113525,-0.000274476711638272,0,0,0,0,0,38
3,6861,291.050133,-0.692931175231934,-0.00018975070270244,0,0,0,0,0,38
3,6862,291.094133,-0.682128369808197,-4.24410391133279E-05,0,0,0,0,0,38
3,6863,291.138133,-0.677376627922058,3.85893908969592E-05,0,0,0,0,0,38
3,6864,291.182133,-0.726212561130524,-0.000604464672505856,0,0,0,0,0,38
3,6865,291.226133,-0.723167538642883,-0.000550198019482195,0,0,0,0,0,38
3,6866,291.270133,-0.717019438743591,-0.000411870540119708,0,0,0,0,0,38
3,6867,291.314133,-0.709125816822052,-0.000257827166933566,0,0,0,0,0,38
3,6868,291.358133,-0.710017919540405,-0.000225407202378847,0,0,0,0,0,38
3,6869,291.402133,-0.694540977478027,-6.2490529671777E-05,0,0,0,0,0,38
3,6870,291.446133,-0.705925643444061,-0.000123350881040096,0,0,0,0,0,38
3,6871,291.490133,-0.711414396762848,-0.000180877425009385,0,0,0,0,0,38
3,6872,291.534133,-0.703443169593811,-7.71755876485258E-05,0,0,0,0,0,38
3,6873,291.578133,-0.708350002765656,-8.22638176032342E-05,0,0,0,0,0,38
3,6874,291.622133,-0.743473827838898,-0.000538955675438046,0,0,0,0,0,38
3,6875,291.666133,-0.731526672840118,-0.00041091357707046,0,0,0,0,0,38
3,6876,291.710133,-0.733175218105316,-0.000389564811484888,0,0,0,0,0,38
3,6877,291.754133,-0.745083570480347,-0.000504462281242013,0,0,0,0,0,38
3,6878,291.798133,-0.751619637012482,-0.00058893155073747,0,0,0,0,0,38
3,6879,291.842133,-0.70646870136261,6.49135836283676E-05,0,0,0,0,0,38
3,6880,291.886133,-0.731507301330566,-0.00020695265266113,0,0,0,0,0,38
3,6881,291.930133,-0.736181437969208,-0.000260379048995674,0,0,0,0,0,38
3,6882,291.974133,-0.746654570102692,-0.0003757628146559,0,0,0,0,0,38
3,6883,292.018133,-0.764497697353363,-0.000607405556365848,0,0,0,0,0,38
3,6884,292.062133,-0.736724495887756,-0.000249941949732602,0,0,0,0,0,38
3,6885,292.106133,-0.738373041152954,-0.000171805746504106,0,0,0,0,0,38
3,6886,292.150133,-0.739691853523254,-0.000172821062733419,0,0,0,0,0,38
3,6887,292.194133,-0.73519229888916,-0.000108156207716092,0,0,0,0,0,38
3,6888,292.238133,-0.741185247898102,-0.000130255779367872,0,0,0,0,0,38
3,6889,292.282133,-0.781118988990784,-0.000673035159707069,0,0,0,0,0,38
3,6890,292.326133,-0.736588716506958,-4.79377267765813E-05,0,0,0,0,0,38
3,6891,292.370133,-0.743900537490845,-0.00011083648132626,0,0,0,0,0,38
3,6892,292.414133,-0.747139453887939,-0.000119445234304294,0,0,0,0,0,38
3,6893,292.458133,-0.781526267528534,-0.000548112904652953,0,0,0,0,0,38
3,6894,292.502133,-0.739730656147003,1.29537429529591E-05,0,0,0,0,0,38
3,6895,292.546133,-0.785637974739075,-0.000593490723986179,0,0,0,0,0,38
3,6896,292.590133,-0.758175015449524,-0.000187097670277581,0,0,0,0,0,38
3,6897,292.634133,-0.769637286663055,-0.00032060532248579,0,0,0,0,0,38
3,6898,292.678133,-0.749893486499786,3.65669827750992E-09,0,0,0,0,0,38
3,6899,292.722133,-0.804024159908295,-0.000742134696338326,0,0,0,0,0,38
3,6900,292.766133,-0.759532630443573,-8.72042219270952E-05,0,0,0,0,0,38
3,6901,292.810133,-0.768686950206757,-0.000172043044585735,0,0,0,0,0,38
3,6902,292.854133,-0.776852130889893,-0.000240457928157412,0,0,0,0,0,38
3,6903,292.898133,-0.788275599479675,-0.000438206421677023,0,0,0,0,0,38
3,6904,292.942133,-0.795005619525909,-0.000416877097450197,0,0,0,0,0,38
3,6905,292.986133,-0.794598281383514,-0.000460193172330037,0,0,0,0,0,38
3,6906,293.030133,-0.783582091331482,-0.000260600791079924,0,0,0,0,0,38
3,6907,293.074133,-0.77768611907959,-0.000134818837977946,0,0,0,0,0,38
3,6908,293.118133,-0.818414986133575,-0.000702455872669816,0,0,0,0,0,38
3,6909,293.162133,-0.806293308734894,-0.000436658156104386,0,0,0,0,0,38
3,6910,293.206133,-0.803131997585297,-0.000441073410911486,0,0,0,0,0,38
3,6911,293.250133,-0.790544807910919,-0.000214417712413706,0,0,0,0,0,38
3,6912,293.294133,-0.793357014656067,-0.000199005211470649,0,0,0,0,0,38
3,6913,293.338133,-0.831487059593201,-0.000732179963961244,0,0,0,0,0,38
3,6914,293.382133,-0.799854278564453,-0.000213849765714258,0,0,0,0,0,38
3,6915,293.426133,-0.817212522029877,-0.000495421758387238,0,0,0,0,0,38
3,6916,293.470133,-0.810676515102386,-0.000328097608871758,0,0,0,0,0,38
3,6917,293.514133,-0.833329558372498,-0.000645396125037223,0,0,0,0,0,38
3,6918,293.558133,-0.816087663173676,-0.000325464032357559,0,0,0,0,0,38
3,6919,293.602133,-0.800280928611755,-0.000151522850501351,0,0,0,0,0,38
3,6920,293.646133,-0.836258172988892,-0.000577977101784199,0,0,0,0,0,38
3,6921,293.690133,-0.822390913963318,-0.00039235400618054,0,0,0,0,0,38
3,6922,293.734133,-0.825183749198914,-0.000356503005605191,0,0,0,0,0,38
3,6923,293.778133,-0.802065253257751,-4.59537841379642E-05,0,0,0,0,0,38
3,6924,293.822133,-0.838643729686737,-0.000558783416636288,0,0,0,0,0,38
3,6925,293.866133,-0.83771276473999,-0.000446873513283208,0,0,0,0,0,38
3,6926,293.910133,-0.847875595092773,-0.000606736459303647,0,0,0,0,0,38
3,6927,293.954133,-0.821886658668518,-0.000188494203030132,0,0,0,0,0,38
3,6928,293.998133,-0.821266055107117,-0.000198904061107896,0,0,0,0,0,38
3,6929,294.042133,-0.827317178249359,-0.000254827900789678,0,0,0,0,0,38
3,6930,294.086133,-0.862208306789398,-0.000670813955366611,0,0,0,0,0,38
3,6931,294.130133,-0.845276713371277,-0.000442022574134171,0,0,0,0,0,38
3,6932,294.174133,-0.853868544101715,-0.00048002481344156,0,0,0,0,0,38
3,6933,294.218133,-0.826754748821259,-0.000130944317788817,0,0,0,0,0,38
3,6934,294.262133,-0.827259004116058,-9.1596128186211E-05,0,0,0,0,0,38
3,6935,294.306133,-0.872778415679932,-0.000695535389240831,0,0,0,0,0,38
3,6936,294.350133,-0.84333723783493,-0.000259589374763891,0,0,0,0,0,38
3,6937,294.394133,-0.880245387554169,-0.000739582814276218,0,0,0,0,0,38
3,6938,294.438133,-0.885288000106812,-0.000761841889470816,0,0,0,0,0,38
3,6939,294.482133,-0.869907975196838,-0.000504944706335664,0,0,0,0,0,38
3,6940,294.526133,-0.850280523300171,-0.000255481427302584,0,0,0,0,0,38
3,6941,294.570133,-0.881719350814819,-0.000649235618766397,0,0,0,0,0,38
3,6942,294.614133,-0.850261151790619,-0.000184113974682987,0,0,0,0,0,38
3,6943,294.658133,-0.846750676631927,-0.000132554807350971,0,0,0,0,0,38
3,6944,294.702133,-0.850765407085419,-0.000158528899191879,0,0,0,0,0,38
3,6945,294.746133,-0.869966149330139,-0.000409151398343965,0,0,0,0,0,38
3,6946,294.790133,-0.875357925891876,-0.000416021270211786,0,0,0,0,0,38
3,6947,294.834133,-0.866882383823395,-0.000311615323880687,0,0,0,0,0,38
3,6948,294.878133,-0.869655847549438,-0.000336982571752742,0,0,0,0,0,38
3,6949,294.922133,-0.883464872837067,-0.000500276568345726,0,0,0,0,0,38
3,6950,294.966133,-0.905555486679077,-0.000738322443794459,0,0,0,0,0,38
3,6951,295.010133,-0.877471923828125,-0.000328758935211226,0,0,0,0,0,38
3,6952,295.054133,-0.901230454444885,-0.000661053694784641,0,0,0,0,0,38
3,6953,295.098133,-0.906835496425629,-0.000723582925274968,0,0,0,0,0,38
3,6954,295.142133,-0.905439078807831,-0.000676225055940449,0,0,0,0,0,38
3,6955,295.186133,-0.915233433246613,-0.000744289834983647,0,0,0,0,0,38
3,6956,295.230133,-0.898418247699738,-0.000464098819065839,0,0,0,0,0,38
3,6957,295.274133,-0.886218965053558,-0.000280086213024333,0,0,0,0,0,38
3,6958,295.318133,-0.882669687271118,-0.000198736786842346,0,0,0,0,0,38
3,6959,295.362133,-0.892328262329102,-0.000299797247862443,0,0,0,0,0,38
3,6960,295.406133,-0.896614491939545,-0.000352387287421152,0,0,0,0,0,38
3,6961,295.450133,-0.920469999313354,-0.000677349278703332,0,0,0,0,0,38
3,6962,295.494133,-0.936742186546326,-0.000872242439072579,0,0,0,0,0,38
3,6963,295.538133,-0.940640509128571,-0.000914259231649339,0,0,0,0,0,38
3,6964,295.582133,-0.935830652713776,-0.000823884794954211,0,0,0,0,0,38
3,6965,295.626133,-0.938235580921173,-0.000794417399447411,0,0,0,0,0,38
3,6966,295.670133,-0.911567807197571,-0.00040156181785278,0,0,0,0,0,38
3,6967,295.714133,-0.912847876548767,-0.000424443307565525,0,0,0,0,0,38
3,6968,295.758133,-0.907591938972473,-0.000270407675998285,0,0,0,0,0,38
3,6969,295.802133,-0.927219390869141,-0.000506893615238369,0,0,0,0,0,38
3,6970,295.846133,-0.920043349266052,-0.000407817075029016,0,0,0,0,0,38
3,6971,295.890133,-0.930826783180237,-0.000562930246815085,0,0,0,0,0,38
3,6972,295.934133,-0.938060998916626,-0.000654016563203186,0,0,0,0,0,38
3,6973,295.978133,-0.913643062114716,-0.000233323517022654,0,0,0,0,0,38
3,6974,296.022133,-0.937653720378876,-0.000520407746080309,0,0,0,0,0,38
3,6975,296.066133,-0.930613458156586,-0.000435915164416656,0,0,0,0,0,38
3,6976,296.110133,-0.946943819522858,-0.000654650619253516,0,0,0,0,0,38
3,6977,296.154133,-0.93982595205307,-0.000541682646144181,0,0,0,0,0,38
3,6978,296.198133,-0.934434235095978,-0.000369285815395415,0,0,0,0,0,38
3,6979,296.242133,-0.944209158420563,-0.000480565533507615,0,0,0,0,0,38
3,6980,296.286133,-0.935345768928528,-0.000355670519638807,0,0,0,0,0,38
3,6981,296.330133,-0.95962792634964,-0.000696519622579217,0,0,0,0,0,38
3,6982,296.374133,-0.975240707397461,-0.000892630370799452,0,0,0,0,0,38
3,6983,296.418133,-0.93328994512558,-0.000252081488724798,0,0,0,0,0,38
3,6984,296.462133,-0.949232399463654,-0.00042694850708358,0,0,0,0,0,38
3,6985,296.506133,-0.952451884746552,-0.000471571664093062,0,0,0,0,0,38
3,6986,296.550133,-0.959181845188141,-0.000551442848518491,0,0,0,0,0,38
3,6987,296.594133,-0.947700202465057,-0.000353884970536456,0,0,0,0,0,38
3,6988,296.638133,-0.970411419868469,-0.000593346834648401,0,0,0,0,0,38
3,6989,296.682133,-0.994111716747284,-0.000932472583372146,0,0,0,0,0,38
3,6990,296.726133,-0.982921004295349,-0.000733895518351346,0,0,0,0,0,38
3,6991,296.770133,-0.975628554821014,-0.000599998864345253,0,0,0,0,0,38
3,6992,296.814133,-1.00157868862152,-0.000940661178901792,0,0,0,0,0,38
3,6993,296.858133,-1.00101625919342,-0.000962990277912468,0,0,0,0,0,38
3,6994,296.902133,-0.968879222869873,-0.000442384363850579,0,0,0,0,0,38
3,6995,296.946133,-0.973727881908417,-0.000504081079270691,0,0,0,0,0,38
3,6996,296.990133,-0.988293349742889,-0.000696492381393909,0,0,0,0,0,38
3,6997,297.034133,-0.971691429615021,-0.00042887800373137,0,0,0,0,0,38
3,6998,297.078133,-0.990484952926636,-0.000605347740929574,0,0,0,0,0,38
3,6999,297.122133,-0.980865180492401,-0.000503096904139966,0,0,0,0,0,38
3,7000,297.166133,-1.0125367641449,-0.000911563402041793,0,0,0,0,0,38
3,7001,297.210133,-1.0143404006958,-0.000911014911253005,0,0,0,0,0,38
