Segment,Point,Elapsed Time (s),Potential (V),Current (A),Frequency (Hz),|Z| (ohms),Zre (ohms),Zim (ohms),Phase of Z (deg),ActionId
0,0,0.119969,0.199070557951927,-3.02211128655472E-06,0,0,0,0,0,38
0,1,0.239938,0.197615966200829,-2.97499991575023E-06,0,0,0,0,0,38
0,2,0.359907,0.196452274918556,-3.06568267660623E-06,0,0,0,0,0,38
0,3,0.479876,0.194900691509247,-2.82876362689422E-06,0,0,0,0,0,38
0,4,0.599845,0.193989142775536,-3.01355271403736E-06,0,0,0,0,0,38
0,5,0.719814,0.192592725157738,-2.92640993393434E-06,0,0,0,0,0,38
0,6,0.839783,0.191642388701439,-2.93905350190471E-06,0,0,0,0,0,38
0,7,0.959752,0.190459311008453,-2.93119501293404E-06,0,0,0,0,0,38
0,8,1.079721,0.189256832003593,-2.96360121865291E-06,0,0,0,0,0,38
0,9,1.19969,0.188093155622482,-3.14730118589068E-06,0,0,0,0,0,38
0,10,1.319659,0.186813101172447,-3.13633040605055E-06,0,0,0,0,0,38
0,11,1.439628,0.185571834445,-3.14099884235475E-06,0,0,0,0,0,38
0,12,1.559597,0.184699073433876,-3.21868810715387E-06,0,0,0,0,0,38
0,13,1.679566,0.183186292648315,-3.31785167873022E-06,0,0,0,0,0,38
0,14,1.799535,0.181983813643456,-3.40433302881138E-06,0,0,0,0,0,38
0,15,1.919504,0.181169241666794,-3.51610128745961E-06,0,0,0,0,0,38
0,16,2.039473,0.179753422737122,-3.30520833813353E-06,0,0,0,0,0,38
0,17,2.159442,0.178395792841911,-3.37177129949851E-06,0,0,0,0,0,38
0,18,2.279411,0.177193328738213,-3.30540274262603E-06,0,0,0,0,0,38
0,19,2.39938,0.175796911120415,-3.41771556122694E-06,0,0,0,0,0,38
0,20,2.519349,0.17476898431778,-3.54547296410601E-06,0,0,0,0,0,38
0,21,2.639318,0.173508331179619,-3.57406679540873E-06,0,0,0,0,0,38
0,22,2.759287,0.172538593411446,-3.58285865331709E-06,0,0,0,0,0,38
0,23,2.879256,0.171588256955147,-3.70112388736743E-06,0,0,0,0,0,38
0,24,2.999225,0.170172438025475,-3.68879159395874E-06,0,0,0,0,0,38
0,25,3.119194,0.169125124812126,-3.7926236018393E-06,0,0,0,0,0,38
0,26,3.239163,0.167825669050217,-3.75352601622581E-06,0,0,0,0,0,38
0,27,3.359132,0.16658441722393,-3.88840271625668E-06,0,0,0,0,0,38
0,28,3.479101,0.165440127253532,-4.0884028749133E-06,0,0,0,0,0,38
0,29,3.59907,0.164198860526085,-3.9024466786941E-06,0,0,0,0,0,38
0,30,3.719039,0.162996396422386,-3.9756232581567E-06,0,0,0,0,0,38
0,31,3.839008,0.161541789770126,-3.9559772631037E-06,0,0,0,0,0,38
0,32,3.958977,0.160649627447128,-4.05903119826689E-06,0,0,0,0,0,38
0,33,4.078946,0.15944716334343,-4.15764998251689E-06,0,0,0,0,0,38
0,34,4.198915,0.158128321170807,-4.19402431361959E-06,0,0,0,0,0,38
0,35,4.318884,0.157236158847809,-4.24619338446064E-06,0,0,0,0,0,38
0,36,4.438853,0.155800953507423,-4.36356367572444E-06,0,0,0,0,0,38
0,37,4.558822,0.15483121573925,-4.37383414464421E-06,0,0,0,0,0,38
0,38,4.678791,0.15331843495369,-4.39561972598312E-06,0,0,0,0,0,38
0,39,4.79876,0.152174144983292,-4.50540392193943E-06,0,0,0,0,0,38
0,40,4.918729,0.150932878255844,-4.55057033832418E-06,0,0,0,0,0,38
0,41,5.038698,0.149691611528397,-4.76185232400894E-06,0,0,0,0,0,38
0,42,5.158667,0.148411571979523,-4.70707664135261E-06,0,0,0,0,0,38
0,43,5.278636,0.147286668419838,-4.79114623885835E-06,0,0,0,0,0,38
0,44,5.398605,0.146006613969803,-4.712095233117E-06,0,0,0,0,0,38
0,45,5.518574,0.144881725311279,-4.87618808620027E-06,0,0,0,0,0,38
0,46,5.638543,0.143679261207581,-4.91147284265026E-06,0,0,0,0,0,38
0,47,5.758512,0.142767697572708,-4.93983316118829E-06,0,0,0,0,0,38
0,48,5.878481,0.141448855400085,-5.00235046274611E-06,0,0,0,0,0,38
0,49,5.99845,0.140207603573799,-5.13788836542517E-06,0,0,0,0,0,38
0,50,6.118419,0.139160290360451,-5.15628926223144E-06,0,0,0,0,0,38
0,51,6.238388,0.137783259153366,-5.09836308992817E-06,0,0,0,0,0,38
0,52,6.358357,0.13669715821743,-5.32084914084408E-06,0,0,0,0,0,38
0,53,6.478326,0.135261952877045,-5.40892551725847E-06,0,0,0,0,0,38
0,54,6.598295,0.133865535259247,-5.51015091332374E-06,0,0,0,0,0,38
0,55,6.718264,0.133012160658836,-5.43425130672404E-06,0,0,0,0,0,38
0,56,6.838233,0.131596341729164,-5.67350434721448E-06,0,0,0,0,0,38
0,57,6.958202,0.130607217550278,-5.48859861737583E-06,0,0,0,0,0,38
0,58,7.078171,0.129327163100243,-5.68027371627977E-06,0,0,0,0,0,38
0,59,7.19814,0.128085896372795,-5.62962168260128E-06,0,0,0,0,0,38
0,60,7.318109,0.127077370882034,-5.80013374928967E-06,0,0,0,0,0,38
0,61,7.438078,0.125874906778336,-5.81966287427349E-06,0,0,0,0,0,38
0,62,7.558047,0.124614246189594,-5.96811651121243E-06,0,0,0,0,0,38
0,63,7.678016,0.123043276369572,-6.07432184551726E-06,0,0,0,0,0,38
0,64,7.797985,0.121802017092705,-6.02308637098758E-06,0,0,0,0,0,38
0,65,7.917954,0.120715908706188,-6.15123281022534E-06,0,0,0,0,0,38
0,66,8.037923,0.119629807770252,-6.20842047283077E-06,0,0,0,0,0,38
0,67,8.157892,0.11856310069561,-6.54174073133618E-06,0,0,0,0,0,38
0,68,8.277861,0.1172054708004,-6.35489004707779E-06,0,0,0,0,0,38
0,69,8.39783,0.116099968552589,-6.39846120975562E-06,0,0,0,0,0,38
0,70,8.517799,0.114781126379967,-6.45934460408171E-06,0,0,0,0,0,38
0,71,8.637768,0.1135398671031,-6.56551083011436E-06,0,0,0,0,0,38
0,72,8.757737,0.112550735473633,-6.58515682516736E-06,0,0,0,0,0,38
0,73,8.877706,0.111348263919353,-6.72789155942155E-06,0,0,0,0,0,38
0,74,8.997675,0.110087603330612,-6.77457501296885E-06,0,0,0,0,0,38
0,75,9.117644,0.108923926949501,-6.8708600338141E-06,0,0,0,0,0,38
0,76,9.237613,0.107702054083347,-6.91108562023146E-06,0,0,0,0,0,38
0,77,9.357582,0.106344424188137,-7.02370971339406E-06,0,0,0,0,0,38
0,78,9.477551,0.105122558772564,-7.12353494236595E-06,0,0,0,0,0,38
0,79,9.59752,0.104191616177559,-7.13699546395219E-06,0,0,0,0,0,38
0,80,9.717489,0.102911561727524,-7.37340860723634E-06,0,0,0,0,0,38
0,81,9.837458,0.101980619132519,-7.26156258679111E-06,0,0,0,0,0,38
0,82,9.957427,0.100564800202847,-7.36029824111029E-06,0,0,0,0,0,38
0,83,10.077396,0.0989938303828239,-7.57449788579834E-06,0,0,0,0,0,38
0,84,10.197365,0.0981598570942879,-7.69081816542894E-06,0,0,0,0,0,38
0,85,10.317334,0.096705250442028,-7.81491871748585E-06,0,0,0,0,0,38
0,86,10.437303,0.0957355201244354,-7.67163874115795E-06,0,0,0,0,0,38
0,87,10.557272,0.0947657823562622,-7.78025605541188E-06,0,0,0,0,0,38
0,88,10.677241,0.09334996342659,-7.91629918239778E-06,0,0,0,0,0,38
0,89,10.79721,0.0920893102884293,-7.95279083831701E-06,0,0,0,0,0,38
0,90,10.917179,0.0908674448728561,-7.96909080236219E-06,0,0,0,0,0,38
0,91,11.037148,0.089645579457283,-8.11602785688592E-06,0,0,0,0,0,38
0,92,11.157117,0.0883849188685417,-8.16570627648616E-06,0,0,0,0,0,38
0,93,11.277086,0.0873182117938995,-8.48420495458413E-06,0,0,0,0,0,38
0,94,11.397055,0.0864454507827759,-8.43234738567844E-06,0,0,0,0,0,38
0,95,11.517024,0.0849714502692223,-8.54248173709493E-06,0,0,0,0,0,38
0,96,11.636993,0.0839435309171677,-8.50287869980093E-06,0,0,0,0,0,38
0,97,11.756962,0.0825471132993698,-8.66514255903894E-06,0,0,0,0,0,38
0,98,11.876931,0.0813640356063843,-8.8366659838357E-06,0,0,0,0,0,38
0,99,11.9969,0.0800257995724678,-8.80760580912465E-06,0,0,0,0,0,38
0,100,12.116869,0.0787651389837265,-8.95146877155639E-06,0,0,0,0,0,38
0,101,12.236838,0.0776208490133286,-9.08412766875699E-06,0,0,0,0,0,38
0,102,12.356807,0.0766899064183235,-9.13944768399233E-06,0,0,0,0,0,38
0,103,12.476776,0.0753322765231133,-9.25553467823192E-06,0,0,0,0,0,38
0,104,12.596745,0.0741298049688339,-9.18690966500435E-06,0,0,0,0,0,38
0,105,12.716714,0.0729273334145546,-9.40978497965261E-06,0,0,0,0,0,38
0,106,12.836683,0.0713369622826576,-9.60554461926222E-06,0,0,0,0,0,38
0,107,12.956652,0.0705417841672897,-9.52252503338968E-06,0,0,0,0,0,38
0,108,13.076621,0.0692035481333733,-9.715055966808E-06,0,0,0,0,0,38
0,109,13.19659,0.0682144165039063,-9.81495941232424E-06,0,0,0,0,0,38
0,110,13.316559,0.0669537559151649,-9.87556995823979E-06,0,0,0,0,0,38
0,111,13.436528,0.0659258365631104,-9.91770139080472E-06,0,0,0,0,0,38
0,112,13.556497,0.064723365008831,-1.01395653473446E-05,0,0,0,0,0,38
0,113,13.676466,0.0634433180093765,-1.02344110928243E-05,0,0,0,0,0,38
0,114,13.796435,0.0622214488685131,-1.02558460639557E-05,0,0,0,0,0,38
0,115,13.916404,0.0608832128345966,-1.03995153040159E-05,0,0,0,0,0,38
0,116,14.036373,0.0598358996212482,-1.05011295090662E-05,0,0,0,0,0,38
0,117,14.156342,0.0585170574486256,-1.05536873888923E-05,0,0,0,0,0,38
0,118,14.276311,0.0575667172670364,-1.0594846571621E-05,0,0,0,0,0,38
0,119,14.39628,0.05622848123312,-1.07925125121255E-05,0,0,0,0,0,38
0,120,14.516249,0.0547738783061504,-1.08941276266705E-05,0,0,0,0,0,38
0,121,14.636218,0.0535326153039932,-1.0952792763419E-05,0,0,0,0,0,38
0,122,14.756187,0.0524077229201794,-1.09213988253032E-05,0,0,0,0,0,38
0,123,14.876156,0.0514379851520061,-1.10572864286951E-05,0,0,0,0,0,38
0,124,14.996125,0.0498282238841057,-1.1168898709002E-05,0,0,0,0,0,38
0,125,15.116094,0.0489360690116882,-1.13314354166505E-05,0,0,0,0,0,38
0,126,15.236063,0.0477723851799965,-1.14699696496245E-05,0,0,0,0,0,38
0,127,15.356032,0.0465311221778393,-1.14787617349066E-05,0,0,0,0,0,38
0,128,15.476001,0.0451928861439228,-1.17434183266596E-05,0,0,0,0,0,38
0,129,15.59597,0.0442619398236275,-1.16311057354324E-05,0,0,0,0,0,38
0,130,15.715939,0.0429818890988827,-1.18583375297021E-05,0,0,0,0,0,38
0,131,15.835908,0.0416436530649662,-1.18841689982219E-05,0,0,0,0,0,38
0,132,15.955877,0.0405381545424461,-1.21299972306588E-05,0,0,0,0,0,38
0,133,16.075846,0.0395102351903915,-1.21590182970976E-05,0,0,0,0,0,38
0,134,16.195815,0.0381913967430592,-1.22504015962477E-05,0,0,0,0,0,38
0,135,16.315784,0.0369307398796082,-1.22711762742256E-05,0,0,0,0,0,38
0,136,16.435753,0.0356118977069855,-1.24414927995531E-05,0,0,0,0,0,38
0,137,16.555722,0.0346421636641026,-1.24909001897322E-05,0,0,0,0,0,38
0,138,16.675691,0.0333233214914799,-1.25005863083061E-05,0,0,0,0,0,38
0,139,16.79566,0.0322760082781315,-1.27231896840385E-05,0,0,0,0,0,38
0,140,16.915629,0.0309571661055088,-1.27965604406199E-05,0,0,0,0,0,38
0,141,17.035598,0.0299098510295153,-1.29142026707996E-05,0,0,0,0,0,38
0,142,17.155567,0.0286491960287094,-1.30174512378289E-05,0,0,0,0,0,38
0,143,17.275536,0.0274273287504911,-1.31734914248227E-05,0,0,0,0,0,38
0,144,17.395505,0.0263024345040321,-1.3235502592579E-05,0,0,0,0,0,38
0,145,17.515474,0.0250999629497528,-1.35551681523793E-05,0,0,0,0,0,38
0,146,17.635443,0.0239168852567673,-1.34164401970338E-05,0,0,0,0,0,38
0,147,17.755412,0.0226368326693773,-1.3558475075115E-05,0,0,0,0,0,38
0,148,17.875381,0.0214149653911591,-1.36275275508524E-05,0,0,0,0,0,38
0,149,17.99535,0.0201155208051205,-1.37873021230916E-05,0,0,0,0,0,38
0,150,18.115319,0.0189324431121349,-1.37261076815776E-05,0,0,0,0,0,38
0,151,18.235288,0.0181372594088316,-1.40803977046744E-05,0,0,0,0,0,38
0,152,18.355257,0.0166244711726904,-1.41127256938489E-05,0,0,0,0,0,38
0,153,18.475226,0.0153250256553292,-1.41573473229073E-05,0,0,0,0,0,38
0,154,18.595195,0.0140449739992619,-1.43919323818409E-05,0,0,0,0,0,38
0,155,18.715164,0.0130946328863502,-1.44283849294879E-05,0,0,0,0,0,38
0,156,18.835133,0.0115818455815315,-1.44261284731328E-05,0,0,0,0,0,38
0,157,18.955102,0.0105151357129216,-1.46758848131867E-05,0,0,0,0,0,38
0,158,19.075071,0.00933205801993608,-1.496664572187E-05,0,0,0,0,0,38
0,159,19.19504,0.00832353346049786,-1.47866030602017E-05,0,0,0,0,0,38
0,160,19.315009,0.00714045530185103,-1.4997301150288E-05,0,0,0,0,0,38
0,161,19.434978,0.00605435157194734,-1.4994306184235E-05,0,0,0,0,0,38
0,162,19.554947,0.00473551079630852,-1.51883541548159E-05,0,0,0,0,0,38
0,163,19.674916,0.00374638033099473,-1.52893844642676E-05,0,0,0,0,0,38
0,164,19.794885,0.00221419776789844,-1.53052969835699E-05,0,0,0,0,0,38
0,165,19.914854,0.000972935871686786,-1.54904737428296E-05,0,0,0,0,0,38
0,166,20.034823,-0.000113168207462877,-1.55367688421393E-05,0,0,0,0,0,38
0,167,20.154792,-0.00137382477987558,-1.57614340423606E-05,0,0,0,0,0,38
0,168,20.274761,-0.00255690235644579,-1.58147304318845E-05,0,0,0,0,0,38
0,169,20.39473,-0.00381755898706615,-1.57867980306037E-05,0,0,0,0,0,38
0,170,20.514699,-0.00500063644722104,-1.60482650244376E-05,0,0,0,0,0,38
0,171,20.634668,-0.00606734585016966,-1.62418855325086E-05,0,0,0,0,0,38
0,172,20.754637,-0.00744437053799629,-1.62656160682673E-05,0,0,0,0,0,38
0,173,20.874606,-0.00864684302359819,-1.63063868967583E-05,0,0,0,0,0,38
0,174,20.994575,-0.00961657892912626,-1.64490429597208E-05,0,0,0,0,0,38
0,175,21.114544,-0.0109742088243365,-1.66180780070135E-05,0,0,0,0,0,38
0,176,21.234513,-0.0120409186929464,-1.66799709404586E-05,0,0,0,0,0,38
0,177,21.354482,-0.0132627850398421,-1.68446094903629E-05,0,0,0,0,0,38
0,178,21.474451,-0.0146398106589913,-1.68928090715781E-05,0,0,0,0,0,38
0,179,21.59442,-0.0155125726014376,-1.70148105098633E-05,0,0,0,0,0,38
0,180,21.714389,-0.0169477816671133,-1.71600349858636E-05,0,0,0,0,0,38
0,181,21.834358,-0.0178399384021759,-1.72432082763407E-05,0,0,0,0,0,38
0,182,21.954327,-0.0194109100848436,-1.73615899257129E-05,0,0,0,0,0,38
0,183,22.074296,-0.0207103565335274,-1.74404867721023E-05,0,0,0,0,0,38
0,184,22.194265,-0.0217964611947536,-1.77620586327976E-05,0,0,0,0,0,38
0,185,22.314234,-0.0226886179298162,-1.76360517798457E-05,0,0,0,0,0,38
0,186,22.434203,-0.0241626165807247,-1.78395912371343E-05,0,0,0,0,0,38
0,187,22.554172,-0.0251905359327793,-1.78383852471597E-05,0,0,0,0,0,38
0,188,22.674141,-0.0263736136257648,-1.79072048922535E-05,0,0,0,0,0,38
0,189,22.79411,-0.0277700331062078,-1.81696486833971E-05,0,0,0,0,0,38
0,190,22.914079,-0.0290694795548916,-1.8539552911534E-05,0,0,0,0,0,38
0,191,23.034048,-0.03011679276824,-1.83375050255563E-05,0,0,0,0,0,38
0,192,23.154017,-0.0312804765999317,-1.84412492671981E-05,0,0,0,0,0,38
0,193,23.273986,-0.0328320525586605,-1.85861808859045E-05,0,0,0,0,0,38
0,194,23.393955,-0.0339957363903522,-1.83647025551181E-05,0,0,0,0,0,38
0,195,23.513924,-0.0347909182310104,-1.87501500477083E-05,0,0,0,0,0,38
0,196,23.633893,-0.035973995923996,-1.88290268852143E-05,0,0,0,0,0,38
0,197,23.753862,-0.0371182858943939,-1.9313556549605E-05,0,0,0,0,0,38
0,198,23.873831,-0.0385534949600697,-1.87816240213579E-05,0,0,0,0,0,38
0,199,23.9938,-0.0396395996212959,-1.90058199223131E-05,0,0,0,0,0,38
0,200,24.113769,-0.0409002564847469,-1.9026801965083E-05,0,0,0,0,0,38
0,201,24.233738,-0.0420833341777325,-1.91791168617783E-05,0,0,0,0,0,38
0,202,24.353707,-0.0432470142841339,-1.97366935026366E-05,0,0,0,0,0,38
0,203,24.473676,-0.0446628294885159,-1.97091067093425E-05,0,0,0,0,0,38
0,204,24.593645,-0.0458071194589138,-1.95940938283456E-05,0,0,0,0,0,38
0,205,24.713614,-0.046873826533556,-1.97308654605877E-05,0,0,0,0,0,38
0,206,24.833583,-0.0480181165039539,-1.99694386537885E-05,0,0,0,0,0,38
0,207,24.953552,-0.0493757463991642,-1.9941462596762E-05,0,0,0,0,0,38
0,208,25.073521,-0.0504230596125126,-1.96764667634852E-05,0,0,0,0,0,38
0,209,25.19349,-0.0517031103372574,-2.01963557628915E-05,0,0,0,0,0,38
0,210,25.313459,-0.0530025586485863,-2.07473276532255E-05,0,0,0,0,0,38
0,211,25.433428,-0.0542244240641594,-2.09711361094378E-05,0,0,0,0,0,38
0,212,25.553397,-0.0551553703844547,-2.07539324037498E-05,0,0,0,0,0,38
0,213,25.673366,-0.0563772395253181,-2.08856527024182E-05,0,0,0,0,0,38
0,214,25.793335,-0.0576378963887692,-2.08910932997242E-05,0,0,0,0,0,38
0,215,25.913304,-0.0588209740817547,-2.10177622648189E-05,0,0,0,0,0,38
0,216,26.033273,-0.060178603976965,-2.11001370189479E-05,0,0,0,0,0,38
0,217,26.153242,-0.061439260840416,-2.13212242670124E-05,0,0,0,0,0,38
0,218,26.273211,-0.0626029446721077,-2.13682396861259E-05,0,0,0,0,0,38
0,219,26.39318,-0.0635338872671127,-2.17571832763497E-05,0,0,0,0,0,38
0,220,26.513149,-0.0646975710988045,-2.1401654521469E-05,0,0,0,0,0,38
0,221,26.633118,-0.0660939887166023,-2.16856897168327E-05,0,0,0,0,0,38
0,222,26.753087,-0.0671219080686569,-2.17972046812065E-05,0,0,0,0,0,38
0,223,26.873056,-0.0685183331370354,-2.20629772229586E-05,0,0,0,0,0,38
0,224,26.993025,-0.0696044340729713,-2.19495195779018E-05,0,0,0,0,0,38
0,225,27.112994,-0.0706905424594879,-2.21274767682189E-05,0,0,0,0,0,38
0,226,27.232963,-0.0719899833202362,-2.24577506742207E-05,0,0,0,0,0,38
0,227,27.352932,-0.0732894316315651,-2.22079088416649E-05,0,0,0,0,0,38
0,228,27.472901,-0.0743755325675011,-2.2895652364241E-05,0,0,0,0,0,38
0,229,27.59287,-0.0755586102604866,-2.26621305046137E-05,0,0,0,0,0,38
0,230,27.712839,-0.0768580585718155,-2.29003144340822E-05,0,0,0,0,0,38
0,231,27.832808,-0.0780605301260948,-2.31221802096115E-05,0,0,0,0,0,38
0,232,27.952777,-0.0793211907148361,-2.30502973863622E-05,0,0,0,0,0,38
0,233,28.072746,-0.0806012377142906,-2.32981965382351E-05,0,0,0,0,0,38
0,234,28.192715,-0.0819782614707947,-2.31777448789217E-05,0,0,0,0,0,38
0,235,28.312684,-0.0830061808228493,-2.32694437727332E-05,0,0,0,0,0,38
0,236,28.432653,-0.0840728953480721,-2.38577158597764E-05,0,0,0,0,0,38
0,237,28.552622,-0.0852559730410576,-2.34038834605599E-05,0,0,0,0,0,38
0,238,28.672591,-0.0864196568727493,-2.3729880922474E-05,0,0,0,0,0,38
0,239,28.79256,-0.087835468351841,-2.37057920458028E-05,0,0,0,0,0,38
0,240,28.912529,-0.0889021754264832,-2.40516055782791E-05,0,0,0,0,0,38
0,241,29.032498,-0.0899882838129997,-2.45983046625042E-05,0,0,0,0,0,38
0,242,29.152467,-0.0912489369511604,-2.41969264607178E-05,0,0,0,0,0,38
0,243,29.272436,-0.092276856303215,-2.42505466303555E-05,0,0,0,0,0,38
0,244,29.392405,-0.0937314629554749,-2.43368067458505E-05,0,0,0,0,0,38
0,245,29.512374,-0.0948369577527046,-2.43282574956538E-05,0,0,0,0,0,38
0,246,29.632343,-0.0958648771047592,-2.48372653004481E-05,0,0,0,0,0,38
0,247,29.752312,-0.0973582714796066,-2.50874963967362E-05,0,0,0,0,0,38
0,248,29.872281,-0.0983861908316612,-2.47731531999307E-05,0,0,0,0,0,38
0,249,29.99225,-0.0996274575591087,-2.51220772042871E-05,0,0,0,0,0,38
0,250,30.112219,-0.101004481315613,-2.54500191658735E-05,0,0,0,0,0,38
0,251,30.232188,-0.102071188390255,-2.54636179306544E-05,0,0,0,0,0,38
0,252,30.352157,-0.103273659944534,-2.53754151344765E-05,0,0,0,0,0,38
0,253,30.472126,-0.104243397712708,-2.57969986705575E-05,0,0,0,0,0,38
0,254,30.592095,-0.105736792087555,-2.58956915786257E-05,0,0,0,0,0,38
0,255,30.712064,-0.10691986978054,-2.56058283412131E-05,0,0,0,0,0,38
0,256,30.832033,-0.108005970716476,-2.60448978224304E-05,0,0,0,0,0,38
0,257,30.952002,-0.109111472964287,-2.60421766142827E-05,0,0,0,0,0,38
0,258,31.071971,-0.110566072165966,-2.6471920136828E-05,0,0,0,0,0,38
0,259,31.19194,-0.111613392829895,-2.65484650299186E-05,0,0,0,0,0,38
0,260,31.311909,-0.11289343982935,-2.67411887762137E-05,0,0,0,0,0,38
0,261,31.431878,-0.113979540765285,-2.65010621660622E-05,0,0,0,0,0,38
0,262,31.551847,-0.115143224596977,-2.68476542260032E-05,0,0,0,0,0,38
0,263,31.671816,-0.116268120706081,-2.69129304797389E-05,0,0,0,0,0,38
0,264,31.791785,-0.11781969666481,-2.7170932298759E-05,0,0,0,0,0,38
0,265,31.911754,-0.118808828294277,-2.70050186372828E-05,0,0,0,0,0,38
0,266,32.031723,-0.120360404253006,-2.74646808975376E-05,0,0,0,0,0,38
0,267,32.151692,-0.121213771402836,-2.76900427707005E-05,0,0,0,0,0,38
0,268,32.271661,-0.122493825852871,-2.77541548712179E-05,0,0,0,0,0,38
0,269,32.39163,-0.123909637331963,-2.79966134257847E-05,0,0,0,0,0,38
0,270,32.511599,-0.124879375100136,-2.78408024314558E-05,0,0,0,0,0,38
0,271,32.631568,-0.126178815960884,-2.79810701613314E-05,0,0,0,0,0,38
0,272,32.751537,-0.127575233578682,-2.82355740637286E-05,0,0,0,0,0,38
0,273,32.871506,-0.12856437265873,-2.84162524621934E-05,0,0,0,0,0,38
0,274,32.991475,-0.129592284560204,-2.83397075691028E-05,0,0,0,0,0,38
0,275,33.111444,-0.130678400397301,-2.90348343696678E-05,0,0,0,0,0,38
0,276,33.231413,-0.131958439946175,-2.83789522654843E-05,0,0,0,0,0,38
0,277,33.351382,-0.133219107985497,-2.89244835585123E-05,0,0,0,0,0,38
0,278,33.471351,-0.13459612429142,-2.9060091037536E-05,0,0,0,0,0,38
0,279,33.59132,-0.135992541909218,-2.91828746412648E-05,0,0,0,0,0,38
0,280,33.711289,-0.136865302920341,-2.93701577902539E-05,0,0,0,0,0,38
0,281,33.831258,-0.138203546404839,-2.98993709293427E-05,0,0,0,0,0,38
0,282,33.951227,-0.139289647340775,-2.95523896056693E-05,0,0,0,0,0,38
0,283,34.071196,-0.14056970179081,-2.9977081794641E-05,0,0,0,0,0,38
0,284,34.191165,-0.141733378171921,-2.97082005999982E-05,0,0,0,0,0,38
0,285,34.311134,-0.142935857176781,-2.99887378787389E-05,0,0,0,0,0,38
0,286,34.431103,-0.144293487071991,-3.02024436678039E-05,0,0,0,0,0,38
0,287,34.551072,-0.145340800285339,-3.03881733998423E-05,0,0,0,0,0,38
0,288,34.671041,-0.14669843018055,-3.06842521240469E-05,0,0,0,0,0,38
0,289,34.79101,-0.14770695567131,-3.02603384625399E-05,0,0,0,0,0,38
0,290,34.910979,-0.148967608809471,-3.03477645502426E-05,0,0,0,0,0,38
0,291,35.030948,-0.150092512369156,-3.10945688397624E-05,0,0,0,0,0,38
0,292,35.150917,-0.151353165507317,-3.07592454191763E-05,0,0,0,0,0,38
0,293,35.270886,-0.152400478720665,-3.10125833493657E-05,0,0,0,0,0,38
0,294,35.390855,-0.1536805331707,-3.10347313643433E-05,0,0,0,0,0,38
0,295,35.510824,-0.154863610863686,-3.17492849717382E-05,0,0,0,0,0,38
0,296,35.630793,-0.156240627169609,-3.18351558235008E-05,0,0,0,0,0,38
0,297,35.750762,-0.157365530729294,-3.19070386467502E-05,0,0,0,0,0,38
0,298,35.870731,-0.158257678151131,-3.1592309824191E-05,0,0,0,0,0,38
0,299,35.9907,-0.159770473837852,-3.18981001328211E-05,0,0,0,0,0,38
0,300,36.110669,-0.160856574773788,-3.20080616802443E-05,0,0,0,0,0,38
0,301,36.230638,-0.162136629223824,-3.22093364957254E-05,0,0,0,0,0,38
0,302,36.350607,-0.163300305604935,-3.25236760545522E-05,0,0,0,0,0,38
0,303,36.470576,-0.164347618818283,-3.275875133113E-05,0,0,0,0,0,38
0,304,36.590545,-0.165588885545731,-3.25570908898953E-05,0,0,0,0,0,38
0,305,36.710514,-0.166907727718353,-3.26006120303646E-05,0,0,0,0,0,38
0,306,36.830483,-0.168129593133926,-3.26868685078807E-05,0,0,0,0,0,38
0,307,36.950452,-0.169370859861374,-3.31387600454036E-05,0,0,0,0,0,38
0,308,37.070421,-0.170340582728386,-3.31593546434306E-05,0,0,0,0,0,38
0,309,37.19039,-0.171640038490295,-3.32615454681218E-05,0,0,0,0,0,38
0,310,37.310359,-0.172803714871407,-3.35809381795116E-05,0,0,0,0,0,38
0,311,37.430328,-0.173986792564392,-3.38183454005048E-05,0,0,0,0,0,38
0,312,37.550297,-0.174917742609978,-3.35020595230162E-05,0,0,0,0,0,38
0,313,37.670266,-0.176566287875175,-3.34799115080386E-05,0,0,0,0,0,38
0,314,37.790235,-0.17769119143486,-3.4659566154005E-05,0,0,0,0,0,38
0,315,37.910204,-0.179203972220421,-3.43083120242227E-05,0,0,0,0,0,38
0,316,38.030173,-0.180134922266006,-3.44213840435259E-05,0,0,0,0,0,38
0,317,38.150142,-0.181376188993454,-3.44221589330118E-05,0,0,0,0,0,38
0,318,38.270111,-0.182404100894928,-3.47162967955228E-05,0,0,0,0,0,38
0,319,38.39008,-0.183470815420151,-3.48596731782891E-05,0,0,0,0,0,38
0,320,38.510049,-0.184983596205711,-3.52657152689062E-05,0,0,0,0,0,38
0,321,38.630018,-0.186108499765396,-3.53212781192269E-05,0,0,0,0,0,38
0,322,38.749987,-0.187213987112045,-3.53947143594269E-05,0,0,0,0,0,38
0,323,38.869956,-0.188319489359856,-3.52633833244909E-05,0,0,0,0,0,38
0,324,38.989925,-0.189715906977654,-3.57984245056286E-05,0,0,0,0,0,38
0,325,39.109894,-0.190646857023239,-3.53698487742804E-05,0,0,0,0,0,38
0,326,39.229863,-0.192043274641037,-3.59418008883949E-05,0,0,0,0,0,38
0,327,39.349832,-0.193400904536247,-3.62452628905885E-05,0,0,0,0,0,38
0,328,39.469801,-0.194351240992546,-3.60886770067737E-05,0,0,0,0,0,38
0,329,39.58977,-0.195786461234093,-3.62083519576117E-05,0,0,0,0,0,38
0,330,39.709739,-0.196717396378517,-3.60925623681396E-05,0,0,0,0,0,38
0,331,39.829708,-0.197900474071503,-3.64480911230203E-05,0,0,0,0,0,38
0,332,39.949677,-0.199180528521538,-3.64725674444344E-05,0,0,0,0,0,38
0,333,40.069646,-0.200324818491936,-3.68106120731682E-05,0,0,0,0,0,38
0,334,40.189615,-0.20170184969902,-3.64733459718991E-05,0,0,0,0,0,38
0,335,40.309584,-0.202729761600494,-3.71490459656343E-05,0,0,0,0,0,38
0,336,40.429553,-0.204145580530167,-3.71171845472418E-05,0,0,0,0,0,38
0,337,40.549522,-0.205348044633865,-3.73643051716499E-05,0,0,0,0,0,38
0,338,40.669491,-0.206356570124626,-3.76401803805493E-05,0,0,0,0,0,38
0,339,40.78946,-0.207326307892799,-3.75877243641298E-05,0,0,0,0,0,38
0,340,40.909429,-0.208645150065422,-3.80738092644606E-05,0,0,0,0,0,38
0,341,41.029398,-0.210254907608032,-3.80648707505316E-05,0,0,0,0,0,38
0,342,41.149367,-0.21099191904068,-3.78853583242744E-05,0,0,0,0,0,38
0,343,41.269336,-0.212174996733665,-3.81111094611697E-05,0,0,0,0,0,38
0,344,41.389305,-0.213532626628876,-3.83893166144844E-05,0,0,0,0,0,38
0,345,41.509274,-0.214870855212212,-3.81235440727323E-05,0,0,0,0,0,38
0,346,41.629243,-0.215956956148148,-3.85727144021075E-05,0,0,0,0,0,38
0,347,41.749212,-0.217353373765945,-3.90599634556565E-05,0,0,0,0,0,38
0,348,41.869181,-0.218420088291168,-3.88101216231007E-05,0,0,0,0,0,38
0,349,41.98915,-0.219486802816391,-3.89057058782782E-05,0,0,0,0,0,38
0,350,42.109119,-0.221018984913826,-3.91749745176639E-05,0,0,0,0,0,38
0,351,42.229088,-0.221930533647537,-3.95883980672807E-05,0,0,0,0,0,38
0,352,42.349057,-0.223307549953461,-3.94100497942418E-05,0,0,0,0,0,38
0,353,42.469026,-0.224374264478683,-3.98273587052245E-05,0,0,0,0,0,38
0,354,42.588995,-0.225537955760956,-3.94154922105372E-05,0,0,0,0,0,38
0,355,42.708964,-0.22681799530983,-3.93265108868945E-05,0,0,0,0,0,38
0,356,42.828933,-0.228078663349152,-3.96649447793607E-05,0,0,0,0,0,38
0,357,42.948902,-0.229067787528038,-4.01755060011055E-05,0,0,0,0,0,38
0,358,43.068871,-0.230386629700661,-4.02504956582561E-05,0,0,0,0,0,38
0,359,43.18884,-0.231686070561409,-4.05123828386422E-05,0,0,0,0,0,38
0,360,43.308809,-0.232869148254395,-4.01424804294948E-05,0,0,0,0,0,38
0,361,43.428778,-0.234013438224792,-4.04296224587597E-05,0,0,0,0,0,38
0,362,43.548747,-0.235060751438141,-4.08667474403046E-05,0,0,0,0,0,38
0,363,43.668716,-0.236476570367813,-4.07361912948545E-05,0,0,0,0,0,38
0,364,43.788685,-0.237562671303749,-4.06188482884318E-05,0,0,0,0,0,38
0,365,43.908654,-0.238978490233421,-4.15999529650435E-05,0,0,0,0,0,38
0,366,44.028623,-0.240064591169357,-4.14282112615183E-05,0,0,0,0,0,38
0,367,44.148592,-0.241150692105293,-4.14911555708386E-05,0,0,0,0,0,38
0,368,44.268561,-0.242333769798279,-4.17239025409799E-05,0,0,0,0,0,38
0,369,44.38853,-0.243458673357964,-4.14146088587586E-05,0,0,0,0,0,38
0,370,44.508499,-0.244680538773537,-4.15401154896244E-05,0,0,0,0,0,38
0,371,44.628468,-0.24580542743206,-4.18563977291342E-05,0,0,0,0,0,38
0,372,44.748437,-0.247240632772446,-4.2394549382152E-05,0,0,0,0,0,38
0,373,44.868406,-0.248132795095444,-4.19694697484374E-05,0,0,0,0,0,38
0,374,44.988375,-0.249742552638054,-4.2254279833287E-05,0,0,0,0,0,38
0,375,45.108344,-0.250751078128815,-4.21672448283061E-05,0,0,0,0,0,38
0,376,45.228313,-0.251953542232513,-4.24784775532316E-05,0,0,0,0,0,38
0,377,45.348282,-0.253466337919235,-4.29070532845799E-05,0,0,0,0,0,38
0,378,45.468251,-0.254339098930359,-4.32066299254075E-05,0,0,0,0,0,38
0,379,45.58822,-0.255580365657806,-4.31510670750868E-05,0,0,0,0,0,38
0,380,45.708189,-0.256744056940079,-4.30854015576188E-05,0,0,0,0,0,38
0,381,45.828158,-0.258004695177078,-4.34599678555969E-05,0,0,0,0,0,38
0,382,45.948127,-0.259226560592651,-4.34281064372044E-05,0,0,0,0,0,38
0,383,46.068096,-0.260681182146072,-4.38970928371418E-05,0,0,0,0,0,38
0,384,46.188065,-0.261864244937897,-4.37152484664693E-05,0,0,0,0,0,38
0,385,46.308034,-0.262659430503845,-4.36973750765901E-05,0,0,0,0,0,38
0,386,46.428003,-0.263687342405319,-4.41337251686491E-05,0,0,0,0,0,38
0,387,46.547972,-0.265355288982391,-4.40653384430334E-05,0,0,0,0,0,38
0,388,46.667941,-0.266422003507614,-4.401987825986E-05,0,0,0,0,0,38
0,389,46.78791,-0.26770207285881,-4.40428011643235E-05,0,0,0,0,0,38
0,390,46.907879,-0.26886573433876,-4.46062076662201E-05,0,0,0,0,0,38
0,391,47.027848,-0.270048826932907,-4.4968728616368E-05,0,0,0,0,0,38
0,392,47.147817,-0.271212518215179,-4.47278252977412E-05,0,0,0,0,0,38
0,393,47.267786,-0.272453755140305,-4.4901120418217E-05,0,0,0,0,0,38
0,394,47.387755,-0.273365318775177,-4.51113301096484E-05,0,0,0,0,0,38
0,395,47.507724,-0.274878114461899,-4.5133478124626E-05,0,0,0,0,0,38
0,396,47.627693,-0.275886625051498,-4.49803883384448E-05,0,0,0,0,0,38
0,397,47.747662,-0.27714729309082,-4.53021129942499E-05,0,0,0,0,0,38
0,398,47.867631,-0.278504908084869,-4.55006629636046E-05,0,0,0,0,0,38
0,399,47.9876,-0.279416471719742,-4.55301924375817E-05,0,0,0,0,0,38
0,400,48.107569,-0.281103819608688,-4.61289564555045E-05,0,0,0,0,0,38
0,401,48.227538,-0.281976580619812,-4.61106974398717E-05,0,0,0,0,0,38
0,402,48.347507,-0.283043295145035,-4.56358793599065E-05,0,0,0,0,0,38
0,403,48.467476,-0.28428453207016,-4.64432996523101E-05,0,0,0,0,0,38
0,404,48.587445,-0.285661578178406,-4.66608908027411E-05,0,0,0,0,0,38
0,405,48.707414,-0.28684464097023,-4.6475550334435E-05,0,0,0,0,0,38
0,406,48.827383,-0.287969529628754,-4.66573947051074E-05,0,0,0,0,0,38
0,407,48.947352,-0.289133220911026,-4.65109078504611E-05,0,0,0,0,0,38
0,408,49.067321,-0.290432661771774,-4.71015118819196E-05,0,0,0,0,0,38
0,409,49.18729,-0.291441202163696,-4.70416744065005E-05,0,0,0,0,0,38
0,410,49.307259,-0.292488515377045,-4.70385675725993E-05,0,0,0,0,0,38
0,411,49.427228,-0.293962508440018,-4.75949782412499E-05,0,0,0,0,0,38
0,412,49.547197,-0.295106798410416,-4.76334462291561E-05,0,0,0,0,0,38
0,413,49.667166,-0.29638683795929,-4.77014436910395E-05,0,0,0,0,0,38
0,414,49.787135,-0.297666907310486,-4.78459878650028E-05,0,0,0,0,0,38
0,415,49.907104,-0.298791795969009,-4.75518500024918E-05,0,0,0,0,0,38
0,416,50.027073,-0.299974858760834,-4.81148672406562E-05,0,0,0,0,0,38
0,417,50.147042,-0.30125492811203,-4.805386197404E-05,0,0,0,0,0,38
0,418,50.267011,-0.302302241325378,-4.84583506477065E-05,0,0,0,0,0,38
0,419,50.38698,-0.303582280874252,-4.86196004203521E-05,0,0,0,0,0,38
0,420,50.506949,-0.304552018642426,-4.85306227346882E-05,0,0,0,0,0,38
0,421,50.626918,-0.306006610393524,-4.86627286591101E-05,0,0,0,0,0,38
0,422,50.746887,-0.306995749473572,-4.9069549277192E-05,0,0,0,0,0,38
0,423,50.866856,-0.308237016201019,-4.90835373057052E-05,0,0,0,0,0,38
0,424,50.986825,-0.309614032506943,-4.90512866235804E-05,0,0,0,0,0,38
0,425,51.106794,-0.310758322477341,-4.95358144689817E-05,0,0,0,0,0,38
0,426,51.226763,-0.312077164649963,-4.95233798574191E-05,0,0,0,0,0,38
0,427,51.346732,-0.313202053308487,-4.96780266985297E-05,0,0,0,0,0,38
0,428,51.466701,-0.314307570457459,-4.97207693115342E-05,0,0,0,0,0,38
0,429,51.58667,-0.315529435873032,-4.96403372380883E-05,0,0,0,0,0,38
0,430,51.706639,-0.316615521907806,-5.00483220093884E-05,0,0,0,0,0,38
0,431,51.826608,-0.317818015813828,-5.00564783578739E-05,0,0,0,0,0,38
0,432,51.946577,-0.319117456674576,-5.05188618262764E-05,0,0,0,0,0,38
0,433,52.066546,-0.320378094911575,-5.05915231769904E-05,0,0,0,0,0,38
0,434,52.186515,-0.321425437927246,-5.08254306623712E-05,0,0,0,0,0,38
0,435,52.306484,-0.322511523962021,-5.09870696987491E-05,0,0,0,0,0,38
0,436,52.426453,-0.323985517024994,-5.0600847316673E-05,0,0,0,0,0,38
0,437,52.546422,-0.325168609619141,-5.08670091221575E-05,0,0,0,0,0,38
0,438,52.666391,-0.32602196931839,-5.14564453624189E-05,0,0,0,0,0,38
0,439,52.78636,-0.327088683843613,-5.12062179041095E-05,0,0,0,0,0,38
0,440,52.906329,-0.329008758068085,-5.16495601914357E-05,0,0,0,0,0,38
0,441,53.026298,-0.329881519079208,-5.14471212227363E-05,0,0,0,0,0,38
0,442,53.146267,-0.331219762563705,-5.16274121764582E-05,0,0,0,0,0,38
0,443,53.266236,-0.332131296396255,-5.21154361194931E-05,0,0,0,0,0,38
0,444,53.386205,-0.333469539880753,-5.22032496519387E-05,0,0,0,0,0,38
0,445,53.506174,-0.3347108066082,-5.1648781663971E-05,0,0,0,0,0,38
0,446,53.626143,-0.336068421602249,-5.23932540090755E-05,0,0,0,0,0,38
0,447,53.746112,-0.336960583925247,-5.22180162079167E-05,0,0,0,0,0,38
0,448,53.866081,-0.338570356369019,-5.26574731338769E-05,0,0,0,0,0,38
0,449,53.98605,-0.339753419160843,-5.28350428794511E-05,0,0,0,0,0,38
0,450,54.106019,-0.340451627969742,-5.26749572600238E-05,0,0,0,0,0,38
0,451,54.225988,-0.341906249523163,-5.2627165132435E-05,0,0,0,0,0,38
0,452,54.345957,-0.343166887760162,-5.26924413861707E-05,0,0,0,0,0,38
0,453,54.465926,-0.344078451395035,-5.35593098902609E-05,0,0,0,0,0,38
0,454,54.585895,-0.345300316810608,-5.3257401305018E-05,0,0,0,0,0,38
0,455,54.705864,-0.346580356359482,-5.3684812883148E-05,0,0,0,0,0,38
0,456,54.825833,-0.347860425710678,-5.39707907591946E-05,0,0,0,0,0,38
0,457,54.945802,-0.349121063947678,-5.3839848987991E-05,0,0,0,0,0,38
0,458,55.065771,-0.350071430206299,-5.4299507610267E-05,0,0,0,0,0,38
0,459,55.18574,-0.351661771535873,-5.38693784619682E-05,0,0,0,0,0,38
0,460,55.305709,-0.35268971323967,-5.44288996024989E-05,0,0,0,0,0,38
0,461,55.425678,-0.353892177343369,-5.47646122868173E-05,0,0,0,0,0,38
0,462,55.545647,-0.355366170406342,-5.48399912077002E-05,0,0,0,0,0,38
0,463,55.665616,-0.356277734041214,-5.46429910173174E-05,0,0,0,0,0,38
0,464,55.785585,-0.357538372278214,-5.46822375326883E-05,0,0,0,0,0,38
0,465,55.905554,-0.358915418386459,-5.53365644009318E-05,0,0,0,0,0,38
0,466,56.025523,-0.359749376773834,-5.5304313718807E-05,0,0,0,0,0,38
0,467,56.145492,-0.361320346593857,-5.56924824195448E-05,0,0,0,0,0,38
0,468,56.265461,-0.362348288297653,-5.59866202820558E-05,0,0,0,0,0,38
0,469,56.38543,-0.363434374332428,-5.58141000510659E-05,0,0,0,0,0,38
0,470,56.505399,-0.364675641059875,-5.61373781238217E-05,0,0,0,0,0,38
0,471,56.625368,-0.365936309099197,-5.65663431189023E-05,0,0,0,0,0,38
0,472,56.745337,-0.367099970579147,-5.61995475436561E-05,0,0,0,0,0,38
0,473,56.865306,-0.368399411439896,-5.68569848837797E-05,0,0,0,0,0,38
0,474,56.985275,-0.369388550519943,-5.69494586670771E-05,0,0,0,0,0,38
0,475,57.105244,-0.370552241802216,-5.69960866414476E-05,0,0,0,0,0,38
0,476,57.225213,-0.371968060731888,-5.71398522879463E-05,0,0,0,0,0,38
0,477,57.345182,-0.373151123523712,-5.73966863157693E-05,0,0,0,0,0,38
0,478,57.465151,-0.374256640672684,-5.77615428483114E-05,0,0,0,0,0,38
0,479,57.58512,-0.375711232423782,-5.76982056372799E-05,0,0,0,0,0,38
0,480,57.705089,-0.376894325017929,-5.80960877414327E-05,0,0,0,0,0,38
0,481,57.825058,-0.377961009740829,-5.81920612603426E-05,0,0,0,0,0,38
0,482,57.945027,-0.379318654537201,-5.80245941819157E-05,0,0,0,0,0,38
0,483,58.064996,-0.380385369062424,-5.83101827942301E-05,0,0,0,0,0,38
0,484,58.184965,-0.381529659032822,-5.8404213632457E-05,0,0,0,0,0,38
0,485,58.304934,-0.382693320512772,-5.8593439462129E-05,0,0,0,0,0,38
0,486,58.424903,-0.383992791175842,-5.86179194215219E-05,0,0,0,0,0,38
0,487,58.544872,-0.385175853967667,-5.93037184444256E-05,0,0,0,0,0,38
0,488,58.664841,-0.38614559173584,-5.90915697102901E-05,0,0,0,0,0,38
0,489,58.78481,-0.387406259775162,-5.9528694691835E-05,0,0,0,0,0,38
0,490,58.904779,-0.38855054974556,-5.94692428421695E-05,0,0,0,0,0,38
0,491,59.024748,-0.389888763427734,-5.98710103076883E-05,0,0,0,0,0,38
0,492,59.144717,-0.391071856021881,-5.99494997004513E-05,0,0,0,0,0,38
0,493,59.264686,-0.392216145992279,-5.99254090047907E-05,0,0,0,0,0,38
0,494,59.384655,-0.393379807472229,-6.06154826527927E-05,0,0,0,0,0,38
0,495,59.504624,-0.3947374522686,-6.06337453064043E-05,0,0,0,0,0,38
0,496,59.624593,-0.395823568105698,-6.05762397754006E-05,0,0,0,0,0,38
0,497,59.744562,-0.397064805030823,-6.125387881184E-05,0,0,0,0,0,38
0,498,59.864531,-0.398131519556046,-6.1134596762713E-05,0,0,0,0,0,38
0,499,59.9845,-0.399527937173843,-6.1249993450474E-05,0,0,0,0,0,38
0,500,60.104469,-0.400904983282089,-6.12915682722814E-05,0,0,0,0,0,38
0,501,60.224438,-0.401835918426514,-6.11513023613952E-05,0,0,0,0,0,38
0,502,60.344407,-0.402960807085037,-6.15390817984007E-05,0,0,0,0,0,38
0,503,60.464376,-0.404493004083633,-6.22007937636226E-05,0,0,0,0,0,38
0,504,60.584345,-0.405501514673233,-6.23476662440225E-05,0,0,0,0,0,38
0,505,60.704314,-0.406742781400681,-6.23305677436292E-05,0,0,0,0,0,38
0,506,60.824283,-0.40784826874733,-6.25073589617386E-05,0,0,0,0,0,38
0,507,60.944252,-0.409167110919952,-6.30202557658777E-05,0,0,0,0,0,38
0,508,61.064221,-0.410098075866699,-6.26666733296588E-05,0,0,0,0,0,38
0,509,61.18419,-0.411358714103699,-6.31477014394477E-05,0,0,0,0,0,38
0,510,61.304159,-0.412619382143021,-6.34395109955221E-05,0,0,0,0,0,38
0,511,61.424128,-0.414112776517868,-6.40740181552246E-05,0,0,0,0,0,38
0,512,61.544097,-0.415160089731216,-6.36967306490988E-05,0,0,0,0,0,38
0,513,61.664066,-0.416071623563766,-6.43114253762178E-05,0,0,0,0,0,38
0,514,61.784035,-0.417584419250488,-6.41894221189432E-05,0,0,0,0,0,38
0,515,61.904004,-0.418651133775711,-6.42189479549415E-05,0,0,0,0,0,38
0,516,62.023973,-0.41975662112236,-6.43782550469041E-05,0,0,0,0,0,38
0,517,62.143942,-0.421114265918732,-6.52276430628262E-05,0,0,0,0,0,38
0,518,62.263911,-0.422374933958054,-6.54094837955199E-05,0,0,0,0,0,38
0,519,62.38388,-0.423577398061752,-6.52144299237989E-05,0,0,0,0,0,38
0,520,62.503849,-0.424547135829926,-6.58835269859992E-05,0,0,0,0,0,38
0,521,62.623818,-0.426001727581024,-6.56488336971961E-05,0,0,0,0,0,38
0,522,62.743787,-0.427456349134445,-6.64593608235009E-05,0,0,0,0,0,38
0,523,62.863756,-0.428232133388519,-6.64442122797482E-05,0,0,0,0,0,38
0,524,62.983725,-0.429337620735168,-6.67336862534285E-05,0,0,0,0,0,38
0,525,63.103694,-0.430656462907791,-6.67748681735247E-05,0,0,0,0,0,38
0,526,63.223663,-0.431800752878189,-6.69470027787611E-05,0,0,0,0,0,38
0,527,63.343632,-0.433177769184113,-6.71272937324829E-05,0,0,0,0,0,38
0,528,63.463601,-0.434283286333084,-6.73627582727931E-05,0,0,0,0,0,38
0,529,63.58357,-0.435485750436783,-6.78562209941447E-05,0,0,0,0,0,38
0,530,63.703539,-0.43672701716423,-6.79451986798085E-05,0,0,0,0,0,38
0,531,63.823508,-0.437813103199005,-6.82688696542755E-05,0,0,0,0,0,38
0,532,63.943477,-0.439112573862076,-6.82237950968556E-05,0,0,0,0,0,38
0,533,64.063446,-0.44014048576355,-6.87565043335781E-05,0,0,0,0,0,38
0,534,64.183415,-0.441284775733948,-6.8654706410598E-05,0,0,0,0,0,38
0,535,64.303384,-0.442448437213898,-6.88808431732468E-05,0,0,0,0,0,38
0,536,64.423353,-0.443844884634018,-6.92923204042017E-05,0,0,0,0,0,38
0,537,64.543322,-0.445008546113968,-6.99070151313208E-05,0,0,0,0,0,38
0,538,64.663291,-0.446152836084366,-7.01215030858293E-05,0,0,0,0,0,38
0,539,64.78326,-0.447355300188065,-7.01168391969986E-05,0,0,0,0,0,38
0,540,64.903229,-0.448557794094086,-7.04482736182399E-05,0,0,0,0,0,38
0,541,65.023198,-0.44958570599556,-7.04914054949768E-05,0,0,0,0,0,38
0,542,65.143167,-0.450982123613358,-7.05182173987851E-05,0,0,0,0,0,38
0,543,65.263136,-0.452514320611954,-7.1301546995528E-05,0,0,0,0,0,38
0,544,65.383105,-0.453367680311203,-7.14080088073388E-05,0,0,0,0,0,38
0,545,65.503074,-0.45486107468605,-7.15844143996947E-05,0,0,0,0,0,38
0,546,65.623043,-0.45561745762825,-7.17526563676074E-05,0,0,0,0,0,38
0,547,65.743012,-0.457052677869797,-7.20743846613914E-05,0,0,0,0,0,38
0,548,65.862981,-0.458449095487595,-7.24982965039089E-05,0,0,0,0,0,38
0,549,65.98295,-0.459283053874969,-7.2681694291532E-05,0,0,0,0,0,38
0,550,66.102919,-0.460660099983215,-7.30714164092205E-05,0,0,0,0,0,38
0,551,66.222888,-0.46184316277504,-7.32858970877714E-05,0,0,0,0,0,38
0,552,66.342857,-0.462987452745438,-7.33655542717315E-05,0,0,0,0,0,38
0,553,66.462826,-0.464092940092087,-7.34339409973472E-05,0,0,0,0,0,38
0,554,66.582795,-0.465353608131409,-7.44624485378154E-05,0,0,0,0,0,38
0,555,66.702764,-0.466536700725555,-7.40261020837352E-05,0,0,0,0,0,38
0,556,66.822733,-0.467758566141129,-7.45370489312336E-05,0,0,0,0,0,38
0,557,66.942702,-0.469271332025528,-7.5208859925624E-05,0,0,0,0,0,38
0,558,67.062671,-0.470202296972275,-7.46749865356833E-05,0,0,0,0,0,38
0,559,67.18264,-0.471385359764099,-7.56506487959996E-05,0,0,0,0,0,38
0,560,67.302609,-0.472607225179672,-7.56572553655133E-05,0,0,0,0,0,38
0,561,67.422578,-0.473770916461945,-7.64347569202073E-05,0,0,0,0,0,38
0,562,67.542547,-0.475147932767868,-7.59490649215877E-05,0,0,0,0,0,38
0,563,67.662516,-0.47590434551239,-7.6256794272922E-05,0,0,0,0,0,38
0,564,67.782485,-0.477436512708664,-7.66729426686652E-05,0,0,0,0,0,38
0,565,67.902454,-0.478464424610138,-7.74220752646215E-05,0,0,0,0,0,38
0,566,68.022423,-0.480016022920609,-7.72507264628075E-05,0,0,0,0,0,38
0,567,68.142392,-0.480946958065033,-7.79679976403713E-05,0,0,0,0,0,38
0,568,68.262361,-0.48203307390213,-7.80931150075048E-05,0,0,0,0,0,38
0,569,68.38233,-0.483410090208054,-7.87171302363276E-05,0,0,0,0,0,38
0,570,68.502299,-0.484554380178452,-7.90159319876693E-05,0,0,0,0,0,38
0,571,68.622268,-0.485679268836975,-7.91227867011912E-05,0,0,0,0,0,38
0,572,68.742237,-0.487289041280746,-7.95249434304424E-05,0,0,0,0,0,38
0,573,68.862206,-0.488355755805969,-7.97670072643086E-05,0,0,0,0,0,38
0,574,68.982175,-0.489306092262268,-7.9979159636423E-05,0,0,0,0,0,38
0,575,69.102144,-0.490644305944443,-8.06785610620864E-05,0,0,0,0,0,38
0,576,69.222113,-0.491711020469666,-8.08813856565394E-05,0,0,0,0,0,38
0,577,69.342082,-0.492797136306763,-8.1377183960285E-05,0,0,0,0,0,38
0,578,69.462051,-0.493941426277161,-8.1836071331054E-05,0,0,0,0,0,38
0,579,69.58202,-0.49520206451416,-8.2357510109432E-05,0,0,0,0,0,38
0,580,69.701989,-0.496598482131958,-8.22238507680595E-05,0,0,0,0,0,38
0,581,69.821958,-0.497645825147629,-8.2920138083864E-05,0,0,0,0,0,38
0,582,69.941927,-0.499042242765427,-8.34602324175648E-05,0,0,0,0,0,38
0,583,70.061896,-0.499992579221725,-8.36109902593307E-05,0,0,0,0,0,38
0,584,70.181865,-0.501641094684601,-8.35095779621042E-05,0,0,0,0,0,38
0,585,70.301834,-0.502533257007599,-8.40201391838491E-05,0,0,0,0,0,38
0,586,70.421803,-0.503755152225494,-8.45547983772121E-05,0,0,0,0,0,38
0,587,70.541772,-0.505112767219543,-8.48881754791364E-05,0,0,0,0,0,38
0,588,70.661741,-0.506237685680389,-8.53715391713195E-05,0,0,0,0,0,38
0,589,70.78171,-0.507284998893738,-8.57857376104221E-05,0,0,0,0,0,38
0,590,70.901679,-0.508758962154388,-8.62329688970931E-05,0,0,0,0,0,38
0,591,71.021648,-0.509806275367737,-8.64276371430606E-05,0,0,0,0,0,38
0,592,71.141617,-0.511241495609283,-8.72369928401895E-05,0,0,0,0,0,38
0,593,71.261586,-0.512036681175232,-8.77382335602306E-05,0,0,0,0,0,38
0,594,71.381555,-0.513607680797577,-8.80898733157665E-05,0,0,0,0,0,38
0,595,71.501524,-0.514596819877625,-8.83432148839347E-05,0,0,0,0,0,38
0,596,71.621493,-0.515741109848022,-8.86637717485428E-05,0,0,0,0,0,38
0,597,71.741462,-0.517118096351624,-8.9215136540588E-05,0,0,0,0,0,38
0,598,71.861431,-0.51799088716507,-8.98216676432639E-05,0,0,0,0,0,38
0,599,71.9814,-0.519620001316071,-9.03547697816975E-05,0,0,0,0,0,38
0,600,72.101369,-0.520570337772369,-9.07592548173852E-05,0,0,0,0,0,38
0,601,72.221338,-0.521850407123566,-9.124145435635E-05,0,0,0,0,0,38
0,602,72.341307,-0.523188650608063,-9.13789990590885E-05,0,0,0,0,0,38
0,603,72.461276,-0.524158358573914,-9.20484817470424E-05,0,0,0,0,0,38
0,604,72.581245,-0.525419056415558,-9.25947897485457E-05,0,0,0,0,0,38
0,605,72.701214,-0.526660323143005,-9.32176481001079E-05,0,0,0,0,0,38
0,606,72.821183,-0.527882158756256,-9.39143283176236E-05,0,0,0,0,0,38
0,607,72.941152,-0.528851926326752,-9.4027396698948E-05,0,0,0,0,0,38
0,608,73.061121,-0.530209541320801,-9.47621592786163E-05,0,0,0,0,0,38
0,609,73.18109,-0.531431376934052,-9.53671406023204E-05,0,0,0,0,0,38
0,610,73.301059,-0.532769620418549,-9.55847281147726E-05,0,0,0,0,0,38
0,611,73.421028,-0.533661782741547,-9.6431394922547E-05,0,0,0,0,0,38
0,612,73.540997,-0.535077631473541,-9.70973778748885E-05,0,0,0,0,0,38
0,613,73.660966,-0.536202490329742,-9.73495480138808E-05,0,0,0,0,0,38
0,614,73.780935,-0.537327408790588,-9.78189273155294E-05,0,0,0,0,0,38
0,615,73.900904,-0.538413524627686,-9.83730060397647E-05,0,0,0,0,0,38
0,616,74.020873,-0.539615988731384,-9.91042688838206E-05,0,0,0,0,0,38
0,617,74.140842,-0.541070580482483,-9.96975941234268E-05,0,0,0,0,0,38
0,618,74.260811,-0.542466998100281,-0.000100229910458438,0,0,0,0,0,38
0,619,74.38078,-0.543456137180328,-0.000100862867839169,0,0,0,0,0,38
0,620,74.500749,-0.544522821903229,-0.000101276680652518,0,0,0,0,0,38
0,621,74.620718,-0.545744717121124,-0.000102457503089681,0,0,0,0,0,38
0,622,74.740687,-0.546772599220276,-0.00010284295422025,0,0,0,0,0,38
0,623,74.860656,-0.548343598842621,-0.000103839207440615,0,0,0,0,0,38
0,624,74.980625,-0.549487888813019,-0.000104343940620311,0,0,0,0,0,38
0,625,75.100594,-0.550593376159668,-0.000104946593637578,0,0,0,0,0,38
0,626,75.220563,-0.551582515239716,-0.000105525541584939,0,0,0,0,0,38
0,627,75.340532,-0.553114712238312,-0.000106325576780364,0,0,0,0,0,38
0,628,75.460501,-0.554297804832459,-0.000107074323750567,0,0,0,0,0,38
0,629,75.58047,-0.555383861064911,-0.000107931475213263,0,0,0,0,0,38
0,630,75.700439,-0.556683301925659,-0.000108595129859168,0,0,0,0,0,38
0,631,75.820408,-0.557827591896057,-0.000109313958091661,0,0,0,0,0,38
0,632,75.940377,-0.559088289737701,-0.000109761575004086,0,0,0,0,0,38
0,633,76.060346,-0.560251951217651,-0.000110851862700656,0,0,0,0,0,38
0,634,76.180315,-0.561241090297699,-0.000111107146949507,0,0,0,0,0,38
0,635,76.300284,-0.562521159648895,-0.000112351299321745,0,0,0,0,0,38
0,636,76.420253,-0.563529670238495,-0.000113142785266973,0,0,0,0,0,38
0,637,76.540222,-0.565042436122894,-0.00011380371870473,0,0,0,0,0,38
0,638,76.660191,-0.566089749336243,-0.000114768896310125,0,0,0,0,0,38
0,639,76.78016,-0.567059516906738,-0.00011586267646635,0,0,0,0,0,38
0,640,76.900129,-0.568436503410339,-0.000116442795842886,0,0,0,0,0,38
0,641,77.020098,-0.569716572761536,-0.000117319759738166,0,0,0,0,0,38
0,642,77.140067,-0.571035444736481,-0.000118446572741959,0,0,0,0,0,38
0,643,77.260036,-0.571946978569031,-0.000118877484055702,0,0,0,0,0,38
0,644,77.380005,-0.573343396186829,-0.000119994969281834,0,0,0,0,0,38
0,645,77.499974,-0.574235558509827,-0.000121055723866448,0,0,0,0,0,38
0,646,77.619943,-0.575787127017975,-0.000121850709547289,0,0,0,0,0,38
0,647,77.739912,-0.576756834983826,-0.000123041245387867,0,0,0,0,0,38
0,648,77.859881,-0.577901124954224,-0.000123995923786424,0,0,0,0,0,38
0,649,77.97985,-0.579472124576569,-0.000124998405226506,0,0,0,0,0,38
0,650,78.099819,-0.580674588680267,-0.0001261430879822,0,0,0,0,0,38
0,651,78.219788,-0.581838250160217,-0.000126823448226787,0,0,0,0,0,38
0,652,78.339757,-0.582769215106964,-0.000128117724671029,0,0,0,0,0,38
0,653,78.459726,-0.584126830101013,-0.000129240652313456,0,0,0,0,0,38
0,654,78.579695,-0.585115969181061,-0.000130377185996622,0,0,0,0,0,38
0,655,78.699664,-0.586512386798859,-0.0001310863008257,0,0,0,0,0,38
0,656,78.819633,-0.587811827659607,-0.000132795161334798,0,0,0,0,0,38
0,657,78.939602,-0.588956117630005,-0.000133860579808243,0,0,0,0,0,38
0,658,79.059571,-0.590081036090851,-0.00013524190580938,0,0,0,0,0,38
0,659,79.17954,-0.591167151927948,-0.000136481001391076,0,0,0,0,0,38
0,660,79.299509,-0.5924471616745,-0.000137297363835387,0,0,0,0,0,38
0,661,79.419478,-0.593688428401947,-0.000139004667289555,0,0,0,0,0,38
0,662,79.539447,-0.594600021839142,-0.000140133430249989,0,0,0,0,0,38
0,663,79.659416,-0.596345543861389,-0.000141527954838239,0,0,0,0,0,38
0,664,79.779385,-0.597451031208038,-0.000143039433169179,0,0,0,0,0,38
0,665,79.899354,-0.598459541797638,-0.000144334102515131,0,0,0,0,0,38
0,666,80.019323,-0.599642634391785,-0.000145931844599545,0,0,0,0,0,38
0,667,80.139292,-0.600845098495483,-0.000146967737236992,0,0,0,0,0,38
0,668,80.259261,-0.601931214332581,-0.00014855110202916,0,0,0,0,0,38
0,669,80.37923,-0.60319185256958,-0.000149820509250276,0,0,0,0,0,38
0,670,80.499199,-0.60460764169693,-0.000151732980157249,0,0,0,0,0,38
0,671,80.619168,-0.605790734291077,-0.000153478758875281,0,0,0,0,0,38
0,672,80.739137,-0.607167780399323,-0.000154887675307691,0,0,0,0,0,38
0,673,80.859106,-0.608176290988922,-0.000156326103024185,0,0,0,0,0,38
0,674,80.979075,-0.609301209449768,-0.000158179900608957,0,0,0,0,0,38
0,675,81.099044,-0.610464870929718,-0.000160004565259442,0,0,0,0,0,38
0,676,81.219013,-0.611550986766815,-0.000161122050485574,0,0,0,0,0,38
0,677,81.338982,-0.612947404384613,-0.000163055112352595,0,0,0,0,0,38
0,678,81.458951,-0.614149868488312,-0.000164532408234663,0,0,0,0,0,38
0,679,81.57892,-0.615158379077911,-0.000167005171533674,0,0,0,0,0,38
0,680,81.698889,-0.616477251052856,-0.000168892773217522,0,0,0,0,0,38
0,681,81.818858,-0.617834866046906,-0.000170593484654091,0,0,0,0,0,38
0,682,81.938827,-0.618979156017303,-0.000172347034094855,0,0,0,0,0,38
0,683,82.058796,-0.6202592253685,-0.000174653498106636,0,0,0,0,0,38
0,684,82.178765,-0.621345281600952,-0.000176788613316603,0,0,0,0,0,38
0,685,82.298734,-0.622373223304749,-0.000178188201971352,0,0,0,0,0,38
0,686,82.418703,-0.623459339141846,-0.0001805750944186,0,0,0,0,0,38
0,687,82.538672,-0.624933302402496,-0.000182848540134728,0,0,0,0,0,38
0,688,82.658641,-0.62613582611084,-0.000183872791239992,0,0,0,0,0,38
0,689,82.77861,-0.627260684967041,-0.000185918965144083,0,0,0,0,0,38
0,690,82.898579,-0.628327429294586,-0.000187638390343636,0,0,0,0,0,38
0,691,83.018548,-0.629704415798187,-0.000189633996342309,0,0,0,0,0,38
0,692,83.138517,-0.630965113639832,-0.000193166197277606,0,0,0,0,0,38
0,693,83.258486,-0.631876647472382,-0.000193998668692075,0,0,0,0,0,38
0,694,83.378455,-0.633214890956879,-0.000197593108168803,0,0,0,0,0,38
0,695,83.498424,-0.634456157684326,-0.000200576803763397,0,0,0,0,0,38
0,696,83.618393,-0.635658621788025,-0.00020273968402762,0,0,0,0,0,38
0,697,83.738362,-0.637074410915375,-0.000205174874281511,0,0,0,0,0,38
0,698,83.858331,-0.63798600435257,-0.000206727025215514,0,0,0,0,0,38
0,699,83.9783,-0.639324188232422,-0.00020908830629196,0,0,0,0,0,38
0,700,84.098269,-0.640546083450317,-0.000211434031371027,0,0,0,0,0,38
0,701,84.218238,-0.641729176044464,-0.000214868967304938,0,0,0,0,0,38
0,702,84.338207,-0.643241941928864,-0.000217619250179268,0,0,0,0,0,38
0,703,84.458176,-0.644328057765961,-0.000219731577089988,0,0,0,0,0,38
0,704,84.578145,-0.645297765731812,-0.000222018934437074,0,0,0,0,0,38
0,705,84.698114,-0.646480858325958,-0.00022508432448376,0,0,0,0,0,38
0,706,84.818083,-0.647857904434204,-0.000228235294343904,0,0,0,0,0,38
0,707,84.938052,-0.648847043514252,-0.00022972519218456,0,0,0,0,0,38
0,708,85.058021,-0.64999133348465,-0.000233409096836112,0,0,0,0,0,38
0,709,85.17799,-0.651523470878601,-0.000236517284065485,0,0,0,0,0,38
0,710,85.297959,-0.652415633201599,-0.000239656583289616,0,0,0,0,0,38
0,711,85.417928,-0.653773248195648,-0.000242317400989123,0,0,0,0,0,38
0,712,85.537897,-0.654839992523193,-0.000245133822318166,0,0,0,0,0,38
0,713,85.657866,-0.65617823600769,-0.000247203337494284,0,0,0,0,0,38
0,714,85.777835,-0.657128572463989,-0.000251151766860858,0,0,0,0,0,38
0,715,85.897804,-0.658486187458038,-0.000254022656008601,0,0,0,0,0,38
0,716,86.017773,-0.659805059432983,-0.000256667903158814,0,0,0,0,0,38
0,717,86.137742,-0.660988092422485,-0.000259313179412857,0,0,0,0,0,38
0,718,86.257711,-0.662016034126282,-0.000262265733908862,0,0,0,0,0,38
0,719,86.37768,-0.663237869739532,-0.000266171380644664,0,0,0,0,0,38
0,720,86.497649,-0.664304614067078,-0.000269419600954279,0,0,0,0,0,38
0,721,86.617618,-0.665565252304077,-0.000271683617029339,0,0,0,0,0,38
0,722,86.737587,-0.667155623435974,-0.000275721540674567,0,0,0,0,0,38
0,723,86.857556,-0.668474495410919,-0.00027951825177297,0,0,0,0,0,38
0,724,86.977525,-0.669405400753021,-0.000281774497125298,0,0,0,0,0,38
0,725,87.097494,-0.670530319213867,-0.000284987705526873,0,0,0,0,0,38
0,726,87.217463,-0.671538829803467,-0.000289461313514039,0,0,0,0,0,38
0,727,87.337432,-0.672780096530914,-0.000291908159852028,0,0,0,0,0,38
0,728,87.457401,-0.674040734767914,-0.000295117497444153,0,0,0,0,0,38
0,729,87.57737,-0.675146222114563,-0.000298669125186279,0,0,0,0,0,38
0,730,87.697339,-0.67623233795166,-0.000302283035125583,0,0,0,0,0,38
0,731,87.817308,-0.677764534950256,-0.000305935798678547,0,0,0,0,0,38
0,732,87.937277,-0.678908824920654,-0.000308013113681227,0,0,0,0,0,38
0,733,88.057246,-0.680266439914703,-0.0003120704786852,0,0,0,0,0,38
0,734,88.177215,-0.681391358375549,-0.000314918026560918,0,0,0,0,0,38
0,735,88.297184,-0.68245804309845,-0.000318500766297802,0,0,0,0,0,38
0,736,88.417153,-0.683951437473297,-0.000321624509524554,0,0,0,0,0,38
0,737,88.537122,-0.685095727443695,-0.000324013031786308,0,0,0,0,0,38
0,738,88.657091,-0.68600732088089,-0.000327023939462379,0,0,0,0,0,38
0,739,88.77706,-0.687345504760742,-0.000331050192471594,0,0,0,0,0,38
0,740,88.897029,-0.688509225845337,-0.000335080316290259,0,0,0,0,0,38
0,741,89.016998,-0.689614713191986,-0.000338410231051967,0,0,0,0,0,38
0,742,89.136967,-0.690875351428986,-0.000342195271514356,0,0,0,0,0,38
0,743,89.256936,-0.692019641399384,-0.000345389038557187,0,0,0,0,0,38
0,744,89.376905,-0.693319082260132,-0.000347396329743788,0,0,0,0,0,38
0,745,89.496874,-0.694424569606781,-0.000352830771589652,0,0,0,0,0,38
0,746,89.616843,-0.695801615715027,-0.0003546824445948,0,0,0,0,0,38
0,747,89.736812,-0.696732580661774,-0.000359128811396658,0,0,0,0,0,38
0,748,89.856781,-0.698090195655823,-0.000361789629096165,0,0,0,0,0,38
0,749,89.97675,-0.699215114116669,-0.000365881976904348,0,0,0,0,0,38
0,750,90.096719,-0.700456380844116,-0.000369414192391559,0,0,0,0,0,38
0,751,90.216688,-0.701736390590668,-0.000372285081539303,0,0,0,0,0,38
0,752,90.336657,-0.702880680561066,-0.000375257077394053,0,0,0,0,0,38
0,753,90.456626,-0.704218924045563,-0.000377999589545652,0,0,0,0,0,38
0,754,90.576595,-0.705479562282562,-0.000382091966457665,0,0,0,0,0,38
0,755,90.696564,-0.706488132476807,-0.000385861465474591,0,0,0,0,0,38
0,756,90.816533,-0.707845747470856,-0.000388872373150662,0,0,0,0,0,38
0,757,90.936502,-0.708931863307953,-0.000391120847780257,0,0,0,0,0,38
0,758,91.056471,-0.709862768650055,-0.00039573447429575,0,0,0,0,0,38
0,759,91.17644,-0.711239814758301,-0.000398445874452591,0,0,0,0,0,38
0,760,91.296409,-0.712675034999847,-0.000402297067921609,0,0,0,0,0,38
0,761,91.416378,-0.713644742965698,-0.000406012084567919,0,0,0,0,0,38
0,762,91.536347,-0.714750230312347,-0.000408727355534211,0,0,0,0,0,38
0,763,91.656316,-0.716069102287292,-0.000411742192227393,0,0,0,0,0,38
0,764,91.776285,-0.71740734577179,-0.000415161572163925,0,0,0,0,0,38
0,765,91.896254,-0.718415856361389,-0.000417756236856803,0,0,0,0,0,38
0,766,92.016223,-0.719385623931885,-0.000421035598265007,0,0,0,0,0,38
0,767,92.136192,-0.720801413059235,-0.000425820384407416,0,0,0,0,0,38
0,768,92.256161,-0.722042679786682,-0.000427648716140538,0,0,0,0,0,38
0,769,92.37613,-0.723128795623779,-0.000431029213359579,0,0,0,0,0,38
0,770,92.496099,-0.724738538265228,-0.000434934860095382,0,0,0,0,0,38
0,771,92.616068,-0.725533723831177,-0.000437031616456807,0,0,0,0,0,38
0,772,92.736037,-0.726910769939423,-0.000440987816546112,0,0,0,0,0,38
0,773,92.856006,-0.728132605552673,-0.000444251607405022,0,0,0,0,0,38
0,774,92.975975,-0.728966593742371,-0.000446266669314355,0,0,0,0,0,38
0,775,93.095944,-0.730343639850616,-0.000449347600806504,0,0,0,0,0,38
0,776,93.215913,-0.731662452220917,-0.000452844804385677,0,0,0,0,0,38
0,777,93.335882,-0.733058869838715,-0.00045675432193093,0,0,0,0,0,38
0,778,93.455851,-0.734067380428314,-0.000458913331385702,0,0,0,0,0,38
0,779,93.57582,-0.73528927564621,-0.000462348281871527,0,0,0,0,0,38
0,780,93.695789,-0.736472368240356,-0.000466156663605943,0,0,0,0,0,38
0,781,93.815758,-0.737810552120209,-0.000469183141831309,0,0,0,0,0,38
0,782,93.935727,-0.738780319690704,-0.000471412175102159,0,0,0,0,0,38
0,783,94.055696,-0.740079760551453,-0.000474815984489396,0,0,0,0,0,38
0,784,94.175665,-0.74116587638855,-0.000477900815894827,0,0,0,0,0,38
0,785,94.295634,-0.742601096630096,-0.00048206708743237,0,0,0,0,0,38
0,786,94.415603,-0.743764758110046,-0.000485544820548967,0,0,0,0,0,38
0,787,94.535572,-0.745199978351593,-0.000488295103423297,0,0,0,0,0,38
0,788,94.655541,-0.746033906936646,-0.000491500541102141,0,0,0,0,0,38
0,789,94.77551,-0.747352778911591,-0.000494270294439048,0,0,0,0,0,38
0,790,94.895479,-0.748594045639038,-0.000497674103826284,0,0,0,0,0,38
0,791,95.015448,-0.749660730361938,-0.000499210669659078,0,0,0,0,0,38
0,792,95.135417,-0.750727474689484,-0.000502941256854683,0,0,0,0,0,38
0,793,95.255386,-0.752240240573883,-0.000506710784975439,0,0,0,0,0,38
0,794,95.375355,-0.753384530544281,-0.000509733392391354,0,0,0,0,0,38
0,795,95.495324,-0.754567623138428,-0.000512899889145046,0,0,0,0,0,38
0,796,95.615293,-0.755808889865875,-0.000515529594849795,0,0,0,0,0,38
0,797,95.735262,-0.756856203079224,-0.000518198183272034,0,0,0,0,0,38
0,798,95.855231,-0.758097469806671,-0.000521905429195613,0,0,0,0,0,38
0,799,95.9752,-0.759358108043671,-0.00052516144933179,0,0,0,0,0,38
0,800,96.095169,-0.760502398014069,-0.00052675639744848,0,0,0,0,0,38
0,801,96.215138,-0.761898815631866,-0.000530164106748998,0,0,0,0,0,38
0,802,96.335107,-0.762887954711914,-0.000533723505213857,0,0,0,0,0,38
0,803,96.455076,-0.764071047306061,-0.000536963925696909,0,0,0,0,0,38
0,804,96.575045,-0.765506207942963,-0.000540165463462472,0,0,0,0,0,38
0,805,96.695014,-0.76624321937561,-0.000544444599654526,0,0,0,0,0,38
0,806,96.814983,-0.767736613750458,-0.00054654135601595,0,0,0,0,0,38
0,807,96.934952,-0.768958508968353,-0.000549120479263365,0,0,0,0,0,38
0,808,97.054921,-0.770141541957855,-0.000550730968825519,0,0,0,0,0,38
0,809,97.17489,-0.771091938018799,-0.000554920581635088,0,0,0,0,0,38
0,810,97.294859,-0.772236168384552,-0.000556737242732197,0,0,0,0,0,38
0,811,97.414828,-0.773671388626099,-0.000560273299925029,0,0,0,0,0,38
0,812,97.534797,-0.774893283843994,-0.000562136701773852,0,0,0,0,0,38
0,813,97.654766,-0.776212096214294,-0.000566015078220516,0,0,0,0,0,38
0,814,97.774735,-0.776949107646942,-0.000569158291909844,0,0,0,0,0,38
0,815,97.894704,-0.778403699398041,-0.000571445620153099,0,0,0,0,0,38
0,816,98.014673,-0.779567420482636,-0.000574783363845199,0,0,0,0,0,38
0,817,98.134642,-0.780944406986237,-0.000578957377001643,0,0,0,0,0,38
0,818,98.254611,-0.782049894332886,-0.000581707688979805,0,0,0,0,0,38
0,819,98.37458,-0.78321361541748,-0.000583656597882509,0,0,0,0,0,38
0,820,98.494549,-0.784396708011627,-0.000587324961088598,0,0,0,0,0,38
0,821,98.614518,-0.785424590110779,-0.000589589006267488,0,0,0,0,0,38
0,822,98.734487,-0.786413729190826,-0.000591798569075763,0,0,0,0,0,38
0,823,98.854456,-0.787868320941925,-0.00059557193890214,0,0,0,0,0,38
0,824,98.974425,-0.789090216159821,-0.000598551763687283,0,0,0,0,0,38
0,825,99.094394,-0.790273308753967,-0.000600940256845206,0,0,0,0,0,38
0,826,99.214363,-0.79161149263382,-0.000604383007157594,0,0,0,0,0,38
0,827,99.334332,-0.792794585227966,-0.000606880406849086,0,0,0,0,0,38
0,828,99.454301,-0.794132828712463,-0.000609556795097888,0,0,0,0,0,38
0,829,99.57427,-0.795199513435364,-0.000612272066064179,0,0,0,0,0,38
0,830,99.694239,-0.796402037143707,-0.000615967670455575,0,0,0,0,0,38
0,831,99.814208,-0.797546327114105,-0.000618737365584821,0,0,0,0,0,38
0,832,99.934177,-0.798477232456207,-0.000620519043877721,0,0,0,0,0,38
0,833,100.054146,-0.799718499183655,-0.000623911211732775,0,0,0,0,0,38
0,834,100.174115,-0.80119252204895,-0.000628186389803886,0,0,0,0,0,38
0,835,100.294084,-0.802414357662201,-0.000629730755463243,0,0,0,0,0,38
0,836,100.414053,-0.803694427013397,-0.000633045099675655,0,0,0,0,0,38
0,837,100.534022,-0.804605960845947,-0.000634959025774151,0,0,0,0,0,38
0,838,100.653991,-0.805808424949646,-0.000638580706436187,0,0,0,0,0,38
0,839,100.77396,-0.807437598705292,-0.00064156437292695,0,0,0,0,0,38
0,840,100.893929,-0.80848491191864,-0.000644178537186235,0,0,0,0,0,38
0,841,101.013898,-0.809474050998688,-0.000645886291749775,0,0,0,0,0,38
0,842,101.133867,-0.810734689235687,-0.000648667686618865,0,0,0,0,0,38
0,843,101.253836,-0.812072932720184,-0.000651297392323613,0,0,0,0,0,38
0,844,101.373805,-0.813353002071381,-0.000655078561976552,0,0,0,0,0,38
0,845,101.493774,-0.814400315284729,-0.000656786316540092,0,0,0,0,0,38
0,846,101.613743,-0.815428256988525,-0.000659591052681208,0,0,0,0,0,38
0,847,101.733712,-0.816805243492126,-0.000662675884086639,0,0,0,0,0,38
0,848,101.853681,-0.818124115467072,-0.000665714032948017,0,0,0,0,0,38
0,849,101.97365,-0.819520533084869,-0.000668277614749968,0,0,0,0,0,38
0,850,102.093619,-0.82033509016037,-0.000671891495585442,0,0,0,0,0,38
0,851,102.213588,-0.821266055107117,-0.00067389098694548,0,0,0,0,0,38
0,852,102.333557,-0.822798192501068,-0.000676057767122984,0,0,0,0,0,38
0,853,102.453526,-0.823981285095215,-0.000680360186379403,0,0,0,0,0,38
0,854,102.573495,-0.825009226799011,-0.000681266596075147,0,0,0,0,0,38
0,855,102.693464,-0.826483190059662,-0.000683499500155449,0,0,0,0,0,38
0,856,102.813433,-0.827763259410858,-0.000686864426825196,0,0,0,0,0,38
0,857,102.933402,-0.828810572624207,-0.000689832551870495,0,0,0,0,0,38
0,858,103.053371,-0.829916059970856,-0.000691159046255052,0,0,0,0,0,38
0,859,103.17334,-0.831196129322052,-0.000694520073011518,0,0,0,0,0,38
0,860,103.293309,-0.832282245159149,-0.000697978364769369,0,0,0,0,0,38
0,861,103.413278,-0.833601057529449,-0.000702498655300587,0,0,0,0,0,38
0,862,103.533247,-0.834551393985748,-0.000703459489159286,0,0,0,0,0,38
0,863,103.653216,-0.836161196231842,-0.000705933605786413,0,0,0,0,0,38
0,864,103.773185,-0.837189078330994,-0.000708201492670923,0,0,0,0,0,38
0,865,103.893154,-0.83821702003479,-0.000711990462150425,0,0,0,0,0,38
0,866,104.013123,-0.839516460895538,-0.000714056077413261,0,0,0,0,0,38
0,867,104.133092,-0.840621948242188,-0.00071657687658444,0,0,0,0,0,38
0,868,104.253061,-0.841708064079285,-0.00071869307430461,0,0,0,0,0,38
0,869,104.37303,-0.842988133430481,-0.000722357537597418,0,0,0,0,0,38
0,870,104.492999,-0.844268143177032,-0.00072522449772805,0,0,0,0,0,38
0,871,104.612968,-0.845315515995026,-0.000727041158825159,0,0,0,0,0,38
0,872,104.732937,-0.846750676631927,-0.000730028783436865,0,0,0,0,0,38
0,873,104.852906,-0.847797989845276,-0.000732133281417191,0,0,0,0,0,38
0,874,104.972875,-0.848942279815674,-0.000735560490284115,0,0,0,0,0,38
0,875,105.092844,-0.850164175033569,-0.000738248520065099,0,0,0,0,0,38
0,876,105.212813,-0.851502418518066,-0.000740967690944672,0,0,0,0,0,38
0,877,105.332782,-0.852569103240967,-0.000743165554013103,0,0,0,0,0,38
0,878,105.452751,-0.854120671749115,-0.000746079254895449,0,0,0,0,0,38
0,879,105.57272,-0.855245590209961,-0.000749490864109248,0,0,0,0,0,38
0,880,105.692689,-0.85660320520401,-0.000751859915908426,0,0,0,0,0,38
0,881,105.812658,-0.857708692550659,-0.000754123961087316,0,0,0,0,0,38
0,882,105.932627,-0.858911156654358,-0.000756286841351539,0,0,0,0,0,38
0,883,106.052596,-0.859958469867706,-0.000758986570872366,0,0,0,0,0,38
0,884,106.172565,-0.861102759838104,-0.000761802948545665,0,0,0,0,0,38
0,885,106.292534,-0.862130701541901,-0.000764350988902152,0,0,0,0,0,38
0,886,106.412503,-0.863371968269348,-0.000767140183597803,0,0,0,0,0,38
0,887,106.532472,-0.864904165267944,-0.000769396428950131,0,0,0,0,0,38
0,888,106.652441,-0.866067826747894,-0.000773130916059017,0,0,0,0,0,38
0,889,106.77241,-0.86728972196579,-0.000775748922023922,0,0,0,0,0,38
0,890,106.892379,-0.868065476417542,-0.000776970409788191,0,0,0,0,0,38
0,891,107.012348,-0.869597673416138,-0.000779744004830718,0,0,0,0,0,38
0,892,107.132317,-0.870412230491638,-0.000783062248956412,0,0,0,0,0,38
0,893,107.252286,-0.871789276599884,-0.000784423784352839,0,0,0,0,0,38
0,894,107.372255,-0.873127520084381,-0.000787310244049877,0,0,0,0,0,38
0,895,107.492224,-0.874465763568878,-0.000789080222602934,0,0,0,0,0,38
0,896,107.612193,-0.875513076782227,-0.000792052247561514,0,0,0,0,0,38
0,897,107.732162,-0.876812517642975,-0.000795199302956462,0,0,0,0,0,38
0,898,107.852131,-0.877879202365875,-0.000797051005065441,0,0,0,0,0,38
0,899,107.9721,-0.879004120826721,-0.000798447523266077,0,0,0,0,0,38
0,900,108.092069,-0.880555689334869,-0.000801318441517651,0,0,0,0,0,38
0,901,108.212038,-0.88152539730072,-0.000804940122179687,0,0,0,0,0,38
0,902,108.332007,-0.882921814918518,-0.000808001612313092,0,0,0,0,0,38
0,903,108.451976,-0.883678257465363,-0.000809269782621413,0,0,0,0,0,38
0,904,108.571945,-0.884880721569061,-0.000811771082226187,0,0,0,0,0,38
0,905,108.691914,-0.88633531332016,-0.000814937637187541,0,0,0,0,0,38
0,906,108.811883,-0.887595951557159,-0.000817341671790928,0,0,0,0,0,38
0,907,108.931852,-0.888623893260956,-0.000819368404336274,0,0,0,0,0,38
0,908,109.051821,-0.889903962612152,-0.000822142057586461,0,0,0,0,0,38
0,909,109.17179,-0.890970647335052,-0.000823480251710862,0,0,0,0,0,38
0,910,109.291759,-0.892250716686249,-0.000826514500658959,0,0,0,0,0,38
0,911,109.411728,-0.89362770318985,-0.000827957701403648,0,0,0,0,0,38
0,912,109.531697,-0.894868969917297,-0.000830295670311898,0,0,0,0,0,38
0,913,109.651666,-0.895916283130646,-0.000833139289170504,0,0,0,0,0,38
0,914,109.771635,-0.897157549858093,-0.000835897400975227,0,0,0,0,0,38
0,915,109.891604,-0.898553967475891,-0.000839382875710726,0,0,0,0,0,38
0,916,110.011573,-0.89950430393219,-0.000839378975797445,0,0,0,0,0,38
0,917,110.131542,-0.900997698307037,-0.000843623070977628,0,0,0,0,0,38
0,918,110.251511,-0.901831686496735,-0.000845536997076124,0,0,0,0,0,38
0,919,110.37148,-0.903092324733734,-0.000847330316901207,0,0,0,0,0,38
0,920,110.491449,-0.904256045818329,-0.000848913623485714,0,0,0,0,0,38
0,921,110.611418,-0.90538090467453,-0.000852216267958283,0,0,0,0,0,38
0,922,110.731387,-0.906602799892426,-0.000855083286296576,0,0,0,0,0,38
0,923,110.851356,-0.907844066619873,-0.000857382314279675,0,0,0,0,0,38
0,924,110.971325,-0.909259855747223,-0.000858199200592935,0,0,0,0,0,38
0,925,111.091294,-0.910132646560669,-0.000860805565025657,0,0,0,0,0,38
0,926,111.211263,-0.911490261554718,-0.000863804831169546,0,0,0,0,0,38
0,927,111.331232,-0.912828505039215,-0.000865240290295333,0,0,0,0,0,38
0,928,111.451201,-0.913992166519165,-0.000867764931172132,0,0,0,0,0,38
0,929,111.57117,-0.91531103849411,-0.000870184565428644,0,0,0,0,0,38
0,930,111.691139,-0.916513502597809,-0.000873343320563436,0,0,0,0,0,38
0,931,111.811108,-0.91754138469696,-0.000874930468853563,0,0,0,0,0,38
0,932,111.931077,-0.918608129024506,-0.000877459009643644,0,0,0,0,0,38
0,933,112.051046,-0.919849395751953,-0.000879057857673615,0,0,0,0,0,38
0,934,112.171015,-0.921148836612701,-0.000881531916093081,0,0,0,0,0,38
0,935,112.290984,-0.922157347202301,-0.00088494352530688,0,0,0,0,0,38
0,936,112.410953,-0.923650741577148,-0.00088679522741586,0,0,0,0,0,38
0,937,112.530922,-0.924601078033447,-0.000887771660927683,0,0,0,0,0,38
0,938,112.650891,-0.925900518894196,-0.00089061917969957,0,0,0,0,0,38
0,939,112.77086,-0.927335739135742,-0.000892762618605047,0,0,0,0,0,38
0,940,112.890829,-0.928189098834991,-0.000894151395186782,0,0,0,0,0,38
0,941,113.010798,-0.929469168186188,-0.000897053396329284,0,0,0,0,0,38
0,942,113.130767,-0.930923759937286,-0.000899126811418682,0,0,0,0,0,38
0,943,113.250736,-0.932009875774384,-0.000901476421859115,0,0,0,0,0,38
0,944,113.370705,-0.93328994512558,-0.000903242500498891,0,0,0,0,0,38
0,945,113.490674,-0.934240281581879,-0.000904460088349879,0,0,0,0,0,38
0,946,113.610643,-0.935597896575928,-0.000907634384930134,0,0,0,0,0,38
0,947,113.730612,-0.936684012413025,-0.000910353555809706,0,0,0,0,0,38
0,948,113.850581,-0.937847673892975,-0.000912131334189326,0,0,0,0,0,38
0,949,113.97055,-0.93932169675827,-0.00091474549844861,0,0,0,0,0,38
0,950,114.090519,-0.940446555614471,-0.000916492135729641,0,0,0,0,0,38
0,951,114.210488,-0.941280543804169,-0.000917460769414902,0,0,0,0,0,38
0,952,114.330457,-0.942541182041168,-0.000920650607440621,0,0,0,0,0,38
0,953,114.450426,-0.943782448768616,-0.000922300037927926,0,0,0,0,0,38
0,954,114.570395,-0.94519829750061,-0.000924350111745298,0,0,0,0,0,38
0,955,114.690364,-0.946090400218964,-0.000926431268453598,0,0,0,0,0,38
0,956,114.810333,-0.947312295436859,-0.000928500783629715,0,0,0,0,0,38
0,957,114.930302,-0.948631107807159,-0.000931480608414859,0,0,0,0,0,38
0,958,115.050271,-0.949911177158356,-0.000933196162804961,0,0,0,0,0,38
0,959,115.17024,-0.951210618019104,-0.0009354212670587,0,0,0,0,0,38
0,960,115.290209,-0.952219188213348,-0.000937377975787967,0,0,0,0,0,38
0,961,115.410178,-0.953518629074097,-0.000939486373681575,0,0,0,0,0,38
0,962,115.530147,-0.954701662063599,-0.000940789585001767,0,0,0,0,0,38
0,963,115.650116,-0.956020534038544,-0.000942481739912182,0,0,0,0,0,38
0,964,115.770085,-0.957106649875641,-0.00094521651044488,0,0,0,0,0,38
0,965,115.890054,-0.958250939846039,-0.000946764717809856,0,0,0,0,0,38
0,966,116.010023,-0.959705531597137,-0.000949355540797114,0,0,0,0,0,38
0,967,116.129992,-0.960520088672638,-0.000952304224483669,0,0,0,0,0,38
0,968,116.249961,-0.961897134780884,-0.000953210634179413,0,0,0,0,0,38
0,969,116.36993,-0.963138401508331,-0.000954961171373725,0,0,0,0,0,38
0,970,116.489899,-0.964418411254883,-0.000957972079049796,0,0,0,0,0,38
0,971,116.609868,-0.965562701225281,-0.000958014861680567,0,0,0,0,0,38
0,972,116.729837,-0.966803967952728,-0.00096132920589298,0,0,0,0,0,38
0,973,116.849806,-0.967773735523224,-0.000963235332164913,0,0,0,0,0,38
0,974,116.969775,-0.969150722026825,-0.000965083134360611,0,0,0,0,0,38
0,975,117.089744,-0.970295011997223,-0.000966720865108073,0,0,0,0,0,38
0,976,117.209713,-0.971555709838867,-0.000968319713138044,0,0,0,0,0,38
0,977,117.329682,-0.972506046295166,-0.000970136374235153,0,0,0,0,0,38
0,978,117.449651,-0.974096417427063,-0.00097287108656019,0,0,0,0,0,38
0,979,117.56962,-0.975027322769165,-0.00097453995840624,0,0,0,0,0,38
0,980,117.689589,-0.976288020610809,-0.000975753646343946,0,0,0,0,0,38
0,981,117.809558,-0.977180182933807,-0.000978445634245873,0,0,0,0,0,38
0,982,117.929527,-0.978498995304108,-0.000980417826212943,0,0,0,0,0,38
0,983,118.049496,-0.979817867279053,-0.000982176163233817,0,0,0,0,0,38
0,984,118.169465,-0.980962157249451,-0.000983689446002245,0,0,0,0,0,38
0,985,118.289434,-0.98197066783905,-0.000985918450169265,0,0,0,0,0,38
0,986,118.409403,-0.983561038970947,-0.000987653387710452,0,0,0,0,0,38
0,987,118.529372,-0.984802305698395,-0.000989508931525052,0,0,0,0,0,38
0,988,118.649341,-0.985713839530945,-0.000990994973108172,0,0,0,0,0,38
0,989,118.76931,-0.987013280391693,-0.000992827233858407,0,0,0,0,0,38
0,990,118.889279,-0.988157570362091,-0.000994091504253447,0,0,0,0,0,38
0,991,119.009248,-0.989398837089539,-0.000997969880700111,0,0,0,0,0,38
0,992,119.129217,-0.990504324436188,-0.000998786883428693,0,0,0,0,0,38
0,993,119.249186,-0.991609811782837,-0.000999809941276908,0,0,0,0,0,38
0,994,119.369155,-0.993180811405182,-0.00100282079074532,0,0,0,0,0,38
0,995,119.489124,-0.994422078132629,-0.00100508879404515,0,0,0,0,0,38
0,996,119.609093,-0.995372414588928,-0.00100546609610319,0,0,0,0,0,38
0,997,119.729062,-0.99665242433548,-0.00100743840448558,0,0,0,0,0,38
0,998,119.849031,-0.997951924800873,-0.00101065158378333,0,0,0,0,0,38
0,999,119.969,-0.999212563037872,-0.00101164355874062,0,0,0,0,0,38
0,1000,120.088969,-0.999425888061523,-0.0010106205008924,0,0,0,0,0,38
1,1001,120.308969,-0.997137308120728,-0.00100033509079367,0,0,0,0,0,38
1,1002,120.528969,-0.994635403156281,-0.000989956315606833,0,0,0,0,0,38
1,1003,120.748969,-0.992831707000732,-0.000981849385425448,0,0,0,0,0,38
1,1004,120.968969,-0.990698277950287,-0.000974917260464281,0,0,0,0,0,38
1,1005,121.188969,-0.988506674766541,-0.000965756131336093,0,0,0,0,0,38
1,1006,121.408969,-0.986101746559143,-0.000958660617470741,0,0,0,0,0,38
1,1007,121.628969,-0.984065294265747,-0.000949927372857928,0,0,0,0,0,38
1,1008,121.848969,-0.98197066783905,-0.000943158636800945,0,0,0,0,0,38
1,1009,122.068969,-0.979623913764954,-0.000935098389163613,0,0,0,0,0,38
1,1010,122.288969,-0.977160751819611,-0.00092796009266749,0,0,0,0,0,38
1,1011,122.508969,-0.975357055664063,-0.000922708481084555,0,0,0,0,0,38
1,1012,122.728969,-0.973029673099518,-0.000915924145374447,0,0,0,0,0,38
1,1013,122.948969,-0.970857501029968,-0.00090917875058949,0,0,0,0,0,38
1,1014,123.168969,-0.968646466732025,-0.000902954605408013,0,0,0,0,0,38
1,1015,123.388969,-0.966396689414978,-0.000896975572686642,0,0,0,0,0,38
1,1016,123.608969,-0.964127540588379,-0.00089024961926043,0,0,0,0,0,38
1,1017,123.828969,-0.961916506290436,-0.000884492299519479,0,0,0,0,0,38
1,1018,124.048969,-0.959802508354187,-0.000878579390700907,0,0,0,0,0,38
1,1019,124.268969,-0.957591474056244,-0.000872888194862753,0,0,0,0,0,38
1,1020,124.488969,-0.955516278743744,-0.00086842238670215,0,0,0,0,0,38
1,1021,124.708969,-0.953227698802948,-0.000862365530338138,0,0,0,0,0,38
1,1022,124.928969,-0.951055467128754,-0.0008572539081797,0,0,0,0,0,38
1,1023,125.148969,-0.948960840702057,-0.000851897289976478,0,0,0,0,0,38
1,1024,125.368969,-0.946885585784912,-0.000846836308483034,0,0,0,0,0,38
1,1025,125.588969,-0.944228529930115,-0.000840495456941426,0,0,0,0,0,38
1,1026,125.808969,-0.94190114736557,-0.000835095997899771,0,0,0,0,0,38
1,1027,126.028969,-0.940039277076721,-0.000831381010357291,0,0,0,0,0,38
1,1028,126.248969,-0.937614917755127,-0.000825717055704445,0,0,0,0,0,38
1,1029,126.468969,-0.935753047466278,-0.000820119224954396,0,0,0,0,0,38
1,1030,126.688969,-0.933425664901733,-0.000815964594949037,0,0,0,0,0,38
1,1031,126.908969,-0.931389212608337,-0.000812175625469536,0,0,0,0,0,38
1,1032,127.128969,-0.929255843162537,-0.000808569544460624,0,0,0,0,0,38
1,1033,127.348969,-0.926850855350494,-0.000803714734502137,0,0,0,0,0,38
1,1034,127.568969,-0.924387753009796,-0.000799058296252042,0,0,0,0,0,38
1,1035,127.788969,-0.922409474849701,-0.000794611929450184,0,0,0,0,0,38
1,1036,128.008969,-0.920353651046753,-0.000790150021202862,0,0,0,0,0,38
1,1037,128.228969,-0.917832314968109,-0.000785322394222021,0,0,0,0,0,38
1,1038,128.448969,-0.915776491165161,-0.000781350652687252,0,0,0,0,0,38
1,1039,128.668969,-0.913701236248016,-0.000777363311499357,0,0,0,0,0,38
1,1040,128.888969,-0.911432087421417,-0.000773375970311463,0,0,0,0,0,38
1,1041,129.108969,-0.90927928686142,-0.00076746690319851,0,0,0,0,0,38
1,1042,129.328969,-0.906757950782776,-0.000764222582802176,0,0,0,0,0,38
1,1043,129.548969,-0.904779672622681,-0.000760418071877211,0,0,0,0,0,38
1,1044,129.768969,-0.902297139167786,-0.000755882239900529,0,0,0,0,0,38
1,1045,129.988969,-0.900706768035889,-0.000752396765165031,0,0,0,0,0,38
1,1046,130.208969,-0.898069083690643,-0.000748775084502995,0,0,0,0,0,38
1,1047,130.428969,-0.896187841892242,-0.00074497057357803,0,0,0,0,0,38
1,1048,130.648969,-0.893763482570648,-0.000740532006602734,0,0,0,0,0,38
1,1049,130.868969,-0.891358554363251,-0.000736303452868015,0,0,0,0,0,38
1,1050,131.088969,-0.889244496822357,-0.000732724613044411,0,0,0,0,0,38
1,1051,131.308969,-0.887130498886108,-0.000729359686374664,0,0,0,0,0,38
1,1052,131.528969,-0.885055243968964,-0.000724897778127342,0,0,0,0,0,38
1,1053,131.748969,-0.882747292518616,-0.00072180904680863,0,0,0,0,0,38
1,1054,131.968969,-0.880633234977722,-0.0007173937628977,0,0,0,0,0,38
1,1055,132.188969,-0.878461062908173,-0.000714328372851014,0,0,0,0,0,38
1,1056,132.408969,-0.876230657100677,-0.000711605360265821,0,0,0,0,0,38
1,1057,132.628969,-0.873883903026581,-0.000707808590959758,0,0,0,0,0,38
1,1058,132.848969,-0.871925055980682,-0.000703572295606136,0,0,0,0,0,38
1,1059,133.068969,-0.869500696659088,-0.000698985881172121,0,0,0,0,0,38
1,1060,133.288969,-0.867406070232391,-0.000697604904416949,0,0,0,0,0,38
1,1061,133.508969,-0.865350246429443,-0.000693166337441653,0,0,0,0,0,38
1,1062,133.728969,-0.863216817378998,-0.000689995940774679,0,0,0,0,0,38
1,1063,133.948969,-0.8608118891716,-0.000685666280332953,0,0,0,0,0,38
1,1064,134.168969,-0.858620285987854,-0.000683048216160387,0,0,0,0,0,38
1,1065,134.388969,-0.856583833694458,-0.000679045333527029,0,0,0,0,0,38
1,1066,134.608969,-0.854566752910614,-0.000675711547955871,0,0,0,0,0,38
1,1067,134.828969,-0.852006673812866,-0.000672121008392423,0,0,0,0,0,38
1,1068,135.048969,-0.849698662757874,-0.00066884164698422,0,0,0,0,0,38
1,1069,135.268969,-0.847662270069122,-0.000667059968691319,0,0,0,0,0,38
1,1070,135.488969,-0.845703363418579,-0.000661781174130738,0,0,0,0,0,38
1,1071,135.708969,-0.84327906370163,-0.000659828307107091,0,0,0,0,0,38
1,1072,135.928969,-0.840990483760834,-0.000656202784739435,0,0,0,0,0,38
1,1073,136.148969,-0.838643729686737,-0.00065329298377037,0,0,0,0,0,38
1,1074,136.368969,-0.836568474769592,-0.000649858033284545,0,0,0,0,0,38
1,1075,136.588969,-0.834532022476196,-0.000646290834993124,0,0,0,0,0,38
1,1076,136.808969,-0.832165896892548,-0.000642750877887011,0,0,0,0,0,38
1,1077,137.028969,-0.830032467842102,-0.000639160338323563,0,0,0,0,0,38
1,1078,137.248969,-0.827569305896759,-0.000636441167443991,0,0,0,0,0,38
1,1079,137.468969,-0.82555228471756,-0.000633504125289619,0,0,0,0,0,38
1,1080,137.688969,-0.823535203933716,-0.00063042709371075,0,0,0,0,0,38
1,1081,137.908969,-0.821227252483368,-0.000627279980108142,0,0,0,0,0,38
1,1082,138.128969,-0.81882232427597,-0.000623985135462135,0,0,0,0,0,38
1,1083,138.348969,-0.816921651363373,-0.000620694074314088,0,0,0,0,0,38
1,1084,138.568969,-0.814536094665527,-0.000617239682469517,0,0,0,0,0,38
1,1085,138.788969,-0.81253844499588,-0.000615819822996855,0,0,0,0,0,38
1,1086,139.008969,-0.810036480426788,-0.000611178926192224,0,0,0,0,0,38
1,1087,139.228969,-0.80807763338089,-0.000608922680839896,0,0,0,0,0,38
1,1088,139.448969,-0.805905401706696,-0.000606460263952613,0,0,0,0,0,38
1,1089,139.668969,-0.803810775279999,-0.000603496038820595,0,0,0,0,0,38
1,1090,139.888969,-0.80169677734375,-0.000599998864345253,0,0,0,0,0,38
1,1091,140.108969,-0.798923313617706,-0.000597155187278986,0,0,0,0,0,38
1,1092,140.328969,-0.797158420085907,-0.000593319593463093,0,0,0,0,0,38
1,1093,140.548969,-0.794850409030914,-0.000590911600738764,0,0,0,0,0,38
1,1094,140.768969,-0.792833387851715,-0.000587570015341043,0,0,0,0,0,38
1,1095,140.988969,-0.79050600528717,-0.000584465742576867,0,0,0,0,0,38
1,1096,141.208969,-0.788217425346375,-0.000581493717618287,0,0,0,0,0,38
1,1097,141.428969,-0.785967648029327,-0.00057794206077233,0,0,0,0,0,38
1,1098,141.648969,-0.783776044845581,-0.0005756780738011,0,0,0,0,0,38
1,1099,141.868969,-0.781351685523987,-0.00057241425383836,0,0,0,0,0,38
1,1100,142.088969,-0.779334664344788,-0.000568520277738571,0,0,0,0,0,38
1,1101,142.308969,-0.77733701467514,-0.00056725216563791,0,0,0,0,0,38
1,1102,142.528969,-0.775261759757996,-0.000561872147955,0,0,0,0,0,38
1,1103,142.748969,-0.772740483283997,-0.000559541978873312,0,0,0,0,0,38
1,1104,142.968969,-0.770781576633453,-0.000557538587599993,0,0,0,0,0,38
1,1105,143.188969,-0.768318474292755,-0.000553691294044256,0,0,0,0,0,38
1,1106,143.408969,-0.766282021999359,-0.000551547855138779,0,0,0,0,0,38
1,1107,143.628969,-0.764187395572662,-0.000548058480489999,0,0,0,0,0,38
1,1108,143.848969,-0.761898815631866,-0.000545222603250295,0,0,0,0,0,38
1,1109,144.068969,-0.759823560714722,-0.000542958558071405,0,0,0,0,0,38
1,1110,144.288969,-0.757321655750275,-0.000539535307325423,0,0,0,0,0,38
1,1111,144.508969,-0.754916727542877,-0.000535960309207439,0,0,0,0,0,38
1,1112,144.728969,-0.75317120552063,-0.000533209997229278,0,0,0,0,0,38
1,1113,144.948969,-0.750921428203583,-0.000529961776919663,0,0,0,0,0,38
1,1114,145.168969,-0.74886554479599,-0.000527265947312117,0,0,0,0,0,38
1,1115,145.388969,-0.74669337272644,-0.000524963019415736,0,0,0,0,0,38
1,1116,145.608969,-0.743939280509949,-0.000520711182616651,0,0,0,0,0,38
1,1117,145.828969,-0.742096781730652,-0.000519166816957295,0,0,0,0,0,38
1,1118,146.048969,-0.740021586418152,-0.000515560735948384,0,0,0,0,0,38
1,1119,146.268969,-0.737771809101105,-0.000512044061906636,0,0,0,0,0,38
1,1120,146.488969,-0.735328078269959,-0.000510192418005317,0,0,0,0,0,38
1,1121,146.708969,-0.733020067214966,-0.000506411248352379,0,0,0,0,0,38
1,1122,146.928969,-0.73098361492157,-0.000504711293615401,0,0,0,0,0,38
1,1123,147.148969,-0.728850245475769,-0.000500560563523322,0,0,0,0,0,38
1,1124,147.368969,-0.726813793182373,-0.00049869721988216,0,0,0,0,0,38
1,1125,147.588969,-0.72460275888443,-0.000495277810841799,0,0,0,0,0,38
1,1126,147.808969,-0.722488760948181,-0.000492788152769208,0,0,0,0,0,38
1,1127,148.028969,-0.719967424869537,-0.000488431251142174,0,0,0,0,0,38
1,1128,148.248969,-0.717930972576141,-0.000486311182612553,0,0,0,0,0,38
1,1129,148.468969,-0.715487241744995,-0.000483097974210978,0,0,0,0,0,38
1,1130,148.688969,-0.713761150836945,-0.000481421331642196,0,0,0,0,0,38
1,1131,148.908969,-0.711356163024902,-0.00047820812324062,0,0,0,0,0,38
1,1132,149.128969,-0.708602130413055,-0.000474625383503735,0,0,0,0,0,38
1,1133,149.348969,-0.707011759281158,-0.000472419691504911,0,0,0,0,0,38
1,1134,149.568969,-0.704568028450012,-0.000468871934572235,0,0,0,0,0,38
1,1135,149.788969,-0.702764332294464,-0.000467277015559375,0,0,0,0,0,38
1,1136,150.008969,-0.700010299682617,-0.000462811178294942,0,0,0,0,0,38
1,1137,150.228969,-0.698070824146271,-0.00046165194362402,0,0,0,0,0,38
1,1138,150.448969,-0.695685267448425,-0.000457781308796257,0,0,0,0,0,38
1,1139,150.668969,-0.693590641021729,-0.000454871536931023,0,0,0,0,0,38
1,1140,150.888969,-0.691496014595032,-0.000453101529274136,0,0,0,0,0,38
1,1141,151.108969,-0.68909102678299,-0.000450168416136876,0,0,0,0,0,38
1,1142,151.328969,-0.68691885471344,-0.000446920195827261,0,0,0,0,0,38
1,1143,151.548969,-0.684785425662994,-0.000498592155054212,0,0,0,0,0,38
1,1144,151.768969,-0.682632625102997,-0.000492943800054491,0,0,0,0,0,38
1,1145,151.988969,-0.6805379986763,-0.000488427409436554,0,0,0,0,0,38
1,1146,152.208969,-0.678229987621307,-0.00048618670552969,0,0,0,0,0,38
1,1147,152.428969,-0.67607718706131,-0.000482498900964856,0,0,0,0,0,38
1,1148,152.648969,-0.673885583877563,-0.000479900336358696,0,0,0,0,0,38
1,1149,152.868969,-0.671732783317566,-0.000475932436529547,0,0,0,0,0,38
1,1150,153.088969,-0.669579982757568,-0.000473318301374093,0,0,0,0,0,38
1,1151,153.308969,-0.667368948459625,-0.000468864163849503,0,0,0,0,0,38
1,1152,153.528969,-0.664867043495178,-0.000464651209767908,0,0,0,0,0,38
1,1153,153.748969,-0.662772417068481,-0.000462332711322233,0,0,0,0,0,38
1,1154,153.968969,-0.660774767398834,-0.000459492934169248,0,0,0,0,0,38
1,1155,154.188969,-0.658641338348389,-0.00045719780609943,0,0,0,0,0,38
1,1156,154.408969,-0.65652734041214,-0.000453389395261183,0,0,0,0,0,38
1,1157,154.628969,-0.654102981090546,-0.000450432940851897,0,0,0,0,0,38
1,1158,154.848969,-0.65156227350235,-0.000447219732450321,0,0,0,0,0,38
1,1159,155.068969,-0.649603426456451,-0.000443547498434782,0,0,0,0,0,38
1,1160,155.288969,-0.647450625896454,-0.000440190342487767,0,0,0,0,0,38
1,1161,155.508969,-0.645162045955658,-0.000436735950643197,0,0,0,0,0,38
1,1162,155.728969,-0.642873466014862,-0.000433674460509792,0,0,0,0,0,38
1,1163,155.948969,-0.641108512878418,-0.000432569679105654,0,0,0,0,0,38
1,1164,156.168969,-0.63895571231842,-0.000429321458796039,0,0,0,0,0,38
1,1165,156.388969,-0.636628329753876,-0.000425917649408802,0,0,0,0,0,38
1,1166,156.608969,-0.634262204170227,-0.00042297673644498,0,0,0,0,0,38
1,1167,156.828969,-0.63191545009613,-0.000420296477386728,0,0,0,0,0,38
1,1168,157.048969,-0.629995346069336,-0.000416795402998105,0,0,0,0,0,38
1,1169,157.268969,-0.627532243728638,-0.000413870060583577,0,0,0,0,0,38
1,1170,157.488969,-0.625709116458893,-0.000411127548431978,0,0,0,0,0,38
1,1171,157.708969,-0.623129606246948,-0.000408295571105555,0,0,0,0,0,38
1,1172,157.928969,-0.621131956577301,-0.000405720318667591,0,0,0,0,0,38
1,1173,158.148969,-0.618998527526855,-0.000402479898184538,0,0,0,0,0,38
1,1174,158.368969,-0.616768181324005,-0.000400153629016131,0,0,0,0,0,38
1,1175,158.588969,-0.614809274673462,-0.000397267169319093,0,0,0,0,0,38
1,1176,158.808969,-0.612346172332764,-0.000394800881622359,0,0,0,0,0,38
1,1177,159.028969,-0.610193371772766,-0.000391739362385124,0,0,0,0,0,38
1,1178,159.248969,-0.60790479183197,-0.000388919055694714,0,0,0,0,0,38
1,1179,159.468969,-0.605558037757874,-0.000386896223062649,0,0,0,0,0,38
1,1180,159.688969,-0.603385806083679,-0.000384492159355432,0,0,0,0,0,38
1,1181,159.908969,-0.601000249385834,-0.000381096091587096,0,0,0,0,0,38
1,1182,160.128969,-0.599021971225739,-0.000378598662791774,0,0,0,0,0,38
1,1183,160.348969,-0.596752822399139,-0.000376400770619512,0,0,0,0,0,38
1,1184,160.568969,-0.594406068325043,-0.00037353768129833,0,0,0,0,0,38
1,1185,160.788969,-0.592544138431549,-0.000371153058949858,0,0,0,0,0,38
1,1186,161.008969,-0.590391337871552,-0.000368496112059802,0,0,0,0,0,38
1,1187,161.228969,-0.588277339935303,-0.000365924788638949,0,0,0,0,0,38
1,1188,161.448969,-0.585736632347107,-0.000362956634489819,0,0,0,0,0,38
1,1189,161.668969,-0.58364200592041,-0.000360163568984717,0,0,0,0,0,38
1,1190,161.888969,-0.581430971622467,-0.000357195443939418,0,0,0,0,0,38
1,1191,162.108969,-0.579103589057922,-0.000354468473233283,0,0,0,0,0,38
1,1192,162.328969,-0.577028393745422,-0.000352776289219037,0,0,0,0,0,38
1,1193,162.548969,-0.574953138828278,-0.000350796239217743,0,0,0,0,0,38
1,1194,162.768969,-0.572431862354279,-0.000347621942637488,0,0,0,0,0,38
1,1195,162.988969,-0.570511758327484,-0.000345089501934126,0,0,0,0,0,38
1,1196,163.208969,-0.568223178386688,-0.00034231974859722,0,0,0,0,0,38
1,1197,163.428969,-0.566031575202942,-0.000340752041665837,0,0,0,0,0,38
1,1198,163.648969,-0.563995122909546,-0.000338188488967717,0,0,0,0,0,38
1,1199,163.868969,-0.561648368835449,-0.000334699085215107,0,0,0,0,0,38
1,1200,164.088969,-0.559514939785004,-0.000332341704051942,0,0,0,0,0,38
1,1201,164.308969,-0.557323336601257,-0.000329268543282524,0,0,0,0,0,38
1,1202,164.528969,-0.555189907550812,-0.000327109533827752,0,0,0,0,0,38
1,1203,164.748969,-0.552978932857513,-0.000325409579090774,0,0,0,0,0,38
1,1204,164.968969,-0.550923109054565,-0.000321465020533651,0,0,0,0,0,38
1,1205,165.188969,-0.548207819461823,-0.00031930991099216,0,0,0,0,0,38
1,1206,165.408969,-0.546248972415924,-0.000309751980239525,0,0,0,0,0,38
1,1207,165.628969,-0.543960392475128,-0.000298723607556894,0,0,0,0,0,38
1,1208,165.848969,-0.541943371295929,-0.00029172922950238,0,0,0,0,0,38
1,1209,166.068969,-0.539965093135834,-0.000286936643533409,0,0,0,0,0,38
1,1210,166.288969,-0.537501931190491,-0.000281797838397324,0,0,0,0,0,38
1,1211,166.508969,-0.535329759120941,-0.000276620150543749,0,0,0,0,0,38
1,1212,166.728969,-0.533176958560944,-0.000274301652098075,0,0,0,0,0,38
1,1213,166.948969,-0.530771970748901,-0.0002701276098378,0,0,0,0,0,38
1,1214,167.168969,-0.528696775436401,-0.000264031841652468,0,0,0,0,0,38
1,1215,167.388969,-0.526408195495605,-0.000262187939370051,0,0,0,0,0,38
1,1216,167.608969,-0.524100184440613,-0.000259040854871273,0,0,0,0,0,38
1,1217,167.828969,-0.521792232990265,-0.000255049642873928,0,0,0,0,0,38
1,1218,168.048969,-0.51987212896347,-0.000253073463682085,0,0,0,0,0,38
1,1219,168.268969,-0.51779693365097,-0.000252248777542263,0,0,0,0,0,38
1,1220,168.488969,-0.515372574329376,-0.000250681070610881,0,0,0,0,0,38
1,1221,168.708969,-0.513142168521881,-0.000247393938479945,0,0,0,0,0,38
1,1222,168.928969,-0.511183321475983,-0.000245009345235303,0,0,0,0,0,38
1,1223,169.148969,-0.508836567401886,-0.000242021749727428,0,0,0,0,0,38
1,1224,169.368969,-0.506683766841888,-0.000240442372160032,0,0,0,0,0,38
1,1225,169.588969,-0.504143059253693,-0.000237291402299888,0,0,0,0,0,38
1,1226,169.808969,-0.502203583717346,-0.000235657571465708,0,0,0,0,0,38
1,1227,170.028969,-0.500205934047699,-0.000233323517022654,0,0,0,0,0,38
1,1228,170.248969,-0.498188853263855,-0.000230522666242905,0,0,0,0,0,38
1,1229,170.468969,-0.495512396097183,-0.000227624550461769,0,0,0,0,0,38
1,1230,170.688969,-0.49378627538681,-0.000226749281864613,0,0,0,0,0,38
1,1231,170.908969,-0.491051614284515,-0.000223995099077001,0,0,0,0,0,38
1,1232,171.128969,-0.48932546377182,-0.000222555769141763,0,0,0,0,0,38
1,1233,171.348969,-0.486939936876297,-0.000220424000872299,0,0,0,0,0,38
1,1234,171.568969,-0.484534978866577,-0.000217689273995347,0,0,0,0,0,38
1,1235,171.788969,-0.48238217830658,-0.000216211046790704,0,0,0,0,0,38
1,1236,172.008969,-0.480306923389435,-0.000214172643609345,0,0,0,0,0,38
1,1237,172.228969,-0.478134721517563,-0.000211597405723296,0,0,0,0,0,38
1,1238,172.448969,-0.476040095090866,-0.000210084166610613,0,0,0,0,0,38
1,1239,172.668969,-0.473693341016769,-0.000207699544262141,0,0,0,0,0,38
1,1240,172.888969,-0.471424162387848,-0.000206699798582122,0,0,0,0,0,38
1,1241,173.108969,-0.469310134649277,-0.000204540803679265,0,0,0,0,0,38
1,1242,173.328969,-0.46696338057518,-0.000202891402295791,0,0,0,0,0,38
1,1243,173.548969,-0.464829951524735,-0.000200183902052231,0,0,0,0,0,38
1,1244,173.768969,-0.462812900543213,-0.000199110247194767,0,0,0,0,0,38
1,1245,173.988969,-0.460446745157242,-0.000196433858945966,0,0,0,0,0,38
1,1246,174.208969,-0.45827454328537,-0.000195792003069073,0,0,0,0,0,38
1,1247,174.428969,-0.456141114234924,-0.000192139210412279,0,0,0,0,0,38
1,1248,174.648969,-0.453755557537079,-0.00019045481167268,0,0,0,0,0,38
1,1249,174.868969,-0.45189368724823,-0.00018991797696799,0,0,0,0,0,38
1,1250,175.088969,-0.449275404214859,-0.000187599493074231,0,0,0,0,0,38
1,1251,175.308969,-0.447626829147339,-0.000186082354048267,0,0,0,0,0,38
1,1252,175.528969,-0.445047348737717,-0.000183806652785279,0,0,0,0,0,38
1,1253,175.748969,-0.442681193351746,-0.000182161151315086,0,0,0,0,0,38
1,1254,175.968969,-0.44070291519165,-0.000180690694833174,0,0,0,0,0,38
1,1255,176.188969,-0.438511312007904,-0.000178271060576662,0,0,0,0,0,38
1,1256,176.408969,-0.436280936002731,-0.000177037916728295,0,0,0,0,0,38
1,1257,176.628969,-0.434128105640411,-0.000175349618075415,0,0,0,0,0,38
1,1258,176.848969,-0.43160679936409,-0.000173062246176414,0,0,0,0,0,38
1,1259,177.068969,-0.429706126451492,-0.000171591789694503,0,0,0,0,0,38
1,1260,177.288969,-0.427378743886948,-0.000169502818607725,0,0,0,0,0,38
1,1261,177.508969,-0.42547807097435,-0.0001681296271272,0,0,0,0,0,38
1,1262,177.728969,-0.423111915588379,-0.00016532487643417,0,0,0,0,0,38
1,1263,177.948969,-0.420920312404633,-0.000164780256454833,0,0,0,0,0,38
1,1264,178.168969,-0.418612331151962,-0.000162928583449684,0,0,0,0,0,38
1,1265,178.388969,-0.416750460863113,-0.000162154450663365,0,0,0,0,0,38
1,1266,178.608969,-0.414112776517868,-0.000160337789566256,0,0,0,0,0,38
1,1267,178.828969,-0.412231475114822,-0.000158972368808463,0,0,0,0,0,38
1,1268,179.048969,-0.41000109910965,-0.00015595366130583,0,0,0,0,0,38
1,1269,179.268969,-0.407712519168854,-0.000154782741446979,0,0,0,0,0,38
1,1270,179.488969,-0.405520915985107,-0.000152452586917207,0,0,0,0,0,38
1,1271,179.708969,-0.403096586465836,-0.000151705695316195,0,0,0,0,0,38
1,1272,179.928969,-0.40111830830574,-0.000150491978274658,0,0,0,0,0,38
1,1273,180.148969,-0.399256408214569,-0.000149375526234508,0,0,0,0,0,38
1,1274,180.368969,-0.396638125181198,-0.000146364604006521,0,0,0,0,0,38
1,1275,180.588969,-0.394756853580475,-0.000147002574522048,0,0,0,0,0,38
1,1276,180.808969,-0.392138570547104,-0.000143349796417169,0,0,0,0,0,38
1,1277,181.028969,-0.390160292387009,-0.000142976350616664,0,0,0,0,0,38
1,1278,181.248969,-0.388085067272186,-0.000140404998091981,0,0,0,0,0,38
1,1279,181.468969,-0.385369807481766,-0.000139210736961104,0,0,0,0,0,38
1,1280,181.688969,-0.383391529321671,-0.000137362949317321,0,0,0,0,0,38
1,1281,181.908969,-0.381413280963898,-0.000135962531203404,0,0,0,0,0,38
1,1282,182.128969,-0.379047125577927,-0.00013425866200123,0,0,0,0,0,38
1,1283,182.348969,-0.376874923706055,-0.000134001922560856,0,0,0,0,0,38
1,1284,182.568969,-0.374877274036407,-0.000132379762362689,0,0,0,0,0,38
1,1285,182.788969,-0.372220188379288,-0.000128874788060784,0,0,0,0,0,38
1,1286,183.008969,-0.370377689599991,-0.000127871157019399,0,0,0,0,0,38
1,1287,183.228969,-0.368186086416245,-0.000126972547150217,0,0,0,0,0,38
1,1288,183.448969,-0.366013884544373,-0.000125739388749935,0,0,0,0,0,38
1,1289,183.668969,-0.363744705915451,-0.000123498699394986,0,0,0,0,0,38
1,1290,183.888969,-0.361339747905731,-0.000122382247354835,0,0,0,0,0,38
1,1291,184.108969,-0.359400272369385,-0.00012187519314466,0,0,0,0,0,38
1,1292,184.328969,-0.357189267873764,-0.000119982534670271,0,0,0,0,0,38
1,1293,184.548969,-0.354939490556717,-0.000118771022243891,0,0,0,0,0,38
1,1294,184.768969,-0.352476358413696,-0.000117389317892957,0,0,0,0,0,38
1,1295,184.988969,-0.350420534610748,-0.000115584472951014,0,0,0,0,0,38
1,1296,185.208969,-0.347918599843979,-0.000114735863462556,0,0,0,0,0,38
1,1297,185.428969,-0.346037328243256,-0.000112944238935597,0,0,0,0,0,38
1,1298,185.648969,-0.34390389919281,-0.000111763023596723,0,0,0,0,0,38
1,1299,185.868969,-0.341479569673538,-0.000110757835500408,0,0,0,0,0,38
1,1300,186.088969,-0.339171588420868,-0.0001086437041522,0,0,0,0,0,38
1,1301,186.308969,-0.337309688329697,-0.000107546031358652,0,0,0,0,0,38
1,1302,186.528969,-0.335079312324524,-0.000106044259155169,0,0,0,0,0,38
1,1303,186.748969,-0.332810133695602,-0.000104483820905443,0,0,0,0,0,38
1,1304,186.968969,-0.330443978309631,-0.000103007696452551,0,0,0,0,0,38
1,1305,187.188969,-0.328407526016235,-0.000102009886177257,0,0,0,0,0,38
1,1306,187.408969,-0.32642924785614,-0.000100702782219741,0,0,0,0,0,38
1,1307,187.628969,-0.324179470539093,-9.9441924248822E-05,0,0,0,0,0,38
1,1308,187.848969,-0.321929693222046,-9.79432588792406E-05,0,0,0,0,0,38
1,1309,188.068969,-0.319563537836075,-9.67298037721775E-05,0,0,0,0,0,38
1,1310,188.288969,-0.317527085542679,-9.5075331046246E-05,0,0,0,0,0,38
1,1311,188.508969,-0.315238505601883,-9.39127712626942E-05,0,0,0,0,0,38
1,1312,188.728969,-0.313299030065537,-9.30424066609703E-05,0,0,0,0,0,38
1,1313,188.948969,-0.31120440363884,-9.16439967113547E-05,0,0,0,0,0,38
1,1314,189.168969,-0.308760672807693,-9.0165929577779E-05,0,0,0,0,0,38
1,1315,189.388969,-0.306452691555023,-8.89318762347102E-05,0,0,0,0,0,38
1,1316,189.608969,-0.30422231554985,-8.8070060883183E-05,0,0,0,0,0,38
1,1317,189.828969,-0.302185863256454,-8.67536291480064E-05,0,0,0,0,0,38
1,1318,190.048969,-0.299994260072708,-8.54383688420057E-05,0,0,0,0,0,38
1,1319,190.268969,-0.298016011714935,-8.42835797811858E-05,0,0,0,0,0,38
1,1320,190.488969,-0.295436501502991,-8.33051963127218E-05,0,0,0,0,0,38
1,1321,190.708969,-0.293031573295593,-8.20381173980422E-05,0,0,0,0,0,38
1,1322,190.928969,-0.291092097759247,-8.08102849987336E-05,0,0,0,0,0,38
1,1323,191.148969,-0.2889004945755,-8.01843198132701E-05,0,0,0,0,0,38
1,1324,191.368969,-0.286398559808731,-7.88103861850686E-05,0,0,0,0,0,38
1,1325,191.588969,-0.284323334693909,-7.75386433815584E-05,0,0,0,0,0,38
1,1326,191.808969,-0.282383859157562,-7.7098018664401E-05,0,0,0,0,0,38
1,1327,192.028969,-0.280037105083466,-7.5363896030467E-05,0,0,0,0,0,38
1,1328,192.248969,-0.278039455413818,-7.48354577808641E-05,0,0,0,0,0,38
1,1329,192.468969,-0.275789648294449,-7.32120752218179E-05,0,0,0,0,0,38
1,1330,192.688969,-0.273404121398926,-7.24994606571272E-05,0,0,0,0,0,38
1,1331,192.908969,-0.271387070417404,-7.13571062078699E-05,0,0,0,0,0,38
1,1332,193.128969,-0.269234240055084,-7.07676663296297E-05,0,0,0,0,0,38
1,1333,193.348969,-0.267042636871338,-6.9567424361594E-05,0,0,0,0,0,38
1,1334,193.568969,-0.264812260866165,-6.89266889821738E-05,0,0,0,0,0,38
1,1335,193.788969,-0.262698233127594,-6.77905554766767E-05,0,0,0,0,0,38
1,1336,194.008969,-0.260254502296448,-6.68560751364566E-05,0,0,0,0,0,38
1,1337,194.228969,-0.257868945598602,-6.6087901359424E-05,0,0,0,0,0,38
1,1338,194.448969,-0.255871295928955,-6.51355512673035E-05,0,0,0,0,0,38
1,1339,194.668969,-0.253873616456985,-6.4131134422496E-05,0,0,0,0,0,38
1,1340,194.888969,-0.251565665006638,-6.33159434073605E-05,0,0,0,0,0,38
1,1341,195.108969,-0.249257683753967,-6.25897373538464E-05,0,0,0,0,0,38
1,1342,195.328969,-0.247163057327271,-6.11042851232924E-05,0,0,0,0,0,38
1,1343,195.548969,-0.244758114218712,-6.07852816756349E-05,0,0,0,0,0,38
1,1344,195.768969,-0.242624700069427,-5.99638769926969E-05,0,0,0,0,0,38
1,1345,195.988969,-0.240316718816757,-5.91218740737531E-05,0,0,0,0,0,38
1,1346,196.208969,-0.238377258181572,-5.82771535846405E-05,0,0,0,0,0,38
1,1347,196.428969,-0.236069276928902,-5.73080978938378E-05,0,0,0,0,0,38
1,1348,196.648969,-0.233761310577393,-5.68293944525067E-05,0,0,0,0,0,38
1,1349,196.868969,-0.231841236352921,-5.59765176149085E-05,0,0,0,0,0,38
1,1350,197.088969,-0.229300528764725,-5.53901845705695E-05,0,0,0,0,0,38
1,1351,197.308969,-0.227438628673553,-5.44576505490113E-05,0,0,0,0,0,38
1,1352,197.528969,-0.224994897842407,-5.37873929715715E-05,0,0,0,0,0,38
1,1353,197.748969,-0.222977846860886,-5.31159676029347E-05,0,0,0,0,0,38
1,1354,197.968969,-0.220514714717865,-5.19755558343604E-05,0,0,0,0,0,38
1,1355,198.188969,-0.218303725123405,-5.14941348228604E-05,0,0,0,0,0,38
1,1356,198.408969,-0.216441825032234,-5.12435181008186E-05,0,0,0,0,0,38
1,1357,198.628969,-0.213881731033325,-4.97145520057529E-05,0,0,0,0,0,38
1,1358,198.848969,-0.211884066462517,-4.94410087412689E-05,0,0,0,0,0,38
1,1359,199.068969,-0.209614887833595,-4.88072728330735E-05,0,0,0,0,0,38
1,1360,199.288969,-0.207345709204674,-4.79644950246438E-05,0,0,0,0,0,38
1,1361,199.508969,-0.20511531829834,-4.74457738164347E-05,0,0,0,0,0,38
1,1362,199.728969,-0.202943101525307,-4.68555590487085E-05,0,0,0,0,0,38
1,1363,199.948969,-0.200867876410484,-4.6397060941672E-05,0,0,0,0,0,38
1,1364,200.168969,-0.198579296469688,-4.57462301710621E-05,0,0,0,0,0,38
1,1365,200.388969,-0.196504056453705,-4.48288519692142E-05,0,0,0,0,0,38
1,1366,200.608969,-0.194196090102196,-4.42184282292146E-05,0,0,0,0,0,38
1,1367,200.828969,-0.192023873329163,-4.38104470958933E-05,0,0,0,0,0,38
1,1368,201.048969,-0.190026223659515,-4.31157095590606E-05,0,0,0,0,0,38
1,1369,201.268969,-0.187601879239082,-4.26785809395369E-05,0,0,0,0,0,38
1,1370,201.488969,-0.185546040534973,-4.20689393649809E-05,0,0,0,0,0,38
1,1371,201.708969,-0.183335050940514,-4.14659007219598E-05,0,0,0,0,0,38
1,1372,201.928969,-0.181221023201942,-4.11410655942746E-05,0,0,0,0,0,38
1,1373,202.148969,-0.178932443261147,-3.99858909077011E-05,0,0,0,0,0,38
1,1374,202.368969,-0.1767408400774,-4.01265497202985E-05,0,0,0,0,0,38
1,1375,202.588969,-0.174355298280716,-3.8968264561845E-05,0,0,0,0,0,38
1,1376,202.808969,-0.172493398189545,-3.87537802453153E-05,0,0,0,0,0,38
1,1377,203.028969,-0.170301795005798,-3.84448794648051E-05,0,0,0,0,0,38
1,1378,203.248969,-0.168013229966164,-3.76343523385003E-05,0,0,0,0,0,38
1,1379,203.468969,-0.165879800915718,-3.71346686733887E-05,0,0,0,0,0,38
1,1380,203.688969,-0.163494259119034,-3.65219166269526E-05,0,0,0,0,0,38
1,1381,203.908969,-0.161089316010475,-3.59313125954941E-05,0,0,0,0,0,38
1,1382,204.128969,-0.159149840474129,-3.55244919774123E-05,0,0,0,0,0,38
1,1383,204.348969,-0.156822472810745,-3.51790658896789E-05,0,0,0,0,0,38
1,1384,204.568969,-0.154689058661461,-3.44819964084309E-05,0,0,0,0,0,38
1,1385,204.788969,-0.15247805416584,-3.40425394824706E-05,0,0,0,0,0,38
1,1386,205.008969,-0.150267064571381,-3.34670912707224E-05,0,0,0,0,0,38
1,1387,205.228969,-0.147765144705772,-3.30253024003468E-05,0,0,0,0,0,38
1,1388,205.448969,-0.145748093724251,-3.27490379277151E-05,0,0,0,0,0,38
1,1389,205.668969,-0.14388619363308,-3.22252672049217E-05,0,0,0,0,0,38
1,1390,205.888969,-0.141617015004158,-3.16785663017072E-05,0,0,0,0,0,38
1,1391,206.108969,-0.139386624097824,-3.10164687107317E-05,0,0,0,0,0,38
1,1392,206.328969,-0.136942893266678,-3.0531551601598E-05,0,0,0,0,0,38
1,1393,206.548969,-0.135022804141045,-3.05097910313634E-05,0,0,0,0,0,38
1,1394,206.768969,-0.132482096552849,-3.01189047604566E-05,0,0,0,0,0,38
1,1395,206.988969,-0.13042625784874,-2.94599140033824E-05,0,0,0,0,0,38
1,1396,207.208969,-0.128409206867218,-2.92765162157593E-05,0,0,0,0,0,38
1,1397,207.428969,-0.126314580440521,-2.87026196019724E-05,0,0,0,0,0,38
1,1398,207.648969,-0.12394842505455,-2.8299298719503E-05,0,0,0,0,0,38
1,1399,207.868969,-0.121815010905266,-2.74028989224462E-05,0,0,0,0,0,38
1,1400,208.088969,-0.119604013860226,-2.74367048405111E-05,0,0,0,0,0,38
1,1401,208.308969,-0.117354221642017,-2.751596912276E-05,0,0,0,0,0,38
1,1402,208.528969,-0.115007467567921,-2.66615352302324E-05,0,0,0,0,0,38
1,1403,208.748969,-0.11304859817028,-2.68084095296217E-05,0,0,0,0,0,38
1,1404,208.968969,-0.110895782709122,-2.57562005572254E-05,0,0,0,0,0,38
1,1405,209.188969,-0.108490839600563,-2.56621697189985E-05,0,0,0,0,0,38
1,1406,209.408969,-0.106202267110348,-2.54577898886055E-05,0,0,0,0,0,38
1,1407,209.628969,-0.104127027094364,-2.47719890467124E-05,0,0,0,0,0,38
1,1408,209.848969,-0.101819060742855,-2.45477913267678E-05,0,0,0,0,0,38
1,1409,210.068969,-0.0993559285998344,-2.39606833929429E-05,0,0,0,0,0,38
1,1410,210.288969,-0.0975328236818314,-2.40240187849849E-05,0,0,0,0,0,38
1,1411,210.508969,-0.0953218266367912,-2.37819476751611E-05,0,0,0,0,0,38
1,1412,210.728969,-0.0930526480078697,-2.29368397413054E-05,0,0,0,0,0,38
1,1413,210.948969,-0.0911131724715233,-2.27899654419161E-05,0,0,0,0,0,38
1,1414,211.168969,-0.088669441640377,-2.25653802772285E-05,0,0,0,0,0,38
1,1415,211.388969,-0.0866136029362679,-2.20233450818341E-05,0,0,0,0,0,38
1,1416,211.608969,-0.084228053689003,-2.21974169107853E-05,0,0,0,0,0,38
1,1417,211.828969,-0.0822303965687752,-2.1570289391093E-05,0,0,0,0,0,38
1,1418,212.048969,-0.0798254534602165,-2.11871720239287E-05,0,0,0,0,0,38
1,1419,212.268969,-0.0778859779238701,-2.1210486011114E-05,0,0,0,0,0,38
1,1420,212.488969,-0.0757913514971733,-2.04120042326394E-05,0,0,0,0,0,38
1,1421,212.708969,-0.0733282193541527,-2.00949416466756E-05,0,0,0,0,0,38
1,1422,212.928969,-0.0711560100317001,-1.99406858882867E-05,0,0,0,0,0,38
1,1423,213.148969,-0.0686346963047981,-1.98835678020259E-05,0,0,0,0,0,38
1,1424,213.368969,-0.0668115988373756,-1.93710620806087E-05,0,0,0,0,0,38
1,1425,213.588969,-0.0646393895149231,-1.93454179679975E-05,0,0,0,0,0,38
1,1426,213.808969,-0.0623702071607113,-1.909985076054E-05,0,0,0,0,0,38
1,1427,214.028969,-0.0597907081246376,-1.86953639058629E-05,0,0,0,0,0,38
1,1428,214.248969,-0.0578318424522877,-1.83526572072878E-05,0,0,0,0,0,38
1,1429,214.468969,-0.0558147914707661,-1.83091397047974E-05,0,0,0,0,0,38
1,1430,214.688969,-0.0537007674574852,-1.76458743226249E-05,0,0,0,0,0,38
1,1431,214.908969,-0.051373403519392,-1.74931719811866E-05,0,0,0,0,0,38
1,1432,215.128969,-0.0490848273038864,-1.7272084733122E-05,0,0,0,0,0,38
1,1433,215.348969,-0.0469708032906055,-1.68501119333087E-05,0,0,0,0,0,38
1,1434,215.568969,-0.0444882772862911,-1.66857535077725E-05,0,0,0,0,0,38
1,1435,215.788969,-0.0426457785069942,-1.66181453096215E-05,0,0,0,0,0,38
1,1436,216.008969,-0.0400662831962109,-1.63597560458584E-05,0,0,0,0,0,38
1,1437,216.228969,-0.0381268113851547,-1.61763564392459E-05,0,0,0,0,0,38
1,1438,216.448969,-0.0358964204788208,-1.59614864969626E-05,0,0,0,0,0,38
1,1439,216.668969,-0.0338017903268337,-1.52811244333861E-05,0,0,0,0,0,38
1,1440,216.888969,-0.031493816524744,-1.53673845488811E-05,0,0,0,0,0,38
1,1441,217.108969,-0.0293410047888756,-1.53394084918546E-05,0,0,0,0,0,38
1,1442,217.328969,-0.0271687973290682,-1.48288454511203E-05,0,0,0,0,0,38
1,1443,217.548969,-0.0250741671770811,-1.47355922308634E-05,0,0,0,0,0,38
1,1444,217.768969,-0.0226886179298162,-1.42160934046842E-05,0,0,0,0,0,38
1,1445,217.988969,-0.020341856405139,-1.42362978294841E-05,0,0,0,0,0,38
1,1446,218.208969,-0.0183054115623236,-1.37443867060938E-05,0,0,0,0,0,38
1,1447,218.428969,-0.0161138083785772,-1.34300444187829E-05,0,0,0,0,0,38
1,1448,218.648969,-0.0140385739505291,-1.30706303025363E-05,0,0,0,0,0,38
1,1449,218.868969,-0.0116918133571744,-1.31223087009857E-05,0,0,0,0,0,38
1,1450,219.088969,-0.00973294768482447,-1.26587610793649E-05,0,0,0,0,0,38
1,1451,219.308969,-0.00732800224795938,-1.25491887956741E-05,0,0,0,0,0,38
1,1452,219.528969,-0.00478729465976357,-1.23036215882166E-05,0,0,0,0,0,38
1,1453,219.748969,-0.002964191371575,-1.26428303701687E-05,0,0,0,0,0,38
1,1454,219.968969,-0.00085016741650179,-1.20171780508826E-05,0,0,0,0,0,38
1,1455,220.188969,0.00145780376624316,-1.17599911391153E-05,0,0,0,0,0,38
1,1456,220.408969,0.00384335382841527,-1.14514905362739E-05,0,0,0,0,0,38
1,1457,220.628969,0.00568585190922022,-1.12503230411676E-05,0,0,0,0,0,38
1,1458,220.848969,0.00799382291734219,-1.09557104224223E-05,0,0,0,0,0,38
1,1459,221.068969,0.0102048208937049,-1.08039894257672E-05,0,0,0,0,0,38
1,1460,221.288969,0.0126097649335861,-1.05585895653348E-05,0,0,0,0,0,38
1,1461,221.508969,0.0146850002929568,-1.03249376479653E-05,0,0,0,0,0,38
1,1462,221.728969,0.0168959982693195,-1.01049417935428E-05,0,0,0,0,0,38
1,1463,221.948969,0.0191457848995924,-9.93038429442095E-06,0,0,0,0,0,38
1,1464,222.168969,0.0210852567106485,-9.74010981735773E-06,0,0,0,0,0,38
1,1465,222.388969,0.0232574641704559,-9.60328816290712E-06,0,0,0,0,0,38
1,1466,222.608969,0.0259727239608765,-9.4093174993759E-06,0,0,0,0,0,38
1,1467,222.828969,0.028144933283329,-9.11186543817166E-06,0,0,0,0,0,38
1,1468,223.048969,0.0299292467534542,-8.79749040905153E-06,0,0,0,0,0,38
1,1469,223.268969,0.0324505604803562,-8.55321923154406E-06,0,0,0,0,0,38
1,1470,223.488969,0.0344870053231716,-8.49505886435509E-06,0,0,0,0,0,38
1,1471,223.708969,0.036678608506918,-8.16667943581706E-06,0,0,0,0,0,38
1,1472,223.928969,0.0389865785837173,-7.97975008026697E-06,0,0,0,0,0,38
1,1473,224.148969,0.0408678650856018,-7.90840203990228E-06,0,0,0,0,0,38
1,1474,224.368969,0.0431564413011074,-7.79282163421158E-06,0,0,0,0,0,38
1,1475,224.588969,0.0456001758575439,-7.49392984289443E-06,0,0,0,0,0,38
1,1476,224.808969,0.0475008599460125,-7.32415765014593E-06,0,0,0,0,0,38
1,1477,225.028969,0.0499058030545712,-7.10283848093241E-06,0,0,0,0,0,38
1,1478,225.248969,0.0519810393452644,-6.80674793329672E-06,0,0,0,0,0,38
1,1479,225.468969,0.0542502216994762,-6.69303472022875E-06,0,0,0,0,0,38
1,1480,225.688969,0.0565775856375694,-6.47050956104067E-06,0,0,0,0,0,38
1,1481,225.908969,0.0587304010987282,-6.36512140772538E-06,0,0,0,0,0,38
1,1482,226.128969,0.0607086606323719,-6.1249734244484E-06,0,0,0,0,0,38
1,1483,226.348969,0.0630166307091713,-6.06288404014776E-06,0,0,0,0,0,38
1,1484,226.568969,0.0651112645864487,-5.84140980208758E-06,0,0,0,0,0,38
1,1485,226.788969,0.0673416554927826,-5.70762222196208E-06,0,0,0,0,0,38
1,1486,227.008969,0.0697465986013412,-5.53497102373512E-06,0,0,0,0,0,38
1,1487,227.228969,0.0720739662647247,-5.27968950336799E-06,0,0,0,0,0,38
1,1488,227.448969,0.0739164650440216,-5.19717650604434E-06,0,0,0,0,0,38
1,1489,227.668969,0.076049879193306,-5.09960773342755E-06,0,0,0,0,0,38
1,1490,227.888969,0.0783966407179832,-4.84724432681105E-06,0,0,0,0,0,38
1,1491,228.108969,0.0805106684565544,-4.72734518552898E-06,0,0,0,0,0,38
1,1492,228.328969,0.0828574225306511,-4.59036800748436E-06,0,0,0,0,0,38
1,1493,228.548969,0.0852235779166222,-4.4501616685011E-06,0,0,0,0,0,38
1,1494,228.768969,0.0872406288981438,-4.31217267760076E-06,0,0,0,0,0,38
1,1495,228.988969,0.0896261781454086,-4.183792952972E-06,0,0,0,0,0,38
1,1496,229.208969,0.0915268659591675,-4.08789719585911E-06,0,0,0,0,0,38
1,1497,229.428969,0.0938736274838448,-4.03992953579291E-06,0,0,0,0,0,38
1,1498,229.648969,0.0959294661879539,-3.92252059100429E-06,0,0,0,0,0,38
1,1499,229.868969,0.0982568338513374,-3.82456300940248E-06,0,0,0,0,0,38
1,1500,230.088969,0.100351460278034,-3.71189980796771E-06,0,0,0,0,0,38
1,1501,230.308969,0.102756403386593,-3.5310010844114E-06,0,0,0,0,0,38
1,1502,230.528969,0.104889824986458,-3.58826628144016E-06,0,0,0,0,0,38
1,1503,230.748969,0.106848686933517,-3.40923475050658E-06,0,0,0,0,0,38
1,1504,230.968969,0.109350606799126,-3.41643180945539E-06,0,0,0,0,0,38
1,1505,231.188969,0.111309476196766,-3.31995238411764E-06,0,0,0,0,0,38
1,1506,231.408969,0.113598048686981,-3.2155758162844E-06,0,0,0,0,0,38
1,1507,231.628969,0.11565388739109,-3.15165812025953E-06,0,0,0,0,0,38
1,1508,231.848969,0.117942467331886,-3.12419274450804E-06,0,0,0,0,0,38
1,1509,232.068969,0.12017285823822,-3.06719994114246E-06,0,0,0,0,0,38
1,1510,232.288969,0.122403249144554,-2.89077502202417E-06,0,0,0,0,0,38
1,1511,232.508969,0.124653041362762,-2.96286202683405E-06,0,0,0,0,0,38
1,1512,232.728969,0.126883432269096,-2.9489738153643E-06,0,0,0,0,0,38
1,1513,232.948969,0.128842294216156,-2.80114250017505E-06,0,0,0,0,0,38
1,1514,233.168969,0.131421789526939,-2.73240084425197E-06,0,0,0,0,0,38
1,1515,233.388969,0.133419454097748,-2.71372755378252E-06,0,0,0,0,0,38
1,1516,233.608969,0.13559165596962,-2.73531873062893E-06,0,0,0,0,0,38
1,1517,233.828969,0.137977212667465,-2.56126668318757E-06,0,0,0,0,0,38
1,1518,234.048969,0.139897286891937,-2.5697866021801E-06,0,0,0,0,0,38
1,1519,234.268969,0.142185866832733,-2.56554608313309E-06,0,0,0,0,0,38
1,1520,234.488969,0.144319280982018,-2.48357741838845E-06,0,0,0,0,0,38
1,1521,234.708969,0.146530270576477,-2.40250369643036E-06,0,0,0,0,0,38
1,1522,234.928969,0.148857638239861,-2.45408909904654E-06,0,0,0,0,0,38
1,1523,235.148969,0.151010453701019,-2.29824377129262E-06,0,0,0,0,0,38
1,1524,235.368969,0.153085693717003,-2.40133658735431E-06,0,0,0,0,0,38
1,1525,235.588969,0.155277296900749,-2.27066152547195E-06,0,0,0,0,0,38
1,1526,235.808969,0.157701641321182,-2.24113409785787E-06,0,0,0,0,0,38
1,1527,236.028969,0.15985444188118,-2.19783510146954E-06,0,0,0,0,0,38
1,1528,236.248969,0.162065446376801,-2.25770691031357E-06,0,0,0,0,0,38
1,1529,236.468969,0.164334625005722,-2.19285561797733E-06,0,0,0,0,0,38
1,1530,236.688969,0.166506841778755,-2.15947693504859E-06,0,0,0,0,0,38
1,1531,236.908969,0.168737232685089,-1.98779798665782E-06,0,0,0,0,0,38
1,1532,237.128969,0.170987010002136,-2.03942227017251E-06,0,0,0,0,0,38
1,1533,237.348969,0.173081636428833,-2.09454788091534E-06,0,0,0,0,0,38
1,1534,237.568969,0.175001725554466,-1.99915780285664E-06,0,0,0,0,0,38
1,1535,237.788969,0.177251502871513,-1.94803919839615E-06,0,0,0,0,0,38
1,1536,238.008969,0.179772824048996,-1.90551827472518E-06,0,0,0,0,0,38
1,1537,238.228969,0.181964427232742,-1.85809551567218E-06,0,0,0,0,0,38
1,1538,238.448969,0.184097841382027,-1.93722416952369E-06,0,0,0,0,0,38
1,1539,238.668969,0.186328232288361,-1.73800208358443E-06,0,0,0,0,0,38
1,1540,238.888969,0.188539236783981,-1.7057903960449E-06,0,0,0,0,0,38
1,1541,239.108969,0.190595075488091,-1.759359861353E-06,0,0,0,0,0,38
1,1542,239.328969,0.192825466394424,-1.74757224158384E-06,0,0,0,0,0,38
1,1543,239.548969,0.195152834057808,-1.63031870670238E-06,0,0,0,0,0,38
1,1544,239.768969,0.197150483727455,-1.63397555752454E-06,0,0,0,0,0,38
1,1545,239.988969,0.199361488223076,-1.63907179739908E-06,0,0,0,0,0,38
1,1546,240.208969,0.201572477817535,-1.61705270329549E-06,0,0,0,0,0,38
1,1547,240.428969,0.203764081001282,-1.58398518124159E-06,0,0,0,0,0,38
1,1548,240.648969,0.20601387321949,-1.51769461353979E-06,0,0,0,0,0,38
1,1549,240.868969,0.208302453160286,-1.50761866279936E-06,0,0,0,0,0,38
1,1550,241.088969,0.210552230477333,-1.3878753861718E-06,0,0,0,0,0,38
1,1551,241.308969,0.212414130568504,-1.42611690989725E-06,0,0,0,0,0,38
1,1552,241.528969,0.214838460087776,-1.3856189298167E-06,0,0,0,0,0,38
1,1553,241.748969,0.21691370010376,-1.34196989165503E-06,0,0,0,0,0,38
1,1554,241.968969,0.219027727842331,-1.28170916013914E-06,0,0,0,0,0,38
1,1555,242.188969,0.22143267095089,-1.27980285924423E-06,0,0,0,0,0,38
1,1556,242.408969,0.223721250891685,-1.25506062431668E-06,0,0,0,0,0,38
1,1557,242.628969,0.225971028208733,-1.25486610613734E-06,0,0,0,0,0,38
1,1558,242.848969,0.228104457259178,-1.12286829789809E-06,0,0,0,0,0,38
1,1559,243.068969,0.230431824922562,-1.19795106456877E-06,0,0,0,0,0,38
1,1560,243.288969,0.232429474592209,-1.10199221126095E-06,0,0,0,0,0,38
1,1561,243.508969,0.234718054533005,-1.0346665249017E-06,0,0,0,0,0,38
1,1562,243.728969,0.236987233161926,-1.03602121725999E-06,0,0,0,0,0,38
1,1563,243.948969,0.239004284143448,-9.99203166429652E-07,0,0,0,0,0,38
1,1564,244.168969,0.241215273737907,-9.64506853051716E-07,0,0,0,0,0,38
1,1565,244.388969,0.243678405880928,-9.36361971071165E-07,0,0,0,0,0,38
1,1566,244.608969,0.245908796787262,-9.11977565465349E-07,0,0,0,0,0,38
1,1567,244.828969,0.247673720121384,-8.65412062012183E-07,0,0,0,0,0,38
1,1568,245.048969,0.249729558825493,-8.15989267266559E-07,0,0,0,0,0,38
1,1569,245.268969,0.251979351043701,-7.47048034099862E-07,0,0,0,0,0,38
1,1570,245.488969,0.254306703805923,-7.51633706386201E-07,0,0,0,0,0,38
1,1571,245.708969,0.256284981966019,-7.135116675272E-07,0,0,0,0,0,38
1,1572,245.928969,0.258709311485291,-6.72030182613526E-07,0,0,0,0,0,38
1,1573,246.148969,0.260881513357162,-6.44547071715351E-07,0,0,0,0,0,38
1,1574,246.368969,0.263170093297958,-5.90273884881753E-07,0,0,0,0,0,38
1,1575,246.588969,0.265458673238754,-5.66815970159951E-07,0,0,0,0,0,38
1,1576,246.808969,0.267456322908401,-5.63507114748063E-07,0,0,0,0,0,38
1,1577,247.028969,0.269841879606247,-5.29663225279364E-07,0,0,0,0,0,38
1,1578,247.248969,0.271994680166245,-5.07914251102193E-07,0,0,0,0,0,38
1,1579,247.468969,0.274302661418915,-4.7147386794677E-07,0,0,0,0,0,38
1,1580,247.688969,0.276377886533737,-4.72166789222683E-07,0,0,0,0,0,38
1,1581,247.908969,0.278569489717484,-4.8796368901094E-07,0,0,0,0,0,38
1,1582,248.128969,0.280838698148727,-4.69616992404553E-07,0,0,0,0,0,38
1,1583,248.348969,0.283107876777649,-4.72104488835612E-07,0,0,0,0,0,38
1,1584,248.568969,0.285241276025772,-4.4429444301386E-07,0,0,0,0,0,38
1,1585,248.788969,0.287335902452469,-4.21284170215586E-07,0,0,0,0,0,38
1,1586,249.008969,0.289818435907364,-4.31004451684203E-07,0,0,0,0,0,38
1,1587,249.228969,0.291719108819962,-4.16749088572033E-07,0,0,0,0,0,38
1,1588,249.448969,0.293871939182281,-4.09442321824827E-07,0,0,0,0,0,38
1,1589,249.668969,0.296141117811203,-4.15663009789569E-07,0,0,0,0,0,38
1,1590,249.888969,0.2985460460186,-3.90332644428781E-07,0,0,0,0,0,38
1,1591,250.108969,0.300427347421646,-3.80511153252883E-07,0,0,0,0,0,38
1,1592,250.328969,0.302851676940918,-3.56317485739055E-07,0,0,0,0,0,38
1,1593,250.548969,0.304674804210663,-3.78335073492053E-07,0,0,0,0,0,38
1,1594,250.768969,0.307273685932159,-3.45433250004135E-07,0,0,0,0,0,38
1,1595,250.988969,0.309368312358856,-3.46558266528518E-07,0,0,0,0,0,38
1,1596,251.208969,0.311676293611526,-3.24937730056263E-07,0,0,0,0,0,38
1,1597,251.428969,0.313984245061874,-3.38367840413412E-07,0,0,0,0,0,38
1,1598,251.648969,0.31596252322197,-2.78481252280471E-07,0,0,0,0,0,38
1,1599,251.868969,0.317979574203491,-2.70835812443693E-07,0,0,0,0,0,38
1,1600,252.088969,0.320248752832413,-2.7688909653989E-07,0,0,0,0,0,38
1,1601,252.308969,0.322576105594635,-2.4798515596558E-07,0,0,0,0,0,38
1,1602,252.528969,0.324845284223557,-2.48611911501939E-07,0,0,0,0,0,38
1,1603,252.748969,0.327075690031052,-2.28396658030761E-07,0,0,0,0,0,38
1,1604,252.968969,0.329170316457748,-2.06542566161261E-07,0,0,0,0,0,38
1,1605,253.188969,0.331226170063019,-2.20031068920434E-07,0,0,0,0,0,38
1,1606,253.408969,0.33384445309639,-2.08850991612053E-07,0,0,0,0,0,38
1,1607,253.628969,0.335958480834961,-2.11007588291068E-07,0,0,0,0,0,38
1,1608,253.848969,0.337859153747559,-1.84746866693786E-07,0,0,0,0,0,38
1,1609,254.068969,0.34053561091423,-2.13374406143885E-07,0,0,0,0,0,38
1,1610,254.288969,0.342533260583878,-1.71445222463262E-07,0,0,0,0,0,38
1,1611,254.508969,0.344550311565399,-1.93252603253313E-07,0,0,0,0,0,38
1,1612,254.728969,0.347091019153595,-1.76373475824221E-07,0,0,0,0,0,38
1,1613,254.948969,0.349282622337341,-1.55002084056832E-07,0,0,0,0,0,38
1,1614,255.168969,0.351008772850037,-1.50618816974202E-07,0,0,0,0,0,38
1,1615,255.388969,0.353665828704834,-1.42058581786841E-07,0,0,0,0,0,38
1,1616,255.608969,0.355838060379028,-1.26024190194585E-07,0,0,0,0,0,38
1,1617,255.828969,0.357564181089401,-9.09112713998184E-08,0,0,0,0,0,38
1,1618,256.048969,0.359891533851624,-1.20780612178351E-07,0,0,0,0,0,38
1,1619,256.268969,0.362102538347244,-8.95955096780199E-08,0,0,0,0,0,38
1,1620,256.488969,0.364468693733215,-1.02437809346156E-07,0,0,0,0,0,38
1,1621,256.708969,0.366311192512512,-8.25768182721731E-08,0,0,0,0,0,38
1,1622,256.928969,0.368657946586609,-8.28843482736374E-08,0,0,0,0,0,38
1,1623,257.148969,0.37077197432518,-8.59868976021971E-08,0,0,0,0,0,38
1,1624,257.368969,0.373235106468201,-9.83348158456465E-08,0,0,0,0,0,38
1,1625,257.588969,0.375213384628296,-8.77581172176178E-08,0,0,0,0,0,38
1,1626,257.808969,0.377482563257217,-7.47873585282832E-08,0,0,0,0,0,38
1,1627,258.028969,0.380100846290588,-7.97350878656289E-08,0,0,0,0,0,38
1,1628,258.248969,0.381923943758011,-5.27425108032276E-08,0,0,0,0,0,38
1,1629,258.468969,0.384484052658081,-7.17821251328132E-08,0,0,0,0,0,38
1,1630,258.688969,0.386520504951477,-3.25389564181933E-08,0,0,0,0,0,38
1,1631,258.908969,0.388595730066299,-6.10808612577785E-08,0,0,0,0,0,38
1,1632,259.128969,0.390767931938171,-4.64323051119209E-08,0,0,0,0,0,38
1,1633,259.348969,0.392881959676743,-4.32908286995826E-08,0,0,0,0,0,38
1,1634,259.568969,0.395267516374588,-1.88052080574153E-08,0,0,0,0,0,38
1,1635,259.788969,0.397226363420486,-3.26129168115585E-08,0,0,0,0,0,38
1,1636,260.008969,0.399573147296906,1.91455562514875E-08,0,0,0,0,0,38
1,1637,260.228969,0.401725947856903,8.10536471274048E-10,0,0,0,0,0,38
1,1638,260.448969,0.403878748416901,9.54984002987658E-09,0,0,0,0,0,38
1,1639,260.668969,0.406089752912521,1.01765778026675E-08,0,0,0,0,0,38
1,1640,260.888969,0.408281356096268,1.46727447969397E-08,0,0,0,0,0,38
1,1641,261.108969,0.410589337348938,8.32750490786793E-09,0,0,0,0,0,38
1,1642,261.328969,0.412877917289734,-1.78595138677906E-09,0,0,0,0,0,38
1,1643,261.548969,0.414914339780808,1.56573687348782E-09,0,0,0,0,0,38
1,1644,261.768969,0.417202919721603,-9.60655732740179E-09,0,0,0,0,0,38
1,1645,261.988969,0.419355750083923,1.44936773693871E-08,0,0,0,0,0,38
1,1646,262.208969,0.421760678291321,3.62387773122919E-08,0,0,0,0,0,38
1,1647,262.428969,0.423913508653641,4.62938416490033E-08,0,0,0,0,0,38
1,1648,262.648969,0.425852984189987,1.79154344692734E-08,0,0,0,0,0,38
1,1649,262.868969,0.428413063287735,1.51826995420379E-08,0,0,0,0,0,38
1,1650,263.088969,0.430662870407104,2.90137656122624E-08,0,0,0,0,0,38
1,1651,263.308969,0.432369589805603,5.53990666674054E-08,0,0,0,0,0,38
1,1652,263.528969,0.434852123260498,5.09573965246091E-08,0,0,0,0,0,38
1,1653,263.748969,0.437354028224945,6.17868733954197E-09,0,0,0,0,0,38
1,1654,263.968969,0.439448684453964,3.0419062824194E-08,0,0,0,0,0,38
1,1655,264.188969,0.441562682390213,5.18060261356368E-08,0,0,0,0,0,38
1,1656,264.408969,0.443637937307358,7.10169203443911E-08,0,0,0,0,0,38
1,1657,264.628969,0.445790737867355,7.89504142062469E-08,0,0,0,0,0,38
1,1658,264.848969,0.447962939739227,4.7823704107941E-08,0,0,0,0,0,38
1,1659,265.068969,0.450270920991898,6.53217782087268E-08,0,0,0,0,0,38
1,1660,265.288969,0.452695250511169,6.2534539324588E-08,0,0,0,0,0,38
1,1661,265.508969,0.454595953226089,5.3865306881562E-08,0,0,0,0,0,38
1,1662,265.728969,0.456554800271988,7.3555014523663E-08,0,0,0,0,0,38
1,1663,265.948969,0.459017932415009,6.46249702640489E-08,0,0,0,0,0,38
1,1664,266.168969,0.460976809263229,5.77931267287113E-08,0,0,0,0,0,38
1,1665,266.388969,0.463478714227676,5.92217794803673E-08,0,0,0,0,0,38
1,1666,266.608969,0.465631544589996,7.22548278986324E-08,0,0,0,0,0,38
1,1667,266.828969,0.467706769704819,7.95070818071508E-08,0,0,0,0,0,38
1,1668,267.048969,0.469878971576691,8.70824479193288E-08,0,0,0,0,0,38
1,1669,267.268969,0.472439080476761,1.07239287672201E-07,0,0,0,0,0,38
1,1670,267.488969,0.474281579256058,8.61092459558677E-08,0,0,0,0,0,38
1,1671,267.708969,0.476492583751678,1.11272214553537E-07,0,0,0,0,0,38
1,1672,267.928969,0.478955715894699,9.72893303696765E-08,0,0,0,0,0,38
1,1673,268.148969,0.480914562940598,1.17524024290105E-07,0,0,0,0,0,38
1,1674,268.368969,0.482970416545868,8.61131397300596E-08,0,0,0,0,0,38
1,1675,268.588969,0.485588699579239,7.15930497108275E-08,0,0,0,0,0,38
1,1676,268.808969,0.487605750560761,1.09310249740702E-07,0,0,0,0,0,38
1,1677,269.028969,0.489991307258606,9.84299148854006E-08,0,0,0,0,0,38
1,1678,269.248969,0.491814404726028,9.16603610789934E-08,0,0,0,0,0,38
1,1679,269.468969,0.494044780731201,9.03212438174705E-08,0,0,0,0,0,38
1,1680,269.688969,0.496275186538696,8.16169745121442E-08,0,0,0,0,0,38
1,1681,269.908969,0.498738318681717,1.22884387110389E-07,0,0,0,0,0,38
1,1682,270.128969,0.500755369663239,1.11124286661379E-07,0,0,0,0,0,38
1,1683,270.348969,0.503063321113586,1.08975470425321E-07,0,0,0,0,0,38
1,1684,270.568969,0.505002796649933,8.16364362776767E-08,0,0,0,0,0,38
1,1685,270.788969,0.507272005081177,9.80523111593357E-08,0,0,0,0,0,38
1,1686,271.008969,0.509424805641174,1.0140011141857E-07,0,0,0,0,0,38
1,1687,271.228969,0.511829733848572,1.31211066900505E-07,0,0,0,0,0,38
1,1688,271.448969,0.513808012008667,1.12288233822255E-07,0,0,0,0,0,38
1,1689,271.668969,0.516271114349365,1.45081060054508E-07,0,0,0,0,0,38
1,1690,271.888969,0.518404543399811,1.10501439110067E-07,0,0,0,0,0,38
1,1691,272.108969,0.520557343959808,1.31105949208177E-07,0,0,0,0,0,38
1,1692,272.328969,0.522787749767303,1.09948665283355E-07,0,0,0,0,0,38
1,1693,272.548969,0.525095760822296,1.34601677359569E-07,0,0,0,0,0,38
1,1694,272.768969,0.527229130268097,1.32001289898653E-07,0,0,0,0,0,38
1,1695,272.988969,0.529246211051941,1.30307938661645E-07,0,0,0,0,0,38
1,1696,273.208969,0.531495988368988,1.50822913269621E-07,0,0,0,0,0,38
1,1697,273.428969,0.533551812171936,1.19524912634006E-07,0,0,0,0,0,38
1,1698,273.648969,0.535995543003082,1.62154805138925E-07,0,0,0,0,0,38
1,1699,273.868969,0.538090169429779,1.30712777490771E-07,0,0,0,0,0,38
1,1700,274.088969,0.540359377861023,1.45781754667951E-07,0,0,0,0,0,38
1,1701,274.308969,0.542667329311371,1.45369114079585E-07,0,0,0,0,0,38
1,1702,274.528969,0.544975340366364,1.51788327684699E-07,0,0,0,0,0,38
1,1703,274.748969,0.546953558921814,1.62656974111997E-07,0,0,0,0,0,38
1,1704,274.968969,0.549183964729309,1.49697896745238E-07,0,0,0,0,0,38
1,1705,275.188969,0.551588892936707,1.40285138172658E-07,0,0,0,0,0,38
1,1706,275.408969,0.553586542606354,1.54392594708952E-07,0,0,0,0,0,38
1,1707,275.628969,0.555719971656799,1.7440929411805E-07,0,0,0,0,0,38
1,1708,275.848969,0.558163702487946,1.49413722283498E-07,0,0,0,0,0,38
1,1709,276.068969,0.560277760028839,1.84873101716221E-07,0,0,0,0,0,38
1,1710,276.288969,0.562294781208038,1.71407961602199E-07,0,0,0,0,0,38
1,1711,276.508969,0.564292430877686,1.56541418050438E-07,0,0,0,0,0,38
1,1712,276.728969,0.566542267799377,1.54022785636698E-07,0,0,0,0,0,38
1,1713,276.948969,0.569082975387573,1.55587684957936E-07,0,0,0,0,0,38
1,1714,277.168969,0.571138799190521,1.74930931962081E-07,0,0,0,0,0,38
1,1715,277.388969,0.573175251483917,1.53835927108048E-07,0,0,0,0,0,38
1,1716,277.608969,0.575638353824615,1.57175932713471E-07,0,0,0,0,0,38
1,1717,277.828969,0.577442049980164,1.5864351610162E-07,0,0,0,0,0,38
1,1718,278.048969,0.580196142196655,1.73455561025548E-07,0,0,0,0,0,38
1,1719,278.268969,0.582407116889954,1.54077284264531E-07,0,0,0,0,0,38
1,1720,278.488969,0.584404766559601,1.63030691169297E-07,0,0,0,0,0,38
1,1721,278.708969,0.586363613605499,1.66814473345767E-07,0,0,0,0,0,38
1,1722,278.928969,0.588981926441193,1.7019341669311E-07,0,0,0,0,0,38
1,1723,279.148969,0.590902030467987,1.55163363046995E-07,0,0,0,0,0,38
1,1724,279.368969,0.593248784542084,1.64646195344176E-07,0,0,0,0,0,38
1,1725,279.588969,0.595382213592529,1.39786862973779E-07,0,0,0,0,0,38
1,1726,279.808969,0.59726345539093,1.55572109861168E-07,0,0,0,0,0,38
1,1727,280.028969,0.599862337112427,1.6969514149423E-07,0,0,0,0,0,38
1,1728,280.248969,0.60207337141037,1.63926031859774E-07,0,0,0,0,0,38
1,1729,280.468969,0.604051649570465,1.83452243618376E-07,0,0,0,0,0,38
1,1730,280.688969,0.606281995773315,1.77850523641609E-07,0,0,0,0,0,38
1,1731,280.908969,0.60835725069046,1.58919903014976E-07,0,0,0,0,0,38
1,1732,281.128969,0.610820353031158,1.66195519568646E-07,0,0,0,0,0,38
1,1733,281.348969,0.613031387329102,1.66156596037581E-07,0,0,0,0,0,38
1,1734,281.568969,0.61539751291275,1.5935978581183E-07,0,0,0,0,0,38
1,1735,281.788969,0.617220640182495,1.67484031976528E-07,0,0,0,0,0,38
1,1736,282.008969,0.619470417499542,1.63630176075458E-07,0,0,0,0,0,38
1,1737,282.228969,0.62177836894989,1.88205333984115E-07,0,0,0,0,0,38
1,1738,282.448969,0.623737275600433,2.14964330780276E-07,0,0,0,0,0,38
1,1739,282.668969,0.626161575317383,1.91576489783074E-07,0,0,0,0,0,38
1,1740,282.888969,0.628450155258179,1.87784905847366E-07,0,0,0,0,0,38
1,1741,283.108969,0.630622386932373,2.08693066383603E-07,0,0,0,0,0,38
1,1742,283.328969,0.632949769496918,1.84324221663701E-07,0,0,0,0,0,38
1,1743,283.548969,0.634947419166565,1.81182741698649E-07,0,0,0,0,0,38
1,1744,283.768969,0.636886894702911,1.88952739677006E-07,0,0,0,0,0,38
1,1745,283.988969,0.639524579048157,2.15746780440895E-07,0,0,0,0,0,38
1,1746,284.208969,0.641541600227356,1.82296076900457E-07,0,0,0,0,0,38
1,1747,284.428969,0.643422901630402,2.13668045034865E-07,0,0,0,0,0,38
1,1748,284.648969,0.645769655704498,1.84865314167837E-07,0,0,0,0,0,38
1,1749,284.868969,0.648310363292694,1.72774335283066E-07,0,0,0,0,0,38
1,1750,285.088969,0.650463163852692,2.07128167062365E-07,0,0,0,0,0,38
1,1751,285.308969,0.652538418769836,1.80353580958581E-07,0,0,0,0,0,38
1,1752,285.528969,0.654497265815735,1.88100230502641E-07,0,0,0,0,0,38
1,1753,285.748969,0.657115578651428,1.96757781623091E-07,0,0,0,0,0,38
1,1754,285.968969,0.659249007701874,1.90541001643396E-07,0,0,0,0,0,38
1,1755,286.188969,0.661169052124023,1.8185230032941E-07,0,0,0,0,0,38
1,1756,286.408969,0.663418829441071,1.85678914021992E-07,0,0,0,0,0,38
1,1757,286.628969,0.665998339653015,1.65245680250337E-07,0,0,0,0,0,38
1,1758,286.848969,0.66766631603241,2.17409009906078E-07,0,0,0,0,0,38
1,1759,287.068969,0.670110046863556,1.95671688629773E-07,0,0,0,0,0,38
1,1760,287.288969,0.672476172447205,2.06843992600625E-07,0,0,0,0,0,38
1,1761,287.508969,0.674493253231049,2.02752673317264E-07,0,0,0,0,0,38
1,1762,287.728969,0.677014529705048,1.86329003781793E-07,0,0,0,0,0,38
1,1763,287.948969,0.678876459598541,2.04224136268749E-07,0,0,0,0,0,38
1,1764,288.168969,0.680971086025238,2.18724764522449E-07,0,0,0,0,0,38
1,1765,288.388969,0.683356642723084,2.53822122431302E-07,0,0,0,0,0,38
1,1766,288.608969,0.685490012168884,2.12476848560073E-07,0,0,0,0,0,38
1,1767,288.828969,0.687662243843079,2.10678379630735E-07,0,0,0,0,0,38
1,1768,289.048969,0.689989626407623,2.19954884528306E-07,0,0,0,0,0,38
1,1769,289.268969,0.692142426967621,2.12523559639521E-07,0,0,0,0,0,38
1,1770,289.488969,0.694275856018066,2.06470275543325E-07,0,0,0,0,0,38
1,1771,289.708969,0.696525633335114,2.2295233748082E-07,0,0,0,0,0,38
1,1772,289.928969,0.698678433895111,1.9551987406885E-07,0,0,0,0,0,38
1,1773,290.148969,0.701257944107056,2.3230668944052E-07,0,0,0,0,0,38
1,1774,290.368969,0.703139245510101,2.35911414847578E-07,0,0,0,0,0,38
1,1775,290.588969,0.705389022827148,2.20476522372337E-07,0,0,0,0,0,38
1,1776,290.808969,0.707483649253845,2.26852904461339E-07,0,0,0,0,0,38
1,1777,291.028969,0.709636449813843,2.26557048677023E-07,0,0,0,0,0,38
1,1778,291.248969,0.711983203887939,2.15785718182815E-07,0,0,0,0,0,38
1,1779,291.468969,0.714232981204987,2.31722779631127E-07,0,0,0,0,0,38
1,1780,291.688969,0.716288864612579,2.46986388674486E-07,0,0,0,0,0,38
1,1781,291.908969,0.718577444553375,2.34801973419962E-07,0,0,0,0,0,38
1,1782,292.128969,0.720555663108826,2.32057558946508E-07,0,0,0,0,0,38
1,1783,292.348969,0.723018825054169,2.33275997629789E-07,0,0,0,0,0,38
1,1784,292.568969,0.724958300590515,2.34385439057405E-07,0,0,0,0,0,38
1,1785,292.788969,0.727227449417114,2.55908645385716E-07,0,0,0,0,0,38
1,1786,293.008969,0.729147553443909,2.38963366427924E-07,0,0,0,0,0,38
1,1787,293.228969,0.731630086898804,2.21305683112405E-07,0,0,0,0,0,38
1,1788,293.448969,0.733530759811401,2.57197172004453E-07,0,0,0,0,0,38
1,1789,293.668969,0.73589688539505,2.51377457516355E-07,0,0,0,0,0,38
1,1790,293.888969,0.738301873207092,2.9468469620042E-07,0,0,0,0,0,38
1,1791,294.108969,0.740493476390839,2.823095144322E-07,0,0,0,0,0,38
1,1792,294.328969,0.742898404598236,2.87541439547567E-07,0,0,0,0,0,38
1,1793,294.548969,0.744740903377533,2.54627934737073E-07,0,0,0,0,0,38
1,1794,294.768969,0.747165203094482,2.80795234175457E-07,0,0,0,0,0,38
1,1795,294.988969,0.749376237392426,2.68392824409602E-07,0,0,0,0,0,38
1,1796,295.208969,0.751722991466522,2.87377929453214E-07,0,0,0,0,0,38
1,1797,295.428969,0.753507316112518,3.02688249576022E-07,0,0,0,0,0,38
1,1798,295.648969,0.755757093429565,3.15238594339462E-07,0,0,0,0,0,38
1,1799,295.868969,0.75818145275116,2.93594695222055E-07,0,0,0,0,0,38
1,1800,296.088969,0.760276079177856,2.98024701805844E-07,0,0,0,0,0,38
1,1801,296.308969,0.762293100357056,3.32475849518232E-07,0,0,0,0,0,38
1,1802,296.528969,0.764698028564453,3.22440257605194E-07,0,0,0,0,0,38
1,1803,296.748969,0.766676306724548,3.13280537511673E-07,0,0,0,0,0,38
1,1804,296.968969,0.769100666046143,3.14767561349072E-07,0,0,0,0,0,38
1,1805,297.188969,0.77109831571579,3.4790295444509E-07,0,0,0,0,0,38
1,1806,297.408969,0.773697197437286,3.60554508915811E-07,0,0,0,0,0,38
1,1807,297.628969,0.775481522083282,3.69095289443067E-07,0,0,0,0,0,38
1,1808,297.848969,0.77778947353363,3.36972021841575E-07,0,0,0,0,0,38
1,1809,298.068969,0.779903531074524,3.83237761525379E-07,0,0,0,0,0,38
1,1810,298.288969,0.782308459281921,3.76059460904798E-07,0,0,0,0,0,38
1,1811,298.508969,0.78426730632782,3.90303171116102E-07,0,0,0,0,0,38
1,1812,298.728969,0.787001967430115,4.21970980823971E-07,0,0,0,0,0,38
1,1813,298.948969,0.788708686828613,4.29947306201939E-07,0,0,0,0,0,38
1,1814,299.168969,0.79115241765976,4.33980233083275E-07,0,0,0,0,0,38
1,1815,299.388969,0.793266475200653,4.46682378196783E-07,0,0,0,0,0,38
1,1816,299.608969,0.795399904251099,4.67100051082525E-07,0,0,0,0,0,38
1,1817,299.828969,0.797591507434845,4.75418914902548E-07,0,0,0,0,0,38
1,1818,300.048969,0.799666702747345,5.09371773205203E-07,0,0,0,0,0,38
1,1819,300.268969,0.80224621295929,5.18702790941461E-07,0,0,0,0,0,38
1,1820,300.488969,0.804399013519287,5.34005323515885E-07,0,0,0,0,0,38
1,1821,300.708969,0.80661004781723,5.65844459288201E-07,0,0,0,0,0,38
1,1822,300.928969,0.80853009223938,6.10938457157317E-07,0,0,0,0,0,38
1,1823,301.148969,0.810857474803925,6.17408261405217E-07,0,0,0,0,0,38
1,1824,301.368969,0.813320577144623,6.5041911057051E-07,0,0,0,0,0,38
1,1825,301.588969,0.815337657928467,6.95162782449188E-07,0,0,0,0,0,38
1,1826,301.808969,0.817548632621765,6.91297259436396E-07,0,0,0,0,0,38
1,1827,302.028969,0.819895386695862,7.51109894281399E-07,0,0,0,0,0,38
1,1828,302.248969,0.821990072727203,7.79947640694445E-07,0,0,0,0,0,38
1,1829,302.468969,0.824007093906403,8.29993268780527E-07,0,0,0,0,0,38
1,1830,302.688969,0.826179325580597,8.40776294808165E-07,0,0,0,0,0,38
1,1831,302.908969,0.828584253787994,9.19690819500829E-07,0,0,0,0,0,38
1,1832,303.128969,0.830795228481293,9.34899958338065E-07,0,0,0,0,0,38
1,1833,303.348969,0.833122611045837,1.05742537925835E-06,0,0,0,0,0,38
1,1834,303.568969,0.834751784801483,1.07277071492717E-06,0,0,0,0,0,38
1,1835,303.788969,0.837214887142181,1.13857049655053E-06,0,0,0,0,0,38
1,1836,304.008969,0.839522838592529,1.21168091027357E-06,0,0,0,0,0,38
1,1837,304.228969,0.841675698757172,1.33764751808485E-06,0,0,0,0,0,38
1,1838,304.448969,0.843867301940918,1.38584800879471E-06,0,0,0,0,0,38
1,1839,304.668969,0.846252858638763,1.48742242345179E-06,0,0,0,0,0,38
1,1840,304.888969,0.848308682441711,1.69530176208355E-06,0,0,0,0,0,38
1,1841,305.108969,0.850694239139557,1.74642025285721E-06,0,0,0,0,0,38
1,1842,305.328969,0.852653086185455,1.79917276454944E-06,0,0,0,0,0,38
1,1843,305.548969,0.854922294616699,1.85106932804047E-06,0,0,0,0,0,38
1,1844,305.768969,0.8570556640625,1.93280448002042E-06,0,0,0,0,0,38
1,1845,305.988969,0.859460651874542,2.10405528378033E-06,0,0,0,0,0,38
1,1846,306.208969,0.86161345243454,2.21955815504771E-06,0,0,0,0,0,38
1,1847,306.428969,0.863494753837585,2.37011272474774E-06,0,0,0,0,0,38
1,1848,306.648969,0.866016030311584,2.71101953330799E-06,0,0,0,0,0,38
1,1849,306.868969,0.868110656738281,2.81691336567746E-06,0,0,0,0,0,38
1,1850,307.088969,0.870205283164978,2.91732180812687E-06,0,0,0,0,0,38
1,1851,307.308969,0.872338712215424,3.21664128932753E-06,0,0,0,0,0,38
1,1852,307.528969,0.874957025051117,3.48522758031322E-06,0,0,0,0,0,38
1,1853,307.748969,0.876799523830414,3.52529764313658E-06,0,0,0,0,0,38
1,1854,307.968969,0.879262626171112,3.71137048205128E-06,0,0,0,0,0,38
1,1855,308.188969,0.881376683712006,3.89615934182075E-06,0,0,0,0,0,38
1,1856,308.408969,0.883413136005402,4.13296174883726E-06,0,0,0,0,0,38
1,1857,308.628969,0.885915040969849,4.48931314167567E-06,0,0,0,0,0,38
1,1858,308.848969,0.88754415512085,4.70047825729125E-06,0,0,0,0,0,38
1,1859,309.068969,0.890046119689941,5.00438864037278E-06,0,0,0,0,0,38
1,1860,309.288969,0.892024338245392,5.14681232743897E-06,0,0,0,0,0,38
1,1861,309.508969,0.894371151924133,5.43870146429981E-06,0,0,0,0,0,38
1,1862,309.728969,0.89687305688858,5.75992316953489E-06,0,0,0,0,0,38
1,1863,309.948969,0.898851275444031,5.9700769270421E-06,0,0,0,0,0,38
1,1864,310.168969,0.901353240013123,6.40816324448679E-06,0,0,0,0,0,38
1,1865,310.388969,0.903486609458923,6.50639321975177E-06,0,0,0,0,0,38
1,1866,310.608969,0.905561864376068,6.96879396855365E-06,0,0,0,0,0,38
1,1867,310.828969,0.907481968402863,7.25920472177677E-06,0,0,0,0,0,38
1,1868,311.048969,0.909945070743561,7.60555758461123E-06,0,0,0,0,0,38
1,1869,311.268969,0.912156105041504,7.98069959273562E-06,0,0,0,0,0,38
1,1870,311.488969,0.914716184139252,8.25068582344102E-06,0,0,0,0,0,38
1,1871,311.708969,0.916694462299347,8.56934002513299E-06,0,0,0,0,0,38
1,1872,311.928969,0.918769657611847,8.89639704837464E-06,0,0,0,0,0,38
1,1873,312.148969,0.921271622180939,9.21886385185644E-06,0,0,0,0,0,38
1,1874,312.368969,0.923249840736389,9.57225893216673E-06,0,0,0,0,0,38
1,1875,312.588969,0.925325095653534,9.8793198048952E-06,0,0,0,0,0,38
1,1876,312.808969,0.92761367559433,1.01756440926692E-05,0,0,0,0,0,38
1,1877,313.028969,0.930018603801727,1.0457029020472E-05,0,0,0,0,0,38
1,1878,313.248969,0.932093858718872,1.07338237285148E-05,0,0,0,0,0,38
1,1879,313.468969,0.934130311012268,1.10211221908685E-05,0,0,0,0,0,38
1,1880,313.688969,0.936438262462616,1.14553959065233E-05,0,0,0,0,0,38
1,1881,313.908969,0.938746213912964,1.16271130536916E-05,0,0,0,0,0,38
1,1882,314.128969,0.940743863582611,1.18499501695624E-05,0,0,0,0,0,38
1,1883,314.348969,0.943051874637604,1.21419552669977E-05,0,0,0,0,0,38
1,1884,314.568969,0.945165872573853,1.23490744954324E-05,0,0,0,0,0,38
1,1885,314.788969,0.947241127490997,1.26482382256654E-05,0,0,0,0,0,38
1,1886,315.008969,0.949374556541443,1.29792251755134E-05,0,0,0,0,0,38
1,1887,315.228969,0.951740682125092,1.31802371470258E-05,0,0,0,0,0,38
1,1888,315.448969,0.953912913799286,1.34548918140354E-05,0,0,0,0,0,38
1,1889,315.668969,0.956085085868835,1.36034232127713E-05,0,0,0,0,0,38
1,1890,315.888969,0.958082735538483,1.38050963869318E-05,0,0,0,0,0,38
1,1891,316.108969,0.960681676864624,1.40397205541376E-05,0,0,0,0,0,38
1,1892,316.328969,0.962815046310425,1.41067112053861E-05,0,0,0,0,0,38
1,1893,316.548969,0.964851498603821,1.43621864481247E-05,0,0,0,0,0,38
1,1894,316.768969,0.967256486415863,1.45882904689643E-05,0,0,0,0,0,38
1,1895,316.988969,0.96935111284256,1.47407126860344E-05,0,0,0,0,0,38
1,1896,317.208969,0.971309959888458,1.47409464261727E-05,0,0,0,0,0,38
1,1897,317.428969,0.973443388938904,1.49640545714647E-05,0,0,0,0,0,38
1,1898,317.648969,0.975673794746399,1.50390596900252E-05,0,0,0,0,0,38
1,1899,317.868969,0.977904140949249,1.51383010233985E-05,0,0,0,0,0,38
1,1900,318.088969,0.980289697647095,1.52050197357312E-05,0,0,0,0,0,38
1,1901,318.308969,0.982461929321289,1.53727687575156E-05,0,0,0,0,0,38
1,1902,318.528969,0.984692335128784,1.54830595420208E-05,0,0,0,0,0,38
1,1903,318.748969,0.986942112445831,1.54464123625075E-05,0,0,0,0,0,38
1,1904,318.968969,0.989114284515381,1.54685094457818E-05,0,0,0,0,0,38
1,1905,319.188969,0.991015017032623,1.56656697072322E-05,0,0,0,0,0,38
1,1906,319.408969,0.99336177110672,1.56713886099169E-05,0,0,0,0,0,38
1,1907,319.628969,0.995902478694916,1.56983878696337E-05,0,0,0,0,0,38
1,1908,319.848969,0.997725546360016,1.57465874508489E-05,0,0,0,0,0,38
1,1909,320.068969,1.00053775310516,1.57196664076764E-05,0,0,0,0,0,38
1,1910,320.288969,1.00216698646545,1.58504972205264E-05,0,0,0,0,0,38
1,1911,320.508969,1.00439739227295,1.58576949615963E-05,0,0,0,0,0,38
1,1912,320.728969,1.00656950473785,1.57964223035378E-05,0,0,0,0,0,38
1,1913,320.948969,1.00883877277374,1.59069459186867E-05,0,0,0,0,0,38
1,1914,321.168969,1.01093339920044,1.58454786287621E-05,0,0,0,0,0,38
1,1915,321.388969,1.01295042037964,1.58562561409781E-05,0,0,0,0,0,38
1,1916,321.608969,1.01543295383453,1.58031143655535E-05,0,0,0,0,0,38
1,1917,321.828969,1.01750814914703,1.57150370796444E-05,0,0,0,0,0,38
1,1918,322.048969,1.01981616020203,1.57768536155345E-05,0,0,0,0,0,38
1,1919,322.268969,1.02204656600952,1.57961112563498E-05,0,0,0,0,0,38
1,1920,322.488969,1.02419936656952,1.57592312461929E-05,0,0,0,0,0,38
1,1921,322.708969,1.02592551708221,1.57162830873858E-05,0,0,0,0,0,38
1,1922,322.928969,1.02875709533691,1.56658643390983E-05,0,0,0,0,0,38
1,1923,323.148969,1.03077411651611,1.56950809468981E-05,0,0,0,0,0,38
1,1924,323.368969,1.0328494310379,1.55041452671867E-05,0,0,0,0,0,38
1,1925,323.588969,1.035564661026,1.55970064952271E-05,0,0,0,0,0,38
1,1926,323.808969,1.0374071598053,1.5535812053713E-05,0,0,0,0,0,38
1,1927,324.028969,1.03971517086029,1.55040670506423E-05,0,0,0,0,0,38
1,1928,324.248969,1.04175162315369,1.54361805471126E-05,0,0,0,0,0,38
1,1929,324.468969,1.04413712024689,1.53778655658243E-05,0,0,0,0,0,38
1,1930,324.688969,1.04656147956848,1.53903929458465E-05,0,0,0,0,0,38
1,1931,324.908969,1.04828763008118,1.53099408635171E-05,0,0,0,0,0,38
1,1932,325.128969,1.05038225650787,1.52559432535782E-05,0,0,0,0,0,38
1,1933,325.348969,1.05298113822937,1.52423281178926E-05,0,0,0,0,0,38
1,1934,325.568969,1.05513393878937,1.51886024468695E-05,0,0,0,0,0,38
1,1935,325.788969,1.05720913410187,1.51984841068042E-05,0,0,0,0,0,38
1,1936,326.008969,1.05971109867096,1.51146869029617E-05,0,0,0,0,0,38
1,1937,326.228969,1.06174755096436,1.51300537254428E-05,0,0,0,0,0,38
1,1938,326.448969,1.06380331516266,1.51077620103024E-05,0,0,0,0,0,38
1,1939,326.668969,1.06618893146515,1.5117449038371E-05,0,0,0,0,0,38
1,1940,326.888969,1.06810903549194,1.50972191477194E-05,0,0,0,0,0,38
1,1941,327.108969,1.07063031196594,1.49321149365278E-05,0,0,0,0,0,38
1,1942,327.328969,1.07276368141174,1.50605337694287E-05,0,0,0,0,0,38
1,1943,327.548969,1.07503294944763,1.48692479342571E-05,0,0,0,0,0,38
1,1944,327.768969,1.07681715488434,1.49613706525997E-05,0,0,0,0,0,38
1,1945,327.988969,1.07922220230103,1.49826501001371E-05,0,0,0,0,0,38
1,1946,328.208969,1.08145260810852,1.49469760799548E-05,0,0,0,0,0,38
1,1947,328.428969,1.08348894119263,1.48771450767526E-05,0,0,0,0,0,38
1,1948,328.648969,1.08593273162842,1.48094150063116E-05,0,0,0,0,0,38
1,1949,328.868969,1.08802735805511,1.48040080603096E-05,0,0,0,0,0,38
1,1950,329.088969,1.09062623977661,1.49791876538075E-05,0,0,0,0,0,38
1,1951,329.308969,1.09264326095581,1.49158540807548E-05,0,0,0,0,0,38
1,1952,329.528969,1.094447016716,1.49543293446186E-05,0,0,0,0,0,38
1,1953,329.748969,1.0970653295517,1.49661946124979E-05,0,0,0,0,0,38
1,1954,329.968969,1.09912109375,1.49884472193662E-05,0,0,0,0,0,38
1,1955,330.188969,1.10129332542419,1.50160676639644E-05,0,0,0,0,0,38
1,1956,330.408969,1.10331034660339,1.49940096889623E-05,0,0,0,0,0,38
1,1957,330.628969,1.10608386993408,1.49593861351605E-05,0,0,0,0,0,38
1,1958,330.848969,1.10800397396088,1.51845179061638E-05,0,0,0,0,0,38
1,1959,331.068969,1.10990464687347,1.51925705722533E-05,0,0,0,0,0,38
1,1960,331.288969,1.11209619045258,1.52652410179144E-05,0,0,0,0,0,38
1,1961,331.508969,1.11450111865997,1.53442142618587E-05,0,0,0,0,0,38
1,1962,331.728969,1.11675095558167,1.5393194189528E-05,0,0,0,0,0,38
1,1963,331.948969,1.11876797676086,1.5511070159846E-05,0,0,0,0,0,38
1,1964,332.168969,1.12107598781586,1.56202313519316E-05,0,0,0,0,0,38
1,1965,332.388969,1.12320935726166,1.567811887071E-05,0,0,0,0,0,38
1,1966,332.608969,1.12520706653595,1.57837403094163E-05,0,0,0,0,0,38
1,1967,332.828969,1.12792229652405,1.5886676919763E-05,0,0,0,0,0,38
1,1968,333.048969,1.13001692295074,1.60064591909759E-05,0,0,0,0,0,38
1,1969,333.268969,1.13185942173004,1.61532407219056E-05,0,0,0,0,0,38
1,1970,333.488969,1.13438069820404,1.63882541528437E-05,0,0,0,0,0,38
1,1971,333.708969,1.13647532463074,1.6415291611338E-05,0,0,0,0,0,38
1,1972,333.928969,1.13868629932404,1.66244335559895E-05,0,0,0,0,0,38
1,1973,334.148969,1.14076161384583,1.67461603268748E-05,0,0,0,0,0,38
1,1974,334.368969,1.14306950569153,1.7080803445424E-05,0,0,0,0,0,38
1,1975,334.588969,1.14545512199402,1.71496631082846E-05,0,0,0,0,0,38
1,1976,334.808969,1.14786005020142,1.73549142346019E-05,0,0,0,0,0,38
1,1977,335.028969,1.14966380596161,1.75946734088939E-05,0,0,0,0,0,38
1,1978,335.248969,1.15173900127411,1.78265490831109E-05,0,0,0,0,0,38
1,1979,335.468969,1.1540470123291,1.8285045371158E-05,0,0,0,0,0,38
1,1980,335.688969,1.1563937664032,1.80942643055459E-05,0,0,0,0,0,38
1,1981,335.908969,1.1584883928299,1.85574226634344E-05,0,0,0,0,0,38
1,1982,336.128969,1.1606023311615,1.87299410754349E-05,0,0,0,0,0,38
1,1983,336.348969,1.16261947154999,1.9352019080543E-05,0,0,0,0,0,38
1,1984,336.568969,1.16514074802399,1.95315333257895E-05,0,0,0,0,0,38
1,1985,336.788969,1.16748750209808,1.96100208995631E-05,0,0,0,0,0,38
1,1986,337.008969,1.16958212852478,1.99989644897869E-05,0,0,0,0,0,38
1,1987,337.228969,1.17194831371307,2.08223154913867E-05,0,0,0,0,0,38
1,1988,337.448969,1.17357742786407,2.07993907679338E-05,0,0,0,0,0,38
1,1989,337.668969,1.17590487003326,2.12629365705652E-05,0,0,0,0,0,38
1,1990,337.888969,1.17827093601227,2.19417433982017E-05,0,0,0,0,0,38
1,1991,338.108969,1.18034625053406,2.21678837988293E-05,0,0,0,0,0,38
1,1992,338.328969,1.18290627002716,2.29465495067416E-05,0,0,0,0,0,38
1,1993,338.548969,1.18463242053986,2.32713828154374E-05,0,0,0,0,0,38
1,1994,338.768969,1.18690156936646,2.35530842473963E-05,0,0,0,0,0,38
1,1995,338.988969,1.18920958042145,2.40189638134325E-05,0,0,0,0,0,38
1,1996,339.208969,1.19132363796234,2.49013737629866E-05,0,0,0,0,0,38
1,1997,339.428969,1.19372856616974,2.52398058364633E-05,0,0,0,0,0,38
1,1998,339.648969,1.19574558734894,2.59329899563454E-05,0,0,0,0,0,38
1,1999,339.868969,1.19785964488983,2.67512878053822E-05,0,0,0,0,0,38
1,2000,340.088969,1.20055544376373,2.75960082944948E-05,0,0,0,0,0,38
1,2001,340.308969,1.19869363307953,2.65193193627056E-05,0,0,0,0,0,38
1,2002,340.528969,1.19621109962463,2.58949112321716E-05,0,0,0,0,0,38
1,2003,340.748969,1.19407761096954,2.48399810516275E-05,0,0,0,0,0,38
1,2004,340.968969,1.19167268276215,2.42046935454709E-05,0,0,0,0,0,38
1,2005,341.188969,1.18944227695465,2.35565821640193E-05,0,0,0,0,0,38
1,2006,341.408969,1.18727016448975,2.24142277147621E-05,0,0,0,0,0,38
1,2007,341.628969,1.18523371219635,2.19918674702058E-05,0,0,0,0,0,38
1,2008,341.848969,1.18323600292206,2.17742763197748E-05,0,0,0,0,0,38
1,2009,342.068969,1.18086981773376,2.04135540116113E-05,0,0,0,0,0,38
1,2010,342.288969,1.17906618118286,2.02402588911355E-05,0,0,0,0,0,38
1,2011,342.508969,1.17679703235626,1.97491244762205E-05,0,0,0,0,0,38
1,2012,342.728969,1.17410111427307,1.90046503121266E-05,0,0,0,0,0,38
1,2013,342.948969,1.17192888259888,1.83270094566979E-05,0,0,0,0,0,38
1,2014,343.168969,1.16985368728638,1.80398674274329E-05,0,0,0,0,0,38
1,2015,343.388969,1.16772019863129,1.72510990523733E-05,0,0,0,0,0,38
1,2016,343.608969,1.16548991203308,1.71108295035083E-05,0,0,0,0,0,38
1,2017,343.828969,1.16316246986389,1.67525813594693E-05,0,0,0,0,0,38
1,2018,344.048969,1.16120362281799,1.6412595869042E-05,0,0,0,0,0,38
1,2019,344.268969,1.15868234634399,1.58425827976316E-05,0,0,0,0,0,38
1,2020,344.488969,1.1568009853363,1.56681217049481E-05,0,0,0,0,0,38
1,2021,344.708969,1.15470635890961,1.49776587932138E-05,0,0,0,0,0,38
1,2022,344.928969,1.15237903594971,1.47693926919601E-05,0,0,0,0,0,38
1,2023,345.148969,1.15005171298981,1.40540614665952E-05,0,0,0,0,0,38
1,2024,345.368969,1.14784061908722,1.39351632242324E-05,0,0,0,0,0,38
1,2025,345.588969,1.14553272724152,1.35990621856763E-05,0,0,0,0,0,38
1,2026,345.808969,1.14367079734802,1.34218807943398E-05,0,0,0,0,0,38
1,2027,346.028969,1.14095556735992,1.28588635561755E-05,0,0,0,0,0,38
1,2028,346.248969,1.13920998573303,1.28569208754925E-05,0,0,0,0,0,38
1,2029,346.468969,1.13674688339233,1.21750053949654E-05,0,0,0,0,0,38
1,2030,346.688969,1.13445830345154,1.1848618669319E-05,0,0,0,0,0,38
1,2031,346.908969,1.13222789764404,1.17137897177599E-05,0,0,0,0,0,38
1,2032,347.128969,1.13009452819824,1.1270059076196E-05,0,0,0,0,0,38
1,2033,347.348969,1.12799990177155,1.14384729386074E-05,0,0,0,0,0,38
1,2034,347.568969,1.12600219249725,1.12885409180308E-05,0,0,0,0,0,38
1,2035,347.788969,1.12357783317566,1.10462533484679E-05,0,0,0,0,0,38
1,2036,348.008969,1.12152206897736,1.08531776277232E-05,0,0,0,0,0,38
1,2037,348.228969,1.11933040618896,1.06526722447597E-05,0,0,0,0,0,38
1,2038,348.448969,1.11686730384827,1.0320595720259E-05,0,0,0,0,0,38
1,2039,348.668969,1.11483085155487,1.02061439974932E-05,0,0,0,0,0,38
1,2040,348.888969,1.11291074752808,1.00238439699751E-05,0,0,0,0,0,38
1,2041,349.108969,1.11044764518738,9.88733336271252E-06,0,0,0,0,0,38
1,2042,349.328969,1.10837244987488,9.68721724348143E-06,0,0,0,0,0,38
1,2043,349.548969,1.10620021820068,9.50285539147444E-06,0,0,0,0,0,38
1,2044,349.768969,1.10391163825989,9.33522278501187E-06,0,0,0,0,0,38
1,2045,349.988969,1.10148727893829,9.13323856366333E-06,0,0,0,0,0,38
1,2046,350.208969,1.09935390949249,9.13129315449623E-06,0,0,0,0,0,38
1,2047,350.428969,1.0974143743515,8.88702197698876E-06,0,0,0,0,0,38
1,2048,350.648969,1.09512579441071,8.73549470270518E-06,0,0,0,0,0,38
1,2049,350.868969,1.09279847145081,8.5384117483045E-06,0,0,0,0,0,38
1,2050,351.088969,1.09047114849091,8.52693574415753E-06,0,0,0,0,0,38
1,2051,351.308969,1.08814370632172,8.25325332698412E-06,0,0,0,0,0,38
1,2052,351.528969,1.08634006977081,8.17186810309067E-06,0,0,0,0,0,38
1,2053,351.748969,1.08424544334412,8.04761202743975E-06,0,0,0,0,0,38
1,2054,351.968969,1.08197617530823,7.97346365288831E-06,0,0,0,0,0,38
1,2055,352.188969,1.07951307296753,7.8509574450436E-06,0,0,0,0,0,38
1,2056,352.408969,1.07745718955994,7.7596914707101E-06,0,0,0,0,0,38
1,2057,352.628969,1.07545959949493,7.595637725899E-06,0,0,0,0,0,38
1,2058,352.848969,1.07307398319244,7.58174928705557E-06,0,0,0,0,0,38
1,2059,353.068969,1.07070791721344,7.40361247153487E-06,0,0,0,0,0,38
1,2060,353.288969,1.06882655620575,7.41847361496184E-06,0,0,0,0,0,38
1,2061,353.508969,1.06673192977905,7.32004900783068E-06,0,0,0,0,0,38
1,2062,353.728969,1.06388092041016,7.0848027462489E-06,0,0,0,0,0,38
1,2063,353.948969,1.06201899051666,7.12004884917405E-06,0,0,0,0,0,38
1,2064,354.168969,1.05990505218506,6.90028582539526E-06,0,0,0,0,0,38
1,2065,354.388969,1.05775225162506,6.87344299876713E-06,0,0,0,0,0,38
1,2066,354.608969,1.05575454235077,6.78509422868956E-06,0,0,0,0,0,38
1,2067,354.828969,1.05311691761017,6.71320140099851E-06,0,0,0,0,0,38
1,2068,355.048969,1.05117738246918,6.58945100440178E-06,0,0,0,0,0,38
1,2069,355.268969,1.04879188537598,6.5226158767473E-06,0,0,0,0,0,38
1,2070,355.488969,1.04646444320679,6.45126783638261E-06,0,0,0,0,0,38
1,2071,355.708969,1.04456377029419,6.36774302620324E-06,0,0,0,0,0,38
1,2072,355.928969,1.0419454574585,6.2167996475182E-06,0,0,0,0,0,38
1,2073,356.148969,1.0399284362793,6.15953422311577E-06,0,0,0,0,0,38
1,2074,356.368969,1.0380083322525,6.08091158937896E-06,0,0,0,0,0,38
1,2075,356.588969,1.0354870557785,6.02224599788315E-06,0,0,0,0,0,38
1,2076,356.808969,1.0334700345993,5.97252801526338E-06,0,0,0,0,0,38
1,2077,357.028969,1.03141415119171,5.88873081142083E-06,0,0,0,0,0,38
1,2078,357.248969,1.02895104885101,5.75365947952378E-06,0,0,0,0,0,38
1,2079,357.468969,1.02695345878601,5.7909678616852E-06,0,0,0,0,0,38
1,2080,357.688969,1.02470362186432,5.69230951441568E-06,0,0,0,0,0,38
1,2081,357.908969,1.02243447303772,5.60722901354893E-06,0,0,0,0,0,38
1,2082,358.128969,1.02006828784943,5.53502513866988E-06,0,0,0,0,0,38
1,2083,358.348969,1.01816761493683,5.50895993001177E-06,0,0,0,0,0,38
1,2084,358.568969,1.01589846611023,5.37182722837315E-06,0,0,0,0,0,38
1,2085,358.788969,1.01397836208344,5.30662555320305E-06,0,0,0,0,0,38
1,2086,359.008969,1.01161217689514,5.20718958796351E-06,0,0,0,0,0,38
1,2087,359.228969,1.00926542282104,5.25507903148537E-06,0,0,0,0,0,38
1,2088,359.448969,1.00693809986115,5.13833128934493E-06,0,0,0,0,0,38
1,2089,359.668969,1.00525069236755,5.12424867338268E-06,0,0,0,0,0,38
1,2090,359.888969,1.00259363651276,4.90619731863262E-06,0,0,0,0,0,38
1,2091,360.108969,1.00082874298096,4.90110096507124E-06,0,0,0,0,0,38
1,2092,360.328969,0.998288035392761,4.88884643345955E-06,0,0,0,0,0,38
1,2093,360.548969,0.996251583099365,4.70510804007063E-06,0,0,0,0,0,38
1,2094,360.768969,0.993982374668121,4.7087646635191E-06,0,0,0,0,0,38
1,2095,360.988969,0.991635620594025,4.60637238575146E-06,0,0,0,0,0,38
1,2096,361.208969,0.989618599414825,4.53712482340052E-06,0,0,0,0,0,38
1,2097,361.428969,0.987407565116882,4.48398350272328E-06,0,0,0,0,0,38
1,2098,361.648969,0.984963834285736,4.47775892098434E-06,0,0,0,0,0,38
1,2099,361.868969,0.982694685459137,4.33482955486397E-06,0,0,0,0,0,38
1,2100,362.088969,0.980367302894592,4.2684609979915E-06,0,0,0,0,0,38
1,2101,362.308969,0.978330850601196,4.26776068707113E-06,0,0,0,0,0,38
1,2102,362.528969,0.9762362241745,4.12432564189658E-06,0,0,0,0,0,38
1,2103,362.748969,0.974122166633606,4.14556643590913E-06,0,0,0,0,0,38
1,2104,362.968969,0.972085773944855,3.86737156077288E-06,0,0,0,0,0,38
1,2105,363.188969,0.96975839138031,3.9010615182633E-06,0,0,0,0,0,38
1,2106,363.408969,0.967527985572815,3.77159221898182E-06,0,0,0,0,0,38
1,2107,363.628969,0.96504545211792,3.71288774658751E-06,0,0,0,0,0,38
1,2108,363.848969,0.96297025680542,3.65375512956234E-06,0,0,0,0,0,38
1,2109,364.068969,0.960875630378723,3.64830862054077E-06,0,0,0,0,0,38
1,2110,364.288969,0.958625793457031,3.45760645359405E-06,0,0,0,0,0,38
1,2111,364.508969,0.956472992897034,3.49993274539884E-06,0,0,0,0,0,38
1,2112,364.728969,0.954087436199188,3.3469273148512E-06,0,0,0,0,0,38
1,2113,364.948969,0.95187646150589,3.35610843649192E-06,0,0,0,0,0,38
1,2114,365.168969,0.949820637702942,3.21298443850537E-06,0,0,0,0,0,38
1,2115,365.388969,0.947784185409546,3.20392018693383E-06,0,0,0,0,0,38
1,2116,365.608969,0.945534408092499,3.02286571240984E-06,0,0,0,0,0,38
1,2117,365.828969,0.943148851394653,2.98213421956461E-06,0,0,0,0,0,38
1,2118,366.048969,0.941112399101257,2.84270595329872E-06,0,0,0,0,0,38
1,2119,366.268969,0.93861049413681,2.82278779195622E-06,0,0,0,0,0,38
1,2120,366.488969,0.936826169490814,2.65332641902205E-06,0,0,0,0,0,38
1,2121,366.708969,0.934227287769318,2.52444078796543E-06,0,0,0,0,0,38
1,2122,366.928969,0.932462334632874,2.50242169386183E-06,0,0,0,0,0,38
1,2123,367.148969,0.929999232292175,2.41574593928817E-06,0,0,0,0,0,38
1,2124,367.368969,0.92776882648468,2.39645009969536E-06,0,0,0,0,0,38
1,2125,367.588969,0.925771176815033,2.22500466406927E-06,0,0,0,0,0,38
1,2126,367.808969,0.92330801486969,2.19971775550221E-06,0,0,0,0,0,38
1,2127,368.028969,0.921290993690491,2.11848828257644E-06,0,0,0,0,0,38
1,2128,368.248969,0.919041216373444,2.06954837267403E-06,0,0,0,0,0,38
1,2129,368.468969,0.917295694351196,2.03729791792284E-06,0,0,0,0,0,38
1,2130,368.688969,0.914677381515503,1.90098182883958E-06,0,0,0,0,0,38
1,2131,368.908969,0.912582755088806,1.80002859906381E-06,0,0,0,0,0,38
1,2132,369.128969,0.91054630279541,1.76377102434344E-06,0,0,0,0,0,38
1,2133,369.348969,0.908199548721313,1.70697273915721E-06,0,0,0,0,0,38
1,2134,369.568969,0.905891597270966,1.61664002007456E-06,0,0,0,0,0,38
1,2135,369.788969,0.903699994087219,1.56132000483922E-06,0,0,0,0,0,38
1,2136,370.008969,0.901256263256073,1.500942516941E-06,0,0,0,0,0,38
1,2137,370.228969,0.899239182472229,1.359102270726E-06,0,0,0,0,0,38
1,2138,370.448969,0.897183358669281,1.28444753499934E-06,0,0,0,0,0,38
1,2139,370.668969,0.894894778728485,1.27145392525563E-06,0,0,0,0,0,38
1,2140,370.888969,0.89291650056839,1.1644707456071E-06,0,0,0,0,0,38
1,2141,371.108969,0.890433967113495,1.09565144157386E-06,0,0,0,0,0,38
1,2142,371.328969,0.887990236282349,1.14778140414273E-06,0,0,0,0,0,38
1,2143,371.548969,0.886555075645447,1.03107117865875E-06,0,0,0,0,0,38
1,2144,371.768969,0.883742809295654,9.92225068330299E-07,0,0,0,0,0,38
1,2145,371.988969,0.881493031978607,9.3300803882812E-07,0,0,0,0,0,38
1,2146,372.208969,0.87965053319931,9.02558667803532E-07,0,0,0,0,0,38
1,2147,372.428969,0.877264976501465,8.45007775751583E-07,0,0,0,0,0,38
1,2148,372.648969,0.87503457069397,8.06846799150662E-07,0,0,0,0,0,38
1,2149,372.868969,0.872823596000671,7.47808769574476E-07,0,0,0,0,0,38
1,2150,373.088969,0.870728969573975,6.81004678426689E-07,0,0,0,0,0,38
1,2151,373.308969,0.868091285228729,6.34949174127541E-07,0,0,0,0,0,38
1,2152,373.528969,0.866403937339783,6.24664437509637E-07,0,0,0,0,0,38
1,2153,373.748969,0.864115357398987,5.90069248573855E-07,0,0,0,0,0,38
1,2154,373.968969,0.861729800701141,5.26737494510598E-07,0,0,0,0,0,38
1,2155,374.188969,0.859538197517395,5.06467756622442E-07,0,0,0,0,0,38
1,2156,374.408969,0.857366025447845,4.61829216646947E-07,0,0,0,0,0,38
1,2157,374.628969,0.85513561964035,4.25957182415004E-07,0,0,0,0,0,38
1,2158,374.848969,0.852905213832855,3.84826023491769E-07,0,0,0,0,0,38
1,2159,375.068969,0.850907564163208,3.69173136505196E-07,0,0,0,0,0,38
1,2160,375.288969,0.848502635955811,3.48973486552495E-07,0,0,0,0,0,38
1,2161,375.508969,0.847106218338013,3.27590413462531E-07,0,0,0,0,0,38
1,2162,375.728969,0.84413880109787,2.97269508564568E-07,0,0,0,0,0,38
1,2163,375.948969,0.84221875667572,2.979974453865E-07,0,0,0,0,0,38
1,2164,376.168969,0.839930176734924,2.81425855064299E-07,0,0,0,0,0,38
1,2165,376.388969,0.837796747684479,2.31559283747629E-07,0,0,0,0,0,38
1,2166,376.608969,0.835411190986633,2.47437952793916E-07,0,0,0,0,0,38
1,2167,376.828969,0.833238959312439,2.09241946436123E-07,0,0,0,0,0,38
1,2168,377.048969,0.831105530261993,1.8593972583858E-07,0,0,0,0,0,38
1,2169,377.268969,0.828913986682892,1.93149162441841E-07,0,0,0,0,0,38
1,2170,377.488969,0.826974511146545,1.77180965010848E-07,0,0,0,0,0,38
1,2171,377.708969,0.824608325958252,1.35586546434752E-07,0,0,0,0,0,38
1,2172,377.928969,0.822203397750854,1.21346744208495E-07,0,0,0,0,0,38
1,2173,378.148969,0.820360898971558,1.32783739559272E-07,0,0,0,0,0,38
1,2174,378.368969,0.81795597076416,1.05012617268585E-07,0,0,0,0,0,38
1,2175,378.588969,0.815531611442566,9.34198993718383E-08,0,0,0,0,0,38
1,2176,378.808969,0.81365031003952,9.79082841467971E-08,0,0,0,0,0,38
1,2177,379.028969,0.810954451560974,1.006994096997E-07,0,0,0,0,0,38
1,2178,379.248969,0.809053778648376,1.06460731785774E-07,0,0,0,0,0,38
1,2179,379.468969,0.806648850440979,8.03323558784541E-08,0,0,0,0,0,38
1,2180,379.688969,0.804845094680786,7.55792655127152E-08,0,0,0,0,0,38
1,2181,379.908969,0.802789270877838,4.58578490736272E-08,0,0,0,0,0,38
1,2182,380.128969,0.800520122051239,6.36712371715475E-08,0,0,0,0,0,38
1,2183,380.348969,0.798289716243744,4.14745713328557E-08,0,0,0,0,0,38
1,2184,380.568969,0.795884728431702,5.4585473918678E-08,0,0,0,0,0,38
1,2185,380.788969,0.793712556362152,5.18021323614448E-08,0,0,0,0,0,38
1,2186,381.008969,0.791404604911804,2.70401248059216E-08,0,0,0,0,0,38
1,2187,381.228969,0.789445698261261,2.03010646487867E-11,0,0,0,0,0,38
1,2188,381.448969,0.787215292453766,3.71455444181379E-09,0,0,0,0,0,38
1,2189,381.668969,0.78477156162262,2.54051535364397E-08,0,0,0,0,0,38
1,2190,381.888969,0.782579958438873,4.56476385579663E-08,0,0,0,0,0,38
1,2191,382.108969,0.780078053474426,8.4403959377255E-09,0,0,0,0,0,38
1,2192,382.328969,0.778604090213776,3.03723481920315E-08,0,0,0,0,0,38
1,2193,382.548969,0.775927603244781,1.09823847793677E-08,0,0,0,0,0,38
1,2194,382.768969,0.774026930332184,-2.11447730436021E-08,0,0,0,0,0,38
1,2195,382.988969,0.77166074514389,3.57327145650288E-08,0,0,0,0,0,38
1,2196,383.208969,0.769527316093445,2.20340030665511E-08,0,0,0,0,0,38
1,2197,383.428969,0.767277538776398,1.63271796083109E-08,0,0,0,0,0,38
1,2198,383.648969,0.765085935592651,-3.34965797321729E-08,0,0,0,0,0,38
1,2199,383.868969,0.762991309165955,-6.09915762339597E-09,0,0,0,0,0,38
1,2200,384.088969,0.760722160339355,-1.30361010874935E-08,0,0,0,0,0,38
1,2201,384.308969,0.75823962688446,4.57875293236043E-09,0,0,0,0,0,38
1,2202,384.528969,0.756358325481415,1.32869137914327E-08,0,0,0,0,0,38
1,2203,384.748969,0.753992140293121,-6.67528965436759E-09,0,0,0,0,0,38
1,2204,384.968969,0.752072095870972,-1.85677482278379E-08,0,0,0,0,0,38
1,2205,385.188969,0.749725341796875,-1.47839616104761E-08,0,0,0,0,0,38
1,2206,385.408969,0.747708261013031,1.17064429261404E-08,0,0,0,0,0,38
1,2207,385.628969,0.744993031024933,-2.98217912586551E-08,0,0,0,0,0,38
1,2208,385.848969,0.742956578731537,-8.29468849161685E-09,0,0,0,0,0,38
1,2209,386.068969,0.741036474704742,-1.15957705659753E-08,0,0,0,0,0,38
1,2210,386.288969,0.738573372364044,-5.50745404837016E-09,0,0,0,0,0,38
1,2211,386.508969,0.736808478832245,-3.28542704153278E-08,0,0,0,0,0,38
1,2212,386.728969,0.73457807302475,-1.92022735490127E-08,0,0,0,0,0,38
1,2213,386.948969,0.732173085212708,-8.24797474763272E-09,0,0,0,0,0,38
1,2214,387.168969,0.730000913143158,4.25150747940251E-10,0,0,0,0,0,38
1,2215,387.388969,0.728003263473511,-7.61345120281476E-09,0,0,0,0,0,38
1,2216,387.608969,0.725229799747467,-3.13633350401687E-08,0,0,0,0,0,38
1,2217,387.828969,0.723270952701569,-1.68549227907988E-08,0,0,0,0,0,38
1,2218,388.048969,0.721021175384521,-2.40799327144714E-08,0,0,0,0,0,38
1,2219,388.268969,0.719023525714874,-6.83100109810653E-09,0,0,0,0,0,38
1,2220,388.488969,0.716618537902832,-5.04885875329819E-08,0,0,0,0,0,38
1,2221,388.708969,0.714659690856934,-5.34784971861768E-09,0,0,0,0,0,38
1,2222,388.928969,0.712351739406586,4.34129265869387E-09,0,0,0,0,0,38
1,2223,389.148969,0.710101902484894,-3.09039869250682E-08,0,0,0,0,0,38
1,2224,389.368969,0.707793951034546,-3.12971586424737E-08,0,0,0,0,0,38
1,2225,389.588969,0.7059126496315,-3.49446978020751E-08,0,0,0,0,0,38
1,2226,389.808969,0.703371942043304,-4.77597446035816E-08,0,0,0,0,0,38
1,2227,390.028969,0.701413094997406,-3.05147089818547E-08,0,0,0,0,0,38
1,2228,390.248969,0.69922149181366,-4.76779966618324E-08,0,0,0,0,0,38
1,2229,390.468969,0.696874737739563,-2.79104330758173E-08,0,0,0,0,0,38
1,2230,390.688969,0.694624960422516,-1.9860154409912E-08,0,0,0,0,0,38
1,2231,390.908969,0.692549705505371,-1.67731748490496E-08,0,0,0,0,0,38
1,2232,391.128969,0.690513253211975,-1.21719025969469E-08,0,0,0,0,0,38
1,2233,391.348969,0.68812769651413,-3.2877629507766E-08,0,0,0,0,0,38
1,2234,391.568969,0.685936093330383,-4.36567511030717E-08,0,0,0,0,0,38
1,2235,391.788969,0.684054851531982,-4.48635155692045E-08,0,0,0,0,0,38
1,2236,392.008969,0.681727468967438,-3.79654991888856E-08,0,0,0,0,0,38
1,2237,392.228969,0.679768621921539,-2.80895022797267E-08,0,0,0,0,0,38
1,2238,392.448969,0.676801204681396,-4.09162304038091E-08,0,0,0,0,0,38
1,2239,392.668969,0.674842357635498,-1.65785358774428E-08,0,0,0,0,0,38
1,2240,392.888969,0.672631323337555,-5.18393861170807E-08,0,0,0,0,0,38
1,2241,393.108969,0.670517325401306,-6.63246924048622E-09,0,0,0,0,0,38
1,2242,393.328969,0.668306291103363,-3.48785178516664E-08,0,0,0,0,0,38
1,2243,393.548969,0.666056513786316,9.46783984545618E-10,0,0,0,0,0,38
1,2244,393.768969,0.664000689983368,-6.66086137357524E-08,0,0,0,0,0,38
1,2245,393.988969,0.661750912666321,-4.90796514540648E-09,0,0,0,0,0,38
1,2246,394.208969,0.659636855125427,8.6892826267615E-10,0,0,0,0,0,38
1,2247,394.428969,0.657037973403931,-4.22203143557454E-08,0,0,0,0,0,38
1,2248,394.648969,0.655234277248383,-1.44608600649576E-08,0,0,0,0,0,38
1,2249,394.868969,0.652712941169739,-1.98757241776093E-08,0,0,0,0,0,38
1,2250,395.088969,0.650676548480988,-1.69872773625457E-08,0,0,0,0,0,38
1,2251,395.308969,0.648562490940094,-1.34837714327318E-08,0,0,0,0,0,38
1,2252,395.528969,0.646157562732697,-3.34031540205615E-08,0,0,0,0,0,38
1,2253,395.748969,0.6443150639534,-5.22675911440729E-08,0,0,0,0,0,38
1,2254,395.968969,0.641890704631805,-3.30683747051808E-08,0,0,0,0,0,38
1,2255,396.188969,0.640028834342957,-3.47734143701928E-08,0,0,0,0,0,38
1,2256,396.408969,0.637468695640564,-4.51982948845853E-08,0,0,0,0,0,38
1,2257,396.628969,0.635141372680664,-2.88018817684588E-08,0,0,0,0,0,38
1,2258,396.848969,0.633046746253967,-4.36411795590175E-08,0,0,0,0,0,38
1,2259,397.068969,0.630913317203522,-3.01682483438981E-08,0,0,0,0,0,38
1,2260,397.288969,0.628682911396027,-6.01076592943173E-08,0,0,0,0,0,38
1,2261,397.508969,0.626530110836029,-2.42200730582454E-08,0,0,0,0,0,38
1,2262,397.728969,0.624241530895233,-6.01582712533855E-08,0,0,0,0,0,38
1,2263,397.948969,0.622088730335236,-6.5837838292282E-08,0,0,0,0,0,38
1,2264,398.168969,0.619683742523193,-3.04290672659135E-08,0,0,0,0,0,38
1,2265,398.388969,0.617414593696594,-4.74210750667226E-08,0,0,0,0,0,38
1,2266,398.608969,0.615572094917297,-3.68093395763935E-08,0,0,0,0,0,38
1,2267,398.828969,0.613147735595703,-3.66653090111413E-08,0,0,0,0,0,38
1,2268,399.048969,0.611382842063904,-3.73231898720405E-08,0,0,0,0,0,38
1,2269,399.268969,0.608939111232758,-7.89487444308179E-08,0,0,0,0,0,38
1,2270,399.488969,0.606883227825165,-3.29165565915446E-08,0,0,0,0,0,38
1,2271,399.708969,0.604827404022217,-4.60157778547909E-08,0,0,0,0,0,38
1,2272,399.928969,0.602247893810272,-2.68515965018423E-08,0,0,0,0,0,38
1,2273,400.148969,0.600269675254822,-3.52016193971849E-08,0,0,0,0,0,38
1,2274,400.368969,0.597922921180725,-3.42634578487377E-08,0,0,0,0,0,38
1,2275,400.588969,0.595731317996979,-4.41900631642511E-08,0,0,0,0,0,38
1,2276,400.808969,0.593500912189484,-4.8094527471676E-08,0,0,0,0,0,38
1,2277,401.028969,0.591328680515289,-4.29521556100099E-08,0,0,0,0,0,38
1,2278,401.248969,0.589040100574493,-5.17654221710018E-08,0,0,0,0,0,38
1,2279,401.468969,0.586732149124146,-8.71586252060297E-08,0,0,0,0,0,38
1,2280,401.688969,0.584928452968597,-8.69367369205065E-08,0,0,0,0,0,38
1,2281,401.908969,0.582698047161102,-6.15246378288248E-08,0,0,0,0,0,38
1,2282,402.128969,0.580370664596558,-4.86278359801418E-08,0,0,0,0,0,38
1,2283,402.348969,0.578101515769959,-4.87017999262207E-08,0,0,0,0,0,38
1,2284,402.568969,0.575774133205414,-3.6490131805067E-08,0,0,0,0,0,38
1,2285,402.788969,0.573718309402466,-9.31068058207529E-08,0,0,0,0,0,38
1,2286,403.008969,0.571720659732819,-5.06053723370314E-08,0,0,0,0,0,38
1,2287,403.228969,0.569470822811127,-5.82819446037774E-08,0,0,0,0,0,38
1,2288,403.448969,0.567201673984528,-3.61125316317157E-08,0,0,0,0,0,38
1,2289,403.668969,0.56504887342453,-9.54385797058421E-08,0,0,0,0,0,38
1,2290,403.888969,0.562663316726685,-8.66214193706583E-08,0,0,0,0,0,38
1,2291,404.108969,0.560723841190338,-6.15479933685492E-08,0,0,0,0,0,38
1,2292,404.328969,0.558532238006592,-9.69373061820988E-08,0,0,0,0,0,38
1,2293,404.548969,0.556185483932495,-7.56476623564595E-08,0,0,0,0,0,38
1,2294,404.768969,0.553664147853851,-6.97851234576774E-08,0,0,0,0,0,38
1,2295,404.988969,0.551588892936707,-6.97150568385041E-08,0,0,0,0,0,38
1,2296,405.208969,0.549688220024109,-1.3694734946057E-07,0,0,0,0,0,38
1,2297,405.428969,0.54732209444046,-4.66931240339363E-08,0,0,0,0,0,38
1,2298,405.648969,0.545305013656616,-5.72386795738566E-08,0,0,0,0,0,38
1,2299,405.868969,0.54270613193512,-7.28759985690886E-08,0,0,0,0,0,38
1,2300,406.088969,0.540611505508423,-6.04190830699736E-08,0,0,0,0,0,38
1,2301,406.308969,0.538652658462524,-8.17281886611454E-08,0,0,0,0,0,38
1,2302,406.528969,0.536286473274231,-6.62310100096875E-08,0,0,0,0,0,38
1,2303,406.748969,0.534463405609131,-9.24683831726725E-08,0,0,0,0,0,38
1,2304,406.968969,0.532232999801636,-7.45693569115247E-08,0,0,0,0,0,38
1,2305,407.188969,0.529750466346741,-8.05525672831209E-08,0,0,0,0,0,38
1,2306,407.408969,0.527384340763092,-6.67798971676348E-08,0,0,0,0,0,38
1,2307,407.628969,0.5253866314888,-8.80345041309738E-08,0,0,0,0,0,38
1,2308,407.848969,0.523078680038452,-7.26813595974818E-08,0,0,0,0,0,38
1,2309,408.068969,0.521042227745056,-9.51232692614212E-08,0,0,0,0,0,38
1,2310,408.288969,0.518714845180511,-9.26124172906384E-08,0,0,0,0,0,38
1,2311,408.508969,0.516697824001312,-1.08619552463551E-07,0,0,0,0,0,38
1,2312,408.728969,0.514370441436768,-1.11286112769449E-07,0,0,0,0,0,38
1,2313,408.948969,0.51196551322937,-1.02262632140082E-07,0,0,0,0,0,38
1,2314,409.168969,0.509987235069275,-9.58979313736563E-08,0,0,0,0,0,38
1,2315,409.388969,0.507950782775879,-3.61047476360454E-08,0,0,0,0,0,38
1,2316,409.608969,0.505448877811432,-1.31781618506466E-07,0,0,0,0,0,38
1,2317,409.828969,0.503509402275085,-7.29343909711133E-08,0,0,0,0,0,38
1,2318,410.048969,0.500929892063141,-1.47014091567144E-07,0,0,0,0,0,38
1,2319,410.268969,0.498718917369843,-9.55787200496161E-08,0,0,0,0,0,38
1,2320,410.488969,0.496663093566895,-1.04302451120475E-07,0,0,0,0,0,38
1,2321,410.708969,0.494723618030548,-1.07346615152437E-07,0,0,0,0,0,38
1,2322,410.928969,0.492435038089752,-1.18106271429497E-07,0,0,0,0,0,38
1,2323,411.148969,0.490282207727432,-1.26464087202294E-07,0,0,0,0,0,38
1,2324,411.368969,0.487916052341461,-1.08786942121242E-07,0,0,0,0,0,38
1,2325,411.588969,0.485705077648163,-1.23641811455855E-07,0,0,0,0,0,38
1,2326,411.808969,0.483474671840668,-1.03808069695788E-07,0,0,0,0,0,38
1,2327,412.028969,0.48132187128067,-1.37297703872719E-07,0,0,0,0,0,38
1,2328,412.248969,0.479246616363525,-1.21504669436945E-07,0,0,0,0,0,38
1,2329,412.468969,0.476841688156128,-1.4025232530912E-07,0,0,0,0,0,38
1,2330,412.688969,0.474630683660507,-1.23127961160208E-07,0,0,0,0,0,38
1,2331,412.908969,0.472768783569336,-1.39174019864186E-07,0,0,0,0,0,38
1,2332,413.128969,0.470499604940414,-1.47278797157924E-07,0,0,0,0,0,38
1,2333,413.348969,0.468230426311493,-1.641657121354E-07,0,0,0,0,0,38
1,2334,413.568969,0.465980648994446,-1.3737944470904E-07,0,0,0,0,0,38
1,2335,413.788969,0.464002370834351,-1.34253539840756E-07,0,0,0,0,0,38
1,2336,414.008969,0.461209535598755,-1.53927686596944E-07,0,0,0,0,0,38
1,2337,414.228969,0.459134310483933,-1.71608718346761E-07,0,0,0,0,0,38
1,2338,414.448969,0.45731121301651,-1.62737052278317E-07,0,0,0,0,0,38
1,2339,414.668969,0.455138981342316,-1.68751412843449E-07,0,0,0,0,0,38
1,2340,414.888969,0.453044354915619,-1.38352646672502E-07,0,0,0,0,0,38
1,2341,415.108969,0.450406670570374,-1.60798450110633E-07,0,0,0,0,0,38
1,2342,415.328969,0.448583573102951,-1.6849837436439E-07,0,0,0,0,0,38
1,2343,415.548969,0.446081668138504,-1.80748969569322E-07,0,0,0,0,0,38
1,2344,415.768969,0.444025814533234,-1.69623390888773E-07,0,0,0,0,0,38
1,2345,415.988969,0.441873013973236,-1.72722053548569E-07,0,0,0,0,0,38
1,2346,416.208969,0.439739584922791,-1.99496625441498E-07,0,0,0,0,0,38
1,2347,416.428969,0.437509208917618,-1.76895113668252E-07,0,0,0,0,0,38
1,2348,416.648969,0.435162425041199,-1.59151795742218E-07,0,0,0,0,0,38
1,2349,416.868969,0.4329514503479,-1.91816155847846E-07,0,0,0,0,0,38
1,2350,417.088969,0.430585294961929,-1.77218211661057E-07,0,0,0,0,0,38
1,2351,417.308969,0.428703993558884,-2.14853670854609E-07,0,0,0,0,0,38
1,2352,417.528969,0.426454216241837,-1.80593261234208E-07,0,0,0,0,0,38
1,2353,417.748969,0.42451474070549,-2.12159861234795E-07,0,0,0,0,0,38
1,2354,417.968969,0.421896457672119,-2.20178989707165E-07,0,0,0,0,0,38
1,2355,418.188969,0.419763028621674,-2.07091446213781E-07,0,0,0,0,0,38
1,2356,418.408969,0.417416274547577,-2.33215928346908E-07,0,0,0,0,0,38
1,2357,418.628969,0.41532164812088,-2.37054223362065E-07,0,0,0,0,0,38
1,2358,418.848969,0.413382172584534,-2.50686753133778E-07,0,0,0,0,0,38
1,2359,419.068969,0.411229372024536,-2.56479211202532E-07,0,0,0,0,0,38
1,2360,419.288969,0.408746838569641,-2.63817128143273E-07,0,0,0,0,0,38
1,2361,419.508969,0.406438857316971,-2.77574230267419E-07,0,0,0,0,0,38
1,2362,419.728969,0.404557585716248,-2.70174041361315E-07,0,0,0,0,0,38
1,2363,419.948969,0.402152627706528,-2.78045263257809E-07,0,0,0,0,0,38
1,2364,420.168969,0.400077402591705,-3.03293859360565E-07,0,0,0,0,0,38
1,2365,420.388969,0.397788822650909,-2.88427315808804E-07,0,0,0,0,0,38
1,2366,420.608969,0.395170539617538,-2.72673219114949E-07,0,0,0,0,0,38
1,2367,420.828969,0.393425017595291,-3.31559363075939E-07,0,0,0,0,0,38
1,2368,421.048969,0.391117036342621,-3.03036927107314E-07,0,0,0,0,0,38
1,2369,421.268969,0.38900300860405,-3.24174749266604E-07,0,0,0,0,0,38
1,2370,421.488969,0.386598080396652,-3.10141274439957E-07,0,0,0,0,0,38
1,2371,421.708969,0.384697377681732,-3.43681506365101E-07,0,0,0,0,0,38
1,2372,421.928969,0.382467001676559,-3.48928978155527E-07,0,0,0,0,0,38
1,2373,422.148969,0.380100846290588,-3.57454183586015E-07,0,0,0,0,0,38
1,2374,422.368969,0.377792865037918,-3.69440073200167E-07,0,0,0,0,0,38
1,2375,422.588969,0.375930964946747,-3.62401920028788E-07,0,0,0,0,0,38
1,2376,422.808969,0.37333208322525,-3.99570211584432E-07,0,0,0,0,0,38
1,2377,423.028969,0.371489584445953,-4.01555553253274E-07,0,0,0,0,0,38
1,2378,423.248969,0.369394958019257,-4.32690029583682E-07,0,0,0,0,0,38
1,2379,423.468969,0.367125779390335,-4.27310197892439E-07,0,0,0,0,0,38
1,2380,423.688969,0.364604473114014,-4.58841782347008E-07,0,0,0,0,0,38
1,2381,423.908969,0.362587422132492,-4.22366383645567E-07,0,0,0,0,0,38
1,2382,424.128969,0.360628545284271,-4.6427609845523E-07,0,0,0,0,0,38
1,2383,424.348969,0.358184814453125,-4.80773735489493E-07,0,0,0,0,0,38
1,2384,424.568969,0.356031984090805,-5.02316424899618E-07,0,0,0,0,0,38
1,2385,424.788969,0.353879183530808,-4.70189235102225E-07,0,0,0,0,0,38
1,2386,425.008969,0.351706981658936,-4.96792551984981E-07,0,0,0,0,0,38
1,2387,425.228969,0.34967052936554,-5.16092939051305E-07,0,0,0,0,0,38
1,2388,425.448969,0.347246199846268,-5.25743189427885E-07,0,0,0,0,0,38
1,2389,425.668969,0.344880044460297,-5.37620053364662E-07,0,0,0,0,0,38
1,2390,425.888969,0.34268844127655,-5.72359283523838E-07,0,0,0,0,0,38
1,2391,426.108969,0.340458035469055,-5.92200819937716E-07,0,0,0,0,0,38
1,2392,426.328969,0.338208258152008,-5.66080245789635E-07,0,0,0,0,0,38
1,2393,426.548969,0.336346358060837,-5.9342312397348E-07,0,0,0,0,0,38
1,2394,426.768969,0.333902627229691,-6.55614314837294E-07,0,0,0,0,0,38
1,2395,426.988969,0.331711024045944,-6.54571010727523E-07,0,0,0,0,0,38
1,2396,427.208969,0.329519420862198,-6.76467948323989E-07,0,0,0,0,0,38
1,2397,427.428969,0.3273666203022,-6.98890403327823E-07,0,0,0,0,0,38
1,2398,427.648969,0.325233191251755,-7.23745813502319E-07,0,0,0,0,0,38
1,2399,427.868969,0.323138564825058,-7.1902388754097E-07,0,0,0,0,0,38
1,2400,428.088969,0.320985734462738,-7.48356001167849E-07,0,0,0,0,0,38
1,2401,428.308969,0.318658381700516,-7.47896649500035E-07,0,0,0,0,0,38
1,2402,428.528969,0.316331028938293,-7.88035151799704E-07,0,0,0,0,0,38
1,2403,428.748969,0.314120024442673,-8.07464061836072E-07,0,0,0,0,0,38
1,2404,428.968969,0.311734467744827,-8.21555943275598E-07,0,0,0,0,0,38
1,2405,429.188969,0.30983379483223,-8.39797507978801E-07,0,0,0,0,0,38
1,2406,429.408969,0.307700365781784,-8.75903140240553E-07,0,0,0,0,0,38
1,2407,429.628969,0.305547565221787,-8.95328128081019E-07,0,0,0,0,0,38
1,2408,429.848969,0.303297758102417,-9.34220906856353E-07,0,0,0,0,0,38
1,2409,430.068969,0.301086753606796,-9.48203819461924E-07,0,0,0,0,0,38
1,2410,430.288969,0.298875778913498,-9.71887516243442E-07,0,0,0,0,0,38
1,2411,430.508969,0.296587198972702,-9.79680862656096E-07,0,0,0,0,0,38
1,2412,430.728969,0.294240444898605,-1.01976104360801E-06,0,0,0,0,0,38
1,2413,430.948969,0.292068213224411,-1.06232471352996E-06,0,0,0,0,0,38
1,2414,431.168969,0.290245115756989,-1.09401980807888E-06,0,0,0,0,0,38
1,2415,431.388969,0.287723809480667,-1.09931011138542E-06,0,0,0,0,0,38
1,2416,431.608969,0.285706758499146,-1.15993634608458E-06,0,0,0,0,0,38
1,2417,431.828969,0.283204853534698,-1.18084835776244E-06,0,0,0,0,0,38
1,2418,432.048969,0.281187802553177,-1.23371626159496E-06,0,0,0,0,0,38
1,2419,432.268969,0.279112547636032,-1.2593969813679E-06,0,0,0,0,0,38
1,2420,432.488969,0.276668816804886,-1.29149691474595E-06,0,0,0,0,0,38
1,2421,432.708969,0.274438440799713,-1.32799948460161E-06,0,0,0,0,0,38
1,2422,432.928969,0.272382587194443,-1.37574068048707E-06,0,0,0,0,0,38
1,2423,433.148969,0.270210385322571,-1.3851222320227E-06,0,0,0,0,0,38
1,2424,433.368969,0.267902404069901,-1.45237402193743E-06,0,0,0,0,0,38
1,2425,433.588969,0.265846580266953,-1.44997602546937E-06,0,0,0,0,0,38
1,2426,433.808969,0.263771325349808,-1.49462243825838E-06,0,0,0,0,0,38
1,2427,434.028969,0.261308193206787,-1.53207884068252E-06,0,0,0,0,0,38
1,2428,434.248969,0.25905841588974,-1.48548292600026E-06,0,0,0,0,0,38
1,2429,434.468969,0.256886214017868,-1.7120537449955E-06,0,0,0,0,0,38
1,2430,434.688969,0.254946738481522,-1.69116287906945E-06,0,0,0,0,0,38
1,2431,434.908969,0.25277453660965,-1.66101312970568E-06,0,0,0,0,0,38
1,2432,435.128969,0.250311404466629,-1.77173092197336E-06,0,0,0,0,0,38
1,2433,435.348969,0.248371928930283,-1.81619702743774E-06,0,0,0,0,0,38
1,2434,435.568969,0.245928198099136,-1.77044717020181E-06,0,0,0,0,0,38
1,2435,435.788969,0.243620231747627,-1.95006214198656E-06,0,0,0,0,0,38
1,2436,436.008969,0.241428628563881,-1.91921208170243E-06,0,0,0,0,0,38
1,2437,436.228969,0.239741280674934,-2.00931140170724E-06,0,0,0,0,0,38
1,2438,436.448969,0.237006619572639,-2.12080726669228E-06,0,0,0,0,0,38
1,2439,436.668969,0.235202923417091,-2.08486108022043E-06,0,0,0,0,0,38
1,2440,436.888969,0.23283676803112,-2.23518213715579E-06,0,0,0,0,0,38
1,2441,437.108969,0.230296060442925,-2.21184018300846E-06,0,0,0,0,0,38
1,2442,437.328969,0.228453561663628,-2.26420365834201E-06,0,0,0,0,0,38
1,2443,437.548969,0.226281344890594,-2.34586104852497E-06,0,0,0,0,0,38
1,2444,437.768969,0.223721250891685,-2.3648067326576E-06,0,0,0,0,0,38
1,2445,437.988969,0.221839964389801,-2.48077640208066E-06,0,0,0,0,0,38
1,2446,438.208969,0.21947380900383,-2.50855327976751E-06,0,0,0,0,0,38
1,2447,438.428969,0.217650696635246,-2.67871473624837E-06,0,0,0,0,0,38
1,2448,438.648969,0.215032413601875,-2.65490621131903E-06,0,0,0,0,0,38
1,2449,438.868969,0.212743833661079,-2.69672682406963E-06,0,0,0,0,0,38
1,2450,439.088969,0.210668608546257,-2.83043641502445E-06,0,0,0,0,0,38
1,2451,439.308969,0.20882610976696,-2.91349419967446E-06,0,0,0,0,0,38
1,2452,439.528969,0.206207811832428,-2.82596261058643E-06,0,0,0,0,0,38
1,2453,439.748969,0.203861057758331,-3.00211513604154E-06,0,0,0,0,0,38
1,2454,439.968969,0.201979771256447,-3.02557373288437E-06,0,0,0,0,0,38
1,2455,440.188969,0.199613615870476,-3.0689893719682E-06,0,0,0,0,0,38
1,2456,440.408969,0.197518989443779,-3.18305296787003E-06,0,0,0,0,0,38
1,2457,440.628969,0.195404961705208,-3.2107907372847E-06,0,0,0,0,0,38
1,2458,440.848969,0.193174570798874,-3.38951099365659E-06,0,0,0,0,0,38
1,2459,441.068969,0.19094417989254,-3.46451588484342E-06,0,0,0,0,0,38
1,2460,441.288969,0.188907727599144,-3.56718078364793E-06,0,0,0,0,0,38
1,2461,441.508969,0.186716124415398,-3.64977177014225E-06,0,0,0,0,0,38
1,2462,441.728969,0.184621497988701,-3.70513089364977E-06,0,0,0,0,0,38
1,2463,441.948969,0.181945025920868,-3.75150307263539E-06,0,0,0,0,0,38
1,2464,442.168969,0.179927974939346,-3.87813224733691E-06,0,0,0,0,0,38
1,2465,442.388969,0.177755773067474,-3.95410961573361E-06,0,0,0,0,0,38
1,2466,442.608969,0.175447791814804,-4.05420723836869E-06,0,0,0,0,0,38
1,2467,442.828969,0.17356650531292,-4.13675934396451E-06,0,0,0,0,0,38
1,2468,443.048969,0.171006411314011,-4.29610599894659E-06,0,0,0,0,0,38
1,2469,443.268969,0.168872997164726,-4.38344295616844E-06,0,0,0,0,0,38
1,2470,443.488969,0.166952908039093,-4.40328358308761E-06,0,0,0,0,0,38
1,2471,443.708969,0.164683729410172,-4.57819123766967E-06,0,0,0,0,0,38
1,2472,443.928969,0.16241455078125,-4.65105631519691E-06,0,0,0,0,0,38
1,2473,444.148969,0.160319924354553,-4.67657673652866E-06,0,0,0,0,0,38
1,2474,444.368969,0.15799255669117,-4.8517567847739E-06,0,0,0,0,0,38
1,2475,444.588969,0.155800953507423,-4.96231905344757E-06,0,0,0,0,0,38
1,2476,444.808969,0.153686925768852,-5.05992693433654E-06,0,0,0,0,0,38
1,2477,445.028969,0.151320770382881,-5.16799900651677E-06,0,0,0,0,0,38
1,2478,445.248969,0.148935228586197,-5.21351557836169E-06,0,0,0,0,0,38
1,2479,445.468969,0.146956965327263,-5.42141333426116E-06,0,0,0,0,0,38
1,2480,445.688969,0.144842937588692,-5.50840013602283E-06,0,0,0,0,0,38
1,2481,445.908969,0.142767697572708,-5.59278078071657E-06,0,0,0,0,0,38
1,2482,446.128969,0.140459731221199,-5.69700159758213E-06,0,0,0,0,0,38
1,2483,446.348969,0.138248726725578,-5.83024439038127E-06,0,0,0,0,0,38
1,2484,446.568969,0.136154100298882,-5.83596329306602E-06,0,0,0,0,0,38
1,2485,446.788969,0.133613392710686,-6.02219188294839E-06,0,0,0,0,0,38
1,2486,447.008969,0.131693318486214,-6.135282546893E-06,0,0,0,0,0,38
1,2487,447.228969,0.129521116614342,-6.31513103144243E-06,0,0,0,0,0,38
1,2488,447.448969,0.127290725708008,-6.53267670713831E-06,0,0,0,0,0,38
1,2489,447.668969,0.125351250171661,-6.60585283185355E-06,0,0,0,0,0,38
1,2490,447.888969,0.12323722243309,-6.72874739393592E-06,0,0,0,0,0,38
1,2491,448.108969,0.120289228856564,-6.81954679748742E-06,0,0,0,0,0,38
1,2492,448.328969,0.11856310069561,-6.86280691297725E-06,0,0,0,0,0,38
1,2493,448.548969,0.116080574691296,-7.13524468665128E-06,0,0,0,0,0,38
1,2494,448.768969,0.113830789923668,-7.17212469680817E-06,0,0,0,0,0,38
1,2495,448.988969,0.111619792878628,-7.40258565201657E-06,0,0,0,0,0,38
1,2496,449.208969,0.109602741897106,-7.47700732972589E-06,0,0,0,0,0,38
1,2497,449.428969,0.107566297054291,-7.62207628213218E-06,0,0,0,0,0,38
1,2498,449.648969,0.105083771049976,-7.75738135416759E-06,0,0,0,0,0,38
1,2499,449.868969,0.103183090686798,-7.94364859757479E-06,0,0,0,0,0,38
1,2500,450.088969,0.100700564682484,-8.01943133410532E-06,0,0,0,0,0,38
1,2501,450.308969,0.0984313860535622,-8.21779758553021E-06,0,0,0,0,0,38
1,2502,450.528969,0.0963561460375786,-8.2860724432976E-06,0,0,0,0,0,38
1,2503,450.748969,0.0940675735473633,-8.60920044942759E-06,0,0,0,0,0,38
1,2504,450.968969,0.0921668857336044,-8.61970420373837E-06,0,0,0,0,0,38
1,2505,451.188969,0.0900140777230263,-8.76282865647227E-06,0,0,0,0,0,38
1,2506,451.408969,0.0878418684005737,-8.90361843630672E-06,0,0,0,0,0,38
1,2507,451.628969,0.0853787362575531,-9.03787258721422E-06,0,0,0,0,0,38
1,2508,451.848969,0.0830513760447502,-9.34598392632324E-06,0,0,0,0,0,38
1,2509,452.068969,0.0811700820922852,-9.33925366553012E-06,0,0,0,0,0,38
1,2510,452.288969,0.0786875635385513,-9.59850331128109E-06,0,0,0,0,0,38
1,2511,452.508969,0.0769808292388916,-9.72886664385442E-06,0,0,0,0,0,38
1,2512,452.728969,0.0746728554368019,-9.82717483566375E-06,0,0,0,0,0,38
1,2513,452.948969,0.0725976228713989,-1.00044944701949E-05,0,0,0,0,0,38
1,2514,453.168969,0.0702508613467216,-1.04303653643001E-05,0,0,0,0,0,38
1,2515,453.388969,0.067845918238163,-1.04598539110157E-05,0,0,0,0,0,38
1,2516,453.608969,0.0655185505747795,-1.07206205939292E-05,0,0,0,0,0,38
1,2517,453.828969,0.0635402873158455,-1.07320965980762E-05,0,0,0,0,0,38
1,2518,454.048969,0.0611935295164585,-1.09073152998462E-05,0,0,0,0,0,38
1,2519,454.268969,0.0590795055031776,-1.11612353066448E-05,0,0,0,0,0,38
1,2520,454.488969,0.0568879023194313,-1.12267871372751E-05,0,0,0,0,0,38
1,2521,454.708969,0.054696299135685,-1.13560608951957E-05,0,0,0,0,0,38
1,2522,454.928969,0.0521943792700768,-1.16501678348868E-05,0,0,0,0,0,38
1,2523,455.148969,0.0500415675342083,-1.17408508231165E-05,0,0,0,0,0,38
1,2524,455.368969,0.0481602810323238,-1.19116348287207E-05,0,0,0,0,0,38
1,2525,455.588969,0.0457359403371811,-1.21255625344929E-05,0,0,0,0,0,38
1,2526,455.808969,0.0433309935033321,-1.22333231047378E-05,0,0,0,0,0,38
1,2527,456.028969,0.041119996458292,-1.23263016575947E-05,0,0,0,0,0,38
1,2528,456.248969,0.0394326560199261,-1.26265931612579E-05,0,0,0,0,0,38
1,2529,456.468969,0.0372022651135921,-1.26951790662133E-05,0,0,0,0,0,38
1,2530,456.688969,0.0347585305571556,-1.29588634081301E-05,0,0,0,0,0,38
1,2531,456.908969,0.0325863212347031,-1.30417274704087E-05,0,0,0,0,0,38
1,2532,457.128969,0.0303171407431364,-1.3176720131014E-05,0,0,0,0,0,38
1,2533,457.348969,0.0280479583889246,-1.33209332489059E-05,0,0,0,0,0,38
1,2534,457.568969,0.025759382173419,-1.3534044228436E-05,0,0,0,0,0,38
1,2535,457.788969,0.0238393060863018,-1.37261467898497E-05,0,0,0,0,0,38
1,2536,458.008969,0.0216477029025555,-1.38163240990252E-05,0,0,0,0,0,38
1,2537,458.228969,0.0196500476449728,-1.40171805469436E-05,0,0,0,0,0,38
1,2538,458.448969,0.0174196548759937,-1.40966203616699E-05,0,0,0,0,0,38
1,2539,458.668969,0.0150341046974063,-1.42266335387831E-05,0,0,0,0,0,38
1,2540,458.888969,0.0129394754767418,-1.41927102959016E-05,0,0,0,0,0,38
1,2541,459.108969,0.0107284775003791,-1.42313801916316E-05,0,0,0,0,0,38
1,2542,459.328969,0.00826534908264875,-1.4366372852237E-05,0,0,0,0,0,38
1,2543,459.548969,0.00663619302213192,-1.45987796713598E-05,0,0,0,0,0,38
1,2544,459.768969,0.00415366934612393,-1.46752236105385E-05,0,0,0,0,0,38
1,2545,459.988969,0.00174872449133545,-1.47311275213724E-05,0,0,0,0,0,38
1,2546,460.208969,-0.000210141792194918,-1.48847557284171E-05,0,0,0,0,0,38
1,2547,460.428969,-0.00255690235644579,-1.50533214764437E-05,0,0,0,0,0,38
1,2548,460.648969,-0.00453516328707337,-1.5239472304529E-05,0,0,0,0,0,38
1,2549,460.868969,-0.00694010825827718,-1.53183682414237E-05,0,0,0,0,0,38
1,2550,461.088969,-0.00918989535421133,-1.54652261699084E-05,0,0,0,0,0,38
1,2551,461.308969,-0.0114590767771006,-1.56234837049851E-05,0,0,0,0,0,38
1,2552,461.528969,-0.0137670477852225,-1.57773847604403E-05,0,0,0,0,0,38
1,2553,461.748969,-0.0157647039741278,-1.59244755195687E-05,0,0,0,0,0,38
1,2554,461.968969,-0.0181308593600988,-1.6109537682496E-05,0,0,0,0,0,38
1,2555,462.188969,-0.0201866999268532,-1.62290471052984E-05,0,0,0,0,0,38
1,2556,462.408969,-0.0223395116627216,-1.63785134645877E-05,0,0,0,0,0,38
1,2557,462.628969,-0.0242789834737778,-1.65417495736619E-05,0,0,0,0,0,38
1,2558,462.848969,-0.0264511927962303,-1.67073212651303E-05,0,0,0,0,0,38
1,2559,463.068969,-0.0291470568627119,-1.69005124917021E-05,0,0,0,0,0,38
1,2560,463.288969,-0.031086528673768,-1.70052389876219E-05,0,0,0,0,0,38
1,2561,463.508969,-0.0335108675062656,-1.71547817444662E-05,0,0,0,0,0,38
1,2562,463.728969,-0.0356054976582527,-1.72360905708047E-05,0,0,0,0,0,38
1,2563,463.948969,-0.0377777069807053,-1.74106480699265E-05,0,0,0,0,0,38
1,2564,464.168969,-0.0397753603756428,-1.76500943780411E-05,0,0,0,0,0,38
1,2565,464.388969,-0.0420833341777325,-1.77163856278639E-05,0,0,0,0,0,38
1,2566,464.608969,-0.0443331189453602,-1.77888632606482E-05,0,0,0,0,0,38
1,2567,464.828969,-0.0465053282678127,-1.80985425686231E-05,0,0,0,0,0,38
1,2568,465.048969,-0.0486969314515591,-1.7973039575736E-05,0,0,0,0,0,38
1,2569,465.268969,-0.0507333762943745,-1.88465128303505E-05,0,0,0,0,0,38
1,2570,465.488969,-0.0529249794781208,-1.85710268851835E-05,0,0,0,0,0,38
1,2571,465.708969,-0.0555432662367821,-1.88970243470976E-05,0,0,0,0,0,38
1,2572,465.928969,-0.0572693943977356,-1.91931048902916E-05,0,0,0,0,0,38
1,2573,466.148969,-0.0595385767519474,-1.9459654140519E-05,0,0,0,0,0,38
1,2574,466.368969,-0.0616526007652283,-1.92906318261521E-05,0,0,0,0,0,38
1,2575,466.588969,-0.0642708912491798,-1.96784112631576E-05,0,0,0,0,0,38
1,2576,466.808969,-0.0663655176758766,-1.96131331904326E-05,0,0,0,0,0,38
1,2577,467.028969,-0.0683825686573982,-1.98307243408635E-05,0,0,0,0,0,38
1,2578,467.248969,-0.0705935657024384,-1.99461246666033E-05,0,0,0,0,0,38
1,2579,467.468969,-0.0728821381926537,-2.01501170522533E-05,0,0,0,0,0,38
1,2580,467.688969,-0.0749379843473434,-2.03377894649748E-05,0,0,0,0,0,38
1,2581,467.908969,-0.0770132169127464,-2.05211872525979E-05,0,0,0,0,0,38
1,2582,468.128969,-0.0793211907148361,-2.0648245481425E-05,0,0,0,0,0,38
1,2583,468.348969,-0.0815709754824638,-2.07477169169579E-05,0,0,0,0,0,38
1,2584,468.568969,-0.0842668414115906,-2.14327392313862E-05,0,0,0,0,0,38
1,2585,468.788969,-0.0861093401908875,-2.16709249798441E-05,0,0,0,0,0,38
1,2586,469.008969,-0.0887276232242584,-2.18146906263428E-05,0,0,0,0,0,38
1,2587,469.228969,-0.0906089097261429,-2.17330943996785E-05,0,0,0,0,0,38
1,2588,469.448969,-0.0925095975399017,-2.19401936192298E-05,0,0,0,0,0,38
1,2589,469.668969,-0.0950115099549294,-2.22121834667632E-05,0,0,0,0,0,38
1,2590,469.888969,-0.0971643254160881,-2.21912014239933E-05,0,0,0,0,0,38
1,2591,470.108969,-0.0992783531546593,-2.24014092964353E-05,0,0,0,0,0,38
1,2592,470.328969,-0.101469956338406,-2.2531576178153E-05,0,0,0,0,0,38
1,2593,470.548969,-0.10410763323307,-2.27833606913919E-05,0,0,0,0,0,38
1,2594,470.768969,-0.105833761394024,-2.28653443627991E-05,0,0,0,0,0,38
1,2595,470.988969,-0.108296893537045,-2.33378286793595E-05,0,0,0,0,0,38
1,2596,471.208969,-0.110507890582085,-2.32138791034231E-05,0,0,0,0,0,38
1,2597,471.428969,-0.112660706043243,-2.35554198297905E-05,0,0,0,0,0,38
1,2598,471.648969,-0.114406228065491,-2.35188963415567E-05,0,0,0,0,0,38
1,2599,471.868969,-0.117024511098862,-2.36475079873344E-05,0,0,0,0,0,38
1,2600,472.088969,-0.119138538837433,-2.39362052525394E-05,0,0,0,0,0,38
1,2601,472.308969,-0.121291354298592,-2.39008459175238E-05,0,0,0,0,0,38
1,2602,472.528969,-0.123541139066219,-2.43869289988652E-05,0,0,0,0,0,38
1,2603,472.748969,-0.125810325145721,-2.49662662099581E-05,0,0,0,0,0,38
1,2604,472.968969,-0.127827376127243,-2.45699393417453E-05,0,0,0,0,0,38
1,2605,473.188969,-0.130290493369102,-2.50474749918794E-05,0,0,0,0,0,38
1,2606,473.408969,-0.132365733385086,-2.51737546932418E-05,0,0,0,0,0,38
1,2607,473.628969,-0.134654313325882,-2.52530207944801E-05,0,0,0,0,0,38
1,2608,473.848969,-0.136710152029991,-2.55456034210511E-05,0,0,0,0,0,38
1,2609,474.068969,-0.138998731970787,-2.56279763561906E-05,0,0,0,0,0,38
1,2610,474.288969,-0.141384273767471,-2.58187574218027E-05,0,0,0,0,0,38
1,2611,474.508969,-0.143265560269356,-2.6196434191661E-05,0,0,0,0,0,38
1,2612,474.728969,-0.145612329244614,-2.61280474660452E-05,0,0,0,0,0,38
1,2613,474.948969,-0.147590592503548,-2.62714256678009E-05,0,0,0,0,0,38
1,2614,475.168969,-0.149956747889519,-2.67015566350892E-05,0,0,0,0,0,38
1,2615,475.388969,-0.151915609836578,-2.68367748503806E-05,0,0,0,0,0,38
1,2616,475.608969,-0.154495105147362,-2.70057953457581E-05,0,0,0,0,0,38
1,2617,475.828969,-0.156628519296646,-2.72944926109631E-05,0,0,0,0,0,38
1,2618,476.048969,-0.15860678255558,-2.73912428383483E-05,0,0,0,0,0,38
1,2619,476.268969,-0.160740196704865,-2.73457826551748E-05,0,0,0,0,0,38
1,2620,476.488969,-0.162893012166023,-2.77720282610971E-05,0,0,0,0,0,38
1,2621,476.708969,-0.165297955274582,-2.77424969681306E-05,0,0,0,0,0,38
1,2622,476.928969,-0.16764472424984,-2.7875772502739E-05,0,0,0,0,0,38
1,2623,477.148969,-0.169739350676537,-2.83459248748841E-05,0,0,0,0,0,38
1,2624,477.368969,-0.171775802969933,-2.82192559097894E-05,0,0,0,0,0,38
1,2625,477.588969,-0.174083769321442,-2.8633066904149E-05,0,0,0,0,0,38
1,2626,477.808969,-0.176624476909637,-2.85611840808997E-05,0,0,0,0,0,38
1,2627,478.028969,-0.178505763411522,-2.85079531749943E-05,0,0,0,0,0,38
1,2628,478.248969,-0.180949494242668,-2.94362125714542E-05,0,0,0,0,0,38
1,2629,478.468969,-0.182772606611252,-2.927962486865E-05,0,0,0,0,0,38
1,2630,478.688969,-0.184886619448662,-2.9611450372613E-05,0,0,0,0,0,38
1,2631,478.908969,-0.187291577458382,-2.95764803013299E-05,0,0,0,0,0,38
1,2632,479.128969,-0.189774096012115,-3.00151605188148E-05,0,0,0,0,0,38
1,2633,479.348969,-0.191985085606575,-3.01336694974452E-05,0,0,0,0,0,38
1,2634,479.568969,-0.193885773420334,-3.03376618830953E-05,0,0,0,0,0,38
1,2635,479.788969,-0.196348905563354,-3.02805437968345E-05,0,0,0,0,0,38
1,2636,480.008969,-0.198268979787827,-3.05816756736021E-05,0,0,0,0,0,38
1,2637,480.228969,-0.200635135173798,-3.07685695588589E-05,0,0,0,0,0,38
1,2638,480.448969,-0.202787950634956,-3.08140297420323E-05,0,0,0,0,0,38
1,2639,480.668969,-0.204727426171303,-3.12865158775821E-05,0,0,0,0,0,38
1,2640,480.888969,-0.207462072372437,-3.1246105208993E-05,0,0,0,0,0,38
1,2641,481.108969,-0.209498524665833,-3.13898708554916E-05,0,0,0,0,0,38
1,2642,481.328969,-0.211806491017342,-3.18374877679162E-05,0,0,0,0,0,38
1,2643,481.548969,-0.213668376207352,-3.18864440487232E-05,0,0,0,0,0,38
1,2644,481.768969,-0.216092720627785,-3.18044585583266E-05,0,0,0,0,0,38
1,2645,481.988969,-0.218129172921181,-3.21413390338421E-05,0,0,0,0,0,38
1,2646,482.208969,-0.220378950238228,-3.26410190609749E-05,0,0,0,0,0,38
1,2647,482.428969,-0.222667530179024,-3.24844331771601E-05,0,0,0,0,0,38
1,2648,482.648969,-0.22495611011982,-3.24988104694057E-05,0,0,0,0,0,38
1,2649,482.868969,-0.22656586766243,-3.27195084537379E-05,0,0,0,0,0,38
1,2650,483.088969,-0.229416891932487,-3.32456147589255E-05,0,0,0,0,0,38
1,2651,483.308969,-0.231201201677322,-3.33248790411744E-05,0,0,0,0,0,38
1,2652,483.528969,-0.23329584300518,-3.34787473548204E-05,0,0,0,0,0,38
1,2653,483.748969,-0.236030489206314,-3.35312033712398E-05,0,0,0,0,0,38
1,2654,483.968969,-0.237969964742661,-3.38680802087765E-05,0,0,0,0,0,38
1,2655,484.188969,-0.240142166614532,-3.39710459229536E-05,0,0,0,0,0,38
1,2656,484.408969,-0.242159217596054,-3.40918886649888E-05,0,0,0,0,0,38
1,2657,484.628969,-0.244525372982025,-3.41225822921842E-05,0,0,0,0,0,38
1,2658,484.848969,-0.246736377477646,-3.42951025231741E-05,0,0,0,0,0,38
1,2659,485.068969,-0.24896676838398,-3.46479100699071E-05,0,0,0,0,0,38
1,2660,485.288969,-0.25108078122139,-3.48666690115351E-05,0,0,0,0,0,38
1,2661,485.508969,-0.25338876247406,-3.51304988726042E-05,0,0,0,0,0,38
1,2662,485.728969,-0.255754917860031,-3.49917827406898E-05,0,0,0,0,0,38
1,2663,485.948969,-0.257888346910477,-3.49455440300517E-05,0,0,0,0,0,38
1,2664,486.168969,-0.259885996580124,-3.55707306880504E-05,0,0,0,0,0,38
1,2665,486.388969,-0.262387901544571,-3.58310644514859E-05,0,0,0,0,0,38
1,2666,486.608969,-0.264424353837967,-3.59180994564667E-05,0,0,0,0,0,38
1,2667,486.828969,-0.266635358333588,-3.58909019269049E-05,0,0,0,0,0,38
1,2668,487.048969,-0.268826961517334,-3.64745137630962E-05,0,0,0,0,0,38
1,2669,487.268969,-0.270688861608505,-3.62588652933482E-05,0,0,0,0,0,38
1,2670,487.488969,-0.273171365261078,-3.66625718015712E-05,0,0,0,0,0,38
1,2671,487.708969,-0.275518119335175,-3.69058107025921E-05,0,0,0,0,0,38
1,2672,487.928969,-0.277535170316696,-3.66598542314023E-05,0,0,0,0,0,38
1,2673,488.148969,-0.279920727014542,-3.72162649000529E-05,0,0,0,0,0,38
1,2674,488.368969,-0.281860202550888,-3.74738774553407E-05,0,0,0,0,0,38
1,2675,488.588969,-0.283974230289459,-3.71521527995355E-05,0,0,0,0,0,38
1,2676,488.808969,-0.286224007606506,-3.76145362679381E-05,0,0,0,0,0,38
1,2677,489.028969,-0.288454413414001,-3.79001248802524E-05,0,0,0,0,0,38
1,2678,489.248969,-0.290975719690323,-3.78779768652748E-05,0,0,0,0,0,38
1,2679,489.468969,-0.292701840400696,-3.81390855181962E-05,0,0,0,0,0,38
1,2680,489.688969,-0.294971019029617,-3.85832026950084E-05,0,0,0,0,0,38
1,2681,489.908969,-0.297162622213364,-3.85179264412727E-05,0,0,0,0,0,38
1,2682,490.128969,-0.299412429332733,-3.91221328754909E-05,0,0,0,0,0,38
1,2683,490.348969,-0.301894932985306,-3.89185297535732E-05,0,0,0,0,0,38
1,2684,490.568969,-0.303950786590576,-3.89332926715724E-05,0,0,0,0,0,38
1,2685,490.788969,-0.306045413017273,-3.93063055526E-05,0,0,0,0,0,38
1,2686,491.008969,-0.308256417512894,-3.95938368455973E-05,0,0,0,0,0,38
1,2687,491.228969,-0.310797125101089,-3.97531475755386E-05,0,0,0,0,0,38
1,2688,491.448969,-0.312736600637436,-3.97978292312473E-05,0,0,0,0,0,38
1,2689,491.668969,-0.315122127532959,-4.03616249968763E-05,0,0,0,0,0,38
1,2690,491.888969,-0.317100405693054,-4.04296224587597E-05,0,0,0,0,0,38
1,2691,492.108969,-0.319447159767151,-4.06064136768691E-05,0,0,0,0,0,38
1,2692,492.328969,-0.321406036615372,-4.086907938472E-05,0,0,0,0,0,38
1,2693,492.548969,-0.323791593313217,-4.09522290283348E-05,0,0,0,0,0,38
1,2694,492.768969,-0.325944393873215,-4.11119253840297E-05,0,0,0,0,0,38
1,2695,492.988969,-0.328000247478485,-4.1277839045506E-05,0,0,0,0,0,38
1,2696,493.208969,-0.330502152442932,-4.20157048210967E-05,0,0,0,0,0,38
1,2697,493.428969,-0.332771331071854,-4.20522301283199E-05,0,0,0,0,0,38
1,2698,493.648969,-0.334652632474899,-4.20658288931008E-05,0,0,0,0,0,38
1,2699,493.868969,-0.336708456277847,-4.26070873800199E-05,0,0,0,0,0,38
1,2700,494.088969,-0.339210391044617,-4.25204416387714E-05,0,0,0,0,0,38
1,2701,494.308969,-0.34118863940239,-4.25441430706996E-05,0,0,0,0,0,38
1,2702,494.528969,-0.343128114938736,-4.28398343501613E-05,0,0,0,0,0,38
1,2703,494.748969,-0.345610648393631,-4.33950808655936E-05,0,0,0,0,0,38
1,2704,494.968969,-0.347976803779602,-4.37886847066693E-05,0,0,0,0,0,38
1,2705,495.188969,-0.3499356508255,-4.37043709098361E-05,0,0,0,0,0,38
1,2706,495.408969,-0.352321207523346,-4.39926770923194E-05,0,0,0,0,0,38
1,2707,495.628969,-0.354590386152267,-4.43695789726917E-05,0,0,0,0,0,38
1,2708,495.848969,-0.356917768716812,-4.43474309577141E-05,0,0,0,0,0,38
1,2709,496.068969,-0.358992993831635,-4.48645987489726E-05,0,0,0,0,0,38
1,2710,496.288969,-0.361165195703506,-4.50207953690551E-05,0,0,0,0,0,38
1,2711,496.508969,-0.363337397575378,-4.53642787761055E-05,0,0,0,0,0,38
1,2712,496.728969,-0.365684151649475,-4.57221394754015E-05,0,0,0,0,0,38
1,2713,496.948969,-0.367701202630997,-4.60493029095232E-05,0,0,0,0,0,38
1,2714,497.168969,-0.369698882102966,-4.62439711554907E-05,0,0,0,0,0,38
1,2715,497.388969,-0.372317165136337,-4.65466546302196E-05,0,0,0,0,0,38
1,2716,497.608969,-0.374276012182236,-4.66527308162767E-05,0,0,0,0,0,38
1,2717,497.828969,-0.376370668411255,-4.71112252853345E-05,0,0,0,0,0,38
1,2718,498.048969,-0.378504067659378,-4.71866078441963E-05,0,0,0,0,0,38
1,2719,498.268969,-0.380986601114273,-4.7652873035986E-05,0,0,0,0,0,38
1,2720,498.488969,-0.383158802986145,-4.77997491543647E-05,0,0,0,0,0,38
1,2721,498.708969,-0.385253429412842,-4.81222486996558E-05,0,0,0,0,0,38
1,2722,498.928969,-0.387367457151413,-4.84766133013181E-05,0,0,0,0,0,38
1,2723,499.148969,-0.38961723446846,-4.87563738715835E-05,0,0,0,0,0,38
1,2724,499.368969,-0.39192521572113,-4.90481761517003E-05,0,0,0,0,0,38
1,2725,499.588969,-0.394000440835953,-4.94915184390265E-05,0,0,0,0,0,38
1,2726,499.808969,-0.396250247955322,-4.94305168103892E-05,0,0,0,0,0,38
1,2727,500.028969,-0.398480623960495,-5.00603673572186E-05,0,0,0,0,0,38
1,2728,500.248969,-0.400614053010941,-5.03008814121131E-05,0,0,0,0,0,38
1,2729,500.468969,-0.402844429016113,-5.08320372318849E-05,0,0,0,0,0,38
1,2730,500.688969,-0.40503603219986,-5.10748832311947E-05,0,0,0,0,0,38
1,2731,500.908969,-0.407266438007355,-5.15283281856682E-05,0,0,0,0,0,38
1,2732,501.128969,-0.409690767526627,-5.17439766554162E-05,0,0,0,0,0,38
1,2733,501.348969,-0.411475092172623,-5.19569075549953E-05,0,0,0,0,0,38
1,2734,501.568969,-0.413763672113419,-5.23691633134149E-05,0,0,0,0,0,38
1,2735,501.788969,-0.416323781013489,-5.28548589500133E-05,0,0,0,0,0,38
1,2736,502.008969,-0.418399006128311,-5.31754158146214E-05,0,0,0,0,0,38
1,2737,502.228969,-0.420532435178757,-5.33226811967324E-05,0,0,0,0,0,38
1,2738,502.448969,-0.422491282224655,-5.42921261512674E-05,0,0,0,0,0,38
1,2739,502.668969,-0.425012588500977,-5.41611843800638E-05,0,0,0,0,0,38
1,2740,502.888969,-0.426777511835098,-5.46534829481971E-05,0,0,0,0,0,38
1,2741,503.108969,-0.429318219423294,-5.5101489124354E-05,0,0,0,0,0,38
1,2742,503.328969,-0.431645601987839,-5.52883830096107E-05,0,0,0,0,0,38
1,2743,503.548969,-0.433623850345612,-5.5853342928458E-05,0,0,0,0,0,38
1,2744,503.768969,-0.436125785112381,-5.63048452022485E-05,0,0,0,0,0,38
1,2745,503.988969,-0.438123434782028,-5.64769761695061E-05,0,0,0,0,0,38
1,2746,504.208969,-0.440276235342026,-5.69339172216132E-05,0,0,0,0,0,38
1,2747,504.428969,-0.442370861768723,-5.74631303607021E-05,0,0,0,0,0,38
1,2748,504.648969,-0.444659441709518,-5.80428568355273E-05,0,0,0,0,0,38
1,2749,504.868969,-0.446618318557739,-5.85472007514909E-05,0,0,0,0,0,38
1,2750,505.088969,-0.449120223522186,-5.90025883866474E-05,0,0,0,0,0,38
1,2751,505.308969,-0.451098501682281,-5.95391829847358E-05,0,0,0,0,0,38
1,2752,505.528969,-0.453639209270477,-5.97000471316278E-05,0,0,0,0,0,38
1,2753,505.748969,-0.455850213766098,-6.06081011937931E-05,0,0,0,0,0,38
1,2754,505.968969,-0.457828462123871,-6.11392606515437E-05,0,0,0,0,0,38
1,2755,506.188969,-0.460020065307617,-6.12733056186698E-05,0,0,0,0,0,38
1,2756,506.408969,-0.462463796138763,-6.17885307292454E-05,0,0,0,0,0,38
1,2757,506.628969,-0.46424812078476,-6.21852523181587E-05,0,0,0,0,0,38
1,2758,506.848969,-0.466750025749207,-6.31026268820278E-05,0,0,0,0,0,38
1,2759,507.068969,-0.468941628932953,-6.34632087894715E-05,0,0,0,0,0,38
1,2760,507.288969,-0.471113830804825,-6.37849370832555E-05,0,0,0,0,0,38
1,2761,507.508969,-0.473150283098221,-6.48542409180664E-05,0,0,0,0,0,38
1,2762,507.728969,-0.475497037172318,-6.52074377285317E-05,0,0,0,0,0,38
1,2763,507.948969,-0.477824419736862,-6.58598219160922E-05,0,0,0,0,0,38
1,2764,508.168969,-0.47972509264946,-6.65028783259913E-05,0,0,0,0,0,38
1,2765,508.388969,-0.482013672590256,-6.6891050664708E-05,0,0,0,0,0,38
1,2766,508.608969,-0.484341025352478,-6.77928837831132E-05,0,0,0,0,0,38
1,2767,508.828969,-0.486299902200699,-6.80637094774283E-05,0,0,0,0,0,38
1,2768,509.048969,-0.488743633031845,-6.87899228069E-05,0,0,0,0,0,38
1,2769,509.268969,-0.490838259458542,-6.98467920301482E-05,0,0,0,0,0,38
1,2770,509.488969,-0.493010461330414,-7.00573873473331E-05,0,0,0,0,0,38
1,2771,509.708969,-0.495221465826035,-7.09689411451109E-05,0,0,0,0,0,38
1,2772,509.928969,-0.497374296188354,-7.18552400940098E-05,0,0,0,0,0,38
1,2773,510.148969,-0.499701648950577,-7.25359859643504E-05,0,0,0,0,0,38
1,2774,510.368969,-0.502029001712799,-7.31320324121043E-05,0,0,0,0,0,38
1,2775,510.588969,-0.504181802272797,-7.38784510758705E-05,0,0,0,0,0,38
1,2776,510.808969,-0.506315231323242,-7.46489531593397E-05,0,0,0,0,0,38
1,2777,511.028969,-0.508603811264038,-7.55612854845822E-05,0,0,0,0,0,38
1,2778,511.248969,-0.510504484176636,-7.6306147093419E-05,0,0,0,0,0,38
1,2779,511.468969,-0.51277369260788,-7.71368795540184E-05,0,0,0,0,0,38
1,2780,511.688969,-0.515062272548676,-7.81226408435032E-05,0,0,0,0,0,38
1,2781,511.908969,-0.517273247241974,-7.87315075285733E-05,0,0,0,0,0,38
1,2782,512.128969,-0.519581258296967,-7.96554959379137E-05,0,0,0,0,0,38
1,2783,512.348969,-0.521637082099915,-8.05643285275437E-05,0,0,0,0,0,38
1,2784,512.568969,-0.523886859416962,-8.16798710729927E-05,0,0,0,0,0,38
1,2785,512.788969,-0.52594268321991,-8.25409078970551E-05,0,0,0,0,0,38
1,2786,513.008969,-0.528367042541504,-8.32912119221874E-05,0,0,0,0,0,38
1,2787,513.228969,-0.530209541320801,-8.44541573314928E-05,0,0,0,0,0,38
1,2788,513.448969,-0.532711446285248,-8.57740815263242E-05,0,0,0,0,0,38
1,2789,513.668969,-0.534844875335693,-8.66732007125393E-05,0,0,0,0,0,38
1,2790,513.888969,-0.53703647851944,-8.77514466992579E-05,0,0,0,0,0,38
1,2791,514.108969,-0.539305686950684,-8.90803057700396E-05,0,0,0,0,0,38
1,2792,514.328969,-0.54174941778183,-9.0102206740994E-05,0,0,0,0,0,38
1,2793,514.548969,-0.54372763633728,-9.16028075153008E-05,0,0,0,0,0,38
1,2794,514.768969,-0.545802891254425,-9.24059568205848E-05,0,0,0,0,0,38
1,2795,514.988969,-0.547858715057373,-9.39776655286551E-05,0,0,0,0,0,38
1,2796,515.208969,-0.550438225269318,-9.52494083321653E-05,0,0,0,0,0,38
1,2797,515.428969,-0.552358329296112,-9.63890415732749E-05,0,0,0,0,0,38
1,2798,515.648969,-0.554627478122711,-9.80396216618828E-05,0,0,0,0,0,38
1,2799,515.868969,-0.556605756282806,-9.9387914815452E-05,0,0,0,0,0,38
1,2800,516.088969,-0.558933138847351,-0.000100793709862046,0,0,0,0,0,38
1,2801,516.308969,-0.561493217945099,-0.000102770289231557,0,0,0,0,0,38
1,2802,516.528969,-0.563626646995544,-0.000104165985248983,0,0,0,0,0,38
1,2803,516.748969,-0.56576007604599,-0.000105755956610665,0,0,0,0,0,38
1,2804,516.968969,-0.567602574825287,-0.000107389445474837,0,0,0,0,0,38
1,2805,517.188969,-0.570123851299286,-0.000109083157440182,0,0,0,0,0,38
1,2806,517.408969,-0.572199106216431,-0.000110935012344271,0,0,0,0,0,38
1,2807,517.628969,-0.574429512023926,-0.000112730922410265,0,0,0,0,0,38
1,2808,517.848969,-0.576970219612122,-0.000114863316412084,0,0,0,0,0,38
1,2809,518.068969,-0.578735113143921,-0.000116797935334034,0,0,0,0,0,38
1,2810,518.288969,-0.581101298332214,-0.000118713127449155,0,0,0,0,0,38
1,2811,518.508969,-0.583312273025513,-0.000120964803500101,0,0,0,0,0,38
1,2812,518.728969,-0.585193574428558,-0.000123258054372855,0,0,0,0,0,38
1,2813,518.948969,-0.587928235530853,-0.000125625534565188,0,0,0,0,0,38
1,2814,519.168969,-0.59002286195755,-0.000127788618556224,0,0,0,0,0,38
1,2815,519.388969,-0.592078685760498,-0.000130613028886728,0,0,0,0,0,38
1,2816,519.608969,-0.594173312187195,-0.000132856162963435,0,0,0,0,0,38
1,2817,519.828969,-0.596481263637543,-0.000135484355269,0,0,0,0,0,38
1,2818,520.048969,-0.598634123802185,-0.000138030562084168,0,0,0,0,0,38
1,2819,520.268969,-0.600728750228882,-0.000141032549436204,0,0,0,0,0,38
1,2820,520.488969,-0.602959096431732,-0.000144039193401113,0,0,0,0,0,38
1,2821,520.708969,-0.605286478996277,-0.00014651584206149,0,0,0,0,0,38
1,2822,520.928969,-0.607381105422974,-0.000149939020047896,0,0,0,0,0,38
1,2823,521.148969,-0.609456360340118,-0.000153167915414087,0,0,0,0,0,38
1,2824,521.368969,-0.612113416194916,-0.000156260051880963,0,0,0,0,0,38
1,2825,521.588969,-0.613936543464661,-0.000159842922585085,0,0,0,0,0,38
1,2826,521.808969,-0.616244494915009,-0.000163172066095285,0,0,0,0,0,38
1,2827,522.028969,-0.618319749832153,-0.000166767378686927,0,0,0,0,0,38
1,2828,522.248969,-0.620705306529999,-0.000170442333910614,0,0,0,0,0,38
1,2829,522.468969,-0.623149037361145,-0.000173992186319083,0,0,0,0,0,38
1,2830,522.688969,-0.625204861164093,-0.000178271729964763,0,0,0,0,0,38
1,2831,522.908969,-0.62720251083374,-0.000181865878403187,0,0,0,0,0,38
1,2832,523.128969,-0.629607439041138,-0.000186078468686901,0,0,0,0,0,38
1,2833,523.348969,-0.631605088710785,-0.00018941615417134,0,0,0,0,0,38
1,2834,523.568969,-0.633971273899078,-0.000194337117136456,0,0,0,0,0,38
1,2835,523.788969,-0.636356830596924,-0.000198390582227148,0,0,0,0,0,38
1,2836,524.008969,-0.638315677642822,-0.000203704432351515,0,0,0,0,0,38
1,2837,524.228969,-0.640449106693268,-0.000207003220566548,0,0,0,0,0,38
1,2838,524.448969,-0.642698884010315,-0.000212114784517325,0,0,0,0,0,38
1,2839,524.668969,-0.644735336303711,-0.000216074899071828,0,0,0,0,0,38
1,2840,524.888969,-0.647179067134857,-0.000221536567551084,0,0,0,0,0,38
1,2841,525.108969,-0.649118542671204,-0.000225994604988955,0,0,0,0,0,38
1,2842,525.328969,-0.651407122612,-0.000231141180847771,0,0,0,0,0,38
1,2843,525.548969,-0.653482377529144,-0.000235342478845268,0,0,0,0,0,38
1,2844,525.768969,-0.656003654003143,-0.000242041191086173,0,0,0,0,0,38
1,2845,525.988969,-0.658234059810638,-0.000245915725827217,0,0,0,0,0,38
1,2846,526.208969,-0.660348057746887,-0.000251824763836339,0,0,0,0,0,38
1,2847,526.428969,-0.662365138530731,-0.000257103587500751,0,0,0,0,0,38
1,2848,526.648969,-0.664537370204926,-0.000261713343206793,0,0,0,0,0,38
1,2849,526.868969,-0.667000472545624,-0.000267077761236578,0,0,0,0,0,38
1,2850,527.088969,-0.669056296348572,-0.000272582226898521,0,0,0,0,0,38
1,2851,527.308969,-0.671344876289368,-0.000278059480478987,0,0,0,0,0,38
1,2852,527.528969,-0.673361957073212,-0.000282649765722454,0,0,0,0,0,38
1,2853,527.748969,-0.675708711147308,-0.000288049195660278,0,0,0,0,0,38
1,2854,527.968969,-0.677842140197754,-0.000294779048999771,0,0,0,0,0,38
1,2855,528.188969,-0.679994940757751,-0.000298832514090464,0,0,0,0,0,38
1,2856,528.408969,-0.682555019855499,-0.00030583466286771,0,0,0,0,0,38
1,2857,528.628969,-0.684319972991943,-0.00030943687306717,0,0,0,0,0,38
1,2858,528.848969,-0.686492145061493,-0.000316649093292654,0,0,0,0,0,38
1,2859,529.068969,-0.688761353492737,-0.000321616738801822,0,0,0,0,0,38
1,2860,529.288969,-0.691108107566834,-0.000327023939462379,0,0,0,0,0,38
1,2861,529.508969,-0.693280339241028,-0.000331820425344631,0,0,0,0,0,38
1,2862,529.728969,-0.695665836334229,-0.000336869765305892,0,0,0,0,0,38
1,2863,529.948969,-0.697682917118073,-0.000343121122568846,0,0,0,0,0,38
1,2864,530.168969,-0.699952065944672,-0.000347688066540286,0,0,0,0,0,38
1,2865,530.388969,-0.702027320861816,-0.00035661191213876,0,0,0,0,0,38
1,2866,530.608969,-0.704024970531464,-0.000360599253326654,0,0,0,0,0,38
1,2867,530.828969,-0.706526875495911,-0.000365033949492499,0,0,0,0,0,38
1,2868,531.048969,-0.708621501922607,-0.000370250549167395,0,0,0,0,0,38
1,2869,531.268969,-0.710619211196899,-0.000376105133909732,0,0,0,0,0,38
1,2870,531.488969,-0.712868988513947,-0.000380679877707735,0,0,0,0,0,38
1,2871,531.708969,-0.715390264987946,-0.00038563582347706,0,0,0,0,0,38
1,2872,531.928969,-0.71740734577179,-0.000390735716791824,0,0,0,0,0,38
1,2873,532.148969,-0.719424366950989,-0.000395633338484913,0,0,0,0,0,38
1,2874,532.368969,-0.721809923648834,-0.000401277851779014,0,0,0,0,0,38
1,2875,532.588969,-0.724079132080078,-0.000405875936849043,0,0,0,0,0,38
1,2876,532.808969,-0.726018607616425,-0.000410781329264864,0,0,0,0,0,38
1,2877,533.028969,-0.72840416431427,-0.000416204100474715,0,0,0,0,0,38
1,2878,533.248969,-0.730673313140869,-0.000421763019403443,0,0,0,0,0,38
1,2879,533.468969,-0.732864916324615,-0.00042576203122735,0,0,0,0,0,38
1,2880,533.688969,-0.734998345375061,-0.000431531021604314,0,0,0,0,0,38
1,2881,533.908969,-0.737073600292206,-0.000435759546235204,0,0,0,0,0,38
1,2882,534.128969,-0.739439725875854,-0.000441345706349239,0,0,0,0,0,38
1,2883,534.348969,-0.741514980792999,-0.000444940145825967,0,0,0,0,0,38
1,2884,534.568969,-0.743725955486298,-0.000450744148110971,0,0,0,0,0,38
1,2885,534.788969,-0.745917558670044,-0.000455334462458268,0,0,0,0,0,38
1,2886,535.008969,-0.748322486877441,-0.000459695234894753,0,0,0,0,0,38
1,2887,535.228969,-0.750766217708588,-0.000464483920950443,0,0,0,0,0,38
1,2888,535.448969,-0.752434194087982,-0.000469362101284787,0,0,0,0,0,38
1,2889,535.668969,-0.75458699464798,-0.000474240252515301,0,0,0,0,0,38
1,2890,535.888969,-0.756914377212524,-0.000479289592476562,0,0,0,0,0,38
1,2891,536.108969,-0.759105980396271,-0.000484128831885755,0,0,0,0,0,38
1,2892,536.328969,-0.761530339717865,-0.00048893311759457,0,0,0,0,0,38
1,2893,536.548969,-0.763586163520813,-0.000493710103910416,0,0,0,0,0,38
1,2894,536.768969,-0.765797138214111,-0.000498109788168222,0,0,0,0,0,38
1,2895,536.988969,-0.768299043178558,-0.000503766001202166,0,0,0,0,0,38
1,2896,537.208969,-0.770199775695801,-0.000506730226334184,0,0,0,0,0,38
1,2897,537.428969,-0.772430121898651,-0.000511865131556988,0,0,0,0,0,38
1,2898,537.648969,-0.774699330329895,-0.000516467087436467,0,0,0,0,0,38
1,2899,537.868969,-0.776483654975891,-0.000520384404808283,0,0,0,0,0,38
1,2900,538.088969,-0.779218316078186,-0.0005260911420919,0,0,0,0,0,38
1,2901,538.308969,-0.781332314014435,-0.000530498626176268,0,0,0,0,0,38
1,2902,538.528969,-0.783271789550781,-0.000534762162715197,0,0,0,0,0,38
1,2903,538.748969,-0.785579741001129,-0.000539718137588352,0,0,0,0,0,38
1,2904,538.968969,-0.788004100322723,-0.000545226503163576,0,0,0,0,0,38
1,2905,539.188969,-0.790021181106567,-0.000549466698430479,0,0,0,0,0,38
1,2906,539.408969,-0.792212784290314,-0.000553846883121878,0,0,0,0,0,38
1,2907,539.628969,-0.794326782226563,-0.000558071536943316,0,0,0,0,0,38
1,2908,539.848969,-0.79663473367691,-0.000563031411729753,0,0,0,0,0,38
1,2909,540.068969,-0.798962116241455,-0.00056636129738763,0,0,0,0,0,38
1,2910,540.288969,-0.800979137420654,-0.000571566226426512,0,0,0,0,0,38
1,2911,540.508969,-0.803325951099396,-0.000575849204324186,0,0,0,0,0,38
1,2912,540.728969,-0.805439949035645,-0.000580844061914831,0,0,0,0,0,38
1,2913,540.948969,-0.807631552219391,-0.00058458634885028,0,0,0,0,0,38
1,2914,541.168969,-0.809823155403137,-0.000589129980653524,0,0,0,0,0,38
1,2915,541.388969,-0.812286257743835,-0.000593058939557523,0,0,0,0,0,38
1,2916,541.608969,-0.814342141151428,-0.000597594771534204,0,0,0,0,0,38
1,2917,541.828969,-0.816456139087677,-0.00060240289894864,0,0,0,0,0,38
1,2918,542.048969,-0.818880498409271,-0.000607744033914059,0,0,0,0,0,38
1,2919,542.268969,-0.820722997188568,-0.000611019437201321,0,0,0,0,0,38
1,2920,542.488969,-0.823089122772217,-0.000614882330410182,0,0,0,0,0,38
1,2921,542.708969,-0.825086772441864,-0.000618935795500875,0,0,0,0,0,38
1,2922,542.928969,-0.82737535238266,-0.000623813946731389,0,0,0,0,0,38
1,2923,543.148969,-0.829857885837555,-0.000628194189630449,0,0,0,0,0,38
1,2924,543.368969,-0.832068920135498,-0.000632578274235129,0,0,0,0,0,38
1,2925,543.588969,-0.833872616291046,-0.0006360326660797,0,0,0,0,0,38
1,2926,543.808969,-0.836199998855591,-0.000641272636130452,0,0,0,0,0,38
1,2927,544.028969,-0.838410973548889,-0.000644462532363832,0,0,0,0,0,38
1,2928,544.248969,-0.840641379356384,-0.000649683002848178,0,0,0,0,0,38
1,2929,544.468969,-0.842832982540131,-0.000653759809210896,0,0,0,0,0,38
1,2930,544.688969,-0.844985783100128,-0.000657467055134475,0,0,0,0,0,38
1,2931,544.908969,-0.847274363040924,-0.00066171889193356,0,0,0,0,0,38
1,2932,545.128969,-0.849504768848419,-0.000666052452288568,0,0,0,0,0,38
1,2933,545.348969,-0.851715743541718,-0.000669242348521948,0,0,0,0,0,38
1,2934,545.568969,-0.854004323482513,-0.000673863745760173,0,0,0,0,0,38
1,2935,545.788969,-0.856021344661713,-0.000678150623571128,0,0,0,0,0,38
1,2936,546.008969,-0.858096599578857,-0.000681149889715016,0,0,0,0,0,38
1,2937,546.228969,-0.860385179519653,-0.000574569392483681,0,0,0,0,0,38
1,2938,546.448969,-0.862441003322601,-0.000552364799659699,0,0,0,0,0,38
1,2939,546.668969,-0.864729583263397,-0.000543553731404245,0,0,0,0,0,38
1,2940,546.888969,-0.86668848991394,-0.000538730062544346,0,0,0,0,0,38
1,2941,547.108969,-0.869170963764191,-0.000547906733117998,0,0,0,0,0,38
1,2942,547.328969,-0.871381998062134,-0.000545323768164963,0,0,0,0,0,38
1,2943,547.548969,-0.873631775379181,-0.00054427731083706,0,0,0,0,0,38
1,2944,547.768969,-0.875687599182129,-0.000544810260180384,0,0,0,0,0,38
1,2945,547.988969,-0.878014981746674,-0.000548980431631207,0,0,0,0,0,38
1,2946,548.208969,-0.880148410797119,-0.000549723452422768,0,0,0,0,0,38
1,2947,548.428969,-0.882301211357117,-0.00055147398961708,0,0,0,0,0,38
1,2948,548.648969,-0.884531617164612,-0.000560405605938286,0,0,0,0,0,38
1,2949,548.868969,-0.88683956861496,-0.00068023958010599,0,0,0,0,0,38
1,2950,549.088969,-0.889128148555756,-0.000609183334745467,0,0,0,0,0,38
1,2951,549.308969,-0.891280949115753,-0.000605347740929574,0,0,0,0,0,38
1,2952,549.528969,-0.892987668514252,-0.000602581887505949,0,0,0,0,0,38
1,2953,549.748969,-0.895567178726196,-0.00060251186368987,0,0,0,0,0,38
1,2954,549.968969,-0.89783638715744,-0.000602371816057712,0,0,0,0,0,38
1,2955,550.188969,-0.899892210960388,-0.000602612970396876,0,0,0,0,0,38
1,2956,550.408969,-0.902277767658234,-0.000604235159698874,0,0,0,0,0,38
1,2957,550.628969,-0.90456634759903,-0.000605503330007195,0,0,0,0,0,38
1,2958,550.848969,-0.906602799892426,-0.000606483605224639,0,0,0,0,0,38
1,2959,551.068969,-0.908891379833221,-0.000607837399002165,0,0,0,0,0,38
1,2960,551.288969,-0.910986006259918,-0.000609984679613262,0,0,0,0,0,38
1,2961,551.508969,-0.913138806819916,-0.000611774157732725,0,0,0,0,0,38
1,2962,551.728969,-0.915679514408112,-0.000612948962952942,0,0,0,0,0,38
1,2963,551.948969,-0.917774140834808,-0.000615034019574523,0,0,0,0,0,38
1,2964,552.168969,-0.919732987880707,-0.00061646947870031,0,0,0,0,0,38
1,2965,552.388969,-0.922060370445251,-0.00061869848286733,0,0,0,0,0,38
1,2966,552.608969,-0.924135625362396,-0.000619795464444906,0,0,0,0,0,38
1,2967,552.828969,-0.926443576812744,-0.000622199557255954,0,0,0,0,0,38
1,2968,553.048969,-0.928596377372742,-0.000624576408881694,0,0,0,0,0,38
1,2969,553.268969,-0.930865585803986,-0.000626902678050101,0,0,0,0,0,38
1,2970,553.488969,-0.932746887207031,-0.000627960776910186,0,0,0,0,0,38
1,2971,553.708969,-0.935248792171478,-0.000630038091912866,0,0,0,0,0,38
1,2972,553.928969,-0.937440395355225,-0.000633068440947682,0,0,0,0,0,38
1,2973,554.148969,-0.939728975296021,-0.000634803436696529,0,0,0,0,0,38
1,2974,554.368969,-0.941687822341919,-0.00063658511498943,0,0,0,0,0,38
1,2975,554.588969,-0.944054007530212,-0.000638786877971143,0,0,0,0,0,38
1,2976,554.808969,-0.946517109870911,-0.00064315932104364,0,0,0,0,0,38
1,2977,555.028969,-0.948592364788055,-0.000644590880256146,0,0,0,0,0,38
1,2978,555.248969,-0.950667560100555,-0.000647302251309156,0,0,0,0,0,38
1,2979,555.468969,-0.952859163284302,-0.000648550980258733,0,0,0,0,0,38
1,2980,555.688969,-0.954721093177795,-0.000649924157187343,0,0,0,0,0,38
1,2981,555.908969,-0.957106649875641,-0.000652538321446627,0,0,0,0,0,38
1,2982,556.128969,-0.959589123725891,-0.000654483330436051,0,0,0,0,0,38
1,2983,556.348969,-0.961586833000183,-0.000656654010526836,0,0,0,0,0,38
1,2984,556.568969,-0.963855981826782,-0.000659077544696629,0,0,0,0,0,38
1,2985,556.788969,-0.96616393327713,-0.000660866964608431,0,0,0,0,0,38
1,2986,557.008969,-0.968025863170624,-0.000662878155708313,0,0,0,0,0,38
1,2987,557.228969,-0.970760524272919,-0.000664644234348089,0,0,0,0,0,38
1,2988,557.448969,-0.972370266914368,-0.000666834355797619,0,0,0,0,0,38
1,2989,557.668969,-0.974833369255066,-0.000668938911985606,0,0,0,0,0,38
1,2990,557.888969,-0.97710257768631,-0.000670864479616284,0,0,0,0,0,38
1,2991,558.108969,-0.979332983493805,-0.0006729262531735,0,0,0,0,0,38
1,2992,558.328969,-0.98146641254425,-0.000675163057167083,0,0,0,0,0,38
1,2993,558.548969,-0.98354160785675,-0.000676750205457211,0,0,0,0,0,38
1,2994,558.768969,-0.985772013664246,-0.000678578508086503,0,0,0,0,0,38
1,2995,558.988969,-0.988118767738342,-0.000681636156514287,0,0,0,0,0,38
1,2996,559.208969,-0.990058243274689,-0.000683837919496,0,0,0,0,0,38
1,2997,559.428969,-0.992346823215485,-0.000685611797962338,0,0,0,0,0,38
1,2998,559.648969,-0.994751751422882,-0.000688113097567111,0,0,0,0,0,38
1,2999,559.868969,-0.996749401092529,-0.000689073989633471,0,0,0,0,0,38
1,3000,560.088969,-0.999057412147522,-0.000690501648932695,0,0,0,0,0,38
2,3001,560.308969,-0.997370064258575,-0.000684693746734411,0,0,0,0,0,38
2,3002,560.528969,-0.995702087879181,-0.000678788579534739,0,0,0,0,0,38
2,3003,560.748969,-0.993374764919281,-0.000672315480187535,0,0,0,0,0,38
2,3004,560.968969,-0.990814626216888,-0.000666204199660569,0,0,0,0,0,38
2,3005,561.188969,-0.988836407661438,-0.000659987854305655,0,0,0,0,0,38
2,3006,561.408969,-0.986450850963593,-0.000654440547805279,0,0,0,0,0,38
2,3007,561.628969,-0.984530746936798,-0.000647831300739199,0,0,0,0,0,38
2,3008,561.848969,-0.98222279548645,-0.000643027073238045,0,0,0,0,0,38
2,3009,562.068969,-0.980108737945557,-0.000638460100162774,0,0,0,0,0,38
2,3010,562.288969,-0.977781414985657,-0.000633360235951841,0,0,0,0,0,38
2,3011,562.508969,-0.975958287715912,-0.000628952751867473,0,0,0,0,0,38
2,3012,562.728969,-0.973495185375214,-0.000623903411906213,0,0,0,0,0,38
2,3013,562.948969,-0.97138112783432,-0.000618931895587593,0,0,0,0,0,38
2,3014,563.168969,-0.968801617622375,-0.000613590818829834,0,0,0,0,0,38
2,3015,563.388969,-0.966765224933624,-0.000609023845754564,0,0,0,0,0,38
2,3016,563.608969,-0.964709341526031,-0.000603939522989094,0,0,0,0,0,38
2,3017,563.828969,-0.962188065052032,-0.000600967498030514,0,0,0,0,0,38
2,3018,564.048969,-0.960054636001587,-0.000596307159867138,0,0,0,0,0,38
2,3019,564.268969,-0.958018183708191,-0.000591818010434508,0,0,0,0,0,38
2,3020,564.488969,-0.955962359905243,-0.000587920134421438,0,0,0,0,0,38
2,3021,564.708969,-0.95334404706955,-0.000583707180339843,0,0,0,0,0,38
2,3022,564.928969,-0.951210618019104,-0.000578996317926794,0,0,0,0,0,38
2,3023,565.148969,-0.949348747730255,-0.00057556526735425,0,0,0,0,0,38
2,3024,565.368969,-0.94686621427536,-0.000572476536035538,0,0,0,0,0,38
2,3025,565.588969,-0.944849193096161,-0.000568162417039275,0,0,0,0,0,38
2,3026,565.808969,-0.942773938179016,-0.000564735266380012,0,0,0,0,0,38
2,3027,566.028969,-0.940427184104919,-0.000561047461815178,0,0,0,0,0,38
2,3028,566.248969,-0.938274383544922,-0.000557441322598606,0,0,0,0,0,38
2,3029,566.468969,-0.93612152338028,-0.000553983089048415,0,0,0,0,0,38
2,3030,566.688969,-0.933677792549133,-0.000549987948033959,0,0,0,0,0,38
2,3031,566.908969,-0.931641340255737,-0.00054628070211038,0,0,0,0,0,38
2,3032,567.128969,-0.929430365562439,-0.000543561531230807,0,0,0,0,0,38
2,3033,567.348969,-0.927607238292694,-0.00054000987438485,0,0,0,0,0,38
2,3034,567.568969,-0.925221741199493,-0.000537247920874506,0,0,0,0,0,38
2,3035,567.788969,-0.92295253276825,-0.000534015242010355,0,0,0,0,0,38
2,3036,568.008969,-0.920877277851105,-0.000530720339156687,0,0,0,0,0,38
2,3037,568.228969,-0.918317198753357,-0.000527402153238654,0,0,0,0,0,38
2,3038,568.448969,-0.916164398193359,-0.000524698523804545,0,0,0,0,0,38
2,3039,568.668969,-0.914186120033264,-0.00052204547682777,0,0,0,0,0,38
2,3040,568.888969,-0.911684215068817,-0.000518972345162183,0,0,0,0,0,38
2,3041,569.108969,-0.909492611885071,-0.000515268940944225,0,0,0,0,0,38
2,3042,569.328969,-0.907223403453827,-0.000512954371515661,0,0,0,0,0,38
2,3043,569.548969,-0.90522575378418,-0.000509881181642413,0,0,0,0,0,38
2,3044,569.768969,-0.903286278247833,-0.00050664076115936,0,0,0,0,0,38
2,3045,569.988969,-0.900900721549988,-0.000504400057252496,0,0,0,0,0,38
2,3046,570.208969,-0.898553967475891,-0.000501501956023276,0,0,0,0,0,38
2,3047,570.428969,-0.896381795406342,-0.000499805901199579,0,0,0,0,0,38
2,3048,570.648969,-0.894345343112946,-0.000496417633257806,0,0,0,0,0,38
2,3049,570.868969,-0.891882181167603,-0.000494344218168408,0,0,0,0,0,38
2,3050,571.088969,-0.890078485012054,-0.000491846760269254,0,0,0,0,0,38
2,3051,571.308969,-0.887518405914307,-0.000488715246319771,0,0,0,0,0,38
2,3052,571.528969,-0.885481953620911,-0.000487015291582793,0,0,0,0,0,38
2,3053,571.748969,-0.883251547813416,-0.00048370094737038,0,0,0,0,0,38
2,3054,571.968969,-0.88102114200592,-0.000481296854559332,0,0,0,0,0,38
2,3055,572.188969,-0.87904292345047,-0.000478387082694098,0,0,0,0,0,38
2,3056,572.408969,-0.876812517642975,-0.000476726010674611,0,0,0,0,0,38
2,3057,572.628969,-0.874504506587982,-0.000473092688480392,0,0,0,0,0,38
2,3058,572.848969,-0.872041404247284,-0.00047082087257877,0,0,0,0,0,38
2,3059,573.068969,-0.869849801063538,-0.00046881748130545,0,0,0,0,0,38
2,3060,573.288969,-0.867755174636841,-0.000465724850073457,0,0,0,0,0,38
2,3061,573.508969,-0.865621745586395,-0.000464304990600795,0,0,0,0,0,38
2,3062,573.728969,-0.863313794136047,-0.000461718067526817,0,0,0,0,0,38
2,3063,573.948969,-0.861064016819,-0.000458287016954273,0,0,0,0,0,38
2,3064,574.168969,-0.858911156654358,-0.000456622074125335,0,0,0,0,0,38
2,3065,574.388969,-0.85660320520401,-0.000453432206995785,0,0,0,0,0,38
2,3066,574.608969,-0.854721903800964,-0.000451837258879095,0,0,0,0,0,38
2,3067,574.828969,-0.852200627326965,-0.000448534585302696,0,0,0,0,0,38
2,3068,575.048969,-0.85047447681427,-0.000446764606749639,0,0,0,0,0,38
2,3069,575.268969,-0.848030745983124,-0.000444333301857114,0,0,0,0,0,38
2,3070,575.488969,-0.846013724803925,-0.000442380463937297,0,0,0,0,0,38
2,3071,575.708969,-0.843550562858582,-0.000439353985711932,0,0,0,0,0,38
2,3072,575.928969,-0.841397762298584,-0.000437159993452951,0,0,0,0,0,38
2,3073,576.148969,-0.839264333248138,-0.000435191584983841,0,0,0,0,0,38
2,3074,576.368969,-0.836820602416992,-0.000432433531386778,0,0,0,0,0,38
2,3075,576.588969,-0.834803521633148,-0.00043092027772218,0,0,0,0,0,38
2,3076,576.808969,-0.832670152187347,-0.000428259460022673,0,0,0,0,0,38
2,3077,577.028969,-0.830420315265656,-0.000426189944846556,0,0,0,0,0,38
2,3078,577.248969,-0.828073561191559,-0.000423369638156146,0,0,0,0,0,38
2,3079,577.468969,-0.826017737388611,-0.000422070355853066,0,0,0,0,0,38
2,3080,577.688969,-0.823884308338165,-0.000419008865719661,0,0,0,0,0,38
2,3081,577.908969,-0.821770310401917,-0.000417826260672882,0,0,0,0,0,38
2,3082,578.128969,-0.819268405437469,-0.000415791757404804,0,0,0,0,0,38
2,3083,578.348969,-0.817037999629974,-0.000412959780078381,0,0,0,0,0,38
2,3084,578.568969,-0.814807593822479,-0.000410757987992838,0,0,0,0,0,38
2,3085,578.788969,-0.812984466552734,-0.000409233063692227,0,0,0,0,0,38
2,3086,579.008969,-0.810385584831238,-0.000406587816542014,0,0,0,0,0,38
2,3087,579.228969,-0.808349132537842,-0.000404249876737595,0,0,0,0,0,38
2,3088,579.448969,-0.806118786334991,-0.000402460427721962,0,0,0,0,0,38
2,3089,579.668969,-0.804101705551147,-0.000400289776735008,0,0,0,0,0,38
2,3090,579.888969,-0.801910102367401,-0.000398410862544551,0,0,0,0,0,38
2,3091,580.108969,-0.799776673316956,-0.000395804498111829,0,0,0,0,0,38
2,3092,580.328969,-0.797294199466705,-0.000393361522583291,0,0,0,0,0,38
2,3093,580.548969,-0.79531592130661,-0.000392023357562721,0,0,0,0,0,38
2,3094,580.768969,-0.792910993099213,-0.000389743770938367,0,0,0,0,0,38
2,3095,580.988969,-0.791087865829468,-0.000388635089620948,0,0,0,0,0,38
2,3096,581.208969,-0.788450181484222,-0.000386534433346242,0,0,0,0,0,38
2,3097,581.428969,-0.786413729190826,-0.000384690531063825,0,0,0,0,0,38
2,3098,581.648969,-0.784125149250031,-0.00038207252509892,0,0,0,0,0,38
2,3099,581.868969,-0.782108128070831,-0.00038036477053538,0,0,0,0,0,38
2,3100,582.088969,-0.779897093772888,-0.000378427503164858,0,0,0,0,0,38
2,3101,582.308969,-0.777802467346191,-0.000376054551452398,0,0,0,0,0,38
2,3102,582.528969,-0.775552690029144,-0.000374253460904583,0,0,0,0,0,38
2,3103,582.748969,-0.773264110088348,-0.000372137234080583,0,0,0,0,0,38
2,3104,582.968969,-0.770820379257202,-0.000370448949979618,0,0,0,0,0,38
2,3105,583.188969,-0.768648147583008,-0.000367935950635001,0,0,0,0,0,38
2,3106,583.408969,-0.76659232378006,-0.0003659286594484,0,0,0,0,0,38
2,3107,583.628969,-0.764226198196411,-0.000363754108548164,0,0,0,0,0,38
2,3108,583.848969,-0.762034595012665,-0.000362217542715371,0,0,0,0,0,38
2,3109,584.068969,-0.760172665119171,-0.000360848236596212,0,0,0,0,0,38
2,3110,584.288969,-0.758039236068726,-0.000358187418896705,0,0,0,0,0,38
2,3111,584.508969,-0.755847632884979,-0.00035635128733702,0,0,0,0,0,38
2,3112,584.728969,-0.753345727920532,-0.000353881070623174,0,0,0,0,0,38
2,3113,584.948969,-0.751309275627136,-0.00035171041963622,0,0,0,0,0,38
2,3114,585.168969,-0.749195277690887,-0.000350387796061113,0,0,0,0,0,38
2,3115,585.388969,-0.746712744235992,-0.00034889011294581,0,0,0,0,0,38
2,3116,585.608969,-0.744443595409393,-0.000346711662132293,0,0,0,0,0,38
2,3117,585.828969,-0.742523491382599,-0.0003449572250247,0,0,0,0,0,38
2,3118,586.048969,-0.740254282951355,-0.00034217193024233,0,0,0,0,0,38
2,3119,586.268969,-0.738062679767609,-0.000340304686687887,0,0,0,0,0,38
2,3120,586.488969,-0.735832333564758,-0.000338064011884853,0,0,0,0,0,38
2,3121,586.708969,-0.733679473400116,-0.000336644123308361,0,0,0,0,0,38
2,3122,586.928969,-0.731352150440216,-0.00033463683212176,0,0,0,0,0,38
2,3123,587.148969,-0.729199349880219,-0.000332193885697052,0,0,0,0,0,38
2,3124,587.368969,-0.726833164691925,-0.000330447219312191,0,0,0,0,0,38
2,3125,587.588969,-0.724971294403076,-0.000329089583829045,0,0,0,0,0,38
2,3126,587.808969,-0.722449958324432,-0.000326125329593197,0,0,0,0,0,38
2,3127,588.028969,-0.720452308654785,-0.000324833847116679,0,0,0,0,0,38
2,3128,588.248969,-0.718202531337738,-0.000322667066939175,0,0,0,0,0,38
2,3129,588.468969,-0.716107904911041,-0.000320523628033698,0,0,0,0,0,38
2,3130,588.688969,-0.713780522346497,-0.000319461629260331,0,0,0,0,0,38
2,3131,588.908969,-0.711744070053101,-0.000317170371999964,0,0,0,0,0,38
2,3132,589.128969,-0.709397315979004,-0.000314980250550434,0,0,0,0,0,38
2,3133,589.348969,-0.707244515419006,-0.000312988529913127,0,0,0,0,0,38
2,3134,589.568969,-0.70505291223526,-0.000311451934976503,0,0,0,0,0,38
2,3135,589.788969,-0.702764332294464,-0.000309386319713667,0,0,0,0,0,38
2,3136,590.008969,-0.700863659381866,-0.000307935319142416,0,0,0,0,0,38
2,3137,590.228969,-0.698439300060272,-0.000305414549075067,0,0,0,0,0,38
2,3138,590.448969,-0.696170151233673,-0.000303683453239501,0,0,0,0,0,38
2,3139,590.668969,-0.694230675697327,-0.000302485306747258,0,0,0,0,0,38
2,3140,590.888969,-0.691864490509033,-0.000299614417599514,0,0,0,0,0,38
2,3141,591.108969,-0.689711689949036,-0.000297972816042602,0,0,0,0,0,38
2,3142,591.328969,-0.687539458274841,-0.000297412625513971,0,0,0,0,0,38
2,3143,591.548969,-0.685270309448242,-0.000294654571916908,0,0,0,0,0,38
2,3144,591.768969,-0.683311402797699,-0.000293421413516626,0,0,0,0,0,38
2,3145,591.988969,-0.68063497543335,-0.000290437717922032,0,0,0,0,0,38
2,3146,592.208969,-0.678753674030304,-0.000288484909106046,0,0,0,0,0,38
2,3147,592.428969,-0.676406919956207,-0.000287951959762722,0,0,0,0,0,38
2,3148,592.648969,-0.674118340015411,-0.000285637361230329,0,0,0,0,0,38
2,3149,592.868969,-0.671965539455414,-0.000283089349977672,0,0,0,0,0,38
2,3150,593.088969,-0.670220017433167,-0.000282373570371419,0,0,0,0,0,38
2,3151,593.308969,-0.667795658111572,-0.000279755564406514,0,0,0,0,0,38
2,3152,593.528969,-0.665448904037476,-0.000278413470368832,0,0,0,0,0,38
2,3153,593.748969,-0.66331547498703,-0.000276569568086416,0,0,0,0,0,38
2,3154,593.968969,-0.661046266555786,-0.000274752906989306,0,0,0,0,0,38
2,3155,594.188969,-0.658738315105438,-0.000273231882601976,0,0,0,0,0,38
2,3156,594.408969,-0.656352758407593,-0.000271045661065727,0,0,0,0,0,38
2,3157,594.628969,-0.654355108737946,-0.000269991433015093,0,0,0,0,0,38
2,3158,594.848969,-0.652008354663849,-0.000268069736193866,0,0,0,0,0,38
2,3159,595.068969,-0.649797379970551,-0.000265774608124048,0,0,0,0,0,38
2,3160,595.288969,-0.648129403591156,-0.000264650356257334,0,0,0,0,0,38
2,3161,595.508969,-0.645821452140808,-0.000262413552263752,0,0,0,0,0,38
2,3162,595.728969,-0.643280744552612,-0.000260752509348094,0,0,0,0,0,38
2,3163,595.948969,-0.641302466392517,-0.000259340391494334,0,0,0,0,0,38
2,3164,596.168969,-0.63895571231842,-0.000257177511230111,0,0,0,0,0,38
2,3165,596.388969,-0.636705935001373,-0.000255780963925645,0,0,0,0,0,38
2,3166,596.608969,-0.634921610355377,-0.00025387093774043,0,0,0,0,0,38
2,3167,596.828969,-0.63251668214798,-0.000252353813266382,0,0,0,0,0,38
2,3168,597.048969,-0.630053520202637,-0.000251054530963302,0,0,0,0,0,38
2,3169,597.268969,-0.628230452537537,-0.000249568518484011,0,0,0,0,0,38
2,3170,597.488969,-0.625864267349243,-0.00024700106587261,0,0,0,0,0,38
2,3171,597.708969,-0.623885989189148,-0.000246020761551335,0,0,0,0,0,38
2,3172,597.928969,-0.621228933334351,-0.000244476395891979,0,0,0,0,0,38
2,3173,598.148969,-0.619076132774353,-0.000242558584432118,0,0,0,0,0,38
2,3174,598.368969,-0.616865158081055,-0.000241138695855625,0,0,0,0,0,38
2,3175,598.588969,-0.614712297916412,-0.000239248125581071,0,0,0,0,0,38
2,3176,598.808969,-0.612675845623016,-0.00023762985074427,0,0,0,0,0,38
2,3177,599.028969,-0.610561847686768,-0.000236505613429472,0,0,0,0,0,38
2,3178,599.248969,-0.608292639255524,-0.000234117105719633,0,0,0,0,0,38
2,3179,599.468969,-0.605965316295624,-0.000232946185860783,0,0,0,0,0,38
2,3180,599.688969,-0.604025840759277,-0.000230923338676803,0,0,0,0,0,38
2,3181,599.908969,-0.601368725299835,-0.000229554032557644,0,0,0,0,0,38
2,3182,600.128969,-0.599196553230286,-0.000227527300012298,0,0,0,0,0,38
2,3183,600.348969,-0.597237706184387,-0.000227313343202695,0,0,0,0,0,38
2,3184,600.568969,-0.595026671886444,-0.000225029871216975,0,0,0,0,0,38
2,3185,600.788969,-0.592951416969299,-0.000224228511797264,0,0,0,0,0,38
2,3186,601.008969,-0.590837419033051,-0.000222396280150861,0,0,0,0,0,38
2,3187,601.228969,-0.588432490825653,-0.000219937748624943,0,0,0,0,0,38
2,3188,601.448969,-0.58637660741806,-0.000218852408579551,0,0,0,0,0,38
2,3189,601.668969,-0.583758354187012,-0.000217187451198697,0,0,0,0,0,38
2,3190,601.888969,-0.581702530384064,-0.000216179920244031,0,0,0,0,0,38
2,3191,602.108969,-0.579355776309967,-0.000214328247238882,0,0,0,0,0,38
2,3192,602.328969,-0.577648997306824,-0.000213332386920229,0,0,0,0,0,38
2,3193,602.548969,-0.575011312961578,-0.000210963320569135,0,0,0,0,0,38
2,3194,602.768969,-0.572916686534882,-0.000210410929867066,0,0,0,0,0,38
2,3195,602.988969,-0.571171164512634,-0.000208150799153373,0,0,0,0,0,38
2,3196,603.208969,-0.568572282791138,-0.000206688127946109,0,0,0,0,0,38
2,3197,603.428969,-0.566594004631042,-0.000205143762286752,0,0,0,0,0,38
2,3198,603.648969,-0.564480006694794,-0.000203673305804841,0,0,0,0,0,38
2,3199,603.868969,-0.561919927597046,-0.000202626877580769,0,0,0,0,0,38
2,3200,604.088969,-0.560154974460602,-0.000201039729290642,0,0,0,0,0,38
2,3201,604.308969,-0.557788848876953,-0.000198962414287962,0,0,0,0,0,38
2,3202,604.528969,-0.555267512798309,-0.000197838191525079,0,0,0,0,0,38
2,3203,604.748969,-0.553231060504913,-0.000195651955436915,0,0,0,0,0,38
2,3204,604.968969,-0.551155805587769,-0.00019427876395639,0,0,0,0,0,38
2,3205,605.188969,-0.548770308494568,-0.000192831648746505,0,0,0,0,0,38
2,3206,605.408969,-0.546481728553772,-0.000191450671991333,0,0,0,0,0,38
2,3207,605.628969,-0.544503450393677,-0.000189509519259445,0,0,0,0,0,38
2,3208,605.848969,-0.54231184720993,-0.000188396952580661,0,0,0,0,0,38
2,3209,606.068969,-0.540100872516632,-0.000186591962119564,0,0,0,0,0,38
2,3210,606.288969,-0.537928640842438,-0.000185296550625935,0,0,0,0,0,38
2,3211,606.508969,-0.535717666149139,-0.000184320146217942,0,0,0,0,0,38
2,3212,606.728969,-0.533700585365295,-0.000183129785000347,0,0,0,0,0,38
2,3213,606.948969,-0.531256854534149,-0.000180791845195927,0,0,0,0,0,38
2,3214,607.168969,-0.528832495212555,-0.000179259150172584,0,0,0,0,0,38
2,3215,607.388969,-0.526893019676209,-0.000178691203473136,0,0,0,0,0,38
2,3216,607.608969,-0.524992346763611,-0.000177329668076709,0,0,0,0,0,38
2,3217,607.828969,-0.522180140018463,-0.000174723318195902,0,0,0,0,0,38
2,3218,608.048969,-0.52022123336792,-0.000173672990058549,0,0,0,0,0,38
2,3219,608.268969,-0.518087863922119,-0.000172424275660887,0,0,0,0,0,38
2,3220,608.488969,-0.515760481357574,-0.000170911036548205,0,0,0,0,0,38
2,3221,608.708969,-0.513646423816681,-0.000169273305800743,0,0,0,0,0,38
2,3222,608.928969,-0.511435449123383,-0.000167993464856409,0,0,0,0,0,38
2,3223,609.148969,-0.509457170963287,-0.000167079298989847,0,0,0,0,0,38
2,3224,609.368969,-0.507071614265442,-0.000164998098625802,0,0,0,0,0,38
2,3225,609.588969,-0.504957616329193,-0.000164220080478117,0,0,0,0,0,38
2,3226,609.808969,-0.502882361412048,-0.000161897711222991,0,0,0,0,0,38
2,3227,610.028969,-0.500845968723297,-0.000160438925377093,0,0,0,0,0,38
2,3228,610.248969,-0.49836340546608,-0.00015929524670355,0,0,0,0,0,38
2,3229,610.468969,-0.496404558420181,-0.000157999849761836,0,0,0,0,0,38
2,3230,610.688969,-0.493941426277161,-0.00015691839507781,0,0,0,0,0,38
2,3231,610.908969,-0.491749823093414,-0.000155105619342066,0,0,0,0,0,38
2,3232,611.128969,-0.489189714193344,-0.000153674074681476,0,0,0,0,0,38
2,3233,611.348969,-0.487230837345123,-0.000152425360283814,0,0,0,0,0,38
2,3234,611.568969,-0.485310763120651,-0.000151305008330382,0,0,0,0,0,38
2,3235,611.788969,-0.482750684022903,-0.000149854007759131,0,0,0,0,0,38
2,3236,612.008969,-0.480733633041382,-0.000148441904457286,0,0,0,0,0,38
2,3237,612.228969,-0.478522628545761,-0.000147154292790219,0,0,0,0,0,38
2,3238,612.448969,-0.476195245981216,-0.000145224810694344,0,0,0,0,0,38
2,3239,612.668969,-0.474294573068619,-0.000144824138260446,0,0,0,0,0,38
2,3240,612.888969,-0.471792668104172,-0.000142672914080322,0,0,0,0,0,38
2,3241,613.108969,-0.469678640365601,-0.000142233344377019,0,0,0,0,0,38
2,3242,613.328969,-0.467487037181854,-0.000140280521009117,0,0,0,0,0,38
2,3243,613.548969,-0.465276032686234,-0.000139381911139935,0,0,0,0,0,38
2,3244,613.768969,-0.463084429502487,-0.000137522452860139,0,0,0,0,0,38
2,3245,613.988969,-0.460776448249817,-0.000137343507958576,0,0,0,0,0,38
2,3246,614.208969,-0.458565473556519,-0.000135285648866557,0,0,0,0,0,38
2,3247,614.428969,-0.456296265125275,-0.000133188892505132,0,0,0,0,0,38
2,3248,614.648969,-0.454007714986801,-0.000132064655190334,0,0,0,0,0,38
2,3249,614.868969,-0.452126413583755,-0.000131652312120423,0,0,0,0,0,38
2,3250,615.088969,-0.449663281440735,-0.000130049593281001,0,0,0,0,0,38
2,3251,615.308969,-0.447646230459213,-0.000129010950331576,0,0,0,0,0,38
2,3252,615.528969,-0.445338249206543,-0.00012766887084581,0,0,0,0,0,38
2,3253,615.748969,-0.443418174982071,-0.000126688566524535,0,0,0,0,0,38
2,3254,615.968969,-0.440838694572449,-0.000124922473332845,0,0,0,0,0,38
2,3255,616.188969,-0.438976794481277,-0.000123813792015426,0,0,0,0,0,38
2,3256,616.408969,-0.436804592609406,-0.000122662328067236,0,0,0,0,0,38
2,3257,616.628969,-0.434709966182709,-0.00012224393140059,0,0,0,0,0,38
2,3258,616.848969,-0.431994706392288,-0.000120541277283337,0,0,0,0,0,38
2,3259,617.068969,-0.429919451475143,-0.00011933015048271,0,0,0,0,0,38
2,3260,617.288969,-0.427824825048447,-0.000118288822704926,0,0,0,0,0,38
2,3261,617.508969,-0.42573019862175,-0.000117003481136635,0,0,0,0,0,38
2,3262,617.728969,-0.423402845859528,-0.00011581333092181,0,0,0,0,0,38
2,3263,617.948969,-0.421327590942383,-0.00011466009891592,0,0,0,0,0,38
2,3264,618.168969,-0.418922662734985,-0.000113558540761005,0,0,0,0,0,38
2,3265,618.388969,-0.416963785886765,-0.000112497786176391,0,0,0,0,0,38
2,3266,618.608969,-0.414578229188919,-0.000111395449494012,0,0,0,0,0,38
2,3267,618.828969,-0.412347853183746,-0.000109832682937849,0,0,0,0,0,38
2,3268,619.048969,-0.410136848688126,-0.000108898981125094,0,0,0,0,0,38
2,3269,619.268969,-0.408158600330353,-0.000107769839814864,0,0,0,0,0,38
2,3270,619.488969,-0.406025171279907,-0.000106725790828932,0,0,0,0,0,38
2,3271,619.708969,-0.40352326631546,-0.000105387989606243,0,0,0,0,0,38
2,3272,619.928969,-0.40146741271019,-0.000104541330074426,0,0,0,0,0,38
2,3273,620.148969,-0.399101257324219,-0.00010324898903491,0,0,0,0,0,38
2,3274,620.368969,-0.396870881319046,-0.000102214267826639,0,0,0,0,0,38
2,3275,620.588969,-0.394795626401901,-0.000101195473689586,0,0,0,0,0,38
2,3276,620.808969,-0.392856150865555,-9.98479663394392E-05,0,0,0,0,0,38
2,3277,621.028969,-0.390528798103333,-9.88198444247246E-05,0,0,0,0,0,38
2,3278,621.248969,-0.388279020786285,-9.7952586656902E-05,0,0,0,0,0,38
2,3279,621.468969,-0.386223167181015,-9.69986867858097E-05,0,0,0,0,0,38
2,3280,621.688969,-0.383953988552094,-9.57972661126405E-05,0,0,0,0,0,38
2,3281,621.908969,-0.381374478340149,-9.47225198615342E-05,0,0,0,0,0,38
2,3282,622.128969,-0.379241079092026,-9.3506729172077E-05,0,0,0,0,0,38
2,3283,622.348969,-0.377301603555679,-9.26013963180594E-05,0,0,0,0,0,38
2,3284,622.568969,-0.375187575817108,-9.15025593712926E-05,0,0,0,0,0,38
2,3285,622.788969,-0.372937798500061,-9.04029511730187E-05,0,0,0,0,0,38
2,3286,623.008969,-0.370784968137741,-8.96351630217396E-05,0,0,0,0,0,38
2,3287,623.228969,-0.368709743022919,-8.86501729837619E-05,0,0,0,0,0,38
2,3288,623.448969,-0.366227209568024,-8.69968716870062E-05,0,0,0,0,0,38
2,3289,623.668969,-0.364093810319901,-8.6290470790118E-05,0,0,0,0,0,38
2,3290,623.888969,-0.361921578645706,-8.53521123644896E-05,0,0,0,0,0,38
2,3291,624.108969,-0.359671801328659,-8.43096131575294E-05,0,0,0,0,0,38
2,3292,624.328969,-0.357480198144913,-8.32663426990621E-05,0,0,0,0,0,38
2,3293,624.548969,-0.355288594961166,-8.24709713924676E-05,0,0,0,0,0,38
2,3294,624.768969,-0.353077590465546,-8.10523561085574E-05,0,0,0,0,0,38
2,3295,624.988969,-0.350730836391449,-8.03708244347945E-05,0,0,0,0,0,38
2,3296,625.208969,-0.348597407341003,-7.91977799963206E-05,0,0,0,0,0,38
2,3297,625.428969,-0.346541583538055,-7.82971037551761E-05,0,0,0,0,0,38
2,3298,625.648969,-0.344505131244659,-7.73365973145701E-05,0,0,0,0,0,38
2,3299,625.868969,-0.342274755239487,-7.65416116337292E-05,0,0,0,0,0,38
2,3300,626.088969,-0.339772820472717,-7.50378967495635E-05,0,0,0,0,0,38
2,3301,626.308969,-0.337600618600845,-7.41663679946214E-05,0,0,0,0,0,38
2,3302,626.528969,-0.3354671895504,-7.32377156964503E-05,0,0,0,0,0,38
2,3303,626.748969,-0.333411365747452,-7.24773126421496E-05,0,0,0,0,0,38
2,3304,626.968969,-0.33114218711853,-7.14099514880218E-05,0,0,0,0,0,38
2,3305,627.188969,-0.328853607177734,-7.04467238392681E-05,0,0,0,0,0,38
2,3306,627.408969,-0.32652622461319,-6.93265174049884E-05,0,0,0,0,0,38
2,3307,627.628969,-0.324800103902817,-6.85971972416155E-05,0,0,0,0,0,38
2,3308,627.848969,-0.32245334982872,-6.78239739499986E-05,0,0,0,0,0,38
2,3309,628.068969,-0.320067793130875,-6.66699634166434E-05,0,0,0,0,0,38
2,3310,628.288969,-0.31783738732338,-6.56873016851023E-05,0,0,0,0,0,38
2,3311,628.508969,-0.315742760896683,-6.49540961603634E-05,0,0,0,0,0,38
2,3312,628.728969,-0.313570559024811,-6.40367143205367E-05,0,0,0,0,0,38
2,3313,628.948969,-0.311417758464813,-6.30684371571988E-05,0,0,0,0,0,38
2,3314,629.168969,-0.309264928102493,-6.2232262280304E-05,0,0,0,0,0,38
2,3315,629.388969,-0.306763023138046,-6.15484095760621E-05,0,0,0,0,0,38
2,3316,629.608969,-0.304648995399475,-6.06733774475288E-05,0,0,0,0,0,38
2,3317,629.828969,-0.302593141794205,-5.96573045186233E-05,0,0,0,0,0,38
2,3318,630.048969,-0.300440341234207,-5.888757732464E-05,0,0,0,0,0,38
2,3319,630.268969,-0.29793843626976,-5.82468492211774E-05,0,0,0,0,0,38
2,3320,630.488969,-0.295940756797791,-5.70263946428895E-05,0,0,0,0,0,38
2,3321,630.708969,-0.293787956237793,-5.66335656912997E-05,0,0,0,0,0,38
2,3322,630.928969,-0.291382998228073,-5.5645465181442E-05,0,0,0,0,0,38
2,3323,631.148969,-0.289094418287277,-5.4745571105741E-05,0,0,0,0,0,38
2,3324,631.368969,-0.28719374537468,-5.4242780606728E-05,0,0,0,0,0,38
2,3325,631.588969,-0.284827589988709,-5.32834346813615E-05,0,0,0,0,0,38
2,3326,631.808969,-0.282635986804962,-5.27312986378092E-05,0,0,0,0,0,38
2,3327,632.028969,-0.280696511268616,-5.17470871272963E-05,0,0,0,0,0,38
2,3328,632.248969,-0.278543710708618,-5.11327780259307E-05,0,0,0,0,0,38
2,3329,632.468969,-0.276041775941849,-5.01555623486638E-05,0,0,0,0,0,38
2,3330,632.688969,-0.273656249046326,-4.94464475195855E-05,0,0,0,0,0,38
2,3331,632.908969,-0.271833121776581,-4.90878119308036E-05,0,0,0,0,0,38
2,3332,633.128969,-0.269583344459534,-4.84327065350953E-05,0,0,0,0,0,38
2,3333,633.348969,-0.267411142587662,-4.80262751807459E-05,0,0,0,0,0,38
2,3334,633.568969,-0.265006184577942,-4.67828976979945E-05,0,0,0,0,0,38
2,3335,633.788969,-0.26267883181572,-4.64631157228723E-05,0,0,0,0,0,38
2,3336,634.008969,-0.260545402765274,-4.60182200185955E-05,0,0,0,0,0,38
2,3337,634.228969,-0.258567154407501,-4.51086089015007E-05,0,0,0,0,0,38
2,3338,634.448969,-0.256239771842957,-4.44535071437713E-05,0,0,0,0,0,38
2,3339,634.668969,-0.254242122173309,-4.36954323959071E-05,0,0,0,0,0,38
2,3340,634.888969,-0.251895368099213,-4.32571432611439E-05,0,0,0,0,0,38
2,3341,635.108969,-0.249761953949928,-4.25962098233867E-05,0,0,0,0,0,38
2,3342,635.328969,-0.247550949454308,-4.22228076786269E-05,0,0,0,0,0,38
2,3343,635.548969,-0.245359346270561,-4.15556569350883E-05,0,0,0,0,0,38
2,3344,635.768969,-0.243187144398689,-4.09343556384556E-05,0,0,0,0,0,38
2,3345,635.988969,-0.241111904382706,-4.03903759433888E-05,0,0,0,0,0,38
2,3346,636.208969,-0.238648772239685,-3.98475640395191E-05,0,0,0,0,0,38
2,3347,636.428969,-0.236670508980751,-3.92705587728415E-05,0,0,0,0,0,38
2,3348,636.648969,-0.234323754906654,-3.89488341170363E-05,0,0,0,0,0,38
2,3349,636.868969,-0.231880024075508,-3.8231948565226E-05,0,0,0,0,0,38
2,3350,637.088969,-0.229727208614349,-3.75589697796386E-05,0,0,0,0,0,38
2,3351,637.308969,-0.227593794465065,-3.69757472071797E-05,0,0,0,0,0,38
2,3352,637.528969,-0.225440979003906,-3.6791963793803E-05,0,0,0,0,0,38
2,3353,637.748969,-0.223443314433098,-3.62891696568113E-05,0,0,0,0,0,38
2,3354,637.968969,-0.221077159047127,-3.57179924321827E-05,0,0,0,0,0,38
2,3355,638.188969,-0.219040721654892,-3.51001908711623E-05,0,0,0,0,0,38
2,3356,638.408969,-0.216713353991508,-3.49187357642222E-05,0,0,0,0,0,38
2,3357,638.628969,-0.2144635617733,-3.40522565238643E-05,0,0,0,0,0,38
2,3358,638.848969,-0.212174996733665,-3.37721066898666E-05,0,0,0,0,0,38
2,3359,639.068969,-0.210099756717682,-3.32440577039961E-05,0,0,0,0,0,38
2,3360,639.288969,-0.207908153533936,-3.27300003846176E-05,0,0,0,0,0,38
2,3361,639.508969,-0.205988079309464,-3.21836887451354E-05,0,0,0,0,0,38
2,3362,639.728969,-0.20366071164608,-3.18304919346701E-05,0,0,0,0,0,38
2,3363,639.948969,-0.201236367225647,-3.12981719616801E-05,0,0,0,0,0,38
2,3364,640.168969,-0.1989865899086,-3.09484712488484E-05,0,0,0,0,0,38
2,3365,640.388969,-0.196814373135567,-3.068930527661E-05,0,0,0,0,0,38
2,3366,640.608969,-0.194739148020744,-3.02502357953927E-05,0,0,0,0,0,38
2,3367,640.828969,-0.192431166768074,-2.9767261366942E-05,0,0,0,0,0,38
2,3368,641.048969,-0.190181389451027,-2.92399909085361E-05,0,0,0,0,0,38
2,3369,641.268969,-0.188203126192093,-2.89516829070635E-05,0,0,0,0,0,38
2,3370,641.488969,-0.185875758528709,-2.87181610474363E-05,0,0,0,0,0,38
2,3371,641.708969,-0.183490201830864,-2.79402720479993E-05,0,0,0,0,0,38
2,3372,641.928969,-0.181802868843079,-2.77063627436291E-05,0,0,0,0,0,38
2,3373,642.148969,-0.179281547665596,-2.73084806394763E-05,0,0,0,0,0,38
2,3374,642.368969,-0.177070558071136,-2.67466293735197E-05,0,0,0,0,0,38
2,3375,642.588969,-0.174937129020691,-2.64524915110087E-05,0,0,0,0,0,38
2,3376,642.808969,-0.173036456108093,-2.61641835095361E-05,0,0,0,0,0,38
2,3377,643.028969,-0.170418173074722,-2.56575076491572E-05,0,0,0,0,0,38
2,3378,643.248969,-0.168323531746864,-2.55401628237451E-05,0,0,0,0,0,38
2,3379,643.468969,-0.165957376360893,-2.53793004958425E-05,0,0,0,0,0,38
2,3380,643.688969,-0.164017915725708,-2.47125390160363E-05,0,0,0,0,0,38
2,3381,643.908969,-0.16167114675045,-2.42983387579443E-05,0,0,0,0,0,38
2,3382,644.128969,-0.159692883491516,-2.45477913267678E-05,0,0,0,0,0,38
2,3383,644.348969,-0.157171577215195,-2.39941000472754E-05,0,0,0,0,0,38
2,3384,644.568969,-0.155135124921799,-2.36537252931157E-05,0,0,0,0,0,38
2,3385,644.788969,-0.153118073940277,-2.33576447499217E-05,0,0,0,0,0,38
2,3386,645.008969,-0.150945872068405,-2.28156095545273E-05,0,0,0,0,0,38
2,3387,645.228969,-0.148579716682434,-2.25603289436549E-05,0,0,0,0,0,38
2,3388,645.448969,-0.146426901221275,-2.20602578338003E-05,0,0,0,0,0,38
2,3389,645.668969,-0.144021958112717,-2.19872090383433E-05,0,0,0,0,0,38
2,3390,645.888969,-0.14208248257637,-2.18869608943351E-05,0,0,0,0,0,38
2,3391,646.108969,-0.139774516224861,-2.11180104088271E-05,0,0,0,0,0,38
2,3392,646.328969,-0.13740836083889,-2.08790479518939E-05,0,0,0,0,0,38
2,3393,646.548969,-0.135391309857368,-2.08417459361954E-05,0,0,0,0,0,38
2,3394,646.768969,-0.133316069841385,-2.05810247280169E-05,0,0,0,0,0,38
2,3395,646.988969,-0.130775362253189,-2.01299117179587E-05,0,0,0,0,0,38
2,3396,647.208969,-0.12856437265873,-1.97771041712258E-05,0,0,0,0,0,38
2,3397,647.428969,-0.126663684844971,-1.97133813344408E-05,0,0,0,0,0,38
2,3398,647.648969,-0.124278135597706,-1.93741707334993E-05,0,0,0,0,0,38
2,3399,647.868969,-0.122144721448421,-1.90594419109402E-05,0,0,0,0,0,38
2,3400,648.088969,-0.119914330542088,-1.87190653377911E-05,0,0,0,0,0,38
2,3401,648.308969,-0.117548175156116,-1.83786905836314E-05,0,0,0,0,0,38
2,3402,648.528969,-0.115686282515526,-1.83685897354735E-05,0,0,0,0,0,38
2,3403,648.748969,-0.113417096436024,-1.79745929926867E-05,0,0,0,0,0,38
2,3404,648.968969,-0.110895782709122,-1.76715202542255E-05,0,0,0,0,0,38
2,3405,649.188969,-0.109033890068531,-1.76831763383234E-05,0,0,0,0,0,38
2,3406,649.408969,-0.106628946959972,-1.73031694430392E-05,0,0,0,0,0,38
2,3407,649.628969,-0.104592502117157,-1.70272942341398E-05,0,0,0,0,0,38
2,3408,649.848969,-0.102420292794704,-1.65283890964929E-05,0,0,0,0,0,38
2,3409,650.068969,-0.099995955824852,-1.64215362019604E-05,0,0,0,0,0,38
2,3410,650.288969,-0.0977849587798119,-1.62513479153859E-05,0,0,0,0,0,38
2,3411,650.508969,-0.0955933555960655,-1.62746619025711E-05,0,0,0,0,0,38
2,3412,650.728969,-0.0933823585510254,-1.61806310643442E-05,0,0,0,0,0,38
2,3413,650.948969,-0.0912683308124542,-1.55756497406401E-05,0,0,0,0,0,38
2,3414,651.168969,-0.0890379399061203,-1.53673845488811E-05,0,0,0,0,0,38
2,3415,651.388969,-0.0869821012020111,-1.53005530592054E-05,0,0,0,0,0,38
2,3416,651.608969,-0.0844995751976967,-1.48133030961617E-05,0,0,0,0,0,38
2,3417,651.828969,-0.0826764702796936,-1.47375349115464E-05,0,0,0,0,0,38
2,3418,652.048969,-0.0804072916507721,-1.46881884575123E-05,0,0,0,0,0,38
2,3419,652.268969,-0.0781769007444382,-1.42829248943599E-05,0,0,0,0,0,38
2,3420,652.488969,-0.0760434791445732,-1.4120508240012E-05,0,0,0,0,0,38
2,3421,652.708969,-0.0736773237586021,-1.39130197567283E-05,0,0,0,0,0,38
2,3422,652.928969,-0.0716602727770805,-1.35776954266476E-05,0,0,0,0,0,38
2,3423,653.148969,-0.0694492757320404,-1.35788613988552E-05,0,0,0,0,0,38
2,3424,653.368969,-0.0670831203460693,-1.37832421387429E-05,0,0,0,0,0,38
2,3425,653.588969,-0.064949706196785,-1.3195356586948E-05,0,0,0,0,0,38
2,3426,653.808969,-0.0626417323946953,-1.31669921756838E-05,0,0,0,0,0,38
2,3427,654.028969,-0.0605858936905861,-1.26758577607688E-05,0,0,0,0,0,38
2,3428,654.248969,-0.0586076304316521,-1.249906472367E-05,0,0,0,0,0,38
2,3429,654.468969,-0.0561445020139217,-1.21816146929632E-05,0,0,0,0,0,38
2,3430,654.688969,-0.0541274510324001,-1.21777293315972E-05,0,0,0,0,0,38
2,3431,654.908969,-0.0518194809556007,-1.20227023217012E-05,0,0,0,0,0,38
2,3432,655.128969,-0.0497054569423199,-1.18000607471913E-05,0,0,0,0,0,38
2,3433,655.348969,-0.0472229309380054,-1.16026676550973E-05,0,0,0,0,0,38
2,3434,655.568969,-0.0452252775430679,-1.15052935143467E-05,0,0,0,0,0,38
2,3435,655.788969,-0.0427039638161659,-1.13208152470179E-05,0,0,0,0,0,38
2,3436,656.008969,-0.0405899398028851,-1.11755125544732E-05,0,0,0,0,0,38
2,3437,656.228969,-0.0386310741305351,-1.09868724393891E-05,0,0,0,0,0,38
2,3438,656.448969,-0.0362649187445641,-1.07396044768393E-05,0,0,0,0,0,38
2,3439,656.668969,-0.0342284739017487,-1.06558081824915E-05,0,0,0,0,0,38
2,3440,656.888969,-0.0316877663135529,-1.048272861226E-05,0,0,0,0,0,38
2,3441,657.108969,-0.0298258736729622,-1.04028222267516E-05,0,0,0,0,0,38
2,3442,657.328969,-0.0276148747652769,-1.01354025900946E-05,0,0,0,0,0,38
2,3443,657.548969,-0.0251517463475466,-9.94368929241318E-06,0,0,0,0,0,38
2,3444,657.768969,-0.0232510641217232,-9.88385636446765E-06,0,0,0,0,0,38
2,3445,657.988969,-0.0211370401084423,-9.63406000664691E-06,0,0,0,0,0,38
2,3446,658.208969,-0.0187708847224712,-9.59017779678106E-06,0,0,0,0,0,38
2,3447,658.428969,-0.0164047293365002,-9.35244133870583E-06,0,0,0,0,0,38
2,3448,658.648969,-0.0143488897010684,-9.14115935302107E-06,0,0,0,0,0,38
2,3449,658.868969,-0.0121572865173221,-9.05891829461325E-06,0,0,0,0,0,38
2,3450,659.088969,-0.00994628947228193,-8.85460030985996E-06,0,0,0,0,0,38
2,3451,659.308969,-0.00789044890552759,-8.64903722685995E-06,0,0,0,0,0,38
2,3452,659.528969,-0.00571824098005891,-8.5538022176479E-06,0,0,0,0,0,38
2,3453,659.748969,-0.00341026997193694,-8.26728228275897E-06,0,0,0,0,0,38
2,3454,659.968969,-0.00108290405478328,-8.16940246295417E-06,0,0,0,0,0,38
2,3455,660.188969,0.000875962316058576,-8.10073834145442E-06,0,0,0,0,0,38
2,3456,660.408969,0.00349424895830452,-7.92715309216874E-06,0,0,0,0,0,38
2,3457,660.628969,0.00539493095129728,-7.71742725191871E-06,0,0,0,0,0,38
2,3458,660.848969,0.0076641128398478,-7.58574105930165E-06,0,0,0,0,0,38
2,3459,661.068969,0.0102048208937049,-7.39935694582528E-06,0,0,0,0,0,38
2,3460,661.288969,0.0119697395712137,-7.37690970709082E-06,0,0,0,0,0,38
2,3461,661.508969,0.014238920994103,-7.10882932253298E-06,0,0,0,0,0,38
2,3462,661.728969,0.0166438668966293,-6.92843650540453E-06,0,0,0,0,0,38
2,3463,661.948969,0.0186609160155058,-6.8021186052647E-06,0,0,0,0,0,38
2,3464,662.168969,0.0207361504435539,-6.72178384775179E-06,0,0,0,0,0,38
2,3465,662.388969,0.0228695701807737,-6.48723789709038E-06,0,0,0,0,0,38
2,3466,662.608969,0.025352094322443,-6.38091614746372E-06,0,0,0,0,0,38
2,3467,662.828969,0.0273303538560867,-6.2738163251197E-06,0,0,0,0,0,38
2,3468,663.048969,0.0295801423490047,-6.0494626268337E-06,0,0,0,0,0,38
2,3469,663.268969,0.0319075062870979,-5.97064536123071E-06,0,0,0,0,0,38
2,3470,663.488969,0.0340603217482567,-5.78659546590643E-06,0,0,0,0,0,38
2,3471,663.708969,0.0363295041024685,-5.65230220672674E-06,0,0,0,0,0,38
2,3472,663.928969,0.0383853428065777,-5.57753082830459E-06,0,0,0,0,0,38
2,3473,664.148969,0.0404993668198586,-5.37103369424585E-06,0,0,0,0,0,38
2,3474,664.368969,0.0429818890988827,-5.24541610502638E-06,0,0,0,0,0,38
2,3475,664.588969,0.0449989400804043,-5.14138946527964E-06,0,0,0,0,0,38
2,3476,664.808969,0.0471323579549789,-4.90318689116975E-06,0,0,0,0,0,38
2,3477,665.028969,0.0493045672774315,-4.86128828924848E-06,0,0,0,0,0,38
2,3478,665.248969,0.0517676956951618,-4.66214396510622E-06,0,0,0,0,0,38
2,3479,665.468969,0.0538235381245613,-4.56578118246398E-06,0,0,0,0,0,38
2,3480,665.688969,0.0559957437217236,-4.47474803877412E-06,0,0,0,0,0,38
2,3481,665.908969,0.058032188564539,-4.3234545046289E-06,0,0,0,0,0,38
2,3482,666.128969,0.0604177415370941,-4.24331437898218E-06,0,0,0,0,0,38
2,3483,666.348969,0.0626287385821342,-4.1231819523091E-06,0,0,0,0,0,38
2,3484,666.568969,0.064781554043293,-3.92956189898541E-06,0,0,0,0,0,38
2,3485,666.788969,0.0670701265335083,-3.8825673982501E-06,0,0,0,0,0,38
2,3486,667.008969,0.0692617297172546,-3.70096813639975E-06,0,0,0,0,0,38
2,3487,667.228969,0.0713951513171196,-3.67665393241623E-06,0,0,0,0,0,38
2,3488,667.448969,0.0734897777438164,-3.52574920725601E-06,0,0,0,0,0,38
2,3489,667.668969,0.0759141147136688,-3.49524930243206E-06,0,0,0,0,0,38
2,3490,667.888969,0.0779893547296524,-3.29910039909009E-06,0,0,0,0,0,38
2,3491,668.108969,0.0801809579133987,-3.27116822518292E-06,0,0,0,0,0,38
2,3492,668.328969,0.0824307426810265,-3.1620452318748E-06,0,0,0,0,0,38
2,3493,668.548969,0.0846223458647728,-3.07817049360892E-06,0,0,0,0,0,38
2,3494,668.768969,0.0868915244936943,-2.94951837531698E-06,0,0,0,0,0,38
2,3495,668.988969,0.0888891816139221,-2.91224932880141E-06,0,0,0,0,0,38
2,3496,669.208969,0.0910613909363747,-2.81257985079719E-06,0,0,0,0,0,38
2,3497,669.428969,0.0934857279062271,-2.70069494945346E-06,0,0,0,0,0,38
2,3498,669.648969,0.0956967249512672,-2.70999271378969E-06,0,0,0,0,0,38
2,3499,669.868969,0.0980046987533569,-2.61989362115855E-06,0,0,0,0,0,38
2,3500,670.088969,0.0999053791165352,-2.60806700680405E-06,0,0,0,0,0,38
2,3501,670.308969,0.102155171334744,-2.4871953883121E-06,0,0,0,0,0,38
2,3502,670.528969,0.104560114443302,-2.49754361902887E-06,0,0,0,0,0,38
2,3503,670.748969,0.106615953147411,-2.37496033150819E-06,0,0,0,0,0,38
2,3504,670.968969,0.108691185712814,-2.33275068239891E-06,0,0,0,0,0,38
2,3505,671.188969,0.111037947237492,-2.33348987421778E-06,0,0,0,0,0,38
2,3506,671.408969,0.113035604357719,-2.2498484213429E-06,0,0,0,0,0,38
2,3507,671.628969,0.115537524223328,-2.18702007259708E-06,0,0,0,0,0,38
2,3508,671.848969,0.117651544511318,-2.03938338927401E-06,0,0,0,0,0,38
2,3509,672.068969,0.120056487619877,-2.1055961951788E-06,0,0,0,0,0,38
2,3510,672.288969,0.121957175433636,-2.09859376809618E-06,0,0,0,0,0,38
2,3511,672.508969,0.123935431241989,-1.95511961464945E-06,0,0,0,0,0,38
2,3512,672.728969,0.126534327864647,-2.03230297302071E-06,0,0,0,0,0,38
2,3513,672.948969,0.128745317459106,-1.96787982531532E-06,0,0,0,0,0,38
2,3514,673.168969,0.131033897399902,-1.91940671356861E-06,0,0,0,0,0,38
2,3515,673.388969,0.132973372936249,-1.9344231532159E-06,0,0,0,0,0,38
2,3516,673.608969,0.135048612952232,-1.85774547389883E-06,0,0,0,0,0,38
2,3517,673.828969,0.137608706951141,-1.78982088527846E-06,0,0,0,0,0,38
2,3518,674.048969,0.139974862337112,-1.67579628396197E-06,0,0,0,0,0,38
2,3519,674.268969,0.141953125596046,-1.70256146247993E-06,0,0,0,0,0,38
2,3520,674.488969,0.14402836561203,-1.72866532466287E-06,0,0,0,0,0,38
2,3521,674.708969,0.146161779761314,-1.72563090927724E-06,0,0,0,0,0,38
2,3522,674.928969,0.148333981633186,-1.72166278389341E-06,0,0,0,0,0,38
2,3523,675.148969,0.150448009371758,-1.68723374827096E-06,0,0,0,0,0,38
2,3524,675.368969,0.152678400278091,-1.61382376973052E-06,0,0,0,0,0,38
2,3525,675.588969,0.155044555664063,-1.56009878082841E-06,0,0,0,0,0,38
2,3526,675.808969,0.157274946570396,-1.59262162924279E-06,0,0,0,0,0,38
2,3527,676.028969,0.159641101956367,-1.55091765918769E-06,0,0,0,0,0,38
2,3528,676.248969,0.161503002047539,-1.53586222495505E-06,0,0,0,0,0,38
2,3529,676.468969,0.163946732878685,-1.38382938530413E-06,0,0,0,0,0,38
2,3530,676.688969,0.165905594825745,-1.44362331866432E-06,0,0,0,0,0,38
2,3531,676.908969,0.168194174766541,-1.42479427722719E-06,0,0,0,0,0,38
2,3532,677.128969,0.170405179262161,-1.39865142045892E-06,0,0,0,0,0,38
2,3533,677.348969,0.172674357891083,-1.42459975904785E-06,0,0,0,0,0,38
2,3534,677.568969,0.17476898431778,-1.36982441745204E-06,0,0,0,0,0,38
2,3535,677.788969,0.177290290594101,-1.36383334847778E-06,0,0,0,0,0,38
2,3536,678.008969,0.179481893777847,-1.31687738758046E-06,0,0,0,0,0,38
2,3537,678.228969,0.181595921516418,-1.25152041619003E-06,0,0,0,0,0,38
2,3538,678.448969,0.183671161532402,-1.29972124796041E-06,0,0,0,0,0,38
2,3539,678.668969,0.185765787959099,-1.25117026072985E-06,0,0,0,0,0,38
2,3540,678.888969,0.187860414385796,-1.23276925023674E-06,0,0,0,0,0,38
2,3541,679.108969,0.190032631158829,-1.18402374482685E-06,0,0,0,0,0,38
2,3542,679.328969,0.1923987865448,-1.148310843746E-06,0,0,0,0,0,38
2,3543,679.548969,0.194454625248909,-1.15064028705092E-06,0,0,0,0,0,38
2,3544,679.768969,0.196840167045593,-1.14564977593545E-06,0,0,0,0,0,38
2,3545,679.988969,0.198799043893814,-1.10483779280912E-06,0,0,0,0,0,38
2,3546,680.208969,0.201417326927185,-1.08712174551329E-06,0,0,0,0,0,38
2,3547,680.428969,0.203434377908707,-1.06401807897782E-06,0,0,0,0,0,38
2,3548,680.648969,0.205412641167641,-1.03210891211347E-06,0,0,0,0,0,38
2,3549,680.868969,0.207953348755836,-1.02813442026672E-06,0,0,0,0,0,38
2,3550,681.088969,0.209873422980309,-1.0062725550597E-06,0,0,0,0,0,38
2,3551,681.308969,0.212258964776993,-9.74098611550289E-07,0,0,0,0,0,38
2,3552,681.528969,0.214256629347801,-9.46409272728488E-07,0,0,0,0,0,38
2,3553,681.748969,0.216370642185211,-9.33668161451351E-07,0,0,0,0,0,38
2,3554,681.968969,0.218814387917519,-9.06438117453945E-07,0,0,0,0,0,38
2,3555,682.188969,0.220656886696815,-8.76868512023066E-07,0,0,0,0,0,38
2,3556,682.408969,0.223158806562424,-8.70379267325916E-07,0,0,0,0,0,38
2,3557,682.628969,0.22560253739357,-8.34456614029477E-07,0,0,0,0,0,38
2,3558,682.848969,0.227774739265442,-8.37282811971818E-07,0,0,0,0,0,38
2,3559,683.068969,0.229830577969551,-7.96132155755913E-07,0,0,0,0,0,38
2,3560,683.288969,0.232022181153297,-7.58290411795315E-07,0,0,0,0,0,38
2,3561,683.508969,0.234330162405968,-7.54709049033409E-07,0,0,0,0,0,38
2,3562,683.728969,0.236386001110077,-7.19623358236277E-07,0,0,0,0,0,38
2,3563,683.948969,0.238674566149712,-6.92109153987985E-07,0,0,0,0,0,38
2,3564,684.168969,0.24057525396347,-6.85748318574042E-07,0,0,0,0,0,38
2,3565,684.388969,0.242999598383904,-6.61099193166592E-07,0,0,0,0,0,38
2,3566,684.608969,0.245036035776138,-6.21303286152397E-07,0,0,0,0,0,38
2,3567,684.828969,0.247518569231033,-5.92535570831387E-07,0,0,0,0,0,38
2,3568,685.048969,0.24976834654808,-5.60972864604992E-07,0,0,0,0,0,38
2,3569,685.268969,0.251688420772552,-5.35685330760316E-07,0,0,0,0,0,38
2,3570,685.488969,0.253996402025223,-5.11612370246439E-07,0,0,0,0,0,38
2,3571,685.708969,0.25614920258522,-4.71314251626609E-07,0,0,0,0,0,38
2,3572,685.928969,0.25839900970459,-4.48167753575035E-07,0,0,0,0,0,38
2,3573,686.148969,0.260668188333511,-4.15028466704825E-07,0,0,0,0,0,38
2,3574,686.368969,0.26262703537941,-3.96572772842774E-07,0,0,0,0,0,38
2,3575,686.588969,0.264954417943954,-3.70327626342259E-07,0,0,0,0,0,38
2,3576,686.808969,0.266855090856552,-3.67318506278025E-07,0,0,0,0,0,38
2,3577,687.028969,0.269434601068497,-3.44218705095045E-07,0,0,0,0,0,38
2,3578,687.248969,0.27156800031662,-3.41151206839641E-07,0,0,0,0,0,38
2,3579,687.468969,0.273837178945541,-3.32334025188175E-07,0,0,0,0,0,38
2,3580,687.688969,0.276048183441162,-3.34331019757883E-07,0,0,0,0,0,38
2,3581,687.908969,0.278201013803482,-3.16455356141887E-07,0,0,0,0,0,38
2,3582,688.128969,0.28050896525383,-3.22625425042133E-07,0,0,0,0,0,38
2,3583,688.348969,0.282487243413925,-3.26097790548374E-07,0,0,0,0,0,38
2,3584,688.568969,0.284795194864273,-3.24567935194864E-07,0,0,0,0,0,38
2,3585,688.788969,0.287045001983643,-3.13056972345294E-07,0,0,0,0,0,38
2,3586,689.008969,0.28904265165329,-3.16996448646023E-07,0,0,0,0,0,38
2,3587,689.228969,0.291428208351135,-2.96866858207068E-07,0,0,0,0,0,38
2,3588,689.448969,0.293639183044434,-2.57183813801021E-07,0,0,0,0,0,38
2,3589,689.668969,0.295695036649704,-2.73155905006206E-07,0,0,0,0,0,38
2,3590,689.888969,0.297964215278625,-2.76274022326106E-07,0,0,0,0,0,38
2,3591,690.108969,0.300117045640945,-2.41854024807253E-07,0,0,0,0,0,38
2,3592,690.328969,0.302521973848343,-2.31728890298655E-07,0,0,0,0,0,38
2,3593,690.548969,0.304849356412888,-2.24507772372817E-07,0,0,0,0,0,38
2,3594,690.768969,0.30692458152771,-2.12257177167885E-07,0,0,0,0,0,38
2,3595,690.988969,0.308922231197357,-2.15659468949525E-07,0,0,0,0,0,38
2,3596,691.208969,0.311268985271454,-2.06071547381725E-07,0,0,0,0,0,38
2,3597,691.428969,0.313751518726349,-1.84560008165136E-07,0,0,0,0,0,38
2,3598,691.648969,0.315749168395996,-1.79655103238474E-07,0,0,0,0,0,38
2,3599,691.868969,0.317843794822693,-1.61970177714466E-07,0,0,0,0,0,38
2,3600,692.088969,0.319899648427963,-1.6524400336948E-07,0,0,0,0,0,38
2,3601,692.308969,0.32209125161171,-1.46204399698036E-07,0,0,0,0,0,38
2,3602,692.528969,0.324534982442856,-1.48520598486357E-07,0,0,0,0,0,38
2,3603,692.748969,0.326280504465103,-1.56352882640931E-07,0,0,0,0,0,38
2,3604,692.968969,0.328452706336975,-1.78962181962561E-07,0,0,0,0,0,38
2,3605,693.188969,0.331129193305969,-1.35783409405121E-07,0,0,0,0,0,38
2,3606,693.408969,0.33324322104454,-1.13318144201457E-07,0,0,0,0,0,38
2,3607,693.628969,0.335318446159363,-1.02904941456927E-07,0,0,0,0,0,38
2,3608,693.848969,0.337917327880859,-1.24938111412121E-07,0,0,0,0,0,38
2,3609,694.068969,0.339662849903107,-1.29959801142832E-07,0,0,0,0,0,38
2,3610,694.288969,0.341990232467651,-1.18129626969221E-07,0,0,0,0,0,38
2,3611,694.508969,0.343987882137299,-9.33987607254494E-08,0,0,0,0,0,38
2,3612,694.728969,0.346160084009171,-1.14793508032562E-07,0,0,0,0,0,38
2,3613,694.948969,0.348797768354416,-1.2136842997279E-07,0,0,0,0,0,38
2,3614,695.168969,0.350562691688538,-1.02581843464122E-07,0,0,0,0,0,38
2,3615,695.388969,0.352987021207809,-8.19578644950525E-08,0,0,0,0,0,38
2,3616,695.608969,0.355256199836731,-5.29682928629427E-08,0,0,0,0,0,38
2,3617,695.828969,0.357467204332352,-7.42267971531874E-08,0,0,0,0,0,38
2,3618,696.048969,0.359775185585022,-5.67948994500966E-08,0,0,0,0,0,38
2,3619,696.268969,0.36167585849762,-6.19684143998711E-08,0,0,0,0,0,38
2,3620,696.488969,0.363925635814667,-5.26685504098623E-08,0,0,0,0,0,38
2,3621,696.708969,0.366408169269562,-3.09468077830388E-08,0,0,0,0,0,38
2,3622,696.928969,0.368386417627335,-4.24928074949094E-08,0,0,0,0,0,38
2,3623,697.148969,0.370655626058578,-3.51704798617902E-08,0,0,0,0,0,38
2,3624,697.368969,0.372498124837875,-5.47589742438959E-08,0,0,0,0,0,38
2,3625,697.588969,0.374864280223846,-3.47967699099172E-08,0,0,0,0,0,38
2,3626,697.808969,0.377114057540894,-2.71746980473608E-08,0,0,0,0,0,38
2,3627,698.028969,0.379499614238739,-5.60708421915024E-08,0,0,0,0,0,38
2,3628,698.248969,0.381652414798737,-3.88880891932786E-08,0,0,0,0,0,38
2,3629,698.468969,0.383999168872833,-1.37329099203498E-08,0,0,0,0,0,38
2,3630,698.688969,0.38568651676178,-3.13282981778684E-08,0,0,0,0,0,38
2,3631,698.908969,0.388169050216675,-2.40604691725821E-08,0,0,0,0,0,38
2,3632,699.128969,0.390244275331497,-1.97239060639731E-08,0,0,0,0,0,38
2,3633,699.348969,0.392435878515244,-3.23406745827981E-09,0,0,0,0,0,38
2,3634,699.568969,0.394705057144165,-8.01830069008247E-09,0,0,0,0,0,38
2,3635,699.788969,0.396974235773087,5.17434894931057E-09,0,0,0,0,0,38
2,3636,700.008969,0.398933112621307,-2.91121765583213E-10,0,0,0,0,0,38
2,3637,700.228969,0.401531994342804,-1.15921294785437E-09,0,0,0,0,0,38
2,3638,700.448969,0.403781801462173,3.62866181546906E-10,0,0,0,0,0,38
2,3639,700.668969,0.405682474374771,1.51009516002887E-08,0,0,0,0,0,38
2,3640,700.888969,0.407990455627441,2.67131294862111E-08,0,0,0,0,0,38
2,3641,701.108969,0.409968703985214,1.47155656549103E-08,0,0,0,0,0,38
2,3642,701.328969,0.412199079990387,1.44975693672222E-08,0,0,0,0,0,38
2,3643,701.548969,0.414429485797882,2.95431856756068E-08,0,0,0,0,0,38
2,3644,701.768969,0.416989594697952,4.30238991100396E-08,0,0,0,0,0,38
2,3645,701.988969,0.418948441743851,2.56854342239876E-08,0,0,0,0,0,38
2,3646,702.208969,0.421333998441696,2.38752893011451E-08,0,0,0,0,0,38
2,3647,702.428969,0.423215299844742,2.44280649042139E-08,0,0,0,0,0,38
2,3648,702.648969,0.425465077161789,2.74177249792729E-08,0,0,0,0,0,38
2,3649,702.868969,0.427792459726334,3.77374966831212E-08,0,0,0,0,0,38
2,3650,703.088969,0.430100411176682,6.50414975211788E-08,0,0,0,0,0,38
2,3651,703.308969,0.432253241539001,5.69289291263431E-08,0,0,0,0,0,38
2,3652,703.528969,0.434561192989349,4.60602720409042E-08,0,0,0,0,0,38
2,3653,703.748969,0.436558842658997,9.36884987368103E-08,0,0,0,0,0,38
2,3654,703.968969,0.438905626535416,6.47339675197145E-08,0,0,0,0,0,38
2,3655,704.188969,0.441039025783539,6.30873131512999E-08,0,0,0,0,0,38
2,3656,704.408969,0.443230628967285,6.21530489297584E-08,0,0,0,0,0,38
2,3657,704.628969,0.445519208908081,9.78498917447723E-08,0,0,0,0,0,38
2,3658,704.848969,0.447575062513351,6.37996961927456E-08,0,0,0,0,0,38
2,3659,705.068969,0.449999392032623,7.04680402918711E-08,0,0,0,0,0,38
2,3660,705.288969,0.451997041702271,6.37685531046372E-08,0,0,0,0,0,38
2,3661,705.508969,0.454208046197891,6.47300737455225E-08,0,0,0,0,0,38
2,3662,705.728969,0.456186324357986,6.74083082685684E-08,0,0,0,0,0,38
2,3663,705.948969,0.458533078432083,8.18310752492835E-08,0,0,0,0,0,38
2,3664,706.168969,0.460705280303955,9.05625938685262E-08,0,0,0,0,0,38
2,3665,706.388969,0.463149011135101,8.59496438465612E-08,0,0,0,0,0,38
2,3666,706.608969,0.465398788452148,8.16091869637603E-08,0,0,0,0,0,38
2,3667,706.828969,0.467609792947769,8.03362496526461E-08,0,0,0,0,0,38
2,3668,707.048969,0.469374716281891,7.11726286795056E-08,0,0,0,0,0,38
2,3669,707.268969,0.471702069044113,9.5736105265587E-08,0,0,0,0,0,38
2,3670,707.488969,0.473990648984909,9.05664876427181E-08,0,0,0,0,0,38
2,3671,707.708969,0.476124078035355,8.16247620605282E-08,0,0,0,0,0,38
2,3672,707.928969,0.478315681219101,7.52289111005666E-08,0,0,0,0,0,38
2,3673,708.148969,0.480681836605072,8.11848721582464E-08,0,0,0,0,0,38
2,3674,708.368969,0.482660084962845,7.61203651222786E-08,0,0,0,0,0,38
2,3675,708.588969,0.48514261841774,8.50075920766358E-08,0,0,0,0,0,38
2,3676,708.808969,0.487353622913361,9.78654597361128E-08,0,0,0,0,0,38
2,3677,709.028969,0.489390075206757,7.3924830701344E-08,0,0,0,0,0,38
2,3678,709.248969,0.491504073143005,8.24461352522121E-08,0,0,0,0,0,38
2,3679,709.468969,0.493889629840851,8.13756244610886E-08,0,0,0,0,0,38
2,3680,709.688969,0.495906680822372,6.00353757818084E-08,0,0,0,0,0,38
2,3681,709.908969,0.498001307249069,7.46878185964306E-08,0,0,0,0,0,38
2,3682,710.128969,0.50005716085434,6.24333296173063E-08,0,0,0,0,0,38
2,3683,710.348969,0.502403914928436,9.05197765632693E-08,0,0,0,0,0,38
2,3684,710.568969,0.50477010011673,7.08067133814438E-08,0,0,0,0,0,38
2,3685,710.788969,0.506864726543427,8.99514276397895E-08,0,0,0,0,0,38
2,3686,711.008969,0.509327828884125,6.87279637645588E-08,0,0,0,0,0,38
2,3687,711.228969,0.511286675930023,8.27614528020604E-08,0,0,0,0,0,38
2,3688,711.448969,0.513517081737518,6.92690562686948E-08,0,0,0,0,0,38
2,3689,711.668969,0.515902638435364,8.94609399892943E-08,0,0,0,0,0,38
2,3690,711.888969,0.51824939250946,9.43541706988071E-08,0,0,0,0,0,38
2,3691,712.108969,0.520305216312408,8.05425628414014E-08,0,0,0,0,0,38
2,3692,712.328969,0.5225550532341,9.56543573238378E-08,0,0,0,0,0,38
2,3693,712.548969,0.524746656417847,1.09286894200977E-07,0,0,0,0,0,38
2,3694,712.768969,0.526472747325897,8.62493862996416E-08,0,0,0,0,0,38
2,3695,712.988969,0.528838932514191,9.19678910804578E-08,0,0,0,0,0,38
2,3696,713.208969,0.531224489212036,1.09154541405587E-07,0,0,0,0,0,38
2,3697,713.428969,0.533144533634186,9.50276231037606E-08,0,0,0,0,0,38
2,3698,713.648969,0.535588264465332,1.23561733289534E-07,0,0,0,0,0,38
2,3699,713.868969,0.537973821163177,1.16391227322765E-07,0,0,0,0,0,38
2,3700,714.088969,0.540107250213623,1.12315483136172E-07,0,0,0,0,0,38
2,3701,714.308969,0.541910946369171,1.10322375235228E-07,0,0,0,0,0,38
2,3702,714.528969,0.544723212718964,1.32343856762418E-07,0,0,0,0,0,38
2,3703,714.748969,0.546623885631561,1.28026755419342E-07,0,0,0,0,0,38
2,3704,714.968969,0.549009442329407,1.19229071060545E-07,0,0,0,0,0,38
2,3705,715.188969,0.550677359104156,1.22273220881652E-07,0,0,0,0,0,38
2,3706,715.408969,0.5531405210495,9.73282539007414E-08,0,0,0,0,0,38
2,3707,715.628969,0.555332124233246,1.35528154032727E-07,0,0,0,0,0,38
2,3708,715.848969,0.557426750659943,1.37630266294764E-07,0,0,0,0,0,38
2,3709,716.068969,0.559889853000641,1.31265565528338E-07,0,0,0,0,0,38
2,3710,716.288969,0.561906933784485,1.25488668345497E-07,0,0,0,0,0,38
2,3711,716.508969,0.564331233501434,1.49409828509306E-07,0,0,0,0,0,38
2,3712,716.728969,0.566290140151978,1.32686423626183E-07,0,0,0,0,0,38
2,3713,716.948969,0.568772614002228,1.11525245927169E-07,0,0,0,0,0,38
2,3714,717.168969,0.570653915405273,1.04529910061046E-07,0,0,0,0,0,38
2,3715,717.388969,0.573058843612671,1.24305259419089E-07,0,0,0,0,0,38
2,3716,717.608969,0.575192272663116,1.65494824955204E-07,0,0,0,0,0,38
2,3717,717.828969,0.577131748199463,1.37571873892739E-07,0,0,0,0,0,38
2,3718,718.048969,0.57938152551651,1.14989823885026E-07,0,0,0,0,0,38
2,3719,718.268969,0.581379175186157,1.22681967695826E-07,0,0,0,0,0,38
2,3720,718.488969,0.58368718624115,1.36917890358745E-07,0,0,0,0,0,38
2,3721,718.708969,0.585995137691498,1.19871373271963E-07,0,0,0,0,0,38
2,3722,718.928969,0.588516473770142,1.34909200255606E-07,0,0,0,0,0,38
2,3723,719.148969,0.590281367301941,1.11603100094726E-07,0,0,0,0,0,38
2,3724,719.368969,0.592822074890137,1.49020550566092E-07,0,0,0,0,0,38
2,3725,719.588969,0.594664573669434,1.31304489059403E-07,0,0,0,0,0,38
2,3726,719.808969,0.597244083881378,1.37330516736256E-07,0,0,0,0,0,38
2,3727,720.028969,0.599338710308075,1.24682856039726E-07,0,0,0,0,0,38
2,3728,720.248969,0.601588487625122,1.29556624983707E-07,0,0,0,0,0,38
2,3729,720.468969,0.603760719299316,9.02978882777461E-08,0,0,0,0,0,38
2,3730,720.688969,0.605719566345215,1.25235629866438E-07,0,0,0,0,0,38
2,3731,720.908969,0.608008146286011,1.06133740018777E-07,0,0,0,0,0,38
2,3732,721.128969,0.610393702983856,1.22896068432965E-07,0,0,0,0,0,38
2,3733,721.348969,0.612682282924652,1.19221283512161E-07,0,0,0,0,0,38
2,3734,721.568969,0.614699304103851,1.11120392887187E-07,0,0,0,0,0,38
2,3735,721.788969,0.617201268672943,1.20887392540681E-07,0,0,0,0,0,38
2,3736,722.008969,0.618927359580994,1.13121288336515E-07,0,0,0,0,0,38
2,3737,722.228969,0.62127411365509,1.20899073863256E-07,0,0,0,0,0,38
2,3738,722.448969,0.623582124710083,1.02894937015208E-07,0,0,0,0,0,38
2,3739,722.668969,0.62583190202713,1.13105713239747E-07,0,0,0,0,0,38
2,3740,722.888969,0.627984702587128,1.34508255200672E-07,0,0,0,0,0,38
2,3741,723.108969,0.629904806613922,1.36069260747718E-07,0,0,0,0,0,38
2,3742,723.328969,0.632348537445068,1.16796073257319E-07,0,0,0,0,0,38
2,3743,723.548969,0.634695291519165,1.33176911276678E-07,0,0,0,0,0,38
2,3744,723.768969,0.636925637722015,1.16336728694932E-07,0,0,0,0,0,38
2,3745,723.988969,0.638671219348907,1.32316614553929E-07,0,0,0,0,0,38
2,3746,724.208969,0.641308844089508,1.3536855192342E-07,0,0,0,0,0,38
2,3747,724.428969,0.643481075763702,1.515547580766E-07,0,0,0,0,0,38
2,3748,724.648969,0.645439922809601,1.36209393986064E-07,0,0,0,0,0,38
2,3749,724.868969,0.647573351860046,1.12089701076457E-07,0,0,0,0,0,38
2,3750,725.088969,0.649997711181641,1.35014317947935E-07,0,0,0,0,0,38
2,3751,725.308969,0.651975989341736,1.10668828767757E-07,0,0,0,0,0,38
2,3752,725.528969,0.654380917549133,1.53812578673751E-07,0,0,0,0,0,38
2,3753,725.748969,0.656456172466278,1.19209602189585E-07,0,0,0,0,0,38
2,3754,725.968969,0.658376216888428,1.38109072622683E-07,0,0,0,0,0,38
2,3755,726.188969,0.66118848323822,1.27146989825633E-07,0,0,0,0,0,38
2,3756,726.408969,0.66285640001297,1.51916779600469E-07,0,0,0,0,0,38
2,3757,726.628969,0.665377736091614,1.50772308415981E-07,0,0,0,0,0,38
2,3758,726.848969,0.667860209941864,1.46213849916421E-07,0,0,0,0,0,38
2,3759,727.068969,0.669663965702057,1.34185142997012E-07,0,0,0,0,0,38
2,3760,727.288969,0.671680986881256,1.69776882330552E-07,0,0,0,0,0,38
2,3761,727.508969,0.674182891845703,1.67090860259123E-07,0,0,0,0,0,38
2,3762,727.728969,0.676413297653198,1.41028664302212E-07,0,0,0,0,0,38
2,3763,727.948969,0.678488552570343,1.80859643705844E-07,0,0,0,0,0,38
2,3764,728.168969,0.681068062782288,1.8859850570152E-07,0,0,0,0,0,38
2,3765,728.388969,0.682580828666687,1.7843053967681E-07,0,0,0,0,0,38
2,3766,728.608969,0.685140907764435,1.47463438793238E-07,0,0,0,0,0,38
2,3767,728.828969,0.68752646446228,1.50659417386123E-07,0,0,0,0,0,38
2,3768,729.048969,0.689931452274323,1.51219978761219E-07,0,0,0,0,0,38
2,3769,729.268969,0.691793322563171,1.72221547245499E-07,0,0,0,0,0,38
2,3770,729.488969,0.693790972232819,1.52870512692971E-07,0,0,0,0,0,38
2,3771,729.708969,0.696331679821014,1.72630294059672E-07,0,0,0,0,0,38
2,3772,729.928969,0.698174178600311,1.67717601584627E-07,0,0,0,0,0,38
2,3773,730.148969,0.700501561164856,1.77842736093226E-07,0,0,0,0,0,38
2,3774,730.368969,0.702809512615204,1.76149370645362E-07,0,0,0,0,0,38
2,3775,730.588969,0.704923510551453,1.72638081608056E-07,0,0,0,0,0,38
2,3776,730.808969,0.707115113735199,1.73938275338514E-07,0,0,0,0,0,38
2,3777,731.028969,0.709326148033142,1.60905230472963E-07,0,0,0,0,0,38
2,3778,731.248969,0.711614727973938,1.77936158252123E-07,0,0,0,0,0,38
2,3779,731.468969,0.714000284671783,1.76242807015115E-07,0,0,0,0,0,38
2,3780,731.688969,0.71593976020813,1.71302858120725E-07,0,0,0,0,0,38
2,3781,731.908969,0.718092560768127,1.75775667798916E-07,0,0,0,0,0,38
2,3782,732.128969,0.720187187194824,1.79578918846346E-07,0,0,0,0,0,38
2,3783,732.348969,0.722281813621521,1.97719302263977E-07,0,0,0,0,0,38
2,3784,732.568969,0.724783718585968,1.93040165186176E-07,0,0,0,0,0,38
2,3785,732.788969,0.726839542388916,1.65724500789111E-07,0,0,0,0,0,38
2,3786,733.008969,0.729166924953461,2.03527335429499E-07,0,0,0,0,0,38
2,3787,733.228969,0.731164574623108,2.03667468667845E-07,0,0,0,0,0,38
2,3788,733.448969,0.733278632164001,2.13025728612593E-07,0,0,0,0,0,38
2,3789,733.668969,0.735508978366852,2.1342279410419E-07,0,0,0,0,0,38
2,3790,733.888969,0.737913966178894,1.7217483616605E-07,0,0,0,0,0,38
2,3791,734.108969,0.73995041847229,2.1784499892874E-07,0,0,0,0,0,38
2,3792,734.328969,0.74252986907959,2.25428138378447E-07,0,0,0,0,0,38
2,3793,734.548969,0.744702100753784,2.28810975499982E-07,0,0,0,0,0,38
2,3794,734.768969,0.74658340215683,1.99844762960311E-07,0,0,0,0,0,38
2,3795,734.988969,0.749085307121277,2.08868229378822E-07,0,0,0,0,0,38
2,3796,735.208969,0.751160562038422,2.3361077694517E-07,0,0,0,0,0,38
2,3797,735.428969,0.753449141979218,2.36627684557789E-07,0,0,0,0,0,38
2,3798,735.648969,0.755272209644318,2.23135288024423E-07,0,0,0,0,0,38
2,3799,735.868969,0.757968068122864,2.14240273521682E-07,0,0,0,0,0,38
2,3800,736.088969,0.760101497173309,2.41906292330896E-07,0,0,0,0,0,38
2,3801,736.308969,0.762273728847504,2.59050125350768E-07,0,0,0,0,0,38
2,3802,736.528969,0.764019250869751,2.51299582032516E-07,0,0,0,0,0,38
2,3803,736.748969,0.766482353210449,2.53794866011958E-07,0,0,0,0,0,38
2,3804,736.968969,0.768557608127594,2.63674763800736E-07,0,0,0,0,0,38
2,3805,737.188969,0.77074921131134,2.52541383360949E-07,0,0,0,0,0,38
2,3806,737.408969,0.773309290409088,2.75652865866505E-07,0,0,0,0,0,38
2,3807,737.628969,0.775403916835785,2.71966399623125E-07,0,0,0,0,0,38
2,3808,737.848969,0.778002798557281,2.83609722373512E-07,0,0,0,0,0,38
2,3809,738.068969,0.779845297336578,2.9954676961097E-07,0,0,0,0,0,38
2,3810,738.288969,0.781978726387024,3.23028046977925E-07,0,0,0,0,0,38
2,3811,738.508969,0.784344911575317,3.08679261706857E-07,0,0,0,0,0,38
2,3812,738.728969,0.786517083644867,3.35543376195346E-07,0,0,0,0,0,38
2,3813,738.948969,0.788747489452362,3.51811308973993E-07,0,0,0,0,0,38
2,3814,739.168969,0.79055118560791,3.43278315995121E-07,0,0,0,0,0,38
2,3815,739.388969,0.792859196662903,3.32331808294839E-07,0,0,0,0,0,38
2,3816,739.608969,0.795283496379852,3.64665282859278E-07,0,0,0,0,0,38
2,3817,739.828969,0.797649681568146,4.19109795757322E-07,0,0,0,0,0,38
2,3818,740.048969,0.799395203590393,3.86581660904994E-07,0,0,0,0,0,38
2,3819,740.268969,0.801974713802338,4.27911373890311E-07,0,0,0,0,0,38
2,3820,740.488969,0.804069340229034,4.58823990356905E-07,0,0,0,0,0,38
2,3821,740.708969,0.806163966655731,4.81861491152813E-07,0,0,0,0,0,38
2,3822,740.928969,0.808355569839478,5.00535179526196E-07,0,0,0,0,0,38
2,3823,741.148969,0.810585975646973,5.37625624019711E-07,0,0,0,0,0,38
2,3824,741.368969,0.81299090385437,5.53041047623992E-07,0,0,0,0,0,38
2,3825,741.588969,0.815085530281067,5.86374994782091E-07,0,0,0,0,0,38
2,3826,741.808969,0.816928029060364,6.17793659785093E-07,0,0,0,0,0,38
2,3827,742.028969,0.819255411624908,6.62985030430718E-07,0,0,0,0,0,38
2,3828,742.248969,0.821350038051605,7.04766250692046E-07,0,0,0,0,0,38
2,3829,742.468969,0.823541641235352,7.24261326467968E-07,0,0,0,0,0,38
2,3830,742.688969,0.825810790061951,8.0927196677294E-07,0,0,0,0,0,38
2,3831,742.908969,0.828021824359894,8.2635352782745E-07,0,0,0,0,0,38
2,3832,743.128969,0.83056253194809,8.96598862709652E-07,0,0,0,0,0,38
2,3833,743.348969,0.832579553127289,9.32365765038412E-07,0,0,0,0,0,38
2,3834,743.568969,0.834635376930237,1.01356147297338E-06,0,0,0,0,0,38
2,3835,743.788969,0.836826980113983,1.08319954961189E-06,0,0,0,0,0,38
2,3836,744.008969,0.839309513568878,1.13474391127966E-06,0,0,0,0,0,38
2,3837,744.228969,0.841248989105225,1.22760241083597E-06,0,0,0,0,0,38
2,3838,744.448969,0.843363046646118,1.30118769448018E-06,0,0,0,0,0,38
2,3839,744.668969,0.845651566982269,1.39626115469582E-06,0,0,0,0,0,38
2,3840,744.888969,0.847591042518616,1.50373318774655E-06,0,0,0,0,0,38
2,3841,745.108969,0.850054204463959,1.57917145315878E-06,0,0,0,0,0,38
2,3842,745.328969,0.852265179157257,1.70140958744014E-06,0,0,0,0,0,38
2,3843,745.548969,0.854767084121704,1.78018808583147E-06,0,0,0,0,0,38
2,3844,745.768969,0.856822967529297,1.95303391592461E-06,0,0,0,0,0,38
2,3845,745.988969,0.858781814575195,1.92303969015484E-06,0,0,0,0,0,38
2,3846,746.208969,0.861089766025543,2.17380829781177E-06,0,0,0,0,0,38
2,3847,746.428969,0.863417148590088,2.37073527387111E-06,0,0,0,0,0,38
2,3848,746.648969,0.865472972393036,2.42348755818966E-06,0,0,0,0,0,38
2,3849,746.868969,0.867761552333832,2.61473451246275E-06,0,0,0,0,0,38
2,3850,747.088969,0.869720458984375,2.84325074062508E-06,0,0,0,0,0,38
2,3851,747.308969,0.872261166572571,2.90635125566041E-06,0,0,0,0,0,38
2,3852,747.528969,0.874200642108917,3.17898320645327E-06,0,0,0,0,0,38
2,3853,747.748969,0.876217663288116,3.3223407172045E-06,0,0,0,0,0,38
2,3854,747.968969,0.87899112701416,3.49615925188118E-06,0,0,0,0,0,38
2,3855,748.188969,0.881105124950409,3.68374935533211E-06,0,0,0,0,0,38
2,3856,748.408969,0.882967054843903,3.95836559619056E-06,0,0,0,0,0,38
2,3857,748.628969,0.885449528694153,4.15852127844119E-06,0,0,0,0,0,38
2,3858,748.848969,0.887718737125397,4.35789888797444E-06,0,0,0,0,0,38
2,3859,749.068969,0.889658212661743,4.45581781605142E-06,0,0,0,0,0,38
2,3860,749.288969,0.891946792602539,4.80049811812933E-06,0,0,0,0,0,38
2,3861,749.508969,0.893983244895935,5.04399167766678E-06,0,0,0,0,0,38
2,3862,749.728969,0.896213591098785,5.26091480423929E-06,0,0,0,0,0,38
2,3863,749.948969,0.898327648639679,5.53510290046688E-06,0,0,0,0,0,38
2,3864,750.168969,0.900655031204224,5.71958071304834E-06,0,0,0,0,0,38
2,3865,750.388969,0.902827203273773,6.00302792008733E-06,0,0,0,0,0,38
2,3866,750.608969,0.90501880645752,6.10067399975378E-06,0,0,0,0,0,38
2,3867,750.828969,0.907365560531616,6.48526884106104E-06,0,0,0,0,0,38
2,3868,751.048969,0.909654140472412,6.59026818539132E-06,0,0,0,0,0,38
2,3869,751.268969,0.911768198013306,6.92273306412972E-06,0,0,0,0,0,38
2,3870,751.488969,0.913901627063751,7.23247831047047E-06,0,0,0,0,0,38
2,3871,751.708969,0.915899276733398,7.42718748369953E-06,0,0,0,0,0,38
2,3872,751.928969,0.918323576450348,7.60579132474959E-06,0,0,0,0,0,38
2,3873,752.148969,0.920495808124542,7.82637107477058E-06,0,0,0,0,0,38
2,3874,752.368969,0.922939538955688,8.06893149274401E-06,0,0,0,0,0,38
2,3875,752.588969,0.925053536891937,8.32631303637754E-06,0,0,0,0,0,38
2,3876,752.808969,0.92710942029953,8.58723524288507E-06,0,0,0,0,0,38
2,3877,753.028969,0.929591953754425,8.71829979587346E-06,0,0,0,0,0,38
2,3878,753.248969,0.931473195552826,9.02855026652105E-06,0,0,0,0,0,38
2,3879,753.468969,0.933761775493622,9.11433198780287E-06,0,0,0,0,0,38
2,3880,753.688969,0.935837030410767,9.33701267058495E-06,0,0,0,0,0,38
2,3881,753.908969,0.938125610351563,9.4902125056251E-06,0,0,0,0,0,38
2,3882,754.128969,0.940472364425659,9.61007208388764E-06,0,0,0,0,0,38
2,3883,754.348969,0.942605793476105,9.90522948995931E-06,0,0,0,0,0,38
2,3884,754.568969,0.944564640522003,9.97716051642783E-06,0,0,0,0,0,38
2,3885,754.788969,0.946930825710297,1.01624555099988E-05,0,0,0,0,0,38
2,3886,755.008969,0.949122428894043,1.02824324130779E-05,0,0,0,0,0,38
2,3887,755.228969,0.95121705532074,1.04554728750372E-05,0,0,0,0,0,38
2,3888,755.448969,0.953602612018585,1.06312754724058E-05,0,0,0,0,0,38
2,3889,755.668969,0.955600261688232,1.07453779492062E-05,0,0,0,0,0,38
2,3890,755.888969,0.957772433757782,1.08008534880355E-05,0,0,0,0,0,38
2,3891,756.108969,0.95992523431778,1.08954654933768E-05,0,0,0,0,0,38
2,3892,756.328969,0.962369024753571,1.09877819340909E-05,0,0,0,0,0,38
2,3893,756.548969,0.96438604593277,1.1066093975387E-05,0,0,0,0,0,38
2,3894,756.768969,0.966790974140167,1.12059105958906E-05,0,0,0,0,0,38
2,3895,756.988969,0.969060182571411,1.12047828224604E-05,0,0,0,0,0,38
2,3896,757.208969,0.971348762512207,1.12711513793329E-05,0,0,0,0,0,38
2,3897,757.428969,0.973404586315155,1.14263739305898E-05,0,0,0,0,0,38
2,3898,757.648969,0.975441038608551,1.14156373456353E-05,0,0,0,0,0,38
2,3899,757.868969,0.977593839168549,1.13675914690248E-05,0,0,0,0,0,38
2,3900,758.088969,0.980037569999695,1.1435205124144E-05,0,0,0,0,0,38
2,3901,758.308969,0.981899499893188,1.1531217751326E-05,0,0,0,0,0,38
2,3902,758.528969,0.984381973743439,1.14709182525985E-05,0,0,0,0,0,38
2,3903,758.748969,0.986593008041382,1.14992008093395E-05,0,0,0,0,0,38
2,3904,758.968969,0.988513052463531,1.15543261927087E-05,0,0,0,0,0,38
2,3905,759.188969,0.991131365299225,1.15430057121557E-05,0,0,0,0,0,38
2,3906,759.408969,0.992993235588074,1.16567962322733E-05,0,0,0,0,0,38
2,3907,759.628969,0.995378792285919,1.15105603981647E-05,0,0,0,0,0,38
2,3908,759.848969,0.997589826583862,1.15640514195547E-05,0,0,0,0,0,38
2,3909,760.068969,0.999820172786713,1.15779012048733E-05,0,0,0,0,0,38
2,3910,760.288969,1.00203120708466,1.14398735604482E-05,0,0,0,0,0,38
2,3911,760.508969,1.00431978702545,1.14716185635189E-05,0,0,0,0,0,38
2,3912,760.728969,1.00625920295715,1.14062613647548E-05,0,0,0,0,0,38
2,3913,760.948969,1.00868356227875,1.13836977106985E-05,0,0,0,0,0,38
2,3914,761.168969,1.01064240932465,1.14110462163808E-05,0,0,0,0,0,38
2,3915,761.388969,1.01264011859894,1.13282994789188E-05,0,0,0,0,0,38
2,3916,761.608969,1.01504504680634,1.12749248728505E-05,0,0,0,0,0,38
2,3917,761.828969,1.01735305786133,1.1254694982199E-05,0,0,0,0,0,38
2,3918,762.048969,1.01937007904053,1.11652188934386E-05,0,0,0,0,0,38
2,3919,762.268969,1.02175557613373,1.11415656647296E-05,0,0,0,0,0,38
2,3920,762.488969,1.02369511127472,1.11688750621397E-05,0,0,0,0,0,38
2,3921,762.708969,1.02617764472961,1.10219389171107E-05,0,0,0,0,0,38
2,3922,762.928969,1.02796196937561,1.1058079508075E-05,0,0,0,0,0,38
2,3923,763.148969,1.03059959411621,1.09282218545559E-05,0,0,0,0,0,38
2,3924,763.368969,1.03251969814301,1.09340571725625E-05,0,0,0,0,0,38
2,3925,763.588969,1.0348858833313,1.09056190922274E-05,0,0,0,0,0,38
2,3926,763.808969,1.03711628913879,1.07861087599304E-05,0,0,0,0,0,38
2,3927,764.028969,1.0392302274704,1.08645372165483E-05,0,0,0,0,0,38
2,3928,764.248969,1.04151880741119,1.07355745058157E-05,0,0,0,0,0,38
2,3929,764.468969,1.04371047019959,1.07218802440912E-05,0,0,0,0,0,38
2,3930,764.688969,1.04578566551209,1.06824718386633E-05,0,0,0,0,0,38
2,3931,764.908969,1.04795789718628,1.06174647953594E-05,0,0,0,0,0,38
2,3932,765.128969,1.05024647712708,1.06330644484842E-05,0,0,0,0,0,38
2,3933,765.348969,1.05249619483948,1.05087701740558E-05,0,0,0,0,0,38
2,3934,765.568969,1.05457150936127,1.05562312455731E-05,0,0,0,0,0,38
2,3935,765.788969,1.05680191516876,1.04054433904821E-05,0,0,0,0,0,38
2,3936,766.008969,1.05920684337616,1.04681939774309E-05,0,0,0,0,0,38
2,3937,766.228969,1.06116569042206,1.03970014606602E-05,0,0,0,0,0,38
2,3938,766.448969,1.06353187561035,1.03963402580121E-05,0,0,0,0,0,38
2,3939,766.668969,1.06562650203705,1.03560760180699E-05,0,0,0,0,0,38
2,3940,766.888969,1.06812834739685,1.04076216302929E-05,0,0,0,0,0,38
2,3941,767.108969,1.06993210315704,1.0293325431121E-05,0,0,0,0,0,38
2,3942,767.328969,1.07249224185944,1.03763049992267E-05,0,0,0,0,0,38
2,3943,767.548969,1.07447040081024,1.02391722975881E-05,0,0,0,0,0,38
2,3944,767.768969,1.07670080661774,1.0364050467615E-05,0,0,0,0,0,38
2,3945,767.988969,1.07862091064453,1.02984604382073E-05,0,0,0,0,0,38
2,3946,768.208969,1.08106470108032,1.02994326880435E-05,0,0,0,0,0,38
2,3947,768.428969,1.08333384990692,1.03047241282184E-05,0,0,0,0,0,38
2,3948,768.648969,1.08544790744781,1.03461552498629E-05,0,0,0,0,0,38
2,3949,768.868969,1.08769762516022,1.02929361673887E-05,0,0,0,0,0,38
2,3950,769.088969,1.09000563621521,1.02601406979375E-05,0,0,0,0,0,38
2,3951,769.308969,1.0920615196228,1.03570482679061E-05,0,0,0,0,0,38
2,3952,769.528969,1.09434998035431,1.02784642876941E-05,0,0,0,0,0,38
2,3953,769.748969,1.0965222120285,1.03316060631187E-05,0,0,0,0,0,38
2,3954,769.968969,1.09871387481689,1.03641286841594E-05,0,0,0,0,0,38
2,3955,770.188969,1.1007114648819,1.04385890153935E-05,0,0,0,0,0,38
2,3956,770.408969,1.10309708118439,1.04191758509842E-05,0,0,0,0,0,38
2,3957,770.628969,1.10536623001099,1.03914380815695E-05,0,0,0,0,0,38
2,3958,770.848969,1.10728633403778,1.04944538179552E-05,0,0,0,0,0,38
2,3959,771.068969,1.10974943637848,1.03853699329193E-05,0,0,0,0,0,38
2,3960,771.288969,1.11207675933838,1.05168228401453E-05,0,0,0,0,0,38
2,3961,771.508969,1.11430716514587,1.06103452708339E-05,0,0,0,0,0,38
2,3962,771.728969,1.11628544330597,1.05611334220157E-05,0,0,0,0,0,38
2,3963,771.948969,1.11841893196106,1.07064743133378E-05,0,0,0,0,0,38
2,3964,772.168969,1.12090134620667,1.07232417576597E-05,0,0,0,0,0,38
2,3965,772.388969,1.12256932258606,1.07702753666672E-05,0,0,0,0,0,38
2,3966,772.608969,1.12505185604095,1.08707226900151E-05,0,0,0,0,0,38
2,3967,772.828969,1.12732100486755,1.09275988506852E-05,0,0,0,0,0,38
2,3968,773.048969,1.12955141067505,1.0983502761519E-05,0,0,0,0,0,38
2,3969,773.268969,1.13158786296844,1.11386480057263E-05,0,0,0,0,0,38
2,3970,773.488969,1.13383769989014,1.12160259959637E-05,0,0,0,0,0,38
2,3971,773.708969,1.13599050045013,1.13528085421422E-05,0,0,0,0,0,38
2,3972,773.928969,1.13818204402924,1.1427035133238E-05,0,0,0,0,0,38
2,3973,774.148969,1.14025735855103,1.14318208943587E-05,0,0,0,0,0,38
2,3974,774.368969,1.14279806613922,1.17072922876105E-05,0,0,0,0,0,38
2,3975,774.588969,1.14485383033752,1.18327161544585E-05,0,0,0,0,0,38
2,3976,774.808969,1.14685153961182,1.19662699944456E-05,0,0,0,0,0,38
2,3977,775.028969,1.14929521083832,1.20828226499725E-05,0,0,0,0,0,38
2,3978,775.248969,1.15154504776001,1.23327354231151E-05,0,0,0,0,0,38
2,3979,775.468969,1.1536591053009,1.24296038848115E-05,0,0,0,0,0,38
2,3980,775.688969,1.1556955575943,1.25504757306771E-05,0,0,0,0,0,38
2,3981,775.908969,1.1581974029541,1.28861302073346E-05,0,0,0,0,0,38
2,3982,776.128969,1.16044723987579,1.30612324937829E-05,0,0,0,0,0,38
2,3983,776.348969,1.16248369216919,1.3224197573436E-05,0,0,0,0,0,38
2,3984,776.568969,1.16498553752899,1.35377940750914E-05,0,0,0,0,0,38
2,3985,776.788969,1.16692507266998,1.36962462420342E-05,0,0,0,0,0,38
2,3986,777.008969,1.16909730434418,1.39582571136998E-05,0,0,0,0,0,38
2,3987,777.228969,1.17117249965668,1.42263761517825E-05,0,0,0,0,0,38
2,3988,777.448969,1.17336416244507,1.44136165545206E-05,0,0,0,0,0,38
2,3989,777.668969,1.17543935775757,1.47207947520656E-05,0,0,0,0,0,38
2,3990,777.888969,1.17774736881256,1.51128588186111E-05,0,0,0,0,0,38
2,3991,778.108969,1.17995834350586,1.54363369802013E-05,0,0,0,0,0,38
2,3992,778.328969,1.18238270282745,1.57504400704056E-05,0,0,0,0,0,38
2,3993,778.548969,1.18453550338745,1.60436502483208E-05,0,0,0,0,0,38
2,3994,778.768969,1.18684339523315,1.64353259606287E-05,0,0,0,0,0,38
2,3995,778.988969,1.18880236148834,1.68001188285416E-05,0,0,0,0,0,38
2,3996,779.208969,1.19095516204834,1.72515101439785E-05,0,0,0,0,0,38
2,3997,779.428969,1.19326305389404,1.75572095031384E-05,0,0,0,0,0,38
2,3998,779.648969,1.19566798210144,1.80219940375537E-05,0,0,0,0,0,38
2,3999,779.868969,1.19735538959503,1.85294466064079E-05,0,0,0,0,0,38
2,4000,780.088969,1.19991552829742,1.89335441973526E-05,0,0,0,0,0,38
2,4001,780.308969,1.19873237609863,1.86067700269632E-05,0,0,0,0,0,38
2,4002,780.528969,1.19692873954773,1.80200495378813E-05,0,0,0,0,0,38
2,4003,780.748969,1.19431042671204,1.75226996361744E-05,0,0,0,0,0,38
2,4004,780.968969,1.19225454330444,1.67723974300316E-05,0,0,0,0,0,38
2,4005,781.188969,1.18984961509705,1.67168345797108E-05,0,0,0,0,0,38
2,4006,781.408969,1.18794894218445,1.59183528012363E-05,0,0,0,0,0,38
2,4007,781.628969,1.18567979335785,1.54353765537962E-05,0,0,0,0,0,38
2,4008,781.848969,1.18377912044525,1.50992764247349E-05,0,0,0,0,0,38
2,4009,782.068969,1.18162620067596,1.46287356983521E-05,0,0,0,0,0,38
2,4010,782.288969,1.17908549308777,1.38951418193756E-05,0,0,0,0,0,38
2,4011,782.508969,1.17695212364197,1.37086353788618E-05,0,0,0,0,0,38
2,4012,782.728969,1.17452776432037,1.32066215883242E-05,0,0,0,0,0,38
2,4013,782.948969,1.17264652252197,1.28413785205339E-05,0,0,0,0,0,38
2,4014,783.168969,1.17018342018127,1.23867685033474E-05,0,0,0,0,0,38
2,4015,783.388969,1.16803061962128,1.20965169116971E-05,0,0,0,0,0,38
2,4016,783.608969,1.16595530509949,1.19620772238704E-05,0,0,0,0,0,38
2,4017,783.828969,1.16353094577789,1.1535069461388E-05,0,0,0,0,0,38
2,4018,784.048969,1.16159152984619,1.12797879410209E-05,0,0,0,0,0,38
2,4019,784.268969,1.159050822258,1.09025850179023E-05,0,0,0,0,0,38
2,4020,784.488969,1.1570725440979,1.07127771116211E-05,0,0,0,0,0,38
2,4021,784.708969,1.1549391746521,1.03984411907732E-05,0,0,0,0,0,38
2,4022,784.928969,1.15253412723541,1.01612104117521E-05,0,0,0,0,0,38
2,4023,785.148969,1.15067231655121,9.95097889244789E-06,0,0,0,0,0,38
2,4024,785.368969,1.14813160896301,9.66422521742061E-06,0,0,0,0,0,38
2,4025,785.588969,1.14628911018372,9.37062486627838E-06,0,0,0,0,0,38
2,4026,785.808969,1.14392292499542,9.19295507628703E-06,0,0,0,0,0,38
2,4027,786.028969,1.14175069332123,8.88772228790913E-06,0,0,0,0,0,38
2,4028,786.248969,1.13971424102783,8.68888855620753E-06,0,0,0,0,0,38
2,4029,786.468969,1.13728988170624,8.52219000080368E-06,0,0,0,0,0,38
2,4030,786.688969,1.13494312763214,8.33339345263084E-06,0,0,0,0,0,38
2,4031,786.908969,1.13296496868134,8.14763188827783E-06,0,0,0,0,0,38
2,4032,787.128969,1.13059878349304,8.02586509962566E-06,0,0,0,0,0,38
2,4033,787.348969,1.12867867946625,7.84068743087118E-06,0,0,0,0,0,38
2,4034,787.568969,1.12625432014465,7.59275872042053E-06,0,0,0,0,0,38
2,4035,787.788969,1.12402391433716,7.59423710405827E-06,0,0,0,0,0,38
2,4036,788.008969,1.12171602249146,7.43282862458727E-06,0,0,0,0,0,38
2,4037,788.228969,1.11964070796967,7.18112642061897E-06,0,0,0,0,0,38
2,4038,788.448969,1.11762368679047,7.06935816197074E-06,0,0,0,0,0,38
2,4039,788.668969,1.11518001556396,6.99120209901594E-06,0,0,0,0,0,38
2,4040,788.888969,1.11329865455627,6.78746710036648E-06,0,0,0,0,0,38
2,4041,789.108969,1.11102950572968,6.76902709528804E-06,0,0,0,0,0,38
2,4042,789.328969,1.10893487930298,6.52475546303322E-06,0,0,0,0,0,38
2,4043,789.548969,1.10668504238129,6.53206916467752E-06,0,0,0,0,0,38
2,4044,789.768969,1.10428011417389,6.29351643510745E-06,0,0,0,0,0,38
2,4045,789.988969,1.10189461708069,6.1656032812607E-06,0,0,0,0,0,38
2,4046,790.208969,1.10003268718719,6.14191139902687E-06,0,0,0,0,0,38
2,4047,790.428969,1.0978798866272,6.08258415013552E-06,0,0,0,0,0,38
2,4048,790.648969,1.09543609619141,5.95848405282595E-06,0,0,0,0,0,38
2,4049,790.868969,1.09334146976471,5.7987872423837E-06,0,0,0,0,0,38
2,4050,791.088969,1.09105288982391,5.73004581383429E-06,0,0,0,0,0,38
2,4051,791.308969,1.08876430988312,5.6862409110181E-06,0,0,0,0,0,38
2,4052,791.528969,1.08680546283722,5.5547097872477E-06,0,0,0,0,0,38
2,4053,791.748969,1.08441996574402,5.50596450921148E-06,0,0,0,0,0,38
2,4054,791.968969,1.08232533931732,5.34362243342912E-06,0,0,0,0,0,38
2,4055,792.188969,1.08025002479553,5.297289135342E-06,0,0,0,0,0,38
2,4056,792.408969,1.07790327072144,5.19462400916382E-06,0,0,0,0,0,38
2,4057,792.628969,1.07561469078064,5.22096115673776E-06,0,0,0,0,0,38
2,4058,792.848969,1.07381105422974,5.07795402882039E-06,0,0,0,0,0,38
2,4059,793.068969,1.07125091552734,4.99112275065272E-06,0,0,0,0,0,38
2,4060,793.288969,1.06917572021484,4.95256972499192E-06,0,0,0,0,0,38
2,4061,793.508969,1.06710040569305,4.8937486099021E-06,0,0,0,0,0,38
2,4062,793.728969,1.06479251384735,4.8550400606473E-06,0,0,0,0,0,38
2,4063,793.948969,1.06289184093475,4.73910904474906E-06,0,0,0,0,0,38
2,4064,794.168969,1.06042873859406,4.70047825729125E-06,0,0,0,0,0,38
2,4065,794.388969,1.05846977233887,4.57875103165861E-06,0,0,0,0,0,38
2,4066,794.608969,1.05585157871246,4.52693211627775E-06,0,0,0,0,0,38
2,4067,794.828969,1.05395078659058,4.5349074753176E-06,0,0,0,0,0,38
2,4068,795.048969,1.05181741714478,4.50969810117385E-06,0,0,0,0,0,38
2,4069,795.268969,1.04943192005157,4.31335502071306E-06,0,0,0,0,0,38
2,4070,795.488969,1.04706573486328,4.29977808380499E-06,0,0,0,0,0,38
2,4071,795.708969,1.04499053955078,4.20302603743039E-06,0,0,0,0,0,38
2,4072,795.928969,1.04295408725739,4.16435659644776E-06,0,0,0,0,0,38
2,4073,796.148969,1.04058790206909,4.12619283451932E-06,0,0,0,0,0,38
2,4074,796.368969,1.0382604598999,4.14031455875374E-06,0,0,0,0,0,38
2,4075,796.588969,1.0358362197876,4.06807157560252E-06,0,0,0,0,0,38
2,4076,796.808969,1.03381907939911,4.0288964555657E-06,0,0,0,0,0,38
2,4077,797.028969,1.03162753582001,3.95311371903517E-06,0,0,0,0,0,38
2,4078,797.248969,1.02955234050751,3.93195023207227E-06,0,0,0,0,0,38
2,4079,797.468969,1.02728307247162,3.92700940210489E-06,0,0,0,0,0,38
2,4080,797.688969,1.02505266666412,3.86916099159862E-06,0,0,0,0,0,38
2,4081,797.908969,1.02305507659912,3.81812014893512E-06,0,0,0,0,0,38
2,4082,798.128969,1.02070832252502,3.76606794816325E-06,0,0,0,0,0,38
2,4083,798.348969,1.01853609085083,3.70818042938481E-06,0,0,0,0,0,38
2,4084,798.568969,1.01642203330994,3.69308600056684E-06,0,0,0,0,0,38
2,4085,798.788969,1.01393949985504,3.6181199902785E-06,0,0,0,0,0,38
2,4086,799.008969,1.01215517520905,3.55568067789136E-06,0,0,0,0,0,38
2,4087,799.228969,1.00986671447754,3.50580717167759E-06,0,0,0,0,0,38
2,4088,799.448969,1.00761687755585,3.45453304362309E-06,0,0,0,0,0,38
2,4089,799.668969,1.00542521476746,3.40987230629253E-06,0,0,0,0,0,38
2,4090,799.888969,1.00288450717926,3.36715697812906E-06,0,0,0,0,0,38
2,4091,800.108969,1.00071239471436,3.24422353514819E-06,0,0,0,0,0,38
2,4092,800.328969,0.99873411655426,3.27997531712754E-06,0,0,0,0,0,38
2,4093,800.548969,0.996581256389618,3.28320425069251E-06,0,0,0,0,0,38
2,4094,800.768969,0.994253933429718,3.19361083711556E-06,0,0,0,0,0,38
2,4095,800.988969,0.992236852645874,3.20041885970568E-06,0,0,0,0,0,38
2,4096,801.208969,0.989637970924377,3.06095171254128E-06,0,0,0,0,0,38
2,4097,801.428969,0.987873017787933,3.07853588310536E-06,0,0,0,0,0,38
2,4098,801.648969,0.985642671585083,2.95007816930593E-06,0,0,0,0,0,38
2,4099,801.868969,0.983257114887238,2.98127838505025E-06,0,0,0,0,0,38
2,4100,802.088969,0.981046080589294,2.93622883873468E-06,0,0,0,0,0,38
2,4101,802.308969,0.979048430919647,2.96143798550474E-06,0,0,0,0,0,38
2,4102,802.528969,0.976934432983398,2.76065975413076E-06,0,0,0,0,0,38
2,4103,802.748969,0.974316120147705,2.76999639936548E-06,0,0,0,0,0,38
2,4104,802.968969,0.972182750701904,2.72984857474512E-06,0,0,0,0,0,38
2,4105,803.188969,0.970301449298859,2.73082105195499E-06,0,0,0,0,0,38
2,4106,803.408969,0.967683136463165,2.66768165602116E-06,0,0,0,0,0,38
2,4107,803.628969,0.965433359146118,2.53408870776184E-06,0,0,0,0,0,38
2,4108,803.848969,0.963338732719421,2.49713093580795E-06,0,0,0,0,0,38
2,4109,804.068969,0.961360454559326,2.47040452450165E-06,0,0,0,0,0,38
2,4110,804.288969,0.959110677242279,2.38186134993157E-06,0,0,0,0,0,38
2,4111,804.508969,0.956860899925232,2.39123710343847E-06,0,0,0,0,0,38
2,4112,804.728969,0.954727470874786,2.32109505304834E-06,0,0,0,0,0,38
2,4113,804.948969,0.95263284444809,2.25488201976987E-06,0,0,0,0,0,38
2,4114,805.168969,0.950247287750244,2.32545221479086E-06,0,0,0,0,0,38
2,4115,805.388969,0.948230266571045,2.13315479413723E-06,0,0,0,0,0,38
2,4116,805.608969,0.94599986076355,2.12957570511207E-06,0,0,0,0,0,38
2,4117,805.828969,0.943575501441956,2.07320522349619E-06,0,0,0,0,0,38
2,4118,806.048969,0.94134509563446,2.10016492019349E-06,0,0,0,0,0,38
2,4119,806.268969,0.93911474943161,2.04546745408152E-06,0,0,0,0,0,38
2,4120,806.488969,0.937097668647766,1.92961442735395E-06,0,0,0,0,0,38
2,4121,806.708969,0.935080647468567,1.88596527550544E-06,0,0,0,0,0,38
2,4122,806.928969,0.93298602104187,1.79870585270692E-06,0,0,0,0,0,38
2,4123,807.148969,0.930387139320374,1.77279650870332E-06,0,0,0,0,0,38
2,4124,807.368969,0.92842823266983,1.69335669397697E-06,0,0,0,0,0,38
2,4125,807.588969,0.926023304462433,1.67736754974612E-06,0,0,0,0,0,38
2,4126,807.808969,0.923792898654938,1.5728352309452E-06,0,0,0,0,0,38
2,4127,808.028969,0.921834051609039,1.56517137384071E-06,0,0,0,0,0,38
2,4128,808.248969,0.919487297534943,1.49518496073142E-06,0,0,0,0,0,38
2,4129,808.468969,0.917159914970398,1.41652310503559E-06,0,0,0,0,0,38
2,4130,808.688969,0.915123462677002,1.35202196815953E-06,0,0,0,0,0,38
2,4131,808.908969,0.912834882736206,1.35949130708468E-06,0,0,0,0,0,38
2,4132,809.128969,0.910410523414612,1.3188376897233E-06,0,0,0,0,0,38
2,4133,809.348969,0.90847110748291,1.21453888368706E-06,0,0,0,0,0,38
2,4134,809.568969,0.906357049942017,1.18057653253345E-06,0,0,0,0,0,38
2,4135,809.788969,0.90401029586792,1.1768808008128E-06,0,0,0,0,0,38
2,4136,810.008969,0.901682913303375,1.07319112885307E-06,0,0,0,0,0,38
2,4137,810.228969,0.899374961853027,1.04076809748221E-06,0,0,0,0,0,38
2,4138,810.448969,0.897435486316681,9.83898416961893E-07,0,0,0,0,0,38
2,4139,810.668969,0.895418465137482,9.56026156018197E-07,0,0,0,0,0,38
2,4140,810.888969,0.893032908439636,8.82020344761258E-07,0,0,0,0,0,38
2,4141,811.108969,0.890918850898743,8.73600242812245E-07,0,0,0,0,0,38
2,4142,811.328969,0.888901829719543,8.35762364204129E-07,0,0,0,0,0,38
2,4143,811.548969,0.886749029159546,7.93739786786318E-07,0,0,0,0,0,38
2,4144,811.768969,0.884208261966705,7.27546876078122E-07,0,0,0,0,0,38
2,4145,811.988969,0.882210612297058,6.86789405790478E-07,0,0,0,0,0,38
2,4146,812.208969,0.880019009113312,6.63646801513096E-07,0,0,0,0,0,38
2,4147,812.428969,0.877808034420013,6.32558965207863E-07,0,0,0,0,0,38
2,4148,812.648969,0.875480651855469,5.91879370404058E-07,0,0,0,0,0,38
2,4149,812.868969,0.873599410057068,5.6649065527381E-07,0,0,0,0,0,38
2,4150,813.088969,0.871252596378326,5.21618517268507E-07,0,0,0,0,0,38
2,4151,813.308969,0.869080424308777,4.97097857987683E-07,0,0,0,0,0,38
2,4152,813.528969,0.866500914096832,4.79198831726535E-07,0,0,0,0,0,38
2,4153,813.748969,0.864600241184235,4.43054318566283E-07,0,0,0,0,0,38
2,4154,813.968969,0.862078905105591,4.17883569525657E-07,0,0,0,0,0,38
2,4155,814.188969,0.859945476055145,3.95410495457327E-07,0,0,0,0,0,38
2,4156,814.408969,0.857753872871399,3.63851711426832E-07,0,0,0,0,0,38
2,4157,814.628969,0.855814456939697,3.49109711805795E-07,0,0,0,0,0,38
2,4158,814.848969,0.853196144104004,3.2668728522367E-07,0,0,0,0,0,38
2,4159,815.068969,0.851508796215057,3.07807255239823E-07,0,0,0,0,0,38
2,4160,815.288969,0.848793566226959,2.73889440904895E-07,0,0,0,0,0,38
2,4161,815.508969,0.846854090690613,2.5950558324439E-07,0,0,0,0,0,38
2,4162,815.728969,0.84464305639267,2.54962714052454E-07,0,0,0,0,0,38
2,4163,815.948969,0.84231573343277,2.36382447837968E-07,0,0,0,0,0,38
2,4164,816.168969,0.840318024158478,2.25809642984132E-07,0,0,0,0,0,38
2,4165,816.388969,0.838242828845978,2.25077798177153E-07,0,0,0,0,0,38
2,4166,816.608969,0.835702121257782,2.06703845151424E-07,0,0,0,0,0,38
2,4167,816.828969,0.833840191364288,1.84912039458141E-07,0,0,0,0,0,38
2,4168,817.048969,0.831687390804291,1.57401714773187E-07,0,0,0,0,0,38
2,4169,817.268969,0.829418241977692,1.45139452456533E-07,0,0,0,0,0,38
2,4170,817.488969,0.826799929141998,1.68597367178336E-07,0,0,0,0,0,38
2,4171,817.708969,0.824938058853149,1.29467096599001E-07,0,0,0,0,0,38
2,4172,817.928969,0.822649478912354,1.15503674180673E-07,0,0,0,0,0,38
2,4173,818.148969,0.820651829242706,1.15141645551375E-07,0,0,0,0,0,38
2,4174,818.368969,0.818111121654511,1.06663158305764E-07,0,0,0,0,0,38
2,4175,818.588969,0.816326797008514,1.18563399098548E-07,0,0,0,0,0,38
2,4176,818.808969,0.813844263553619,9.08039510250092E-08,0,0,0,0,0,38
2,4177,819.028969,0.812118113040924,8.47818100169206E-08,0,0,0,0,0,38
2,4178,819.248969,0.809267103672028,7.80433992986218E-08,0,0,0,0,0,38
2,4179,819.468969,0.80726945400238,7.89387399890984E-08,0,0,0,0,0,38
2,4180,819.688969,0.805465757846832,6.28615381970121E-08,0,0,0,0,0,38
2,4181,819.908969,0.802769899368286,5.22614804765453E-08,0,0,0,0,0,38
2,4182,820.128969,0.800558865070343,3.86756582315684E-08,0,0,0,0,0,38
2,4183,820.348969,0.798658192157745,3.26613047718638E-08,0,0,0,0,0,38
2,4184,820.568969,0.796369612216949,5.19889837846677E-08,0,0,0,0,0,38
2,4185,820.788969,0.794294416904449,5.09573965246091E-08,0,0,0,0,0,38
2,4186,821.008969,0.792122185230255,4.69984335893514E-08,0,0,0,0,0,38
2,4187,821.228969,0.789659023284912,1.3057238845704E-08,0,0,0,0,0,38
2,4188,821.448969,0.787661373615265,4.82399808987566E-09,0,0,0,0,0,38
2,4189,821.668969,0.785120666027069,3.06720941978256E-08,0,0,0,0,0,38
2,4190,821.888969,0.782482981681824,2.22169624919388E-08,0,0,0,0,0,38
2,4191,822.108969,0.781028389930725,5.84780091017478E-09,0,0,0,0,0,38
2,4192,822.328969,0.778681635856628,9.12552611254114E-09,0,0,0,0,0,38
2,4193,822.548969,0.776373684406281,1.55291584036377E-08,0,0,0,0,0,38
2,4194,822.768969,0.774569988250732,1.42795739677126E-08,0,0,0,0,0,38
2,4195,822.988969,0.772378385066986,1.50734502657457E-09,0,0,0,0,0,38
2,4196,823.208969,0.770031571388245,7.96158339255726E-09,0,0,0,0,0,38
2,4197,823.428969,0.767529666423798,-2.66961364125962E-09,0,0,0,0,0,38
2,4198,823.648969,0.765745341777802,2.09904849057807E-09,0,0,0,0,0,38
2,4199,823.868969,0.763514995574951,9.84958425931382E-09,0,0,0,0,0,38
2,4200,824.088969,0.761284589767456,4.73057149008582E-09,0,0,0,0,0,38
2,4201,824.308969,0.75874388217926,1.07449249497904E-08,0,0,0,0,0,38
2,4202,824.528969,0.756785035133362,6.02686878181657E-09,0,0,0,0,0,38
2,4203,824.748969,0.754360675811768,8.56496473744528E-09,0,0,0,0,0,38
2,4204,824.968969,0.752421200275421,-3.26156823771129E-10,0,0,0,0,0,38
2,4205,825.188969,0.750171422958374,-1.22614363107232E-08,0,0,0,0,0,38
2,4206,825.408969,0.747882843017578,8.68174865331639E-09,0,0,0,0,0,38
2,4207,825.628969,0.746040344238281,-5.55806023427863E-09,0,0,0,0,0,38
2,4208,825.848969,0.743615984916687,-7.42659711505667E-09,0,0,0,0,0,38
2,4209,826.068969,0.741482555866241,-6.03687277944687E-09,0,0,0,0,0,38
2,4210,826.288969,0.739116430282593,-7.32538474323974E-09,0,0,0,0,0,38
2,4211,826.508969,0.736944198608398,-1.83770030304231E-08,0,0,0,0,0,38
2,4212,826.728969,0.734927177429199,-6.09915762339597E-09,0,0,0,0,0,38
2,4213,826.948969,0.732425272464752,9.34352240022918E-09,0,0,0,0,0,38
2,4214,827.168969,0.730543971061707,-6.25876150905924E-09,0,0,0,0,0,38
2,4215,827.388969,0.728139042854309,-1.60802589022069E-08,0,0,0,0,0,38
2,4216,827.608969,0.725695252418518,8.09393796430413E-09,0,0,0,0,0,38
2,4217,827.828969,0.723814010620117,-1.88441369175507E-08,0,0,0,0,0,38
2,4218,828.048969,0.721602976322174,-6.41447295279818E-09,0,0,0,0,0,38
2,4219,828.268969,0.719372630119324,-1.22809007407909E-08,0,0,0,0,0,38
2,4220,828.488969,0.717084050178528,1.09278852633565E-08,0,0,0,0,0,38
2,4221,828.708969,0.714950621128082,-2.5831687011646E-08,0,0,0,0,0,38
2,4222,828.928969,0.712332308292389,-1.37484805762256E-08,0,0,0,0,0,38
2,4223,829.148969,0.710547983646393,1.59298629842652E-09,0,0,0,0,0,38
2,4224,829.368969,0.708530962467194,-5.49188294840519E-09,0,0,0,0,0,38
2,4225,829.588969,0.706184208393097,-1.63838969058361E-08,0,0,0,0,0,38
2,4226,829.808969,0.703701674938202,-1.13505249643708E-08,0,0,0,0,0,38
2,4227,830.028969,0.701820373535156,-2.67270277021225E-08,0,0,0,0,0,38
2,4228,830.248969,0.699570596218109,-2.2565640023231E-08,0,0,0,0,0,38
2,4229,830.468969,0.697243213653564,-1.40170826057329E-08,0,0,0,0,0,38
2,4230,830.688969,0.695381343364716,-5.93566040762994E-09,0,0,0,0,0,38
2,4231,830.908969,0.69324791431427,-2.3916436830973E-08,0,0,0,0,0,38
2,4232,831.128969,0.690396904945374,-1.61892579342293E-08,0,0,0,0,0,38
2,4233,831.348969,0.688476800918579,-1.49007455263472E-08,0,0,0,0,0,38
2,4234,831.568969,0.686498582363129,-4.37774261285995E-08,0,0,0,0,0,38
2,4235,831.788969,0.684132397174835,-2.7462762730579E-08,0,0,0,0,0,38
2,4236,832.008969,0.681863248348236,-1.34137012608448E-08,0,0,0,0,0,38
2,4237,832.228969,0.679749190807343,-4.19945322960302E-08,0,0,0,0,0,38
2,4238,832.448969,0.677770912647247,-3.61242094015779E-08,0,0,0,0,0,38
2,4239,832.668969,0.6752690076828,-3.00787164064786E-08,0,0,0,0,0,38
2,4240,832.888969,0.673387706279755,-1.58661563887108E-08,0,0,0,0,0,38
2,4241,833.108969,0.671099126338959,-3.93357595385169E-08,0,0,0,0,0,38
2,4242,833.328969,0.668926954269409,-2.334808968385E-08,0,0,0,0,0,38
2,4243,833.548969,0.666599571704865,-4.09045526339469E-08,0,0,0,0,0,38
2,4244,833.768969,0.664155840873718,-3.05147089818547E-08,0,0,0,0,0,38
2,4245,833.988969,0.661964237689972,-4.96049281650812E-08,0,0,0,0,0,38
2,4246,834.208969,0.659830808639526,-4.6525734376246E-08,0,0,0,0,0,38
2,4247,834.428969,0.657852590084076,-4.29638333798721E-08,0,0,0,0,0,38
2,4248,834.648969,0.65566098690033,-1.93385201185947E-08,0,0,0,0,0,38
2,4249,834.868969,0.653042674064636,-3.54585445450084E-08,0,0,0,0,0,38
2,4250,835.088969,0.65110319852829,-4.31156550462219E-08,0,0,0,0,0,38
2,4251,835.308969,0.648775815963745,-1.9151666919015E-08,0,0,0,0,0,38
2,4252,835.528969,0.646739363670349,-3.58088954044433E-08,0,0,0,0,0,38
2,4253,835.748969,0.644334435462952,-2.15068016728992E-08,0,0,0,0,0,38
2,4254,835.968969,0.642065286636353,-2.55825476358496E-08,0,0,0,0,0,38
2,4255,836.188969,0.639951229095459,-1.47063572430994E-09,0,0,0,0,0,38
2,4256,836.408969,0.637953579425812,-4.12704714847223E-08,0,0,0,0,0,38
2,4257,836.628969,0.635761976242065,-4.9153364045651E-08,0,0,0,0,0,38
2,4258,836.848969,0.63327944278717,-2.41500028863584E-08,0,0,0,0,0,38
2,4259,837.068969,0.631165444850922,-1.97239060639731E-08,0,0,0,0,0,38
2,4260,837.288969,0.628973841667175,-3.46293802522268E-08,0,0,0,0,0,38
2,4261,837.508969,0.626549482345581,-1.21757954829604E-08,0,0,0,0,0,38
2,4262,837.728969,0.624474287033081,-2.46366020917321E-08,0,0,0,0,0,38
2,4263,837.948969,0.622554183006287,-2.35505144274839E-08,0,0,0,0,0,38
2,4264,838.168969,0.62045955657959,-2.76924385644861E-08,0,0,0,0,0,38
2,4265,838.388969,0.618015825748444,-3.51081936855735E-08,0,0,0,0,0,38
2,4266,838.608969,0.615863025188446,-4.32986126952528E-08,0,0,0,0,0,38
2,4267,838.828969,0.613748967647552,-3.68563068953165E-09,0,0,0,0,0,38
2,4268,839.048969,0.611479818820953,-3.23676729863109E-08,0,0,0,0,0,38
2,4269,839.268969,0.609482169151306,-2.86111347946871E-08,0,0,0,0,0,38
2,4270,839.488969,0.60729056596756,-4.33414335532234E-08,0,0,0,0,0,38
2,4271,839.708969,0.604924380779266,-2.69372382177835E-08,0,0,0,0,0,38
2,4272,839.928969,0.60282975435257,-2.97945419447387E-08,0,0,0,0,0,38
2,4273,840.148969,0.600618779659271,-3.70584807285468E-08,0,0,0,0,0,38
2,4274,840.368969,0.598368942737579,-1.47333549804785E-08,0,0,0,0,0,38
2,4275,840.588969,0.596177339553833,-5.0138236673547E-08,0,0,0,0,0,38
2,4276,840.808969,0.594102144241333,-4.03089543965507E-08,0,0,0,0,0,38
2,4277,841.028969,0.591832935810089,-1.9720014066138E-08,0,0,0,0,0,38
2,4278,841.248969,0.589292228221893,-4.47233752254306E-08,0,0,0,0,0,38
2,4279,841.468969,0.587333381175995,-5.86751163211829E-08,0,0,0,0,0,38
2,4280,841.688969,0.585238754749298,-4.03634530243835E-08,0,0,0,0,0,38
2,4281,841.908969,0.583008348941803,-2.20206501921894E-08,0,0,0,0,0,38
2,4282,842.128969,0.580816745758057,-3.60229996942962E-08,0,0,0,0,0,38
2,4283,842.348969,0.578547596931458,-5.25206225177044E-08,0,0,0,0,0,38
2,4284,842.568969,0.576317191123962,-4.42289902480297E-08,0,0,0,0,0,38
2,4285,842.788969,0.574144959449768,-3.88725176492244E-08,0,0,0,0,0,38
2,4286,843.008969,0.571992158889771,-5.34315347522352E-08,0,0,0,0,0,38
2,4287,843.228969,0.569781184196472,-5.40738440690802E-08,0,0,0,0,0,38
2,4288,843.448969,0.567337453365326,-5.6113663049473E-08,0,0,0,0,0,38
2,4289,843.668969,0.565533697605133,-6.87963606083031E-08,0,0,0,0,0,38
2,4290,843.888969,0.563225746154785,-6.09407209140045E-08,0,0,0,0,0,38
2,4291,844.108969,0.560782015323639,-6.897153070895E-08,0,0,0,0,0,38
2,4292,844.328969,0.558512806892395,-5.01693797616554E-08,0,0,0,0,0,38
2,4293,844.548969,0.556612133979797,-5.01187749080145E-08,0,0,0,0,0,38
2,4294,844.768969,0.55436235666275,-3.06392777815745E-08,0,0,0,0,0,38
2,4295,844.988969,0.552015602588654,-4.7312077811057E-08,0,0,0,0,0,38
2,4296,845.208969,0.550037324428558,-6.19606268514872E-08,0,0,0,0,0,38
2,4297,845.428969,0.54757422208786,-4.03868121168216E-08,0,0,0,0,0,38
2,4298,845.648969,0.545576572418213,-6.39420534298552E-08,0,0,0,0,0,38
2,4299,845.868969,0.543171584606171,-6.50904254939633E-08,0,0,0,0,0,38
2,4300,846.088969,0.540979981422424,-5.6113663049473E-08,0,0,0,0,0,38
2,4301,846.308969,0.538904786109924,-5.27191552635031E-08,0,0,0,0,0,38
2,4302,846.528969,0.53698468208313,-5.03134138796213E-08,0,0,0,0,0,38
2,4303,846.748969,0.534482777118683,-3.84170597556022E-08,0,0,0,0,0,38
2,4304,846.968969,0.532465755939484,-5.57516344201758E-08,0,0,0,0,0,38
2,4305,847.188969,0.529983222484589,-5.94887090699103E-08,0,0,0,0,0,38
2,4306,847.408969,0.527927339076996,-6.40549444597127E-08,0,0,0,0,0,38
2,4307,847.628969,0.525658190250397,-6.18282740560971E-08,0,0,0,0,0,38
2,4308,847.848969,0.523757517337799,-7.55542330921344E-08,0,0,0,0,0,38
2,4309,848.068969,0.521371960639954,-3.60619267780748E-08,0,0,0,0,0,38
2,4310,848.288969,0.519471287727356,-5.64367645949915E-08,0,0,0,0,0,38
2,4311,848.508969,0.517046928405762,-3.75450781575637E-08,0,0,0,0,0,38
2,4312,848.728969,0.514603197574615,-7.32964196004104E-08,0,0,0,0,0,38
2,4313,848.948969,0.512411594390869,-5.65340840807949E-08,0,0,0,0,0,38
2,4314,849.168969,0.510472118854523,-4.56848923136022E-08,0,0,0,0,0,38
2,4315,849.388969,0.508455097675323,-3.21963895544286E-08,0,0,0,0,0,38
2,4316,849.608969,0.506147086620331,-6.73949571705634E-08,0,0,0,0,0,38
2,4317,849.828969,0.503567576408386,-7.31251361685281E-08,0,0,0,0,0,38
2,4318,850.048969,0.501395404338837,-4.46416237309677E-08,0,0,0,0,0,38
2,4319,850.268969,0.499475300312042,-4.83786983807022E-08,0,0,0,0,0,38
2,4320,850.488969,0.49730309844017,-7.40282644073886E-08,0,0,0,0,0,38
2,4321,850.708969,0.494956344366074,-6.18126989593293E-08,0,0,0,0,0,38
2,4322,850.928969,0.492842316627502,-8.13038809610589E-08,0,0,0,0,0,38
2,4323,851.148969,0.490495562553406,-6.78971261436345E-08,0,0,0,0,0,38
2,4324,851.368969,0.488517314195633,-7.10424927774511E-08,0,0,0,0,0,38
2,4325,851.588969,0.485860228538513,-6.79243754575509E-08,0,0,0,0,0,38
2,4326,851.808969,0.483823776245117,-9.92379369790797E-08,0,0,0,0,0,38
2,4327,852.028969,0.481903702020645,-7.21675093018348E-08,0,0,0,0,0,38
2,4328,852.248969,0.479556947946548,-8.74739427558779E-08,0,0,0,0,0,38
2,4329,852.468969,0.477423518896103,-8.69445244688904E-08,0,0,0,0,0,38
2,4330,852.688969,0.474708259105682,-6.7511741974613E-08,0,0,0,0,0,38
2,4331,852.908969,0.473098516464233,-7.95326613456382E-08,0,0,0,0,0,38
2,4332,853.128969,0.471042662858963,-1.03002264495444E-07,0,0,0,0,0,38
2,4333,853.348969,0.468385577201843,-9.56877173052817E-08,0,0,0,0,0,38
2,4334,853.568969,0.466038823127747,-9.56449000000248E-08,0,0,0,0,0,38
2,4335,853.788969,0.463963598012924,-9.19973572877097E-08,0,0,0,0,0,38
2,4336,854.008969,0.462004721164703,-9.46483424968392E-08,0,0,0,0,0,38
2,4337,854.228969,0.459444612264633,-1.06221598628053E-07,0,0,0,0,0,38
2,4338,854.448969,0.457505136728287,-8.91089158017166E-08,0,0,0,0,0,38
2,4339,854.668969,0.455604463815689,-1.03745783519571E-07,0,0,0,0,0,38
2,4340,854.888969,0.453257709741592,-1.21726557722468E-07,0,0,0,0,0,38
2,4341,855.108969,0.45118248462677,-1.08183563440889E-07,0,0,0,0,0,38
2,4342,855.328969,0.448719352483749,-1.10063773206548E-07,0,0,0,0,0,38
2,4343,855.548969,0.446721702814102,-1.22555718462536E-07,0,0,0,0,0,38
2,4344,855.768969,0.444646447896957,-1.29749594179884E-07,0,0,0,0,0,38
2,4345,855.988969,0.442319095134735,-1.43261445373355E-07,0,0,0,0,0,38
2,4346,856.208969,0.439817160367966,-1.23497784443316E-07,0,0,0,0,0,38
2,4347,856.428969,0.437586784362793,-1.21742132819236E-07,0,0,0,0,0,38
2,4348,856.648969,0.436035186052322,-1.40851810215281E-07,0,0,0,0,0,38
2,4349,856.868969,0.433436304330826,-1.35697760583753E-07,0,0,0,0,0,38
2,4350,857.088969,0.431225299835205,-1.60448095698484E-07,0,0,0,0,0,38
2,4351,857.308969,0.428994923830032,-1.41311161883095E-07,0,0,0,0,0,38
2,4352,857.528969,0.426706343889236,-1.56734373035761E-07,0,0,0,0,0,38
2,4353,857.748969,0.424650490283966,-1.63620711646217E-07,0,0,0,0,0,38
2,4354,857.968969,0.422439515590668,-1.69755750789591E-07,0,0,0,0,0,38
2,4355,858.188969,0.419840604066849,-1.738237074278E-07,0,0,0,0,0,38
2,4356,858.408969,0.418036907911301,-1.55687217784362E-07,0,0,0,0,0,38
2,4357,858.628969,0.41572892665863,-1.72605268744519E-07,0,0,0,0,0,38
2,4358,858.848969,0.413711875677109,-1.75816808223317E-07,0,0,0,0,0,38
2,4359,859.068969,0.411694824695587,-1.72177053059386E-07,0,0,0,0,0,38
2,4360,859.288969,0.409212321043015,-1.78876547352047E-07,0,0,0,0,0,38
2,4361,859.508969,0.407001316547394,-1.88698038527946E-07,0,0,0,0,0,38
2,4362,859.728969,0.404538184404373,-1.98865990341801E-07,0,0,0,0,0,38
2,4363,859.948969,0.402036249637604,-2.0307020065502E-07,0,0,0,0,0,38
2,4364,860.168969,0.400329530239105,-2.18575166854862E-07,0,0,0,0,0,38
2,4365,860.388969,0.398137927055359,-2.23184230208062E-07,0,0,0,0,0,38
2,4366,860.608969,0.395946323871613,-2.24803628157133E-07,0,0,0,0,0,38
2,4367,860.828969,0.393929272890091,-2.1010058048887E-07,0,0,0,0,0,38
2,4368,861.048969,0.391330391168594,-2.37505787481496E-07,0,0,0,0,0,38
2,4369,861.268969,0.389526665210724,-2.48133090963165E-07,0,0,0,0,0,38
2,4370,861.488969,0.387393265962601,-2.38957795772876E-07,0,0,0,0,0,38
2,4371,861.708969,0.384794354438782,-2.31736677847039E-07,0,0,0,0,0,38
2,4372,861.928969,0.382796704769135,-2.55389238645876E-07,0,0,0,0,0,38
2,4373,862.148969,0.380527526140213,-2.7320263029651E-07,0,0,0,0,0,38
2,4374,862.368969,0.378374695777893,-2.58865497926308E-07,0,0,0,0,0,38
2,4375,862.588969,0.376474022865295,-2.72385136668163E-07,0,0,0,0,0,38
2,4376,862.808969,0.374243646860123,-2.56436408108129E-07,0,0,0,0,0,38
2,4377,863.028969,0.371819287538528,-2.83864977745907E-07,0,0,0,0,0,38
2,4378,863.248969,0.36995741724968,-2.73436199904609E-07,0,0,0,0,0,38
2,4379,863.468969,0.367416709661484,-2.8932265649928E-07,0,0,0,0,0,38
2,4380,863.688969,0.365263879299164,-3.01226776855401E-07,0,0,0,0,0,38
2,4381,863.908969,0.362897723913193,-3.1781394227437E-07,0,0,0,0,0,38
2,4382,864.128969,0.360977649688721,-3.20052294000561E-07,0,0,0,0,0,38
2,4383,864.348969,0.358689069747925,-3.26880240208993E-07,0,0,0,0,0,38
2,4384,864.568969,0.356478065252304,-3.42712212386687E-07,0,0,0,0,0,38
2,4385,864.788969,0.354305863380432,-3.32976355821302E-07,0,0,0,0,0,38
2,4386,865.008969,0.351823329925537,-3.61884161748094E-07,0,0,0,0,0,38
2,4387,865.228969,0.349631726741791,-3.70397685856005E-07,0,0,0,0,0,38
2,4388,865.448969,0.347711652517319,-3.63624252486261E-07,0,0,0,0,0,38
2,4389,865.668969,0.345267921686172,-3.74757604504339E-07,0,0,0,0,0,38
2,4390,865.888969,0.343425422906876,-3.94209848764149E-07,0,0,0,0,0,38
2,4391,866.108969,0.341098070144653,-4.10902117664591E-07,0,0,0,0,0,38
2,4392,866.328969,0.339022845029831,-4.2625526930351E-07,0,0,0,0,0,38
2,4393,866.548969,0.33665668964386,-4.54952868267355E-07,0,0,0,0,0,38
2,4394,866.768969,0.334445685148239,-4.5945293436489E-07,0,0,0,0,0,38
2,4395,866.988969,0.332292854785919,-4.63384651538945E-07,0,0,0,0,0,38
2,4396,867.208969,0.330140054225922,-4.76989953313023E-07,0,0,0,0,0,38
2,4397,867.428969,0.327832072973251,-4.91393223001069E-07,0,0,0,0,0,38
2,4398,867.648969,0.325698673725128,-5.01082411119569E-07,0,0,0,0,0,38
2,4399,867.868969,0.323390692472458,-5.13784527811367E-07,0,0,0,0,0,38
2,4400,868.088969,0.321567595005035,-5.43657790785801E-07,0,0,0,0,0,38
2,4401,868.308969,0.319007486104965,-5.46118030797516E-07,0,0,0,0,0,38
2,4402,868.528969,0.316641330718994,-5.69042640563566E-07,0,0,0,0,0,38
2,4403,868.748969,0.314546704292297,-5.59707757474825E-07,0,0,0,0,0,38
2,4404,868.968969,0.312122374773026,-5.97362657117628E-07,0,0,0,0,0,38
2,4405,869.188969,0.310357451438904,-6.38489950688381E-07,0,0,0,0,0,38
2,4406,869.408969,0.308010667562485,-6.36835466139019E-07,0,0,0,0,0,38
2,4407,869.628969,0.305819064378738,-6.6311565660726E-07,0,0,0,0,0,38
2,4408,869.848969,0.303724437952042,-6.85035956848878E-07,0,0,0,0,0,38
2,4409,870.068969,0.30145525932312,-6.97909399605123E-07,0,0,0,0,0,38
2,4410,870.288969,0.299477010965347,-7.18973240054765E-07,0,0,0,0,0,38
2,4411,870.508969,0.296742349863052,-7.53903236727638E-07,0,0,0,0,0,38
2,4412,870.728969,0.294744700193405,-7.57406724005705E-07,0,0,0,0,0,38
2,4413,870.948969,0.292805224657059,-7.91838431268843E-07,0,0,0,0,0,38
2,4414,871.168969,0.290439069271088,-7.96482481746352E-07,0,0,0,0,0,38
2,4415,871.388969,0.288189291954041,-8.20792934064229E-07,0,0,0,0,0,38
2,4416,871.608969,0.286249816417694,-8.3101150494258E-07,0,0,0,0,0,38
2,4417,871.828969,0.283883661031723,-8.77359013884416E-07,0,0,0,0,0,38
2,4418,872.048969,0.281498104333878,-9.0303581146145E-07,0,0,0,0,0,38
2,4419,872.268969,0.279519855976105,-9.06204547845846E-07,0,0,0,0,0,38
2,4420,872.488969,0.277270048856735,-9.61240743890812E-07,0,0,0,0,0,38
2,4421,872.708969,0.275059044361115,-9.61170712798776E-07,0,0,0,0,0,38
2,4422,872.928969,0.272789865732193,-1.01699708920933E-06,0,0,0,0,0,38
2,4423,873.148969,0.270540088415146,-1.0290725640516E-06,0,0,0,0,0,38
2,4424,873.368969,0.268600612878799,-1.06559855339583E-06,0,0,0,0,0,38
2,4425,873.588969,0.266234457492828,-1.083353595277E-06,0,0,0,0,0,38
2,4426,873.808969,0.264101058244705,-1.1150368663948E-06,0,0,0,0,0,38
2,4427,874.028969,0.261657297611237,-1.14642443804769E-06,0,0,0,0,0,38
2,4428,874.248969,0.25956267118454,-1.16387968773779E-06,0,0,0,0,0,38
2,4429,874.468969,0.257739573717117,-1.20049139695766E-06,0,0,0,0,0,38
2,4430,874.688969,0.255063116550446,-1.24407495150081E-06,0,0,0,0,0,38
2,4431,874.908969,0.252716332674026,-1.24759014852316E-06,0,0,0,0,0,38
2,4432,875.128969,0.250776886940002,-1.30563932998484E-06,0,0,0,0,0,38
2,4433,875.348969,0.248876199126244,-1.33316916617332E-06,0,0,0,0,0,38
2,4434,875.568969,0.246587619185448,-1.37919744247483E-06,0,0,0,0,0,38
2,4435,875.788969,0.244337826967239,-1.40822987759748E-06,0,0,0,0,0,38
2,4436,876.008969,0.241758331656456,-1.4591357739846E-06,0,0,0,0,0,38
2,4437,876.228969,0.239741280674934,-1.49758875522821E-06,0,0,0,0,0,38
2,4438,876.448969,0.237646654248238,-1.52885172610695E-06,0,0,0,0,0,38
2,4439,876.668969,0.235474437475204,-1.55531870404957E-06,0,0,0,0,0,38
2,4440,876.888969,0.233302235603333,-1.60885622335627E-06,0,0,0,0,0,38
2,4442,877.328969,0.22891902923584,-1.67124460404011E-06,0,0,0,0,0,38
2,4443,877.548969,0.226533487439156,-1.71660542491736E-06,0,0,0,0,0,38
2,4444,877.768969,0.224438846111298,-1.8160025092584E-06,0,0,0,0,0,38
2,4445,877.988969,0.222344219684601,-1.8168584574596E-06,0,0,0,0,0,38
2,4446,878.208969,0.220307782292366,-1.8634641492099E-06,0,0,0,0,0,38
2,4447,878.428969,0.21776707470417,-1.91446588360122E-06,0,0,0,0,0,38
2,4448,878.648969,0.215381518006325,-1.98888733393687E-06,0,0,0,0,0,38
2,4449,878.868969,0.21334508061409,-2.03848867386114E-06,0,0,0,0,0,38
2,4450,879.088969,0.211424991488457,-2.07750827030395E-06,0,0,0,0,0,38
2,4451,879.308969,0.208864897489548,-2.08980168281414E-06,0,0,0,0,0,38
2,4452,879.528969,0.206770271062851,-2.20359288505279E-06,0,0,0,0,0,38
2,4453,879.748969,0.204695031046867,-2.22510607272852E-06,0,0,0,0,0,38
2,4454,879.968969,0.202503427863121,-2.25856274482794E-06,0,0,0,0,0,38
2,4455,880.188969,0.20038940012455,-2.32104093811358E-06,0,0,0,0,0,38
2,4456,880.408969,0.19817841053009,-2.36278378906718E-06,0,0,0,0,0,38
2,4457,880.628969,0.195676490664482,-2.54936253440974E-06,0,0,0,0,0,38
2,4458,880.848969,0.193620651960373,-2.49007439379056E-06,0,0,0,0,0,38
2,4459,881.068969,0.19144843518734,-2.48330525209894E-06,0,0,0,0,0,38
2,4460,881.288969,0.189315021038055,-2.61098466580734E-06,0,0,0,0,0,38
2,4461,881.508969,0.186948865652084,-2.63343167716812E-06,0,0,0,0,0,38
2,4462,881.728969,0.18497060239315,-2.70034479399328E-06,0,0,0,0,0,38
2,4463,881.948969,0.182701423764229,-2.7733267415897E-06,0,0,0,0,0,38
2,4464,882.168969,0.180451631546021,-2.851210638255E-06,0,0,0,0,0,38
2,4465,882.388969,0.178706109523773,-2.88914088741876E-06,0,0,0,0,0,38
2,4466,882.608969,0.176049038767815,-2.94994629257417E-06,0,0,0,0,0,38
2,4467,882.828969,0.173702269792557,-3.08754624711582E-06,0,0,0,0,0,38
2,4468,883.048969,0.171840384602547,-3.18005731969606E-06,0,0,0,0,0,38
2,4469,883.268969,0.169435441493988,-3.20122057928529E-06,0,0,0,0,0,38
2,4470,883.488969,0.167360201478004,-3.22958089782333E-06,0,0,0,0,0,38
2,4471,883.708969,0.164858281612396,-3.42467933478474E-06,0,0,0,0,0,38
2,4472,883.928969,0.163054570555687,-3.39876987709431E-06,0,0,0,0,0,38
2,4473,884.148969,0.160766005516052,-3.49408219335601E-06,0,0,0,0,0,38
2,4474,884.368969,0.158128321170807,-3.67167422155035E-06,0,0,0,0,0,38
2,4475,884.588969,0.156091868877411,-3.67926031685784E-06,0,0,0,0,0,38
2,4476,884.808969,0.154133006930351,-3.75484887626953E-06,0,0,0,0,0,38
2,4477,885.028969,0.151825040578842,-3.87147974834079E-06,0,0,0,0,0,38
2,4478,885.248969,0.149478271603584,-3.87023510484141E-06,0,0,0,0,0,38
2,4479,885.468969,0.147286668419838,-3.96006180380937E-06,0,0,0,0,0,38
2,4480,885.688969,0.144978702068329,-4.06451636081329E-06,0,0,0,0,0,38
2,4481,885.908969,0.143019840121269,-4.16469174524536E-06,0,0,0,0,0,38
2,4482,886.128969,0.140886411070824,-4.30419777330826E-06,0,0,0,0,0,38
2,4483,886.348969,0.138752996921539,-4.42973760073073E-06,0,0,0,0,0,38
2,4484,886.568969,0.136483818292618,-4.46459443992353E-06,0,0,0,0,0,38
2,4485,886.788969,0.134466767311096,-4.54823612017208E-06,0,0,0,0,0,38
2,4486,887.008969,0.132139399647713,-4.54197243016097E-06,0,0,0,0,0,38
2,4487,887.228969,0.129734456539154,-4.73170257464517E-06,0,0,0,0,0,38
2,4488,887.448969,0.127523452043533,-4.73174122816999E-06,0,0,0,0,0,38
2,4489,887.668969,0.125370636582375,-4.82510859001195E-06,0,0,0,0,0,38
2,4490,887.888969,0.123256616294384,-4.96317488796194E-06,0,0,0,0,0,38
2,4491,888.108969,0.120968043804169,-5.10396512254374E-06,0,0,0,0,0,38
2,4492,888.328969,0.11906736344099,-5.18033129992546E-06,0,0,0,0,0,38
2,4493,888.548969,0.116623625159264,-5.24561073689256E-06,0,0,0,0,0,38
2,4494,888.768969,0.114528998732567,-5.31353543919977E-06,0,0,0,0,0,38
2,4495,888.988969,0.11218223720789,-5.49665128346533E-06,0,0,0,0,0,38
2,4496,889.208969,0.109932452440262,-5.59110776521266E-06,0,0,0,0,0,38
2,4497,889.428969,0.107896000146866,-5.64607762498781E-06,0,0,0,0,0,38
2,4498,889.648969,0.1057044044137,-5.76465390622616E-06,0,0,0,0,0,38
2,4499,889.868969,0.103454612195492,-5.78169374421122E-06,0,0,0,0,0,38
2,4500,890.088969,0.101398773491383,-5.89353976465645E-06,0,0,0,0,0,38
2,4501,890.308969,0.0991489887237549,-6.04393835601513E-06,0,0,0,0,0,38
2,4502,890.528969,0.0968022271990776,-6.17084015175351E-06,0,0,0,0,0,38
2,4503,890.748969,0.0946106240153313,-6.32135561318137E-06,0,0,0,0,0,38
2,4504,890.968969,0.0923220440745354,-6.39811105429544E-06,0,0,0,0,0,38
2,4505,891.188969,0.0899946838617325,-6.52493463348947E-06,0,0,0,0,0,38
2,4506,891.408969,0.0880164206027985,-6.57122927805176E-06,0,0,0,0,0,38
2,4507,891.628969,0.0859799757599831,-6.7243513512949E-06,0,0,0,0,0,38
2,4508,891.848969,0.0834586620330811,-6.74329703542753E-06,0,0,0,0,0,38
2,4509,892.068969,0.0814416110515594,-6.92691901349463E-06,0,0,0,0,0,38
2,4510,892.288969,0.0792887955904007,-7.02752231518389E-06,0,0,0,0,0,38
2,4511,892.508969,0.0771747753024101,-7.14547604729887E-06,0,0,0,0,0,38
2,4512,892.728969,0.0748474076390266,-7.2013017415884E-06,0,0,0,0,0,38
2,4513,892.948969,0.0726751983165741,-7.38142261980101E-06,0,0,0,0,0,38
2,4514,893.168969,0.0703478306531906,-7.46498608350521E-06,0,0,0,0,0,38
2,4515,893.388969,0.0681950226426125,-7.54006896386272E-06,0,0,0,0,0,38
2,4516,893.608969,0.0660809949040413,-7.56862391426694E-06,0,0,0,0,0,38
2,4517,893.828969,0.0640251561999321,-7.67152232583612E-06,0,0,0,0,0,38
2,4518,894.048969,0.0616202130913734,-7.81729158916278E-06,0,0,0,0,0,38
2,4519,894.268969,0.0594092160463333,-7.9523233580403E-06,0,0,0,0,0,38
2,4520,894.488969,0.0570236630737782,-8.03269722382538E-06,0,0,0,0,0,38
2,4521,894.708969,0.0549484305083752,-8.130382411764E-06,0,0,0,0,0,38
2,4522,894.928969,0.0526792481541634,-8.2371325333952E-06,0,0,0,0,0,38
2,4523,895.148969,0.0505070388317108,-8.31699981063139E-06,0,0,0,0,0,38
2,4524,895.368969,0.0483348332345486,-8.35551418276737E-06,0,0,0,0,0,38
2,4525,895.588969,0.0464147552847862,-8.51824552228209E-06,0,0,0,0,0,38
2,4526,895.808969,0.0440292060375214,-8.5700639829156E-06,0,0,0,0,0,38
2,4527,896.028969,0.0418569967150688,-8.54291010909947E-06,0,0,0,0,0,38
2,4528,896.248969,0.0398399457335472,-8.79667368280934E-06,0,0,0,0,0,38
2,4529,896.468969,0.0373186320066452,-8.94940694706747E-06,0,0,0,0,0,38
2,4530,896.688969,0.0350882411003113,-8.97827248991234E-06,0,0,0,0,0,38
2,4531,896.908969,0.0331875570118427,-9.04300759430043E-06,0,0,0,0,0,38
2,4532,897.128969,0.0309765618294477,-9.15707096282858E-06,0,0,0,0,0,38
2,4533,897.348969,0.0283582750707865,-9.269578185922E-06,0,0,0,0,0,38
2,4534,897.568969,0.0262248553335667,-9.38294124352979E-06,0,0,0,0,0,38
2,4535,897.788969,0.0244405418634415,-9.4800043370924E-06,0,0,0,0,0,38
2,4536,898.008969,0.0221713595092297,-9.52738810156006E-06,0,0,0,0,0,38
2,4537,898.228969,0.0202318876981735,-9.60243232839275E-06,0,0,0,0,0,38
2,4538,898.448969,0.017652390524745,-9.74143222265411E-06,0,0,0,0,0,38
2,4539,898.668969,0.0155189726501703,-9.76220690063201E-06,0,0,0,0,0,38
2,4540,898.888969,0.0131722120568156,-9.85576843959279E-06,0,0,0,0,0,38
2,4541,899.108969,0.0109612140804529,-9.95773280010326E-06,0,0,0,0,0,38
2,4542,899.328969,0.00904113799333572,-1.00562738225563E-05,0,0,0,0,0,38
2,4543,899.548969,0.00659740343689919,-1.01347804957186E-05,0,0,0,0,0,38
2,4544,899.768969,0.00415366934612393,-1.02968888313626E-05,0,0,0,0,0,38
2,4545,899.988969,0.00231117126531899,-1.03196862255572E-05,0,0,0,0,0,38
2,4546,900.208969,0.000100173660030123,-1.04363170976285E-05,0,0,0,0,0,38
2,4547,900.428969,-0.00211082398891449,-1.05150957097067E-05,0,0,0,0,0,38
2,4548,900.648969,-0.00469032116234303,-1.068412893801E-05,0,0,0,0,0,38
2,4549,900.868969,-0.00662979250773788,-1.07877276604995E-05,0,0,0,0,0,38
2,4550,901.088969,-0.00866623781621456,-1.09510037873406E-05,0,0,0,0,0,38
2,4551,901.308969,-0.0111293671652675,-1.09006632555975E-05,0,0,0,0,0,38
2,4552,901.528969,-0.0131658120080829,-1.09971815618337E-05,0,0,0,0,0,38
2,4553,901.748969,-0.0154543882235885,-1.12129764602287E-05,0,0,0,0,0,38
2,4554,901.968969,-0.017684780061245,-1.13428341137478E-05,0,0,0,0,0,38
2,4555,902.188969,-0.0197212267667055,-1.13459072963451E-05,0,0,0,0,0,38
2,4556,902.408969,-0.0221649594604969,-1.14682961793733E-05,0,0,0,0,0,38
2,4557,902.628969,-0.0240850374102592,-1.15660986921284E-05,0,0,0,0,0,38
2,4558,902.848969,-0.0265093762427568,-1.16966175482958E-05,0,0,0,0,0,38
2,4559,903.068969,-0.0287785585969687,-1.18238694994943E-05,0,0,0,0,0,38
2,4560,903.288969,-0.0310089495033026,-1.1870475645992E-05,0,0,0,0,0,38
2,4561,903.508969,-0.0329872108995914,-1.20160502774525E-05,0,0,0,0,0,38
2,4562,903.728969,-0.0350042618811131,-1.21598359328345E-05,0,0,0,0,0,38
2,4563,903.948969,-0.0375061817467213,-1.22893434308935E-05,0,0,0,0,0,38
2,4564,904.168969,-0.0395426265895367,-1.2403951586748E-05,0,0,0,0,0,38
2,4565,904.388969,-0.0418118089437485,-1.24735488498118E-05,0,0,0,0,0,38
2,4566,904.608969,-0.043809462338686,-1.26094373626984E-05,0,0,0,0,0,38
2,4567,904.828969,-0.0463695637881756,-1.26640961752855E-05,0,0,0,0,0,38
2,4568,905.048969,-0.0483090355992317,-1.28476785903331E-05,0,0,0,0,0,38
2,4569,905.268969,-0.0505588240921497,-1.29402287711855E-05,0,0,0,0,0,38
2,4570,905.488969,-0.0526534542441368,-1.31229953694856E-05,0,0,0,0,0,38
2,4571,905.708969,-0.0547286868095398,-1.31524056996568E-05,0,0,0,0,0,38
2,4572,905.928969,-0.0573469735682011,-1.33043222376728E-05,0,0,0,0,0,38
2,4573,906.148969,-0.0592476576566696,-1.35025720737758E-05,0,0,0,0,0,38
2,4574,906.368969,-0.0616332069039345,-1.35533009597566E-05,0,0,0,0,0,38
2,4575,906.588969,-0.0635726749897003,-1.37035058287438E-05,0,0,0,0,0,38
2,4576,906.808969,-0.0661327838897705,-1.38621908263303E-05,0,0,0,0,0,38
2,4577,907.028969,-0.0682855919003487,-1.3893780305807E-05,0,0,0,0,0,38
2,4578,907.248969,-0.0703414306044579,-1.40575612022076E-05,0,0,0,0,0,38
2,4579,907.468969,-0.0724748522043228,-1.4149800335872E-05,0,0,0,0,0,38
2,4580,907.688969,-0.0747440308332443,-1.42449180202675E-05,0,0,0,0,0,38
2,4581,907.908969,-0.0770132169127464,-1.44420782817178E-05,0,0,0,0,0,38
2,4582,908.128969,-0.0791078433394432,-1.45747762871906E-05,0,0,0,0,0,38
2,4583,908.348969,-0.0813576355576515,-1.46128622873221E-05,0,0,0,0,0,38
2,4584,908.568969,-0.0835298374295235,-1.47124537761556E-05,0,0,0,0,0,38
2,4585,908.788969,-0.085702046751976,-1.49346287798835E-05,0,0,0,0,0,38
2,4586,909.008969,-0.087835468351841,-1.50789592225919E-05,0,0,0,0,0,38
2,4587,909.228969,-0.090356782078743,-1.5127976439544E-05,0,0,0,0,0,38
2,4588,909.448969,-0.0922962501645088,-1.52345710375812E-05,0,0,0,0,0,38
2,4589,909.668969,-0.094507247209549,-1.53506189235486E-05,0,0,0,0,0,38
2,4590,909.888969,-0.0968152210116386,-1.54775589180645E-05,0,0,0,0,0,38
2,4591,910.108969,-0.0991813763976097,-1.55887428263668E-05,0,0,0,0,0,38
2,4592,910.328969,-0.101159639656544,-1.58153525262605E-05,0,0,0,0,0,38
2,4593,910.548969,-0.10360337048769,-1.58380717039108E-05,0,0,0,0,0,38
2,4594,910.768969,-0.10556223988533,-1.60111121658701E-05,0,0,0,0,0,38
2,4595,910.988969,-0.10802536457777,-1.61264597409172E-05,0,0,0,0,0,38
2,4596,911.208969,-0.109712705016136,-1.62885698955506E-05,0,0,0,0,0,38
2,4597,911.428969,-0.112389177083969,-1.64282701007323E-05,0,0,0,0,0,38
2,4598,911.648969,-0.114212282001972,-1.6483823856106E-05,0,0,0,0,0,38
2,4599,911.868969,-0.116597831249237,-1.66511053976137E-05,0,0,0,0,0,38
2,4600,912.088969,-0.118983380496502,-1.6772521121311E-05,0,0,0,0,0,38
2,4601,912.308969,-0.12123316526413,-1.68726201081881E-05,0,0,0,0,0,38
2,4602,912.528969,-0.123211428523064,-1.70005314430455E-05,0,0,0,0,0,38
2,4603,912.748969,-0.125364243984222,-1.71542378666345E-05,0,0,0,0,0,38
2,4604,912.968969,-0.127652823925018,-1.7272075638175E-05,0,0,0,0,0,38
2,4605,913.188969,-0.129902601242065,-1.73568059835816E-05,0,0,0,0,0,38
2,4606,913.408969,-0.131803289055824,-1.75690602191025E-05,0,0,0,0,0,38
2,4607,913.628969,-0.134363397955894,-1.76471385202603E-05,0,0,0,0,0,38
2,4608,913.848969,-0.136089518666267,-1.77723668457475E-05,0,0,0,0,0,38
2,4609,914.068969,-0.138572037220001,-1.79287180799292E-05,0,0,0,0,0,38
2,4610,914.288969,-0.14082182943821,-1.78961054189131E-05,0,0,0,0,0,38
2,4611,914.508969,-0.142877668142319,-1.79369035322452E-05,0,0,0,0,0,38
2,4612,914.728969,-0.145011082291603,-1.83118590939557E-05,0,0,0,0,0,38
2,4613,914.948969,-0.147241488099098,-1.84447453648318E-05,0,0,0,0,0,38
2,4614,915.168969,-0.149549454450607,-1.84113305294886E-05,0,0,0,0,0,38
2,4615,915.388969,-0.151682868599892,-1.85527642315719E-05,0,0,0,0,0,38
2,4616,915.608969,-0.153855085372925,-1.86693305295194E-05,0,0,0,0,0,38
2,4617,915.828969,-0.156240627169609,-1.86320303328102E-05,0,0,0,0,0,38
2,4618,916.048969,-0.158335253596306,-1.89848378795432E-05,0,0,0,0,0,38
2,4619,916.268969,-0.160410493612289,-1.89156762644416E-05,0,0,0,0,0,38
2,4620,916.488969,-0.162543907761574,-1.91352100955555E-05,0,0,0,0,0,38
2,4621,916.708969,-0.164619147777557,-1.93380346900085E-05,0,0,0,0,0,38
2,4622,916.928969,-0.167218044400215,-1.94301228475524E-05,0,0,0,0,0,38
2,4623,917.148969,-0.169409647583961,-1.94223521248205E-05,0,0,0,0,0,38
2,4624,917.368969,-0.17181459069252,-1.96589826373383E-05,0,0,0,0,0,38
2,4625,917.588969,-0.173715263605118,-1.98618090507807E-05,0,0,0,0,0,38
2,4626,917.808969,-0.175984457135201,-2.0001300072181E-05,0,0,0,0,0,38
2,4627,918.028969,-0.178214848041534,-2.00553095055511E-05,0,0,0,0,0,38
2,4628,918.248969,-0.180251285433769,-2.00168433366343E-05,0,0,0,0,0,38
2,4629,918.468969,-0.182733818888664,-2.03129220608389E-05,0,0,0,0,0,38
2,4630,918.688969,-0.184634491801262,-2.03203053388279E-05,0,0,0,0,0,38
2,4631,918.908969,-0.18688428401947,-2.01306902454235E-05,0,0,0,0,0,38
2,4632,919.128969,-0.18909527361393,-2.06179374799831E-05,0,0,0,0,0,38
2,4633,919.348969,-0.1914032548666,-2.04022890102351E-05,0,0,0,0,0,38
2,4634,919.568969,-0.193653032183647,-2.08106612262782E-05,0,0,0,0,0,38
2,4635,919.788969,-0.19592222571373,-2.1058560378151E-05,0,0,0,0,0,38
2,4636,920.008969,-0.198113813996315,-2.10208709177095E-05,0,0,0,0,0,38
2,4637,920.228969,-0.200208455324173,-2.10686630452983E-05,0,0,0,0,0,38
2,4638,920.448969,-0.202400058507919,-2.12804261536803E-05,0,0,0,0,0,38
2,4639,920.668969,-0.204494684934616,-2.15322106669191E-05,0,0,0,0,0,38
2,4640,920.888969,-0.206647500395775,-2.12038812605897E-05,0,0,0,0,0,38
2,4641,921.108969,-0.208994254469872,-2.17719498323277E-05,0,0,0,0,0,38
2,4642,921.328969,-0.211185857653618,-2.18632594624069E-05,0,0,0,0,0,38
2,4643,921.548969,-0.213377460837364,-2.19545709114755E-05,0,0,0,0,0,38
2,4644,921.768969,-0.215704828500748,-2.21410773519892E-05,0,0,0,0,0,38
2,4645,921.988969,-0.217799454927444,-2.22770722757559E-05,0,0,0,0,0,38
2,4646,922.208969,-0.219622567296028,-2.23147617361974E-05,0,0,0,0,0,38
2,4647,922.428969,-0.222182661294937,-2.22436556214234E-05,0,0,0,0,0,38
2,4648,922.648969,-0.224316075444222,-2.26061783905607E-05,0,0,0,0,0,38
2,4649,922.868969,-0.226682230830193,-2.23924726014957E-05,0,0,0,0,0,38
2,4650,923.088969,-0.228796258568764,-2.28303742915159E-05,0,0,0,0,0,38
2,4651,923.308969,-0.231026649475098,-2.28078388317954E-05,0,0,0,0,0,38
2,4652,923.528969,-0.233043700456619,-2.28719509323128E-05,0,0,0,0,0,38
2,4653,923.748969,-0.235138326883316,-2.30277619266417E-05,0,0,0,0,0,38
2,4654,923.968969,-0.238028153777123,-2.33720220421674E-05,0,0,0,0,0,38
2,4655,924.188969,-0.239560335874558,-2.33405480685178E-05,0,0,0,0,0,38
2,4656,924.408969,-0.241926491260529,-2.33607534028124E-05,0,0,0,0,0,38
2,4657,924.628969,-0.244176268577576,-2.37539716181345E-05,0,0,0,0,0,38
2,4658,924.848969,-0.246270895004272,-2.36067098740023E-05,0,0,0,0,0,38
2,4659,925.068969,-0.24861766397953,-2.37660169659648E-05,0,0,0,0,0,38
2,4660,925.288969,-0.25082865357399,-2.40057561313733E-05,0,0,0,0,0,38
2,4661,925.508969,-0.252787530422211,-2.40578228840604E-05,0,0,0,0,0,38
2,4662,925.728969,-0.255114883184433,-2.41891539189965E-05,0,0,0,0,0,38
2,4663,925.948969,-0.257325887680054,-2.4370610844926E-05,0,0,0,0,0,38
2,4664,926.168969,-0.2595174908638,-2.43434114963748E-05,0,0,0,0,0,38
2,4665,926.388969,-0.261612117290497,-2.44829025177751E-05,0,0,0,0,0,38
2,4666,926.608969,-0.263764947652817,-2.44013062911108E-05,0,0,0,0,0,38
2,4667,926.828969,-0.266034126281738,-2.4713704988244E-05,0,0,0,0,0,38
2,4668,927.048969,-0.26830330491066,-2.48244432441425E-05,0,0,0,0,0,38
2,4669,927.268969,-0.270514309406281,-2.48671840381576E-05,0,0,0,0,0,38
2,4670,927.488969,-0.272919237613678,-2.49448949034559E-05,0,0,0,0,0,38
2,4671,927.708969,-0.2749944627285,-2.53136349783745E-05,0,0,0,0,0,38
2,4672,927.928969,-0.277166694402695,-2.54216538451146E-05,0,0,0,0,0,38
2,4673,928.148969,-0.279183745384216,-2.56186522165081E-05,0,0,0,0,0,38
2,4674,928.368969,-0.28147229552269,-2.57255051110405E-05,0,0,0,0,0,38
2,4675,928.588969,-0.283857852220535,-2.59104563156143E-05,0,0,0,0,0,38
2,4676,928.808969,-0.285855501890183,-2.59205589827616E-05,0,0,0,0,0,38
2,4677,929.028969,-0.288144081830978,-2.60138131125132E-05,0,0,0,0,0,38
2,4678,929.248969,-0.290355086326599,-2.6391100618639E-05,0,0,0,0,0,38
2,4679,929.468969,-0.292546689510345,-2.6261712264386E-05,0,0,0,0,0,38
2,4680,929.688969,-0.294680118560791,-2.6124940632144E-05,0,0,0,0,0,38
2,4681,929.908969,-0.297065675258636,-2.65729449893115E-05,0,0,0,0,0,38
2,4682,930.128969,-0.298985749483109,-2.6829780836124E-05,0,0,0,0,0,38
2,4683,930.348969,-0.30125492811203,-2.6891948436969E-05,0,0,0,0,0,38
2,4684,930.568969,-0.303388327360153,-2.70042419288075E-05,0,0,0,0,0,38
2,4685,930.788969,-0.305521756410599,-2.70252239715774E-05,0,0,0,0,0,38
2,4686,931.008969,-0.307926714420319,-2.68744643108221E-05,0,0,0,0,0,38
2,4687,931.228969,-0.309885561466217,-2.75015936495038E-05,0,0,0,0,0,38
2,4688,931.448969,-0.312387496232986,-2.74876056209905E-05,0,0,0,0,0,38
2,4689,931.668969,-0.314404547214508,-2.76134978776099E-05,0,0,0,0,0,38
2,4690,931.888969,-0.31667372584343,-2.75287911790656E-05,0,0,0,0,0,38
2,4691,932.108969,-0.319001078605652,-2.79694140772335E-05,0,0,0,0,0,38
2,4692,932.328969,-0.321212083101273,-2.82410146610346E-05,0,0,0,0,0,38
2,4693,932.548969,-0.323267936706543,-2.84216930594994E-05,0,0,0,0,0,38
2,4694,932.768969,-0.325246185064316,-2.85755613731453E-05,0,0,0,0,0,38
2,4695,932.988969,-0.327728718519211,-2.85238838841906E-05,0,0,0,0,0,38
2,4696,933.208969,-0.32984271645546,-2.86532722384436E-05,0,0,0,0,0,38
2,4697,933.428969,-0.332111924886703,-2.88079172605649E-05,0,0,0,0,0,38
2,4698,933.648969,-0.334419876337051,-2.90258976747282E-05,0,0,0,0,0,38
2,4699,933.868969,-0.336398154497147,-2.92889490083326E-05,0,0,0,0,0,38
2,4700,934.088969,-0.338744908571243,-2.93029370368458E-05,0,0,0,0,0,38
2,4701,934.308969,-0.340820133686066,-2.97641527140513E-05,0,0,0,0,0,38
2,4702,934.528969,-0.34289538860321,-2.95395675493637E-05,0,0,0,0,0,38
2,4703,934.748969,-0.345300316810608,-2.98333161481423E-05,0,0,0,0,0,38
2,4704,934.968969,-0.347588896751404,-3.01970048894873E-05,0,0,0,0,0,38
2,4705,935.188969,-0.349644750356674,-3.00124411296565E-05,0,0,0,0,0,38
2,4706,935.408969,-0.351952701807022,-3.02354710584041E-05,0,0,0,0,0,38
2,4707,935.628969,-0.354299455881119,-3.04079894704046E-05,0,0,0,0,0,38
2,4708,935.848969,-0.356335908174515,-3.06718211504631E-05,0,0,0,0,0,38
2,4709,936.068969,-0.358643889427185,-3.08117014355958E-05,0,0,0,0,0,38
2,4710,936.288969,-0.360816091299057,-3.09826646116562E-05,0,0,0,0,0,38
2,4711,936.508969,-0.362930119037628,-3.12997253786307E-05,0,0,0,0,0,38
2,4712,936.728969,-0.365082919597626,-3.13284799631219E-05,0,0,0,0,0,38
2,4713,936.948969,-0.367138773202896,-3.16603072860744E-05,0,0,0,0,0,38
2,4714,937.168969,-0.369524329900742,-3.20337094308343E-05,0,0,0,0,0,38
2,4715,937.388969,-0.371677130460739,-3.21191910188645E-05,0,0,0,0,0,38
2,4716,937.608969,-0.373829960823059,-3.2237312552752E-05,0,0,0,0,0,38
2,4717,937.828969,-0.37619611620903,-3.24805478157941E-05,0,0,0,0,0,38
2,4718,938.048969,-0.378154963254929,-3.243042374379E-05,0,0,0,0,0,38
2,4719,938.268969,-0.380482345819473,-3.27152338286396E-05,0,0,0,0,0,38
2,4720,938.488969,-0.38267394900322,-3.27999405271839E-05,0,0,0,0,0,38
2,4721,938.708969,-0.384807348251343,-3.30260809278116E-05,0,0,0,0,0,38
2,4722,938.928969,-0.386998951435089,-3.33590724039823E-05,0,0,0,0,0,38
2,4723,939.148969,-0.389287531375885,-3.35638396791182E-05,0,0,0,0,0,38
2,4724,939.368969,-0.391595512628555,-3.34608739649411E-05,0,0,0,0,0,38
2,4725,939.588969,-0.393690139055252,-3.41983504767995E-05,0,0,0,0,0,38
2,4726,939.808969,-0.395862340927124,-3.41971863235813E-05,0,0,0,0,0,38
2,4727,940.028969,-0.398112118244171,-3.44089494319633E-05,0,0,0,0,0,38
2,4728,940.248969,-0.400051593780518,-3.44369254889898E-05,0,0,0,0,0,38
2,4729,940.468969,-0.402534127235413,-3.46572378475685E-05,0,0,0,0,0,38
2,4730,940.688969,-0.404900282621384,-3.4933109418489E-05,0,0,0,0,0,38
2,4731,940.908969,-0.406878530979156,-3.51646922354121E-05,0,0,0,0,0,38
2,4732,941.128969,-0.409167110919952,-3.53935502062086E-05,0,0,0,0,0,38
2,4733,941.348969,-0.411455690860748,-3.57572389475536E-05,0,0,0,0,0,38
2,4734,941.568969,-0.413492143154144,-3.58501019945834E-05,0,0,0,0,0,38
2,4735,941.788969,-0.415722519159317,-3.6152789107291E-05,0,0,0,0,0,38
2,4736,942.008969,-0.417914122343063,-3.66501408279873E-05,0,0,0,0,0,38
2,4737,942.228969,-0.420144528150558,-3.6732126318384E-05,0,0,0,0,0,38
2,4738,942.448969,-0.422277957201004,-3.70177112927195E-05,0,0,0,0,0,38
2,4739,942.668969,-0.424508333206177,-3.73709117411636E-05,0,0,0,0,0,38
2,4740,942.888969,-0.426661163568497,-3.74459013983142E-05,0,0,0,0,0,38
2,4741,943.108969,-0.428969115018845,-3.7763351429021E-05,0,0,0,0,0,38
2,4742,943.328969,-0.43110254406929,-3.80112505808938E-05,0,0,0,0,0,38
2,4743,943.548969,-0.433216571807861,-3.84864542866126E-05,0,0,0,0,0,38
2,4744,943.768969,-0.435699075460434,-3.85536732210312E-05,0,0,0,0,0,38
2,4745,943.988969,-0.437657952308655,-3.8735906855436E-05,0,0,0,0,0,38
2,4746,944.208969,-0.439694404602051,-3.92845468013547E-05,0,0,0,0,0,38
2,4747,944.428969,-0.442021757364273,-3.9448517782148E-05,0,0,0,0,0,38
2,4748,944.648969,-0.444310337305069,-3.96995237679221E-05,0,0,0,0,0,38
2,4749,944.868969,-0.446463167667389,-4.016423918074E-05,0,0,0,0,0,38
2,4750,945.088969,-0.448247462511063,-4.03546291636303E-05,0,0,0,0,0,38
2,4751,945.308969,-0.450865745544434,-4.03798876504879E-05,0,0,0,0,0,38
2,4752,945.528969,-0.45296037197113,-4.10548091167584E-05,0,0,0,0,0,38
2,4753,945.748969,-0.4552101790905,-4.14942660427187E-05,0,0,0,0,0,38
2,4754,945.968969,-0.457421183586121,-4.19010830228217E-05,0,0,0,0,0,38
2,4755,946.188969,-0.459729135036469,-4.21621916757431E-05,0,0,0,0,0,38
2,4756,946.408969,-0.461765587329865,-4.23203346144874E-05,0,0,0,0,0,38
2,4757,946.628969,-0.464015364646912,-4.26269034505822E-05,0,0,0,0,0,38
2,4758,946.848969,-0.466265171766281,-4.30780164606404E-05,0,0,0,0,0,38
2,4759,947.068969,-0.468204647302628,-4.32691886089742E-05,0,0,0,0,0,38
2,4760,947.288969,-0.470881104469299,-4.37467206211295E-05,0,0,0,0,0,38
2,4761,947.508969,-0.473072707653046,-4.39985051343683E-05,0,0,0,0,0,38
2,4762,947.728969,-0.475031584501266,-4.46679878223222E-05,0,0,0,0,0,38
2,4763,947.948969,-0.477358937263489,-4.51696141681168E-05,0,0,0,0,0,38
2,4764,948.168969,-0.479453563690186,-4.48972350568511E-05,0,0,0,0,0,38
2,4765,948.388969,-0.481664568185806,-4.58045142295305E-05,0,0,0,0,0,38
2,4766,948.608969,-0.483797997236252,-4.60345399915241E-05,0,0,0,0,0,38
2,4767,948.828969,-0.485931396484375,-4.64553450001404E-05,0,0,0,0,0,38
2,4768,949.048969,-0.488375127315521,-4.69115111627616E-05,0,0,0,0,0,38
2,4769,949.268969,-0.490508556365967,-4.74617045256309E-05,0,0,0,0,0,38
2,4770,949.488969,-0.492564409971237,-4.78250040032435E-05,0,0,0,0,0,38
2,4771,949.708969,-0.495085716247559,-4.85368400404695E-05,0,0,0,0,0,38
2,4772,949.928969,-0.497063964605331,-4.88294208480511E-05,0,0,0,0,0,38
2,4773,950.148969,-0.499410718679428,-4.92525578010827E-05,0,0,0,0,0,38
2,4774,950.368969,-0.501388967037201,-4.95886597491335E-05,0,0,0,0,0,38
2,4775,950.588969,-0.503580570220947,-5.02212278661318E-05,0,0,0,0,0,38
2,4776,950.808969,-0.505694627761841,-5.07154691149481E-05,0,0,0,0,0,38
2,4777,951.028969,-0.507983207702637,-5.11727994307876E-05,0,0,0,0,0,38
2,4778,951.248969,-0.510310590267181,-5.20074172527529E-05,0,0,0,0,0,38
2,4779,951.468969,-0.512230634689331,-5.26034637005068E-05,0,0,0,0,0,38
2,4780,951.688969,-0.514693737030029,-5.29834724147804E-05,0,0,0,0,0,38
2,4781,951.908969,-0.516749620437622,-5.37469823029824E-05,0,0,0,0,0,38
2,4782,952.128969,-0.519251525402069,-5.42882407899015E-05,0,0,0,0,0,38
2,4783,952.348969,-0.521191000938416,-5.49651049368549E-05,0,0,0,0,0,38
2,4784,952.568969,-0.523634731769562,-5.53995123482309E-05,0,0,0,0,0,38
2,4785,952.788969,-0.525826334953308,-5.62939676456153E-05,0,0,0,0,0,38
2,4786,953.008969,-0.527785181999207,-5.66829112358391E-05,0,0,0,0,0,38
2,4787,953.228969,-0.53024834394455,-5.775221507065E-05,0,0,0,0,0,38
2,4788,953.448969,-0.532207190990448,-5.80506275582593E-05,0,0,0,0,0,38
2,4789,953.668969,-0.534515142440796,-5.89194387430325E-05,0,0,0,0,0,38
2,4790,953.888969,-0.536551594734192,-5.97105390625075E-05,0,0,0,0,0,38
2,4791,954.108969,-0.538840174674988,-6.04833767283708E-05,0,0,0,0,0,38
2,4792,954.328969,-0.541031777858734,-6.09916060057003E-05,0,0,0,0,0,38
2,4793,954.548969,-0.543514311313629,-6.20543069089763E-05,0,0,0,0,0,38
2,4794,954.768969,-0.545414984226227,-6.30163704045117E-05,0,0,0,0,0,38
2,4795,954.988969,-0.547819912433624,-6.38016426819377E-05,0,0,0,0,0,38
2,4796,955.208969,-0.549992144107819,-6.44322644802742E-05,0,0,0,0,0,38
2,4797,955.428969,-0.552067399024963,-6.49136854917742E-05,0,0,0,0,0,38
2,4798,955.648969,-0.554394721984863,-6.65821498841979E-05,0,0,0,0,0,38
2,4799,955.868969,-0.556450605392456,-6.73359463689849E-05,0,0,0,0,0,38
2,4800,956.088969,-0.558273673057556,-6.80512748658657E-05,0,0,0,0,0,38
2,4801,956.308969,-0.56069803237915,-6.90704546286725E-05,0,0,0,0,0,38
2,4802,956.528969,-0.563083589076996,-7.02675970387645E-05,0,0,0,0,0,38
2,4803,956.748969,-0.565217018127441,-7.15047572157346E-05,0,0,0,0,0,38
2,4804,956.968969,-0.56758314371109,-7.25643549230881E-05,0,0,0,0,0,38
2,4805,957.188969,-0.569677770137787,-7.39266251912341E-05,0,0,0,0,0,38
2,4806,957.408969,-0.571869373321533,-7.4904237408191E-05,0,0,0,0,0,38
2,4807,957.628969,-0.574196755886078,-7.59782051318325E-05,0,0,0,0,0,38
2,4808,957.848969,-0.576368987560272,-7.75060034357011E-05,0,0,0,0,0,38
2,4809,958.068969,-0.578502357006073,-7.87688113632612E-05,0,0,0,0,0,38
2,4810,958.288969,-0.580519437789917,-8.02981667220593E-05,0,0,0,0,0,38
2,4811,958.508969,-0.582885563373566,-8.16126485005952E-05,0,0,0,0,0,38
2,4812,958.728969,-0.584999620914459,-8.28537013148889E-05,0,0,0,0,0,38
2,4813,958.948969,-0.587307572364807,-8.47020564833656E-05,0,0,0,0,0,38
2,4814,959.168969,-0.589344024658203,-8.604957110947E-05,0,0,0,0,0,38
2,4815,959.388969,-0.591574430465698,-8.75602709129453E-05,0,0,0,0,0,38
2,4816,959.608969,-0.593785405158997,-8.93798787728883E-05,0,0,0,0,0,38
2,4817,959.828969,-0.59589946269989,-9.10456219571643E-05,0,0,0,0,0,38
2,4818,960.048969,-0.597994089126587,-9.28885419853032E-05,0,0,0,0,0,38
2,4819,960.268969,-0.600360214710236,-9.48025626712479E-05,0,0,0,0,0,38
2,4820,960.488969,-0.602668225765228,-9.66796797001734E-05,0,0,0,0,0,38
2,4821,960.708969,-0.604879200458527,-9.84705329756252E-05,0,0,0,0,0,38
2,4822,960.928969,-0.606973826885223,-0.000100422250397969,0,0,0,0,0,38
2,4823,961.148969,-0.609126627445221,-0.000102710066130385,0,0,0,0,0,38
2,4824,961.368969,-0.611298859119415,-0.000104612045106478,0,0,0,0,0,38
2,4825,961.588969,-0.613742589950562,-0.000107043240859639,0,0,0,0,0,38
2,4826,961.808969,-0.615914762020111,-0.000109082771814428,0,0,0,0,0,38
2,4827,962.028969,-0.617990016937256,-0.000111444409412798,0,0,0,0,0,38
2,4828,962.248969,-0.6202592253685,-0.000113809161121026,0,0,0,0,0,38
2,4829,962.468969,-0.622412025928497,-0.000116287366836332,0,0,0,0,0,38
2,4830,962.688969,-0.624681174755096,-0.000118808711704332,0,0,0,0,0,38
2,4831,962.908969,-0.626969754695892,-0.000121254670375492,0,0,0,0,0,38
2,4832,963.128969,-0.629103183746338,-0.000123938036267646,0,0,0,0,0,38
2,4833,963.348969,-0.631159007549286,-0.000126639279187657,0,0,0,0,0,38
2,4834,963.568969,-0.633563995361328,-0.000129483887576498,0,0,0,0,0,38
2,4835,963.788969,-0.635503470897675,-0.000131965600303374,0,0,0,0,0,38
2,4836,964.008969,-0.637850224971771,-0.000134817601065151,0,0,0,0,0,38
2,4837,964.228969,-0.640022397041321,-0.000137858049129136,0,0,0,0,0,38
2,4838,964.448969,-0.642427384853363,-0.000140901989652775,0,0,0,0,0,38
2,4839,964.668969,-0.644444406032562,-0.000143711644341238,0,0,0,0,0,38
2,4840,964.888969,-0.646810591220856,-0.000146794045576826,0,0,0,0,0,38
2,4841,965.108969,-0.649040937423706,-0.000149606028571725,0,0,0,0,0,38
2,4842,965.328969,-0.651096820831299,-0.000152841923409142,0,0,0,0,0,38
2,4843,965.548969,-0.653288424015045,-0.000155928617459722,0,0,0,0,0,38
2,4844,965.768969,-0.655518770217896,-0.000158986542373896,0,0,0,0,0,38
2,4845,965.988969,-0.657749176025391,-0.000162055745022371,0,0,0,0,0,38
2,4846,966.208969,-0.659824430942535,-0.000165285804541782,0,0,0,0,0,38
2,4847,966.428969,-0.66224879026413,-0.000168662358191796,0,0,0,0,0,38
2,4848,966.648969,-0.664459764957428,-0.000172049403772689,0,0,0,0,0,38
2,4849,966.868969,-0.666554391384125,-0.000175284905708395,0,0,0,0,0,38
2,4850,967.088969,-0.668649017810822,-0.000178613656316884,0,0,0,0,0,38
2,4851,967.308969,-0.671209096908569,-0.000182094343472272,0,0,0,0,0,38
2,4852,967.528969,-0.673012852668762,-0.000184658580110408,0,0,0,0,0,38
2,4853,967.748969,-0.675185024738312,-0.000188307487405837,0,0,0,0,0,38
2,4854,967.968969,-0.677415430545807,-0.000191260056453757,0,0,0,0,0,38
2,4855,968.188969,-0.679587662220001,-0.000194243752048351,0,0,0,0,0,38
2,4856,968.408969,-0.681973218917847,-0.000198297217139043,0,0,0,0,0,38
2,4857,968.628969,-0.684126019477844,-0.00020157266408205,0,0,0,0,0,38
2,4858,968.848969,-0.686220645904541,-0.000204797543119639,0,0,0,0,0,38
2,4859,969.068969,-0.688528597354889,-0.000208329744054936,0,0,0,0,0,38
2,4860,969.288969,-0.690642654895782,-0.000211126709473319,0,0,0,0,0,38
2,4861,969.508969,-0.692756652832031,-0.000214160972973332,0,0,0,0,0,38
2,4862,969.728969,-0.695084035396576,-0.000218506189412437,0,0,0,0,0,38
2,4863,969.948969,-0.697139859199524,-0.000221038644667715,0,0,0,0,0,38
2,4864,970.168969,-0.699253857135773,-0.000224189599975944,0,0,0,0,0,38
2,4865,970.388969,-0.701309740543365,-0.000227317228564061,0,0,0,0,0,38
2,4866,970.608969,-0.703695297241211,-0.000229966375627555,0,0,0,0,0,38
2,4867,970.828969,-0.706236004829407,-0.000234222126891837,0,0,0,0,0,38
2,4868,971.048969,-0.708466351032257,-0.000237715430557728,0,0,0,0,0,38
2,4869,971.268969,-0.710328280925751,-0.000240216744714417,0,0,0,0,0,38
2,4870,971.488969,-0.712830185890198,-0.000243332702666521,0,0,0,0,0,38
2,4871,971.708969,-0.714905440807343,-0.000246689858613536,0,0,0,0,0,38
2,4872,971.928969,-0.717116415500641,-0.000249622971750796,0,0,0,0,0,38
2,4873,972.148969,-0.719288647174835,-0.000252762256423011,0,0,0,0,0,38
2,4874,972.368969,-0.721499621868134,-0.000255862658377737,0,0,0,0,0,38
2,4875,972.588969,-0.72353607416153,-0.000258690764894709,0,0,0,0,0,38
2,4876,972.808969,-0.725902199745178,-0.00026225796318613,0,0,0,0,0,38
2,4877,973.028969,-0.728326559066772,-0.000265167735051364,0,0,0,0,0,38
2,4878,973.248969,-0.730285406112671,-0.000267875235294923,0,0,0,0,0,38
2,4879,973.468969,-0.732593417167664,-0.000270995078608394,0,0,0,0,0,38
2,4880,973.688969,-0.734649240970612,-0.00027380371466279,0,0,0,0,0,38
2,4881,973.908969,-0.736918449401855,-0.000276651262538508,0,0,0,0,0,38
2,4882,974.128969,-0.739362180233002,-0.00027996560675092,0,0,0,0,0,38
2,4883,974.348969,-0.741262853145599,-0.00028304266743362,0,0,0,0,0,38
2,4884,974.568969,-0.743299305438995,-0.00028564126114361,0,0,0,0,0,38
2,4885,974.788969,-0.745607256889343,-0.000289157876977697,0,0,0,0,0,38
2,4886,975.008969,-0.748070359230042,-0.000292028766125441,0,0,0,0,0,38
2,4887,975.228969,-0.749990463256836,-0.000294650672003627,0,0,0,0,0,38
2,4888,975.448969,-0.752143263816834,-0.000297599355690181,0,0,0,0,0,38
2,4889,975.668969,-0.754393041133881,-0.000300948711810634,0,0,0,0,0,38
2,4890,975.888969,-0.756604075431824,-0.000303691223962232,0,0,0,0,0,38
2,4891,976.108969,-0.759183526039124,-0.000306729401927441,0,0,0,0,0,38
2,4892,976.328969,-0.761336386203766,-0.000309541908791289,0,0,0,0,0,38
2,4893,976.548969,-0.763411581516266,-0.000312054908135906,0,0,0,0,0,38
2,4894,976.768969,-0.765409231185913,-0.000315423734718934,0,0,0,0,0,38
2,4895,976.988969,-0.767814218997955,-0.000318563019391149,0,0,0,0,0,38
2,4896,977.208969,-0.769676089286804,-0.000320675346301869,0,0,0,0,0,38
2,4897,977.428969,-0.772003471851349,-0.000324234773870558,0,0,0,0,0,38
2,4898,977.648969,-0.774292051792145,-0.000327012268826365,0,0,0,0,0,38
2,4899,977.868969,-0.776696979999542,-0.000329715898260474,0,0,0,0,0,38
2,4900,978.088969,-0.778791606426239,-0.000332979660015553,0,0,0,0,0,38
2,4901,978.308969,-0.780963838100433,-0.00033574941335246,0,0,0,0,0,38
2,4902,978.528969,-0.782980859279633,-0.000338071782607585,0,0,0,0,0,38
2,4903,978.748969,-0.785250067710876,-0.000341082719387487,0,0,0,0,0,38
2,4904,978.968969,-0.787383496761322,-0.000343906925991178,0,0,0,0,0,38
2,4905,979.188969,-0.789904773235321,-0.000346754444763064,0,0,0,0,0,38
2,4906,979.408969,-0.791727900505066,-0.000349699257640168,0,0,0,0,0,38
2,4907,979.628969,-0.793958306312561,-0.000352531234966591,0,0,0,0,0,38
2,4908,979.848969,-0.796208083629608,-0.00035516481148079,0,0,0,0,0,38
2,4909,980.068969,-0.798225104808807,-0.000357806187821552,0,0,0,0,0,38
2,4910,980.288969,-0.800455510616302,-0.00036117498530075,0,0,0,0,0,38
2,4911,980.508969,-0.802841067314148,-0.000363559607649222,0,0,0,0,0,38
2,4912,980.728969,-0.805245995521545,-0.000366473279427737,0,0,0,0,0,38
2,4913,980.948969,-0.807243645191193,-0.000369025190593675,0,0,0,0,0,38
2,4914,981.168969,-0.809221923351288,-0.000371429254300892,0,0,0,0,0,38
2,4915,981.388969,-0.811840236186981,-0.000374479073798284,0,0,0,0,0,38
2,4916,981.608969,-0.813837885856628,-0.000377077638404444,0,0,0,0,0,38
2,4917,981.828969,-0.816262185573578,-0.000380146928364411,0,0,0,0,0,38
2,4918,982.048969,-0.818027138710022,-0.000382698810426518,0,0,0,0,0,38
2,4919,982.268969,-0.820315718650818,-0.000385293504223228,0,0,0,0,0,38
2,4920,982.488969,-0.822798192501068,-0.000387942651286721,0,0,0,0,0,38
2,4921,982.708969,-0.824660122394562,-0.000390576227800921,0,0,0,0,0,38
2,4922,982.928969,-0.826948702335358,-0.000393353751860559,0,0,0,0,0,38
2,4923,983.148969,-0.829295456409454,-0.000395785056753084,0,0,0,0,0,38
2,4924,983.368969,-0.831370711326599,-0.000398698728531599,0,0,0,0,0,38
2,4925,983.588969,-0.833445906639099,-0.000401056109694764,0,0,0,0,0,38
2,4926,983.808969,-0.835812091827393,-0.000404000922571868,0,0,0,0,0,38
2,4927,984.028969,-0.837887287139893,-0.000405973172746599,0,0,0,0,0,38
2,4928,984.248969,-0.840408623218536,-0.00040891018579714,0,0,0,0,0,38
2,4929,984.468969,-0.842386901378632,-0.000411333719966933,0,0,0,0,0,38
2,4930,984.688969,-0.844985783100128,-0.000414006208302453,0,0,0,0,0,38
2,4931,984.908969,-0.846983432769775,-0.000416810944443569,0,0,0,0,0,38
2,4932,985.128969,-0.849136233329773,-0.000419592368416488,0,0,0,0,0,38
2,4933,985.348969,-0.850939929485321,-0.000420957774622366,0,0,0,0,0,38
2,4934,985.568969,-0.853325486183167,-0.000423412420786917,0,0,0,0,0,38
2,4935,985.788969,-0.855711042881012,-0.000426481710746884,0,0,0,0,0,38
2,4936,986.008969,-0.857708692550659,-0.000428399507654831,0,0,0,0,0,38
2,4937,986.228969,-0.860074877738953,-0.000431029213359579,0,0,0,0,0,38
2,4938,986.448969,-0.862402260303497,-0.000433612236520275,0,0,0,0,0,38
2,4939,986.668969,-0.864361107349396,-0.000435868481872603,0,0,0,0,0,38
2,4940,986.888969,-0.866513907909393,-0.000438638206105679,0,0,0,0,0,38
2,4941,987.108969,-0.868821859359741,-0.000440843898104504,0,0,0,0,0,38
2,4942,987.328969,-0.870935916900635,-0.000443286873633042,0,0,0,0,0,38
2,4943,987.548969,-0.873224496841431,-0.000445881538325921,0,0,0,0,0,38
2,4944,987.768969,-0.875377297401428,-0.000447970523964614,0,0,0,0,0,38
2,4945,987.988969,-0.877704679965973,-0.000450254010502249,0,0,0,0,0,38
2,4946,988.208969,-0.879663527011871,-0.000452646403573453,0,0,0,0,0,38
2,4947,988.428969,-0.882049083709717,-0.000455066037829965,0,0,0,0,0,38
2,4948,988.648969,-0.884163081645966,-0.000457057758467272,0,0,0,0,0,38
2,4949,988.868969,-0.88658744096756,-0.000459675793536007,0,0,0,0,0,38
2,4950,989.088969,-0.888623893260956,-0.000461865885881707,0,0,0,0,0,38
2,4951,989.308969,-0.890679717063904,-0.000463912088889629,0,0,0,0,0,38
2,4952,989.528969,-0.89312344789505,-0.000466537894681096,0,0,0,0,0,38
2,4953,989.748969,-0.895509004592896,-0.000468650192487985,0,0,0,0,0,38
2,4954,989.968969,-0.897506654262543,-0.000470886996481568,0,0,0,0,0,38
2,4955,990.188969,-0.89940732717514,-0.000472746469313279,0,0,0,0,0,38
2,4956,990.408969,-0.902006268501282,-0.000475636799819767,0,0,0,0,0,38
2,4957,990.628969,-0.903926312923431,-0.000477087800391018,0,0,0,0,0,38
2,4958,990.848969,-0.906156718730927,-0.000479219568660483,0,0,0,0,0,38
2,4959,991.068969,-0.908522844314575,-0.000481627532280982,0,0,0,0,0,38
2,4960,991.288969,-0.910423576831818,-0.000483977142721415,0,0,0,0,0,38
2,4961,991.508969,-0.912692725658417,-0.000485848257085308,0,0,0,0,0,38
2,4962,991.728969,-0.915117084980011,-0.000488022807985544,0,0,0,0,0,38
2,4963,991.948969,-0.917463839054108,-0.000490745878778398,0,0,0,0,0,38
2,4964,992.168969,-0.919306337833405,-0.000491551123559475,0,0,0,0,0,38
2,4965,992.388969,-0.921808242797852,-0.000494324776809663,0,0,0,0,0,38
2,4966,992.608969,-0.923805892467499,-0.000496417633257806,0,0,0,0,0,38
2,4967,992.828969,-0.925842344760895,-0.000497720786370337,0,0,0,0,0,38
2,4968,993.048969,-0.928363680839539,-0.000499992573168129,0,0,0,0,0,38
2,4969,993.268969,-0.93014794588089,-0.000502143811900169,0,0,0,0,0,38
2,4970,993.488969,-0.932281374931335,-0.000504913565237075,0,0,0,0,0,38
2,4971,993.708969,-0.934686362743378,-0.000506625219713897,0,0,0,0,0,38
2,4972,993.928969,-0.936839163303375,-0.000508402939885855,0,0,0,0,0,38
2,4973,994.148969,-0.939341068267822,-0.000510102952830493,0,0,0,0,0,38
2,4974,994.368969,-0.94139689207077,-0.000512176367919892,0,0,0,0,0,38
2,4975,994.588969,-0.943666100502014,-0.000514129176735878,0,0,0,0,0,38
2,4976,994.808969,-0.945760726928711,-0.000516163650900126,0,0,0,0,0,38
2,4977,995.028969,-0.948049306869507,-0.000518151500727981,0,0,0,0,0,38
2,4978,995.248969,-0.949969351291656,-0.000519532477483153,0,0,0,0,0,38
2,4979,995.468969,-0.952451884746552,-0.000522033835295588,0,0,0,0,0,38
2,4980,995.688969,-0.954701662063599,-0.000524220056831837,0,0,0,0,0,38
2,4981,995.908969,-0.957067847251892,-0.000525616575032473,0,0,0,0,0,38
2,4982,996.128969,-0.958852171897888,-0.000527367112226784,0,0,0,0,0,38
2,4983,996.348969,-0.961257100105286,-0.000529343262314796,0,0,0,0,0,38
2,4984,996.568969,-0.963506877422333,-0.000530603691004217,0,0,0,0,0,38
2,4985,996.788969,-0.965853631496429,-0.000532898819074035,0,0,0,0,0,38
2,4986,997.008969,-0.967754304409027,-0.000534766062628478,0,0,0,0,0,38
2,4987,997.228969,-0.970004141330719,-0.000536676088813692,0,0,0,0,0,38
2,4988,997.448969,-0.972195744514465,-0.00053844996728003,0,0,0,0,0,38
2,4989,997.668969,-0.974484264850616,-0.000540130480658263,0,0,0,0,0,38
2,4990,997.888969,-0.976520717144012,-0.000541674846317619,0,0,0,0,0,38
2,4991,998.108969,-0.978770554065704,-0.00054360821377486,0,0,0,0,0,38
2,4992,998.328969,-0.981136679649353,-0.000545778893865645,0,0,0,0,0,38
2,4993,998.548969,-0.983056783676147,-0.000545378192327917,0,0,0,0,0,38
2,4994,998.768969,-0.985190153121948,-0.000528965960256755,0,0,0,0,0,38
2,4995,998.988969,-0.987556338310242,-0.000523239723406732,0,0,0,0,0,38
2,4996,999.208969,-0.989631593227386,-0.000521804322488606,0,0,0,0,0,38
2,4997,999.428969,-0.991997718811035,-0.000521668116562068,0,0,0,0,0,38
2,4998,999.648969,-0.994286298751831,-0.000522216665558517,0,0,0,0,0,38
2,4999,999.868969,-0.996380925178528,-0.0005233408883214,0,0,0,0,0,38
2,5000,1000.088969,-0.998708307743073,-0.000524647941347212,0,0,0,0,0,38
3,5001,1000.308969,-0.997874319553375,-0.00052170705748722,0,0,0,0,0,38
3,5002,1000.528969,-0.996070623397827,-0.000517116743139923,0,0,0,0,0,38
3,5003,1000.748969,-0.993743240833282,-0.000511993479449302,0,0,0,0,0,38
3,5004,1000.968969,-0.991609811782837,-0.000507173710502684,0,0,0,0,0,38
3,5005,1001.188969,-0.98901093006134,-0.000507613294757903,0,0,0,0,0,38
3,5006,1001.408969,-0.986780524253845,-0.00050318636931479,0,0,0,0,0,38
3,5007,1001.628969,-0.984957456588745,-0.000499907007906586,0,0,0,0,0,38
3,5008,1001.848969,-0.982533097267151,-0.000495157204568386,0,0,0,0,0,38
3,5009,1002.068969,-0.980380296707153,-0.000491675629746169,0,0,0,0,0,38
3,5010,1002.288969,-0.978052914142609,-0.000487742741825059,0,0,0,0,0,38
3,5011,1002.508969,-0.975997090339661,-0.000484191084979102,0,0,0,0,0,38
3,5012,1002.728969,-0.973980009555817,-0.000480728922411799,0,0,0,0,0,38
3,5013,1002.948969,-0.971303582191467,-0.00047746513155289,0,0,0,0,0,38
3,5014,1003.168969,-0.969344675540924,-0.000474072992801666,0,0,0,0,0,38
3,5015,1003.388969,-0.967133700847626,-0.000470568018499762,0,0,0,0,0,38
3,5016,1003.608969,-0.965077877044678,-0.000467074714833871,0,0,0,0,0,38
3,5017,1003.828969,-0.962925016880035,-0.000464087148429826,0,0,0,0,0,38
3,5018,1004.048969,-0.960675239562988,-0.000461200688732788,0,0,0,0,0,38
3,5019,1004.268969,-0.95830911397934,-0.000457454530987889,0,0,0,0,0,38
3,5020,1004.488969,-0.956059336662292,-0.000454941560747102,0,0,0,0,0,38
3,5021,1004.708969,-0.9540034532547,-0.00045215236605145,0,0,0,0,0,38
3,5022,1004.928969,-0.951889455318451,-0.000449086976004764,0,0,0,0,0,38
3,5023,1005.148969,-0.949620246887207,-0.000445986574050039,0,0,0,0,0,38
3,5024,1005.368969,-0.947448074817657,-0.000442928983829916,0,0,0,0,0,38
3,5025,1005.588969,-0.94519829750061,-0.000457851332612336,0,0,0,0,0,38
3,5026,1005.808969,-0.942890286445618,-0.000449394283350557,0,0,0,0,0,38
3,5027,1006.028969,-0.940873265266418,-0.000445072422735393,0,0,0,0,0,38
3,5028,1006.248969,-0.938545882701874,-0.000440898351371288,0,0,0,0,0,38
3,5029,1006.468969,-0.936451256275177,-0.000438070273958147,0,0,0,0,0,38
3,5030,1006.688969,-0.933988153934479,-0.000434639194281772,0,0,0,0,0,38
3,5031,1006.908969,-0.931757748126984,-0.000431962835136801,0,0,0,0,0,38
3,5032,1007.128969,-0.929604947566986,-0.000429340900154784,0,0,0,0,0,38
3,5033,1007.348969,-0.927781820297241,-0.000426722894189879,0,0,0,0,0,38
3,5034,1007.568969,-0.925396263599396,-0.000424641708377749,0,0,0,0,0,38
3,5035,1007.788969,-0.923030138015747,-0.000421623000875115,0,0,0,0,0,38
3,5036,1008.008969,-0.920838534832001,-0.000418915500631556,0,0,0,0,0,38
3,5037,1008.228969,-0.918685674667358,-0.000416293565649539,0,0,0,0,0,38
3,5038,1008.448969,-0.916552305221558,-0.000413831148762256,0,0,0,0,0,38
3,5039,1008.668969,-0.914341270923615,-0.000411746063036844,0,0,0,0,0,38
3,5040,1008.888969,-0.912169098854065,-0.000409198051784188,0,0,0,0,0,38
3,5041,1009.108969,-0.910171389579773,-0.000406887353165075,0,0,0,0,0,38
3,5042,1009.328969,-0.907688915729523,-0.000404627207899466,0,0,0,0,0,38
3,5043,1009.548969,-0.905826985836029,-0.000402647157898173,0,0,0,0,0,38
3,5044,1009.768969,-0.903072953224182,-0.000400118617108092,0,0,0,0,0,38
3,5045,1009.988969,-0.901133477687836,-0.000397718424210325,0,0,0,0,0,38
3,5046,1010.208969,-0.899194002151489,-0.000395831739297137,0,0,0,0,0,38
3,5047,1010.428969,-0.897002398967743,-0.000393668859032914,0,0,0,0,0,38
3,5048,1010.648969,-0.894849598407745,-0.00039187163929455,0,0,0,0,0,38
3,5049,1010.868969,-0.892192542552948,-0.000389518128940836,0,0,0,0,0,38
3,5050,1011.088969,-0.890272438526154,-0.000387149077141657,0,0,0,0,0,38
3,5051,1011.308969,-0.888061463832855,-0.000385523017030209,0,0,0,0,0,38
3,5052,1011.528969,-0.885811626911163,-0.000383146165404469,0,0,0,0,0,38
3,5053,1011.748969,-0.883426129817963,-0.000380407553166151,0,0,0,0,0,38
3,5054,1011.968969,-0.881661176681519,-0.000378672586521134,0,0,0,0,0,38
3,5055,1012.188969,-0.87913990020752,-0.000376564159523696,0,0,0,0,0,38
3,5056,1012.408969,-0.876909494400024,-0.000374665803974494,0,0,0,0,0,38
3,5057,1012.628969,-0.874717891216278,-0.000372915266780183,0,0,0,0,0,38
3,5058,1012.848969,-0.872584462165833,-0.000370919646229595,0,0,0,0,0,38
3,5059,1013.068969,-0.870567381381989,-0.000368678971426561,0,0,0,0,0,38
3,5060,1013.288969,-0.86804610490799,-0.00036689342232421,0,0,0,0,0,38
3,5061,1013.508969,-0.865970849990845,-0.000365154555765912,0,0,0,0,0,38
3,5062,1013.728969,-0.863818049430847,-0.000362917751772329,0,0,0,0,0,38
3,5063,1013.948969,-0.8615682721138,-0.000360785983502865,0,0,0,0,0,38
3,5064,1014.168969,-0.859589993953705,-0.000359113240847364,0,0,0,0,0,38
3,5065,1014.388969,-0.857320845127106,-0.000357448298018426,0,0,0,0,0,38
3,5066,1014.608969,-0.85493528842926,-0.000355448777554557,0,0,0,0,0,38
3,5067,1014.828969,-0.852666079998016,-0.000353562092641369,0,0,0,0,0,38
3,5068,1015.048969,-0.850493848323822,-0.000351982715073973,0,0,0,0,0,38
3,5069,1015.268969,-0.848593175411224,-0.000349691457813606,0,0,0,0,0,38
3,5070,1015.488969,-0.846265852451324,-0.000347439112374559,0,0,0,0,0,38
3,5071,1015.708969,-0.84384149312973,-0.000346361543051898,0,0,0,0,0,38
3,5072,1015.928969,-0.841455936431885,-0.000344968895660713,0,0,0,0,0,38
3,5073,1016.148969,-0.839691042900085,-0.000342942163115367,0,0,0,0,0,38
3,5074,1016.368969,-0.83755761384964,-0.000341261649737135,0,0,0,0,0,38
3,5075,1016.588969,-0.835366010665894,-0.000339083198923618,0,0,0,0,0,38
3,5076,1016.808969,-0.832883477210999,-0.000337064266204834,0,0,0,0,0,38
3,5077,1017.028969,-0.830982804298401,-0.000335134769557044,0,0,0,0,0,38
3,5078,1017.248969,-0.828636050224304,-0.000333994976244867,0,0,0,0,0,38
3,5079,1017.468969,-0.82646381855011,-0.000331571471178904,0,0,0,0,0,38
3,5080,1017.688969,-0.824058890342712,-0.000329890928696841,0,0,0,0,0,38
3,5081,1017.908969,-0.822177588939667,-0.000328004243783653,0,0,0,0,0,38
3,5082,1018.128969,-0.819636881351471,-0.000326603825669736,0,0,0,0,0,38
3,5083,1018.348969,-0.817445278167725,-0.000324818276567385,0,0,0,0,0,38
3,5084,1018.568969,-0.815389454364777,-0.000323289481457323,0,0,0,0,0,38
3,5085,1018.788969,-0.813100874423981,-0.000321336643537506,0,0,0,0,0,38
3,5086,1019.008969,-0.810967445373535,-0.000319671700708568,0,0,0,0,0,38
3,5087,1019.228969,-0.808930993080139,-0.000317816127790138,0,0,0,0,0,38
3,5088,1019.448969,-0.806623041629791,-0.00031633788603358,0,0,0,0,0,38
3,5089,1019.668969,-0.804295659065247,-0.000314353965222836,0,0,0,0,0,38
3,5090,1019.888969,-0.802375614643097,-0.000313027441734448,0,0,0,0,0,38
3,5091,1020.108969,-0.800028800964355,-0.000311296345898882,0,0,0,0,0,38
3,5092,1020.328969,-0.797759652137756,-0.000309600261971354,0,0,0,0,0,38
3,5093,1020.548969,-0.795703828334808,-0.000307686335872859,0,0,0,0,0,38
3,5094,1020.768969,-0.793570399284363,-0.000306320929666981,0,0,0,0,0,38
3,5095,1020.988969,-0.791320621967316,-0.000304364220937714,0,0,0,0,0,38
3,5096,1021.208969,-0.789051413536072,-0.000302672036923468,0,0,0,0,0,38
3,5097,1021.428969,-0.787034392356873,-0.000301116000628099,0,0,0,0,0,38
3,5098,1021.648969,-0.78447425365448,-0.000299875071505085,0,0,0,0,0,38
3,5099,1021.868969,-0.782612383365631,-0.000298015598673373,0,0,0,0,0,38
3,5100,1022.088969,-0.780129849910736,-0.000296338985208422,0,0,0,0,0,38
3,5101,1022.308969,-0.777996420860291,-0.000294592318823561,0,0,0,0,0,38
3,5102,1022.528969,-0.775785446166992,-0.000292939046630636,0,0,0,0,0,38
3,5103,1022.748969,-0.773748993873596,-0.000291351898340508,0,0,0,0,0,38
3,5104,1022.968969,-0.7714022397995,-0.000289885327219963,0,0,0,0,0,38
3,5105,1023.188969,-0.769133031368256,-0.000288399314740673,0,0,0,0,0,38
3,5106,1023.408969,-0.767232358455658,-0.000286676018731669,0,0,0,0,0,38
3,5107,1023.628969,-0.764846801757813,-0.000285384507151321,0,0,0,0,0,38
3,5108,1023.848969,-0.762403070926666,-0.000283373316051438,0,0,0,0,0,38
3,5109,1024.068969,-0.760405421257019,-0.000281766726402566,0,0,0,0,0,38
3,5110,1024.288969,-0.757942318916321,-0.00028055690927431,0,0,0,0,0,38
3,5111,1024.508969,-0.756157994270325,-0.000278954190434888,0,0,0,0,0,38
3,5112,1024.728969,-0.753539681434631,-0.000277121958788484,0,0,0,0,0,38
3,5113,1024.948969,-0.751580834388733,-0.000275390892056748,0,0,0,0,0,38
3,5114,1025.168969,-0.749583184719086,-0.000274126592557877,0,0,0,0,0,38
3,5115,1025.388969,-0.747178196907043,-0.000272617238806561,0,0,0,0,0,38
3,5116,1025.608969,-0.744870245456696,-0.000270158721832559,0,0,0,0,0,38
3,5117,1025.828969,-0.742659270763397,-0.000269158976152539,0,0,0,0,0,38
3,5118,1026.048969,-0.740894317626953,-0.00026741620968096,0,0,0,0,0,38
3,5119,1026.268969,-0.738489389419556,-0.000265735696302727,0,0,0,0,0,38
3,5120,1026.488969,-0.736065030097961,-0.000264121306827292,0,0,0,0,0,38
3,5121,1026.708969,-0.734028577804565,-0.000262775341980159,0,0,0,0,0,38
3,5122,1026.928969,-0.731972754001617,-0.000261487730313092,0,0,0,0,0,38
3,5123,1027.148969,-0.729781150817871,-0.000259818887570873,0,0,0,0,0,38
3,5124,1027.368969,-0.727434396743774,-0.000258274521911517,0,0,0,0,0,38
3,5125,1027.588969,-0.725126445293427,-0.000256138853728771,0,0,0,0,0,38
3,5126,1027.808969,-0.72293484210968,-0.000255403632763773,0,0,0,0,0,38
3,5127,1028.028969,-0.720685064792633,-0.00025349750649184,0,0,0,0,0,38
3,5128,1028.248969,-0.718590438365936,-0.000251781952101737,0,0,0,0,0,38
3,5129,1028.468969,-0.716321229934692,-0.000250649958616123,0,0,0,0,0,38
3,5130,1028.688969,-0.714245975017548,-0.000249066681135446,0,0,0,0,0,38
3,5131,1028.908969,-0.712131977081299,-0.000247230578679591,0,0,0,0,0,38
3,5132,1029.128969,-0.710114896297455,-0.000246265815803781,0,0,0,0,0,38
3,5133,1029.348969,-0.707477211952209,-0.000244534749072045,0,0,0,0,0,38
3,5134,1029.568969,-0.705518364906311,-0.000242710288148373,0,0,0,0,0,38
3,5135,1029.788969,-0.703404366970062,-0.000241535482928157,0,0,0,0,0,38
3,5136,1030.008969,-0.700883030891418,-0.000240018358454108,0,0,0,0,0,38
3,5137,1030.228969,-0.69841992855072,-0.000238396183704026,0,0,0,0,0,38
3,5138,1030.448969,-0.696693778038025,-0.000236661217059009,0,0,0,0,0,38
3,5139,1030.668969,-0.694676756858826,-0.000235836516367272,0,0,0,0,0,38
3,5140,1030.888969,-0.69203907251358,-0.000234346618526615,0,0,0,0,0,38
3,5141,1031.108969,-0.689808666706085,-0.00023228487407323,0,0,0,0,0,38
3,5142,1031.328969,-0.687752842903137,-0.000231670230277814,0,0,0,0,0,38
3,5143,1031.548969,-0.685658156871796,-0.000229608485824429,0,0,0,0,0,38
3,5144,1031.768969,-0.683641135692596,-0.000228320874157362,0,0,0,0,0,38
3,5145,1031.988969,-0.68144953250885,-0.000227033262490295,0,0,0,0,0,38
3,5146,1032.208969,-0.678889453411102,-0.000225029871216975,0,0,0,0,0,38
3,5147,1032.428969,-0.676445722579956,-0.000223477720282972,0,0,0,0,0,38
3,5148,1032.648969,-0.674525618553162,-0.000222407950786874,0,0,0,0,0,38
3,5149,1032.868969,-0.672430992126465,-0.000220816902583465,0,0,0,0,0,38
3,5150,1033.088969,-0.670239388942719,-0.000219782144995406,0,0,0,0,0,38
3,5151,1033.308969,-0.668008983135223,-0.000217973254621029,0,0,0,0,0,38
3,5152,1033.528969,-0.665856182575226,-0.000216666187043302,0,0,0,0,0,38
3,5153,1033.748969,-0.663780927658081,-0.00021541747264564,0,0,0,0,0,38
3,5154,1033.968969,-0.661531150341034,-0.000214184314245358,0,0,0,0,0,38
3,5155,1034.188969,-0.659165024757385,-0.000212538812775165,0,0,0,0,0,38
3,5156,1034.408969,-0.657225549221039,-0.000211153936106712,0,0,0,0,0,38
3,5157,1034.628969,-0.654665410518646,-0.000209846868528984,0,0,0,0,0,38
3,5158,1034.848969,-0.652687191963196,-0.000208411423955113,0,0,0,0,0,38
3,5159,1035.068969,-0.650340437889099,-0.000207014891202562,0,0,0,0,0,38
3,5160,1035.288969,-0.648226380348206,-0.000206232987693511,0,0,0,0,0,38
3,5161,1035.508969,-0.646228730678558,-0.000204758645850234,0,0,0,0,0,38
3,5162,1035.728969,-0.643804371356964,-0.000202766925212927,0,0,0,0,0,38
3,5163,1035.948969,-0.641438245773315,-0.000201525981537998,0,0,0,0,0,38
3,5164,1036.168969,-0.639634549617767,-0.000200417314772494,0,0,0,0,0,38
3,5165,1036.388969,-0.637268364429474,-0.000198865163838491,0,0,0,0,0,38
3,5166,1036.608969,-0.634902238845825,-0.000197336368728429,0,0,0,0,0,38
3,5167,1036.828969,-0.632962763309479,-0.000196087654330768,0,0,0,0,0,38
3,5168,1037.048969,-0.630674183368683,-0.000195084008737467,0,0,0,0,0,38
3,5169,1037.268969,-0.628443777561188,-0.000193504631170072,0,0,0,0,0,38
3,5170,1037.488969,-0.626213371753693,-0.0001927927514771,0,0,0,0,0,38
3,5171,1037.708969,-0.624196350574493,-0.000191244500456378,0,0,0,0,0,38
3,5172,1037.928969,-0.621849596500397,-0.000189688464161009,0,0,0,0,0,38
3,5173,1038.148969,-0.619541585445404,-0.000188155769137666,0,0,0,0,0,38
3,5174,1038.368969,-0.617408156394959,-0.000187397206900641,0,0,0,0,0,38
3,5175,1038.588969,-0.615255355834961,-0.000185883953236043,0,0,0,0,0,38
3,5176,1038.808969,-0.613257706165314,-0.000184666365385056,0,0,0,0,0,38
3,5177,1039.028969,-0.610891580581665,-0.000183561583980918,0,0,0,0,0,38
3,5178,1039.248969,-0.608641743659973,-0.000181713796337135,0,0,0,0,0,38
3,5179,1039.468969,-0.606527745723724,-0.000180889095645398,0,0,0,0,0,38
3,5180,1039.688969,-0.604142189025879,-0.000179675393155776,0,0,0,0,0,38
3,5181,1039.908969,-0.602202713489532,-0.000179632595973089,0,0,0,0,0,38
3,5182,1040.128969,-0.599817156791687,-0.000176753936102614,0,0,0,0,0,38
3,5183,1040.348969,-0.597761332988739,-0.000175711393239908,0,0,0,0,0,38
3,5184,1040.568969,-0.595433950424194,-0.000174361528479494,0,0,0,0,0,38
3,5185,1040.788969,-0.593261778354645,-0.00017291831318289,0,0,0,0,0,38
3,5186,1041.008969,-0.590837419033051,-0.000171587904333137,0,0,0,0,0,38
3,5187,1041.228969,-0.588781595230103,-0.000170514234923758,0,0,0,0,0,38
3,5188,1041.448969,-0.586493015289307,-0.000168950427905656,0,0,0,0,0,38
3,5189,1041.668969,-0.584223806858063,-0.000167884543770924,0,0,0,0,0,38
3,5190,1041.888969,-0.582167983055115,-0.000167118196259253,0,0,0,0,0,38
3,5191,1042.108969,-0.579879403114319,-0.00016543768288102,0,0,0,0,0,38
3,5192,1042.328969,-0.577998101711273,-0.000164379584020935,0,0,0,0,0,38
3,5193,1042.548969,-0.575670778751373,-0.000163068616529927,0,0,0,0,0,38
3,5194,1042.768969,-0.573537349700928,-0.00016211555339396,0,0,0,0,0,38
3,5195,1042.988969,-0.571209967136383,-0.000160847383085638,0,0,0,0,0,38
3,5196,1043.208969,-0.569134712219238,-0.00015962979523465,0,0,0,0,0,38
3,5197,1043.428969,-0.566904366016388,-0.000158552240463905,0,0,0,0,0,38
3,5198,1043.648969,-0.564635157585144,-0.000157319082063623,0,0,0,0,0,38
3,5199,1043.868969,-0.562424182891846,-0.000156533278641291,0,0,0,0,0,38
3,5200,1044.088969,-0.56038773059845,-0.00015493445971515,0,0,0,0,0,38
3,5201,1044.308969,-0.558293104171753,-0.000153705186676234,0,0,0,0,0,38
3,5202,1044.528969,-0.555771768093109,-0.000152861044625752,0,0,0,0,0,38
3,5203,1044.748969,-0.553289234638214,-0.000150733176269569,0,0,0,0,0,38
3,5204,1044.968969,-0.551582515239716,-0.000149830666487105,0,0,0,0,0,38
3,5205,1045.188969,-0.54919695854187,-0.000148449689731933,0,0,0,0,0,38
3,5206,1045.408969,-0.547102332115173,-0.000147827275213785,0,0,0,0,0,38
3,5207,1045.628969,-0.544755578041077,-0.000146282909554429,0,0,0,0,0,38
3,5208,1045.848969,-0.542738497257233,-0.000145648824400269,0,0,0,0,0,38
3,5209,1046.068969,-0.540333569049835,-0.000143598750582896,0,0,0,0,0,38
3,5210,1046.288969,-0.538258373737335,-0.000143431490869261,0,0,0,0,0,38
3,5211,1046.508969,-0.535834014415741,-0.000141529235406779,0,0,0,0,0,38
3,5212,1046.728969,-0.533836364746094,-0.00014044001000002,0,0,0,0,0,38
3,5213,1046.948969,-0.531683564186096,-0.000139125157147646,0,0,0,0,0,38
3,5214,1047.168969,-0.529472529888153,-0.000138526083901525,0,0,0,0,0,38
3,5215,1047.388969,-0.527183949947357,-0.000136892253067344,0,0,0,0,0,38
3,5216,1047.608969,-0.525166928768158,-0.000136188144097105,0,0,0,0,0,38
3,5217,1047.828969,-0.522761940956116,-0.000134939429699443,0,0,0,0,0,38
3,5218,1048.048969,-0.520628571510315,-0.000133640147396363,0,0,0,0,0,38
3,5219,1048.268969,-0.518824815750122,-0.000132671513711102,0,0,0,0,0,38
3,5220,1048.488969,-0.516342341899872,-0.000131111592054367,0,0,0,0,0,38
3,5221,1048.708969,-0.514073133468628,-0.000130524189444259,0,0,0,0,0,38
3,5222,1048.928969,-0.511687576770782,-0.000129147098050453,0,0,0,0,0,38
3,5223,1049.148969,-0.509592950344086,-0.000128326297271997,0,0,0,0,0,38
3,5224,1049.368969,-0.507517695426941,-0.000126988103147596,0,0,0,0,0,38
3,5225,1049.588969,-0.505326092243195,-0.000126023369375616,0,0,0,0,0,38
3,5226,1049.808969,-0.502979338169098,-0.000124945814604871,0,0,0,0,0,38
3,5227,1050.028969,-0.500904142856598,-0.000123603735119104,0,0,0,0,0,38
3,5228,1050.248969,-0.498421609401703,-0.000123372301459312,0,0,0,0,0,38
3,5229,1050.468969,-0.496540307998657,-0.000121851488074753,0,0,0,0,0,38
3,5230,1050.688969,-0.49413537979126,-0.000120786455227062,0,0,0,0,0,38
3,5231,1050.908969,-0.491807997226715,-0.00011971404455835,0,0,0,0,0,38
3,5232,1051.128969,-0.489790946245193,-0.000118656003905926,0,0,0,0,0,38
3,5233,1051.348969,-0.487618744373322,-0.00011753191211028,0,0,0,0,0,38
3,5234,1051.568969,-0.485485315322876,-0.00011641326273093,0,0,0,0,0,38
3,5235,1051.788969,-0.483254939317703,-0.000115335795271676,0,0,0,0,0,38
3,5236,1052.008969,-0.481140911579132,-0.000114190726890229,0,0,0,0,0,38
3,5237,1052.228969,-0.478677779436111,-0.000113193687866442,0,0,0,0,0,38
3,5238,1052.448969,-0.47681587934494,-0.000111960413050838,0,0,0,0,0,38
3,5239,1052.668969,-0.474527299404144,-0.000111250912596006,0,0,0,0,0,38
3,5240,1052.888969,-0.472316324710846,-0.000110187429527286,0,0,0,0,0,38
3,5241,1053.108969,-0.469988942146301,-0.000108935120806564,0,0,0,0,0,38
3,5242,1053.328969,-0.467739164829254,-0.000108210850157775,0,0,0,0,0,38
3,5243,1053.548969,-0.465722113847733,-0.000107200212369207,0,0,0,0,0,38
3,5244,1053.768969,-0.463181406259537,-0.000106287501694169,0,0,0,0,0,38
3,5245,1053.988969,-0.461203128099442,-0.00010513115557842,0,0,0,0,0,38
3,5246,1054.208969,-0.458759397268295,-0.000103908758319449,0,0,0,0,0,38
3,5247,1054.428969,-0.456703573465347,-0.000102941252407618,0,0,0,0,0,38
3,5248,1054.648969,-0.454783499240875,-0.00010204641148448,0,0,0,0,0,38
3,5249,1054.868969,-0.452591896057129,-0.000100831399322487,0,0,0,0,0,38
3,5250,1055.088969,-0.450148165225983,-0.000100179786386434,0,0,0,0,0,38
3,5251,1055.308969,-0.447859585285187,-9.89088221103884E-05,0,0,0,0,0,38
3,5252,1055.528969,-0.445842534303665,-9.81697885436006E-05,0,0,0,0,0,38
3,5253,1055.748969,-0.443534553050995,-9.70126711763442E-05,0,0,0,0,0,38
3,5254,1055.968969,-0.441323548555374,-9.61345358518884E-05,0,0,0,0,0,38
3,5255,1056.188969,-0.439190149307251,-9.51425536186434E-05,0,0,0,0,0,38
3,5256,1056.408969,-0.437114894390106,-9.44497587624937E-05,0,0,0,0,0,38
3,5257,1056.628969,-0.434865117073059,-9.33357659960166E-05,0,0,0,0,0,38
3,5258,1056.848969,-0.432537764310837,-9.25470012589358E-05,0,0,0,0,0,38
3,5259,1057.068969,-0.430637061595917,-9.16824646992609E-05,0,0,0,0,0,38
3,5260,1057.288969,-0.428251504898071,-9.05109700397588E-05,0,0,0,0,0,38
3,5261,1057.508969,-0.426001727581024,-8.98278885870241E-05,0,0,0,0,0,38
3,5262,1057.728969,-0.423984676599503,-8.86703783180565E-05,0,0,0,0,0,38
3,5263,1057.948969,-0.421793073415756,-8.80331499502063E-05,0,0,0,0,0,38
3,5264,1058.168969,-0.419717848300934,-8.69945361046121E-05,0,0,0,0,0,38
3,5265,1058.388969,-0.417312890291214,-8.58622879604809E-05,0,0,0,0,0,38
3,5266,1058.608969,-0.415043711662292,-8.53307428769767E-05,0,0,0,0,0,38
3,5267,1058.828969,-0.412852108478546,-8.4323990449775E-05,0,0,0,0,0,38
3,5268,1059.048969,-0.410524755716324,-8.32570221973583E-05,0,0,0,0,0,38
3,5269,1059.268969,-0.408721029758453,-8.25389652163722E-05,0,0,0,0,0,38
3,5270,1059.488969,-0.406238526105881,-8.17773980088532E-05,0,0,0,0,0,38
3,5271,1059.708969,-0.404143899679184,-8.06074604042806E-05,0,0,0,0,0,38
3,5272,1059.928969,-0.401758342981339,-7.98377295723185E-05,0,0,0,0,0,38
3,5273,1060.148969,-0.399644315242767,-7.91981656220742E-05,0,0,0,0,0,38
3,5274,1060.368969,-0.397763013839722,-7.86060045356862E-05,0,0,0,0,0,38
3,5275,1060.588969,-0.395319283008575,-7.74457803345285E-05,0,0,0,0,0,38
3,5276,1060.808969,-0.393282860517502,-7.66741068218835E-05,0,0,0,0,0,38
3,5277,1061.028969,-0.390897303819656,-7.58756214054301E-05,0,0,0,0,0,38
3,5278,1061.248969,-0.388628125190735,-7.49947648728266E-05,0,0,0,0,0,38
3,5279,1061.468969,-0.38614559173584,-7.40175528335385E-05,0,0,0,0,0,38
3,5280,1061.688969,-0.384244918823242,-7.3432776844129E-05,0,0,0,0,0,38
3,5281,1061.908969,-0.381839960813522,-7.24404017091729E-05,0,0,0,0,0,38
3,5282,1062.128969,-0.379822909832001,-7.19139061402529E-05,0,0,0,0,0,38
3,5283,1062.348969,-0.377553731203079,-7.12230539647862E-05,0,0,0,0,0,38
3,5284,1062.568969,-0.375362128019333,-7.01657991157845E-05,0,0,0,0,0,38
3,5285,1062.788969,-0.373558431863785,-6.94632908562198E-05,0,0,0,0,0,38
3,5286,1063.008969,-0.371056497097015,-6.86049679643475E-05,0,0,0,0,0,38
3,5287,1063.228969,-0.368767917156219,-6.77921125316061E-05,0,0,0,0,0,38
3,5288,1063.448969,-0.366964221000671,-6.68914362904616E-05,0,0,0,0,0,38
3,5289,1063.668969,-0.364520490169525,-6.61702797515318E-05,0,0,0,0,0,38
3,5290,1063.888969,-0.362212508916855,-6.56076517770998E-05,0,0,0,0,0,38
3,5291,1064.108969,-0.360156685113907,-6.48235436528921E-05,0,0,0,0,0,38
3,5292,1064.328969,-0.357926279306412,-6.39496793155558E-05,0,0,0,0,0,38
3,5293,1064.548969,-0.355598926544189,-6.33283780189231E-05,0,0,0,0,0,38
3,5294,1064.768969,-0.353465497493744,-6.26076071057469E-05,0,0,0,0,0,38
3,5295,1064.988969,-0.351176917552948,-6.17516197962686E-05,0,0,0,0,0,38
3,5296,1065.208969,-0.349140465259552,-6.11019568168558E-05,0,0,0,0,0,38
3,5297,1065.428969,-0.346754908561707,-6.02906511630863E-05,0,0,0,0,0,38
3,5298,1065.648969,-0.34466028213501,-5.95648307353258E-05,0,0,0,0,0,38
3,5299,1065.868969,-0.342352330684662,-5.86404530622531E-05,0,0,0,0,0,38
3,5300,1066.088969,-0.340393453836441,-5.80370287934784E-05,0,0,0,0,0,38
3,5301,1066.308969,-0.338143676519394,-5.74522528040688E-05,0,0,0,0,0,38
3,5302,1066.528969,-0.335796922445297,-5.6700395361986E-05,0,0,0,0,0,38
3,5303,1066.748969,-0.333721667528152,-5.56990889890585E-05,0,0,0,0,0,38
3,5304,1066.968969,-0.331219762563705,-5.50035729247611E-05,0,0,0,0,0,38
3,5305,1067.188969,-0.329454839229584,-5.45307011634577E-05,0,0,0,0,0,38
3,5306,1067.408969,-0.326972305774689,-5.37131782039069E-05,0,0,0,0,0,38
3,5307,1067.628969,-0.324897080659866,-5.32752746948972E-05,0,0,0,0,0,38
3,5308,1067.848969,-0.322763651609421,-5.23827620781958E-05,0,0,0,0,0,38
3,5309,1068.068969,-0.320475071668625,-5.18959022883791E-05,0,0,0,0,0,38
3,5310,1068.288969,-0.318244695663452,-5.10966456204187E-05,0,0,0,0,0,38
3,5311,1068.508969,-0.315975517034531,-5.04038471262902E-05,0,0,0,0,0,38
3,5312,1068.728969,-0.31401664018631,-4.96671455039177E-05,0,0,0,0,0,38
3,5313,1068.948969,-0.311631083488464,-4.90516758873127E-05,0,0,0,0,0,38
3,5314,1069.168969,-0.309536457061768,-4.84735028294381E-05,0,0,0,0,0,38
3,5315,1069.388969,-0.307519406080246,-4.78642468806356E-05,0,0,0,0,0,38
3,5316,1069.608969,-0.305114477872849,-4.71854400529992E-05,0,0,0,0,0,38
3,5317,1069.828969,-0.303019851446152,-4.65451012132689E-05,0,0,0,0,0,38
3,5318,1070.048969,-0.300808846950531,-4.60329829365946E-05,0,0,0,0,0,38
3,5319,1070.268969,-0.298617243766785,-4.52438289357815E-05,0,0,0,0,0,38
3,5320,1070.488969,-0.296367436647415,-4.48917962785345E-05,0,0,0,0,0,38
3,5321,1070.708969,-0.293904334306717,-4.39308969362173E-05,0,0,0,0,0,38
3,5322,1070.928969,-0.291654527187347,-4.33115383202676E-05,0,0,0,0,0,38
3,5323,1071.148969,-0.28975385427475,-4.25437538069673E-05,0,0,0,0,0,38
3,5324,1071.368969,-0.287251949310303,-4.22682678618003E-05,0,0,0,0,0,38
3,5325,1071.588969,-0.285293072462082,-4.18330855609383E-05,0,0,0,0,0,38
3,5326,1071.808969,-0.282965689897537,-4.10652974096593E-05,0,0,0,0,0,38
3,5327,1072.028969,-0.280987441539764,-4.06876242777798E-05,0,0,0,0,0,38
3,5328,1072.248969,-0.278737664222717,-4.0001432353165E-05,0,0,0,0,0,38
3,5329,1072.468969,-0.276526659727097,-3.96315263060387E-05,0,0,0,0,0,38
3,5330,1072.688969,-0.274141103029251,-3.88474218198098E-05,0,0,0,0,0,38
3,5331,1072.908969,-0.272085279226303,-3.85198691219557E-05,0,0,0,0,0,38
3,5332,1073.128969,-0.269913047552109,-3.79389784939121E-05,0,0,0,0,0,38
3,5333,1073.348969,-0.267449915409088,-3.72489048459101E-05,0,0,0,0,0,38
3,5334,1073.568969,-0.265588045120239,-3.679002111312E-05,0,0,0,0,0,38
3,5335,1073.788969,-0.263435214757919,-3.63797043974046E-05,0,0,0,0,0,38
3,5336,1074.008969,-0.261049687862396,-3.59736623067874E-05,0,0,0,0,0,38
3,5337,1074.228969,-0.258799880743027,-3.5506618587533E-05,0,0,0,0,0,38
3,5338,1074.448969,-0.256666481494904,-3.52598872268572E-05,0,0,0,0,0,38
3,5339,1074.668969,-0.254533052444458,-3.44369254889898E-05,0,0,0,0,0,38
3,5340,1074.888969,-0.252322047948837,-2.47125390160363E-05,0,0,0,0,0,38
3,5341,1075.108969,-0.25007227063179,-2.2036943846615E-05,0,0,0,0,0,38
3,5342,1075.328969,-0.247938841581345,-1.97875942831161E-05,0,0,0,0,0,38
3,5343,1075.548969,-0.245786026120186,-1.81311806954909E-05,0,0,0,0,0,38
3,5344,1075.768969,-0.243458673357964,-1.6093206795631E-05,0,0,0,0,0,38
3,5345,1075.988969,-0.241267070174217,-1.27263701870106E-05,0,0,0,0,0,38
3,5346,1076.208969,-0.239094853401184,6.98967710377474E-08,0,0,0,0,0,38
3,5347,1076.428969,-0.236825674772263,2.08428101444724E-08,0,0,0,0,0,38
3,5348,1076.648969,-0.235739573836327,1.30416681898282E-08,0,0,0,0,0,38
3,5349,1076.868969,-0.232558831572533,2.26334915254256E-08,0,0,0,0,0,38
3,5350,1077.088969,-0.231453344225883,3.66747663349543E-08,0,0,0,0,0,38
3,5351,1077.308969,-0.228873834013939,2.74410805189973E-08,0,0,0,0,0,38
3,5352,1077.528969,-0.225634917616844,3.68810866291369E-08,0,0,0,0,0,38
3,5353,1077.748969,-0.223288163542748,2.45370639362363E-08,0,0,0,0,0,38
3,5354,1077.968969,-0.220611691474915,5.91049982290315E-08,0,0,0,0,0,38
3,5355,1078.188969,-0.219389826059341,2.53893328583388E-09,0,0,0,0,0,38
3,5356,1078.408969,-0.217004269361496,1.1531267496423E-08,0,0,0,0,0,38
3,5357,1078.628969,-0.21617029607296,1.31545592196858E-08,0,0,0,0,0,38
3,5358,1078.848969,-0.212233170866966,6.64192878474523E-09,0,0,0,0,0,38
3,5359,1079.068969,-0.209750652313232,4.30550421981479E-08,0,0,0,0,0,38
3,5360,1079.288969,-0.208121493458748,5.40093409995279E-08,0,0,0,0,0,38
3,5361,1079.508969,-0.206783264875412,2.38791830753371E-08,0,0,0,0,0,38
3,5362,1079.728969,-0.203777074813843,1.13727915973527E-10,0,0,0,0,0,38
3,5363,1079.948969,-0.201410919427872,-1.12843476784974E-08,0,0,0,0,0,38
3,5364,1080.168969,-0.199549034237862,-6.62079058244558E-09,0,0,0,0,0,38
3,5365,1080.388969,-0.197396218776703,1.58520074844404E-09,0,0,0,0,0,38
3,5366,1080.608969,-0.195320978760719,-9.98026461473955E-09,0,0,0,0,0,38
3,5367,1080.828969,-0.1914032548666,6.49400311303339E-09,0,0,0,0,0,38
3,5368,1081.048969,-0.189793482422829,1.157019546838E-08,0,0,0,0,0,38
3,5369,1081.268969,-0.187660068273544,-1.10468878489201E-08,0,0,0,0,0,38
3,5370,1081.488969,-0.186612755060196,2.24271730075998E-08,0,0,0,0,0,38
3,5371,1081.708969,-0.184867233037949,-2.54504439745062E-09,0,0,0,0,0,38
3,5372,1081.928969,-0.181395575404167,-2.95531901173263E-08,0,0,0,0,0,38
3,5373,1082.148969,-0.181124046444893,3.91077570327525E-08,0,0,0,0,0,38
3,5374,1082.368969,-0.178234234452248,6.39279074121646E-09,0,0,0,0,0,38
3,5375,1082.588969,-0.175809904932976,-7.95601629022258E-09,0,0,0,0,0,38
3,5376,1082.808969,-0.172493398189545,-2.59951828951444E-08,0,0,0,0,0,38
3,5377,1083.028969,-0.171116381883621,1.46532812550504E-08,0,0,0,0,0,38
3,5378,1083.248969,-0.166888326406479,-2.34220518535722E-08,0,0,0,0,0,38
3,5379,1083.468969,-0.167489558458328,3.03840259618937E-08,0,0,0,0,0,38
3,5380,1083.688969,-0.163630023598671,1.1250986808875E-08,0,0,0,0,0,38
3,5381,1083.908969,-0.162369355559349,8.73624728114919E-09,0,0,0,0,0,38
3,5382,1084.128969,-0.159091651439667,-7.48498951708143E-09,0,0,0,0,0,38
3,5383,1084.348969,-0.158044338226318,-2.81128578194512E-08,0,0,0,0,0,38
3,5384,1084.568969,-0.156085476279259,1.57741519846155E-09,0,0,0,0,0,38
3,5385,1084.788969,-0.153331428766251,1.9951361451831E-08,0,0,0,0,0,38
3,5386,1085.008969,-0.151101037859917,1.37774041064631E-08,0,0,0,0,0,38
3,5387,1085.228969,-0.147609978914261,-2.42590019183808E-08,0,0,0,0,0,38
3,5388,1085.448969,-0.145379588007927,-3.35085115210632E-09,0,0,0,0,0,38
3,5389,1085.668969,-0.144661977887154,-3.64670271757461E-09,0,0,0,0,0,38
3,5390,1085.888969,-0.141694590449333,1.80906098989908E-08,0,0,0,0,0,38
3,5391,1086.108969,-0.139502987265587,2.7133550517533E-08,0,0,0,0,0,38
3,5392,1086.328969,-0.138358697295189,-8.62168203497049E-09,0,0,0,0,0,38
3,5393,1086.548969,-0.136380434036255,-1.6372217359617E-08,0,0,0,0,0,38
3,5394,1086.768969,-0.133568212389946,-8.57886206517833E-09,0,0,0,0,0,38
3,5395,1086.988969,-0.130193531513214,1.22786820710985E-08,0,0,0,0,0,38
3,5396,1087.208969,-0.128952264785767,-1.18098739676498E-08,0,0,0,0,0,38
3,5397,1087.428969,-0.127303719520569,-9.77005409907861E-09,0,0,0,0,0,38
3,5398,1087.648969,-0.124355718493462,-1.0828891561232E-08,0,0,0,0,0,38
3,5399,1087.868969,-0.121659852564335,-9.31459798181322E-09,0,0,0,0,0,38
3,5400,1088.088969,-0.121659852564335,1.5618692117414E-08,0,0,0,0,0,38
3,5401,1088.308969,-0.117199070751667,-1.1712553593668E-08,0,0,0,0,0,38
3,5402,1088.528969,-0.11570567637682,-1.80188663989611E-08,0,0,0,0,0,38
3,5403,1088.748969,-0.113378308713436,-1.46554999247428E-08,0,0,0,0,0,38
3,5404,1088.968969,-0.111768543720245,-1.73220584542833E-08,0,0,0,0,0,38
3,5405,1089.188969,-0.1088787317276,-3.05889225060696E-09,0,0,0,0,0,38
3,5406,1089.408969,-0.10591134428978,-1.65473927893345E-08,0,0,0,0,0,38
3,5407,1089.628969,-0.10420460999012,4.62935911826889E-09,0,0,0,0,0,38
3,5408,1089.848969,-0.101916030049324,-4.18001411262026E-09,0,0,0,0,0,38
3,5409,1090.068969,-0.0998989790678024,-2.34220518535722E-08,0,0,0,0,0,38
3,5410,1090.288969,-0.092276856303215,-1.19873590165298E-07,0,0,0,0,0,38
3,5411,1090.508969,-0.0965436920523643,3.69509045583527E-09,0,0,0,0,0,38
3,5412,1090.728969,-0.095496378839016,-1.37095526042685E-08,0,0,0,0,0,38
3,5413,1090.948969,-0.0925483852624893,1.94803355668682E-08,0,0,0,0,0,38
3,5414,1091.168969,-0.0904925465583801,-1.15568425940182E-08,0,0,0,0,0,38
3,5415,1091.388969,-0.088766410946846,-3.30049626517948E-10,0,0,0,0,0,38
3,5416,1091.608969,-0.0848680734634399,-3.09701633227633E-08,0,0,0,0,0,38
3,5417,1091.828969,-0.0826764702796936,-1.03306154741745E-08,0,0,0,0,0,38
3,5418,1092.048969,-0.0814158171415329,-5.09871167508891E-09,0,0,0,0,0,38
3,5419,1092.268969,-0.0772847458720207,-2.4905203233061E-08,0,0,0,0,0,38
3,5420,1092.488969,-0.0758107453584671,5.30670352105744E-09,0,0,0,0,0,38
3,5421,1092.708969,-0.0748216137290001,-2.49441320931965E-08,0,0,0,0,0,38
3,5422,1092.928969,-0.0718348249793053,-1.07004298754987E-08,0,0,0,0,0,38
3,5423,1093.148969,-0.06954625248909,-2.70812705593926E-08,0,0,0,0,0,38
3,5424,1093.368969,-0.0681498274207115,9.25009491226092E-09,0,0,0,0,0,38
3,5425,1093.588969,-0.0652018338441849,7.68130270500933E-09,0,0,0,0,0,38
3,5426,1093.808969,-0.0621374696493149,-1.59556901024871E-08,0,0,0,0,0,38
3,5427,1094.028969,-0.061439260840416,-1.28103190277784E-08,0,0,0,0,0,38
3,5428,1094.248969,-0.059305839240551,2.22831406659907E-08,0,0,0,0,0,38
3,5429,1094.468969,-0.0568427108228207,-6.27044016709988E-09,0,0,0,0,0,38
3,5430,1094.688969,-0.0538171343505383,-1.2783069713862E-08,0,0,0,0,0,38
3,5431,1094.908969,-0.0525952689349651,1.8740704987863E-08,0,0,0,0,0,38
3,5432,1095.128969,-0.0504036657512188,-1.4667429493187E-09,0,0,0,0,0,38
3,5433,1095.348969,-0.049666665494442,1.21424346133381E-08,0,0,0,0,0,38
3,5434,1095.568969,-0.0460786446928978,8.54160830954243E-09,0,0,0,0,0,38
3,5435,1095.788969,-0.0425875969231129,-1.38419071760154E-08,0,0,0,0,0,38
3,5436,1096.008969,-0.042005755007267,4.48184742651847E-08,0,0,0,0,0,38
3,5437,1096.228969,-0.038340151309967,2.55219383404892E-08,0,0,0,0,0,38
3,5438,1096.448969,-0.0367303900420666,8.77906813911977E-09,0,0,0,0,0,38
3,5439,1096.668969,-0.0352563932538033,-2.12265209853513E-08,0,0,0,0,0,38
3,5440,1096.888969,-0.0331617631018162,2.64873492028528E-08,0,0,0,0,0,38
3,5441,1097.108969,-0.0308150034397841,1.1994508497537E-08,0,0,0,0,0,38
3,5442,1097.328969,-0.0276730600744486,4.29187956285659E-08,0,0,0,0,0,38
3,5443,1097.548969,-0.0245505105704069,3.00414626508427E-08,0,0,0,0,0,38
3,5444,1097.768969,-0.0234644059091806,1.8187931161151E-08,0,0,0,0,0,38
3,5445,1097.988969,-0.0217770654708147,-6.23540508115639E-09,0,0,0,0,0,38
3,5446,1098.208969,-0.0179757010191679,-4.19947809859877E-09,0,0,0,0,0,38
3,5447,1098.428969,-0.0166568607091904,1.43301797095319E-08,0,0,0,0,0,38
3,5448,1098.648969,-0.0140579687431455,-1.08525000097615E-09,0,0,0,0,0,38
3,5449,1098.868969,-0.0127779180184007,3.38486074724642E-08,0,0,0,0,0,38
3,5450,1099.088969,-0.0117887873202562,2.85424883728069E-09,0,0,0,0,0,38
3,5451,1099.308969,-0.00790984369814396,-1.45895739933621E-09,0,0,0,0,0,38
3,5452,1099.528969,-0.00688192388042808,2.65262762866314E-08,0,0,0,0,0,38
3,5453,1099.748969,-0.00311934924684465,2.28398082668946E-08,0,0,0,0,0,38
3,5454,1099.968969,-0.00114108819980174,-1.56676236429121E-08,0,0,0,0,0,38
3,5455,1100.188969,-0.000307115376926959,2.16369375749537E-08,0,0,0,0,0,38
3,5456,1100.408969,0.0036688013933599,-1.20592635877159E-09,0,0,0,0,0,38
3,5457,1100.628969,0.0046191425062716,6.10861716765498E-09,0,0,0,0,0,38
3,5458,1100.848969,0.00783866550773382,-2.13240913815582E-09,0,0,0,0,0,38
3,5459,1101.068969,0.00911871623247862,5.23274046315692E-09,0,0,0,0,0,38
3,5460,1101.288969,0.0113878985866904,1.10368834072005E-08,0,0,0,0,0,38
3,5461,1101.508969,0.0136376852169633,2.17926494627818E-08,0,0,0,0,0,38
3,5462,1101.728969,0.0145492367446423,4.01743811551114E-08,0,0,0,0,0,38
3,5463,1101.948969,0.0184087846428156,1.25901049585764E-08,0,0,0,0,0,38
3,5464,1102.168969,0.0210658609867096,3.3599466320311E-08,0,0,0,0,0,38
3,5465,1102.388969,0.021705886349082,7.36987981753146E-09,0,0,0,0,0,38
3,5466,1102.608969,0.0241108313202858,2.31668035866051E-08,0,0,0,0,0,38
3,5467,1102.828969,0.0259339343756437,1.51513068757936E-09,0,0,0,0,0,38
3,5468,1103.048969,0.0295219570398331,6.55628751289328E-09,0,0,0,0,0,38
3,5469,1103.268969,0.0307050347328186,2.7281476633334E-08,0,0,0,0,0,38
3,5470,1103.488969,0.0330324023962021,-2.89539525688554E-09,0,0,0,0,0,38
3,5471,1103.708969,0.0353985577821732,-9.0966025823036E-09,0,0,0,0,0,38
3,5472,1103.928969,0.037784107029438,-1.4667429493187E-09,0,0,0,0,0,38
3,5473,1104.148969,0.0387344472110271,1.02271844326651E-08,0,0,0,0,0,38
3,5474,1104.368969,0.0425164178013802,-4.42136682821115E-09,0,0,0,0,0,38
3,5475,1104.588969,0.0448243878781796,1.80322192733229E-08,0,0,0,0,0,38
3,5476,1104.808969,0.0470353849232197,-1.47088702329157E-10,0,0,0,0,0,38
3,5477,1105.028969,0.0489942505955696,1.72186265245955E-08,0,0,0,0,0,38
3,5478,1105.248969,0.0517870895564556,2.59384655976191E-08,0,0,0,0,0,38
3,5479,1105.468969,0.0544829554855824,-5.65927260609556E-09,0,0,0,0,0,38
3,5480,1105.688969,0.055801797658205,8.76738948107914E-09,0,0,0,0,0,38
3,5481,1105.908969,0.0575085319578648,-1.53562016436126E-08,0,0,0,0,0,38
3,5482,1106.128969,0.0603013709187508,-3.21224291610633E-08,0,0,0,0,0,38
3,5483,1106.348969,0.0622796341776848,-2.4839026835366E-08,0,0,0,0,0,38
3,5484,1106.568969,0.0638312101364136,-7.10349601362736E-09,0,0,0,0,0,38
3,5485,1106.788969,0.0654797628521919,2.20729301503297E-08,0,0,0,0,0,38
3,5486,1107.008969,0.0687380731105804,1.22903607291391E-08,0,0,0,0,0,38
3,5487,1107.228969,0.0700569152832031,-4.97024954526637E-09,0,0,0,0,0,38
3,5488,1107.448969,0.0738000944256783,2.97845375030192E-08,0,0,0,0,0,38
3,5489,1107.668969,0.0756425932049751,7.51780593333251E-09,0,0,0,0,0,38
3,5490,1107.888969,0.079114243388176,-3.28078098021933E-09,0,0,0,0,0,38
3,5491,1108.108969,0.0793469846248627,2.8768520010658E-08,0,0,0,0,0,38
3,5492,1108.328969,0.0800257995724678,-1.77191221695239E-08,0,0,0,0,0,38
3,5493,1108.548969,0.0844671875238419,1.02271844326651E-08,0,0,0,0,0,38
3,5494,1108.768969,0.0857084468007088,2.26254548429949E-09,0,0,0,0,0,38
3,5495,1108.988969,0.0883267372846603,-1.19850493973672E-08,0,0,0,0,0,38
3,5496,1109.208969,0.0890637338161469,1.53459456253557E-09,0,0,0,0,0,38
3,5497,1109.428969,0.0919147580862045,6.38889785520291E-09,0,0,0,0,0,38
3,5498,1109.648969,0.0945524424314499,-1.19110863394667E-08,0,0,0,0,0,38
3,5499,1109.868969,0.0962009876966476,1.08811724075508E-08,0,0,0,0,0,38
3,5500,1110.088969,0.0998471975326538,1.45053551392493E-08,0,0,0,0,0,38
3,5501,1110.308969,0.102698221802711,-2.794182663024E-09,0,0,0,0,0,38
3,5502,1110.528969,0.10434677451849,1.5260555485952E-08,0,0,0,0,0,38
3,5503,1110.748969,0.106654740869999,2.17109015210326E-08,0,0,0,0,0,38
3,5504,1110.968969,0.109486371278763,-6.87382195607711E-09,0,0,0,0,0,38
3,5505,1111.188969,0.111445233225822,-3.45865593942563E-08,0,0,0,0,0,38
3,5506,1111.408969,0.114412628114223,-2.94870119432744E-08,0,0,0,0,0,38
3,5507,1111.628969,0.115091443061829,-9.61434309942888E-09,0,0,0,0,0,38
3,5508,1111.848969,0.117050312459469,-1.5799978214659E-08,0,0,0,0,0,38
3,5509,1112.068969,0.119164332747459,5.32616750703596E-09,0,0,0,0,0,38
3,5510,1112.288969,0.122151121497154,1.33608768493332E-08,0,0,0,0,0,38
3,5511,1112.508969,0.12409058958292,9.81454917337032E-09,0,0,0,0,0,38
3,5512,1112.728969,0.125971883535385,-3.68365888903099E-08,0,0,0,0,0,38
3,5513,1112.948969,0.128454402089119,-4.6315773438721E-09,0,0,0,0,0,38
3,5514,1113.168969,0.130005985498428,3.46930884020935E-09,0,0,0,0,0,38
3,5515,1113.388969,0.132973372936249,1.03867883183284E-08,0,0,0,0,0,38
3,5516,1113.608969,0.134757682681084,-1.30828148314777E-08,0,0,0,0,0,38
3,5517,1113.828969,0.137472942471504,8.30000401741415E-10,0,0,0,0,0,38
3,5518,1114.048969,0.1402657777071,-1.0007513928656E-08,0,0,0,0,0,38
3,5519,1114.268969,0.140692472457886,2.96833260193807E-08,0,0,0,0,0,38
3,5520,1114.488969,0.144920513033867,3.64567718236231E-08,0,0,0,0,0,38
3,5521,1114.708969,0.144455045461655,-3.78684283930397E-09,0,0,0,0,0,38
3,5522,1114.928969,0.148140043020248,1.90910558472979E-08,0,0,0,0,0,38
3,5523,1115.148969,0.150544986128807,4.81621276193778E-09,0,0,0,0,0,38
3,5524,1115.368969,0.153764501214027,-5.3400643906798E-09,0,0,0,0,0,38
3,5525,1115.588969,0.154850617051125,-1.78230985525829E-10,0,0,0,0,0,38
3,5526,1115.808969,0.156402185559273,-1.23392922546373E-08,0,0,0,0,0,38
3,5527,1116.028969,0.159020468592644,2.4369674278546E-08,0,0,0,0,0,38
3,5528,1116.248969,0.160921156406403,2.1021877572025E-08,0,0,0,0,0,38
3,5529,1116.468969,0.163713991641998,1.06356756734982E-09,0,0,0,0,0,38
3,5530,1116.688969,0.164858281612396,2.29254499828357E-08,0,0,0,0,0,38
3,5531,1116.908969,0.167243838310242,4.16222478705208E-09,0,0,0,0,0,38
3,5532,1117.128969,0.171336114406586,-2.2343749961351E-08,0,0,0,0,0,38
3,5533,1117.348969,0.170385777950287,2.94653297316927E-08,0,0,0,0,0,38
3,5534,1117.568969,0.173624694347382,-7.30202831533688E-09,0,0,0,0,0,38
3,5535,1117.788969,0.176921799778938,-2.95378699277649E-09,0,0,0,0,0,38
3,5536,1118.008969,0.178163066506386,9.06324171268125E-09,0,0,0,0,0,38
3,5537,1118.228969,0.181537732481956,2.92901543019752E-08,0,0,0,0,0,38
3,5538,1118.448969,0.184660285711288,2.62459955990835E-08,0,0,0,0,0,38
3,5539,1118.668969,0.185862764716148,-1.97122282941109E-08,0,0,0,0,0,38
3,5540,1118.888969,0.18677431344986,2.64639918867715E-08,0,0,0,0,0,38
3,5541,1119.108969,0.188888341188431,-3.92309029706439E-09,0,0,0,0,0,38
3,5542,1119.328969,0.190730839967728,1.94258351626786E-08,0,0,0,0,0,38
3,5543,1119.548969,0.192456960678101,1.88263467038041E-08,0,0,0,0,0,38
3,5544,1119.768969,0.197053506970406,3.04112752758101E-08,0,0,0,0,0,38
3,5545,1119.988969,0.199652403593063,-7.88983900434914E-09,0,0,0,0,0,38
3,5546,1120.208969,0.201688855886459,8.42871727968486E-09,0,0,0,0,0,38
3,5547,1120.428969,0.203628316521645,-9.69609104117808E-09,0,0,0,0,0,38
3,5548,1120.648969,0.206072062253952,1.32012720754915E-08,0,0,0,0,0,38
3,5549,1120.868969,0.209291577339172,-4.10215861279539E-09,0,0,0,0,0,38
3,5550,1121.088969,0.209252789616585,1.26056765026306E-08,0,0,0,0,0,38
3,5551,1121.308969,0.213383868336678,2.01460021997946E-08,0,0,0,0,0,38
3,5552,1121.528969,0.213403254747391,1.23176100430555E-08,0,0,0,0,0,38
3,5553,1121.748969,0.216215491294861,1.53423034277012E-08,0,0,0,0,0,38
3,5554,1121.968969,0.219027727842331,8.89195916897734E-09,0,0,0,0,0,38
3,5555,1122.188969,0.220249593257904,1.41160771960358E-08,0,0,0,0,0,38
3,5556,1122.408969,0.223604872822762,-1.56676236429121E-08,0,0,0,0,0,38
3,5557,1122.628969,0.225563749670982,-5.64370150613058E-09,0,0,0,0,0,38
3,5558,1122.848969,0.228938430547714,-4.19906385218383E-08,0,0,0,0,0,38
3,5559,1123.068969,0.228880241513252,4.92484630854051E-08,0,0,0,0,0,38
3,5560,1123.288969,0.231750652194023,2.04924592850375E-08,0,0,0,0,0,38
3,5561,1123.508969,0.233884081244469,-8.30247426364394E-09,0,0,0,0,0,38
3,5562,1123.728969,0.23615325987339,7.80197861871557E-09,0,0,0,0,0,38
3,5563,1123.948969,0.238693967461586,3.24355262648623E-08,0,0,0,0,0,38
3,5564,1124.168969,0.239043071866035,-2.01951855238747E-09,0,0,0,0,0,38
3,5565,1124.388969,0.24212683737278,1.71366265622197E-09,0,0,0,0,0,38
3,5566,1124.608969,0.245986387133598,-1.45348231228581E-08,0,0,0,0,0,38
3,5567,1124.828969,0.245113611221313,2.39842883331676E-08,0,0,0,0,0,38
3,5568,1125.048969,0.248352542519569,7.52948370319473E-09,0,0,0,0,0,38
3,5569,1125.268969,0.251319915056229,-8.20540579926643E-10,0,0,0,0,0,38
3,5570,1125.488969,0.253492146730423,-5.30892219074985E-09,0,0,0,0,0,38
3,5571,1125.708969,0.257390469312668,7.87983456262964E-09,0,0,0,0,0,38
3,5572,1125.928969,0.257118940353394,-1.98059058043043E-09,0,0,0,0,0,38
3,5573,1126.148969,0.259717851877213,-1.11792424206669E-08,0,0,0,0,0,38
3,5574,1126.368969,0.262588262557983,-2.52193904648479E-10,0,0,0,0,0,38
3,5575,1126.588969,0.265613824129105,2.66080242283806E-08,0,0,0,0,0,38
3,5576,1126.808969,0.265497475862503,1.37890827645037E-08,0,0,0,0,0,38
3,5577,1127.028969,0.269376397132874,-5.02474861718838E-09,0,0,0,0,0,38
3,5578,1127.248969,0.271917104721069,-6.88185841646316E-10,0,0,0,0,0,38
3,5579,1127.468969,0.272770494222641,7.30370253165802E-09,0,0,0,0,0,38
3,5580,1127.688969,0.276649415493011,-2.81050738237809E-08,0,0,0,0,0,38
3,5581,1127.908969,0.276513665914536,1.82735711007354E-08,0,0,0,0,0,38
3,5582,1128.128969,0.280218064785004,1.39837217361105E-08,0,0,0,0,0,38
3,5583,1128.348969,0.282603591680527,2.10024140301357E-08,0,0,0,0,0,38
3,5584,1128.568969,0.284426718950272,-2.19311147020562E-08,0,0,0,0,0,38
3,5585,1128.788969,0.281750231981277,-4.07605185159809E-08,0,0,0,0,0,38
3,5586,1129.008969,0.288131088018417,1.48128851407137E-08,0,0,0,0,0,38
3,5587,1129.228969,0.290303319692612,1.22241834432657E-08,0,0,0,0,0,38
3,5588,1129.448969,0.291214853525162,8.84524542499321E-09,0,0,0,0,0,38
3,5589,1129.668969,0.295501083135605,-1.17748388817063E-08,0,0,0,0,0,38
3,5590,1129.888969,0.297052681446075,-1.03967927600479E-08,0,0,0,0,0,38
3,5591,1130.108969,0.299612760543823,6.03076166783012E-09,0,0,0,0,0,38
3,5592,1130.328969,0.302599549293518,-1.8505463827978E-08,0,0,0,0,0,38
3,5593,1130.548969,0.30386021733284,3.65073766772639E-08,0,0,0,0,0,38
3,5594,1130.768969,0.305159658193588,-2.64856740983532E-08,0,0,0,0,0,38
3,5595,1130.988969,0.30998894572258,-1.58311213027673E-08,0,0,0,0,0,38
3,5596,1131.208969,0.311268985271454,2.50236613652532E-08,0,0,0,0,0,38
3,5597,1131.428969,0.312374502420425,-2.65090314144345E-08,0,0,0,0,0,38
3,5598,1131.648969,0.315380662679672,-1.38110167746675E-09,0,0,0,0,0,38
3,5599,1131.868969,0.318289875984192,-1.33669875168607E-08,0,0,0,0,0,38
3,5600,1132.088969,0.318503230810165,-2.299384682658E-08,0,0,0,0,0,38
3,5601,1132.308969,0.322052448987961,2.1668080663062E-08,0,0,0,0,0,38
3,5602,1132.528969,0.322614908218384,6.92610235830671E-09,0,0,0,0,0,38
3,5603,1132.748969,0.325427144765854,2.22792468917987E-08,0,0,0,0,0,38
3,5604,1132.968969,0.327560544013977,1.26640680164769E-08,0,0,0,0,0,38
3,5605,1133.188969,0.331167966127396,2.65807749144642E-08,0,0,0,0,0,38
3,5606,1133.408969,0.333437144756317,-2.31028440822456E-08,0,0,0,0,0,38
3,5607,1133.628969,0.334930539131165,-6.00962346553047E-09,0,0,0,0,0,38
3,5608,1133.848969,0.338247030973434,-2.48195615171198E-08,0,0,0,0,0,38
3,5609,1134.068969,0.340070158243179,-4.06709830258478E-08,0,0,0,0,0,38
3,5610,1134.288969,0.341233819723129,-8.57496917916478E-09,0,0,0,0,0,38
3,5611,1134.508969,0.34420120716095,-4.87056937004127E-08,0,0,0,0,0,38
3,5612,1134.728969,0.346276462078094,6.73146294261073E-09,0,0,0,0,0,38
3,5613,1134.948969,0.347983181476593,7.52169881934606E-09,0,0,0,0,0,38
3,5614,1135.168969,0.349961459636688,-3.25742410822727E-09,0,0,0,0,0,38
3,5615,1135.388969,0.351959109306335,1.60897197787335E-08,0,0,0,0,0,38
3,5616,1135.608969,0.354305863380432,-8.00662203204183E-09,0,0,0,0,0,38
3,5617,1135.828969,0.356555640697479,-1.83925727981205E-08,0,0,0,0,0,38
3,5618,1136.048969,0.358883023262024,1.91998039689167E-09,0,0,0,0,0,38
3,5619,1136.268969,0.360550969839096,1.49218841727361E-08,0,0,0,0,0,38
3,5620,1136.488969,0.363382607698441,-4.7133257297105E-09,0,0,0,0,0,38
3,5621,1136.708969,0.365574210882187,-9.5442729275419E-09,0,0,0,0,0,38
3,5622,1136.928969,0.369530707597733,-1.1790409537582E-08,0,0,0,0,0,38
3,5623,1137.148969,0.370481073856354,-1.45776439808287E-08,0,0,0,0,0,38
3,5624,1137.368969,0.371256858110428,5.64926860846526E-09,0,0,0,0,0,38
3,5625,1137.588969,0.375193983316422,2.24308149832098E-09,0,0,0,0,0,38
3,5626,1137.808969,0.375872790813446,2.36845441037303E-08,0,0,0,0,0,38
3,5627,1138.028969,0.379635363817215,-7.06456848575954E-09,0,0,0,0,0,38
3,5628,1138.248969,0.381749391555786,-1.76490519976369E-08,0,0,0,0,0,38
3,5629,1138.468969,0.381943345069885,-1.18137659654849E-08,0,0,0,0,0,38
3,5630,1138.688969,0.386210173368454,-3.38002195121589E-08,0,0,0,0,0,38
3,5631,1138.908969,0.387645393610001,-1.15373790521289E-08,0,0,0,0,0,38
3,5632,1139.128969,0.390011548995972,2.78381460105948E-08,0,0,0,0,0,38
3,5633,1139.348969,0.391737669706345,-4.58486404397718E-09,0,0,0,0,0,38
3,5634,1139.568969,0.395015388727188,-4.91575091743357E-09,0,0,0,0,0,38
3,5635,1139.788969,0.395985126495361,-2.11019521856315E-08,0,0,0,0,0,38
3,5636,1140.008969,0.399340391159058,5.69598190836018E-09,0,0,0,0,0,38
3,5637,1140.228969,0.399708896875381,-6.43004405276315E-09,0,0,0,0,0,38
3,5638,1140.448969,0.403742998838425,-2.61275374668912E-08,0,0,0,0,0,38
3,5639,1140.668969,0.405430346727371,-3.07599528071023E-08,0,0,0,0,0,38
3,5640,1140.888969,0.407660722732544,-8.53604120720775E-09,0,0,0,0,0,38
3,5641,1141.108969,0.410259634256363,1.47231005165338E-09,0,0,0,0,0,38
3,5642,1141.328969,0.413537323474884,-3.23796034429336E-09,0,0,0,0,0,38
3,5643,1141.548969,0.414041578769684,-2.22464304755476E-08,0,0,0,0,0,38
3,5644,1141.768969,0.417493849992752,6.33829166929445E-09,0,0,0,0,0,38
3,5645,1141.988969,0.41813388466835,-1.33942368307771E-08,0,0,0,0,0,38
3,5646,1142.208969,0.420209109783173,-2.19817213320539E-08,0,0,0,0,0,38
3,5647,1142.428969,0.423448026180267,-2.07243520122802E-08,0,0,0,0,0,38
3,5648,1142.648969,0.426027536392212,-1.13777742782872E-08,0,0,0,0,0,38
3,5649,1142.868969,0.427443355321884,-3.49135547139667E-08,0,0,0,0,0,38
3,5650,1143.088969,0.429848283529282,-1.22147234549175E-08,0,0,0,0,0,38
3,5651,1143.308969,0.432350218296051,-1.52783456996985E-08,0,0,0,0,0,38
3,5652,1143.528969,0.431438654661179,-1.16549159656643E-07,0,0,0,0,0,38
3,5653,1143.748969,0.43752858042717,-5.02900583398969E-08,0,0,0,0,0,38
3,5654,1143.968969,0.437373429536819,1.2274789185085E-08,0,0,0,0,0,38
3,5655,1144.188969,0.439817160367966,-2.83269621093041E-08,0,0,0,0,0,38
3,5656,1144.408969,0.44637256860733,-3.00475733183703E-08,0,0,0,0,0,38
3,5657,1144.628969,0.444297343492508,3.64295225097067E-08,0,0,0,0,0,38
3,5658,1144.848969,0.446935027837753,2.55647591984598E-08,0,0,0,0,0,38
3,5659,1145.068969,0.450076967477798,2.85038108671642E-08,0,0,0,0,0,38
3,5660,1145.288969,0.450775176286697,4.24283044253571E-08,0,0,0,0,0,38
3,5661,1145.508969,0.452811628580093,3.50631559342673E-08,0,0,0,0,0,38
3,5662,1145.728969,0.455100208520889,2.69389115459262E-08,0,0,0,0,0,38
3,5663,1145.948969,0.457349985837936,1.02349702046922E-08,0,0,0,0,0,38
3,5664,1146.168969,0.459114909172058,-1.1086066509236E-09,0,0,0,0,0,38
3,5665,1146.388969,0.462043523788452,-1.21018324250599E-08,0,0,0,0,0,38
3,5666,1146.608969,0.464235126972198,-2.60732901935512E-09,0,0,0,0,0,38
3,5667,1146.828969,0.465107887983322,1.4267895309672E-08,0,0,0,0,0,38
3,5668,1147.048969,0.467803746461868,2.81846030958377E-08,0,0,0,0,0,38
3,5669,1147.268969,0.471003860235214,1.33191846440894E-10,0,0,0,0,0,38
3,5670,1147.488969,0.473660945892334,-1.94475191506172E-08,0,0,0,0,0,38
3,5671,1147.708969,0.476298630237579,-2.62832493547194E-08,0,0,0,0,0,38
3,5672,1147.928969,0.477074414491653,4.62546623225535E-09,0,0,0,0,0,38
3,5673,1148.148969,0.480041801929474,-2.64584247844368E-08,0,0,0,0,0,38
3,5674,1148.368969,0.48198127746582,-7.25531457135276E-09,0,0,0,0,0,38
3,5675,1148.588969,0.484211683273315,3.00606739500608E-09,0,0,0,0,0,38
3,5676,1148.808969,0.487217843532562,1.30881305793196E-09,0,0,0,0,0,38
3,5677,1149.028969,0.489002168178558,-1.28764972018303E-08,0,0,0,0,0,38
3,5678,1149.248969,0.492299258708954,1.71407705806814E-08,0,0,0,0,0,38
3,5679,1149.468969,0.493404775857925,7.32316651763654E-09,0,0,0,0,0,38
3,5680,1149.688969,0.494161158800125,1.63894640081708E-08,0,0,0,0,0,38
3,5681,1149.908969,0.496624290943146,2.49847342814746E-08,0,0,0,0,0,38
3,5682,1150.128969,0.49970805644989,-1.06459303594875E-08,0,0,0,0,0,38
3,5683,1150.348969,0.501802682876587,9.2929157702315E-09,0,0,0,0,0,38
3,5684,1150.568969,0.503955483436584,5.10038589141004E-09,0,0,0,0,0,38
3,5685,1150.788969,0.508164167404175,1.80708958907871E-09,0,0,0,0,0,38
3,5686,1151.008969,0.508261144161224,2.5856465857288E-09,0,0,0,0,0,38
3,5687,1151.228969,0.510336339473724,1.37812969924767E-08,0,0,0,0,0,38
3,5688,1151.448969,0.512411594390869,-1.47452849930119E-09,0,0,0,0,0,38
3,5689,1151.668969,0.516484498977661,3.95980004341823E-09,0,0,0,0,0,38
3,5690,1151.888969,0.515805661678314,-5.56195312029217E-09,0,0,0,0,0,38
3,5691,1152.108969,0.519316136837006,6.7820691285192E-09,0,0,0,0,0,38
3,5692,1152.328969,0.522748947143555,-3.00553573140405E-08,0,0,0,0,0,38
3,5693,1152.548969,0.525541841983795,1.68916329812419E-08,0,0,0,0,0,38
3,5694,1152.768969,0.524552702903748,-3.67395225353562E-09,0,0,0,0,0,38
3,5695,1152.988969,0.529750466346741,1.93555149685665E-09,0,0,0,0,0,38
3,5696,1153.208969,0.530274152755737,-1.59907251884306E-08,0,0,0,0,0,38
3,5697,1153.428969,0.534366428852081,2.96688812406742E-10,0,0,0,0,0,38
3,5698,1153.648969,0.53541374206543,4.03028437290232E-08,0,0,0,0,0,38
3,5699,1153.868969,0.536810159683228,-1.77427295078303E-09,0,0,0,0,0,38
3,5700,1154.088969,0.539777517318726,2.77641820645158E-08,0,0,0,0,0,38
3,5701,1154.308969,0.541910946369171,3.26029159225527E-08,0,0,0,0,0,38
3,5702,1154.528969,0.543889224529266,-8.28690271958976E-09,0,0,0,0,0,38
3,5703,1154.748969,0.546255350112915,1.27574946162667E-08,0,0,0,0,0,38
3,5704,1154.968969,0.549009442329407,1.76935461837502E-08,0,0,0,0,0,38
3,5705,1155.188969,0.550153732299805,2.49146641095876E-08,0,0,0,0,0,38
3,5706,1155.408969,0.551899254322052,-1.43012561792943E-08,0,0,0,0,0,38
3,5707,1155.628969,0.554536938667297,6.14754513961202E-09,0,0,0,0,0,38
3,5708,1155.848969,0.556650936603546,-1.8248792477138E-09,0,0,0,0,0,38
3,5709,1156.068969,0.561906933784485,-1.40754750077576E-08,0,0,0,0,0,38
3,5710,1156.288969,0.562740862369537,-1.78436909692437E-08,0,0,0,0,0,38
3,5711,1156.508969,0.563109397888184,-1.24950041424654E-08,0,0,0,0,0,38
3,5712,1156.728969,0.56621253490448,4.72514649629829E-08,0,0,0,0,0,38
3,5713,1156.948969,0.568093836307526,1.33998039331118E-08,0,0,0,0,0,38
3,5714,1157.168969,0.570188462734222,3.3182939063181E-08,0,0,0,0,0,38
3,5715,1157.388969,0.572069764137268,4.10541503015338E-08,0,0,0,0,0,38
3,5716,1157.608969,0.574086785316467,4.00653838994458E-08,0,0,0,0,0,38
3,5717,1157.828969,0.575502574443817,3.73443285184294E-08,0,0,0,0,0,38
3,5718,1158.048969,0.579750061035156,1.47895287128108E-08,0,0,0,0,0,38
3,5719,1158.268969,0.581379175186157,2.75111506908843E-08,0,0,0,0,0,38
3,5720,1158.488969,0.58450174331665,3.72236499401879E-08,0,0,0,0,0,38
3,5721,1158.708969,0.585743010044098,3.16997876836922E-08,0,0,0,0,0,38
3,5722,1158.928969,0.588438868522644,-6.8040029166383E-10,0,0,0,0,0,38
3,5723,1159.148969,0.589893460273743,4.00381345855294E-08,0,0,0,0,0,38
3,5724,1159.368969,0.593908190727234,2.41047137805595E-09,0,0,0,0,0,38
3,5725,1159.588969,0.59503310918808,7.01174363015866E-09,0,0,0,0,0,38
3,5726,1159.808969,0.595731317996979,1.0289468832525E-08,0,0,0,0,0,38
3,5727,1160.028969,0.599222362041473,2.46149181037936E-08,0,0,0,0,0,38
3,5728,1160.248969,0.600327849388123,-1.34837714327318E-08,0,0,0,0,0,38
3,5729,1160.468969,0.603702545166016,-1.25806449702282E-08,0,0,0,0,0,38
3,5730,1160.688969,0.605389833450317,2.12515516295753E-08,0,0,0,0,0,38
3,5731,1160.908969,0.607969343662262,1.97800797963055E-08,0,0,0,0,0,38
3,5732,1161.128969,0.610044598579407,-7.8586968044192E-09,0,0,0,0,0,38
3,5733,1161.348969,0.613690793514252,-8.46207814930722E-09,0,0,0,0,0,38
3,5734,1161.568969,0.612740457057953,1.65412821218069E-08,0,0,0,0,0,38
3,5735,1161.788969,0.618384301662445,2.3941467475197E-08,0,0,0,0,0,38
3,5736,1162.008969,0.619257092475891,2.37740778175066E-08,0,0,0,0,0,38
3,5737,1162.228969,0.621060788631439,-8.20540579926643E-10,0,0,0,0,0,38
3,5738,1162.448969,0.622069299221039,1.36178002207998E-08,0,0,0,0,0,38
3,5739,1162.668969,0.623853623867035,-4.59264937191506E-09,0,0,0,0,0,38
3,5740,1162.888969,0.626413702964783,1.75339422980869E-08,0,0,0,0,0,38
3,5741,1163.108969,0.629769027233124,-3.48357005464095E-08,0,0,0,0,0,38
3,5742,1163.328969,0.631262421607971,1.34932314210801E-08,0,0,0,0,0,38
3,5743,1163.548969,0.634365558624268,1.06398196919599E-08,0,0,0,0,0,38
3,5744,1163.768969,0.636654138565063,-1.23704344545672E-08,0,0,0,0,0,38
3,5745,1163.988969,0.638651788234711,1.83163919587059E-08,0,0,0,0,0,38
3,5746,1164.208969,0.640901565551758,-1.45117184935373E-09,0,0,0,0,0,38
3,5747,1164.428969,0.6445671916008,1.47856358267973E-08,0,0,0,0,0,38
3,5748,1164.648969,0.643636226654053,2.92796037415499E-10,0,0,0,0,0,38
3,5749,1164.868969,0.647049725055695,4.1003545447893E-08,0,0,0,0,0,38
3,5750,1165.088969,0.65009468793869,1.35049091909423E-08,0,0,0,0,0,38
3,5751,1165.308969,0.650831699371338,5.95993796537186E-08,0,0,0,0,0,38
3,5752,1165.528969,0.654962778091431,2.4065784920424E-09,0,0,0,0,0,38
3,5753,1165.748969,0.65566098690033,1.76857604117231E-08,0,0,0,0,0,38
3,5754,1165.968969,0.657813787460327,-6.5234710966422E-09,0,0,0,0,0,38
3,5755,1166.188969,0.660606622695923,4.32182867271536E-09,0,0,0,0,0,38
3,5756,1166.408969,0.663050353527069,2.23220677497693E-08,0,0,0,0,0,38
3,5757,1166.628969,0.664078295230865,-1.96655136619484E-08,0,0,0,0,0,38
3,5758,1166.848969,0.665959537029266,-4.87682294547653E-09,0,0,0,0,0,38
3,5759,1167.068969,0.669062733650208,-1.73142726822562E-08,0,0,0,0,0,38
3,5760,1167.288969,0.671913743019104,2.07805257446125E-08,0,0,0,0,0,38
3,5761,1167.508969,0.6744544506073,-1.10082110094112E-09,0,0,0,0,0,38
3,5762,1167.728969,0.674163520336151,-2.43018209999946E-08,0,0,0,0,0,38
3,5763,1167.948969,0.677712738513947,2.6853269829985E-08,0,0,0,0,0,38
3,5764,1168.168969,0.680796504020691,2.50625884490319E-08,0,0,0,0,0,38
3,5765,1168.388969,0.681203782558441,3.48179085563061E-08,0,0,0,0,0,38
3,5766,1168.608969,0.684268176555634,6.55628751289328E-09,0,0,0,0,0,38
3,5767,1168.828969,0.68611067533493,-2.03740011528453E-08,0,0,0,0,0,38
3,5768,1169.048969,0.688961684703827,-2.17133711011286E-09,0,0,0,0,0,38
3,5769,1169.268969,0.692646682262421,-1.47061056665621E-08,0,0,0,0,0,38
3,5770,1169.488969,0.692976415157318,-4.7031797123509E-08,0,0,0,0,0,38
3,5771,1169.708969,0.696409285068512,-1.22809007407909E-08,0,0,0,0,0,38
3,5772,1169.928969,0.696234703063965,-2.02341121635641E-09,0,0,0,0,0,38
3,5773,1170.148969,0.700404584407806,8.95424356883723E-09,0,0,0,0,0,38
3,5774,1170.368969,0.702460408210754,-4.70943328778617E-09,0,0,0,0,0,38
3,5775,1170.588969,0.705175697803497,-2.17286899584224E-08,0,0,0,0,0,38
3,5776,1170.808969,0.708240032196045,2.52727989646928E-08,0,0,0,0,0,38
3,5777,1171.028969,0.709248542785645,5.54805623664834E-09,0,0,0,0,0,38
3,5778,1171.248969,0.71056741476059,-6.32104635300834E-09,0,0,0,0,0,38
3,5779,1171.468969,0.714136004447937,4.8901753757491E-09,0,0,0,0,0,38
3,5780,1171.688969,0.715493679046631,5.93733462395107E-09,0,0,0,0,0,38
3,5781,1171.908969,0.716114282608032,1.72419838406768E-08,0,0,0,0,0,38
3,5782,1172.128969,0.719353199005127,3.30581184648793E-09,0,0,0,0,0,38
3,5783,1172.348969,0.72247576713562,9.09438391261119E-09,0,0,0,0,0,38
3,5784,1172.568969,0.724938869476318,-1.01671178143192E-08,0,0,0,0,0,38
3,5785,1172.788969,0.727246880531311,-1.39431204360108E-08,0,0,0,0,0,38
3,5786,1173.008969,0.72961300611496,1.67473479528724E-09,0,0,0,0,0,38
3,5787,1173.228969,0.732037365436554,-2.59251127232574E-08,0,0,0,0,0,38
3,5788,1173.448969,0.7344810962677,-4.42056347083053E-08,0,0,0,0,0,38
3,5789,1173.668969,0.735819339752197,-1.52861314717256E-08,0,0,0,0,0,38
3,5790,1173.888969,0.737603664398193,-2.15418367588427E-08,0,0,0,0,0,38
3,5791,1174.108969,0.739737033843994,1.51671279979837E-08,0,0,0,0,0,38
3,5792,1174.328969,0.74202561378479,-4.26176294254788E-09,0,0,0,0,0,38
3,5793,1174.548969,0.744294822216034,7.88372744864319E-09,0,0,0,0,0,38
3,5794,1174.768969,0.747184634208679,-4.30494750958133E-08,0,0,0,0,0,38
3,5795,1174.988969,0.749046504497528,-4.39448157862898E-08,0,0,0,0,0,38
3,5796,1175.208969,0.751141130924225,1.60897197787335E-08,0,0,0,0,0,38
3,5797,1175.428969,0.75195574760437,-2.56954386657071E-08,0,0,0,0,0,38
3,5798,1175.648969,0.755601942539215,-8.96035512454318E-09,0,0,0,0,0,38
3,5799,1175.868969,0.756862580776215,-2.73459797028863E-08,0,0,0,0,0,38
3,5800,1176.088969,0.758782684803009,9.12552611254114E-09,0,0,0,0,0,38
3,5801,1176.308969,0.760877311229706,-8.87471340860202E-09,0,0,0,0,0,38
3,5802,1176.528969,0.763825297355652,4.66636542739707E-08,0,0,0,0,0,38
3,5803,1176.748969,0.76572597026825,-3.30413763016679E-09,0,0,0,0,0,38
3,5804,1176.968969,0.769100666046143,-2.49674876329209E-08,0,0,0,0,0,38
3,5805,1177.188969,0.772126257419586,-3.31970873013177E-09,0,0,0,0,0,38
3,5806,1177.408969,0.772068023681641,1.52955905718954E-08,0,0,0,0,0,38
3,5807,1177.628969,0.776509463787079,-8.1467623758158E-09,0,0,0,0,0,38
3,5808,1177.848969,0.778254985809326,-2.22853593356831E-08,0,0,0,0,0,38
3,5809,1178.068969,0.777905881404877,-1.13855600503143E-08,0,0,0,0,0,38
3,5810,1178.288969,0.780756890773773,7.21416837379252E-09,0,0,0,0,0,38
3,5811,1178.508969,0.782987296581268,-1.36550539764357E-08,0,0,0,0,0,38
3,5812,1178.728969,0.785915851593018,3.14620773878005E-09,0,0,0,0,0,38
3,5813,1178.948969,0.787370502948761,-2.87318115965718E-08,0,0,0,0,0,38
3,5814,1179.168969,0.790493011474609,-9.73891189914866E-09,0,0,0,0,0,38
3,5815,1179.388969,0.793014347553253,1.60897197787335E-08,0,0,0,0,0,38
3,5816,1179.608969,0.794565916061401,-4.61989912992067E-09,0,0,0,0,0,38
3,5817,1179.828969,0.796951472759247,-6.74146694024103E-09,0,0,0,0,0,38
3,5818,1180.048969,0.799414575099945,-1.17748388817063E-08,0,0,0,0,0,38
3,5819,1180.268969,0.801160097122192,-1.62787916480056E-08,0,0,0,0,0,38
3,5820,1180.488969,0.803797781467438,-1.89881692591598E-08,0,0,0,0,0,38
3,5821,1180.708969,0.805989384651184,9.08270525457056E-09,0,0,0,0,0,38
3,5822,1180.928969,0.808045268058777,3.3836675683574E-09,0,0,0,0,0,38
3,5823,1181.148969,0.809868335723877,3.26029159225527E-08,0,0,0,0,0,38
3,5824,1181.368969,0.811342358589172,-3.87440550753126E-08,0,0,0,0,0,38
3,5825,1181.588969,0.815201878547668,2.60474646296416E-08,0,0,0,0,0,38
3,5826,1181.808969,0.817005574703217,1.00792583168641E-08,0,0,0,0,0,38
3,5827,1182.028969,0.819410562515259,-1.07510356173179E-08,0,0,0,0,0,38
3,5828,1182.248969,0.821621537208557,-1.39781546337758E-08,0,0,0,0,0,38
3,5829,1182.468969,0.822377920150757,-1.57727289007426E-08,0,0,0,0,0,38
3,5830,1182.688969,0.82418167591095,6.00740479583806E-09,0,0,0,0,0,38
3,5831,1182.908969,0.827226638793945,7.2569892317631E-09,0,0,0,0,0,38
3,5832,1183.128969,0.829844892024994,1.66230300635561E-08,0,0,0,0,0,38
3,5833,1183.348969,0.831978321075439,-3.65057033491212E-08,0,0,0,0,0,38
3,5834,1183.568969,0.835702121257782,-1.69794933668754E-08,0,0,0,0,0,38
3,5835,1183.788969,0.836574852466583,-2.42006095163561E-08,0,0,0,0,0,38
3,5836,1184.008969,0.837796747684479,-7.68352137470174E-09,0,0,0,0,0,38
3,5837,1184.228969,0.840725362300873,-9.86348069886844E-09,0,0,0,0,0,38
3,5838,1184.448969,0.84322726726532,-1.37601592342662E-08,0,0,0,0,0,38
3,5839,1184.668969,0.845651566982269,-9.06546038237366E-09,0,0,0,0,0,38
3,5840,1184.888969,0.846873462200165,4.75589949644473E-08,0,0,0,0,0,38
3,5841,1185.108969,0.849685668945313,-2.08958850222984E-09,0,0,0,0,0,38
3,5842,1185.328969,0.851450622081757,4.88628293382476E-09,0,0,0,0,0,38
3,5843,1185.548969,0.855019271373749,7.27256033172807E-09,0,0,0,0,0,38
3,5844,1185.768969,0.856338083744049,7.96936916458435E-09,0,0,0,0,0,38
3,5845,1185.988969,0.857656896114349,1.19166534418014E-08,0,0,0,0,0,38
3,5846,1186.208969,0.859092116355896,1.13716627225813E-08,0,0,0,0,0,38
3,5847,1186.428969,0.864057183265686,1.07913866731479E-09,0,0,0,0,0,38
3,5848,1186.648969,0.866151809692383,3.78309259474463E-08,0,0,0,0,0,38
3,5849,1186.868969,0.866539716720581,3.29065521498251E-08,0,0,0,0,0,38
3,5850,1187.088969,0.870321691036224,3.00803897346213E-08,0,0,0,0,0,38
3,5851,1187.308969,0.872726619243622,2.9208406360226E-08,0,0,0,0,0,38
3,5852,1187.528969,0.873017549514771,-8.46207814930722E-09,0,0,0,0,0,38
3,5853,1187.748969,0.876275837421417,3.57716416488074E-08,0,0,0,0,0,38
3,5854,1187.968969,0.877536535263062,-2.99660762870246E-09,0,0,0,0,0,38
3,5855,1188.188969,0.88131844997406,-2.8042789423921E-08,0,0,0,0,0,38
3,5856,1188.408969,0.883645832538605,1.26056765026306E-08,0,0,0,0,0,38
3,5857,1188.628969,0.885081052780151,1.93674445370107E-08,0,0,0,0,0,38
3,5858,1188.848969,0.887001156806946,3.1754286311525E-08,0,0,0,0,0,38
3,5859,1189.068969,0.889173328876495,1.93440872209294E-08,0,0,0,0,0,38
3,5860,1189.288969,0.891636490821838,3.35877885504487E-08,0,0,0,0,0,38
3,5861,1189.508969,0.891888618469238,-1.70420288991835E-09,0,0,0,0,0,38
3,5862,1189.728969,0.896776080131531,5.40791589287437E-09,0,0,0,0,0,38
3,5863,1189.948969,0.899762868881226,-2.16897628746437E-08,0,0,0,0,0,38
3,5864,1190.168969,0.899665892124176,2.42840325626048E-08,0,0,0,0,0,38
3,5865,1190.388969,0.903292715549469,-1.65359659298758E-09,0,0,0,0,0,38
3,5866,1190.608969,0.905969142913818,-7.24363635740133E-09,0,0,0,0,0,38
3,5867,1190.828969,0.907016456127167,7.63823060356827E-10,0,0,0,0,0,38
3,5868,1191.048969,0.909188687801361,1.07371391777633E-08,0,0,0,0,0,38
3,5869,1191.268969,0.910371780395508,2.14033715195683E-08,0,0,0,0,0,38
3,5870,1191.488969,0.913920998573303,3.31751550675108E-08,0,0,0,0,0,38
3,5871,1191.708969,0.9157634973526,-1.05486108736841E-08,0,0,0,0,0,38
3,5872,1191.928969,0.919060587882996,7.36987981753146E-09,0,0,0,0,0,38
3,5873,1192.148969,0.918730914592743,-1.70809566490959E-09,0,0,0,0,0,38
3,5874,1192.368969,0.921601295471191,2.287873712703E-08,0,0,0,0,0,38
3,5875,1192.588969,0.926062107086182,-1.56406254614438E-09,0,0,0,0,0,38
3,5876,1192.808969,0.92660516500473,1.45598546552606E-08,0,0,0,0,0,38
3,5877,1193.028969,0.926973640918732,4.71307899374551E-08,0,0,0,0,0,38
3,5878,1193.248969,0.931899905204773,1.6965595150964E-08,0,0,0,0,0,38
3,5879,1193.468969,0.932404160499573,9.22673848435807E-09,0,0,0,0,0,38
3,5880,1193.688969,0.935604274272919,3.55080603808844E-10,0,0,0,0,0,38
3,5881,1193.908969,0.937892854213715,-1.15646283660453E-08,0,0,0,0,0,38
3,5882,1194.128969,0.939347445964813,2.07844177424477E-08,0,0,0,0,0,38
3,5883,1194.348969,0.942877292633057,2.12629802653908E-09,0,0,0,0,0,38
3,5884,1194.568969,0.944448292255402,4.88514011465213E-08,0,0,0,0,0,38
3,5885,1194.788969,0.947551429271698,-5.28581678427287E-10,0,0,0,0,0,38
3,5886,1195.008969,0.949393928050995,-1.47683900664219E-08,0,0,0,0,0,38
3,5887,1195.228969,0.951139450073242,1.16324798682399E-08,0,0,0,0,0,38
3,5888,1195.448969,0.954378366470337,7.87204879060255E-09,0,0,0,0,0,38
3,5889,1195.668969,0.954688668251038,-3.93087606909148E-09,0,0,0,0,0,38
3,5890,1195.888969,0.955910563468933,4.86840114888309E-08,0,0,0,0,0,38
3,5891,1196.108969,0.960216164588928,1.05463930921701E-08,0,0,0,0,0,38
3,5892,1196.328969,0.963319361209869,3.11898347149508E-08,0,0,0,0,0,38
3,5893,1196.548969,0.965026080608368,-4.92353624537145E-09,0,0,0,0,0,38
3,5894,1196.768969,0.967120707035065,-2.80586109902004E-09,0,0,0,0,0,38
3,5895,1196.988969,0.966306149959564,2.30033059267498E-08,0,0,0,0,0,38
3,5896,1197.208969,0.971484541893005,9.98972460308778E-09,0,0,0,0,0,38
3,5897,1197.428969,0.973268806934357,3.4105529067574E-08,0,0,0,0,0,38
3,5898,1197.648969,0.974704027175903,-1.57026587288556E-08,0,0,0,0,0,38
3,5899,1197.868969,0.977089583873749,3.98551733837849E-08,0,0,0,0,0,38
3,5900,1198.088969,0.978893280029297,6.98060143022872E-09,0,0,0,0,0,38
3,5901,1198.308969,0.981414616107941,2.88346981847099E-08,0,0,0,0,0,38
3,5902,1198.528969,0.984265625476837,4.81621276193778E-09,0,0,0,0,0,38
3,5903,1198.748969,0.985332310199738,-6.57407728255066E-09,0,0,0,0,0,38
3,5904,1198.968969,0.98824155330658,9.25398779827447E-09,0,0,0,0,0,38
3,5905,1199.188969,0.990471959114075,1.34309470212202E-08,0,0,0,0,0,38
3,5906,1199.408969,0.992314457893372,-5.35563549064477E-09,0,0,0,0,0,38
3,5907,1199.628969,0.99468058347702,-3.5922036456526E-09,0,0,0,0,0,38
3,5908,1199.848969,0.997395873069763,8.14429301776443E-10,0,0,0,0,0,38
3,5909,1200.068969,0.999606847763062,9.28902288421796E-09,0,0,0,0,0,38
3,5910,1200.288969,1.00142991542816,2.23181757519342E-08,0,0,0,0,0,38
3,5911,1200.508969,1.00307846069336,9.9469037451172E-09,0,0,0,0,0,38
3,5912,1200.728969,1.00689923763275,1.15974447822964E-08,0,0,0,0,0,38
3,5913,1200.948969,1.00831508636475,9.65883728554218E-09,0,0,0,0,0,38
3,5914,1201.168969,1.00996363162994,5.14712468202561E-08,0,0,0,0,0,38
3,5915,1201.388969,1.01246559619904,1.38474742783501E-08,0,0,0,0,0,38
3,5916,1201.608969,1.01283407211304,3.27002354083561E-08,0,0,0,0,0,38
3,5917,1201.828969,1.01663541793823,3.56548568447579E-08,0,0,0,0,0,38
3,5918,1202.048969,1.01847791671753,-1.22108305689039E-08,0,0,0,0,0,38
3,5919,1202.268969,1.02072775363922,-4.67439820184268E-09,0,0,0,0,0,38
3,5920,1202.488969,1.02288055419922,6.23318641146398E-09,0,0,0,0,0,38
3,5921,1202.708969,1.02369511127472,-1.93112708046783E-08,0,0,0,0,0,38
3,5922,1202.928969,1.03094875812531,-1.85949993181111E-08,0,0,0,0,0,38
3,5923,1203.148969,1.03083229064941,1.20723644414511E-08,0,0,0,0,0,38
3,5924,1203.368969,1.03261661529541,-2.19739355600268E-08,0,0,0,0,0,38
3,5925,1203.588969,1.033935546875,1.07838529217474E-08,0,0,0,0,0,38
3,5926,1203.808969,1.0354483127594,-1.24874699469757E-09,0,0,0,0,0,38
3,5927,1204.028969,1.038241147995,-1.60335460464012E-08,0,0,0,0,0,38
3,5928,1204.248969,1.04299283027649,-1.36161260044787E-08,0,0,0,0,0,38
3,5929,1204.468969,1.04227519035339,2.47278091336511E-08,0,0,0,0,0,38
3,5930,1204.688969,1.04605722427368,-3.52327624852933E-08,0,0,0,0,0,38
3,5931,1204.908969,1.04774451255798,-2.66182809127713E-09,0,0,0,0,0,38
3,5932,1205.128969,1.05022704601288,3.1614145967751E-08,0,0,0,0,0,38
3,5933,1205.348969,1.05319440364838,8.73624728114919E-09,0,0,0,0,0,38
3,5934,1205.568969,1.05495941638947,-9.29124155391037E-09,0,0,0,0,0,38
3,5935,1205.788969,1.05684065818787,1.84059256724822E-08,0,0,0,0,0,38
3,5936,1206.008969,1.05846977233887,2.54557601664374E-08,0,0,0,0,0,38
3,5937,1206.228969,1.06102991104126,6.59521548485031E-09,0,0,0,0,0,38
3,5938,1206.448969,1.06298875808716,2.72464415473905E-08,0,0,0,0,0,38
3,5939,1206.668969,1.06541311740875,4.06101241523515E-09,0,0,0,0,0,38
3,5940,1206.888969,1.06855511665344,-1.63877889036712E-08,0,0,0,0,0,38
3,5941,1207.108969,1.06940841674805,3.3529396148424E-08,0,0,0,0,0,38
3,5942,1207.328969,1.07305467128754,-1.34098083748313E-08,0,0,0,0,0,38
3,5943,1207.548969,1.07319045066834,2.34665478160423E-08,0,0,0,0,0,38
3,5944,1207.768969,1.07487773895264,1.29326700459842E-08,0,0,0,0,0,38
3,5945,1207.988969,1.07724392414093,9.2929157702315E-09,0,0,0,0,0,38
3,5946,1208.208969,1.08061861991882,-4.07490929887899E-09,0,0,0,0,0,38
3,5947,1208.428969,1.08211195468903,1.51865933162298E-08,0,0,0,0,0,38
3,5948,1208.648969,1.08537030220032,-6.88160728401499E-09,0,0,0,0,0,38
3,5949,1208.868969,1.08717393875122,-5.07146236117251E-09,0,0,0,0,0,38
3,5950,1209.088969,1.09070384502411,-3.93866184111857E-09,0,0,0,0,0,38
3,5951,1209.308969,1.09254634380341,-4.02077411365553E-08,0,0,0,0,0,38
3,5952,1209.528969,1.09436941146851,1.40771492240788E-08,0,0,0,0,0,38
3,5953,1209.748969,1.0958046913147,6.99227964418014E-09,0,0,0,0,0,38
3,5954,1209.968969,1.0969877243042,1.32090578475186E-08,0,0,0,0,0,38
3,5955,1210.188969,1.1007696390152,1.24733210427053E-08,0,0,0,0,0,38
3,5956,1210.408969,1.10383403301239,1.62532156622319E-08,0,0,0,0,0,38
3,5957,1210.628969,1.10556018352509,6.24097218349107E-09,0,0,0,0,0,38
3,5958,1210.848969,1.10513353347778,1.95476412834239E-10,0,0,0,0,0,38
3,5959,1211.068969,1.10953605175018,-1.49396726101259E-08,0,0,0,0,0,38
3,5960,1211.288969,1.11269748210907,-2.1000740701993E-08,0,0,0,0,0,38
3,5961,1211.508969,1.11337625980377,-1.86845330318874E-08,0,0,0,0,0,38
3,5962,1211.728969,1.11566483974457,-3.41466765974019E-08,0,0,0,0,0,38
3,5963,1211.948969,1.11826372146606,-3.52288687111013E-08,0,0,0,0,0,38
3,5964,1212.168969,1.12078499794006,-2.49441320931965E-08,0,0,0,0,0,38
3,5965,1212.388969,1.12328696250916,-2.30366659081938E-08,0,0,0,0,0,38
3,5966,1212.608969,1.12445068359375,2.14576179047299E-09,0,0,0,0,0,38
3,5967,1212.828969,1.12724351882935,1.34774091886669E-09,0,0,0,0,0,38
3,5968,1213.048969,1.12986171245575,3.60166363400083E-09,0,0,0,0,0,38
3,5969,1213.268969,1.12993931770325,7.21027548777897E-09,0,0,0,0,0,38
3,5970,1213.488969,1.13469099998474,-1.46827492386592E-08,0,0,0,0,0,38
3,5971,1213.708969,1.13777482509613,-1.08055351333292E-08,0,0,0,0,0,38
3,5972,1213.928969,1.13680505752563,-1.50567081025343E-09,0,0,0,0,0,38
3,5973,1214.148969,1.14074218273163,-2.76807590182671E-08,0,0,0,0,0,38
3,5974,1214.368969,1.14202225208282,9.28902288421796E-09,0,0,0,0,0,38
3,5975,1214.588969,1.14400053024292,-2.67348134741496E-08,0,0,0,0,0,38
3,5976,1214.808969,1.14731705188751,-2.39359003728623E-08,0,0,0,0,0,38
3,5977,1215.028969,1.14751100540161,-1.19422285393966E-08,0,0,0,0,0,38
3,5978,1215.248969,1.15074992179871,1.13545603142029E-07,0,0,0,0,0,38
3,5979,1215.468969,1.15255355834961,3.1411723000474E-08,0,0,0,0,0,38
3,5980,1215.688969,1.1568398475647,-8.47375680734785E-09,0,0,0,0,0,38
3,5981,1215.908969,1.1582750082016,-2.16975486466708E-08,0,0,0,0,0,38
3,5982,1216.128969,1.1600399017334,3.50164413021048E-08,0,0,0,0,0,38
3,5983,1216.348969,1.16252243518829,-2.05491765825627E-08,0,0,0,0,0,38
3,5984,1216.568969,1.16345345973969,2.07960972886667E-08,0,0,0,0,0,38
3,5985,1216.788969,1.16799175739288,3.10730499109013E-08,0,0,0,0,0,38
3,5986,1217.008969,1.16706085205078,1.01493284887511E-08,0,0,0,0,0,38
3,5987,1217.228969,1.17150223255157,-1.03150439301203E-08,0,0,0,0,0,38
3,5988,1217.448969,1.17192888259888,4.60408102753718E-08,0,0,0,0,0,38
3,5989,1217.668969,1.17499327659607,-1.28842820856789E-08,0,0,0,0,0,38
3,5990,1217.888969,1.17720425128937,-2.71630185011418E-08,0,0,0,0,0,38
3,5991,1218.108969,1.18189775943756,-1.02296537907165E-09,0,0,0,0,0,38
3,5992,1218.328969,1.18209171295166,-3.54507605493382E-08,0,0,0,0,0,38
3,5993,1218.548969,1.18348813056946,1.41391820474013E-09,0,0,0,0,0,38
3,5994,1218.768969,1.18668830394745,-3.26131699424081E-09,0,0,0,0,0,38
3,5995,1218.988969,1.18810403347015,7.08570668805919E-09,0,0,0,0,0,38
3,5996,1219.208969,1.19122660160065,-1.70651333064598E-08,0,0,0,0,0,38
3,5997,1219.428969,1.19264245033264,2.71257647455059E-08,0,0,0,0,0,38
3,5998,1219.648969,1.19431042671204,4.89796114777619E-09,0,0,0,0,0,38
3,5999,1219.868969,1.19774329662323,-1.49202090682365E-08,0,0,0,0,0,38
3,6000,1220.088969,1.19884872436523,-1.80383299408504E-08,0,0,0,0,0,38
3,6001,1220.308969,1.19774329662323,-4.69775462974553E-09,0,0,0,0,0,38
3,6002,1220.528969,1.19751048088074,-2.10824886437422E-08,0,0,0,0,0,38
3,6003,1220.748969,1.19475650787354,-9.99608729124191E-10,0,0,0,0,0,38
3,6004,1220.968969,1.19341826438904,-5.16903297942406E-10,0,0,0,0,0,38
3,6005,1221.188969,1.18802654743195,-2.83700329894998E-09,0,0,0,0,0,38
3,6006,1221.408969,1.18701803684235,4.01040622932669E-09,0,0,0,0,0,38
3,6007,1221.628969,1.18616461753845,-5.77605652196667E-09,0,0,0,0,0,38
3,6008,1221.848969,1.18335235118866,2.05897787708409E-08,0,0,0,0,0,38
3,6009,1222.068969,1.18259596824646,-1.13196341189337E-09,0,0,0,0,0,38
3,6010,1222.288969,1.17809641361237,-4.32015445639422E-09,0,0,0,0,0,38
3,6011,1222.508969,1.17499327659607,-3.41313555196621E-09,0,0,0,0,0,38
3,6012,1222.728969,1.17565274238586,-6.88936765413928E-08,0,0,0,0,0,38
3,6013,1222.948969,1.17208409309387,2.40037518750569E-08,0,0,0,0,0,38
3,6014,1223.168969,1.17125010490417,1.10252056373383E-08,0,0,0,0,0,38
3,6015,1223.388969,1.16739058494568,-8.62557492098404E-09,0,0,0,0,0,38
3,6016,1223.608969,1.16523766517639,-2.26123528790367E-08,0,0,0,0,0,38
3,6017,1223.828969,1.16498553752899,-6.1606385770574E-08,0,0,0,0,0,38
3,6018,1224.048969,1.16176605224609,1.69578093789369E-08,0,0,0,0,0,38
3,6019,1224.268969,1.16126179695129,-3.14217274421935E-08,0,0,0,0,0,38
3,6020,1224.488969,1.1583137512207,1.17142286981675E-08,0,0,0,0,0,38
3,6021,1224.708969,1.15247595310211,-2.43485356321571E-08,0,0,0,0,0,38
3,6022,1224.928969,1.15286386013031,1.21151852994217E-08,0,0,0,0,0,38
3,6023,1225.148969,1.15202987194061,-2.51971616904711E-08,0,0,0,0,0,38
3,6024,1225.368969,1.14970254898071,-3.86973404431501E-08,0,0,0,0,0,38
3,6025,1225.588969,1.14714241027832,-4.38633174226766E-09,0,0,0,0,0,38
3,6026,1225.808969,1.14370954036713,-1.83341821724525E-08,0,0,0,0,0,38
3,6027,1226.028969,1.13946211338043,3.07071275074122E-08,0,0,0,0,0,38
3,6028,1226.248969,1.13942337036133,-1.1007959876963E-08,0,0,0,0,0,38
3,6029,1226.468969,1.13713479042053,-1.57574098214042E-09,0,0,0,0,0,38
3,6030,1226.688969,1.13502073287964,-1.81551129685431E-08,0,0,0,0,0,38
3,6031,1226.908969,1.13234424591064,-3.25742410822727E-09,0,0,0,0,0,38
3,6032,1227.128969,1.13119995594025,-1.03773283299802E-08,0,0,0,0,0,38
3,6033,1227.348969,1.12881445884705,-1.49980650121506E-08,0,0,0,0,0,38
3,6034,1227.568969,1.12768959999084,1.24266081868996E-08,0,0,0,0,0,38
3,6035,1227.788969,1.12328696250916,1.62220743504804E-08,0,0,0,0,0,38
3,6036,1228.008969,1.12390756607056,-4.28275868102901E-08,0,0,0,0,0,38
3,6037,1228.228969,1.11810851097107,1.60313273767088E-08,0,0,0,0,0,38
3,6038,1228.448969,1.11682856082916,1.5836688405102E-08,0,0,0,0,0,38
3,6039,1228.668969,1.11496663093567,3.0255313809846E-09,0,0,0,0,0,38
3,6040,1228.888969,1.11401629447937,-5.32838617672837E-09,0,0,0,0,0,38
3,6041,1229.108969,1.11069977283478,3.06175955699928E-08,0,0,0,0,0,38
3,6042,1229.328969,1.11017608642578,-9.46252409761428E-09,0,0,0,0,0,38
3,6043,1229.548969,1.10552144050598,1.31389876756316E-08,0,0,0,0,0,38
3,6044,1229.768969,1.10367894172668,1.93012663629588E-08,0,0,0,0,0,38
3,6045,1229.988969,1.10247647762299,-2.48301129657236E-10,0,0,0,0,0,38
3,6046,1230.208969,1.1016036272049,-1.02877946162039E-08,0,0,0,0,0,38
3,6047,1230.428969,1.09941208362579,5.29113242109247E-09,0,0,0,0,0,38
3,6048,1230.648969,1.0953197479248,2.53117278248283E-08,0,0,0,0,0,38
3,6049,1230.868969,1.0941367149353,1.00636876609883E-08,0,0,0,0,0,38
3,6050,1231.088969,1.09080076217651,1.6264895208451E-08,0,0,0,0,0,38
3,6051,1231.308969,1.08903586864471,7.10906311596204E-09,0,0,0,0,0,38
3,6052,1231.528969,1.08552539348602,3.56898937070582E-08,0,0,0,0,0,38
3,6053,1231.748969,1.08556425571442,3.25055964367493E-08,0,0,0,0,0,38
3,6054,1231.968969,1.08259689807892,1.16908713820862E-08,0,0,0,0,0,38
3,6055,1232.188969,1.08129739761353,-1.26273587142123E-08,0,0,0,0,0,38
3,6056,1232.408969,1.07926094532013,4.904993389232E-08,0,0,0,0,0,38
3,6057,1232.628969,1.07580864429474,5.86337201013976E-09,0,0,0,0,0,38
3,6058,1232.848969,1.07571172714233,4.40165628390332E-08,0,0,0,0,0,38
3,6059,1233.068969,1.07297706604004,-3.01409990299817E-08,0,0,0,0,0,38
3,6060,1233.288969,1.07047510147095,1.94333704683913E-09,0,0,0,0,0,38
3,6061,1233.508969,1.06630527973175,-1.84626429700074E-08,0,0,0,0,0,38
3,6062,1233.728969,1.06395852565765,9.80287051532969E-09,0,0,0,0,0,38
3,6063,1233.948969,1.06252336502075,1.9040450993657E-08,0,0,0,0,0,38
3,6064,1234.168969,1.06112694740295,6.1903659975826E-09,0,0,0,0,0,38
3,6065,1234.388969,1.05761647224426,1.66074602958588E-08,0,0,0,0,0,38
3,6066,1234.608969,1.05581271648407,3.45103785548417E-08,0,0,0,0,0,38
3,6067,1234.828969,1.05424177646637,2.59696086857275E-08,0,0,0,0,0,38
3,6068,1235.048969,1.05301988124847,4.51571473547574E-08,0,0,0,0,0,38
3,6069,1235.268969,1.04811298847198,-6.30936813905691E-09,0,0,0,0,0,38
3,6070,1235.488969,1.04786086082459,1.47934215988244E-08,0,0,0,0,0,38
3,6071,1235.708969,1.04590201377869,3.80372426889153E-08,0,0,0,0,0,38
3,6072,1235.928969,1.04371047019959,2.66350230759826E-09,0,0,0,0,0,38
3,6073,1236.148969,1.04082059860229,6.80542600051126E-09,0,0,0,0,0,38
3,6074,1236.368969,1.0383574962616,9.38634237002134E-09,0,0,0,0,0,38
3,6075,1236.588969,1.0369029045105,-7.53948814491423E-09,0,0,0,0,0,38
3,6076,1236.808969,1.03325664997101,6.31468377587652E-10,0,0,0,0,0,38
3,6077,1237.028969,1.03151118755341,3.22175282008175E-08,0,0,0,0,0,38
3,6078,1237.248969,1.02992081642151,-2.41538966605503E-08,0,0,0,0,0,38
3,6079,1237.468969,1.02745771408081,-5.30113641872276E-09,0,0,0,0,0,38
3,6080,1237.688969,1.02534365653992,1.387861647828E-08,0,0,0,0,0,38
3,6081,1237.908969,1.02313268184662,2.81145329239507E-08,0,0,0,0,0,38
3,6082,1238.128969,1.02049493789673,1.59962922907653E-08,0,0,0,0,0,38
3,6083,1238.348969,1.01993250846863,-6.88160728401499E-09,0,0,0,0,0,38
3,6084,1238.568969,1.01601481437683,2.76006844046606E-08,0,0,0,0,0,38
3,6085,1238.788969,1.01463770866394,-2.34609807137076E-08,0,0,0,0,0,38
3,6086,1239.008969,1.01120483875275,3.29610507776579E-08,0,0,0,0,0,38
3,6087,1239.228969,1.00980842113495,1.41238620798845E-08,0,0,0,0,0,38
3,6088,1239.448969,1.00847017765045,1.72964824685096E-08,0,0,0,0,0,38
3,6089,1239.668969,1.00515377521515,-7.97158694609834E-09,0,0,0,0,0,38
3,6090,1239.888969,1.00534772872925,3.42648820428337E-09,0,0,0,0,0,38
3,6091,1240.108969,1.00123596191406,1.13444134086649E-08,0,0,0,0,0,38
3,6092,1240.328969,0.999800801277161,5.69183811194307E-10,0,0,0,0,0,38
3,6093,1240.548969,0.997686803340912,-1.15140217360477E-08,0,0,0,0,0,38
3,6094,1240.768969,0.996173977851868,1.89080964219102E-08,0,0,0,0,0,38
3,6095,1240.988969,0.991713225841522,-1.63566475919197E-08,0,0,0,0,0,38
3,6096,1241.208969,0.991267144680023,2.88308061868747E-08,0,0,0,0,0,38
3,6097,1241.428969,0.987116634845734,3.40276749000168E-08,0,0,0,0,0,38
3,6098,1241.648969,0.985254764556885,1.95581915107823E-08,0,0,0,0,0,38
3,6099,1241.868969,0.983373463153839,-1.50981491198188E-10,0,0,0,0,0,38
3,6100,1242.088969,0.981783092021942,-4.08967650855629E-08,0,0,0,0,0,38
3,6101,1242.308969,0.978389024734497,1.99669329958851E-08,0,0,0,0,0,38
3,6102,1242.528969,0.976759850978851,1.18154410699844E-08,0,0,0,0,0,38
3,6103,1242.748969,0.975402235984802,1.79154344692734E-08,0,0,0,0,0,38
3,6104,1242.968969,0.972454249858856,1.2103506641381E-08,0,0,0,0,0,38
3,6105,1243.188969,0.970960855484009,2.91383361883391E-08,0,0,0,0,0,38
3,6106,1243.408969,0.967198252677917,2.26101342093443E-08,0,0,0,0,0,38
3,6107,1243.628969,0.965879440307617,2.05313863688161E-08,0,0,0,0,0,38
3,6108,1243.848969,0.964909732341766,1.36372646508676E-08,0,0,0,0,0,38
3,6109,1244.068969,0.962776303291321,4.19845278543107E-08,0,0,0,0,0,38
3,6110,1244.288969,0.959343433380127,6.62635768478026E-09,0,0,0,0,0,38
3,6111,1244.508969,0.95734578371048,-5.94759019811875E-10,0,0,0,0,0,38
3,6112,1244.728969,0.954242587089539,6.66139277072375E-09,0,0,0,0,0,38
3,6113,1244.948969,0.952710449695587,-1.5562769961619E-09,0,0,0,0,0,38
3,6114,1245.168969,0.95112007856369,-2.90588051399254E-08,0,0,0,0,0,38
3,6115,1245.388969,0.946581721305847,2.79121081803169E-08,0,0,0,0,0,38
3,6116,1245.608969,0.945010721683502,2.1103627290131E-08,0,0,0,0,0,38
3,6117,1245.828969,0.938455283641815,-2.92962649695028E-08,0,0,0,0,0,38
3,6118,1246.048969,0.942353665828705,-2.47886711157719E-09,0,0,0,0,0,38
3,6119,1246.268969,0.939250469207764,8.17179390821821E-09,0,0,0,0,0,38
3,6120,1246.488969,0.937892854213715,-1.78942975992413E-08,0,0,0,0,0,38
3,6121,1246.708969,0.936069786548615,-1.36667326344764E-08,0,0,0,0,0,38
3,6122,1246.928969,0.93273389339447,6.48232489908196E-09,0,0,0,0,0,38
3,6123,1247.148969,0.930193185806274,1.9110521165544E-08,0,0,0,0,0,38
3,6124,1247.368969,0.927380919456482,1.57276893730796E-08,0,0,0,0,0,38
3,6125,1247.588969,0.925519049167633,-1.70612413086246E-08,0,0,0,0,0,38
3,6126,1247.808969,0.924394130706787,2.07065617985336E-08,0,0,0,0,0,38
3,6127,1248.028969,0.921097040176392,-4.37854641432978E-09,0,0,0,0,0,38
3,6128,1248.248969,0.920340657234192,-4.01262445492989E-09,0,0,0,0,0,38
3,6129,1248.468969,0.918769657611847,7.01563651617221E-09,0,0,0,0,0,38
3,6130,1248.688969,0.913959801197052,5.57688792923727E-08,0,0,0,0,0,38
3,6131,1248.908969,0.916248381137848,-6.40860875478211E-08,0,0,0,0,0,38
3,6132,1249.128969,0.91089540719986,1.48012073708514E-08,0,0,0,0,0,38
3,6133,1249.348969,0.908858954906464,-2.43563214041842E-08,0,0,0,0,0,38
3,6134,1249.568969,0.907365560531616,-3.06509555514367E-08,0,0,0,0,0,38
3,6135,1249.788969,0.904611527919769,2.8192137513372E-09,0,0,0,0,0,38
3,6136,1250.008969,0.902652680873871,-9.38077526768666E-09,0,0,0,0,0,38
3,6137,1250.228969,0.898114323616028,1.17881908678896E-08,0,0,0,0,0,38
3,6138,1250.448969,0.898909509181976,-1.93034850326512E-08,0,0,0,0,0,38
3,6139,1250.668969,0.895321488380432,-1.04590771599078E-08,0,0,0,0,0,38
3,6140,1250.888969,0.893789291381836,-1.53367363253665E-08,0,0,0,0,0,38
3,6141,1251.108969,0.890608549118042,1.62571094364239E-08,0,0,0,0,0,38
3,6142,1251.328969,0.887641131877899,-1.40092977218842E-08,0,0,0,0,0,38
3,6143,1251.548969,0.88754415512085,-2.50998422046678E-08,0,0,0,0,0,38
3,6144,1251.768969,0.888766050338745,-1.06342525896252E-08,0,0,0,0,0,38
3,6145,1251.988969,0.882637321949005,1.58600439448264E-08,0,0,0,0,0,38
3,6146,1252.208969,0.880077242851257,-7.22806525743636E-09,0,0,0,0,0,38
3,6147,1252.428969,0.878312289714813,-1.04632214004141E-09,0,0,0,0,0,38
3,6148,1252.648969,0.876004338264465,-6.37554542493035E-09,0,0,0,0,0,38
3,6149,1252.868969,0.873405456542969,2.09946282581086E-08,0,0,0,0,0,38
3,6150,1253.088969,0.870515644550323,-6.02544569794361E-10,0,0,0,0,0,38
3,6151,1253.308969,0.870205283164978,4.40983107807824E-08,0,0,0,0,0,38
3,6152,1253.528969,0.86723792552948,-3.10560555050188E-09,0,0,0,0,0,38
3,6153,1253.748969,0.86657851934433,5.54027090871045E-09,0,0,0,0,0,38
3,6154,1253.968969,0.861671626567841,1.03478603463714E-08,0,0,0,0,0,38
3,6155,1254.188969,0.861419498920441,-3.48940893957206E-08,0,0,0,0,0,38
3,6156,1254.408969,0.857870280742645,-3.24260653883357E-08,0,0,0,0,0,38
3,6157,1254.628969,0.85690051317215,-8.04944289001241E-09,0,0,0,0,0,38
3,6158,1254.848969,0.853467643260956,1.40031861661782E-08,0,0,0,0,0,38
3,6159,1255.068969,0.851489424705505,1.64556404058658E-08,0,0,0,0,0,38
3,6160,1255.288969,0.849782645702362,-4.2461918425829E-09,0,0,0,0,0,38
3,6161,1255.508969,0.847319543361664,7.57230456116531E-09,0,0,0,0,0,38
3,6162,1255.728969,0.844526708126068,-4.3006904704157E-09,0,0,0,0,0,38
3,6163,1255.948969,0.844177603721619,-4.33572555635919E-09,0,0,0,0,0,38
3,6164,1256.168969,0.840240478515625,7.51002016130542E-09,0,0,0,0,0,38
3,6165,1256.388969,0.839678049087524,-1.45153595809688E-08,0,0,0,0,0,38
3,6166,1256.608969,0.83725368976593,3.93255028541262E-09,0,0,0,0,0,38
3,6167,1256.828969,0.833219587802887,2.4860163705398E-08,0,0,0,0,0,38
3,6168,1257.048969,0.831086158752441,-9.24452780992624E-09,0,0,0,0,0,38
3,6169,1257.268969,0.829728543758392,1.05736424060865E-08,0,0,0,0,0,38
3,6170,1257.488969,0.827595114707947,-1.15801990219211E-08,0,0,0,0,0,38
3,6171,1257.708969,0.824705302715302,1.0110400516794E-08,0,0,0,0,0,38
3,6172,1257.928969,0.822339177131653,-2.98103652873749E-09,0,0,0,0,0,38
3,6173,1258.148969,0.820884525775909,-2.75550610107089E-10,0,0,0,0,0,38
3,6174,1258.368969,0.819022655487061,3.23420970005373E-08,0,0,0,0,0,38
3,6175,1258.588969,0.818072319030762,-8.98760443845958E-09,0,0,0,0,0,38
3,6176,1258.808969,0.81365031003952,1.45092480252629E-08,0,0,0,0,0,38
3,6177,1259.028969,0.81217634677887,-1.6165900618148E-08,0,0,0,0,0,38
3,6178,1259.248969,0.810818672180176,-9.71555547124581E-09,0,0,0,0,0,38
3,6179,1259.468969,0.807444036006927,2.30461267847204E-08,0,0,0,0,0,38
3,6180,1259.688969,0.804942071437836,-8.04944289001241E-09,0,0,0,0,0,38
3,6181,1259.908969,0.803371131420136,-6.79207312614949E-09,0,0,0,0,0,38
3,6182,1260.128969,0.80083042383194,-5.59309532022212E-09,0,0,0,0,0,38
3,6183,1260.348969,0.797164797782898,4.68582932455774E-08,0,0,0,0,0,38
3,6184,1260.568969,0.797339379787445,-5.76437786392603E-09,0,0,0,0,0,38
3,6185,1260.788969,0.793790102005005,6.70810651470788E-09,0,0,0,0,0,38
3,6186,1261.008969,0.792994916439056,-5.23495913284933E-09,0,0,0,0,0,38
3,6187,1261.228969,0.790124535560608,3.23226352350048E-08,0,0,0,0,0,38
3,6188,1261.448969,0.788631141185761,2.1313837805792E-08,0,0,0,0,0,38
3,6189,1261.668969,0.787176549434662,-1.13738813922737E-08,0,0,0,0,0,38
3,6190,1261.888969,0.783821225166321,-2.46132447756509E-08,0,0,0,0,0,38
3,6191,1262.108969,0.780465960502625,3.06604128752497E-08,0,0,0,0,0,38
3,6192,1262.328969,0.779496192932129,2.46499531897371E-08,0,0,0,0,0,38
3,6193,1262.548969,0.777770102024078,1.65841029797775E-08,0,0,0,0,0,38
3,6194,1262.768969,0.774414777755737,2.27347030090641E-08,0,0,0,0,0,38
3,6195,1262.988969,0.772320151329041,-8.02997934812311E-09,0,0,0,0,0,38
3,6196,1263.208969,0.770303130149841,-1.15295932801018E-08,0,0,0,0,0,38
3,6197,1263.428969,0.768790364265442,1.72069487547333E-08,0,0,0,0,0,38
3,6198,1263.648969,0.764659285545349,6.68474964271581E-09,0,0,0,0,0,38
3,6199,1263.868969,0.765182912349701,-2.27447074507836E-08,0,0,0,0,0,38
3,6200,1264.088969,0.761633694171906,1.41316478519116E-08,0,0,0,0,0,38
3,6201,1264.308969,0.759422719478607,-7.47720374505434E-09,0,0,0,0,0,38
3,6202,1264.528969,0.757134139537811,3.28053388898297E-08,0,0,0,0,0,38
3,6203,1264.748969,0.756746232509613,-1.06186810455711E-08,0,0,0,0,0,38
3,6204,1264.968969,0.752770304679871,1.59962922907653E-08,0,0,0,0,0,38
3,6205,1265.188969,0.75180059671402,-2.20634710501599E-08,0,0,0,0,0,38
3,6206,1265.408969,0.748678028583527,1.95504057387552E-08,0,0,0,0,0,38
3,6207,1265.628969,0.746428251266479,-1.5729908042772E-08,0,0,0,0,0,38
3,6208,1265.848969,0.744159042835236,-2.08022079561943E-08,0,0,0,0,0,38
3,6209,1266.068969,0.742142021656036,2.14617621452362E-08,0,0,0,0,0,38
3,6210,1266.288969,0.738728523254395,-1.10702442768229E-08,0,0,0,0,0,38
3,6211,1266.508969,0.7360520362854,2.1107267045295E-09,0,0,0,0,0,38
3,6212,1266.728969,0.736032664775848,-1.31100641453941E-08,0,0,0,0,0,38
3,6213,1266.948969,0.733705282211304,2.44592079923223E-08,0,0,0,0,0,38
3,6214,1267.168969,0.731280982494354,3.19683906013779E-08,0,0,0,0,0,38
3,6215,1267.388969,0.727518379688263,1.88068831619148E-08,0,0,0,0,0,38
3,6216,1267.608969,0.725656509399414,2.97689659589651E-08,0,0,0,0,0,38
3,6217,1267.828969,0.724783718585968,1.79971841873794E-08,0,0,0,0,0,38
3,6218,1268.048969,0.721855103969574,5.84390802416124E-09,0,0,0,0,0,38
3,6219,1268.268969,0.719547152519226,2.56387213681819E-08,0,0,0,0,0,38
3,6220,1268.488969,0.716366410255432,2.00175396258828E-08,0,0,0,0,0,38
3,6221,1268.708969,0.715978503227234,-9.91798021487966E-09,0,0,0,0,0,38
3,6222,1268.928969,0.713360249996185,1.28703856461243E-08,0,0,0,0,0,38
3,6223,1269.148969,0.712487459182739,-8.59443272105409E-09,0,0,0,0,0,38
3,6224,1269.368969,0.709733426570892,-1.17709459956927E-08,0,0,0,0,0,38
3,6225,1269.588969,0.707076370716095,-3.50147679739621E-08,0,0,0,0,0,38
3,6226,1269.808969,0.704225301742554,-1.46399283806886E-08,0,0,0,0,0,38
3,6227,1270.028969,0.701413094997406,1.7759724357802E-08,0,0,0,0,0,38
3,6228,1270.248969,0.699706375598907,-5.10260456110245E-09,0,0,0,0,0,38
3,6229,1270.468969,0.697689294815063,-2.25695320210662E-08,0,0,0,0,0,38
3,6230,1270.688969,0.695807993412018,-1.17592673376521E-08,0,0,0,0,0,38
3,6231,1270.908969,0.694062471389771,9.39412814204843E-09,0,0,0,0,0,38
3,6232,1271.128969,0.691948473453522,1.13794484946084E-08,0,0,0,0,0,38
3,6233,1271.348969,0.687720417976379,4.01819155726457E-09,0,0,0,0,0,38
3,6234,1271.568969,0.687798023223877,-3.82379923280496E-08,0,0,0,0,0,38
3,6235,1271.788969,0.683007538318634,-1.79762971175279E-09,0,0,0,0,0,38
3,6236,1272.008969,0.68124258518219,4.20504520093345E-09,0,0,0,0,0,38
3,6237,1272.228969,0.680195271968842,-1.43207206093621E-08,0,0,0,0,0,38
3,6238,1272.448969,0.677751541137695,-9.95301530082315E-09,0,0,0,0,0,38
3,6239,1272.668969,0.675424158573151,-1.72519882823963E-08,0,0,0,0,0,38
3,6240,1272.888969,0.673426508903503,-2.50531293488621E-08,0,0,0,0,0,38
3,6241,1273.108969,0.670517325401306,8.33139779388148E-09,0,0,0,0,0,38
3,6242,1273.328969,0.669663965702057,-1.24716468263841E-08,0,0,0,0,0,38
3,6243,1273.548969,0.666308641433716,5.45852207878283E-09,0,0,0,0,0,38
3,6244,1273.768969,0.666405618190765,-3.40376793417363E-08,0,0,0,0,0,38
3,6245,1273.988969,0.664330422878265,1.43613219094618E-08,0,0,0,0,0,38
3,6246,1274.208969,0.660975098609924,-3.10560555050188E-09,0,0,0,0,0,38
3,6247,1274.428969,0.659966588020325,-7.64070051673116E-09,0,0,0,0,0,38
3,6248,1274.648969,0.655428230762482,2.20885016943839E-08,0,0,0,0,0,38
3,6249,1274.868969,0.655137300491333,-2.5193269692636E-08,0,0,0,0,0,38
3,6250,1275.088969,0.650521337985992,1.16363727542534E-08,0,0,0,0,0,38
3,6251,1275.308969,0.648058235645294,-3.03051438110824E-11,0,0,0,0,0,38
3,6252,1275.528969,0.648659467697144,-1.3499593665145E-09,0,0,0,0,0,38
3,6253,1275.748969,0.645944237709045,-3.97367152515926E-08,0,0,0,0,0,38
3,6254,1275.968969,0.642744064331055,-1.62634716804888E-09,0,0,0,0,0,38
3,6255,1276.188969,0.63975727558136,-6.75314559828166E-09,0,0,0,0,0,38
3,6256,1276.408969,0.638923346996307,-2.32079493400761E-08,0,0,0,0,0,38
3,6257,1276.628969,0.634772837162018,-1.31528850033646E-08,0,0,0,0,0,38
3,6258,1276.848969,0.634578883647919,5.68430369440875E-09,0,0,0,0,0,38
3,6259,1277.068969,0.631281793117523,8.02386779241715E-09,0,0,0,0,0,38
3,6260,1277.288969,0.629090189933777,-1.72130594222608E-08,0,0,0,0,0,38
3,6261,1277.508969,0.628527760505676,-6.05244387941184E-09,0,0,0,0,0,38
3,6262,1277.728969,0.624668180942535,-7.78084086050512E-09,0,0,0,0,0,38
3,6263,1277.948969,0.622845113277435,-2.17092264165331E-08,0,0,0,0,0,38
3,6264,1278.168969,0.619121313095093,9.84569137330027E-09,0,0,0,0,0,38
3,6265,1278.388969,0.617259442806244,-1.4846246010336E-08,0,0,0,0,0,38
3,6266,1278.608969,0.6154944896698,1.38046543085579E-08,0,0,0,0,0,38
3,6267,1278.828969,0.614563584327698,1.31117383617152E-08,0,0,0,0,0,38
3,6268,1279.048969,0.611615538597107,-1.24405046264542E-08,0,0,0,0,0,38
3,6269,1279.268969,0.607756018638611,2.09128803163594E-08,0,0,0,0,0,38
3,6270,1279.488969,0.606611728668213,-3.3858860160052E-09,0,0,0,0,0,38
3,6271,1279.708969,0.605952322483063,1.52333061720356E-08,0,0,0,0,0,38
3,6272,1279.928969,0.604284346103668,-1.28687114298032E-08,0,0,0,0,0,38
3,6273,1280.148969,0.599416255950928,2.55725449704869E-08,0,0,0,0,0,38
3,6274,1280.368969,0.599435687065125,1.6829348581382E-08,0,0,0,0,0,38
3,6275,1280.588969,0.596313118934631,1.91221989354062E-08,0,0,0,0,0,38
3,6276,1280.808969,0.594645202159882,2.79393574942333E-08,0,0,0,0,0,38
3,6277,1281.028969,0.592783272266388,-2.33872676780322E-09,0,0,0,0,0,38
3,6278,1281.248969,0.588574647903442,-3.72258703862371E-08,0,0,0,0,0,38
3,6279,1281.468969,0.588535845279694,2.03010646487867E-11,0,0,0,0,0,38
3,6280,1281.688969,0.584909021854401,-1.62593281061163E-08,0,0,0,0,0,38
3,6281,1281.908969,0.5838423371315,-3.56142564328366E-08,0,0,0,0,0,38
3,6282,1282.128969,0.581767082214355,-5.69820057805259E-09,0,0,0,0,0,38
3,6283,1282.348969,0.580196142196655,1.04841078041318E-08,0,0,0,0,0,38
3,6284,1282.568969,0.576995968818665,-8.92142715258615E-09,0,0,0,0,0,38
3,6285,1282.788969,0.573543727397919,1.10290976351735E-08,0,0,0,0,0,38
3,6286,1283.008969,0.570809066295624,4.8551402898056E-09,0,0,0,0,0,38
3,6287,1283.228969,0.57102245092392,1.66035665216668E-08,0,0,0,0,0,38
3,6288,1283.448969,0.567162871360779,5.84315458240781E-08,0,0,0,0,0,38
3,6289,1283.668969,0.565824627876282,1.28587069880837E-08,0,0,0,0,0,38
3,6290,1283.888969,0.562643885612488,1.56731907452468E-08,0,0,0,0,0,38
3,6291,1284.108969,0.559133470058441,2.53623344548259E-08,0,0,0,0,0,38
3,6292,1284.328969,0.559366226196289,4.8006416619728E-09,0,0,0,0,0,38
3,6293,1284.548969,0.556806087493896,-5.65148727815767E-09,0,0,0,0,0,38
3,6294,1284.768969,0.556224226951599,3.30191918251899E-09,0,0,0,0,0,38
3,6295,1284.988969,0.552248358726501,1.53228398858118E-08,0,0,0,0,0,38
3,6296,1285.208969,0.551569521427155,1.02855759465115E-08,0,0,0,0,0,38
3,6297,1285.428969,0.547457814216614,3.66085899372592E-08,0,0,0,0,0,38
3,6298,1285.648969,0.546255350112915,2.32329799843001E-08,0,0,0,0,0,38
3,6299,1285.868969,0.544606804847717,3.20968531752897E-08,0,0,0,0,0,38
3,6300,1286.088969,0.541891574859619,3.66747663349543E-08,0,0,0,0,0,38
3,6301,1286.308969,0.539176285266876,9.07881236855701E-09,0,0,0,0,0,38
3,6302,1286.528969,0.53673255443573,1.51359866862322E-08,0,0,0,0,0,38
3,6303,1286.748969,0.534890055656433,3.04307405940563E-08,0,0,0,0,0,38
3,6304,1286.968969,0.533648788928986,4.24555537392735E-08,0,0,0,0,0,38
3,6305,1287.188969,0.52978926897049,1.8106181443045E-08,0,0,0,0,0,38
3,6306,1287.408969,0.528160095214844,2.65807749144642E-08,0,0,0,0,0,38
3,6307,1287.628969,0.526007294654846,-1.70923826203762E-08,0,0,0,0,0,38
3,6308,1287.848969,0.52472722530365,2.0597564542868E-08,0,0,0,0,0,38
3,6309,1288.068969,0.522322297096252,2.33030501561871E-08,0,0,0,0,0,38
3,6310,1288.288969,0.518288195133209,4.6188734614816E-08,0,0,0,0,0,38
3,6311,1288.508969,0.516232371330261,-1.81628987405702E-08,0,0,0,0,0,38
3,6312,1288.728969,0.517085731029511,-1.43479699232785E-08,0,0,0,0,0,38
3,6313,1288.948969,0.51322615146637,1.78492580715783E-08,0,0,0,0,0,38
3,6314,1289.168969,0.511364281177521,2.46772042800103E-08,0,0,0,0,0,38
3,6315,1289.388969,0.507892608642578,8.09393796430413E-09,0,0,0,0,0,38
3,6316,1289.608969,0.506263494491577,1.63661066920895E-08,0,0,0,0,0,38
3,6317,1289.828969,0.503625810146332,3.75078244019278E-08,0,0,0,0,0,38
3,6318,1290.048969,0.502112984657288,2.89706947320667E-09,0,0,0,0,0,38
3,6319,1290.268969,0.498427987098694,1.29793837899683E-08,0,0,0,0,0,38
3,6320,1290.488969,0.496818244457245,6.77428380058132E-09,0,0,0,0,0,38
3,6321,1290.708969,0.495402425527573,6.6380363428209E-09,0,0,0,0,0,38
3,6322,1290.928969,0.493133246898651,3.97926358530754E-09,0,0,0,0,0,38
3,6323,1291.148969,0.489409446716309,-1.85521784601406E-08,0,0,0,0,0,38
3,6324,1291.368969,0.489021569490433,2.71841571475306E-08,0,0,0,0,0,38
3,6325,1291.588969,0.485569298267365,2.05858867730058E-08,0,0,0,0,0,38
3,6326,1291.808969,0.484677135944366,-1.02177244443169E-08,0,0,0,0,0,38
3,6327,1292.028969,0.483164370059967,2.98273583609898E-08,0,0,0,0,0,38
3,6328,1292.248969,0.480177581310272,6.1280811536335E-09,0,0,0,0,0,38
3,6329,1292.468969,0.478276878595352,-2.16274784747839E-08,0,0,0,0,0,38
3,6330,1292.688969,0.475270718336105,9.9741530590336E-09,0,0,0,0,0,38
3,6331,1292.908969,0.47389367222786,-1.48812810962795E-08,0,0,0,0,0,38
3,6332,1293.128969,0.471857249736786,2.30511471022155E-10,0,0,0,0,0,38
3,6333,1293.348969,0.469859570264816,-1.67576033049954E-08,0,0,0,0,0,38
3,6334,1293.568969,0.468094676733017,1.9604904366588E-08,0,0,0,0,0,38
3,6335,1293.788969,0.464681208133698,6.55239507096894E-09,0,0,0,0,0,38
3,6336,1294.008969,0.462741732597351,1.68641323128327E-09,0,0,0,0,0,38
3,6337,1294.228969,0.46128711104393,-1.59595821003222E-08,0,0,0,0,0,38
3,6338,1294.448969,0.458591252565384,-1.03033652720796E-08,0,0,0,0,0,38
3,6339,1294.668969,0.455701440572739,-1.77463714834403E-08,0,0,0,0,0,38
3,6340,1294.888969,0.453180134296417,-2.09737427425694E-09,0,0,0,0,0,38
3,6341,1295.108969,0.451357036828995,7.45162864745907E-09,0,0,0,0,0,38
3,6342,1295.328969,0.450018793344498,-1.30983854873534E-08,0,0,0,0,0,38
3,6343,1295.548969,0.447730213403702,-1.4492003153066E-08,0,0,0,0,0,38
3,6344,1295.768969,0.445693761110306,-3.66614152369493E-08,0,0,0,0,0,38
3,6345,1295.988969,0.442823350429535,-1.54768766691404E-08,0,0,0,0,0,38
3,6346,1296.208969,0.440825700759888,-1.60024029582928E-08,0,0,0,0,0,38
3,6347,1296.428969,0.440069288015366,-2.54579788361298E-08,0,0,0,0,0,38
3,6348,1296.648969,0.436132162809372,2.61759254271965E-08,0,0,0,0,0,38
3,6349,1296.868969,0.433610856533051,-9.87126647089553E-09,0,0,0,0,0,38
3,6350,1297.088969,0.432854473590851,-2.42551081441889E-08,0,0,0,0,0,38
3,6351,1297.308969,0.430837422609329,-4.08383726835382E-08,0,0,0,0,0,38
3,6352,1297.528969,0.425756007432938,-1.36122331184652E-08,0,0,0,0,0,38
3,6353,1297.748969,0.42435958981514,1.65527092033102E-09,0,0,0,0,0,38
3,6354,1297.968969,0.423389852046967,-5.36618562085867E-11,0,0,0,0,0,38
3,6355,1298.188969,0.420635789632797,-2.09073132140247E-08,0,0,0,0,0,38
3,6356,1298.408969,0.416252583265305,1.38708315944314E-08,0,0,0,0,0,38
3,6357,1298.628969,0.413770079612732,1.740158772634E-08,0,0,0,0,0,38
3,6358,1298.848969,0.414235532283783,-1.25495027702982E-08,0,0,0,0,0,38
3,6359,1299.068969,0.413828253746033,-4.81840594090954E-08,0,0,0,0,0,38
3,6360,1299.288969,0.410279005765915,1.93555149685665E-09,0,0,0,0,0,38
3,6361,1299.508969,0.406594008207321,-1.82173991447598E-08,0,0,0,0,0,38
3,6362,1299.728969,0.405507922172546,-3.22197486468667E-08,0,0,0,0,0,38
3,6363,1299.948969,0.402404755353928,8.97759999674008E-09,0,0,0,0,0,38
3,6364,1300.168969,0.401241093873978,-5.03601285117838E-08,0,0,0,0,0,38
3,6365,1300.388969,0.39794397354126,1.25406268702832E-10,0,0,0,0,0,38
3,6366,1300.608969,0.396334230899811,-2.27135661390321E-08,0,0,0,0,0,38
3,6367,1300.828969,0.392881959676743,3.05669871636383E-08,0,0,0,0,0,38
3,6368,1301.048969,0.392707407474518,2.89281256726781E-08,0,0,0,0,0,38
3,6369,1301.268969,0.389313340187073,2.05119228269268E-08,0,0,0,0,0,38
3,6370,1301.488969,0.388382375240326,-2.88719519403458E-08,0,0,0,0,0,38
3,6371,1301.708969,0.386947184801102,-1.19033005674396E-08,0,0,0,0,0,38
3,6372,1301.928969,0.383844017982483,-2.71396629614173E-08,0,0,0,0,0,38
3,6373,1302.148969,0.380469352006912,3.88194409950415E-09,0,0,0,0,0,38
3,6374,1302.368969,0.378549247980118,1.26796386723527E-08,0,0,0,0,0,38
3,6375,1302.588969,0.378006219863892,-3.46994504241138E-08,0,0,0,0,0,38
3,6376,1302.808969,0.374476373195648,4.36039258033816E-08,0,0,0,0,0,38
3,6377,1303.028969,0.373467832803726,4.26540864850722E-08,0,0,0,0,0,38
3,6378,1303.248969,0.371315032243729,-4.38633174226766E-09,0,0,0,0,0,38
3,6379,1303.468969,0.368134289979935,2.9056586470233E-08,0,0,0,0,0,38
3,6380,1303.688969,0.36669909954071,5.04588681948803E-09,0,0,0,0,0,38
3,6381,1303.908969,0.362645596265793,1.96632967686128E-08,0,0,0,0,0,38
3,6382,1304.128969,0.36132675409317,3.25756666086363E-08,0,0,0,0,0,38
3,6383,1304.348969,0.360085487365723,1.39603653082077E-08,0,0,0,0,0,38
3,6384,1304.568969,0.356943547725677,3.55614311331465E-08,0,0,0,0,0,38
3,6385,1304.788969,0.353917986154556,1.11575602090852E-08,0,0,0,0,0,38
3,6386,1305.008969,0.352560341358185,1.85616375603104E-08,0,0,0,0,0,38
3,6387,1305.228969,0.348099559545517,2.30539125567475E-08,0,0,0,0,0,38
3,6388,1305.448969,0.346470415592194,-3.61556051764467E-09,0,0,0,0,0,38
3,6389,1305.668969,0.34559765458107,-1.41105100937011E-08,0,0,0,0,0,38
3,6390,1305.888969,0.342804789543152,2.24116032399024E-08,0,0,0,0,0,38
3,6391,1306.108969,0.340826541185379,-1.38613716060831E-08,0,0,0,0,0,38
3,6392,1306.328969,0.338693112134933,4.00651334331315E-09,0,0,0,0,0,38
3,6393,1306.548969,0.336986392736435,-7.37988381516175E-09,0,0,0,0,0,38
3,6394,1306.768969,0.332932889461517,3.33697940391176E-08,0,0,0,0,0,38
3,6395,1306.988969,0.332312256097794,1.2383787328929E-08,0,0,0,0,0,38
3,6396,1307.208969,0.33103221654892,1.17959766399167E-08,0,0,0,0,0,38
3,6397,1307.428969,0.328801810741425,-6.63636168241055E-09,0,0,0,0,0,38
3,6398,1307.648969,0.327405393123627,1.38902951363207E-08,0,0,0,0,0,38
3,6399,1307.868969,0.323371291160584,3.00025355670641E-08,0,0,0,0,0,38
3,6400,1308.088969,0.32019054889679,1.26446035864092E-08,0,0,0,0,0,38
3,6401,1308.308969,0.318988084793091,-1.03075092905414E-09,0,0,0,0,0,38
3,6402,1308.528969,0.317514091730118,2.54051535364397E-08,0,0,0,0,0,38
3,6403,1308.748969,0.315322488546371,-1.33708804028743E-08,0,0,0,0,0,38
3,6404,1308.968969,0.311559915542603,9.89629711511952E-09,0,0,0,0,0,38
3,6405,1309.188969,0.311443537473679,3.51838309597952E-08,0,0,0,0,0,38
3,6406,1309.408969,0.308902829885483,3.18048947178795E-08,0,0,0,0,0,38
3,6407,1309.628969,0.307487010955811,2.67520583463465E-08,0,0,0,0,0,38
3,6408,1309.848969,0.303336560726166,2.82702448117789E-08,0,0,0,0,0,38
3,6409,1310.068969,0.302328020334244,3.54718956430133E-08,0,0,0,0,0,38
3,6410,1310.288969,0.299477010965347,1.49257761705712E-08,0,0,0,0,0,38
3,6411,1310.508969,0.296509623527527,1.34270541352066E-08,0,0,0,0,0,38
3,6412,1310.728969,0.294938653707504,-4.70164751575908E-09,0,0,0,0,0,38
3,6413,1310.948969,0.292630672454834,2.90371229283437E-08,0,0,0,0,0,38
3,6414,1311.168969,0.290710598230362,2.31473382683589E-08,0,0,0,0,0,38
3,6415,1311.388969,0.288305640220642,-5.73323566399608E-09,0,0,0,0,0,38
3,6416,1311.608969,0.287045001983643,-1.67186762212168E-08,0,0,0,0,0,38
3,6417,1311.828969,0.284640043973923,-8.48932746322362E-09,0,0,0,0,0,38
3,6418,1312.048969,0.282351464033127,3.82279878863301E-08,0,0,0,0,0,38
3,6419,1312.268969,0.279054373502731,-1.05174686737541E-08,0,0,0,0,0,38
3,6420,1312.488969,0.276882171630859,-5.62034507822773E-09,0,0,0,0,0,38
3,6421,1312.708969,0.27453538775444,-2.43952484879628E-08,0,0,0,0,0,38
3,6422,1312.928969,0.272343784570694,1.28625998740972E-08,0,0,0,0,0,38
3,6423,1313.148969,0.271024972200394,-2.84126038252452E-08,0,0,0,0,0,38
3,6424,1313.368969,0.270132809877396,-3.90905121605556E-08,0,0,0,0,0,38
3,6425,1313.588969,0.265497475862503,-5.99794525157904E-09,0,0,0,0,0,38
3,6426,1313.808969,0.26509016752243,1.26952102164068E-08,0,0,0,0,0,38
3,6427,1314.028969,0.262995541095734,-3.09468077830388E-08,0,0,0,0,0,38
3,6428,1314.248969,0.261308193206787,-1.59556901024871E-08,0,0,0,0,0,38
3,6429,1314.468969,0.25839900970459,-2.09929549299659E-08,0,0,0,0,0,38
3,6430,1314.688969,0.25523766875267,1.0219398660638E-08,0,0,0,0,0,38
3,6431,1314.908969,0.252638757228851,-3.10635890343747E-08,0,0,0,0,0,38
3,6432,1315.128969,0.251785397529602,-3.5361225059205E-08,0,0,0,0,0,38
3,6433,1315.348969,0.249108925461769,-1.39080853500673E-08,0,0,0,0,0,38
3,6434,1315.568969,0.247557356953621,-3.5649543317362E-09,0,0,0,0,0,38
3,6435,1315.788969,0.245249375700951,-1.62710058759785E-08,0,0,0,0,0,38
3,6436,1316.008969,0.241816520690918,2.70050897199781E-08,0,0,0,0,0,38
3,6437,1316.228969,0.240943759679794,-9.10074626769841E-10,0,0,0,0,0,38
3,6438,1316.448969,0.238441839814186,-2.95726536592156E-08,0,0,0,0,0,38
3,6439,1316.668969,0.236560553312302,-1.01671178143192E-08,0,0,0,0,0,38
3,6440,1316.888969,0.233806505799294,2.15354734045548E-09,0,0,0,0,0,38
3,6441,1317.108969,0.230858504772186,-3.65446304328998E-08,0,0,0,0,0,38
3,6442,1317.328969,0.228375971317291,1.44703200533058E-08,0,0,0,0,0,38
3,6443,1317.548969,0.228434160351753,-1.15451639359776E-08,0,0,0,0,0,38
3,6444,1317.768969,0.225214645266533,6.77039091456777E-09,0,0,0,0,0,38
3,6445,1317.988969,0.221839964389801,-1.67147824470248E-08,0,0,0,0,0,38
3,6446,1318.208969,0.21947380900383,7.12074132991347E-09,0,0,0,0,0,38
3,6447,1318.428969,0.218659222126007,-3.94564345640447E-08,0,0,0,0,0,38
3,6448,1318.648969,0.216467618942261,2.0593670768676E-08,0,0,0,0,0,38
3,6449,1318.868969,0.213985100388527,-1.85833197718921E-08,0,0,0,0,0,38
3,6450,1319.088969,0.212608069181442,9.40191391407552E-09,0,0,0,0,0,38
3,6451,1319.308969,0.211017712950706,1.23176100430555E-08,0,0,0,0,0,38
3,6452,1319.528969,0.207410290837288,2.90799437863143E-08,0,0,0,0,0,38
3,6453,1319.748969,0.204132586717606,1.85927806484187E-08,0,0,0,0,0,38
3,6454,1319.968969,0.20269738137722,1.2461643272843E-08,0,0,0,0,0,38
3,6455,1320.188969,0.199846357107162,-7.78862663253221E-09,0,0,0,0,0,38
3,6456,1320.408969,0.198372349143028,1.55680854874163E-08,0,0,0,0,0,38
3,6457,1320.628969,0.19682078063488,1.30728103897582E-08,0,0,0,0,0,38
3,6458,1320.848969,0.193678826093674,3.43390951229594E-08,0,0,0,0,0,38
3,6459,1321.068969,0.192786678671837,6.68864252872936E-09,0,0,0,0,0,38
3,6460,1321.288969,0.189916253089905,3.42768124994564E-08,0,0,0,0,0,38
3,6461,1321.508969,0.187860414385796,-9.03821018027884E-09,0,0,0,0,0,38
3,6462,1321.728969,0.184602111577988,5.81665826615563E-09,0,0,0,0,0,38
3,6463,1321.948969,0.184505134820938,4.50089698844636E-09,0,0,0,0,0,38
3,6464,1322.168969,0.180199503898621,2.20067519762779E-08,0,0,0,0,0,38
3,6465,1322.388969,0.177193328738213,2.35597230613394E-09,0,0,0,0,0,38
3,6466,1322.608969,0.176611483097076,3.55341818192301E-08,0,0,0,0,0,38
3,6467,1322.828969,0.173139825463295,2.08233466025831E-08,0,0,0,0,0,38
3,6468,1323.048969,0.172267064452171,1.09473496934243E-08,0,0,0,0,0,38
3,6469,1323.268969,0.169047549366951,5.68430369440875E-09,0,0,0,0,0,38
3,6470,1323.488969,0.167612329125404,4.45771206614154E-08,0,0,0,0,0,38
3,6471,1323.708969,0.165556490421295,5.23274046315692E-09,0,0,0,0,0,38
3,6472,1323.928969,0.162705466151237,2.98001090470734E-08,0,0,0,0,0,38
3,6473,1324.148969,0.161619365215302,-9.73501901313512E-09,0,0,0,0,0,38
3,6474,1324.368969,0.156634926795959,1.30881305793196E-09,0,0,0,0,0,38
3,6475,1324.588969,0.156421586871147,2.03010646487867E-11,0,0,0,0,0,38
3,6476,1324.808969,0.154753640294075,1.71057354947379E-08,0,0,0,0,0,38
3,6477,1325.028969,0.152290508151054,2.48484859355358E-08,0,0,0,0,0,38
3,6478,1325.248969,0.149381294846535,5.02644823541232E-08,0,0,0,0,0,38
3,6479,1325.468969,0.1470927298069,2.82118524097541E-08,0,0,0,0,0,38
3,6480,1325.688969,0.145017489790916,1.65527092033102E-09,0,0,0,0,0,38
3,6481,1325.908969,0.143892601132393,-2.99074329745963E-08,0,0,0,0,0,38
3,6482,1326.128969,0.140517920255661,1.21149335008397E-09,0,0,0,0,0,38
3,6483,1326.348969,0.13991667330265,2.20573586062756E-08,0,0,0,0,0,38
3,6484,1326.568969,0.138539656996727,-3.53406331976558E-10,0,0,0,0,0,38
3,6485,1326.788969,0.134524941444397,-8.00272914602829E-09,0,0,0,0,0,38
3,6486,1327.008969,0.132158786058426,2.52725484983785E-09,0,0,0,0,0,38
3,6487,1327.228969,0.130005985498428,-5.47631184844022E-09,0,0,0,0,0,38
3,6488,1327.448969,0.126320987939835,3.67253747413088E-08,0,0,0,0,0,38
3,6489,1327.668969,0.125971883535385,2.55530796522407E-08,0,0,0,0,0,38
3,6490,1327.888969,0.122655384242535,-7.97547983211189E-09,0,0,0,0,0,38
3,6491,1328.108969,0.120638333261013,1.58678297168535E-08,0,0,0,0,0,38
3,6492,1328.328969,0.120754703879356,-2.46443860874024E-08,0,0,0,0,0,38
3,6493,1328.548969,0.116410285234451,2.28200924823341E-09,0,0,0,0,0,38
3,6494,1328.768969,0.116119362413883,5.54416335063479E-09,0,0,0,0,0,38
3,6495,1328.988969,0.11268649995327,-6.74146694024103E-09,0,0,0,0,0,38
3,6496,1329.208969,0.109971240162849,1.63894640081708E-08,0,0,0,0,0,38
3,6497,1329.428969,0.108788162469864,1.93129459091779E-08,0,0,0,0,0,38
3,6498,1329.648969,0.106014713644981,-2.20206501921894E-08,0,0,0,0,0,38
3,6499,1329.868969,0.104831635951996,1.45676395391092E-08,0,0,0,0,0,38
3,6500,1330.088969,0.102349117398262,3.6733158736979E-08,0,0,0,0,0,38
3,6501,1330.308969,0.0983150154352188,2.32446577541623E-08,0,0,0,0,0,38
3,6502,1330.528969,0.0988968536257744,1.74483005821457E-08,0,0,0,0,0,38
3,6503,1330.748969,0.0947463884949684,1.13560920667055E-08,0,0,0,0,0,38
3,6504,1330.968969,0.0936796739697456,2.55450438579885E-09,0,0,0,0,0,38
3,6505,1331.188969,0.0904795527458191,4.50715056388162E-08,0,0,0,0,0,38
3,6506,1331.408969,0.0890055522322655,2.08583816885266E-08,0,0,0,0,0,38
3,6507,1331.628969,0.0884818956255913,-2.20790408178573E-08,0,0,0,0,0,38
3,6508,1331.848969,0.084001712501049,1.00987227469318E-08,0,0,0,0,0,38
3,6509,1332.068969,0.0827216655015945,-1.03539719020773E-08,0,0,0,0,0,38
3,6510,1332.288969,0.0781639069318771,3.63280583393077E-09,0,0,0,0,0,38
3,6511,1332.508969,0.0769808292388916,-2.0498569952565E-08,0,0,0,0,0,38
3,6512,1332.728969,0.0750995427370071,4.22840207292552E-09,0,0,0,0,0,38
3,6513,1332.948969,0.0732376500964165,-2.64123584114984E-11,0,0,0,0,0,38
3,6514,1333.168969,0.0711236223578453,-1.45895739933621E-09,0,0,0,0,0,38
3,6515,1333.388969,0.069319911301136,-5.38288480456117E-09,0,0,0,0,0,38
3,6516,1333.608969,0.0665464699268341,-1.29426744877037E-08,0,0,0,0,0,38
3,6517,1333.828969,0.064180314540863,-8.82021478076922E-09,0,0,0,0,0,38
3,6518,1334.048969,0.0614456608891487,-1.62476485598972E-08,0,0,0,0,0,38
3,6519,1334.268969,0.0606892667710781,-2.91950534858643E-08,0,0,0,0,0,38
3,6520,1334.488969,0.0574697442352772,-2.93040507415299E-08,0,0,0,0,0,38
3,6521,1334.708969,0.0558793768286705,5.61034063650823E-09,0,0,0,0,0,38
3,6522,1334.928969,0.0527762211859226,1.13677707247462E-08,0,0,0,0,0,38
3,6523,1335.148969,0.0510888807475567,-5.69820057805259E-09,0,0,0,0,0,38
3,6524,1335.368969,0.0485093854367733,-3.8195171470079E-08,0,0,0,0,0,38
3,6525,1335.588969,0.0476172268390656,4.99113639307325E-10,0,0,0,0,0,38
3,6526,1335.808969,0.0466280952095985,-2.07866364121401E-08,0,0,0,0,0,38
3,6527,1336.028969,0.04226428642869,-9.16667275419059E-09,0,0,0,0,0,38
3,6528,1336.248969,0.0394520536065102,1.22708962990714E-08,0,0,0,0,0,38
3,6529,1336.468969,0.0369695276021957,2.43579947323269E-08,0,0,0,0,0,38
3,6530,1336.688969,0.0363101065158844,-2.02260750370442E-08,0,0,0,0,0,38
3,6531,1336.908969,0.0340603217482567,-2.94169417713874E-08,0,0,0,0,0,38
3,6532,1337.128969,0.0313256643712521,-6.83878687013362E-09,0,0,0,0,0,38
3,6533,1337.348969,0.0287267733365297,1.57705102310501E-08,0,0,0,0,0,38
3,6534,1337.568969,0.026748513802886,1.93129459091779E-08,0,0,0,0,0,38
3,6535,1337.788969,0.0258757509291172,3.08394838555159E-08,0,0,0,0,0,38
3,6536,1338.008969,0.0227338075637817,-1.09184261631867E-08,0,0,0,0,0,38
3,6537,1338.228969,0.0202318876981735,-1.89998488053789E-08,0,0,0,0,0,38
3,6538,1338.448969,0.0189324431121349,-8.90974849454551E-09,0,0,0,0,0,38
3,6539,1338.668969,0.0158098936080933,-6.66361144041616E-09,0,0,0,0,0,38
3,6540,1338.888969,0.013191606849432,1.45209266833035E-08,0,0,0,0,0,38
3,6541,1339.108969,0.012706738896668,6.17479489761763E-09,0,0,0,0,0,38
3,6542,1339.328969,0.00857566483318806,2.34354047279339E-08,0,0,0,0,0,38
3,6543,1339.548969,0.00785806030035019,-1.80305441688233E-08,0,0,0,0,0,38
3,6544,1339.768969,0.00440580071881413,2.76471467941519E-09,0,0,0,0,0,38
3,6545,1339.988969,0.0022723819129169,2.30266632428311E-08,0,0,0,0,0,38
3,6546,1340.208969,0.000197147237486206,4.94976042375583E-08,0,0,0,0,0,38
3,6547,1340.428969,-0.000966535706538707,2.9846823679236E-08,0,0,0,0,0,38
3,6548,1340.648969,-0.00424424279481173,1.23409664709584E-08,0,0,0,0,0,38
3,6549,1340.868969,-0.00503942603245378,-3.25895612718341E-08,0,0,0,0,0,38
3,6550,1341.088969,-0.00841410644352436,-2.91288753118124E-08,0,0,0,0,0,38
3,6551,1341.308969,-0.0114202871918678,-5.40234879053969E-09,0,0,0,0,0,38
3,6552,1341.528969,-0.012583970092237,1.32830209054191E-08,0,0,0,0,0,38
3,6553,1341.748969,-0.0155513621866703,1.73782304102588E-08,0,0,0,0,0,38
3,6554,1341.968969,-0.0179757010191679,1.82424297889838E-08,0,0,0,0,0,38
3,6555,1342.188969,-0.020341856405139,-1.3460415004829E-08,0,0,0,0,0,38
3,6556,1342.408969,-0.0204000417143106,4.73446393201016E-09,0,0,0,0,0,38
3,6557,1342.628969,-0.0247832462191582,3.62387773122919E-08,0,0,0,0,0,38
3,6558,1342.848969,-0.0245117209851742,2.33770123259092E-08,0,0,0,0,0,38
3,6559,1343.068969,-0.0276536643505096,-5.89673287976211E-09,0,0,0,0,0,38
3,6560,1343.288969,-0.0295155569911003,2.265684706515E-08,0,0,0,0,0,38
3,6561,1343.508969,-0.0329484231770039,1.0040330344907E-08,0,0,0,0,0,38
3,6562,1343.728969,-0.0342090800404549,1.83358555005952E-08,0,0,0,0,0,38
3,6563,1343.948969,-0.0374092049896717,-4.07905320631841E-10,0,0,0,0,0,38
3,6564,1344.168969,-0.0383207574486732,3.09173380230732E-08,0,0,0,0,0,38
3,6565,1344.388969,-0.0421415157616138,9.00095731282136E-09,0,0,0,0,0,38
3,6566,1344.608969,-0.0438482537865639,1.98462561940005E-08,0,0,0,0,0,38
3,6567,1344.828969,-0.0461562238633633,2.06248138567844E-08,0,0,0,0,0,38
3,6568,1345.048969,-0.0478823520243168,1.93985858487622E-08,0,0,0,0,0,38
3,6569,1345.268969,-0.0495696924626827,8.18347167808042E-09,0,0,0,0,0,38
3,6570,1345.488969,-0.0537007674574852,1.25239276727029E-08,0,0,0,0,0,38
3,6571,1345.708969,-0.055426899343729,1.99007565981901E-08,0,0,0,0,0,38
3,6572,1345.928969,-0.0562220811843872,1.81645738450698E-08,0,0,0,0,0,38
3,6573,1346.148969,-0.0598682872951031,2.33030501561871E-08,0,0,0,0,0,38
3,6574,1346.368969,-0.0625835508108139,3.69667283450781E-08,0,0,0,0,0,38
3,6575,1346.588969,-0.0645230188965797,9.90019000113307E-09,0,0,0,0,0,38
3,6576,1346.808969,-0.0678976997733116,1.62687872062861E-08,0,0,0,0,0,38
3,6577,1347.028969,-0.0683243870735168,-1.14634159942284E-08,0,0,0,0,0,38
3,6578,1347.248969,-0.070535384118557,3.35916823246407E-08,0,0,0,0,0,38
3,6579,1347.468969,-0.0736191421747208,2.23918861230743E-09,0,0,0,0,0,38
3,6580,1347.688969,-0.0749961659312248,1.89548092777159E-08,0,0,0,0,0,38
3,6581,1347.908969,-0.077595055103302,8.84913831100675E-09,0,0,0,0,0,38
3,6582,1348.128969,-0.0775174796581268,-4.57899957950758E-08,0,0,0,0,0,38
3,6583,1348.348969,-0.0793405845761299,-4.04880218241033E-08,0,0,0,0,0,38
3,6584,1348.568969,-0.0825019180774689,-3.81095297541378E-08,0,0,0,0,0,38
3,6585,1348.788969,-0.0864584445953369,5.9840483679352E-09,0,0,0,0,0,38
3,6586,1349.008969,-0.0868269428610802,1.87679560781362E-08,0,0,0,0,0,38
3,6587,1349.228969,-0.0911519676446915,8.40536085178201E-09,0,0,0,0,0,38
3,6588,1349.448969,-0.0911519676446915,-2.67581690138741E-08,0,0,0,0,0,38
3,6589,1349.668969,-0.092276856303215,-3.78642859288902E-08,0,0,0,0,0,38
3,6590,1349.888969,-0.0956515371799469,-1.78865118272142E-08,0,0,0,0,0,38
3,6591,1350.108969,-0.0989680364727974,-4.37465352831623E-09,0,0,0,0,0,38
3,6592,1350.328969,-0.100907504558563,-1.46554999247428E-08,0,0,0,0,0,38
3,6593,1350.548969,-0.104088239371777,1.34815527630394E-08,0,0,0,0,0,38
3,6594,1350.768969,-0.105407081544399,2.02355359135709E-08,0,0,0,0,0,38
3,6595,1350.988969,-0.107656866312027,-3.29749489935693E-08,0,0,0,0,0,38
3,6596,1351.208969,-0.1086266040802,-2.38230093430047E-08,0,0,0,0,0,38
3,6597,1351.428969,-0.112156443297863,-1.18643725954826E-08,0,0,0,0,0,38
3,6598,1351.648969,-0.112117648124695,-1.7793084339246E-08,0,0,0,0,0,38
3,6599,1351.868969,-0.116985723376274,1.04021080638006E-09,0,0,0,0,0,38
3,6600,1352.088969,-0.117334827780724,7.83312170682393E-09,0,0,0,0,0,38
3,6601,1352.308969,-0.122202903032303,2.64328487986631E-08,0,0,0,0,0,38
3,6602,1352.528969,-0.123657509684563,4.43471970257292E-09,0,0,0,0,0,38
3,6603,1352.748969,-0.12540303170681,-2.4547066601599E-08,0,0,0,0,0,38
3,6604,1352.968969,-0.126663684844971,-1.12687761344432E-08,0,0,0,0,0,38
3,6605,1353.188969,-0.130484446883202,1.03673247764391E-08,0,0,0,0,0,38
3,6606,1353.408969,-0.131492972373962,-3.07132381749398E-08,0,0,0,0,0,38
3,6607,1353.628969,-0.134809464216232,1.58561519469913E-08,0,0,0,0,0,38
3,6608,1353.848969,-0.136613175272942,-2.18688303021963E-08,0,0,0,0,0,38
3,6609,1354.068969,-0.139425411820412,4.59821647424974E-09,0,0,0,0,0,38
3,6610,1354.288969,-0.139852091670036,-2.90318080686802E-09,0,0,0,0,0,38
3,6611,1354.508969,-0.143187984824181,7.37766558955855E-09,0,0,0,0,0,38
3,6612,1354.728969,-0.144138321280479,1.2854562969622E-09,0,0,0,0,0,38
3,6613,1354.948969,-0.145709306001663,-4.29326938444774E-08,0,0,0,0,0,38
3,6614,1355.168969,-0.149045184254646,2.61175348015286E-08,0,0,0,0,0,38
3,6615,1355.388969,-0.151488929986954,-2.09737427425694E-09,0,0,0,0,0,38
3,6616,1355.608969,-0.152672007679939,1.21813625852951E-08,0,0,0,0,0,38
3,6617,1355.828969,-0.156046688556671,-2.8564672849285E-09,0,0,0,0,0,38
3,6618,1356.048969,-0.157869786024094,1.6261001434259E-08,0,0,0,0,0,38
3,6619,1356.268969,-0.159673497080803,3.32024043814272E-08,0,0,0,0,0,38
3,6620,1356.488969,-0.161787524819374,4.49700410243281E-09,0,0,0,0,0,38
3,6621,1356.708969,-0.163688197731972,2.82310641530614E-09,0,0,0,0,0,38
3,6622,1356.928969,-0.16593798995018,2.7919893952344E-08,0,0,0,0,0,38
3,6623,1357.148969,-0.169545412063599,1.61597899506205E-08,0,0,0,0,0,38
3,6624,1357.368969,-0.171892166137695,-1.06576090175281E-08,0,0,0,0,0,38
3,6625,1357.588969,-0.172241270542145,-3.08455945230435E-08,0,0,0,0,0,38
3,6626,1357.808969,-0.175014719367027,-9.26009935398042E-09,0,0,0,0,0,38
3,6627,1358.028969,-0.178117871284485,1.88691675617747E-08,0,0,0,0,0,38
3,6628,1358.248969,-0.179514288902283,1.76468333279445E-08,0,0,0,0,0,38
3,6629,1358.468969,-0.181861042976379,3.18671773413826E-08,0,0,0,0,0,38
3,6630,1358.688969,-0.185138761997223,2.54674397126564E-08,0,0,0,0,0,38
3,6631,1358.908969,-0.186961859464645,7.20249015984109E-09,0,0,0,0,0,38
3,6632,1359.128969,-0.188998311758041,2.69439331956889E-10,0,0,0,0,0,38
3,6633,1359.348969,-0.189192250370979,-1.63410760478655E-08,0,0,0,0,0,38
3,6634,1359.568969,-0.193594858050346,2.58411461118158E-08,0,0,0,0,0,38
3,6635,1359.788969,-0.195340380072594,8.2340783080781E-09,0,0,0,0,0,38
3,6636,1360.008969,-0.198268979787827,8.63892779534581E-09,0,0,0,0,0,38
3,6637,1360.228969,-0.197978064417839,3.05475253981058E-08,0,0,0,0,0,38
3,6638,1360.448969,-0.202070340514183,-9.93744375676897E-09,0,0,0,0,0,38
3,6639,1360.668969,-0.204203769564629,6.64582167075878E-09,0,0,0,0,0,38
3,6640,1360.888969,-0.207442685961723,9.10216968463828E-09,0,0,0,0,0,38
3,6641,1361.108969,-0.207442685961723,8.61557136744295E-09,0,0,0,0,0,38
3,6642,1361.328969,-0.212465912103653,-1.85327131418944E-08,0,0,0,0,0,38
3,6643,1361.548969,-0.213125333189964,-4.81868267510066E-10,0,0,0,0,0,38
3,6644,1361.768969,-0.21566604077816,3.19794225822623E-11,0,0,0,0,0,38
3,6645,1361.988969,-0.216984882950783,4.67220466759954E-08,0,0,0,0,0,38
3,6646,1362.208969,-0.219874694943428,2.387139730331E-08,0,0,0,0,0,38
3,6647,1362.428969,-0.221930533647537,-1.47956402685168E-08,0,0,0,0,0,38
3,6648,1362.648969,-0.222628742456436,-1.74271637121137E-08,0,0,0,0,0,38
3,6649,1362.868969,-0.226449504494667,1.41433265099522E-08,0,0,0,0,0,38
3,6650,1363.088969,-0.22776834666729,-1.03228297021474E-08,0,0,0,0,0,38
3,6651,1363.308969,-0.230852097272873,-1.69252445392232E-09,0,0,0,0,0,38
3,6652,1363.528969,-0.232248514890671,-3.58595002580842E-08,0,0,0,0,0,38
3,6653,1363.748969,-0.235952913761139,2.08350243724453E-08,0,0,0,0,0,38
3,6654,1363.968969,-0.237329930067062,1.09707061213271E-08,0,0,0,0,0,38
3,6655,1364.188969,-0.238997876644135,2.13527648895706E-08,0,0,0,0,0,38
3,6656,1364.408969,-0.242663487792015,-1.79565819991012E-08,0,0,0,0,0,38
3,6657,1364.628969,-0.244486585259438,-7.97937271812543E-09,0,0,0,0,0,38
3,6658,1364.848969,-0.246891528367996,1.93440872209294E-08,0,0,0,0,0,38
3,6659,1365.068969,-0.246076956391335,3.0878160028891E-09,0,0,0,0,0,38
3,6660,1365.288969,-0.249781340360641,-4.21115675663941E-09,0,0,0,0,0,38
3,6661,1365.508969,-0.252283275127411,1.25820676100119E-09,0,0,0,0,0,38
3,6662,1365.728969,-0.253214210271835,-1.12337410484997E-08,0,0,0,0,0,38
3,6663,1365.948969,-0.256007045507431,3.44595219026189E-09,0,0,0,0,0,38
3,6664,1366.168969,-0.260215699672699,5.41570166490146E-09,0,0,0,0,0,38
3,6665,1366.388969,-0.260855734348297,-1.64500733035311E-08,0,0,0,0,0,38
3,6666,1366.608969,-0.263241291046143,-1.9431947606563E-08,0,0,0,0,0,38
3,6667,1366.828969,-0.265762597322464,2.73746514345419E-09,0,0,0,0,0,38
3,6668,1367.048969,-0.269098490476608,2.51715874810543E-08,0,0,0,0,0,38
3,6669,1367.268969,-0.271697372198105,3.02322078482575E-08,0,0,0,0,0,38
3,6670,1367.488969,-0.272686511278152,-7.52391660086005E-09,0,0,0,0,0,38
3,6671,1367.708969,-0.274819910526276,-1.85171433741971E-08,0,0,0,0,0,38
3,6672,1367.928969,-0.276099979877472,-2.54115173348168E-09,0,0,0,0,0,38
3,6673,1368.148969,-0.278854012489319,-4.3515482883727E-10,0,0,0,0,0,38
3,6674,1368.368969,-0.281976580619812,1.74483005821457E-08,0,0,0,0,0,38
3,6675,1368.588969,-0.28428453207016,1.26952102164068E-08,0,0,0,0,0,38
3,6676,1368.808969,-0.285913705825806,-1.22847936268045E-08,0,0,0,0,0,38
3,6677,1369.028969,-0.286805868148804,-1.19344427673695E-08,0,0,0,0,0,38
3,6678,1369.248969,-0.289967209100723,2.45137066201551E-08,0,0,0,0,0,38
3,6679,1369.468969,-0.291673928499222,1.67748499535492E-08,0,0,0,0,0,38
3,6680,1369.688969,-0.293109148740768,-3.74012953940905E-09,0,0,0,0,0,38
3,6681,1369.908969,-0.296445041894913,-1.31957049731568E-08,0,0,0,0,0,38
3,6682,1370.128969,-0.297628104686737,9.75615765952398E-09,0,0,0,0,0,38
3,6683,1370.348969,-0.301701009273529,-6.52736398265574E-09,0,0,0,0,0,38
3,6684,1370.568969,-0.303485304117203,-4.90796514540648E-09,0,0,0,0,0,38
3,6685,1370.788969,-0.3048235476017,-6.50011422465013E-09,0,0,0,0,0,38
3,6686,1371.008969,-0.306510895490646,-8.01440780406892E-09,0,0,0,0,0,38
3,6687,1371.228969,-0.309982538223267,1.00831512028776E-08,0,0,0,0,0,38
3,6688,1371.448969,-0.309982538223267,2.34404246013398E-10,0,0,0,0,0,38
3,6689,1371.668969,-0.31401664018631,5.19770537721342E-09,0,0,0,0,0,38
3,6690,1371.888969,-0.317410707473755,2.65184905146043E-08,0,0,0,0,0,38
3,6691,1372.108969,-0.318729549646378,-3.59609653166615E-09,0,0,0,0,0,38
3,6692,1372.328969,-0.321793913841248,-2.63457855531612E-09,0,0,0,0,0,38
3,6693,1372.548969,-0.324877679347992,-7.15799508554937E-09,0,0,0,0,0,38
3,6694,1372.768969,-0.325905591249466,-2.96933286847434E-08,0,0,0,0,0,38
3,6695,1372.988969,-0.326836556196213,1.6685314463416E-08,0,0,0,0,0,38
3,6696,1373.208969,-0.330094873905182,2.28475940389217E-08,0,0,0,0,0,38
3,6697,1373.428969,-0.331549465656281,1.41043985379952E-08,0,0,0,0,0,38
3,6698,1373.648969,-0.333760470151901,2.96366113872182E-08,0,0,0,0,0,38
3,6699,1373.868969,-0.336204200983047,4.24088391071109E-08,0,0,0,0,0,38
3,6700,1374.088969,-0.338977634906769,2.18860769507501E-08,0,0,0,0,0,38
3,6701,1374.308969,-0.340277075767517,2.54207250804939E-08,0,0,0,0,0,38
3,6702,1374.528969,-0.343419045209885,2.22948184358529E-08,0,0,0,0,0,38
3,6703,1374.748969,-0.344175428152084,-8.10004952001009E-09,0,0,0,0,0,38
3,6704,1374.968969,-0.347433745861053,-4.38633174226766E-09,0,0,0,0,0,38
3,6705,1375.188969,-0.348675012588501,-6.88939305604208E-09,0,0,0,0,0,38
3,6706,1375.408969,-0.351700574159622,-5.88116133570793E-09,0,0,0,0,0,38
3,6707,1375.628969,-0.354803740978241,1.72886966964825E-08,0,0,0,0,0,38
3,6708,1375.848969,-0.354241281747818,-1.23159358267344E-08,0,0,0,0,0,38
3,6709,1376.068969,-0.357829302549362,1.21696839272545E-08,0,0,0,0,0,38
3,6710,1376.288969,-0.360466986894608,-8.22461831972987E-09,0,0,0,0,0,38
3,6711,1376.508969,-0.362658590078354,-8.4776496933614E-09,0,0,0,0,0,38
3,6712,1376.728969,-0.365587204694748,1.5260555485952E-08,0,0,0,0,0,38
3,6713,1376.948969,-0.366401761770248,-7.45773931498661E-09,0,0,0,0,0,38
3,6714,1377.168969,-0.370416462421417,-2.04946779547299E-08,0,0,0,0,0,38
3,6715,1377.388969,-0.372297763824463,7.92265542060022E-09,0,0,0,0,0,38
3,6716,1377.608969,-0.373422652482986,6.36164854128651E-09,0,0,0,0,0,38
3,6717,1377.828969,-0.375575482845306,1.73860161822859E-08,0,0,0,0,0,38
3,6718,1378.048969,-0.378387689590454,3.53278650777611E-08,0,0,0,0,0,38
3,6719,1378.268969,-0.379900485277176,-2.22620020196018E-08,0,0,0,0,0,38
3,6720,1378.488969,-0.382072687149048,5.0419943775637E-09,0,0,0,0,0,38
3,6721,1378.708969,-0.383546710014343,-1.3954798205873E-08,0,0,0,0,0,38
3,6722,1378.928969,-0.385195255279541,-2.99775031464833E-08,0,0,0,0,0,38
3,6723,1379.148969,-0.387794137001038,-4.5801673564938E-08,0,0,0,0,0,38
3,6724,1379.368969,-0.392060965299606,-9.5442729275419E-09,0,0,0,0,0,38
3,6725,1379.588969,-0.392157942056656,-1.17592673376521E-08,0,0,0,0,0,38
3,6726,1379.808969,-0.396405398845673,8.15622236416402E-09,0,0,0,0,0,38
3,6727,1380.028969,-0.397123008966446,1.20139729276048E-08,0,0,0,0,0,38
3,6728,1380.248969,-0.402514725923538,-2.83736749651098E-08,0,0,0,0,0,38
3,6729,1380.468969,-0.401079535484314,8.09783085031768E-09,0,0,0,0,0,38
3,6730,1380.688969,-0.403659015893936,-8.81242900874213E-09,0,0,0,0,0,38
3,6731,1380.908969,-0.407790094614029,1.13015934388727E-08,0,0,0,0,0,38
3,6732,1381.128969,-0.407693117856979,-1.85482846859486E-08,0,0,0,0,0,38
3,6733,1381.348969,-0.412832707166672,-4.04012545640597E-10,0,0,0,0,0,38
3,6734,1381.568969,-0.412056922912598,-1.82290769146221E-08,0,0,0,0,0,38
3,6735,1381.788969,-0.413860648870468,-1.50837067280918E-08,0,0,0,0,0,38
3,6736,1382.008969,-0.416226804256439,-8.7112166369252E-09,0,0,0,0,0,38
3,6737,1382.228969,-0.420241504907608,-1.36942335249302E-09,0,0,0,0,0,38
3,6738,1382.448969,-0.423577398061752,-9.65716306922104E-09,0,0,0,0,0,38
3,6739,1382.668969,-0.423344641923904,4.56398510095823E-08,0,0,0,0,0,38
3,6740,1382.888969,-0.425613850355148,2.76746483507395E-08,0,0,0,0,0,38
3,6741,1383.108969,-0.429958254098892,5.12454647605409E-08,0,0,0,0,0,38
3,6742,1383.328969,-0.429997056722641,-2.10085246976632E-08,0,0,0,0,0,38
3,6743,1383.548969,-0.434069931507111,3.80798104160363E-09,0,0,0,0,0,38
3,6744,1383.768969,-0.435854256153107,-1.61697926159832E-08,0,0,0,0,0,38
3,6745,1383.988969,-0.435951232910156,-1.50292063239021E-08,0,0,0,0,0,38
3,6746,1384.208969,-0.439849555492401,1.725341092218E-09,0,0,0,0,0,38
3,6747,1384.428969,-0.441536903381348,-8.01830069008247E-09,0,0,0,0,0,38
3,6748,1384.648969,-0.443166047334671,2.3443190499961E-08,0,0,0,0,0,38
3,6749,1384.868969,-0.445842534303665,-5.73712855000963E-09,0,0,0,0,0,38
3,6750,1385.088969,-0.449275404214859,1.13249498667756E-08,0,0,0,0,0,38
3,6751,1385.308969,-0.449100852012634,-8.46597103532076E-09,0,0,0,0,0,38
3,6752,1385.528969,-0.452456116676331,1.39876146221241E-08,0,0,0,0,0,38
3,6753,1385.748969,-0.454221040010452,4.95635310571174E-09,0,0,0,0,0,38
3,6754,1385.968969,-0.456878125667572,9.09438391261119E-09,0,0,0,0,0,38
3,6755,1386.188969,-0.459554582834244,-2.2347643735543E-08,0,0,0,0,0,38
3,6756,1386.408969,-0.459380030632019,-2.44497471157956E-08,0,0,0,0,0,38
3,6757,1386.628969,-0.462793499231339,4.34988223219079E-08,0,0,0,0,0,38
3,6758,1386.848969,-0.466051816940308,-4.42136682821115E-09,0,0,0,0,0,38
3,6759,1387.068969,-0.468476146459579,3.751950217179E-08,0,0,0,0,0,38
3,6760,1387.288969,-0.471404761075974,6.27989971135889E-09,0,0,0,0,0,38
3,6761,1387.508969,-0.472568452358246,5.05367259151512E-09,0,0,0,0,0,38
3,6762,1387.728969,-0.474624276161194,2.05897787708409E-08,0,0,0,0,0,38
3,6763,1387.948969,-0.477455914020538,-1.55780899291358E-08,0,0,0,0,0,38
3,6764,1388.168969,-0.479046285152435,-1.49357806122907E-08,0,0,0,0,0,38
3,6765,1388.388969,-0.480908185243607,-1.9689121444344E-09,0,0,0,0,0,38
3,6766,1388.608969,-0.484554380178452,2.0737704886642E-08,0,0,0,0,0,38
3,6767,1388.828969,-0.486358076334,3.18048947178795E-08,0,0,0,0,0,38
3,6768,1389.048969,-0.487618744373322,-9.11217323817937E-09,0,0,0,0,0,38
3,6769,1389.268969,-0.490178853273392,-7.05678271373245E-09,0,0,0,0,0,38
3,6770,1389.488969,-0.492118328809738,6.44728981313847E-09,0,0,0,0,0,38
3,6771,1389.708969,-0.494251728057861,2.0834773906131E-09,0,0,0,0,0,38
3,6772,1389.928969,-0.49685063958168,1.99124343680523E-08,0,0,0,0,0,38
3,6773,1390.148969,-0.499895602464676,9.08270525457056E-09,0,0,0,0,0,38
3,6774,1390.368969,-0.500341653823853,-2.38619364267834E-08,0,0,0,0,0,38
3,6775,1390.588969,-0.502804815769196,1.74677659003919E-08,0,0,0,0,0,38
3,6776,1390.808969,-0.505190372467041,1.39837217361105E-08,0,0,0,0,0,38
3,6777,1391.028969,-0.506160080432892,-3.34306538007922E-09,0,0,0,0,0,38
3,6778,1391.248969,-0.509030520915985,6.81710421446269E-09,0,0,0,0,0,38
3,6779,1391.468969,-0.51242458820343,-3.33917271611028E-09,0,0,0,0,0,38
3,6780,1391.688969,-0.512812495231628,1.01960422327352E-08,0,0,0,0,0,38
3,6781,1391.908969,-0.516749620437622,1.06746034234106E-09,0,0,0,0,0,38
3,6782,1392.128969,-0.519387304782867,1.4984168572596E-08,0,0,0,0,0,38
3,6783,1392.348969,-0.520803093910217,1.91221989354062E-08,0,0,0,0,0,38
3,6784,1392.568969,-0.524507522583008,-8.40368663546087E-09,0,0,0,0,0,38
3,6785,1392.788969,-0.525322079658508,2.94497581876385E-08,0,0,0,0,0,38
3,6786,1393.008969,-0.528056740760803,-1.81045081149023E-08,0,0,0,0,0,38
3,6787,1393.228969,-0.53005439043045,-1.63410760478655E-08,0,0,0,0,0,38
3,6788,1393.448969,-0.531877458095551,-1.76685155395262E-08,0,0,0,0,0,38
3,6789,1393.668969,-0.532944202423096,2.74761156049408E-08,0,0,0,0,0,38
3,6790,1393.888969,-0.536202490329742,-3.5571435574866E-08,0,0,0,0,0,38
3,6791,1394.108969,-0.537618339061737,-8.40368663546087E-09,0,0,0,0,0,38
3,6792,1394.328969,-0.539499580860138,-4.23062074261793E-09,0,0,0,0,0,38
3,6793,1394.548969,-0.543184578418732,-1.01826893583734E-08,0,0,0,0,0,38
3,6794,1394.768969,-0.546074390411377,-7.59787965876058E-09,0,0,0,0,0,38
3,6795,1394.988969,-0.54935210943222,2.75890066347984E-08,0,0,0,0,0,38
3,6796,1395.208969,-0.548964202404022,-3.45670976287238E-08,0,0,0,0,0,38
3,6797,1395.428969,-0.551815271377563,-1.99769374376046E-08,0,0,0,0,0,38
3,6798,1395.648969,-0.555655419826508,4.22450918691197E-09,0,0,0,0,0,38
3,6799,1395.868969,-0.555189907550812,-3.66616670355313E-09,0,0,0,0,0,38
3,6800,1396.088969,-0.558933138847351,2.95159363616904E-08,0,0,0,0,0,38
3,6801,1396.308969,-0.559650719165802,2.84646328729821E-09,0,0,0,0,0,38
3,6802,1396.528969,-0.562540531158447,-5.58530999228424E-09,0,0,0,0,0,38
3,6803,1396.748969,-0.563956320285797,1.08305657775531E-08,0,0,0,0,0,38
3,6804,1396.968969,-0.56641948223114,-4.31236912845634E-09,0,0,0,0,0,38
3,6805,1397.188969,-0.570007503032684,-5.10024378286289E-08,0,0,0,0,0,38
3,6806,1397.408969,-0.570589363574982,-6.89328594205563E-09,0,0,0,0,0,38
3,6807,1397.628969,-0.57396399974823,7.65794627710648E-09,0,0,0,0,0,38
3,6808,1397.848969,-0.576524138450623,-1.28609256577761E-08,0,0,0,0,0,38
3,6809,1398.068969,-0.577687799930573,-2.96935809274146E-09,0,0,0,0,0,38
3,6810,1398.288969,-0.580752193927765,1.52294141742004E-08,0,0,0,0,0,38
3,6811,1398.508969,-0.582148611545563,2.14929052333446E-08,0,0,0,0,0,38
3,6812,1398.728969,-0.582924365997314,1.90599145355463E-08,0,0,0,0,0,38
3,6813,1398.948969,-0.58606630563736,-3.66925583250577E-08,0,0,0,0,0,38
3,6814,1399.168969,-0.589285850524902,-1.9867940181939E-08,0,0,0,0,0,38
3,6815,1399.388969,-0.59128350019455,-7.82755460448925E-09,0,0,0,0,0,38
3,6816,1399.608969,-0.593630254268646,1.2632925816547E-08,0,0,0,0,0,38
3,6817,1399.828969,-0.595356404781342,1.30650246177311E-08,0,0,0,0,0,38
3,6818,1400.048969,-0.597354054450989,4.2984722448125E-09,0,0,0,0,0,38
3,6819,1400.268969,-0.599312901496887,-7.76526931645094E-09,0,0,0,0,0,38
3,6820,1400.488969,-0.601213574409485,-1.80152248674403E-09,0,0,0,0,0,38
3,6821,1400.708969,-0.605790734291077,-1.6594107421497E-08,0,0,0,0,0,38
3,6822,1400.928969,-0.605480432510376,9.74033520506623E-10,0,0,0,0,0,38
3,6823,1401.148969,-0.607769012451172,-5.92398219367851E-09,0,0,0,0,0,38
3,6824,1401.368969,-0.611240684986115,8.42482439367132E-09,0,0,0,0,0,38
3,6825,1401.588969,-0.612850427627563,1.89158804175804E-08,0,0,0,0,0,38
3,6826,1401.808969,-0.616031169891357,-1.63877889036712E-08,0,0,0,0,0,38
3,6827,1402.028969,-0.616903901100159,-5.87726889378359E-09,0,0,0,0,0,38
3,6828,1402.248969,-0.619192481040955,2.44630999901574E-08,0,0,0,0,0,38
3,6829,1402.468969,-0.620453178882599,-5.76048497791248E-09,0,0,0,0,0,38
3,6830,1402.688969,-0.624661803245544,1.39837217361105E-08,0,0,0,0,0,38
3,6831,1402.908969,-0.625709116458893,-6.82321577016864E-09,0,0,0,0,0,38
3,6832,1403.128969,-0.628133475780487,3.85316276663161E-08,0,0,0,0,0,38
3,6833,1403.348969,-0.631100833415985,1.84876753905883E-08,0,0,0,0,0,38
3,6834,1403.568969,-0.630906879901886,-3.89584098314799E-09,0,0,0,0,0,38
3,6835,1403.788969,-0.635910749435425,4.11942906453078E-08,0,0,0,0,0,38
3,6836,1404.008969,-0.637927770614624,5.54805623664834E-09,0,0,0,0,0,38
3,6837,1404.228969,-0.639382421970367,-7.15435377607321E-10,0,0,0,0,0,38
3,6838,1404.448969,-0.641690373420715,2.48951987913415E-08,0,0,0,0,0,38
3,6839,1404.668969,-0.643881976604462,4.38764224952592E-08,0,0,0,0,0,38
3,6840,1404.888969,-0.647140264511108,1.13599849527191E-08,0,0,0,0,0,38
3,6841,1405.108969,-0.648808240890503,8.01608202039006E-09,0,0,0,0,0,38
3,6842,1405.328969,-0.651601076126099,3.77180349175887E-08,0,0,0,0,0,38
3,6843,1405.548969,-0.653365969657898,2.50041978233639E-08,0,0,0,0,0,38
3,6844,1405.768969,-0.655072748661041,3.7317079204513E-08,0,0,0,0,0,38
3,6845,1405.988969,-0.65677946805954,4.2361874008634E-09,0,0,0,0,0,38
3,6846,1406.208969,-0.659203767776489,2.47589522217595E-08,0,0,0,0,0,38
3,6847,1406.428969,-0.662481486797333,-4.67829064376701E-09,0,0,0,0,0,38
3,6848,1406.648969,-0.663528800010681,2.04184971153154E-08,0,0,0,0,0,38
3,6849,1406.868969,-0.667407751083374,1.63193938362838E-08,0,0,0,0,0,38
3,6850,1407.088969,-0.667465925216675,3.0255563387982E-08,0,0,0,0,0,38
3,6851,1407.308969,-0.670646667480469,2.29059864409464E-08,0,0,0,0,0,38
3,6852,1407.528969,-0.67400199174881,3.1547969570056E-08,0,0,0,0,0,38
3,6853,1407.748969,-0.674389839172363,6.50957421299836E-09,0,0,0,0,0,38
3,6854,1407.968969,-0.676271140575409,-1.91830595852593E-09,0,0,0,0,0,38
3,6855,1408.188969,-0.680460393428802,3.08239123114618E-08,0,0,0,0,0,38
3,6856,1408.408969,-0.680363416671753,-6.10305050940951E-09,0,0,0,0,0,38
3,6857,1408.628969,-0.685115158557892,1.3384233277236E-08,0,0,0,0,0,38
3,6858,1408.848969,-0.685192704200745,1.16052305543235E-08,0,0,0,0,0,38
3,6859,1409.068969,-0.689207434654236,1.17259064680297E-08,0,0,0,0,0,38
3,6860,1409.288969,-0.690875351428986,6.20204421153403E-09,0,0,0,0,0,38
3,6861,1409.508969,-0.693513035774231,8.40925373779555E-09,0,0,0,0,0,38
3,6862,1409.728969,-0.694385826587677,-2.6750383241847E-08,0,0,0,0,0,38
3,6863,1409.948969,-0.695840418338776,2.93524387018351E-08,0,0,0,0,0,38
3,6864,1410.168969,-0.69841992855072,3.75506452598984E-08,0,0,0,0,0,38
3,6865,1410.388969,-0.702027320861816,8.19125745010751E-09,0,0,0,0,0,38
3,6866,1410.608969,-0.704063773155212,3.05942364775547E-08,0,0,0,0,0,38
3,6867,1410.828969,-0.70514988899231,-4.60043514394215E-09,0,0,0,0,0,38
3,6868,1411.048969,-0.707554817199707,1.27536017302532E-08,0,0,0,0,0,38
3,6869,1411.268969,-0.710192501544952,-5.12596098900531E-09,0,0,0,0,0,38
3,6870,1411.488969,-0.71077436208725,-1.95214813203393E-08,0,0,0,0,0,38
3,6871,1411.708969,-0.715991497039795,2.17301132643399E-09,0,0,0,0,0,38
3,6872,1411.928969,-0.715041160583496,-5.02394499335423E-08,0,0,0,0,0,38
3,6873,1412.148969,-0.719792902469635,1.60441340768536E-10,0,0,0,0,0,38
3,6874,1412.368969,-0.721363842487335,2.01148591116862E-08,0,0,0,0,0,38
3,6875,1412.588969,-0.722702085971832,-1.25728591982011E-08,0,0,0,0,0,38
3,6876,1412.808969,-0.725572526454926,6.38500496918937E-09,0,0,0,0,0,38
3,6877,1413.028969,-0.726891338825226,-2.01715764092114E-08,0,0,0,0,0,38
3,6878,1413.248969,-0.729761779308319,1.42211824538663E-08,0,0,0,0,0,38
3,6879,1413.468969,-0.732244312763214,-1.11091722487799E-08,0,0,0,0,0,38
3,6880,1413.688969,-0.733582556247711,-3.70896202639415E-08,0,0,0,0,0,38
3,6881,1413.908969,-0.736588716506958,1.22942536151527E-08,0,0,0,0,0,38
3,6882,1414.128969,-0.739303946495056,2.04652099711211E-08,0,0,0,0,0,38
3,6883,1414.348969,-0.740991294384003,-5.19603116089229E-09,0,0,0,0,0,38
3,6884,1414.568969,-0.7428919672966,-1.92256290887372E-08,0,0,0,0,0,38
3,6885,1414.788969,-0.743376851081848,1.23874288604497E-09,0,0,0,0,0,38
3,6886,1415.008969,-0.746150314807892,-1.77969781134379E-08,0,0,0,0,0,38
3,6887,1415.228969,-0.750397741794586,2.74955809231869E-08,0,0,0,0,0,38
3,6888,1415.448969,-0.751852333545685,-3.90243357628606E-08,0,0,0,0,0,38
3,6889,1415.668969,-0.754703402519226,-1.35499487186053E-08,0,0,0,0,0,38
3,6890,1415.888969,-0.757282853126526,1.34348390190553E-08,0,0,0,0,0,38
3,6891,1416.108969,-0.759028375148773,-1.37251241483227E-08,0,0,0,0,0,38
3,6892,1416.328969,-0.76021146774292,-4.51479387209019E-09,0,0,0,0,0,38
3,6893,1416.548969,-0.763101279735565,-2.28186713968626E-08,0,0,0,0,0,38
3,6894,1416.768969,-0.766146242618561,1.50425591982639E-08,0,0,0,0,0,38
3,6895,1416.988969,-0.766165673732758,-6.56239906859923E-09,0,0,0,0,0,38
3,6896,1417.208969,-0.768745124340057,9.42891209554375E-10,0,0,0,0,0,38
3,6897,1417.428969,-0.772779226303101,-1.95915514922262E-08,0,0,0,0,0,38
3,6898,1417.648969,-0.773807168006897,1.01843635746945E-08,0,0,0,0,0,38
3,6899,1417.868969,-0.775785446166992,2.50000531387684E-09,0,0,0,0,0,38
3,6900,1418.088969,-0.778112769126892,3.49655837617036E-09,0,0,0,0,0,38
3,6901,1418.308969,-0.780129849910736,6.84046108645475E-09,0,0,0,0,0,38
3,6902,1418.528969,-0.783543288707733,3.09949421684053E-09,0,0,0,0,0,38
3,6903,1418.748969,-0.784920334815979,-1.78670482853249E-08,0,0,0,0,0,38
3,6904,1418.968969,-0.789497494697571,2.49613769653934E-08,0,0,0,0,0,38
3,6905,1419.188969,-0.789012610912323,-1.42584353213238E-08,0,0,0,0,0,38
3,6906,1419.408969,-0.793667376041412,-3.05499936459341E-09,0,0,0,0,0,38
3,6907,1419.628969,-0.793725550174713,3.15985744236968E-08,0,0,0,0,0,38
3,6908,1419.848969,-0.795781373977661,6.80153311449772E-09,0,0,0,0,0,38
3,6909,1420.068969,-0.798554837703705,5.45073675084495E-09,0,0,0,0,0,38
3,6910,1420.288969,-0.800397336483002,-1.42000438074774E-08,0,0,0,0,0,38
3,6911,1420.508969,-0.802298009395599,1.51710217721757E-08,0,0,0,0,0,38
3,6912,1420.728969,-0.80666184425354,-2.91096635685051E-09,0,0,0,0,0,38
3,6913,1420.948969,-0.806972146034241,3.05747747120222E-08,0,0,0,0,0,38
3,6914,1421.168969,-0.80883401632309,3.00726057389511E-08,0,0,0,0,0,38
3,6915,1421.388969,-0.813081443309784,6.2635756137297E-08,0,0,0,0,0,38
3,6916,1421.608969,-0.811646282672882,-1.11987059625562E-08,0,0,0,0,0,38
3,6917,1421.828969,-0.814264535903931,1.26407115885741E-08,0,0,0,0,0,38
3,6918,1422.048969,-0.818298637866974,4.72667860407228E-09,0,0,0,0,0,38
3,6919,1422.268969,-0.820160567760468,2.48251286194545E-08,0,0,0,0,0,38
3,6920,1422.488969,-0.822410345077515,-1.69366725089048E-08,0,0,0,0,0,38
3,6921,1422.708969,-0.825261354446411,2.15941167169831E-08,0,0,0,0,0,38
3,6922,1422.928969,-0.826754748821259,1.18271188398467E-08,0,0,0,0,0,38
3,6923,1423.148969,-0.828073561191559,-1.51148480398433E-08,0,0,0,0,0,38
3,6924,1423.368969,-0.830982804298401,6.75092692858925E-09,0,0,0,0,0,38
3,6925,1423.588969,-0.834144115447998,5.69183811194307E-10,0,0,0,0,0,38
3,6926,1423.808969,-0.835288405418396,5.02566948057392E-08,0,0,0,0,0,38
3,6927,1424.028969,-0.836646020412445,-1.98837613041292E-09,0,0,0,0,0,38
3,6928,1424.248969,-0.840214669704437,-5.90841109371354E-09,0,0,0,0,0,38
3,6929,1424.468969,-0.842464447021484,-5.69820057805259E-09,0,0,0,0,0,38
3,6930,1424.688969,-0.844229400157928,2.05897787708409E-08,0,0,0,0,0,38
3,6931,1424.908969,-0.845664620399475,1.33216970787942E-09,0,0,0,0,0,38
3,6932,1425.128969,-0.848282873630524,-1.84159301142017E-08,0,0,0,0,0,38
3,6933,1425.348969,-0.850164175033569,5.05367259151512E-09,0,0,0,0,0,38
3,6934,1425.568969,-0.854140102863312,4.50442563248998E-08,0,0,0,0,0,38
3,6935,1425.788969,-0.855769217014313,2.21196430061354E-08,0,0,0,0,0,38
3,6936,1426.008969,-0.858290553092957,2.4159463762885E-08,0,0,0,0,0,38
3,6937,1426.228969,-0.860714912414551,4.91353224774116E-09,0,0,0,0,0,38
3,6938,1426.448969,-0.861122190952301,-1.53681312120568E-09,0,0,0,0,0,38
3,6939,1426.668969,-0.864225327968597,5.96069149594314E-09,0,0,0,0,0,38
3,6940,1426.888969,-0.866261780261993,-6.36775965290326E-09,0,0,0,0,0,38
3,6941,1427.108969,-0.869054615497589,-1.09651390189924E-08,0,0,0,0,0,38
3,6942,1427.328969,-0.870528638362885,2.70284452597025E-08,0,0,0,0,0,38
3,6943,1427.548969,-0.874543309211731,2.05781010009787E-08,0,0,0,0,0,38
3,6944,1427.768969,-0.875028192996979,-1.09962812189224E-08,0,0,0,0,0,38
3,6945,1427.988969,-0.877665877342224,1.01687929188188E-08,0,0,0,0,0,38
3,6946,1428.208969,-0.878596842288971,-2.62715715848572E-08,0,0,0,0,0,38
3,6947,1428.428969,-0.882281839847565,2.57671839420937E-08,0,0,0,0,0,38
3,6948,1428.648969,-0.883581280708313,-5.79941294986952E-09,0,0,0,0,0,38
3,6949,1428.868969,-0.886800765991211,2.20768221481649E-08,0,0,0,0,0,38
3,6950,1429.088969,-0.887227475643158,-1.67965321651309E-08,0,0,0,0,0,38
3,6951,1429.308969,-0.891009449958801,-1.26195729421852E-08,0,0,0,0,0,38
3,6952,1429.528969,-0.8934725522995,1.29443487040248E-08,0,0,0,0,0,38
3,6953,1429.748969,-0.894461691379547,-1.65863216494699E-08,0,0,0,0,0,38
3,6954,1429.968969,-0.898650944232941,-7.42270467313233E-09,0,0,0,0,0,38
3,6955,1430.188969,-0.900842547416687,2.8990410072538E-08,0,0,0,0,0,38
3,6956,1430.408969,-0.901017129421234,6.30325658335096E-09,0,0,0,0,0,38
3,6957,1430.628969,-0.905051231384277,-2.31537011785576E-09,0,0,0,0,0,38
3,6958,1430.848969,-0.906816124916077,9.25009491226092E-09,0,0,0,0,0,38
3,6959,1431.068969,-0.907281577587128,-6.54682796863426E-09,0,0,0,0,0,38
3,6960,1431.288969,-0.908600449562073,-2.74355134166626E-08,0,0,0,0,0,38
3,6961,1431.508969,-0.912518203258514,1.99005034673405E-09,0,0,0,0,0,38
3,6962,1431.728969,-0.914205491542816,-2.59835051252821E-08,0,0,0,0,0,38
3,6963,1431.948969,-0.915640711784363,-2.25306049372875E-08,0,0,0,0,0,38
3,6964,1432.168969,-0.919558465480804,-6.8040029166383E-10,0,0,0,0,0,38
3,6965,1432.388969,-0.920043349266052,2.4295710332467E-08,0,0,0,0,0,38
3,6966,1432.608969,-0.9238640666008,-4.05425240046497E-08,0,0,0,0,0,38
3,6967,1432.828969,-0.926327228546143,1.42990375096019E-08,0,0,0,0,0,38
3,6968,1433.048969,-0.928305447101593,9.9196544312008E-09,0,0,0,0,0,38
3,6969,1433.268969,-0.931699573993683,3.4887978728193E-08,0,0,0,0,0,38
3,6970,1433.488969,-0.932203829288483,-3.56025786629743E-08,0,0,0,0,0,38
3,6971,1433.708969,-0.934550583362579,3.12259967882866E-10,0,0,0,0,0,38
3,6972,1433.928969,-0.937013685703278,-6.32104635300834E-09,0,0,0,0,0,38
3,6973,1434.148969,-0.93992292881012,-4.84178785953304E-09,0,0,0,0,0,38
3,6974,1434.368969,-0.940931439399719,1.90015221335216E-08,0,0,0,0,0,38
3,6975,1434.588969,-0.944189727306366,2.19950742064157E-08,0,0,0,0,0,38
3,6976,1434.808969,-0.944364309310913,2.35872228415701E-08,0,0,0,0,0,38
3,6977,1435.028969,-0.948534190654755,-1.87857445155259E-08,0,0,0,0,0,38
3,6978,1435.248969,-0.949736654758453,1.42756810816991E-08,0,0,0,0,0,38
3,6979,1435.468969,-0.952820420265198,-2.29549179664446E-08,0,0,0,0,0,38
3,6980,1435.688969,-0.954468965530396,-2.36986918977777E-09,0,0,0,0,0,38
3,6981,1435.908969,-0.954430162906647,-1.57338018169639E-08,0,0,0,0,0,38
3,6982,1436.128969,-0.957882404327393,-5.07146236117251E-09,0,0,0,0,0,38
3,6983,1436.348969,-0.961101949214935,1.95501548283517E-09,0,0,0,0,0,38
3,6984,1436.568969,-0.964011132717133,3.79710662912203E-08,0,0,0,0,0,38
3,6985,1436.788969,-0.965582132339478,1.17765130980274E-08,0,0,0,0,0,38
3,6986,1437.008969,-0.966803967952728,-1.45503946669123E-08,0,0,0,0,0,38
3,6987,1437.228969,-0.969732582569122,-2.17133711011286E-09,0,0,0,0,0,38
3,6988,1437.448969,-0.973340034484863,2.12904804897107E-08,0,0,0,0,0,38
3,6989,1437.668969,-0.973786056041718,1.59573634306298E-08,0,0,0,0,0,38
3,6990,1437.888969,-0.976869821548462,2.47122393659538E-08,0,0,0,0,0,38
3,6991,1438.108969,-0.978867471218109,8.36253999381142E-09,0,0,0,0,0,38
3,6992,1438.328969,-0.979876041412354,1.90170936775758E-08,0,0,0,0,0,38
3,6993,1438.548969,-0.982533097267151,2.58216825699265E-08,0,0,0,0,0,38
3,6994,1438.768969,-0.984763503074646,1.01532213747646E-08,0,0,0,0,0,38
3,6995,1438.988969,-0.987187802791595,-7.3487416152318E-09,0,0,0,0,0,38
3,6996,1439.208969,-0.98910790681839,6.4589680270899E-09,0,0,0,0,0,38
3,6997,1439.428969,-0.991726219654083,1.31895943056293E-08,0,0,0,0,0,38
3,6998,1439.648969,-0.993549287319183,-2.97714364272395E-09,0,0,0,0,0,38
3,6999,1439.868969,-0.997234284877777,-4.72500438775114E-09,0,0,0,0,0,38
3,7000,1440.088969,-0.999639213085175,1.4197825137785E-08,0,0,0,0,0,38
3,7001,1440.308969,-0.999871969223022,1.53929100576988E-08,0,0,0,0,0,38
