Segment,Point,Elapsed Time (s),Potential (V),Current (A),Frequency (Hz),|Z| (ohms),Zre (ohms),Zim (ohms),Phase of Z (deg),ActionId
1,0,0.14,-0.899232804775238,4.78683796245605E-06,0,0,0,0,0,38
1,1,0.28,-0.895993888378143,5.40898508916143E-06,0,0,0,0,0,38
1,2,0.42,-0.894655644893646,4.90349020765279E-06,0,0,0,0,0,38
1,3,0.56,-0.894675016403198,5.21456377100549E-06,0,0,0,0,0,38
1,4,0.7,-0.891979157924652,4.43688031737111E-06,0,0,0,0,0,38
1,5,0.84,-0.890796065330505,4.35911169915926E-06,0,0,0,0,0,38
1,6,0.98,-0.891513705253601,4.8257220441883E-06,0,0,0,0,0,38
1,7,1.12,-0.889554858207703,4.16469083575066E-06,0,0,0,0,0,38
1,8,1.26,-0.886354684829712,3.54254370904528E-06,0,0,0,0,0,38
1,9,1.4,-0.884531617164612,3.38700715474261E-06,0,0,0,0,0,38
1,10,1.54,-0.883717000484467,4.43688031737111E-06,0,0,0,0,0,38
1,11,1.68,-0.883794605731964,3.85361727239797E-06,0,0,0,0,0,38
1,12,1.82,-0.880769014358521,3.42589123647485E-06,0,0,0,0,0,38
1,13,1.96,-0.879101097583771,4.47576439910335E-06,0,0,0,0,0,38
1,14,2.1,-0.878092527389526,4.7090693442442E-06,0,0,0,0,0,38
1,15,2.24,-0.877937376499176,5.02014290759689E-06,0,0,0,0,0,38
1,16,2.38,-0.876424610614777,4.59241709904745E-06,0,0,0,0,0,38
1,17,2.52,-0.874388158321381,2.88151250060764E-06,0,0,0,0,0,38
1,18,2.66,-0.872196555137634,5.05902698932914E-06,0,0,0,0,0,38
1,19,2.8,-0.870082557201386,4.04803813580656E-06,0,0,0,0,0,38
1,20,2.94,-0.869733452796936,4.08692267228616E-06,0,0,0,0,0,38
1,21,3.08,-0.866979360580444,2.95928089144581E-06,0,0,0,0,0,38
1,22,3.22,-0.869248569011688,4.39799578089151E-06,0,0,0,0,0,38
1,23,3.36,-0.863837420940399,3.34812284563668E-06,0,0,0,0,0,38
1,24,3.5,-0.864244699478149,3.23147037306626E-06,0,0,0,0,0,38
1,25,3.64,-0.862033724784851,3.11481767312216E-06,0,0,0,0,0,38
1,26,3.78,-0.862867712974548,4.28134353569476E-06,0,0,0,0,0,38
1,27,3.92,-0.860831260681152,5.09791152580874E-06,0,0,0,0,0,38
1,28,4.06,-0.858445703983307,4.00915405407432E-06,0,0,0,0,0,38
1,29,4.2,-0.855827450752258,3.19258606396033E-06,0,0,0,0,0,38
1,30,4.34,-0.856932938098907,3.30923876390443E-06,0,0,0,0,0,38
1,31,4.48,-0.854043126106262,4.43688031737111E-06,0,0,0,0,0,38
1,32,4.62,-0.854334056377411,3.7758488815598E-06,0,0,0,0,0,38
1,33,4.76,-0.853849172592163,4.04803813580656E-06,0,0,0,0,0,38
1,34,4.9,-0.852123022079468,5.05902698932914E-06,0,0,0,0,0,38
1,35,5.04,-0.847894966602325,4.39799578089151E-06,0,0,0,0,0,38
1,36,5.18,-0.848360478878021,4.98125882586464E-06,0,0,0,0,0,38
1,37,5.32,-0.848476827144623,4.24245899921516E-06,0,0,0,0,0,38
1,38,5.46,-0.844946980476379,3.7758488815598E-06,0,0,0,0,0,38
1,39,5.6,-0.843143284320831,3.5814280181512E-06,0,0,0,0,0,38
1,40,5.74,-0.842445075511932,3.81473319066572E-06,0,0,0,0,0,38
1,41,5.88,-0.841223180294037,5.29233238921734E-06,0,0,0,0,0,38
1,42,6.02,-0.841009855270386,5.17567968927324E-06,0,0,0,0,0,38
1,43,6.16,-0.838779449462891,4.59241709904745E-06,0,0,0,0,0,38
1,44,6.3,-0.837518811225891,5.68117411603453E-06,0,0,0,0,0,38
1,45,6.44,-0.834667801856995,4.39799578089151E-06,0,0,0,0,0,38
1,46,6.58,-0.832456767559052,5.33121647094958E-06,0,0,0,0,0,38
1,47,6.72,-0.832670152187347,5.09791152580874E-06,0,0,0,0,0,38
1,48,6.86,-0.832398593425751,5.48675325262593E-06,0,0,0,0,0,38
1,49,7,-0.831118583679199,5.56452187083778E-06,0,0,0,0,0,38
1,50,7.14,-0.828907549381256,4.24245899921516E-06,0,0,0,0,0,38
1,51,7.28,-0.825591087341309,3.69808049072162E-06,0,0,0,0,0,38
1,52,7.42,-0.824078261852264,3.85361727239797E-06,0,0,0,0,0,38
1,53,7.56,-0.823787331581116,2.06494451049366E-06,0,0,0,0,0,38
1,54,7.7,-0.822623670101166,4.55353256256785E-06,0,0,0,0,0,38
1,55,7.84,-0.82140177488327,4.55353256256785E-06,0,0,0,0,0,38
1,56,7.98,-0.82099449634552,5.21456377100549E-06,0,0,0,0,0,38
1,57,8.12,-0.818550765514374,3.69808049072162E-06,0,0,0,0,0,38
1,58,8.26,-0.817193150520325,4.47576439910335E-06,0,0,0,0,0,38
1,59,8.4,-0.817522883415222,5.48675325262593E-06,0,0,0,0,0,38
1,60,8.54,-0.813139677047729,4.32022761742701E-06,0,0,0,0,0,38
1,61,8.68,-0.812965095043182,3.81473319066572E-06,0,0,0,0,0,38
1,62,8.82,-0.811646282672882,5.52563733435818E-06,0,0,0,0,0,38
1,63,8.96,-0.809687376022339,3.38700715474261E-06,0,0,0,0,0,38
1,64,9.1,-0.807864308357239,3.89250135413022E-06,0,0,0,0,0,38
1,65,9.24,-0.806409657001495,4.28134353569476E-06,0,0,0,0,0,38
1,66,9.38,-0.806526064872742,4.47576439910335E-06,0,0,0,0,0,38
1,67,9.52,-0.804993867874146,4.16469083575066E-06,0,0,0,0,0,38
1,68,9.66,-0.802996218204498,3.4647753182071E-06,0,0,0,0,0,38
1,69,9.8,-0.80245316028595,3.62031209988345E-06,0,0,0,0,0,38
1,70,9.94,-0.797623872756958,3.81473319066572E-06,0,0,0,0,0,38
1,71,10.08,-0.799369394779205,4.00915405407432E-06,0,0,0,0,0,38
1,72,10.22,-0.796402037143707,3.38700715474261E-06,0,0,0,0,0,38
1,73,10.36,-0.79673171043396,4.67018526251195E-06,0,0,0,0,0,38
1,74,10.5,-0.795955955982208,4.12580675401841E-06,0,0,0,0,0,38
1,75,10.64,-0.791921854019165,4.08692267228616E-06,0,0,0,0,0,38
1,76,10.78,-0.791902422904968,3.7758488815598E-06,0,0,0,0,0,38
1,77,10.92,-0.790564179420471,3.93138589060982E-06,0,0,0,0,0,38
1,78,11.06,-0.788721680641174,4.94237474413239E-06,0,0,0,0,0,38
1,79,11.2,-0.788062274456024,5.21456377100549E-06,0,0,0,0,0,38
1,80,11.34,-0.785734891891479,3.11481767312216E-06,0,0,0,0,0,38
1,81,11.48,-0.784416079521179,3.27035445479851E-06,0,0,0,0,0,38
1,82,11.62,-0.782049894332886,3.81473319066572E-06,0,0,0,0,0,38
1,83,11.76,-0.782980859279633,4.90349020765279E-06,0,0,0,0,0,38
1,84,11.9,-0.779586791992188,4.32022761742701E-06,0,0,0,0,0,38
1,85,12.04,-0.776813328266144,3.54254370904528E-06,0,0,0,0,0,38
1,86,12.18,-0.778151571750641,4.12580675401841E-06,0,0,0,0,0,38
1,87,12.32,-0.775785446166992,3.7758488815598E-06,0,0,0,0,0,38
1,88,12.46,-0.775572061538696,4.55353256256785E-06,0,0,0,0,0,38
1,89,12.6,-0.771441042423248,3.30923876390443E-06,0,0,0,0,0,38
1,90,12.74,-0.773089587688446,3.81473319066572E-06,0,0,0,0,0,38
1,91,12.88,-0.769307613372803,4.67018526251195E-06,0,0,0,0,0,38
1,92,13.02,-0.768842101097107,2.49267077379045E-06,0,0,0,0,0,38
1,93,13.16,-0.766456544399261,4.6313011807797E-06,0,0,0,0,0,38
1,94,13.3,-0.76659232378006,4.94237474413239E-06,0,0,0,0,0,38
1,95,13.44,-0.765351057052612,5.09791152580874E-06,0,0,0,0,0,38
1,96,13.58,-0.763702511787415,3.85361727239797E-06,0,0,0,0,0,38
1,97,13.72,-0.76121997833252,3.89250135413022E-06,0,0,0,0,0,38
1,98,13.86,-0.762887954711914,4.24245899921516E-06,0,0,0,0,0,38
1,99,14,-0.76011449098587,3.93138589060982E-06,0,0,0,0,0,38
1,100,14.14,-0.758000493049622,3.81473319066572E-06,0,0,0,0,0,38
1,101,14.28,-0.757030725479126,3.4647753182071E-06,0,0,0,0,0,38
1,102,14.42,-0.75524640083313,4.94237474413239E-06,0,0,0,0,0,38
1,103,14.56,-0.754470646381378,3.89250135413022E-06,0,0,0,0,0,38
1,104,14.7,-0.752298414707184,3.93138589060982E-06,0,0,0,0,0,38
1,105,14.84,-0.751561403274536,4.20357491748291E-06,0,0,0,0,0,38
1,106,14.98,-0.749447405338287,3.27035445479851E-06,0,0,0,0,0,38
1,107,15.12,-0.748438894748688,3.42589123647485E-06,0,0,0,0,0,38
1,108,15.26,-0.746518790721893,3.89250135413022E-06,0,0,0,0,0,38
1,109,15.4,-0.745335698127747,3.85361727239797E-06,0,0,0,0,0,38
1,110,15.54,-0.744365990161896,4.98125882586464E-06,0,0,0,0,0,38
1,111,15.68,-0.743764758110046,5.33121647094958E-06,0,0,0,0,0,38
1,112,15.82,-0.742348968982697,3.38700715474261E-06,0,0,0,0,0,38
1,113,15.96,-0.74040949344635,3.73696479982755E-06,0,0,0,0,0,38
1,114,16.1,-0.737383902072906,3.54254370904528E-06,0,0,0,0,0,38
1,115,16.24,-0.735618948936462,3.85361727239797E-06,0,0,0,0,0,38
1,116,16.38,-0.734513461589813,4.16469083575066E-06,0,0,0,0,0,38
1,117,16.52,-0.735909879207611,4.67018526251195E-06,0,0,0,0,0,38
1,118,16.66,-0.733640730381012,5.79782681597862E-06,0,0,0,0,0,38
1,119,16.8,-0.731546103954315,3.81473319066572E-06,0,0,0,0,0,38
1,120,16.94,-0.729878127574921,4.12580675401841E-06,0,0,0,0,0,38
1,121,17.08,-0.728520512580872,4.39799578089151E-06,0,0,0,0,0,38
1,122,17.22,-0.728229582309723,4.39799578089151E-06,0,0,0,0,0,38
1,123,17.36,-0.725339770317078,4.08692267228616E-06,0,0,0,0,0,38
1,124,17.5,-0.724816143512726,4.5146484808356E-06,0,0,0,0,0,38
1,125,17.64,-0.721693575382233,1.87052364708507E-06,0,0,0,0,0,38
1,126,17.78,-0.720588088035584,4.35911169915926E-06,0,0,0,0,0,38
1,127,17.92,-0.720588088035584,2.68709163719905E-06,0,0,0,0,0,38
1,128,18.06,-0.718357682228088,4.20357491748291E-06,0,0,0,0,0,38
1,129,18.2,-0.717174589633942,3.50365962731303E-06,0,0,0,0,0,38
1,130,18.34,-0.71715521812439,4.35911169915926E-06,0,0,0,0,0,38
1,131,18.48,-0.714032649993896,3.81473319066572E-06,0,0,0,0,0,38
1,132,18.62,-0.714905440807343,5.64229003430228E-06,0,0,0,0,0,38
1,133,18.76,-0.710813105106354,2.95928089144581E-06,0,0,0,0,0,38
1,134,18.9,-0.709998548030853,3.34812284563668E-06,0,0,0,0,0,38
1,135,19.04,-0.71184104681015,3.97026997234207E-06,0,0,0,0,0,38
1,136,19.18,-0.708815455436707,4.6313011807797E-06,0,0,0,0,0,38
1,137,19.32,-0.706391155719757,4.16469083575066E-06,0,0,0,0,0,38
1,138,19.46,-0.704199552536011,4.7479538807238E-06,0,0,0,0,0,38
1,139,19.6,-0.703423738479614,4.24245899921516E-06,0,0,0,0,0,38
1,140,19.74,-0.701232135295868,4.08692267228616E-06,0,0,0,0,0,38
1,141,19.88,-0.700359404087067,3.5814280181512E-06,0,0,0,0,0,38
1,142,20.02,-0.69942843914032,3.4647753182071E-06,0,0,0,0,0,38
1,143,20.16,-0.698555648326874,4.04803813580656E-06,0,0,0,0,0,38
1,144,20.3,-0.697159230709076,5.33121647094958E-06,0,0,0,0,0,38
1,145,20.44,-0.695219755172729,3.93138589060982E-06,0,0,0,0,0,38
1,146,20.58,-0.694424569606781,3.7758488815598E-06,0,0,0,0,0,38
1,147,20.72,-0.691961467266083,3.97026997234207E-06,0,0,0,0,0,38
1,148,20.86,-0.689634084701538,3.34812284563668E-06,0,0,0,0,0,38
1,149,21,-0.689808666706085,4.04803813580656E-06,0,0,0,0,0,38
1,150,21.14,-0.689284980297089,5.02014290759689E-06,0,0,0,0,0,38
1,151,21.28,-0.687558889389038,5.09791152580874E-06,0,0,0,0,0,38
1,152,21.42,-0.685328483581543,4.08692267228616E-06,0,0,0,0,0,38
1,153,21.56,-0.683835089206696,3.93138589060982E-06,0,0,0,0,0,38
1,154,21.7,-0.683272659778595,4.39799578089151E-06,0,0,0,0,0,38
1,155,21.84,-0.681158602237701,4.47576439910335E-06,0,0,0,0,0,38
1,156,21.98,-0.681255578994751,3.93138589060982E-06,0,0,0,0,0,38
1,157,22.12,-0.678714871406555,4.94237474413239E-06,0,0,0,0,0,38
1,158,22.26,-0.676756024360657,3.89250135413022E-06,0,0,0,0,0,38
1,159,22.4,-0.67547595500946,4.32022761742701E-06,0,0,0,0,0,38
1,160,22.54,-0.673264980316162,4.78683796245605E-06,0,0,0,0,0,38
1,161,22.68,-0.671325504779816,2.88151250060764E-06,0,0,0,0,0,38
1,162,22.82,-0.671267330646515,3.7758488815598E-06,0,0,0,0,0,38
1,163,22.96,-0.66985148191452,4.78683796245605E-06,0,0,0,0,0,38
1,164,23.1,-0.667815029621124,4.28134353569476E-06,0,0,0,0,0,38
1,165,23.24,-0.667853832244873,5.21456377100549E-06,0,0,0,0,0,38
1,166,23.38,-0.666418612003326,4.00915405407432E-06,0,0,0,0,0,38
1,167,23.52,-0.663179695606232,4.6313011807797E-06,0,0,0,0,0,38
1,168,23.66,-0.663199126720428,3.73696479982755E-06,0,0,0,0,0,38
1,169,23.8,-0.651988983154297,8.98418932138156E-07,0,0,0,0,0,38
1,170,23.94,-0.660600185394287,4.28134353569476E-06,0,0,0,0,0,38
1,171,24.08,-0.659068048000336,5.33121647094958E-06,0,0,0,0,0,38
1,172,24.22,-0.656760036945343,3.54254370904528E-06,0,0,0,0,0,38
1,173,24.36,-0.655208468437195,3.93138589060982E-06,0,0,0,0,0,38
1,174,24.5,-0.653986632823944,3.69808049072162E-06,0,0,0,0,0,38
1,175,24.64,-0.652279853820801,4.32022761742701E-06,0,0,0,0,0,38
1,176,24.78,-0.650514960289001,4.16469083575066E-06,0,0,0,0,0,38
1,177,24.92,-0.650321006774902,3.38700715474261E-06,0,0,0,0,0,38
1,178,25.06,-0.648284554481506,3.54254370904528E-06,0,0,0,0,0,38
1,179,25.2,-0.647062718868256,4.78683796245605E-06,0,0,0,0,0,38
1,180,25.34,-0.645608127117157,4.7479538807238E-06,0,0,0,0,0,38
1,181,25.48,-0.646054148674011,5.64229003430228E-06,0,0,0,0,0,38
1,182,25.62,-0.643358290195465,4.67018526251195E-06,0,0,0,0,0,38
1,183,25.76,-0.642698884010315,3.7758488815598E-06,0,0,0,0,0,38
1,184,25.9,-0.642291605472565,5.09791152580874E-06,0,0,0,0,0,38
1,185,26.04,-0.639944851398468,5.33121647094958E-06,0,0,0,0,0,38
1,186,26.18,-0.639227211475372,4.8257220441883E-06,0,0,0,0,0,38
1,187,26.32,-0.636822283267975,3.65919640898937E-06,0,0,0,0,0,38
1,188,26.46,-0.634902238845825,4.39799578089151E-06,0,0,0,0,0,38
1,189,26.6,-0.63317608833313,5.25344830748509E-06,0,0,0,0,0,38
1,190,26.74,-0.631527543067932,3.81473319066572E-06,0,0,0,0,0,38
1,191,26.88,-0.630325078964233,4.78683796245605E-06,0,0,0,0,0,38
1,192,27.02,-0.629432916641235,3.30923876390443E-06,0,0,0,0,0,38
1,193,27.16,-0.628676533699036,3.7758488815598E-06,0,0,0,0,0,38
1,194,27.3,-0.626232802867889,2.6482075554668E-06,0,0,0,0,0,38
1,195,27.44,-0.624545454978943,4.12580675401841E-06,0,0,0,0,0,38
1,196,27.58,-0.623711466789246,4.43688031737111E-06,0,0,0,0,0,38
1,197,27.72,-0.622780501842499,4.04803813580656E-06,0,0,0,0,0,38
1,198,27.86,-0.622315049171448,3.5814280181512E-06,0,0,0,0,0,38
1,199,28,-0.621616840362549,4.28134353569476E-06,0,0,0,0,0,38
1,200,28.14,-0.617640912532806,3.69808049072162E-06,0,0,0,0,0,38
1,201,28.28,-0.618300318717957,5.40898508916143E-06,0,0,0,0,0,38
1,202,28.42,-0.614227473735809,2.92039680971357E-06,0,0,0,0,0,38
1,203,28.56,-0.614673554897308,3.65919640898937E-06,0,0,0,0,0,38
1,204,28.7,-0.613800764083862,4.28134353569476E-06,0,0,0,0,0,38
1,205,28.84,-0.61058121919632,4.32022761742701E-06,0,0,0,0,0,38
1,206,28.98,-0.609533905982971,4.08692267228616E-06,0,0,0,0,0,38
1,207,29.12,-0.608098745346069,4.59241709904745E-06,0,0,0,0,0,38
1,208,29.26,-0.605189502239227,3.5814280181512E-06,0,0,0,0,0,38
1,209,29.4,-0.605131328105927,3.38700715474261E-06,0,0,0,0,0,38
1,210,29.54,-0.605305850505829,3.69808049072162E-06,0,0,0,0,0,38
1,211,29.68,-0.60334700345993,4.16469083575066E-06,0,0,0,0,0,38
1,212,29.82,-0.602881550788879,5.95336359765497E-06,0,0,0,0,0,38
1,213,29.96,-0.599603831768036,4.35911169915926E-06,0,0,0,0,0,38
1,214,30.1,-0.599565029144287,3.93138589060982E-06,0,0,0,0,0,38
1,215,30.24,-0.595530927181244,3.5814280181512E-06,0,0,0,0,0,38
1,216,30.38,-0.595336973667145,3.85361727239797E-06,0,0,0,0,0,38
1,217,30.52,-0.595317602157593,3.81473319066572E-06,0,0,0,0,0,38
1,218,30.66,-0.591981709003448,4.32022761742701E-06,0,0,0,0,0,38
1,219,30.8,-0.591128349304199,4.16469083575066E-06,0,0,0,0,0,38
1,220,30.94,-0.589130699634552,5.48675325262593E-06,0,0,0,0,0,38
1,221,31.08,-0.587637305259705,3.07593359138991E-06,0,0,0,0,0,38
1,222,31.22,-0.588645815849304,3.7758488815598E-06,0,0,0,0,0,38
1,223,31.36,-0.585018992424011,2.95928089144581E-06,0,0,0,0,0,38
1,224,31.5,-0.584786295890808,3.11481767312216E-06,0,0,0,0,0,38
1,225,31.64,-0.583467423915863,4.7479538807238E-06,0,0,0,0,0,38
1,226,31.78,-0.584126830101013,5.13679560754099E-06,0,0,0,0,0,38
1,227,31.92,-0.580655217170715,4.08692267228616E-06,0,0,0,0,0,38
1,228,32.06,-0.579355776309967,5.37010055268183E-06,0,0,0,0,0,38
1,229,32.2,-0.577416300773621,4.39799578089151E-06,0,0,0,0,0,38
1,230,32.34,-0.576504707336426,4.90349020765279E-06,0,0,0,0,0,38
1,231,32.48,-0.574701011180878,2.80374410976947E-06,0,0,0,0,0,38
1,232,32.62,-0.573731303215027,4.16469083575066E-06,0,0,0,0,0,38
1,233,32.76,-0.571850001811981,4.5146484808356E-06,0,0,0,0,0,38
1,234,32.9,-0.571462094783783,5.44786917089368E-06,0,0,0,0,0,38
1,235,33.04,-0.568455934524536,3.03704928228399E-06,0,0,0,0,0,38
1,236,33.18,-0.568048655986786,5.44786917089368E-06,0,0,0,0,0,38
1,237,33.32,-0.565721273422241,4.16469083575066E-06,0,0,0,0,0,38
1,238,33.46,-0.564673960208893,4.20357491748291E-06,0,0,0,0,0,38
1,239,33.6,-0.562734484672546,3.30923876390443E-06,0,0,0,0,0,38
1,240,33.74,-0.562501728534698,4.04803813580656E-06,0,0,0,0,0,38
1,241,33.88,-0.558894336223602,2.99816520055174E-06,0,0,0,0,0,38
1,242,34.02,-0.559282243251801,3.85361727239797E-06,0,0,0,0,0,38
1,243,34.16,-0.558060348033905,4.59241709904745E-06,0,0,0,0,0,38
1,244,34.3,-0.556605756282806,4.08692267228616E-06,0,0,0,0,0,38
1,245,34.44,-0.555015385150909,5.33121647094958E-06,0,0,0,0,0,38
1,246,34.58,-0.55359959602356,4.5146484808356E-06,0,0,0,0,0,38
1,247,34.72,-0.552726805210114,3.4647753182071E-06,0,0,0,0,0,38
1,248,34.86,-0.550670981407166,4.20357491748291E-06,0,0,0,0,0,38
1,249,35,-0.549313306808472,4.59241709904745E-06,0,0,0,0,0,38
1,250,35.14,-0.547742366790771,3.89250135413022E-06,0,0,0,0,0,38
1,251,35.28,-0.546093821525574,4.08692267228616E-06,0,0,0,0,0,38
1,252,35.42,-0.545162856578827,5.02014290759689E-06,0,0,0,0,0,38
1,253,35.56,-0.545143485069275,4.6313011807797E-06,0,0,0,0,0,38
1,254,35.7,-0.543126404285431,4.16469083575066E-06,0,0,0,0,0,38
1,255,35.84,-0.540469348430634,3.81473319066572E-06,0,0,0,0,0,38
1,256,35.98,-0.53759890794754,3.54254370904528E-06,0,0,0,0,0,38
1,257,36.12,-0.539014756679535,5.02014290759689E-06,0,0,0,0,0,38
1,258,36.26,-0.536803722381592,3.89250135413022E-06,0,0,0,0,0,38
1,259,36.4,-0.531392633914948,2.22048129217001E-06,0,0,0,0,0,38
1,260,36.54,-0.534883677959442,4.24245899921516E-06,0,0,0,0,0,38
1,261,36.68,-0.532207190990448,4.5146484808356E-06,0,0,0,0,0,38
1,262,36.82,-0.531741738319397,3.62031209988345E-06,0,0,0,0,0,38
1,263,36.96,-0.530713796615601,5.99224767938722E-06,0,0,0,0,0,38
1,264,37.1,-0.528638541698456,4.08692267228616E-06,0,0,0,0,0,38
1,265,37.24,-0.528095543384552,3.65919640898937E-06,0,0,0,0,0,38
1,266,37.38,-0.525128126144409,4.16469083575066E-06,0,0,0,0,0,38
1,267,37.52,-0.524158358573914,4.32022761742701E-06,0,0,0,0,0,38
1,268,37.66,-0.522490441799164,3.93138589060982E-06,0,0,0,0,0,38
1,269,37.8,-0.520977675914764,3.89250135413022E-06,0,0,0,0,0,38
1,270,37.94,-0.52006608247757,3.4647753182071E-06,0,0,0,0,0,38
1,271,38.08,-0.519503653049469,4.55353256256785E-06,0,0,0,0,0,38
1,272,38.22,-0.518107235431671,4.7090693442442E-06,0,0,0,0,0,38
1,273,38.36,-0.514907121658325,4.08692267228616E-06,0,0,0,0,0,38
1,274,38.5,-0.514170110225677,2.80374410976947E-06,0,0,0,0,0,38
1,275,38.64,-0.512909471988678,4.47576439910335E-06,0,0,0,0,0,38
1,276,38.78,-0.511125147342682,4.6313011807797E-06,0,0,0,0,0,38
1,277,38.92,-0.510426938533783,4.47576439910335E-06,0,0,0,0,0,38
1,278,39.06,-0.509302020072937,4.86460612592055E-06,0,0,0,0,0,38
1,279,39.2,-0.506276488304138,4.24245899921516E-06,0,0,0,0,0,38
1,280,39.34,-0.506431639194489,3.65919640898937E-06,0,0,0,0,0,38
1,281,39.48,-0.504433989524841,5.60340595257003E-06,0,0,0,0,0,38
1,282,39.62,-0.502591490745544,2.29824968300818E-06,0,0,0,0,0,38
1,283,39.76,-0.5020871758461,5.13679560754099E-06,0,0,0,0,0,38
1,284,39.9,-0.500729560852051,4.16469083575066E-06,0,0,0,0,0,38
1,285,40.04,-0.499856799840927,4.94237474413239E-06,0,0,0,0,0,38
1,286,40.18,-0.497257918119431,4.55353256256785E-06,0,0,0,0,0,38
1,287,40.32,-0.495454221963882,3.81473319066572E-06,0,0,0,0,0,38
1,288,40.46,-0.494562059640884,4.47576439910335E-06,0,0,0,0,0,38
1,289,40.6,-0.49479478597641,4.90349020765279E-06,0,0,0,0,0,38
1,290,40.74,-0.493650496006012,4.00915405407432E-06,0,0,0,0,0,38
1,291,40.88,-0.491090387105942,3.23147037306626E-06,0,0,0,0,0,38
1,292,41.02,-0.489403069019318,5.17567968927324E-06,0,0,0,0,0,38
1,293,41.16,-0.487502366304398,4.94237474413239E-06,0,0,0,0,0,38
1,294,41.3,-0.485175013542175,4.32022761742701E-06,0,0,0,0,0,38
1,295,41.44,-0.4856016933918,4.28134353569476E-06,0,0,0,0,0,38
1,296,41.58,-0.485058635473251,3.4647753182071E-06,0,0,0,0,0,38
1,297,41.72,-0.482595503330231,4.59241709904745E-06,0,0,0,0,0,38
1,298,41.86,-0.481063336133957,4.8257220441883E-06,0,0,0,0,0,38
1,299,42,-0.47871658205986,4.04803813580656E-06,0,0,0,0,0,38
1,300,42.14,-0.476175874471664,3.34812284563668E-06,0,0,0,0,0,38
1,301,42.28,-0.477611064910889,4.12580675401841E-06,0,0,0,0,0,38
1,302,42.42,-0.476777106523514,5.25344830748509E-06,0,0,0,0,0,38
1,303,42.56,-0.473286062479019,3.7758488815598E-06,0,0,0,0,0,38
1,304,42.7,-0.470725953578949,4.6313011807797E-06,0,0,0,0,0,38
1,305,42.84,-0.470047116279602,4.00915405407432E-06,0,0,0,0,0,38
1,306,42.98,-0.469639837741852,3.38700715474261E-06,0,0,0,0,0,38
1,307,43.12,-0.467040956020355,4.5146484808356E-06,0,0,0,0,0,38
1,308,43.26,-0.466109991073608,3.54254370904528E-06,0,0,0,0,0,38
1,309,43.4,-0.465373009443283,2.99816520055174E-06,0,0,0,0,0,38
1,310,43.54,-0.463840812444687,3.15370198222809E-06,0,0,0,0,0,38
1,311,43.68,-0.462366819381714,3.03704928228399E-06,0,0,0,0,0,38
1,312,43.82,-0.46199831366539,4.16469083575066E-06,0,0,0,0,0,38
1,313,43.96,-0.458740025758743,3.15370198222809E-06,0,0,0,0,0,38
1,314,44.1,-0.459263682365417,4.20357491748291E-06,0,0,0,0,0,38
1,315,44.24,-0.456781148910522,4.12580675401841E-06,0,0,0,0,0,38
1,316,44.38,-0.4559665620327,5.44786917089368E-06,0,0,0,0,0,38
1,317,44.52,-0.454492568969727,3.4647753182071E-06,0,0,0,0,0,38
1,318,44.66,-0.453716784715652,4.78683796245605E-06,0,0,0,0,0,38
1,319,44.8,-0.451583355665207,3.85361727239797E-06,0,0,0,0,0,38
1,320,44.94,-0.44964388012886,3.23147037306626E-06,0,0,0,0,0,38
1,321,45.08,-0.44882932305336,3.34812284563668E-06,0,0,0,0,0,38
1,322,45.22,-0.446909248828888,4.20357491748291E-06,0,0,0,0,0,38
1,323,45.36,-0.446133434772491,3.69808049072162E-06,0,0,0,0,0,38
1,324,45.5,-0.444077610969543,3.65919640898937E-06,0,0,0,0,0,38
1,325,45.64,-0.442816942930222,3.89250135413022E-06,0,0,0,0,0,38
1,326,45.78,-0.441517502069473,4.24245899921516E-06,0,0,0,0,0,38
1,327,45.92,-0.439442276954651,4.00915405407432E-06,0,0,0,0,0,38
1,328,46.06,-0.438201010227203,4.5146484808356E-06,0,0,0,0,0,38
1,329,46.2,-0.437347650527954,5.25344830748509E-06,0,0,0,0,0,38
1,330,46.34,-0.436145156621933,5.37010055268183E-06,0,0,0,0,0,38
1,331,46.48,-0.435369372367859,4.24245899921516E-06,0,0,0,0,0,38
1,332,46.62,-0.432809263467789,4.5146484808356E-06,0,0,0,0,0,38
1,333,46.76,-0.432227432727814,4.00915405407432E-06,0,0,0,0,0,38
1,334,46.9,-0.43069526553154,4.35911169915926E-06,0,0,0,0,0,38
1,335,47.04,-0.429764300584793,3.81473319066572E-06,0,0,0,0,0,38
1,336,47.18,-0.427087843418121,3.97026997234207E-06,0,0,0,0,0,38
1,337,47.32,-0.425749599933624,4.78683796245605E-06,0,0,0,0,0,38
1,338,47.46,-0.425536245107651,4.86460612592055E-06,0,0,0,0,0,38
1,339,47.6,-0.424954414367676,4.39799578089151E-06,0,0,0,0,0,38
1,340,47.74,-0.422239154577255,4.04803813580656E-06,0,0,0,0,0,38
1,341,47.88,-0.422200381755829,3.34812284563668E-06,0,0,0,0,0,38
1,342,48.02,-0.41868993639946,3.30923876390443E-06,0,0,0,0,0,38
1,343,48.16,-0.417215913534164,4.94237474413239E-06,0,0,0,0,0,38
1,344,48.3,-0.417293518781662,3.85361727239797E-06,0,0,0,0,0,38
1,345,48.44,-0.41422912478447,4.47576439910335E-06,0,0,0,0,0,38
1,346,48.58,-0.414442479610443,3.73696479982755E-06,0,0,0,0,0,38
1,347,48.72,-0.413356363773346,4.59241709904745E-06,0,0,0,0,0,38
1,348,48.86,-0.411766022443771,3.97026997234207E-06,0,0,0,0,0,38
1,349,49,-0.408953785896301,5.21456377100549E-06,0,0,0,0,0,38
1,350,49.14,-0.407634943723679,4.7479538807238E-06,0,0,0,0,0,38
1,351,49.28,-0.406354874372482,5.13679560754099E-06,0,0,0,0,0,38
1,352,49.42,-0.406607002019882,4.86460612592055E-06,0,0,0,0,0,38
1,353,49.56,-0.403542637825012,4.5146484808356E-06,0,0,0,0,0,38
1,354,49.7,-0.403911143541336,5.44786917089368E-06,0,0,0,0,0,38
1,355,49.84,-0.400284349918365,3.85361727239797E-06,0,0,0,0,0,38
1,356,49.98,-0.399566739797592,4.32022761742701E-06,0,0,0,0,0,38
1,357,50.12,-0.398732751607895,4.94237474413239E-06,0,0,0,0,0,38
1,358,50.26,-0.397918194532394,4.7479538807238E-06,0,0,0,0,0,38
1,359,50.4,-0.396385997533798,4.20357491748291E-06,0,0,0,0,0,38
1,360,50.54,-0.394194394350052,4.43688031737111E-06,0,0,0,0,0,38
1,361,50.68,-0.393399208784103,3.23147037306626E-06,0,0,0,0,0,38
1,362,50.82,-0.391847640275955,4.24245899921516E-06,0,0,0,0,0,38
1,363,50.96,-0.389888763427734,4.7090693442442E-06,0,0,0,0,0,38
1,364,51.1,-0.388298392295837,4.16469083575066E-06,0,0,0,0,0,38
1,365,51.24,-0.387677758932114,3.73696479982755E-06,0,0,0,0,0,38
1,366,51.38,-0.386514097452164,3.38700715474261E-06,0,0,0,0,0,38
1,367,51.52,-0.383604884147644,4.67018526251195E-06,0,0,0,0,0,38
1,368,51.66,-0.381859362125397,4.08692267228616E-06,0,0,0,0,0,38
1,369,51.8,-0.382499396800995,4.59241709904745E-06,0,0,0,0,0,38
1,370,51.94,-0.379318654537201,4.00915405407432E-06,0,0,0,0,0,38
1,371,52.08,-0.37670037150383,3.27035445479851E-06,0,0,0,0,0,38
1,372,52.22,-0.37751492857933,3.81473319066572E-06,0,0,0,0,0,38
1,373,52.36,-0.376215487718582,4.59241709904745E-06,0,0,0,0,0,38
1,374,52.5,-0.373946309089661,4.55353256256785E-06,0,0,0,0,0,38
1,375,52.64,-0.37353903055191,4.24245899921516E-06,0,0,0,0,0,38
1,376,52.78,-0.371211647987366,4.47576439910335E-06,0,0,0,0,0,38
1,377,52.92,-0.371832281351089,5.09791152580874E-06,0,0,0,0,0,38
1,378,53.06,-0.369330376386642,5.33121647094958E-06,0,0,0,0,0,38
1,379,53.2,-0.368302464485168,4.6313011807797E-06,0,0,0,0,0,38
1,380,53.34,-0.366401761770248,3.73696479982755E-06,0,0,0,0,0,38
1,381,53.48,-0.364617466926575,2.5315548555227E-06,0,0,0,0,0,38
1,382,53.62,-0.363182246685028,4.59241709904745E-06,0,0,0,0,0,38
1,383,53.76,-0.360486388206482,4.43688031737111E-06,0,0,0,0,0,38
1,384,53.9,-0.359962731599808,4.6313011807797E-06,0,0,0,0,0,38
1,385,54.04,-0.358100831508636,4.59241709904745E-06,0,0,0,0,0,38
1,386,54.18,-0.358643889427185,5.25344830748509E-06,0,0,0,0,0,38
1,387,54.32,-0.356374710798264,4.20357491748291E-06,0,0,0,0,0,38
1,388,54.46,-0.35540497303009,4.7479538807238E-06,0,0,0,0,0,38
1,389,54.6,-0.353678822517395,3.7758488815598E-06,0,0,0,0,0,38
1,390,54.74,-0.352107852697372,4.94237474413239E-06,0,0,0,0,0,38
1,391,54.88,-0.350924789905548,4.90349020765279E-06,0,0,0,0,0,38
1,392,55.02,-0.348868936300278,3.65919640898937E-06,0,0,0,0,0,38
1,393,55.16,-0.349353820085526,4.47576439910335E-06,0,0,0,0,0,38
1,394,55.3,-0.345533043146133,4.00915405407432E-06,0,0,0,0,0,38
1,395,55.44,-0.345164567232132,2.88151250060764E-06,0,0,0,0,0,38
1,396,55.58,-0.343089312314987,4.39799578089151E-06,0,0,0,0,0,38
1,397,55.72,-0.343108713626862,4.39799578089151E-06,0,0,0,0,0,38
1,398,55.86,-0.341867446899414,5.29233238921734E-06,0,0,0,0,0,38
1,399,56,-0.338395804166794,3.4647753182071E-06,0,0,0,0,0,38
1,400,56.14,-0.33802729845047,4.32022761742701E-06,0,0,0,0,0,38
1,401,56.28,-0.338609129190445,4.55353256256785E-06,0,0,0,0,0,38
1,402,56.42,-0.336747258901596,4.43688031737111E-06,0,0,0,0,0,38
1,403,56.56,-0.3342065513134,3.54254370904528E-06,0,0,0,0,0,38
1,404,56.7,-0.332732558250427,3.34812284563668E-06,0,0,0,0,0,38
1,405,56.84,-0.331219762563705,3.19258606396033E-06,0,0,0,0,0,38
1,406,56.98,-0.330172449350357,4.16469083575066E-06,0,0,0,0,0,38
1,407,57.12,-0.328000247478485,4.7479538807238E-06,0,0,0,0,0,38
1,408,57.26,-0.32567286491394,3.42589123647485E-06,0,0,0,0,0,38
1,409,57.4,-0.326254695653915,3.4647753182071E-06,0,0,0,0,0,38
1,410,57.54,-0.324547976255417,4.6313011807797E-06,0,0,0,0,0,38
1,411,57.68,-0.323170959949493,4.7090693442442E-06,0,0,0,0,0,38
1,412,57.82,-0.322492122650146,5.21456377100549E-06,0,0,0,0,0,38
1,413,57.96,-0.319757491350174,4.43688031737111E-06,0,0,0,0,0,38
1,414,58.1,-0.317701637744904,3.34812284563668E-06,0,0,0,0,0,38
1,415,58.24,-0.31783738732338,5.02014290759689E-06,0,0,0,0,0,38
1,416,58.38,-0.316053092479706,3.85361727239797E-06,0,0,0,0,0,38
1,417,58.52,-0.31300812959671,4.59241709904745E-06,0,0,0,0,0,38
1,418,58.66,-0.314133018255234,3.97026997234207E-06,0,0,0,0,0,38
1,419,58.8,-0.310835897922516,4.32022761742701E-06,0,0,0,0,0,38
1,420,58.94,-0.309575259685516,4.94237474413239E-06,0,0,0,0,0,38
1,421,59.08,-0.307732760906219,3.97026997234207E-06,0,0,0,0,0,38
1,422,59.22,-0.305793285369873,3.69808049072162E-06,0,0,0,0,0,38
1,423,59.36,-0.306937575340271,3.54254370904528E-06,0,0,0,0,0,38
1,424,59.5,-0.302690118551254,3.7758488815598E-06,0,0,0,0,0,38
1,425,59.64,-0.303000450134277,4.08692267228616E-06,0,0,0,0,0,38
1,426,59.78,-0.302185863256454,4.90349020765279E-06,0,0,0,0,0,38
1,427,59.92,-0.299160301685333,4.35911169915926E-06,0,0,0,0,0,38
1,428,60.06,-0.30100280046463,4.90349020765279E-06,0,0,0,0,0,38
1,429,60.2,-0.296755343675613,4.35911169915926E-06,0,0,0,0,0,38
1,430,60.34,-0.29487407207489,3.62031209988345E-06,0,0,0,0,0,38
1,431,60.48,-0.295688629150391,4.59241709904745E-06,0,0,0,0,0,38
1,432,60.62,-0.293690979480743,4.20357491748291E-06,0,0,0,0,0,38
1,433,60.76,-0.290355086326599,2.02606042876141E-06,0,0,0,0,0,38
1,434,60.9,-0.291169673204422,2.95928089144581E-06,0,0,0,0,0,38
1,435,61.04,-0.287988930940628,4.32022761742701E-06,0,0,0,0,0,38
1,436,61.18,-0.287775605916977,4.32022761742701E-06,0,0,0,0,0,38
1,437,61.32,-0.288221657276154,4.59241709904745E-06,0,0,0,0,0,38
1,438,61.46,-0.285312473773956,5.02014290759689E-06,0,0,0,0,0,38
1,439,61.6,-0.283819079399109,4.47576439910335E-06,0,0,0,0,0,38
1,440,61.74,-0.283062666654587,3.7758488815598E-06,0,0,0,0,0,38
1,441,61.88,-0.28071591258049,5.09791152580874E-06,0,0,0,0,0,38
1,442,62.02,-0.279280692338943,4.20357491748291E-06,0,0,0,0,0,38
1,443,62.16,-0.276856362819672,3.42589123647485E-06,0,0,0,0,0,38
1,444,62.3,-0.276953339576721,4.6313011807797E-06,0,0,0,0,0,38
1,445,62.44,-0.275169014930725,5.37010055268183E-06,0,0,0,0,0,38
1,446,62.58,-0.272628307342529,3.81473319066572E-06,0,0,0,0,0,38
1,447,62.72,-0.271328866481781,4.8257220441883E-06,0,0,0,0,0,38
1,448,62.86,-0.270378530025482,4.78683796245605E-06,0,0,0,0,0,38
1,449,63,-0.268283903598785,3.38700715474261E-06,0,0,0,0,0,38
1,450,63.14,-0.269408792257309,4.43688031737111E-06,0,0,0,0,0,38
1,451,63.28,-0.267120212316513,2.84262841887539E-06,0,0,0,0,0,38
1,452,63.42,-0.264191627502441,4.43688031737111E-06,0,0,0,0,0,38
1,453,63.56,-0.264734655618668,4.24245899921516E-06,0,0,0,0,0,38
1,454,63.7,-0.262387901544571,2.95928089144581E-06,0,0,0,0,0,38
1,455,63.84,-0.261359989643097,3.62031209988345E-06,0,0,0,0,0,38
1,456,63.98,-0.260060548782349,3.5814280181512E-06,0,0,0,0,0,38
1,457,64.12,-0.258140474557877,4.04803813580656E-06,0,0,0,0,0,38
1,458,64.26,-0.257655590772629,4.6313011807797E-06,0,0,0,0,0,38
1,459,64.4,-0.255774319171906,3.50365962731303E-06,0,0,0,0,0,38
1,460,64.54,-0.254358500242233,4.8257220441883E-06,0,0,0,0,0,38
1,461,64.68,-0.252962082624435,4.7479538807238E-06,0,0,0,0,0,38
1,462,64.82,-0.250557124614716,4.20357491748291E-06,0,0,0,0,0,38
1,463,64.96,-0.249257683753967,3.73696479982755E-06,0,0,0,0,0,38
1,464,65.1,-0.248016431927681,2.92039680971357E-06,0,0,0,0,0,38
1,465,65.24,-0.246872141957283,4.00915405407432E-06,0,0,0,0,0,38
1,466,65.38,-0.246251508593559,4.7090693442442E-06,0,0,0,0,0,38
1,467,65.52,-0.243768975138664,2.80374410976947E-06,0,0,0,0,0,38
1,468,65.66,-0.242799252271652,3.50365962731303E-06,0,0,0,0,0,38
1,469,65.8,-0.240976139903069,3.5814280181512E-06,0,0,0,0,0,38
1,470,65.94,-0.240724012255669,3.81473319066572E-06,0,0,0,0,0,38
1,471,66.08,-0.239502146840096,5.02014290759689E-06,0,0,0,0,0,38
1,472,66.22,-0.237446308135986,3.62031209988345E-06,0,0,0,0,0,38
1,473,66.36,-0.237368732690811,3.89250135413022E-06,0,0,0,0,0,38
1,474,66.5,-0.235661998391151,3.81473319066572E-06,0,0,0,0,0,38
1,475,66.64,-0.233606144785881,4.94237474413239E-06,0,0,0,0,0,38
1,476,66.78,-0.231453344225883,3.30923876390443E-06,0,0,0,0,0,38
1,477,66.92,-0.232015788555145,3.81473319066572E-06,0,0,0,0,0,38
1,478,67.06,-0.229475080966949,4.32022761742701E-06,0,0,0,0,0,38
1,479,67.2,-0.228485941886902,5.05902698932914E-06,0,0,0,0,0,38
1,480,67.34,-0.226100400090218,4.28134353569476E-06,0,0,0,0,0,38
1,481,67.48,-0.225576743483543,4.5146484808356E-06,0,0,0,0,0,38
1,482,67.62,-0.222977846860886,3.65919640898937E-06,0,0,0,0,0,38
1,483,67.76,-0.221988722681999,4.28134353569476E-06,0,0,0,0,0,38
1,484,67.9,-0.221852958202362,4.67018526251195E-06,0,0,0,0,0,38
1,485,68.04,-0.219040721654892,4.6313011807797E-06,0,0,0,0,0,38
1,486,68.18,-0.218187347054482,3.19258606396033E-06,0,0,0,0,0,38
1,487,68.32,-0.217411562800407,4.7479538807238E-06,0,0,0,0,0,38
1,488,68.46,-0.214657515287399,2.92039680971357E-06,0,0,0,0,0,38
1,489,68.6,-0.213668376207352,4.90349020765279E-06,0,0,0,0,0,38
1,490,68.74,-0.211981043219566,3.38700715474261E-06,0,0,0,0,0,38
1,491,68.88,-0.21064281463623,3.4647753182071E-06,0,0,0,0,0,38
1,492,69.02,-0.210700988769531,4.04803813580656E-06,0,0,0,0,0,38
1,493,69.16,-0.209362760186195,4.6313011807797E-06,0,0,0,0,0,38
1,494,69.3,-0.206686288118362,3.54254370904528E-06,0,0,0,0,0,38
1,495,69.44,-0.205929890275002,5.72005819776678E-06,0,0,0,0,0,38
1,496,69.58,-0.204009816050529,4.28134353569476E-06,0,0,0,0,0,38
1,497,69.72,-0.202244892716408,4.59241709904745E-06,0,0,0,0,0,38
1,498,69.86,-0.199684798717499,3.81473319066572E-06,0,0,0,0,0,38
1,499,70,-0.199568420648575,3.85361727239797E-06,0,0,0,0,0,38
1,500,70.14,-0.198346555233002,3.65919640898937E-06,0,0,0,0,0,38
1,501,70.28,-0.196775585412979,3.69808049072162E-06,0,0,0,0,0,38
1,502,70.42,-0.194176688790321,3.65919640898937E-06,0,0,0,0,0,38
1,503,70.56,-0.193497881293297,5.68117411603453E-06,0,0,0,0,0,38
1,504,70.7,-0.192625120282173,3.93138589060982E-06,0,0,0,0,0,38
1,505,70.84,-0.189231038093567,4.47576439910335E-06,0,0,0,0,0,38
1,506,70.98,-0.190375328063965,4.90349020765279E-06,0,0,0,0,0,38
1,507,71.12,-0.18884314596653,4.94237474413239E-06,0,0,0,0,0,38
1,508,71.26,-0.187795832753181,3.89250135413022E-06,0,0,0,0,0,38
1,509,71.4,-0.184537515044212,3.81473319066572E-06,0,0,0,0,0,38
1,510,71.54,-0.183955684304237,4.7479538807238E-06,0,0,0,0,0,38
1,511,71.68,-0.183451414108276,4.90349020765279E-06,0,0,0,0,0,38
1,512,71.82,-0.181317999958992,4.04803813580656E-06,0,0,0,0,0,38
1,513,71.96,-0.179533690214157,3.85361727239797E-06,0,0,0,0,0,38
1,514,72.1,-0.180037945508957,5.52563733435818E-06,0,0,0,0,0,38
1,515,72.24,-0.176857218146324,3.93138589060982E-06,0,0,0,0,0,38
1,516,72.38,-0.175189271569252,4.16469083575066E-06,0,0,0,0,0,38
1,517,72.52,-0.174200132489204,4.59241709904745E-06,0,0,0,0,0,38
1,518,72.66,-0.173540711402893,4.67018526251195E-06,0,0,0,0,0,38
1,519,72.8,-0.171426698565483,3.27035445479851E-06,0,0,0,0,0,38
1,520,72.94,-0.170127242803574,5.02014290759689E-06,0,0,0,0,0,38
1,521,73.08,-0.168730825185776,4.43688031737111E-06,0,0,0,0,0,38
1,522,73.22,-0.166733175516129,4.12580675401841E-06,0,0,0,0,0,38
1,523,73.36,-0.164871275424957,3.30923876390443E-06,0,0,0,0,0,38
1,524,73.5,-0.164463996887207,5.25344830748509E-06,0,0,0,0,0,38
1,525,73.64,-0.16297060251236,3.4647753182071E-06,0,0,0,0,0,38
1,526,73.78,-0.161457806825638,3.69808049072162E-06,0,0,0,0,0,38
1,527,73.92,-0.160410493612289,4.28134353569476E-06,0,0,0,0,0,38
1,528,74.06,-0.158257678151131,3.81473319066572E-06,0,0,0,0,0,38
1,529,74.2,-0.158315867185593,5.72005819776678E-06,0,0,0,0,0,38
1,530,74.34,-0.155309677124023,4.47576439910335E-06,0,0,0,0,0,38
1,531,74.48,-0.154514506459236,5.25344830748509E-06,0,0,0,0,0,38
1,532,74.62,-0.154378741979599,4.7479538807238E-06,0,0,0,0,0,38
1,533,74.76,-0.151876822113991,4.47576439910335E-06,0,0,0,0,0,38
1,534,74.9,-0.150538578629494,4.12580675401841E-06,0,0,0,0,0,38
1,535,75.04,-0.149743393063545,4.78683796245605E-06,0,0,0,0,0,38
1,536,75.18,-0.147066935896873,3.7758488815598E-06,0,0,0,0,0,38
1,537,75.32,-0.147881507873535,4.00915405407432E-06,0,0,0,0,0,38
1,538,75.46,-0.144409850239754,4.55353256256785E-06,0,0,0,0,0,38
1,539,75.6,-0.142586752772331,4.59241709904745E-06,0,0,0,0,0,38
1,540,75.74,-0.142897069454193,4.8257220441883E-06,0,0,0,0,0,38
1,541,75.88,-0.14072485268116,3.30923876390443E-06,0,0,0,0,0,38
1,542,76.02,-0.138048380613327,4.08692267228616E-06,0,0,0,0,0,38
1,543,76.16,-0.137544125318527,4.20357491748291E-06,0,0,0,0,0,38
1,544,76.3,-0.135139182209969,4.59241709904745E-06,0,0,0,0,0,38
1,545,76.44,-0.135721027851105,4.98125882586464E-06,0,0,0,0,0,38
1,546,76.58,-0.133510023355484,4.00915405407432E-06,0,0,0,0,0,38
1,547,76.72,-0.132113605737686,4.8257220441883E-06,0,0,0,0,0,38
1,548,76.86,-0.133025154471397,5.75894273424638E-06,0,0,0,0,0,38
1,549,77,-0.128622561693192,4.7090693442442E-06,0,0,0,0,0,38
1,550,77.14,-0.128040716052055,4.35911169915926E-06,0,0,0,0,0,38
1,551,77.28,-0.126140028238297,4.59241709904745E-06,0,0,0,0,0,38
1,552,77.42,-0.125383630394936,3.73696479982755E-06,0,0,0,0,0,38
1,553,77.56,-0.1240454018116,4.43688031737111E-06,0,0,0,0,0,38
1,554,77.7,-0.122319273650646,5.17567968927324E-06,0,0,0,0,0,38
1,555,77.84,-0.12088406085968,4.28134353569476E-06,0,0,0,0,0,38
1,556,77.98,-0.120748303830624,3.42589123647485E-06,0,0,0,0,0,38
1,557,78.12,-0.120205245912075,6.07001629759907E-06,0,0,0,0,0,38
1,558,78.26,-0.118576094508171,4.90349020765279E-06,0,0,0,0,0,38
1,559,78.4,-0.116287514567375,4.59241709904745E-06,0,0,0,0,0,38
1,560,78.54,-0.113261938095093,3.69808049072162E-06,0,0,0,0,0,38
1,561,78.68,-0.114134699106216,4.59241709904745E-06,0,0,0,0,0,38
1,562,78.82,-0.112098254263401,5.17567968927324E-06,0,0,0,0,0,38
1,563,78.96,-0.108917526900768,4.20357491748291E-06,0,0,0,0,0,38
1,564,79.1,-0.108684785664082,4.04803813580656E-06,0,0,0,0,0,38
1,565,79.24,-0.107288368046284,3.7758488815598E-06,0,0,0,0,0,38
1,566,79.38,-0.106454394757748,6.07001629759907E-06,0,0,0,0,0,38
1,567,79.52,-0.10420460999012,3.85361727239797E-06,0,0,0,0,0,38
1,568,79.66,-0.101838454604149,4.94237474413239E-06,0,0,0,0,0,38
1,569,79.8,-0.102400898933411,4.6313011807797E-06,0,0,0,0,0,38
1,570,79.94,-0.0998601913452148,3.69808049072162E-06,0,0,0,0,0,38
1,571,80.08,-0.0988904535770416,4.7479538807238E-06,0,0,0,0,0,38
1,572,80.22,-0.0980564802885056,5.75894273424638E-06,0,0,0,0,0,38
1,573,80.36,-0.0962139815092087,3.15370198222809E-06,0,0,0,0,0,38
1,574,80.5,-0.0931108295917511,3.03704928228399E-06,0,0,0,0,0,38
1,575,80.64,-0.0934017524123192,4.08692267228616E-06,0,0,0,0,0,38
1,576,80.78,-0.0920053347945213,4.32022761742701E-06,0,0,0,0,0,38
1,577,80.92,-0.0910549908876419,3.30923876390443E-06,0,0,0,0,0,38
1,578,81.06,-0.0883009433746338,4.43688031737111E-06,0,0,0,0,0,38
1,579,81.2,-0.0885918587446213,3.5814280181512E-06,0,0,0,0,0,38
1,580,81.34,-0.0867881551384926,6.38108940620441E-06,0,0,0,0,0,38
1,581,81.48,-0.0857990235090256,4.04803813580656E-06,0,0,0,0,0,38
1,582,81.62,-0.0827152654528618,5.33121647094958E-06,0,0,0,0,0,38
1,583,81.76,-0.0823079720139503,3.93138589060982E-06,0,0,0,0,0,38
1,584,81.9,-0.0801357626914978,4.39799578089151E-06,0,0,0,0,0,38
1,585,82.04,-0.0786229744553566,3.89250135413022E-06,0,0,0,0,0,38
1,586,82.18,-0.0775756612420082,3.07593359138991E-06,0,0,0,0,0,38
1,587,82.32,-0.0773235335946083,3.89250135413022E-06,0,0,0,0,0,38
1,588,82.46,-0.0753258764743805,4.7090693442442E-06,0,0,0,0,0,38
1,589,82.6,-0.0752870887517929,4.39799578089151E-06,0,0,0,0,0,38
1,590,82.74,-0.0711754038929939,1.98717611965549E-06,0,0,0,0,0,38
1,591,82.88,-0.0714469328522682,5.02014290759689E-06,0,0,0,0,0,38
1,592,83.02,-0.0696432217955589,4.32022761742701E-06,0,0,0,0,0,38
1,593,83.16,-0.0664043053984642,3.4647753182071E-06,0,0,0,0,0,38
1,594,83.3,-0.0650466755032539,4.35911169915926E-06,0,0,0,0,0,38
1,595,83.44,-0.0649884939193726,3.50365962731303E-06,0,0,0,0,0,38
1,596,83.58,-0.0646006017923355,5.44786917089368E-06,0,0,0,0,0,38
1,597,83.72,-0.0625641494989395,4.43688031737111E-06,0,0,0,0,0,38
1,598,83.86,-0.0603143647313118,3.42589123647485E-06,0,0,0,0,0,38
1,599,84,-0.0587821826338768,4.47576439910335E-06,0,0,0,0,0,38
1,600,84.14,-0.058219738304615,3.81473319066572E-06,0,0,0,0,0,38
1,601,84.28,-0.0571336336433887,3.97026997234207E-06,0,0,0,0,0,38
1,602,84.42,-0.0563578456640244,4.00915405407432E-06,0,0,0,0,0,38
1,603,84.56,-0.0545929260551929,4.98125882586464E-06,0,0,0,0,0,38
1,604,84.7,-0.0525370836257935,4.5146484808356E-06,0,0,0,0,0,38
1,605,84.84,-0.050655797123909,3.38700715474261E-06,0,0,0,0,0,38
1,606,84.98,-0.0496084839105606,4.55353256256785E-06,0,0,0,0,0,38
1,607,85.12,-0.0482314564287663,3.97026997234207E-06,0,0,0,0,0,38
1,608,85.26,-0.0471259579062462,5.13679560754099E-06,0,0,0,0,0,38
1,609,85.4,-0.0453610382974148,4.78683796245605E-06,0,0,0,0,0,38
1,610,85.54,-0.0430918596684933,3.65919640898937E-06,0,0,0,0,0,38
1,611,85.68,-0.0418312028050423,4.7090693442442E-06,0,0,0,0,0,38
1,612,85.82,-0.0401438623666763,3.03704928228399E-06,0,0,0,0,0,38
1,613,85.96,-0.0410748086869717,3.89250135413022E-06,0,0,0,0,0,38
1,614,86.1,-0.0387862324714661,3.7758488815598E-06,0,0,0,0,0,38
1,615,86.24,-0.0369437336921692,4.67018526251195E-06,0,0,0,0,0,38
1,616,86.38,-0.035702470690012,4.12580675401841E-06,0,0,0,0,0,38
1,617,86.52,-0.0347327366471291,4.86460612592055E-06,0,0,0,0,0,38
1,618,86.66,-0.0332975275814533,4.04803813580656E-06,0,0,0,0,0,38
1,619,86.8,-0.0304852928966284,5.29233238921734E-06,0,0,0,0,0,38
1,620,86.94,-0.0306986346840858,4.12580675401841E-06,0,0,0,0,0,38
1,621,87.08,-0.0285264272242785,3.38700715474261E-06,0,0,0,0,0,38
1,622,87.22,-0.0258111674338579,3.62031209988345E-06,0,0,0,0,0,38
1,623,87.36,-0.0268584806472063,4.04803813580656E-06,0,0,0,0,0,38
1,624,87.5,-0.0258499551564455,4.39799578089151E-06,0,0,0,0,0,38
1,625,87.64,-0.02160251326859,4.7090693442442E-06,0,0,0,0,0,38
1,626,87.78,-0.0209818817675114,2.95928089144581E-06,0,0,0,0,0,38
1,627,87.92,-0.0210012774914503,4.78683796245605E-06,0,0,0,0,0,38
1,628,88.06,-0.0190618056803942,3.81473319066572E-06,0,0,0,0,0,38
1,629,88.2,-0.0170835442841053,4.39799578089151E-06,0,0,0,0,0,38
1,630,88.34,-0.0180144906044006,5.25344830748509E-06,0,0,0,0,0,38
1,631,88.48,-0.0136894695460796,3.03704928228399E-06,0,0,0,0,0,38
1,632,88.62,-0.0142131261527538,3.03704928228399E-06,0,0,0,0,0,38
1,633,88.76,-0.012583970092237,5.83671089771087E-06,0,0,0,0,0,38
1,634,88.9,-0.0107414722442627,3.93138589060982E-06,0,0,0,0,0,38
1,635,89.04,-0.0091511057689786,3.81473319066572E-06,0,0,0,0,0,38
1,636,89.18,-0.00779347587376833,4.5146484808356E-06,0,0,0,0,0,38
1,637,89.32,-0.00598976714536548,3.93138589060982E-06,0,0,0,0,0,38
1,638,89.46,-0.00589279364794493,4.00915405407432E-06,0,0,0,0,0,38
1,639,89.6,-0.00259569194167852,4.12580675401841E-06,0,0,0,0,0,38
1,640,89.74,-0.001567771891132,4.04803813580656E-06,0,0,0,0,0,38
1,641,89.88,-0.00116048287600279,4.47576439910335E-06,0,0,0,0,0,38
1,642,90.02,0.000507462711539119,4.7479538807238E-06,0,0,0,0,0,38
1,643,90.16,0.00250511849299073,3.11481767312216E-06,0,0,0,0,0,38
1,644,90.3,0.00254390784539282,4.32022761742701E-06,0,0,0,0,0,38
1,645,90.44,0.00273785507306457,5.79782681597862E-06,0,0,0,0,0,38
1,646,90.58,0.00541432574391365,4.16469083575066E-06,0,0,0,0,0,38
1,647,90.72,0.00611253548413515,5.05902698932914E-06,0,0,0,0,0,38
1,648,90.86,0.00836232211440802,4.78683796245605E-06,0,0,0,0,0,38
1,649,91,0.0104957409203053,4.08692267228616E-06,0,0,0,0,0,38
1,650,91.14,0.0110000036656857,3.65919640898937E-06,0,0,0,0,0,38
1,651,91.28,0.0124352127313614,5.25344830748509E-06,0,0,0,0,0,38
1,652,91.42,0.0135988956317306,4.94237474413239E-06,0,0,0,0,0,38
1,653,91.56,0.0160232353955507,3.34812284563668E-06,0,0,0,0,0,38
1,654,91.7,0.0174390487372875,3.62031209988345E-06,0,0,0,0,0,38
1,655,91.84,0.0188160743564367,3.65919640898937E-06,0,0,0,0,0,38
1,656,91.98,0.0216283090412617,3.7758488815598E-06,0,0,0,0,0,38
1,657,92.12,0.0273109599947929,1.98717611965549E-06,0,0,0,0,0,38
1,658,92.26,0.0235677789896727,4.8257220441883E-06,0,0,0,0,0,38
1,659,92.4,0.0247896462678909,4.7479538807238E-06,0,0,0,0,0,38
1,660,92.54,0.0253326985985041,3.93138589060982E-06,0,0,0,0,0,38
1,661,92.68,0.0272139869630337,4.90349020765279E-06,0,0,0,0,0,38
1,662,92.82,0.0293474048376083,4.59241709904745E-06,0,0,0,0,0,38
1,663,92.96,0.0307244304567575,2.92039680971357E-06,0,0,0,0,0,38
1,664,93.1,0.0302201677113771,4.86460612592055E-06,0,0,0,0,0,38
1,665,93.24,0.0333621129393578,3.30923876390443E-06,0,0,0,0,0,38
1,666,93.38,0.0335172675549984,3.54254370904528E-06,0,0,0,0,0,38
1,667,93.52,0.035262793302536,3.15370198222809E-06,0,0,0,0,0,38
1,668,93.66,0.0383465513586998,3.54254370904528E-06,0,0,0,0,0,38
1,669,93.8,0.0375901609659195,5.02014290759689E-06,0,0,0,0,0,38
1,670,93.94,0.0384823158383369,4.94237474413239E-06,0,0,0,0,0,38
1,671,94.08,0.0407708920538425,4.86460612592055E-06,0,0,0,0,0,38
1,672,94.22,0.0427491553127766,5.02014290759689E-06,0,0,0,0,0,38
1,673,94.36,0.0440098084509373,3.93138589060982E-06,0,0,0,0,0,38
1,674,94.5,0.0459880717098713,4.47576439910335E-06,0,0,0,0,0,38
1,675,94.64,0.0469965972006321,3.93138589060982E-06,0,0,0,0,0,38
1,676,94.78,0.0474814660847187,4.00915405407432E-06,0,0,0,0,0,38
1,677,94.92,0.049382146447897,3.42589123647485E-06,0,0,0,0,0,38
1,678,95.06,0.0533580631017685,3.85361727239797E-06,0,0,0,0,0,38
1,679,95.2,0.0530671440064907,3.65919640898937E-06,0,0,0,0,0,38
1,680,95.34,0.0534938275814056,4.39799578089151E-06,0,0,0,0,0,38
1,681,95.48,0.0548902451992035,4.12580675401841E-06,0,0,0,0,0,38
1,682,95.62,0.0523883290588856,6.10890037933132E-06,0,0,0,0,0,38
1,683,95.76,0.0588467679917812,3.50365962731303E-06,0,0,0,0,0,38
1,684,95.9,0.0596031621098518,4.6313011807797E-06,0,0,0,0,0,38
1,685,96.04,0.0605922937393188,4.6313011807797E-06,0,0,0,0,0,38
1,686,96.18,0.0633851289749146,4.16469083575066E-06,0,0,0,0,0,38
1,687,96.32,0.0637730285525322,3.89250135413022E-06,0,0,0,0,0,38
1,688,96.46,0.0652276277542114,4.86460612592055E-06,0,0,0,0,0,38
1,689,96.6,0.0673610493540764,3.89250135413022E-06,0,0,0,0,0,38
1,690,96.74,0.0692035481333733,3.89250135413022E-06,0,0,0,0,0,38
1,691,96.88,0.0703478306531906,3.30923876390443E-06,0,0,0,0,0,38
1,692,97.02,0.0704254135489464,3.34812284563668E-06,0,0,0,0,0,38
1,693,97.16,0.0711042284965515,4.6313011807797E-06,0,0,0,0,0,38
1,694,97.3,0.0732570439577103,3.38700715474261E-06,0,0,0,0,0,38
1,695,97.44,0.0743819326162338,3.38700715474261E-06,0,0,0,0,0,38
1,696,97.58,0.0767093002796173,4.24245899921516E-06,0,0,0,0,0,38
1,697,97.72,0.0778535902500153,4.43688031737111E-06,0,0,0,0,0,38
1,698,97.86,0.0802197456359863,3.93138589060982E-06,0,0,0,0,0,38
1,699,98,0.0806270316243172,4.00915405407432E-06,0,0,0,0,0,38
1,700,98.14,0.083012580871582,2.99816520055174E-06,0,0,0,0,0,38
1,701,98.28,0.0847193151712418,4.39799578089151E-06,0,0,0,0,0,38
1,702,98.42,0.0857860296964645,4.67018526251195E-06,0,0,0,0,0,38
1,703,98.56,0.0866975784301758,3.85361727239797E-06,0,0,0,0,0,38
1,704,98.7,0.0864260569214821,4.35911169915926E-06,0,0,0,0,0,38
1,705,98.84,0.0895486027002335,4.20357491748291E-06,0,0,0,0,0,38
1,706,98.98,0.0910807847976685,3.7758488815598E-06,0,0,0,0,0,38
1,707,99.12,0.0910807847976685,3.97026997234207E-06,0,0,0,0,0,38
1,708,99.26,0.0922250747680664,4.12580675401841E-06,0,0,0,0,0,38
1,709,99.4,0.0962203815579414,3.62031209988345E-06,0,0,0,0,0,38
1,710,99.54,0.0951536744832993,3.81473319066572E-06,0,0,0,0,0,38
1,711,99.68,0.0954639911651611,4.39799578089151E-06,0,0,0,0,0,38
1,712,99.82,0.0985865369439125,4.04803813580656E-06,0,0,0,0,0,38
1,713,99.96,0.100409641861916,4.59241709904745E-06,0,0,0,0,0,38
1,714,100.1,0.101670302450657,2.41490238295228E-06,0,0,0,0,0,38
1,715,100.24,0.103474006056786,3.15370198222809E-06,0,0,0,0,0,38
1,716,100.38,0.104191616177559,3.11481767312216E-06,0,0,0,0,0,38
1,717,100.52,0.106014713644981,4.00915405407432E-06,0,0,0,0,0,38
1,718,100.66,0.107217185199261,4.39799578089151E-06,0,0,0,0,0,38
1,719,100.8,0.10911787301302,3.81473319066572E-06,0,0,0,0,0,38
1,720,100.94,0.110417313873768,3.42589123647485E-06,0,0,0,0,0,38
1,721,101.08,0.110436715185642,4.47576439910335E-06,0,0,0,0,0,38
1,722,101.22,0.112958021461964,3.62031209988345E-06,0,0,0,0,0,38
1,723,101.36,0.114063523709774,4.20357491748291E-06,0,0,0,0,0,38
1,724,101.5,0.114490203559399,4.04803813580656E-06,0,0,0,0,0,38
1,725,101.64,0.116817571222782,3.81473319066572E-06,0,0,0,0,0,38
1,726,101.78,0.117845490574837,4.08692267228616E-06,0,0,0,0,0,38
1,727,101.92,0.119086757302284,5.72005819776678E-06,0,0,0,0,0,38
1,728,102.06,0.121491700410843,5.02014290759689E-06,0,0,0,0,0,38
1,729,102.2,0.122713565826416,4.35911169915926E-06,0,0,0,0,0,38
1,730,102.34,0.124071195721626,4.04803813580656E-06,0,0,0,0,0,38
1,731,102.48,0.125583991408348,3.65919640898937E-06,0,0,0,0,0,38
1,732,102.62,0.125952482223511,3.5814280181512E-06,0,0,0,0,0,38
1,733,102.76,0.126825243234634,4.00915405407432E-06,0,0,0,0,0,38
1,734,102.9,0.130258113145828,4.24245899921516E-06,0,0,0,0,0,38
1,735,103.04,0.130355089902878,3.69808049072162E-06,0,0,0,0,0,38
1,736,103.18,0.132333353161812,3.89250135413022E-06,0,0,0,0,0,38
1,737,103.32,0.133671581745148,4.90349020765279E-06,0,0,0,0,0,38
1,738,103.46,0.134583130478859,4.67018526251195E-06,0,0,0,0,0,38
1,739,103.6,0.135804995894432,3.7758488815598E-06,0,0,0,0,0,38
1,740,103.74,0.136813521385193,4.32022761742701E-06,0,0,0,0,0,38
1,741,103.88,0.13991667330265,4.6313011807797E-06,0,0,0,0,0,38
1,742,104.02,0.140537306666374,3.65919640898937E-06,0,0,0,0,0,38
1,743,104.16,0.141293704509735,4.7479538807238E-06,0,0,0,0,0,38
1,744,104.3,0.144474431872368,4.16469083575066E-06,0,0,0,0,0,38
1,745,104.44,0.14478474855423,4.04803813580656E-06,0,0,0,0,0,38
1,746,104.58,0.146084204316139,4.5146484808356E-06,0,0,0,0,0,38
1,747,104.72,0.148101255297661,3.42589123647485E-06,0,0,0,0,0,38
1,748,104.86,0.149536460638046,4.35911169915926E-06,0,0,0,0,0,38
1,749,105,0.151359558105469,4.16469083575066E-06,0,0,0,0,0,38
1,750,105.14,0.150719538331032,5.09791152580874E-06,0,0,0,0,0,38
1,751,105.28,0.153454184532166,4.28134353569476E-06,0,0,0,0,0,38
1,752,105.42,0.154404535889626,4.20357491748291E-06,0,0,0,0,0,38
1,753,105.56,0.156130656599998,3.89250135413022E-06,0,0,0,0,0,38
1,754,105.7,0.155800953507423,5.02014290759689E-06,0,0,0,0,0,38
1,755,105.84,0.158613190054893,4.94237474413239E-06,0,0,0,0,0,38
1,756,105.98,0.160766005516052,4.59241709904745E-06,0,0,0,0,0,38
1,757,106.12,0.162123635411263,3.4647753182071E-06,0,0,0,0,0,38
1,758,106.26,0.162530913949013,3.85361727239797E-06,0,0,0,0,0,38
1,759,106.4,0.164994046092033,4.35911169915926E-06,0,0,0,0,0,38
1,760,106.54,0.166215911507607,4.7479538807238E-06,0,0,0,0,0,38
1,761,106.68,0.166875332593918,4.7090693442442E-06,0,0,0,0,0,38
1,762,106.82,0.169260889291763,2.7259757189313E-06,0,0,0,0,0,38
1,763,106.96,0.170211225748062,2.92039680971357E-06,0,0,0,0,0,38
1,764,107.1,0.172616168856621,4.59241709904745E-06,0,0,0,0,0,38
1,765,107.24,0.171646431088448,5.44786917089368E-06,0,0,0,0,0,38
1,766,107.38,0.17271314561367,4.7479538807238E-06,0,0,0,0,0,38
1,767,107.52,0.174322903156281,4.78683796245605E-06,0,0,0,0,0,38
1,768,107.66,0.177018776535988,4.43688031737111E-06,0,0,0,0,0,38
1,769,107.8,0.178298816084862,4.94237474413239E-06,0,0,0,0,0,38
1,770,107.94,0.18089771270752,3.85361727239797E-06,0,0,0,0,0,38
1,771,108.08,0.180761948227882,3.97026997234207E-06,0,0,0,0,0,38
1,772,108.22,0.182682022452354,3.85361727239797E-06,0,0,0,0,0,38
1,773,108.36,0.183477208018303,4.00915405407432E-06,0,0,0,0,0,38
1,774,108.5,0.186231255531311,3.97026997234207E-06,0,0,0,0,0,38
1,775,108.64,0.18652218580246,4.04803813580656E-06,0,0,0,0,0,38
1,776,108.78,0.188073754310608,4.24245899921516E-06,0,0,0,0,0,38
1,777,108.92,0.189004704356194,5.40898508916143E-06,0,0,0,0,0,38
1,778,109.06,0.190420523285866,3.42589123647485E-06,0,0,0,0,0,38
1,779,109.2,0.193096995353699,5.52563733435818E-06,0,0,0,0,0,38
1,780,109.34,0.193717613816261,4.20357491748291E-06,0,0,0,0,0,38
1,781,109.48,0.196685016155243,3.54254370904528E-06,0,0,0,0,0,38
1,782,109.62,0.194823116064072,4.7090693442442E-06,0,0,0,0,0,38
1,783,109.76,0.198139622807503,3.03704928228399E-06,0,0,0,0,0,38
1,784,109.9,0.199516639113426,4.12580675401841E-06,0,0,0,0,0,38
1,785,110.04,0.201300948858261,4.5146484808356E-06,0,0,0,0,0,38
1,786,110.18,0.203085273504257,3.4647753182071E-06,0,0,0,0,0,38
1,787,110.32,0.203705906867981,3.34812284563668E-06,0,0,0,0,0,38
1,788,110.46,0.20490837097168,3.65919640898937E-06,0,0,0,0,0,38
1,789,110.6,0.206382364034653,4.43688031737111E-06,0,0,0,0,0,38
1,790,110.74,0.207526654005051,4.20357491748291E-06,0,0,0,0,0,38
1,791,110.88,0.209660083055496,4.28134353569476E-06,0,0,0,0,0,38
1,792,111.02,0.210300102829933,3.50365962731303E-06,0,0,0,0,0,38
1,793,111.16,0.213054150342941,3.69808049072162E-06,0,0,0,0,0,38
1,794,111.3,0.214120864868164,4.5146484808356E-06,0,0,0,0,0,38
1,795,111.44,0.213926911354065,3.93138589060982E-06,0,0,0,0,0,38
1,796,111.58,0.215846985578537,3.65919640898937E-06,0,0,0,0,0,38
1,797,111.72,0.218077391386032,3.89250135413022E-06,0,0,0,0,0,38
1,798,111.86,0.217592522501946,5.29233238921734E-06,0,0,0,0,0,38
1,799,112,0.220288380980492,5.37010055268183E-06,0,0,0,0,0,38
1,800,112.14,0.222324833273888,5.02014290759689E-06,0,0,0,0,0,38
1,801,112.28,0.222887277603149,3.42589123647485E-06,0,0,0,0,0,38
1,802,112.42,0.224981904029846,4.32022761742701E-06,0,0,0,0,0,38
1,803,112.56,0.226436510682106,3.97026997234207E-06,0,0,0,0,0,38
1,804,112.7,0.22696016728878,3.73696479982755E-06,0,0,0,0,0,38
1,805,112.84,0.228996604681015,3.73696479982755E-06,0,0,0,0,0,38
1,806,112.98,0.22977240383625,4.7090693442442E-06,0,0,0,0,0,38
1,807,113.12,0.230664551258087,3.54254370904528E-06,0,0,0,0,0,38
1,808,113.26,0.231905817985535,3.54254370904528E-06,0,0,0,0,0,38
1,809,113.4,0.235416263341904,3.69808049072162E-06,0,0,0,0,0,38
1,810,113.54,0.235939919948578,3.93138589060982E-06,0,0,0,0,0,38
1,811,113.68,0.236521765589714,4.6313011807797E-06,0,0,0,0,0,38
1,812,113.82,0.238383650779724,3.62031209988345E-06,0,0,0,0,0,38
1,813,113.96,0.239256411790848,4.39799578089151E-06,0,0,0,0,0,38
1,814,114.1,0.24177773296833,5.72005819776678E-06,0,0,0,0,0,38
1,815,114.24,0.244124487042427,4.7479538807238E-06,0,0,0,0,0,38
1,816,114.38,0.243503853678703,4.20357491748291E-06,0,0,0,0,0,38
1,817,114.52,0.2450942248106,3.54254370904528E-06,0,0,0,0,0,38
1,818,114.66,0.247247040271759,4.39799578089151E-06,0,0,0,0,0,38
1,819,114.8,0.248236164450645,4.78683796245605E-06,0,0,0,0,0,38
1,820,114.94,0.250660508871078,4.47576439910335E-06,0,0,0,0,0,38
1,821,115.08,0.251727223396301,4.86460612592055E-06,0,0,0,0,0,38
1,822,115.22,0.252658158540726,4.12580675401841E-06,0,0,0,0,0,38
1,823,115.36,0.254520058631897,4.04803813580656E-06,0,0,0,0,0,38
1,824,115.5,0.254752784967422,2.99816520055174E-06,0,0,0,0,0,38
1,825,115.64,0.256847411394119,4.55353256256785E-06,0,0,0,0,0,38
1,826,115.78,0.257060766220093,4.47576439910335E-06,0,0,0,0,0,38
1,827,115.92,0.260280281305313,4.98125882586464E-06,0,0,0,0,0,38
1,828,116.06,0.261637926101685,3.19258606396033E-06,0,0,0,0,0,38
1,829,116.2,0.26161852478981,4.78683796245605E-06,0,0,0,0,0,38
1,830,116.34,0.263713151216507,4.8257220441883E-06,0,0,0,0,0,38
1,831,116.48,0.265769004821777,3.85361727239797E-06,0,0,0,0,0,38
1,832,116.62,0.2681545317173,3.34812284563668E-06,0,0,0,0,0,38
1,833,116.76,0.267611473798752,4.04803813580656E-06,0,0,0,0,0,38
1,834,116.9,0.270462512969971,3.5814280181512E-06,0,0,0,0,0,38
1,835,117.04,0.271548628807068,4.12580675401841E-06,0,0,0,0,0,38
1,836,117.18,0.271955907344818,4.24245899921516E-06,0,0,0,0,0,38
1,837,117.32,0.273332923650742,5.79782681597862E-06,0,0,0,0,0,38
1,838,117.46,0.274574190378189,3.69808049072162E-06,0,0,0,0,0,38
1,839,117.6,0.276746392250061,4.7479538807238E-06,0,0,0,0,0,38
1,840,117.74,0.279015570878983,3.81473319066572E-06,0,0,0,0,0,38
1,841,117.88,0.280043512582779,2.68709163719905E-06,0,0,0,0,0,38
1,842,118.02,0.281730830669403,4.32022761742701E-06,0,0,0,0,0,38
1,843,118.16,0.28322422504425,4.86460612592055E-06,0,0,0,0,0,38
1,844,118.3,0.284213364124298,4.8257220441883E-06,0,0,0,0,0,38
1,845,118.44,0.283903062343597,4.5146484808356E-06,0,0,0,0,0,38
1,846,118.58,0.287122577428818,4.55353256256785E-06,0,0,0,0,0,38
1,847,118.72,0.288208663463593,3.19258606396033E-06,0,0,0,0,0,38
1,848,118.86,0.28979903459549,4.6313011807797E-06,0,0,0,0,0,38
1,849,119,0.289721459150314,4.08692267228616E-06,0,0,0,0,0,38
1,850,119.14,0.291932463645935,3.85361727239797E-06,0,0,0,0,0,38
1,851,119.28,0.293930113315582,4.98125882586464E-06,0,0,0,0,0,38
1,852,119.42,0.29507440328598,4.32022761742701E-06,0,0,0,0,0,38
1,853,119.56,0.296082943677902,3.73696479982755E-06,0,0,0,0,0,38
1,854,119.7,0.297498732805252,3.5814280181512E-06,0,0,0,0,0,38
1,855,119.84,0.298003017902374,4.00915405407432E-06,0,0,0,0,0,38
1,856,119.98,0.300757050514221,4.24245899921516E-06,0,0,0,0,0,38
1,857,120.12,0.302017718553543,3.5814280181512E-06,0,0,0,0,0,38
1,858,120.26,0.302677124738693,3.50365962731303E-06,0,0,0,0,0,38
1,859,120.4,0.304442048072815,3.23147037306626E-06,0,0,0,0,0,38
1,860,120.54,0.305353611707687,4.08692267228616E-06,0,0,0,0,0,38
1,861,120.68,0.307797342538834,4.08692267228616E-06,0,0,0,0,0,38
1,862,120.82,0.308359771966934,4.32022761742701E-06,0,0,0,0,0,38
1,863,120.96,0.310667753219604,2.7259757189313E-06,0,0,0,0,0,38
1,864,121.1,0.311133235692978,4.12580675401841E-06,0,0,0,0,0,38
1,865,121.24,0.313576966524124,3.15370198222809E-06,0,0,0,0,0,38
1,866,121.38,0.314585477113724,4.00915405407432E-06,0,0,0,0,0,38
1,867,121.52,0.317863196134567,2.76486002803722E-06,0,0,0,0,0,38
1,868,121.66,0.317591667175293,4.35911169915926E-06,0,0,0,0,0,38
1,869,121.8,0.317436516284943,4.98125882586464E-06,0,0,0,0,0,38
1,870,121.94,0.319860845804214,4.59241709904745E-06,0,0,0,0,0,38
1,871,122.08,0.321199089288712,4.59241709904745E-06,0,0,0,0,0,38
1,872,122.22,0.323060989379883,4.55353256256785E-06,0,0,0,0,0,38
1,873,122.36,0.323604047298431,4.20357491748291E-06,0,0,0,0,0,38
1,874,122.5,0.324884086847305,3.7758488815598E-06,0,0,0,0,0,38
1,875,122.64,0.327308416366577,4.39799578089151E-06,0,0,0,0,0,38
1,876,122.78,0.329461246728897,4.59241709904745E-06,0,0,0,0,0,38
1,877,122.92,0.329635798931122,4.20357491748291E-06,0,0,0,0,0,38
1,878,123.06,0.331323117017746,3.03704928228399E-06,0,0,0,0,0,38
1,879,123.2,0.332234680652618,4.35911169915926E-06,0,0,0,0,0,38
1,880,123.34,0.334309905767441,4.35911169915926E-06,0,0,0,0,0,38
1,881,123.48,0.334387481212616,4.28134353569476E-06,0,0,0,0,0,38
1,882,123.62,0.336753636598587,4.7479538807238E-06,0,0,0,0,0,38
1,883,123.76,0.33937194943428,3.65919640898937E-06,0,0,0,0,0,38
1,884,123.9,0.339759826660156,2.49267077379045E-06,0,0,0,0,0,38
1,885,124.04,0.340322285890579,4.43688031737111E-06,0,0,0,0,0,38
1,886,124.18,0.3432896733284,3.50365962731303E-06,0,0,0,0,0,38
1,887,124.32,0.343910306692123,4.20357491748291E-06,0,0,0,0,0,38
1,888,124.46,0.345151573419571,4.98125882586464E-06,0,0,0,0,0,38
1,889,124.6,0.347401350736618,4.00915405407432E-06,0,0,0,0,0,38
1,890,124.74,0.348506838083267,3.5814280181512E-06,0,0,0,0,0,38
1,891,124.88,0.348080158233643,4.78683796245605E-06,0,0,0,0,0,38
1,892,125.02,0.34941840171814,4.47576439910335E-06,0,0,0,0,0,38
1,893,125.16,0.351493626832962,4.7479538807238E-06,0,0,0,0,0,38
1,894,125.3,0.352676719427109,4.12580675401841E-06,0,0,0,0,0,38
1,895,125.44,0.354053735733032,3.7758488815598E-06,0,0,0,0,0,38
1,896,125.58,0.356749594211578,4.28134353569476E-06,0,0,0,0,0,38
1,897,125.72,0.357234477996826,4.12580675401841E-06,0,0,0,0,0,38
1,898,125.86,0.3587666451931,4.08692267228616E-06,0,0,0,0,0,38
1,899,126,0.361346155405045,3.7758488815598E-06,0,0,0,0,0,38
1,900,126.14,0.362742573022842,2.57043916462862E-06,0,0,0,0,0,38
1,901,126.28,0.363363206386566,4.6313011807797E-06,0,0,0,0,0,38
1,902,126.42,0.364623844623566,3.97026997234207E-06,0,0,0,0,0,38
1,903,126.56,0.367668837308884,4.12580675401841E-06,0,0,0,0,0,38
1,904,126.7,0.36695122718811,4.32022761742701E-06,0,0,0,0,0,38
1,905,126.84,0.36995741724968,2.84262841887539E-06,0,0,0,0,0,38
1,906,126.98,0.370403468608856,4.00915405407432E-06,0,0,0,0,0,38
1,907,127.12,0.372459322214127,4.94237474413239E-06,0,0,0,0,0,38
1,908,127.26,0.373855739831924,4.16469083575066E-06,0,0,0,0,0,38
1,909,127.4,0.3741854429245,4.12580675401841E-06,0,0,0,0,0,38
1,910,127.54,0.375698238611221,4.43688031737111E-06,0,0,0,0,0,38
1,911,127.68,0.377870440483093,3.30923876390443E-06,0,0,0,0,0,38
1,912,127.82,0.377754092216492,5.91447951592272E-06,0,0,0,0,0,38
1,913,127.96,0.380799055099487,3.07593359138991E-06,0,0,0,0,0,38
1,914,128.1,0.380760252475739,4.5146484808356E-06,0,0,0,0,0,38
1,915,128.24,0.381477862596512,5.29233238921734E-06,0,0,0,0,0,38
1,916,128.38,0.384716778993607,3.50365962731303E-06,0,0,0,0,0,38
1,917,128.52,0.386617451906204,4.08692267228616E-06,0,0,0,0,0,38
1,918,128.66,0.386927783489227,5.17567968927324E-06,0,0,0,0,0,38
1,919,128.8,0.387529015541077,4.24245899921516E-06,0,0,0,0,0,38
1,920,128.94,0.388634502887726,2.99816520055174E-06,0,0,0,0,0,38
1,921,129.08,0.391349762678146,4.47576439910335E-06,0,0,0,0,0,38
1,922,129.22,0.392106175422668,4.47576439910335E-06,0,0,0,0,0,38
1,923,129.36,0.393231064081192,4.47576439910335E-06,0,0,0,0,0,38
1,924,129.5,0.396082073450089,3.62031209988345E-06,0,0,0,0,0,38
1,925,129.64,0.396547555923462,4.7090693442442E-06,0,0,0,0,0,38
1,926,129.78,0.398428857326508,4.47576439910335E-06,0,0,0,0,0,38
1,927,129.92,0.400698035955429,3.23147037306626E-06,0,0,0,0,0,38
1,928,130.06,0.401357442140579,4.47576439910335E-06,0,0,0,0,0,38
1,929,130.2,0.401454418897629,3.73696479982755E-06,0,0,0,0,0,38
1,930,130.34,0.403335720300674,3.65919640898937E-06,0,0,0,0,0,38
1,931,130.48,0.406147956848145,4.6313011807797E-06,0,0,0,0,0,38
1,932,130.62,0.406555235385895,3.73696479982755E-06,0,0,0,0,0,38
1,933,130.76,0.407331019639969,5.64229003430228E-06,0,0,0,0,0,38
1,934,130.9,0.408863216638565,4.08692267228616E-06,0,0,0,0,0,38
1,935,131.04,0.411171168088913,3.97026997234207E-06,0,0,0,0,0,38
1,936,131.18,0.412470608949661,4.43688031737111E-06,0,0,0,0,0,38
1,937,131.32,0.413479149341583,3.85361727239797E-06,0,0,0,0,0,38
1,938,131.46,0.415341049432755,4.12580675401841E-06,0,0,0,0,0,38
1,939,131.6,0.415748327970505,3.03704928228399E-06,0,0,0,0,0,38
1,940,131.74,0.418250232934952,4.35911169915926E-06,0,0,0,0,0,38
1,941,131.88,0.420112133026123,4.7090693442442E-06,0,0,0,0,0,38
1,942,132.02,0.420325487852097,3.65919640898937E-06,0,0,0,0,0,38
1,943,132.16,0.421508550643921,5.44786917089368E-06,0,0,0,0,0,38
1,944,132.3,0.42410746216774,4.28134353569476E-06,0,0,0,0,0,38
1,945,132.44,0.425503879785538,4.47576439910335E-06,0,0,0,0,0,38
1,946,132.58,0.426648169755936,3.89250135413022E-06,0,0,0,0,0,38
1,947,132.72,0.427656680345535,4.67018526251195E-06,0,0,0,0,0,38
1,948,132.86,0.428665220737457,5.40898508916143E-06,0,0,0,0,0,38
1,949,133,0.429809510707855,5.02014290759689E-06,0,0,0,0,0,38
1,950,133.14,0.432970821857452,4.39799578089151E-06,0,0,0,0,0,38
1,951,133.28,0.434522420167923,4.04803813580656E-06,0,0,0,0,0,38
1,952,133.42,0.433727234601974,4.7090693442442E-06,0,0,0,0,0,38
1,953,133.56,0.435880035161972,4.55353256256785E-06,0,0,0,0,0,38
1,954,133.7,0.43882805109024,3.11481767312216E-06,0,0,0,0,0,38
1,955,133.84,0.439138352870941,4.8257220441883E-06,0,0,0,0,0,38
1,956,133.98,0.440108090639114,4.08692267228616E-06,0,0,0,0,0,38
1,957,134.12,0.441329956054688,4.5146484808356E-06,0,0,0,0,0,38
1,958,134.26,0.44315305352211,4.6313011807797E-06,0,0,0,0,0,38
1,959,134.4,0.44571316242218,3.19258606396033E-06,0,0,0,0,0,38
1,960,134.54,0.444452494382858,3.4647753182071E-06,0,0,0,0,0,38
1,961,134.68,0.44612044095993,-4.18741910834797E-05,0,0,0,0,0,38
1,962,134.82,0.448176294565201,-1.83492556971032E-05,0,0,0,0,0,38
1,963,134.96,0.450173944234848,1.71908941410948E-05,0,0,0,0,0,38
1,964,135.1,0.450872153043747,-1.26721633932902E-05,0,0,0,0,0,38
1,965,135.24,0.453102558851242,1.55945008373237E-06,0,0,0,0,0,38
1,966,135.38,0.45259827375412,-4.78234687761869E-05,0,0,0,0,0,38
1,967,135.52,0.454188644886017,-2.75259244517656E-05,0,0,0,0,0,38
1,968,135.66,0.457427561283112,2.05349351745099E-05,0,0,0,0,0,38
1,969,135.8,0.462140500545502,8.66769405547529E-05,0,0,0,0,0,38
1,970,135.94,0.459735542535782,7.78092089603888E-06,0,0,0,0,0,38
1,971,136.08,0.458688229322433,-0.000103427861176897,0,0,0,0,0,38
1,972,136.22,0.464778155088425,4.73650252388325E-05,0,0,0,0,0,38
1,973,136.36,0.465010911226273,3.31334122165572E-05,0,0,0,0,0,38
1,974,136.5,0.46665945649147,3.58553043042775E-05,0,0,0,0,0,38
1,975,136.64,0.466853410005569,6.38108940620441E-06,0,0,0,0,0,38
1,976,136.78,0.46906441450119,2.60953729593894E-05,0,0,0,0,0,38
1,977,136.92,0.465844869613647,-0.000125708495033905,0,0,0,0,0,38
1,978,137.06,0.472245126962662,4.98924964631442E-05,0,0,0,0,0,38
1,979,137.2,0.470674157142639,-5.15563515364192E-05,0,0,0,0,0,38
1,980,137.34,0.474068224430084,7.43096279620659E-06,0,0,0,0,0,38
1,981,137.48,0.474456131458282,-1.42275312100537E-05,0,0,0,0,0,38
1,982,137.62,0.478024750947952,5.69694202567916E-05,0,0,0,0,0,38
1,983,137.76,0.479828476905823,7.87056851550005E-05,0,0,0,0,0,38
1,984,137.9,0.480332732200623,3.09947827190626E-05,0,0,0,0,0,38
1,985,138.04,0.481496423482895,-6.45069303573109E-06,0,0,0,0,0,38
1,986,138.18,0.481961876153946,-9.71696499618702E-06,0,0,0,0,0,38
1,987,138.32,0.483203142881393,-4.27317809226224E-06,0,0,0,0,0,38
1,988,138.46,0.486636012792587,4.94258856633678E-05,0,0,0,0,0,38
1,989,138.6,0.488032430410385,5.96135432715528E-05,0,0,0,0,0,38
1,990,138.74,0.490049481391907,7.72669664002024E-05,0,0,0,0,0,38
1,991,138.88,0.490340411663055,3.64385668945033E-05,0,0,0,0,0,38
1,992,139.02,0.491756230592728,5.44808317499701E-05,0,0,0,0,0,38
1,993,139.16,0.491872578859329,-3.57326280209236E-06,0,0,0,0,0,38
1,994,139.3,0.491038620471954,-6.79265940561891E-05,0,0,0,0,0,38
1,995,139.44,0.497710406780243,7.76946908445098E-05,0,0,0,0,0,38
1,996,139.58,0.496023058891296,-1.38386885737418E-05,0,0,0,0,0,38
1,997,139.72,0.495538175106049,-5.41615918336902E-05,0,0,0,0,0,38
1,998,139.86,0.499436527490616,1.4313463907456E-05,0,0,0,0,0,38
1,999,140,0.499746829271317,-8.12485438927979E-07,0,0,0,0,0,38
1,1000,140.14,0.498447388410568,-1.54718254634645E-05,0,0,0,0,0,38
1,1001,140.28,0.50011533498764,8.77268103067763E-05,0,0,0,0,0,38
1,1002,140.42,0.495635151863098,-7.22837648936547E-06,0,0,0,0,0,38
1,1003,140.56,0.496372163295746,5.96524296270218E-05,0,0,0,0,0,38
1,1004,140.7,0.493249624967575,-6.87841884428053E-06,0,0,0,0,0,38
1,1005,140.84,0.492473810911179,2.86228460026905E-05,0,0,0,0,0,38
1,1006,140.98,0.492202281951904,5.96135432715528E-05,0,0,0,0,0,38
1,1007,141.12,0.48861426115036,-1.86603283509612E-05,0,0,0,0,0,38
1,1008,141.26,0.488284558057785,1.78908103407593E-05,0,0,0,0,0,38
1,1009,141.4,0.485995978116989,-6.95832852670719E-07,0,0,0,0,0,38
1,1010,141.54,0.484172880649567,-1.61328553076601E-05,0,0,0,0,0,38
1,1011,141.68,0.482291609048843,-3.11032672470901E-05,0,0,0,0,0,38
1,1012,141.82,0.482931613922119,1.7268663214054E-05,0,0,0,0,0,38
1,1013,141.96,0.480546087026596,-1.53162873175461E-05,0,0,0,0,0,38
1,1014,142.1,0.476919263601303,-7.99029294284992E-05,0,0,0,0,0,38
1,1015,142.24,0.477520495653152,-1.26332788568106E-05,0,0,0,0,0,38
1,1016,142.38,0.476337432861328,1.44301166074001E-05,0,0,0,0,0,38
1,1017,142.52,0.476162880659103,3.73717884940561E-05,0,0,0,0,0,38
1,1018,142.66,0.472943335771561,-1.02224594229483E-05,0,0,0,0,0,38
1,1019,142.8,0.473020911216736,2.29068700718926E-05,0,0,0,0,0,38
1,1020,142.94,0.476686537265778,0.000147102968185209,0,0,0,0,0,38
1,1021,143.08,0.470499604940414,2.21680711547378E-05,0,0,0,0,0,38
1,1022,143.22,0.468249827623367,1.25247916002991E-05,0,0,0,0,0,38
1,1023,143.36,0.466135799884796,-6.72288206260419E-06,0,0,0,0,0,38
1,1024,143.5,0.463284760713577,-5.31894875166472E-05,0,0,0,0,0,38
1,1025,143.64,0.465127259492874,2.27902182814432E-05,0,0,0,0,0,38
1,1026,143.78,0.461868971586227,-8.31713441584725E-06,0,0,0,0,0,38
1,1027,143.92,0.458261549472809,-8.60466316225939E-05,0,0,0,0,0,38
1,1028,144.06,0.461481064558029,5.97690814174712E-05,0,0,0,0,0,38
1,1029,144.2,0.457156032323837,-3.09866154566407E-05,0,0,0,0,0,38
1,1030,144.34,0.457039684057236,7.78092089603888E-06,0,0,0,0,0,38
1,1031,144.48,0.456438452005386,3.1461393518839E-05,0,0,0,0,0,38
1,1032,144.62,0.452152222394943,-6.13162847002968E-05,0,0,0,0,0,38
1,1033,144.76,0.451706141233444,-2.08378423849354E-05,0,0,0,0,0,38
1,1034,144.9,0.452287971973419,4.07935986004304E-05,0,0,0,0,0,38
1,1035,145.04,0.450348496437073,9.68624590313993E-06,0,0,0,0,0,38
1,1036,145.18,0.450348496437073,6.44351821392775E-05,0,0,0,0,0,38
1,1037,145.32,0.446838051080704,-9.36700689635472E-06,0,0,0,0,0,38
1,1038,145.46,0.446411371231079,2.15070394915529E-05,0,0,0,0,0,38
1,1039,145.6,0.44571316242218,4.8570436774753E-05,0,0,0,0,0,38
1,1040,145.74,0.442280292510986,-1.49274465002236E-05,0,0,0,0,0,38
1,1041,145.88,0.44239667057991,3.97048388549592E-05,0,0,0,0,0,38
1,1042,146.02,0.439060777425766,-8.58932344272034E-06,0,0,0,0,0,38
1,1043,146.16,0.437800109386444,-3.68192449968774E-05,0,0,0,0,0,38
1,1044,146.3,0.43576368689537,-6.12385192653164E-05,0,0,0,0,0,38
1,1045,146.44,0.435666710138321,-7.46168188925367E-06,0,0,0,0,0,38
1,1046,146.58,0.43405693769455,-2.67093564616516E-05,0,0,0,0,0,38
1,1047,146.72,0.4337078332901,1.74630840774626E-05,0,0,0,0,0,38
1,1048,146.86,0.433222979307175,4.01714496547356E-05,0,0,0,0,0,38
1,1049,147,0.430449515581131,2.04571661015507E-05,0,0,0,0,0,38
1,1050,147.14,0.427094221115112,-4.69680198875722E-05,0,0,0,0,0,38
1,1051,147.28,0.428936719894409,4.96591928822454E-05,0,0,0,0,0,38
1,1052,147.42,0.424941420555115,-3.31252485921141E-05,0,0,0,0,0,38
1,1053,147.56,0.424728065729141,1.31080541905249E-05,0,0,0,0,0,38
1,1054,147.7,0.424805670976639,3.77995129383635E-05,0,0,0,0,0,38
1,1055,147.84,0.420228511095047,-6.13162847002968E-05,0,0,0,0,0,38
1,1056,147.98,0.420810341835022,6.96435245117755E-06,0,0,0,0,0,38
1,1057,148.12,0.418967843055725,-5.43970418220852E-06,0,0,0,0,0,38
1,1058,148.26,0.417745977640152,-6.91730338076013E-06,0,0,0,0,0,38
1,1059,148.4,0.415651351213455,-3.21142579196021E-05,0,0,0,0,0,38
1,1060,148.54,0.414720416069031,8.98418932138156E-07,0,0,0,0,0,38
1,1061,148.68,0.413886427879334,1.2872608294856E-06,0,0,0,0,0,38
1,1062,148.82,0.414041578769684,4.68595317215659E-05,0,0,0,0,0,38
1,1063,148.96,0.412140905857086,7.33007764210925E-05,0,0,0,0,0,38
1,1064,149.1,0.409173518419266,1.79275525624689E-06,0,0,0,0,0,38
1,1065,149.24,0.408882588148117,3.22779596899636E-05,0,0,0,0,0,38
1,1066,149.38,0.405663073062897,-1.56273617903935E-05,0,0,0,0,0,38
1,1067,149.52,0.405430346727371,1.6607631550869E-05,0,0,0,0,0,38
1,1068,149.66,0.405527323484421,6.82069512549788E-05,0,0,0,0,0,38
1,1069,149.8,0.40397572517395,2.2401376554626E-05,0,0,0,0,0,38
1,1070,149.94,0.401628971099854,3.26279186992906E-05,0,0,0,0,0,38
1,1071,150.08,0.398331880569458,-4.17964220105205E-05,0,0,0,0,0,38
1,1072,150.22,0.398176699876785,7.97534175944747E-06,0,0,0,0,0,38
1,1073,150.36,0.394995987415314,-5.86721580475569E-05,0,0,0,0,0,38
1,1074,150.5,0.395054161548615,-2.21210211748257E-05,0,0,0,0,0,38
1,1075,150.64,0.395112335681915,3.25501496263314E-05,0,0,0,0,0,38
1,1076,150.78,0.392028599977493,-1.09612592495978E-05,0,0,0,0,0,38
1,1077,150.92,0.391291588544846,2.11959650187055E-05,0,0,0,0,0,38
1,1078,151.06,0.389487892389297,-9.75584862317191E-06,0,0,0,0,0,38
1,1079,151.2,0.388944834470749,5.95336359765497E-06,0,0,0,0,0,38
1,1080,151.34,0.386151999235153,-3.28919413732365E-05,0,0,0,0,0,38
1,1081,151.48,0.38527923822403,-1.41108785101096E-05,0,0,0,0,0,38
1,1082,151.62,0.385298609733582,5.33143065695185E-05,0,0,0,0,0,38
1,1083,151.76,0.383456110954285,3.58553043042775E-05,0,0,0,0,0,38
1,1084,151.9,0.382660955190659,2.74952053587185E-05,0,0,0,0,0,38
1,1085,152.04,0.380100846290588,5.02014290759689E-06,0,0,0,0,0,38
1,1086,152.18,0.376474022865295,-7.22816257621162E-05,0,0,0,0,0,38
1,1087,152.32,0.378258347511292,4.54596993222367E-05,0,0,0,0,0,38
1,1088,152.46,0.374689728021622,-2.61260920524364E-05,0,0,0,0,0,38
1,1089,152.6,0.375601261854172,4.46820158686023E-05,0,0,0,0,0,38
1,1090,152.74,0.373409658670425,6.38108940620441E-06,0,0,0,0,0,38
1,1091,152.88,0.370170742273331,-3.92689471482299E-05,0,0,0,0,0,38
1,1092,153.02,0.371256858110428,3.29389913531486E-05,0,0,0,0,0,38
1,1093,153.16,0.367630034685135,-3.75580457330216E-05,0,0,0,0,0,38
1,1094,153.3,0.369705259799957,7.70336628193036E-05,0,0,0,0,0,38
1,1095,153.44,0.365884512662888,-7.61721867093001E-06,0,0,0,0,0,38
1,1096,153.58,0.364934176206589,-2.29222578695953E-07,0,0,0,0,0,38
1,1097,153.72,0.364255368709564,2.22847229451872E-05,0,0,0,0,0,38
1,1098,153.86,0.360589742660522,-3.82190773962066E-05,0,0,0,0,0,38
1,1099,154,0.361772835254669,5.26532749063335E-05,0,0,0,0,0,38
1,1100,154.14,0.359949737787247,3.89660417567939E-05,0,0,0,0,0,38
1,1101,154.28,0.358184814453125,3.92382280551828E-05,0,0,0,0,0,38
1,1102,154.42,0.356090188026428,-2.7955791210843E-06,0,0,0,0,0,38
1,1103,154.56,0.354461014270782,-3.76768389287463E-06,0,0,0,0,0,38
1,1104,154.7,0.354402840137482,3.1111434509512E-05,0,0,0,0,0,38
1,1105,154.84,0.350931197404861,-3.36307421093807E-05,0,0,0,0,0,38
1,1106,154.98,0.350717842578888,7.4288215046181E-07,0,0,0,0,0,38
1,1107,155.12,0.348041385412216,-2.58150193985784E-05,0,0,0,0,0,38
1,1108,155.26,0.349011123180389,3.85772000299767E-05,0,0,0,0,0,38
1,1109,155.4,0.338460385799408,-0.000265963783022016,0,0,0,0,0,38
1,1110,155.54,0.345830380916595,4.87259712826926E-05,0,0,0,0,0,38
1,1111,155.68,0.345112770795822,4.47986676590517E-05,0,0,0,0,0,38
1,1112,155.82,0.342959970235825,1.78908103407593E-05,0,0,0,0,0,38
1,1113,155.96,0.340302884578705,-5.63412504561711E-06,0,0,0,0,0,38
1,1114,156.1,0.339236170053482,1.83163945166598E-06,0,0,0,0,0,38
1,1115,156.24,0.338537961244583,1.24859070638195E-05,0,0,0,0,0,38
1,1116,156.38,0.336268782615662,6.6921629695571E-06,0,0,0,0,0,38
1,1117,156.52,0.332118302583694,-9.70119726844132E-05,0,0,0,0,0,38
1,1118,156.66,0.333669900894165,-1.82347434929397E-06,0,0,0,0,0,38
1,1119,156.8,0.333320796489716,3.51165072061121E-05,0,0,0,0,0,38
1,1120,156.94,0.331420093774796,2.90894568024669E-05,0,0,0,0,0,38
1,1121,157.08,0.329810351133347,6.26443716100766E-06,0,0,0,0,0,38
1,1122,157.22,0.330004274845123,4.44098259322345E-05,0,0,0,0,0,38
1,1123,157.36,0.328200578689575,5.16422878718004E-05,0,0,0,0,0,38
1,1124,157.5,0.326086550951004,3.46110100508668E-05,0,0,0,0,0,38
1,1125,157.64,0.323836773633957,-2.68106759904185E-07,0,0,0,0,0,38
1,1126,157.78,0.320772409439087,-4.55293047707528E-05,0,0,0,0,0,38
1,1127,157.92,0.322285205125809,4.49153230874799E-05,0,0,0,0,0,38
1,1128,158.06,0.321625769138336,5.82525972276926E-05,0,0,0,0,0,38
1,1129,158.2,0.317688643932343,-2.01379280042602E-05,0,0,0,0,0,38
1,1130,158.34,0.318542003631592,4.77538669656497E-05,0,0,0,0,0,38
1,1131,158.48,0.313402414321899,-5.48615098523442E-05,0,0,0,0,0,38
1,1132,158.62,0.31576856970787,5.89136288908776E-05,0,0,0,0,0,38
1,1133,158.76,0.311598718166351,-5.61446868232451E-05,0,0,0,0,0,38
1,1134,158.9,0.310861706733704,-1.54329409269849E-05,0,0,0,0,0,38
1,1135,159.04,0.310512602329254,2.32957117987098E-05,0,0,0,0,0,38
1,1136,159.18,0.308805853128433,3.69808049072162E-06,0,0,0,0,0,38
1,1137,159.32,0.308088272809982,3.18113488901872E-05,0,0,0,0,0,38
1,1138,159.46,0.303414136171341,-7.57423185859807E-05,0,0,0,0,0,38
1,1139,159.6,0.306148797273636,6.60683217574842E-05,0,0,0,0,0,38
1,1140,159.74,0.301920741796494,-2.04490006581182E-05,0,0,0,0,0,38
1,1141,159.88,0.301513463258743,-1.57440135808429E-05,0,0,0,0,0,38
1,1142,160.02,0.301067382097244,3.67107568308711E-05,0,0,0,0,0,38
1,1143,160.16,0.298817574977875,1.29136333271163E-05,0,0,0,0,0,38
1,1144,160.3,0.297266006469727,-7.92829177953536E-06,0,0,0,0,0,38
1,1145,160.44,0.294841676950455,-3.28530586557463E-05,0,0,0,0,0,38
1,1146,160.58,0.294065892696381,-2.64004233940796E-06,0,0,0,0,0,38
1,1147,160.72,0.294376194477081,4.97758446726948E-05,0,0,0,0,0,38
1,1148,160.86,0.290186941623688,-5.19063105457462E-05,0,0,0,0,0,38
1,1149,161,0.290885150432587,2.2051417545299E-05,0,0,0,0,0,38
1,1150,161.14,0.288189291954041,-3.06366600852925E-05,0,0,0,0,0,38
1,1151,161.28,0.286114037036896,-4.70846716780216E-05,0,0,0,0,0,38
1,1152,161.42,0.288208663463593,6.00023886363488E-05,0,0,0,0,0,38
1,1153,161.56,0.284620642662048,-6.18064461832546E-07,0,0,0,0,0,38
1,1154,161.7,0.283263027667999,-1.24021153169451E-06,0,0,0,0,0,38
1,1155,161.84,0.282758772373199,2.06904715014389E-05,0,0,0,0,0,38
1,1156,161.98,0.27975258231163,-2.31708945648279E-05,0,0,0,0,0,38
1,1157,162.12,0.277405828237534,-3.54582989530172E-05,0,0,0,0,0,38
1,1158,162.26,0.279927134513855,2.06904715014389E-05,0,0,0,0,0,38
1,1159,162.4,0.277657955884933,4.26600381615572E-05,0,0,0,0,0,38
1,1160,162.54,0.273294150829315,-3.66248241334688E-05,0,0,0,0,0,38
1,1161,162.68,0.273643255233765,2.29824968300818E-06,0,0,0,0,0,38
1,1162,162.82,0.27141284942627,-2.07600751309656E-05,0,0,0,0,0,38
1,1163,162.96,0.271393448114395,2.597872116894E-05,0,0,0,0,0,38
1,1164,163.1,0.268523037433624,-4.2962947190972E-05,0,0,0,0,0,38
1,1165,163.24,0.269531577825546,4.89592785015702E-05,0,0,0,0,0,38
1,1166,163.38,0.266486585140228,-1.2790957271136E-06,0,0,0,0,0,38
1,1167,163.52,0.265322923660278,1.29525178635959E-05,0,0,0,0,0,38
1,1168,163.66,0.263790726661682,-3.53437872036011E-06,0,0,0,0,0,38
1,1169,163.8,0.261346995830536,-2.6009440261987E-05,0,0,0,0,0,38
1,1170,163.94,0.261521548032761,1.99516725842841E-05,0,0,0,0,0,38
1,1171,164.08,0.259601473808289,5.48675325262593E-06,0,0,0,0,0,38
1,1172,164.22,0.257836550474167,3.92924448533449E-07,0,0,0,0,0,38
1,1173,164.36,0.258418381214142,5.89913979638368E-05,0,0,0,0,0,38
1,1174,164.5,0.254907935857773,-1.7765991287888E-05,0,0,0,0,0,38
1,1175,164.64,0.254248529672623,8.40306711324956E-06,0,0,0,0,0,38
1,1176,164.78,0.252619385719299,2.57043916462862E-06,0,0,0,0,0,38
1,1177,164.92,0.24825556576252,-8.23915179353207E-05,0,0,0,0,0,38
1,1178,165.06,0.24976834654808,3.34812284563668E-06,0,0,0,0,0,38
1,1179,165.2,0.248042225837708,1.59619318651494E-07,0,0,0,0,0,38
1,1180,165.34,0.245423927903175,-5.1517468818929E-05,0,0,0,0,0,38
1,1181,165.48,0.245288163423538,-1.407199397363E-05,0,0,0,0,0,38
1,1182,165.62,0.243911147117615,-6.33404033578699E-06,0,0,0,0,0,38
1,1183,165.76,0.242689281702042,8.79190974956146E-06,0,0,0,0,0,38
1,1184,165.9,0.239624917507172,-4.07854313380085E-05,0,0,0,0,0,38
1,1185,166.04,0.240555852651596,1.03083930298453E-05,0,0,0,0,0,38
1,1186,166.18,0.2380151450634,-2.46873769356171E-05,0,0,0,0,0,38
1,1187,166.32,0.235881730914116,-2.55817139986902E-05,0,0,0,0,0,38
1,1188,166.46,0.236056283116341,1.47411901707528E-05,0,0,0,0,0,38
1,1189,166.6,0.233457386493683,-2.04490006581182E-05,0,0,0,0,0,38
1,1190,166.74,0.233496189117432,2.45378646468453E-06,0,0,0,0,0,38
1,1191,166.88,0.231808841228485,2.37601807384635E-06,0,0,0,0,0,38
1,1192,167.02,0.229481473565102,-2.25487474381225E-05,0,0,0,0,0,38
1,1193,167.16,0.230315446853638,3.88105036108755E-05,0,0,0,0,0,38
1,1194,167.3,0.225912854075432,-4.30018299084622E-05,0,0,0,0,0,38
1,1195,167.44,0.225718900561333,-6.06185085416655E-06,0,0,0,0,0,38
1,1196,167.58,0.225369796156883,2.19347657548497E-05,0,0,0,0,0,38
1,1197,167.72,0.223527297377586,8.18509420241753E-08,0,0,0,0,0,38
1,1198,167.86,0.221258118748665,-1.71827286976622E-05,0,0,0,0,0,38
1,1199,168,0.219687148928642,-1.71438441611826E-05,0,0,0,0,0,38
1,1200,168.14,0.216855511069298,-8.81074884091504E-05,0,0,0,0,0,38
1,1201,168.28,0.217611908912659,1.80074621312087E-05,0,0,0,0,0,38
1,1202,168.42,0.216331854462624,-1.14278691398795E-05,0,0,0,0,0,38
1,1203,168.56,0.212084412574768,-7.71032646298409E-05,0,0,0,0,0,38
1,1204,168.7,0.212588682770729,-1.81937175511848E-05,0,0,0,0,0,38
1,1205,168.84,0.214314803481102,8.06498937890865E-05,0,0,0,0,0,38
1,1206,168.98,0.209272176027298,-4.19908428739291E-05,0,0,0,0,0,38
1,1207,169.12,0.208670943975449,-1.29054678836837E-05,0,0,0,0,0,38
1,1208,169.26,0.208961874246597,3.406663381611E-05,0,0,0,0,0,38
1,1209,169.4,0.205975085496902,-4.77867251902353E-06,0,0,0,0,0,38
1,1210,169.54,0.20591689646244,3.56997697963379E-05,0,0,0,0,0,38
1,1211,169.68,0.203880459070206,5.48461230209796E-07,0,0,0,0,0,38
1,1212,169.82,0.202910721302032,1.78908103407593E-05,0,0,0,0,0,38
1,1213,169.96,0.201960369944572,4.78316360386088E-05,0,0,0,0,0,38
1,1214,170.1,0.197383224964142,-7.44202552596107E-05,0,0,0,0,0,38
1,1215,170.24,0.199012383818626,1.24470234368346E-05,0,0,0,0,0,38
1,1216,170.38,0.199342086911201,7.03455807524733E-05,0,0,0,0,0,38
1,1217,170.52,0.194124907255173,-3.87634536309633E-05,0,0,0,0,0,38
1,1218,170.66,0.193969756364822,6.26443716100766E-06,0,0,0,0,0,38
1,1219,170.8,0.19109933078289,-3.40973529091571E-05,0,0,0,0,0,38
1,1220,170.94,0.19104115664959,-4.54536757388269E-06,0,0,0,0,0,38
1,1221,171.08,0.190556287765503,5.39753382327035E-05,0,0,0,0,0,38
1,1222,171.22,0.18797679245472,3.85361727239797E-06,0,0,0,0,0,38
1,1223,171.36,0.187530711293221,2.07293560379185E-05,0,0,0,0,0,38
1,1224,171.5,0.186987653374672,4.04825223085936E-05,0,0,0,0,0,38
1,1225,171.64,0.18471847474575,2.07682405743981E-05,0,0,0,0,0,38
1,1226,171.78,0.181460157036781,-1.41497621370945E-05,0,0,0,0,0,38
1,1227,171.92,0.18054860830307,-9.87250132311601E-06,0,0,0,0,0,38
1,1228,172.06,0.179850399494171,7.0421210693894E-06,0,0,0,0,0,38
1,1229,172.2,0.177561819553375,-2.13433377211913E-05,0,0,0,0,0,38
1,1230,172.34,0.176747247576714,-9.09481786948163E-06,0,0,0,0,0,38
1,1231,172.48,0.170734882354736,-0.000185473501915112,0,0,0,0,0,38
1,1232,172.62,0.175079300999641,2.85839614662109E-05,0,0,0,0,0,38
1,1233,172.76,0.17416775226593,4.28155763074756E-05,0,0,0,0,0,38
1,1234,172.9,0.17170462012291,2.62897938227979E-05,0,0,0,0,0,38
1,1235,173.04,0.17050214111805,1.94461772480281E-05,0,0,0,0,0,38
1,1236,173.18,0.168523892760277,3.93138589060982E-06,0,0,0,0,0,38
1,1237,173.32,0.166565015912056,-1.83881384145934E-05,0,0,0,0,0,38
1,1238,173.46,0.16844630241394,8.14275772427209E-05,0,0,0,0,0,38
1,1239,173.6,0.165459513664246,3.64774532499723E-05,0,0,0,0,0,38
1,1240,173.74,0.163073971867561,-7.77275545260636E-06,0,0,0,0,0,38
1,1241,173.88,0.158516213297844,-9.77896561380476E-05,0,0,0,0,0,38
1,1242,174.02,0.161192685365677,3.65941050404217E-05,0,0,0,0,0,38
1,1243,174.16,0.159195020794868,2.51232686423464E-05,0,0,0,0,0,38
1,1244,174.3,0.157003417611122,-3.30863622366451E-05,0,0,0,0,0,38
1,1245,174.44,0.156848266720772,3.97437252104282E-05,0,0,0,0,0,38
1,1246,174.58,0.154404535889626,-1.64439297805075E-05,0,0,0,0,0,38
1,1247,174.72,0.154171794652939,3.20446561090648E-05,0,0,0,0,0,38
1,1248,174.86,0.153706327080727,6.61849699099548E-05,0,0,0,0,0,38
1,1249,175,0.149827376008034,-2.6826008252101E-05,0,0,0,0,0,38
1,1250,175.14,0.148101255297661,-2.10711477848236E-05,0,0,0,0,0,38
1,1251,175.28,0.146879389882088,-9.98915402306011E-06,0,0,0,0,0,38
1,1252,175.42,0.147364243865013,3.51165072061121E-05,0,0,0,0,0,38
1,1253,175.56,0.145502358675003,4.90349020765279E-06,0,0,0,0,0,38
1,1254,175.7,0.143989562988281,1.80463466676883E-05,0,0,0,0,0,38
1,1255,175.84,0.143407732248306,3.16946970997378E-05,0,0,0,0,0,38
1,1256,175.98,0.141604021191597,4.60040791949723E-05,0,0,0,0,0,38
1,1257,176.12,0.141526445746422,7.88223333074711E-05,0,0,0,0,0,38
1,1258,176.26,0.137414768338203,-3.48016300222298E-08,0,0,0,0,0,38
1,1259,176.4,0.13720141351223,5.79782681597862E-06,0,0,0,0,0,38
1,1260,176.54,0.134524941444397,-1.068906931323E-05,0,0,0,0,0,38
1,1261,176.68,0.133322477340698,-1.40331094371504E-05,0,0,0,0,0,38
1,1262,176.82,0.131286025047302,-2.55817139986902E-05,0,0,0,0,0,38
1,1263,176.96,0.129404738545418,-3.77135802409612E-05,0,0,0,0,0,38
1,1264,177.1,0.129501715302467,1.05395565697108E-06,0,0,0,0,0,38
1,1265,177.24,0.128396213054657,1.50133801071206E-05,0,0,0,0,0,38
1,1266,177.38,0.127523452043533,4.33988388977014E-05,0,0,0,0,0,38
1,1267,177.52,0.121317148208618,-0.000120186945423484,0,0,0,0,0,38
1,1268,177.66,0.123450562357903,-1.25166261568666E-05,0,0,0,0,0,38
1,1269,177.8,0.121317148208618,-2.7953648896073E-05,0,0,0,0,0,38
1,1270,177.94,0.118407942354679,-7.029853441054E-05,0,0,0,0,0,38
1,1271,178.08,0.119397073984146,-1.7765991287888E-05,0,0,0,0,0,38
1,1272,178.22,0.116584837436676,-6.74988696118817E-05,0,0,0,0,0,38
1,1273,178.36,0.116390891373158,-4.38983079220634E-06,0,0,0,0,0,38
1,1274,178.5,0.115692682564259,-4.23429401052999E-06,0,0,0,0,0,38
1,1275,178.64,0.114373840391636,-3.14553676616924E-06,0,0,0,0,0,38
1,1276,178.78,0.106266848742962,-0.000208492943784222,0,0,0,0,0,38
1,1277,178.92,0.11258952319622,5.31198857061099E-05,0,0,0,0,0,38
1,1278,179.06,0.109816081821918,8.13087808637647E-06,0,0,0,0,0,38
1,1279,179.2,0.109486371278763,2.79618143395055E-05,0,0,0,0,0,38
1,1280,179.34,0.105219535529613,-6.14718228462152E-05,0,0,0,0,0,38
1,1281,179.48,0.1059565320611,1.93684081750689E-05,0,0,0,0,0,38
1,1282,179.62,0.104909218847752,2.15848085645121E-05,0,0,0,0,0,38
1,1283,179.76,0.102872774004936,1.15526863737614E-05,0,0,0,0,0,38
1,1284,179.9,0.099924772977829,-4.11742730648257E-05,0,0,0,0,0,38
1,1285,180.04,0.0996920391917229,-1.76882240339182E-05,0,0,0,0,0,38
1,1286,180.18,0.0988580659031868,-1.70682176303671E-06,0,0,0,0,0,38
1,1287,180.32,0.0956773310899735,-3.82579601136968E-05,0,0,0,0,0,38
1,1288,180.46,0.094183936715126,-5.05453645018861E-05,0,0,0,0,0,38
1,1289,180.6,0.0959876477718353,5.03979936183896E-05,0,0,0,0,0,38
1,1290,180.74,0.0944942533969879,3.77606302208733E-05,0,0,0,0,0,38
1,1291,180.88,0.0901692360639572,-5.02342918480281E-05,0,0,0,0,0,38
1,1292,181.02,0.0908092558383942,2.99816520055174E-06,0,0,0,0,0,38
1,1293,181.16,0.0888503938913345,-1.18944790301612E-05,0,0,0,0,0,38
1,1294,181.3,0.0847775042057037,-0.000102339101431426,0,0,0,0,0,38
1,1295,181.44,0.0873763933777809,3.08781272906344E-05,0,0,0,0,0,38
1,1296,181.58,0.085689052939415,2.31012909353012E-05,0,0,0,0,0,38
1,1297,181.72,0.0843702107667923,3.51165072061121E-05,0,0,0,0,0,38
1,1298,181.86,0.0812476649880409,-1.92047064047074E-05,0,0,0,0,0,38
1,1299,182,0.0798706412315369,-4.14075802837033E-05,0,0,0,0,0,38
1,1300,182.14,0.0781833007931709,-1.83492556971032E-05,0,0,0,0,0,38
1,1301,182.28,0.0768062770366669,-2.29764737014193E-05,0,0,0,0,0,38
1,1302,182.42,0.0759916976094246,1.25636761367787E-05,0,0,0,0,0,38
1,1303,182.56,0.074905589222908,-6.37292441751924E-06,0,0,0,0,0,38
1,1304,182.7,0.0737807005643845,-1.7457059584558E-06,0,0,0,0,0,38
1,1305,182.84,0.0709684640169144,-4.25352191086859E-05,0,0,0,0,0,38
1,1306,182.98,0.0711236223578453,2.3373480871669E-05,0,0,0,0,0,38
1,1307,183.12,0.0695914402604103,8.05310992291197E-06,0,0,0,0,0,38
1,1308,183.26,0.0646651834249496,-9.33568589971401E-05,0,0,0,0,0,38
1,1309,183.4,0.0681368336081505,5.07868353452068E-05,0,0,0,0,0,38
1,1310,183.54,0.0629778429865837,-5.84388544666581E-05,0,0,0,0,0,38
1,1311,183.68,0.0641609206795692,-2.29222578695953E-07,0,0,0,0,0,38
1,1312,183.82,0.0603013709187508,-7.37203372409567E-05,0,0,0,0,0,38
1,1313,183.96,0.0595061890780926,-5.50170443602838E-05,0,0,0,0,0,38
1,1314,184.1,0.0598940812051296,3.07593359138991E-06,0,0,0,0,0,38
1,1315,184.24,0.0582261383533478,-7.65610275266226E-06,0,0,0,0,0,38
1,1316,184.38,0.0558793768286705,-4.17186529375613E-05,0,0,0,0,0,38
1,1317,184.52,0.054696299135685,-1.80381812242558E-05,0,0,0,0,0,38
1,1318,184.66,0.055530272424221,4.0988019463839E-05,0,0,0,0,0,38
1,1319,184.8,0.0506815910339355,-6.05774839641526E-05,0,0,0,0,0,38
1,1320,184.94,0.0529313795268536,3.44554755429272E-05,0,0,0,0,0,38
1,1321,185.08,0.0503130927681923,4.35911169915926E-06,0,0,0,0,0,38
1,1322,185.22,0.0488196983933449,1.87073783308733E-05,0,0,0,0,0,38
1,1323,185.36,0.0412945486605167,-0.000163426171639003,0,0,0,0,0,38
1,1324,185.5,0.0449989400804043,3.4647753182071E-06,0,0,0,0,0,38
1,1325,185.64,0.0423612594604492,-5.82833163207397E-05,0,0,0,0,0,38
1,1326,185.78,0.0422836802899837,-1.69883078342536E-05,0,0,0,0,0,38
1,1327,185.92,0.0417406298220158,1.59077153512044E-05,0,0,0,0,0,38
1,1328,186.06,0.0384823158383369,-4.37795133620966E-05,0,0,0,0,0,38
1,1329,186.2,0.037784107029438,-3.42140046996064E-05,0,0,0,0,0,38
1,1330,186.34,0.0368919484317303,-7.50056597098592E-06,0,0,0,0,0,38
1,1331,186.48,0.0360385812819004,-1.30221205836278E-05,0,0,0,0,0,38
1,1332,186.62,0.0350882411003113,1.83963038580259E-05,0,0,0,0,0,38
1,1333,186.76,0.0343706347048283,2.68341736955335E-05,0,0,0,0,0,38
1,1334,186.9,0.0304335094988346,-3.7363624869613E-05,0,0,0,0,0,38
1,1335,187.04,0.0276988539844751,-7.67921883380041E-05,0,0,0,0,0,38
1,1336,187.18,0.0289013274013996,-2.21231630348484E-06,0,0,0,0,0,38
1,1337,187.32,0.0286298003047705,4.0326987800654E-05,0,0,0,0,0,38
1,1338,187.46,0.0268260911107063,1.25247916002991E-05,0,0,0,0,0,38
1,1339,187.6,0.0234126225113869,-3.11810363200493E-05,0,0,0,0,0,38
1,1340,187.74,0.0235677789896727,2.78062780125765E-05,0,0,0,0,0,38
1,1341,187.88,0.0224040970206261,7.35319417799474E-06,0,0,0,0,0,38
1,1342,188.02,0.0232768598943949,0.000103047183074523,0,0,0,0,0,38
1,1343,188.16,0.0171675235033035,-6.27161134616472E-05,0,0,0,0,0,38
1,1344,188.3,0.0181954428553581,5.83671089771087E-06,0,0,0,0,0,38
1,1345,188.44,0.0162171833217144,-6.2173876358429E-06,0,0,0,0,0,38
1,1346,188.58,0.015712920576334,2.89339186565485E-05,0,0,0,0,0,38
1,1347,188.72,0.0148595524951816,3.48831999872345E-05,0,0,0,0,0,38
1,1348,188.86,0.0120085291564465,1.52056600200012E-06,0,0,0,0,0,38
1,1349,189,0.00867263786494732,-7.17761286068708E-05,0,0,0,0,0,38
1,1350,189.14,0.00968116335570812,1.56744117703056E-05,0,0,0,0,0,38
1,1351,189.28,0.00770290242508054,-7.57833458919777E-06,0,0,0,0,0,38
1,1352,189.42,0.00667498214170337,-9.56142775976332E-06,0,0,0,0,0,38
1,1353,189.56,0.00570524670183659,8.24753078632057E-06,0,0,0,0,0,38
1,1354,189.7,0.00233056605793536,-4.17964220105205E-05,0,0,0,0,0,38
1,1355,189.84,0.00248572370037436,-5.32305148226442E-06,0,0,0,0,0,38
1,1356,189.98,0.00215601362287998,3.70218294847291E-05,0,0,0,0,0,38
1,1357,190.12,-0.00116048287600279,-1.43052993735182E-05,0,0,0,0,0,38
1,1358,190.26,-0.00133503531105816,2.33345963351894E-05,0,0,0,0,0,38
1,1359,190.4,-0.00389513769187033,-1.33331941469805E-05,0,0,0,0,0,38
1,1360,190.54,-0.00494245253503323,-9.71696499618702E-06,0,0,0,0,0,38
1,1361,190.68,-0.00482608424499631,4.14546302636154E-05,0,0,0,0,0,38
1,1362,190.82,-0.00630008243024349,3.05281719192863E-05,0,0,0,0,0,38
1,1363,190.96,-0.0095971841365099,-4.51404630439356E-05,0,0,0,0,0,38
1,1364,191.1,-0.00909292139112949,3.36000230163336E-05,0,0,0,0,0,38
1,1365,191.24,-0.0113814976066351,3.93138589060982E-06,0,0,0,0,0,38
1,1366,191.38,-0.0126033648848534,1.60243689606432E-05,0,0,0,0,0,38
1,1367,191.52,-0.0136700747534633,2.88172668660991E-05,0,0,0,0,0,38
1,1368,191.66,-0.015861677005887,-3.14553676616924E-06,0,0,0,0,0,38
1,1369,191.8,-0.0174520444124937,-2.68106759904185E-07,0,0,0,0,0,38
1,1370,191.94,-0.0148531524464488,0.000116967727080919,0,0,0,0,0,38
1,1371,192.08,-0.0195854622870684,1.19415290100733E-05,0,0,0,0,0,38
1,1372,192.22,-0.0221649594604969,-2.43374197452795E-05,0,0,0,0,0,38
1,1373,192.36,-0.0225140657275915,1.42745802804711E-05,0,0,0,0,0,38
1,1374,192.5,-0.0244535356760025,-8.04494447947945E-06,0,0,0,0,0,38
1,1375,192.64,-0.0279833748936653,-6.20162027189508E-05,0,0,0,0,0,38
1,1376,192.78,-0.0274597182869911,-2.01379280042602E-05,0,0,0,0,0,38
1,1377,192.92,-0.0287785585969687,-7.22837648936547E-06,0,0,0,0,0,38
1,1378,193.06,-0.0289919003844261,2.47733114520088E-05,0,0,0,0,0,38
1,1379,193.2,-0.031241687014699,-6.45069303573109E-06,0,0,0,0,0,38
1,1380,193.34,-0.0316877663135529,3.04504028463271E-05,0,0,0,0,0,38
1,1381,193.48,-0.0345581844449043,-9.01704970601713E-06,0,0,0,0,0,38
1,1382,193.62,-0.0351400263607502,4.78683796245605E-06,0,0,0,0,0,38
1,1383,193.76,-0.0372928380966187,-1.71438441611826E-05,0,0,0,0,0,38
1,1384,193.9,-0.0374092049896717,3.22001906170044E-05,0,0,0,0,0,38
1,1385,194.04,-0.0398917309939861,-2.81091870419914E-05,0,0,0,0,0,38
1,1386,194.18,-0.0408226773142815,-2.32896877605526E-06,0,0,0,0,0,38
1,1387,194.32,-0.0433245934545994,-2.94701330858516E-05,0,0,0,0,0,38
1,1388,194.46,-0.0449731461703777,-1.9399127268116E-05,0,0,0,0,0,38
1,1389,194.6,-0.0454386174678802,-3.65103119293053E-06,0,0,0,0,0,38
1,1390,194.74,-0.0462531968951225,7.4288215046181E-07,0,0,0,0,0,38
1,1391,194.88,-0.0504036657512188,-7.49257524148561E-05,0,0,0,0,0,38
1,1392,195.02,-0.0494533255696297,-5.51747234567301E-06,0,0,0,0,0,38
1,1393,195.16,-0.0523819290101528,-5.03898263559677E-05,0,0,0,0,0,38
1,1394,195.3,-0.0530995316803455,-3.81024219677784E-05,0,0,0,0,0,38
1,1395,195.44,-0.0540110841393471,-1.83103711606236E-05,0,0,0,0,0,38
1,1396,195.58,-0.0562026873230934,-3.53027608070988E-05,0,0,0,0,0,38
1,1397,195.72,-0.055969949811697,5.83671089771087E-06,0,0,0,0,0,38
1,1398,195.86,-0.0579288154840469,-7.03395562595688E-06,0,0,0,0,0,38
1,1399,196,-0.0605471022427082,-3.46806154993828E-05,0,0,0,0,0,38
1,1400,196.14,-0.0619435235857964,-4.13686939282343E-05,0,0,0,0,0,38
1,1401,196.28,-0.0607604458928108,3.45721273333766E-05,0,0,0,0,0,38
1,1402,196.42,-0.0626999139785767,4.00915405407432E-06,0,0,0,0,0,38
1,1403,196.56,-0.0649109110236168,-8.00606085249456E-06,0,0,0,0,0,38
1,1404,196.7,-0.0673934370279312,-2.59705557255074E-05,0,0,0,0,0,38
1,1405,196.84,-0.0672576725482941,9.56959320319584E-06,0,0,0,0,0,38
1,1406,196.98,-0.070535384118557,-5.66112976230215E-05,0,0,0,0,0,38
1,1407,197.12,-0.0713499560952187,-1.98657380678924E-05,0,0,0,0,0,38
1,1408,197.26,-0.0725718289613724,-2.70981981884688E-05,0,0,0,0,0,38
1,1409,197.4,-0.072998508810997,-1.04579055459908E-06,0,0,0,0,0,38
1,1410,197.54,-0.0747828260064125,-2.52317568083527E-05,0,0,0,0,0,38
1,1411,197.68,-0.0761986374855042,-2.27431683015311E-05,0,0,0,0,0,38
1,1412,197.82,-0.0777502134442329,-1.43441830005031E-05,0,0,0,0,0,38
1,1413,197.96,-0.0780605301260948,1.71908941410948E-05,0,0,0,0,0,38
1,1414,198.1,-0.0802715271711349,-1.64439297805075E-05,0,0,0,0,0,38
1,1415,198.24,-0.0820558443665504,-2.24320938286837E-05,0,0,0,0,0,38
1,1416,198.38,-0.0832195281982422,-1.46941411003354E-05,0,0,0,0,0,38
1,1417,198.52,-0.0837237909436226,2.10015441552969E-05,0,0,0,0,0,38
1,1418,198.66,-0.0867881551384926,-4.5568187488243E-05,0,0,0,0,0,38
1,1419,198.8,-0.0894064381718636,-7.20094394637272E-05,0,0,0,0,0,38
1,1420,198.94,-0.0896197780966759,-2.84202596958494E-05,0,0,0,0,0,38
1,1421,199.08,-0.0819976553320885,0.00021464480960276,0,0,0,0,0,38
1,1422,199.22,-0.090298593044281,1.19804126370582E-05,0,0,0,0,0,38
1,1423,199.36,-0.0948369577527046,-6.40770595055074E-05,0,0,0,0,0,38
1,1424,199.5,-0.0949145406484604,-4.62681018689182E-05,0,0,0,0,0,38
1,1425,199.64,-0.0946817994117737,5.99224767938722E-06,0,0,0,0,0,38
1,1426,199.78,-0.0977461710572243,-4.05132414016407E-05,0,0,0,0,0,38
1,1427,199.92,-0.0985025614500046,-1.62106243806193E-05,0,0,0,0,0,38
1,1428,200.06,-0.100674770772457,-3.89578744943719E-05,0,0,0,0,0,38
1,1429,200.2,-0.10224574059248,-3.4758384572342E-05,0,0,0,0,0,38
1,1430,200.34,-0.103312447667122,-2.73315017693676E-05,0,0,0,0,0,38
1,1431,200.48,-0.105542846024036,-6.69933724566363E-05,0,0,0,0,0,38
1,1432,200.62,-0.10717199742794,-6.36493350612E-05,0,0,0,0,0,38
1,1433,200.76,-0.107637472450733,-2.85369133052882E-05,0,0,0,0,0,38
1,1434,200.9,-0.109596341848373,-4.71235543955117E-05,0,0,0,0,0,38
1,1435,201.04,-0.110139392316341,-3.17254161927849E-05,0,0,0,0,0,38
1,1436,201.18,-0.110449708998203,2.18159721043776E-06,0,0,0,0,0,38
1,1437,201.32,-0.113514073193073,-4.07854313380085E-05,0,0,0,0,0,38
1,1438,201.46,-0.113455884158611,-8.47267074277624E-06,0,0,0,0,0,38
1,1439,201.6,-0.115744464099407,-2.31708945648279E-05,0,0,0,0,0,38
1,1440,201.74,-0.117160275578499,-2.12655686482321E-05,0,0,0,0,0,38
1,1441,201.88,-0.119410067796707,-5.64168767596129E-05,0,0,0,0,0,38
1,1442,202.02,-0.119313091039658,2.57043916462862E-06,0,0,0,0,0,38
1,1443,202.16,-0.117179669439793,0.000108102132799104,0,0,0,0,0,38
1,1444,202.3,-0.122455038130283,-1.68327715073247E-05,0,0,0,0,0,38
1,1445,202.44,-0.124588452279568,-2.8770216886187E-05,0,0,0,0,0,38
1,1446,202.58,-0.125538796186447,-2.69037773250602E-05,0,0,0,0,0,38
1,1447,202.72,-0.126062452793121,-9.79473315965151E-06,0,0,0,0,0,38
1,1448,202.86,-0.12796314060688,-2.69426600425504E-05,0,0,0,0,0,38
1,1449,203,-0.129611685872078,-1.81548330147052E-05,0,0,0,0,0,38
1,1450,203.14,-0.130038365721703,-1.41886466735741E-05,0,0,0,0,0,38
1,1451,203.28,-0.131706312298775,-3.10665268443699E-06,0,0,0,0,0,38
1,1452,203.42,-0.134634912014008,-4.11742730648257E-05,0,0,0,0,0,38
1,1453,203.56,-0.133607000112534,1.73464304680238E-05,0,0,0,0,0,38
1,1454,203.7,-0.135158568620682,1.92128718481399E-05,0,0,0,0,0,38
1,1455,203.84,-0.136283472180367,2.00294398382539E-05,0,0,0,0,0,38
1,1456,203.98,-0.137311384081841,2.13126186281443E-05,0,0,0,0,0,38
1,1457,204.12,-0.139580562710762,9.02521423995495E-06,0,0,0,0,0,38
1,1458,204.26,-0.141267910599709,-1.01446912594838E-05,0,0,0,0,0,38
1,1459,204.4,-0.146504476666451,-0.00010848280362552,0,0,0,0,0,38
1,1460,204.54,-0.14303283393383,3.45332409779076E-05,0,0,0,0,0,38
1,1461,204.68,-0.146543279290199,-3.95411370845977E-05,0,0,0,0,0,38
1,1462,204.82,-0.149568840861321,-7.70643819123507E-05,0,0,0,0,0,38
1,1463,204.96,-0.148230612277985,-1.47351659052219E-06,0,0,0,0,0,38
1,1464,205.1,-0.149743393063545,-2.87334751192248E-06,0,0,0,0,0,38
1,1465,205.24,-0.15247805416584,-4.69680198875722E-05,0,0,0,0,0,38
1,1466,205.38,-0.153544768691063,-3.6702593206428E-05,0,0,0,0,0,38
1,1467,205.52,-0.156473368406296,-7.60145048843697E-05,0,0,0,0,0,38
1,1468,205.66,-0.155755758285522,-7.61721867093001E-06,0,0,0,0,0,38
1,1469,205.8,-0.15724915266037,-1.67938869708451E-05,0,0,0,0,0,38
1,1470,205.94,-0.158878311514854,-2.38708089455031E-05,0,0,0,0,0,38
1,1471,206.08,-0.159440755844116,-4.19540992879774E-06,0,0,0,0,0,38
1,1472,206.22,-0.161477208137512,-2.27820528380107E-05,0,0,0,0,0,38
1,1473,206.36,-0.163882151246071,-5.87499271205161E-05,0,0,0,0,0,38
1,1474,206.5,-0.164968252182007,-3.45639600709546E-05,0,0,0,0,0,38
1,1475,206.64,-0.166384071111679,-3.99688651668839E-05,0,0,0,0,0,38
1,1476,206.78,-0.173734664916992,-0.000200832757400349,0,0,0,0,0,38
1,1477,206.92,-0.169487223029137,-2.59705557255074E-05,0,0,0,0,0,38
1,1478,207.06,-0.169816926121712,-1.51996355270967E-05,0,0,0,0,0,38
1,1479,207.2,-0.17010785639286,3.13058553729206E-05,0,0,0,0,0,38
1,1480,207.34,-0.171717613935471,6.34220532447216E-06,0,0,0,0,0,38
1,1481,207.48,-0.173831641674042,-2.34041999647161E-05,0,0,0,0,0,38
1,1482,207.62,-0.176197797060013,-3.39418147632387E-05,0,0,0,0,0,38
1,1483,207.76,-0.176624476909637,-2.77592280326644E-05,0,0,0,0,0,38
1,1484,207.9,-0.178176060318947,3.03337510558777E-05,0,0,0,0,0,38
1,1485,208.04,-0.181182235479355,-5.24506904184818E-05,0,0,0,0,0,38
1,1486,208.18,-0.181783467531204,-5.5405886087101E-05,0,0,0,0,0,38
1,1487,208.32,-0.182404100894928,-1.95935481315246E-05,0,0,0,0,0,38
1,1488,208.46,-0.185856357216835,-0.00013286319153849,0,0,0,0,0,38
1,1489,208.6,-0.185856357216835,-3.44473082805052E-05,0,0,0,0,0,38
1,1490,208.74,-0.185875758528709,1.36502922032378E-06,0,0,0,0,0,38
1,1491,208.88,-0.186457604169846,1.83963038580259E-05,0,0,0,0,0,38
1,1492,209.02,-0.189715906977654,-3.20364888466429E-05,0,0,0,0,0,38
1,1493,209.16,-0.189871072769165,1.6607631550869E-05,0,0,0,0,0,38
1,1494,209.3,-0.191985085606575,-1.35686411795177E-06,0,0,0,0,0,38
1,1495,209.44,-0.193168163299561,5.13679560754099E-06,0,0,0,0,0,38
1,1496,209.58,-0.195088252425194,-1.87380974239204E-05,0,0,0,0,0,38
1,1497,209.72,-0.196601033210754,-2.34819672186859E-05,0,0,0,0,0,38
1,1498,209.86,-0.19863748550415,-4.81734277855139E-05,0,0,0,0,0,38
1,1499,210,-0.201158791780472,-8.56188999023288E-05,0,0,0,0,0,38
1,1500,210.14,-0.200829088687897,-3.61970960511826E-05,0,0,0,0,0,38
1,1501,210.28,-0.202341869473457,-2.59316711890278E-05,0,0,0,0,0,38
1,1502,210.42,-0.203020691871643,-1.08446065496537E-05,0,0,0,0,0,38
1,1503,210.56,-0.20587170124054,-6.87042775098234E-05,0,0,0,0,0,38
1,1504,210.7,-0.207946941256523,-7.01818789821118E-05,0,0,0,0,0,38
1,1505,210.84,-0.207132369279861,2.68709163719905E-06,0,0,0,0,0,38
1,1506,210.98,-0.209071829915047,-2.18488312384579E-05,0,0,0,0,0,38
1,1507,211.12,-0.209828227758408,-1.73382650245912E-05,0,0,0,0,0,38
1,1508,211.26,-0.21174830198288,-3.54971816705074E-05,0,0,0,0,0,38
1,1509,211.4,-0.21582119166851,-0.000100900389952585,0,0,0,0,0,38
1,1510,211.54,-0.215879380702972,-5.72723292862065E-05,0,0,0,0,0,38
1,1511,211.68,-0.215239360928535,-3.41772602041601E-06,0,0,0,0,0,38
1,1512,211.82,-0.216131508350372,2.87394977931399E-05,0,0,0,0,0,38
1,1513,211.96,-0.21762490272522,-5.51747234567301E-06,0,0,0,0,0,38
1,1514,212.1,-0.222066298127174,-6.87042775098234E-05,0,0,0,0,0,38
1,1515,212.24,-0.222609341144562,-5.85166235396173E-05,0,0,0,0,0,38
1,1516,212.38,-0.222880870103836,-1.57051308633527E-05,0,0,0,0,0,38
1,1517,212.52,-0.224335476756096,-1.32165414470364E-05,0,0,0,0,0,38
1,1518,212.66,-0.22776834666729,-7.99418121459894E-05,0,0,0,0,0,38
1,1519,212.8,-0.226934373378754,9.76187266132911E-07,0,0,0,0,0,38
1,1520,212.94,-0.228369578719139,-2.99756266031181E-05,0,0,0,0,0,38
1,1521,213.08,-0.230270266532898,-2.58150193985784E-05,0,0,0,0,0,38
1,1522,213.22,-0.233179464936256,-6.95208509569056E-05,0,0,0,0,0,38
1,1523,213.36,-0.233703121542931,-5.78167055209633E-05,0,0,0,0,0,38
1,1524,213.5,-0.23329584300518,-4.1176413105859E-06,0,0,0,0,0,38
1,1525,213.64,-0.233412206172943,3.55442316504195E-05,0,0,0,0,0,38
1,1526,213.78,-0.237620860338211,-5.06620162923355E-05,0,0,0,0,0,38
1,1527,213.92,-0.238706961274147,-3.74025075871032E-05,0,0,0,0,0,38
1,1528,214.06,-0.239017277956009,-5.47858826394076E-06,0,0,0,0,0,38
1,1529,214.2,-0.241150692105293,-3.36696248268709E-05,0,0,0,0,0,38
1,1530,214.34,-0.241965278983116,-3.9621049836569E-06,0,0,0,0,0,38
1,1531,214.48,-0.24444779753685,-4.05132414016407E-05,0,0,0,0,0,38
1,1532,214.62,-0.245786026120186,-4.09798522014171E-05,0,0,0,0,0,38
1,1533,214.76,-0.248578876256943,-7.52368214307353E-05,0,0,0,0,0,38
1,1534,214.9,-0.247531563043594,-2.24320938286837E-05,0,0,0,0,0,38
1,1535,215.04,-0.247744902968407,4.17268165620044E-05,0,0,0,0,0,38
1,1536,215.18,-0.25016924738884,-1.10779110400472E-05,0,0,0,0,0,38
1,1537,215.32,-0.252205669879913,-2.6164976588916E-05,0,0,0,0,0,38
1,1538,215.46,-0.255056709051132,-6.38437559246086E-05,0,0,0,0,0,38
1,1539,215.6,-0.254319697618485,-1.35686411795177E-06,0,0,0,0,0,38
1,1540,215.74,-0.255890667438507,-8.90253772922733E-07,0,0,0,0,0,38
1,1541,215.88,-0.257170736789703,1.015071461552E-06,0,0,0,0,0,38
1,1542,216.02,-0.259401112794876,-2.21210211748257E-05,0,0,0,0,0,38
1,1543,216.16,-0.261612117290497,-4.63847536593676E-05,0,0,0,0,0,38
1,1544,216.3,-0.263260662555695,-5.55614242330194E-05,0,0,0,0,0,38
1,1545,216.44,-0.262756407260895,-1.70271923707332E-05,0,0,0,0,0,38
1,1546,216.58,-0.264909207820892,-2.36375053646043E-05,0,0,0,0,0,38
1,1547,216.72,-0.267275363206863,-6.08107911830302E-05,0,0,0,0,0,38
1,1548,216.86,-0.269525170326233,-7.92030114098452E-05,0,0,0,0,0,38
1,1549,217,-0.270785808563232,-8.42190711409785E-05,0,0,0,0,0,38
1,1550,217.14,-0.270533680915833,-2.93534812954022E-05,0,0,0,0,0,38
1,1551,217.28,-0.271425843238831,-1.9749086277443E-05,0,0,0,0,0,38
1,1552,217.42,-0.273093789815903,-2.05267697310774E-05,0,0,0,0,0,38
1,1553,217.56,-0.276778787374496,-7.9164128692355E-05,0,0,0,0,0,38
1,1554,217.7,-0.276449084281921,-2.98978593491483E-05,0,0,0,0,0,38
1,1555,217.84,-0.278136432170868,-3.33585521730129E-05,0,0,0,0,0,38
1,1556,217.98,-0.27840793132782,-4.70090435555903E-06,0,0,0,0,0,38
1,1557,218.12,-0.281239569187164,-9.38623488764279E-05,0,0,0,0,0,38
1,1558,218.26,-0.283140242099762,-7.22038603271358E-05,0,0,0,0,0,38
1,1559,218.4,-0.285254269838333,-9.71286208368838E-05,0,0,0,0,0,38
1,1560,218.54,-0.283857852220535,-1.55107081809547E-05,0,0,0,0,0,38
1,1561,218.68,-0.287504076957703,-6.2405044445768E-05,0,0,0,0,0,38
1,1562,218.82,-0.287445873022079,-2.80314179690322E-05,0,0,0,0,0,38
1,1563,218.96,-0.288958668708801,-4.92621838930063E-05,0,0,0,0,0,38
1,1564,219.1,-0.290219336748123,-3.12588053930085E-05,0,0,0,0,0,38
1,1565,219.24,-0.292003631591797,-2.76036917057354E-05,0,0,0,0,0,38
1,1566,219.38,-0.293458253145218,-4.87178076582495E-05,0,0,0,0,0,38
1,1567,219.52,-0.295998960733414,-5.19063105457462E-05,0,0,0,0,0,38
1,1568,219.66,-0.295145571231842,-3.49916881532408E-05,0,0,0,0,0,38
1,1569,219.8,-0.29834571480751,-7.71032646298409E-05,0,0,0,0,0,38
1,1570,219.94,-0.296988070011139,9.33628780330764E-06,0,0,0,0,0,38
1,1571,220.08,-0.301778584718704,-9.92672503343783E-05,0,0,0,0,0,38
1,1572,220.22,-0.301681607961655,-3.42140046996064E-05,0,0,0,0,0,38
1,1573,220.36,-0.303039222955704,-3.62359824066516E-05,0,0,0,0,0,38
1,1574,220.5,-0.30687940120697,-9.22292165341787E-05,0,0,0,0,0,38
1,1575,220.64,-0.305192053318024,-8.66709160618484E-06,0,0,0,0,0,38
1,1576,220.78,-0.305851459503174,-2.91223159365472E-06,0,0,0,0,0,38
1,1577,220.92,-0.310661345720291,-0.000107510699308477,0,0,0,0,0,38
1,1578,221.06,-0.309129178524017,-2.13822222576709E-05,0,0,0,0,0,38
1,1579,221.2,-0.310777723789215,-2.95090176223312E-05,0,0,0,0,0,38
1,1580,221.34,-0.312368094921112,-2.02934643311892E-05,0,0,0,0,0,38
1,1581,221.48,-0.313143879175186,-1.92824754776666E-05,0,0,0,0,0,38
1,1582,221.62,-0.318011939525604,-0.000114432084956206,0,0,0,0,0,38
1,1583,221.76,-0.316790074110031,-4.58014910691418E-05,0,0,0,0,0,38
1,1584,221.9,-0.318593800067902,-3.05588910123333E-05,0,0,0,0,0,38
1,1585,222.04,-0.318768352270126,-2.20043693843763E-05,0,0,0,0,0,38
1,1586,222.18,-0.321755141019821,-7.65588847571053E-05,0,0,0,0,0,38
1,1587,222.32,-0.322666674852371,-5.17507723998278E-05,0,0,0,0,0,38
1,1588,222.46,-0.322123646736145,-1.29832369566429E-05,0,0,0,0,0,38
1,1589,222.6,-0.325537115335464,-4.70846716780216E-05,0,0,0,0,0,38
1,1590,222.74,-0.32652622461319,-3.61193306162022E-05,0,0,0,0,0,38
1,1591,222.88,-0.327476561069489,-2.04878851945978E-05,0,0,0,0,0,38
1,1592,223.02,-0.331045210361481,-7.21260876161978E-05,0,0,0,0,0,38
1,1593,223.16,-0.332810133695602,-0.000104672151792329,0,0,0,0,0,38
1,1594,223.3,-0.332732558250427,-5.29950666532386E-05,0,0,0,0,0,38
1,1595,223.44,-0.334613829851151,-6.34549141977914E-05,0,0,0,0,0,38
1,1596,223.58,-0.333508342504501,6.61439480609261E-06,0,0,0,0,0,38
1,1597,223.72,-0.335893869400024,-1.80770657607354E-05,0,0,0,0,0,38
1,1598,223.86,-0.337678194046021,-3.72858557966538E-05,0,0,0,0,0,38
1,1599,224,-0.341285616159439,-0.000105838684248738,0,0,0,0,0,38
1,1600,224.14,-0.340548604726791,-3.74413903045934E-05,0,0,0,0,0,38
1,1601,224.28,-0.343166887760162,-6.232727173483E-05,0,0,0,0,0,38
1,1602,224.42,-0.344582706689835,-7.10373351466842E-05,0,0,0,0,0,38
1,1603,224.56,-0.346095502376556,-7.0920679718256E-05,0,0,0,0,0,38
1,1604,224.7,-0.346231251955032,-4.16020011471119E-05,0,0,0,0,0,38
1,1605,224.84,-0.348267704248428,-5.26451112818904E-05,0,0,0,0,0,38
1,1606,224.98,-0.350013226270676,-8.0486192018725E-05,0,0,0,0,0,38
1,1607,225.12,-0.349683523178101,-2.47651460085763E-05,0,0,0,0,0,38
1,1608,225.26,-0.351409643888474,-2.89646377495956E-05,0,0,0,0,0,38
1,1609,225.4,-0.353950351476669,-6.2677230744157E-05,0,0,0,0,0,38
1,1610,225.54,-0.353678822517395,-1.00669221865246E-05,0,0,0,0,0,38
1,1611,225.68,-0.355928629636765,-4.38183997175656E-05,0,0,0,0,0,38
1,1612,225.82,-0.355230420827866,1.06972347566625E-05,0,0,0,0,0,38
1,1613,225.96,-0.358275383710861,-5.82854590902571E-06,0,0,0,0,0,38
1,1614,226.1,-0.360234260559082,-5.90609997743741E-05,0,0,0,0,0,38
1,1615,226.24,-0.362697392702103,-7.9786274000071E-05,0,0,0,0,0,38
1,1616,226.38,-0.363802880048752,-7.9514087701682E-05,0,0,0,0,0,38
1,1617,226.52,-0.366169035434723,-8.9274013589602E-05,0,0,0,0,0,38
1,1618,226.66,-0.363628327846527,1.15526863737614E-05,0,0,0,0,0,38
1,1619,226.8,-0.367429703474045,-4.73957443318795E-05,0,0,0,0,0,38
1,1620,226.94,-0.369369149208069,-6.77710631862283E-05,0,0,0,0,0,38
1,1621,227.08,-0.369175225496292,-2.20821366383461E-05,0,0,0,0,0,38
1,1622,227.22,-0.369563102722168,-2.9899999844929E-06,0,0,0,0,0,38
1,1623,227.36,-0.372840821743011,-4.47905040346086E-05,0,0,0,0,0,38
1,1624,227.5,-0.375536680221558,-7.69088437664323E-05,0,0,0,0,0,38
1,1625,227.64,-0.374916046857834,-2.32875463552773E-05,0,0,0,0,0,38
1,1626,227.78,-0.376913696527481,-5.96831487200689E-05,0,0,0,0,0,38
1,1627,227.92,-0.379687160253525,-9.44456114666536E-05,0,0,0,0,0,38
1,1628,228.06,-0.381199926137924,-7.58589740144089E-05,0,0,0,0,0,38
1,1629,228.2,-0.382227867841721,-5.85943926125765E-05,0,0,0,0,0,38
1,1630,228.34,-0.383682459592819,-6.64878825773485E-05,0,0,0,0,0,38
1,1631,228.48,-0.384458243846893,-4.95732601848431E-05,0,0,0,0,0,38
1,1632,228.62,-0.38655287027359,-9.24625201150775E-05,0,0,0,0,0,38
1,1633,228.76,-0.388007491827011,-9.90339467534795E-05,0,0,0,0,0,38
1,1634,228.9,-0.389656037092209,-9.83729187282734E-05,0,0,0,0,0,38
1,1635,229.04,-0.390102118253708,-8.59299761941656E-05,0,0,0,0,0,38
1,1636,229.18,-0.394097417593002,-0.000135935042635538,0,0,0,0,0,38
1,1637,229.32,-0.392138570547104,-3.30863622366451E-05,0,0,0,0,0,38
1,1638,229.46,-0.392371296882629,-2.0721190594486E-05,0,0,0,0,0,38
1,1639,229.6,-0.394097417593002,-1.51607509906171E-05,0,0,0,0,0,38
1,1640,229.74,-0.397123008966446,-6.9870802690275E-05,0,0,0,0,0,38
1,1641,229.88,-0.397685438394547,-2.15766431210795E-05,0,0,0,0,0,38
1,1642,230.02,-0.399295210838318,-3.01311647490365E-05,0,0,0,0,0,38
1,1643,230.16,-0.400924354791641,-5.22562695550732E-05,0,0,0,0,0,38
1,1644,230.3,-0.400652825832367,-1.65605815709569E-05,0,0,0,0,0,38
1,1645,230.44,-0.403426289558411,-4.98065637657419E-05,0,0,0,0,0,38
1,1646,230.58,-0.404822707176209,-4.38183997175656E-05,0,0,0,0,0,38
1,1647,230.72,-0.408061623573303,-9.90728294709697E-05,0,0,0,0,0,38
1,1648,230.86,-0.407964646816254,-5.33839083800558E-05,0,0,0,0,0,38
1,1649,231,-0.410776883363724,-0.000121081284305546,0,0,0,0,0,38
1,1650,231.14,-0.414810985326767,-0.000177463356521912,0,0,0,0,0,38
1,1651,231.28,-0.41281333565712,-6.51269365334883E-05,0,0,0,0,0,38
1,1652,231.42,-0.412755131721497,-2.5853903935058E-05,0,0,0,0,0,38
1,1653,231.56,-0.415101915597916,-6.27161134616472E-05,0,0,0,0,0,38
1,1654,231.7,-0.417118966579437,-7.15039423084818E-05,0,0,0,0,0,38
1,1655,231.84,-0.417545646429062,-5.3500563808484E-05,0,0,0,0,0,38
1,1656,231.98,-0.419329941272736,-6.63323444314301E-05,0,0,0,0,0,38
1,1657,232.12,-0.422646433115005,-0.000117115094326437,0,0,0,0,0,38
1,1658,232.26,-0.423286467790604,-8.79908402566798E-05,0,0,0,0,0,38
1,1659,232.4,-0.422122776508331,-3.61582133336924E-05,0,0,0,0,0,38
1,1660,232.54,-0.426098704338074,-0.000108093961898703,0,0,0,0,0,38
1,1661,232.68,-0.427495121955872,-0.000113382215204183,0,0,0,0,0,38
1,1662,232.82,-0.427611500024796,-7.28260056348518E-05,0,0,0,0,0,38
1,1663,232.96,-0.430617660284042,-0.000111826848296914,0,0,0,0,0,38
1,1664,233.1,-0.42904669046402,-9.21147056942573E-06,0,0,0,0,0,38
1,1665,233.24,-0.433429896831512,-0.000117037328891456,0,0,0,0,0,38
1,1666,233.38,-0.43375962972641,-8.22748625068925E-05,0,0,0,0,0,38
1,1667,233.52,-0.432731688022614,-2.09933805308538E-05,0,0,0,0,0,38
1,1668,233.66,-0.434632390737534,-3.82190773962066E-05,0,0,0,0,0,38
1,1669,233.8,-0.436494261026382,-3.08699636661913E-05,0,0,0,0,0,38
1,1670,233.94,-0.438142836093903,-4.62681018689182E-05,0,0,0,0,0,38
1,1671,234.08,-0.441963583230972,-0.000120303600851912,0,0,0,0,0,38
1,1672,234.22,-0.442681193351746,-0.000104633269074839,0,0,0,0,0,38
1,1673,234.36,-0.444853395223618,-0.000115559727419168,0,0,0,0,0,38
1,1674,234.5,-0.447607457637787,-0.000160004361532629,0,0,0,0,0,38
1,1675,234.64,-0.446889847517014,-0.000102689060440753,0,0,0,0,0,38
1,1676,234.78,-0.448169887065887,-9.13348776521161E-05,0,0,0,0,0,38
1,1677,234.92,-0.448751747608185,-8.16138344816864E-05,0,0,0,0,0,38
1,1678,235.06,-0.449217200279236,-5.13619306730106E-05,0,0,0,0,0,38
1,1679,235.2,-0.450923949480057,-4.12909248552751E-05,0,0,0,0,0,38
1,1680,235.34,-0.449973613023758,-3.30107354784559E-06,0,0,0,0,0,38
1,1681,235.48,-0.454899847507477,-7.61700430302881E-05,0,0,0,0,0,38
1,1682,235.62,-0.457421183586121,-0.000123725403682329,0,0,0,0,0,38
1,1683,235.76,-0.458216369152069,-0.000125397433293983,0,0,0,0,0,38
1,1684,235.9,-0.45802241563797,-5.57558450964279E-05,0,0,0,0,0,38
1,1685,236.04,-0.461047977209091,-0.000109066066215746,0,0,0,0,0,38
1,1686,236.18,-0.460020065307617,-3.42140046996064E-05,0,0,0,0,0,38
1,1687,236.32,-0.463084429502487,-9.70508554019034E-05,0,0,0,0,0,38
1,1688,236.46,-0.463375359773636,-5.52892342966516E-05,0,0,0,0,0,38
1,1689,236.6,-0.465023905038834,-5.91776552028023E-05,0,0,0,0,0,38
1,1690,236.74,-0.467661589384079,-9.35512798605487E-05,0,0,0,0,0,38
1,1691,236.88,-0.468747675418854,-8.57355553307571E-05,0,0,0,0,0,38
1,1692,237.02,-0.471521139144897,-0.000127769366372377,0,0,0,0,0,38
1,1693,237.16,-0.471773266792297,-0.0001017558388412,0,0,0,0,0,38
1,1694,237.3,-0.470415621995926,-3.85690327675547E-05,0,0,0,0,0,38
1,1695,237.44,-0.474604874849319,-8.57355553307571E-05,0,0,0,0,0,38
1,1696,237.58,-0.474876403808594,-7.93585495557636E-05,0,0,0,0,0,38
1,1697,237.72,-0.477048635482788,-8.005846029846E-05,0,0,0,0,0,38
1,1698,237.86,-0.477552890777588,-6.62934617139399E-05,0,0,0,0,0,38
1,1699,238,-0.479938447475433,-0.000100044933788013,0,0,0,0,0,38
1,1700,238.14,-0.479705691337585,-6.10052120464388E-05,0,0,0,0,0,38
1,1701,238.28,-0.480423301458359,-4.16797702200711E-05,0,0,0,0,0,38
1,1702,238.42,-0.484961658716202,-0.000102961254015099,0,0,0,0,0,38
1,1703,238.56,-0.485078036785126,-8.89240618562326E-05,0,0,0,0,0,38
1,1704,238.7,-0.480946958065033,6.12078001722693E-05,0,0,0,0,0,38
1,1705,238.84,-0.488375127315521,-0.000105994215118699,0,0,0,0,0,38
1,1706,238.98,-0.488704860210419,-6.36882177786902E-05,0,0,0,0,0,38
1,1707,239.12,-0.489112138748169,-4.44405450252816E-05,0,0,0,0,0,38
1,1708,239.26,-0.490217626094818,-3.95411370845977E-05,0,0,0,0,0,38
1,1709,239.4,-0.492835909128189,-7.46146761230193E-05,0,0,0,0,0,38
1,1710,239.54,-0.494659036397934,-9.28124791244045E-05,0,0,0,0,0,38
1,1711,239.68,-0.495939075946808,-6.52047019684687E-05,0,0,0,0,0,38
1,1712,239.82,-0.496307581663132,-3.27364032273181E-05,0,0,0,0,0,38
1,1713,239.96,-0.499953776597977,-0.000108677224488929,0,0,0,0,0,38
1,1714,240.1,-0.500613212585449,-0.000108793879917357,0,0,0,0,0,38
1,1715,240.24,-0.500361084938049,-6.81599049130455E-05,0,0,0,0,0,38
1,1716,240.38,-0.503212094306946,-9.55343712121248E-05,0,0,0,0,0,38
1,1717,240.52,-0.507168591022491,-0.000150711042806506,0,0,0,0,0,38
1,1718,240.66,-0.507692277431488,-0.000144761754199862,0,0,0,0,0,38
1,1719,240.8,-0.506179511547089,-6.34937969152816E-05,0,0,0,0,0,38
1,1720,240.94,-0.508584439754486,-7.83475625212304E-05,0,0,0,0,0,38
1,1721,241.08,-0.511066973209381,-0.000117076211608946,0,0,0,0,0,38
1,1722,241.22,-0.512133657932281,-9.99671683530323E-05,0,0,0,0,0,38
1,1723,241.36,-0.511978507041931,-5.58336141693871E-05,0,0,0,0,0,38
1,1724,241.5,-0.51434463262558,-7.36814545234665E-05,0,0,0,0,0,38
1,1725,241.64,-0.514228284358978,-6.18217818555422E-05,0,0,0,0,0,38
1,1726,241.78,-0.516788423061371,-0.000102222453278955,0,0,0,0,0,38
1,1727,241.92,-0.521559476852417,-0.000200288370251656,0,0,0,0,0,38
1,1728,242.06,-0.521772861480713,-0.000152033098856919,0,0,0,0,0,38
1,1729,242.2,-0.522626221179962,-0.000138890245580114,0,0,0,0,0,38
1,1730,242.34,-0.523324429988861,-0.00010311678488506,0,0,0,0,0,38
1,1731,242.48,-0.525613009929657,-0.00014246758655645,0,0,0,0,0,38
1,1732,242.62,-0.524662673473358,-8.8379681983497E-05,0,0,0,0,0,38
1,1733,242.76,-0.528231263160706,-0.000158643408212811,0,0,0,0,0,38
1,1734,242.9,-0.529045879840851,-0.000140056770760566,0,0,0,0,0,38
1,1735,243.04,-0.53030651807785,-0.000120653559861239,0,0,0,0,0,38
1,1736,243.18,-0.53181928396225,-0.000123025485663675,0,0,0,0,0,38
1,1737,243.32,-0.532653272151947,-0.000111438006570097,0,0,0,0,0,38
1,1738,243.46,-0.534844875335693,-0.000119603682833258,0,0,0,0,0,38
1,1739,243.6,-0.536105513572693,-0.000117853895062581,0,0,0,0,0,38
1,1740,243.74,-0.536221921443939,-8.802972297417E-05,0,0,0,0,0,38
1,1741,243.88,-0.538025617599487,-9.33568589971401E-05,0,0,0,0,0,38
1,1742,244.02,-0.539732336997986,-0.000108599459053949,0,0,0,0,0,38
1,1743,244.16,-0.539286255836487,-6.05386012466624E-05,0,0,0,0,0,38
1,1744,244.3,-0.540973603725433,-8.45301474328153E-05,0,0,0,0,0,38
1,1745,244.44,-0.545453786849976,-0.000164437151397578,0,0,0,0,0,38
1,1746,244.58,-0.545725286006927,-0.000115443079266697,0,0,0,0,0,38
1,1747,244.72,-0.54174941778183,-1.10390274130623E-05,0,0,0,0,0,38
1,1748,244.86,-0.54778116941452,-0.000120381366286892,0,0,0,0,0,38
1,1749,245,-0.549255132675171,-0.000116609604447149,0,0,0,0,0,38
1,1750,245.14,-0.554646909236908,-0.000233612125157379,0,0,0,0,0,38
1,1751,245.28,-0.552591025829315,-0.000149544503074139,0,0,0,0,0,38
1,1752,245.42,-0.555267512798309,-0.000151799788000062,0,0,0,0,0,38
1,1753,245.56,-0.555946350097656,-0.000148261329741217,0,0,0,0,0,38
1,1754,245.7,-0.557439744472504,-0.000144956182339229,0,0,0,0,0,38
1,1755,245.84,-0.560911357402802,-0.00019923850777559,0,0,0,0,0,38
1,1756,245.98,-0.558758556842804,-0.000108949418063276,0,0,0,0,0,38
1,1757,246.12,-0.56271505355835,-0.000190995051525533,0,0,0,0,0,38
1,1758,246.26,-0.563839972019196,-0.000191578321391717,0,0,0,0,0,38
1,1759,246.4,-0.565566122531891,-0.000195738932234235,0,0,0,0,0,38
1,1760,246.54,-0.567311644554138,-0.000220469271880575,0,0,0,0,0,38
1,1761,246.68,-0.567524969577789,-0.000181701732799411,0,0,0,0,0,38
1,1762,246.82,-0.567912876605988,-0.00015856564277783,0,0,0,0,0,38
1,1763,246.96,-0.569231688976288,-0.000141612137667835,0,0,0,0,0,38
1,1764,247.1,-0.569755375385284,-0.000129246967844665,0,0,0,0,0,38
1,1765,247.24,-0.569638967514038,-8.7679763964843E-05,0,0,0,0,0,38
1,1766,247.38,-0.575030744075775,-0.000209037316381,0,0,0,0,0,38
1,1767,247.52,-0.57204395532608,-7.03762998455204E-05,0,0,0,0,0,38
1,1768,247.66,-0.576407730579376,-0.000159576637088321,0,0,0,0,0,38
1,1769,247.8,-0.580131530761719,-0.000239444751059636,0,0,0,0,0,38
1,1770,247.94,-0.57877391576767,-0.000149388972204179,0,0,0,0,0,38
1,1771,248.08,-0.580674588680267,-0.000167897844221443,0,0,0,0,0,38
1,1772,248.22,-0.582885563373566,-0.00021871947683394,0,0,0,0,0,38
1,1773,248.36,-0.580325484275818,-9.91506021819077E-05,0,0,0,0,0,38
1,1774,248.5,-0.583312273025513,-0.000129013656987809,0,0,0,0,0,38
1,1775,248.64,-0.587850630283356,-0.00021969158842694,0,0,0,0,0,38
1,1776,248.78,-0.587520897388458,-0.000171319654327817,0,0,0,0,0,38
1,1777,248.92,-0.585852980613709,-9.06349596334621E-05,0,0,0,0,0,38
1,1778,249.06,-0.589790105819702,-0.000171552965184674,0,0,0,0,0,38
1,1779,249.2,-0.591826558113098,-0.00017878542712424,0,0,0,0,0,38
1,1780,249.34,-0.592292010784149,-0.000141612137667835,0,0,0,0,0,38
1,1781,249.48,-0.594852149486542,-0.00017361382197123,0,0,0,0,0,38
1,1782,249.62,-0.592951416969299,-9.99671683530323E-05,0,0,0,0,0,38
1,1783,249.76,-0.598265588283539,-0.000190334030776285,0,0,0,0,0,38
1,1784,249.9,-0.600127518177032,-0.000234078732319176,0,0,0,0,0,38
1,1785,250.04,-0.599603831768036,-0.000204448981094174,0,0,0,0,0,38
1,1786,250.18,-0.600573539733887,-0.000168908838531934,0,0,0,0,0,38
1,1787,250.32,-0.602629423141479,-0.000187573241419159,0,0,0,0,0,38
1,1788,250.46,-0.602571249008179,-0.000141301061375998,0,0,0,0,0,38
1,1789,250.6,-0.604976177215576,-0.000177813315531239,0,0,0,0,0,38
1,1790,250.74,-0.607769012451172,-0.000243799790041521,0,0,0,0,0,38
1,1791,250.88,-0.60765266418457,-0.000167509002494626,0,0,0,0,0,38
1,1792,251.02,-0.609553337097168,-0.000188273159437813,0,0,0,0,0,38
1,1793,251.16,-0.613102555274963,-0.000256242725299671,0,0,0,0,0,38
1,1794,251.3,-0.610988557338715,-0.000159693285240792,0,0,0,0,0,38
1,1795,251.44,-0.612249195575714,-0.000169336562976241,0,0,0,0,0,38
1,1796,251.58,-0.61570143699646,-0.000219808236579411,0,0,0,0,0,38
1,1797,251.72,-0.615255355834961,-0.000182090574526228,0,0,0,0,0,38
1,1798,251.86,-0.617679715156555,-0.000220896996324882,0,0,0,0,0,38
1,1799,252,-0.619192481040955,-0.000215103253140114,0,0,0,0,0,38
1,1800,252.14,-0.621131956577301,-0.000230073666898534,0,0,0,0,0,38
1,1801,252.28,-0.623226583003998,-0.000276618055067956,0,0,0,0,0,38
1,1802,252.42,-0.623265385627747,-0.000218369532376528,0,0,0,0,0,38
1,1803,252.56,-0.623498141765594,-0.00018594010907691,0,0,0,0,0,38
1,1804,252.7,-0.62760978937149,-0.000278717780020088,0,0,0,0,0,38
1,1805,252.84,-0.625553965568542,-0.000182440533535555,0,0,0,0,0,38
1,1806,252.98,-0.62811404466629,-0.000236061838222668,0,0,0,0,0,38
1,1807,253.12,-0.63176029920578,-0.00030216496088542,0,0,0,0,0,38
1,1808,253.26,-0.633273065090179,-0.000289760908344761,0,0,0,0,0,38
1,1809,253.4,-0.634514331817627,-0.000289294286631048,0,0,0,0,0,38
1,1810,253.54,-0.635871946811676,-0.000292793876724318,0,0,0,0,0,38
1,1811,253.68,-0.635677993297577,-0.000254959537414834,0,0,0,0,0,38
1,1812,253.82,-0.638703584671021,-0.000321334868203849,0,0,0,0,0,38
1,1813,253.96,-0.637442946434021,-0.000219886002014391,0,0,0,0,0,38
1,1814,254.1,-0.641554594039917,-0.000307103240629658,0,0,0,0,0,38
1,1815,254.24,-0.643280744552612,-0.000339999271091074,0,0,0,0,0,38
1,1816,254.38,-0.64492928981781,-0.000344820902682841,0,0,0,0,0,38
1,1817,254.52,-0.644657731056213,-0.000282334018265828,0,0,0,0,0,38
1,1818,254.66,-0.646228730678558,-0.000305081281112507,0,0,0,0,0,38
1,1819,254.8,-0.648808240890503,-0.000340543658239767,0,0,0,0,0,38
1,1820,254.94,-0.648342728614807,-0.000285289221210405,0,0,0,0,0,38
1,1821,255.08,-0.649797379970551,-0.000308347545797005,0,0,0,0,0,38
1,1822,255.22,-0.650088250637054,-0.000287350063445047,0,0,0,0,0,38
1,1823,255.36,-0.652764737606049,-0.000304847955703735,0,0,0,0,0,38
1,1824,255.5,-0.65612006187439,-0.000379039003746584,0,0,0,0,0,38
1,1825,255.64,-0.655305445194244,-0.000321723695378751,0,0,0,0,0,38
1,1826,255.78,-0.657884955406189,-0.000368812441593036,0,0,0,0,0,38
1,1827,255.92,-0.658699512481689,-0.000340582540957257,0,0,0,0,0,38
1,1828,256.06,-0.661356627941132,-0.000377172545995563,0,0,0,0,0,38
1,1829,256.2,-0.662209987640381,-0.000385221588658169,0,0,0,0,0,38
1,1830,256.34,-0.663024544715881,-0.000359285826561973,0,0,0,0,0,38
1,1831,256.48,-0.66356760263443,-0.000359363591996953,0,0,0,0,0,38
1,1832,256.62,-0.664149463176727,-0.000334438838763162,0,0,0,0,0,38
1,1833,256.76,-0.669424831867218,-0.000445375422714278,0,0,0,0,0,38
1,1834,256.9,-0.669987261295319,-0.000419478543335572,0,0,0,0,0,38
1,1835,257.04,-0.66893994808197,-0.000369745685020462,0,0,0,0,0,38
1,1836,257.18,-0.66985148191452,-0.000365157349733636,0,0,0,0,0,38
1,1837,257.32,-0.672644317150116,-0.00039249291876331,0,0,0,0,0,38
1,1838,257.46,-0.666476786136627,-0.000199977308511734,0,0,0,0,0,38
1,1839,257.6,-0.676115989685059,-0.000428227504016832,0,0,0,0,0,38
1,1840,257.74,-0.677357256412506,-0.000420333992224187,0,0,0,0,0,38
1,1841,257.88,-0.677046954631805,-0.000384055048925802,0,0,0,0,0,38
1,1842,258.02,-0.680828928947449,-0.000443120137788355,0,0,0,0,0,38
1,1843,258.16,-0.682070136070251,-0.000446969672339037,0,0,0,0,0,38
1,1844,258.3,-0.684145390987396,-0.000477921479614452,0,0,0,0,0,38
1,1845,258.44,-0.683039903640747,-0.00040493585402146,0,0,0,0,0,38
1,1846,258.58,-0.685483634471893,-0.000454241031548008,0,0,0,0,0,38
1,1847,258.72,-0.684940576553345,-0.000405985745601356,0,0,0,0,0,38
1,1848,258.86,-0.686375796794891,-0.000406880077207461,0,0,0,0,0,38
1,1849,259,-0.68848979473114,-0.000453891057986766,0,0,0,0,0,38
1,1850,259.14,-0.68707400560379,-0.000361813290510327,0,0,0,0,0,38
1,1851,259.28,-0.693881571292877,-0.000531037279870361,0,0,0,0,0,38
1,1852,259.42,-0.690700829029083,-0.000388798915082589,0,0,0,0,0,38
1,1853,259.56,-0.692019641399384,-0.00040668566362001,0,0,0,0,0,38
1,1854,259.7,-0.696402847766876,-0.000506345822941512,0,0,0,0,0,38
1,1855,259.84,-0.698303520679474,-0.000504557159729302,0,0,0,0,0,38
1,1856,259.98,-0.697488963603973,-0.000457196205388755,0,0,0,0,0,38
1,1857,260.12,-0.699486613273621,-0.00047403306234628,0,0,0,0,0,38
1,1858,260.26,-0.702434599399567,-0.000542508147191256,0,0,0,0,0,38
1,1859,260.4,-0.704160749912262,-0.000526954478118569,0,0,0,0,0,38
1,1860,260.54,-0.704606831073761,-0.000517622218467295,0,0,0,0,0,38
1,1861,260.68,-0.704723179340363,-0.00049888005014509,0,0,0,0,0,38
1,1862,260.82,-0.708291828632355,-0.000553084653802216,0,0,0,0,0,38
1,1863,260.96,-0.711239814758301,-0.000607444730121642,0,0,0,0,0,38
1,1864,261.1,-0.711259186267853,-0.000571087992284447,0,0,0,0,0,38
1,1865,261.24,-0.712539255619049,-0.000572176766581833,0,0,0,0,0,38
1,1866,261.38,-0.713509023189545,-0.000575831858441234,0,0,0,0,0,38
1,1867,261.52,-0.71781462430954,-0.000636607874184847,0,0,0,0,0,38
1,1868,261.66,-0.718648612499237,-0.000640029669739306,0,0,0,0,0,38
1,1869,261.8,-0.71831887960434,-0.000593640841543674,0,0,0,0,0,38
1,1870,261.94,-0.716612160205841,-0.000521121837664396,0,0,0,0,0,38
1,1871,262.08,-0.719657123088837,-0.00058391981292516,0,0,0,0,0,38
1,1872,262.22,-0.722081482410431,-0.000605733832344413,0,0,0,0,0,38
1,1873,262.36,-0.72237241268158,-0.000582558859605342,0,0,0,0,0,38
1,1874,262.5,-0.724544584751129,-0.000622765102889389,0,0,0,0,0,38
1,1875,262.64,-0.727318048477173,-0.000680002616718411,0,0,0,0,0,38
1,1876,262.78,-0.726736187934875,-0.000603672931902111,0,0,0,0,0,38
1,1877,262.92,-0.729742348194122,-0.000650683941785246,0,0,0,0,0,38
1,1878,263.06,-0.727182269096375,-0.000565877533517778,0,0,0,0,0,38
1,1879,263.2,-0.73123574256897,-0.000637346645817161,0,0,0,0,0,38
1,1880,263.34,-0.734358310699463,-0.00068859604652971,0,0,0,0,0,38
1,1881,263.48,-0.734474658966064,-0.000657294236589223,0,0,0,0,0,38
1,1882,263.62,-0.736569285392761,-0.000681363570038229,0,0,0,0,0,38
1,1883,263.76,-0.739342749118805,-0.000724252837244421,0,0,0,0,0,38
1,1884,263.9,-0.740118563175201,-0.000713754096068442,0,0,0,0,0,38
1,1885,264.04,-0.741844654083252,-0.000730085477698594,0,0,0,0,0,38
1,1886,264.18,-0.74192225933075,-0.000698744785040617,0,0,0,0,0,38
1,1887,264.32,-0.741185247898102,-0.000639135367237031,0,0,0,0,0,38
1,1888,264.46,-0.743881106376648,-0.000686651794239879,0,0,0,0,0,38
1,1889,264.6,-0.744947850704193,-0.000694467569701374,0,0,0,0,0,38
1,1890,264.74,-0.746867895126343,-0.000719508971087635,0,0,0,0,0,38
1,1891,264.88,-0.749660730361938,-0.000746300152968615,0,0,0,0,0,38
1,1892,265.02,-0.74871039390564,-0.000684707600157708,0,0,0,0,0,38
1,1893,265.16,-0.753384530544281,-0.00077900174073875,0,0,0,0,0,38
1,1894,265.3,-0.75398576259613,-0.000760959519539028,0,0,0,0,0,38
1,1895,265.44,-0.755905866622925,-0.000801710120867938,0,0,0,0,0,38
1,1896,265.58,-0.756701052188873,-0.000783745665103197,0,0,0,0,0,38
1,1897,265.72,-0.756468296051025,-0.000746572331991047,0,0,0,0,0,38
1,1898,265.86,-0.756274342536926,-0.00069396203616634,0,0,0,0,0,38
1,1899,266,-0.760405421257019,-0.000767686462495476,0,0,0,0,0,38
1,1900,266.14,-0.75929993391037,-0.000718225783202797,0,0,0,0,0,38
1,1901,266.28,-0.763896465301514,-0.000807970471214503,0,0,0,0,0,38
1,1902,266.42,-0.765351057052612,-0.000806298456154764,0,0,0,0,0,38
1,1903,266.56,-0.763624966144562,-0.0007506551919505,0,0,0,0,0,38
1,1904,266.7,-0.767309963703156,-0.000804470910225064,0,0,0,0,0,38
1,1905,266.84,-0.766863882541656,-0.000735373701900244,0,0,0,0,0,38
1,1906,266.98,-0.768473625183105,-0.00078254024265334,0,0,0,0,0,38
1,1907,267.12,-0.771266460418701,-0.000809681368991733,0,0,0,0,0,38
1,1908,267.26,-0.770626425743103,-0.000753649277612567,0,0,0,0,0,38
1,1909,267.4,-0.772740483283997,-0.000795294239651412,0,0,0,0,0,38
1,1910,267.54,-0.774835109710693,-0.000811353442259133,0,0,0,0,0,38
1,1911,267.68,-0.778151571750641,-0.000867463299073279,0,0,0,0,0,38
1,1912,267.82,-0.776386678218842,-0.000781645881943405,0,0,0,0,0,38
1,1913,267.96,-0.778287351131439,-0.000803071074187756,0,0,0,0,0,38
1,1914,268.1,-0.781274139881134,-0.000858597690239549,0,0,0,0,0,38
1,1915,268.24,-0.780207455158234,-0.000785884272772819,0,0,0,0,0,38
1,1916,268.38,-0.781429290771484,-0.000784562202170491,0,0,0,0,0,38
1,1917,268.52,-0.784590601921082,-0.000837211380712688,0,0,0,0,0,38
1,1918,268.66,-0.785754323005676,-0.000843238434754312,0,0,0,0,0,38
1,1919,268.8,-0.787965297698975,-0.000866452290210873,0,0,0,0,0,38
1,1920,268.94,-0.789129018783569,-0.000861591775901616,0,0,0,0,0,38
1,1921,269.08,-0.789303541183472,-0.000832778576295823,0,0,0,0,0,38
1,1922,269.22,-0.791553318500519,-0.000878934108186513,0,0,0,0,0,38
1,1923,269.36,-0.792464911937714,-0.000852881756145507,0,0,0,0,0,38
1,1924,269.5,-0.79531592130661,-0.000898376223631203,0,0,0,0,0,38
1,1925,269.64,-0.794191002845764,-0.000835267186630517,0,0,0,0,0,38
1,1926,269.78,-0.800339162349701,-0.000965607003308833,0,0,0,0,0,38
1,1927,269.92,-0.798768162727356,-0.000896276498679072,0,0,0,0,0,38
1,1928,270.06,-0.80220103263855,-0.000944142928346992,0,0,0,0,0,38
1,1929,270.2,-0.799757301807404,-0.000867074471898377,0,0,0,0,0,38
1,1930,270.34,-0.801502823829651,-0.000860308588016778,0,0,0,0,0,38
1,1931,270.48,-0.80732125043869,-0.000996131100691855,0,0,0,0,0,38
1,1932,270.62,-0.804256856441498,-0.00086944637587294,0,0,0,0,0,38
1,1933,270.76,-0.806972146034241,-0.000914085423573852,0,0,0,0,0,38
1,1934,270.9,-0.808795213699341,-0.000907708425074816,0,0,0,0,0,38
1,1935,271.04,-0.816378593444824,-0.00108638126403093,0,0,0,0,0,38
1,1936,271.18,-0.811491131782532,-0.000937532633543015,0,0,0,0,0,38
1,1937,271.32,-0.814148187637329,-0.000968912150710821,0,0,0,0,0,38
1,1938,271.46,-0.81319785118103,-0.000908797199372202,0,0,0,0,0,38
1,1939,271.6,-0.812635362148285,-0.000861669541336596,0,0,0,0,0,38
1,1940,271.74,-0.817154347896576,-0.000950753223150969,0,0,0,0,0,38
1,1941,271.88,-0.816572546958923,-0.000901448074728251,0,0,0,0,0,38
1,1942,272.02,-0.81907445192337,-0.000943093036767095,0,0,0,0,0,38
1,1943,272.16,-0.821421205997467,-0.000951219815760851,0,0,0,0,0,38
1,1944,272.3,-0.822895169258118,-0.00097221729811281,0,0,0,0,0,38
1,1945,272.44,-0.822740018367767,-0.000939321296755224,0,0,0,0,0,38
1,1946,272.58,-0.826599597930908,-0.00102109473664314,0,0,0,0,0,38
1,1947,272.72,-0.827259004116058,-0.000999397365376353,0,0,0,0,0,38
1,1948,272.86,-0.828500270843506,-0.000992864836007357,0,0,0,0,0,38
1,1949,273,-0.829877316951752,-0.000990104046650231,0,0,0,0,0,38
1,1950,273.14,-0.830944001674652,-0.000990220694802701,0,0,0,0,0,38
1,1951,273.28,-0.833698034286499,-0.00103334325831383,0,0,0,0,0,38
1,1952,273.42,-0.835753917694092,-0.0010411978000775,0,0,0,0,0,38
1,1953,273.56,-0.836510300636292,-0.00105449627153575,0,0,0,0,0,38
1,1954,273.7,-0.83689820766449,-0.00102459429763258,0,0,0,0,0,38
1,1955,273.84,-0.838139414787292,-0.00101977272424847,0,0,0,0,0,38
1,1956,273.98,-0.839826762676239,-0.00103206012863666,0,0,0,0,0,38
1,1957,274.12,-0.84267783164978,-0.00108478707261384,0,0,0,0,0,38
1,1958,274.26,-0.838740706443787,-0.000935355084948242,0,0,0,0,0,38
1,1959,274.4,-0.842251121997833,-0.00100484117865562,0,0,0,0,0,38
1,1960,274.54,-0.84459787607193,-0.00102607195731252,0,0,0,0,0,38
1,1961,274.68,-0.846479177474976,-0.00104430865030736,0,0,0,0,0,38
1,1962,274.82,-0.84855443239212,-0.00106674479320645,0,0,0,0,0,38
1,1963,274.96,-0.847662270069122,-0.00100853515323251,0,0,0,0,0,38
1,1964,275.1,-0.850842952728271,-0.00106511160265654,0,0,0,0,0,38
1,1965,275.24,-0.855420112609863,-0.00114805158227682,0,0,0,0,0,38
1,1966,275.38,-0.853189766407013,-0.00105014117434621,0,0,0,0,0,38
1,1967,275.52,-0.853926718235016,-0.00104150897823274,0,0,0,0,0,38
1,1968,275.66,-0.855323135852814,-0.00105469068512321,0,0,0,0,0,38
1,1969,275.8,-0.858872413635254,-0.00109516910742968,0,0,0,0,0,38
1,1970,275.94,-0.862770736217499,-0.0011812198208645,0,0,0,0,0,38
1,1971,276.08,-0.862208306789398,-0.0011334310984239,0,0,0,0,0,38
1,1972,276.22,-0.86399257183075,-0.00113591970875859,0,0,0,0,0,38
1,1973,276.36,-0.86197555065155,-0.00106060109101236,0,0,0,0,0,38
1,1974,276.5,-0.863934397697449,-0.00107319955714047,0,0,0,0,0,38
1,1975,276.64,-0.866067826747894,-0.00108171522151679,0,0,0,0,0,38
1,1976,276.78,-0.865544199943542,-0.00103361543733627,0,0,0,0,0,38
1,1977,276.92,-0.86820125579834,-0.001079615438357,0,0,0,0,0,38
1,1978,277.06,-0.869423091411591,-0.00107319955714047,0,0,0,0,0,38
1,1979,277.2,-0.873515427112579,-0.0011583948507905,0,0,0,0,0,38
1,1980,277.34,-0.873243868350983,-0.00113642518408597,0,0,0,0,0,38
1,1981,277.48,-0.873495995998383,-0.00109870755113661,0,0,0,0,0,38
1,1982,277.62,-0.875920355319977,-0.00111756636761129,0,0,0,0,0,38
1,1983,277.76,-0.879566550254822,-0.00118090875912458,0,0,0,0,0,38
1,1984,277.9,-0.876424610614777,-0.00101985048968345,0,0,0,0,0,38
1,1985,278.04,-0.879760503768921,-0.00111010065302253,0,0,0,0,0,38
1,1986,278.18,-0.883406698703766,-0.00117635924834758,0,0,0,0,0,38
1,1987,278.32,-0.882049083709717,-0.00111262814607471,0,0,0,0,0,38
1,1988,278.46,-0.885288000106812,-0.00116278871428221,0,0,0,0,0,38
1,1989,278.6,-0.884880721569061,-0.00112825958058238,0,0,0,0,0,38
1,1990,278.74,-0.884221315383911,-0.00107973208650947,0,0,0,0,0,38
1,1991,278.88,-0.890466392040253,-0.0011889967136085,0,0,0,0,0,38
1,1992,279.02,-0.888914823532104,-0.0011314480798319,0,0,0,0,0,38
1,1993,279.16,-0.890524566173553,-0.00113556976430118,0,0,0,0,0,38
1,1994,279.3,-0.894209563732147,-0.00119980645831674,0,0,0,0,0,38
1,1995,279.44,-0.894287168979645,-0.00117810908704996,0,0,0,0,0,38
1,1996,279.58,-0.895993888378143,-0.00118320295587182,0,0,0,0,0,38
1,1997,279.72,-0.897370874881744,-0.00118355290032923,0,0,0,0,0,38
1,1998,279.86,-0.896459341049194,-0.00112732639536262,0,0,0,0,0,38
2,1999,280,-0.89975643157959,-0.00117853679694235,0,0,0,0,0,38
2,2000,280.14,-0.895431458950043,-0.00109003635589033,0,0,0,0,0,38
2,2001,280.28,-0.894597470760345,-0.00110951741226017,0,0,0,0,0,38
2,2002,280.42,-0.896246016025543,-0.00117394851986319,0,0,0,0,0,38
2,2003,280.56,-0.895276248455048,-0.00117729254998267,0,0,0,0,0,38
2,2004,280.7,-0.89900004863739,-0.00137085805181414,0,0,0,0,0,38
2,2005,280.84,-0.890350043773651,-0.00111861631739885,0,0,0,0,0,38
2,2006,280.98,-0.890505194664001,-0.00115691719111055,0,0,0,0,0,38
2,2007,281.12,-0.888817846775055,-0.00113798060920089,0,0,0,0,0,38
2,2008,281.26,-0.88709169626236,-0.00112141598947346,0,0,0,0,0,38
2,2009,281.4,-0.887692928314209,-0.00115718937013298,0,0,0,0,0,38
2,2010,281.54,-0.883949756622314,-0.00109691894613206,0,0,0,0,0,38
2,2011,281.68,-0.883387327194214,-0.00111814972478896,0,0,0,0,0,38
2,2012,281.82,-0.882184863090515,-0.00112647085916251,0,0,0,0,0,38
2,2013,281.96,-0.880167782306671,-0.00109046418219805,0,0,0,0,0,38
2,2014,282.1,-0.878189504146576,-0.00106888334266841,0,0,0,0,0,38
2,2015,282.24,-0.876637935638428,-0.00106752244755626,0,0,0,0,0,38
2,2016,282.38,-0.875978529453278,-0.00108622573316097,0,0,0,0,0,38
2,2017,282.52,-0.874562740325928,-0.00108439824543893,0,0,0,0,0,38
2,2018,282.66,-0.872739613056183,-0.00107459933497012,0,0,0,0,0,38
2,2019,282.8,-0.869946777820587,-0.00101903383620083,0,0,0,0,0,38
2,2020,282.94,-0.870082557201386,-0.00104543624911457,0,0,0,0,0,38
2,2021,283.08,-0.868977010250092,-0.00105935672763735,0,0,0,0,0,38
2,2022,283.22,-0.866843640804291,-0.00104360864497721,0,0,0,0,0,38
2,2023,283.36,-0.864632606506348,-0.00100106932222843,0,0,0,0,0,38
2,2024,283.5,-0.860831260681152,-0.000932049937546253,0,0,0,0,0,38
2,2025,283.64,-0.862150073051453,-0.00100907951127738,0,0,0,0,0,38
2,2026,283.78,-0.864302933216095,-0.00109147513285279,0,0,0,0,0,38
2,2027,283.92,-0.860947608947754,-0.0010445419466123,0,0,0,0,0,38
2,2028,284.06,-0.857631146907806,-0.000991542707197368,0,0,0,0,0,38
2,2029,284.2,-0.857495367527008,-0.00102778279688209,0,0,0,0,0,38
2,2030,284.34,-0.85726261138916,-0.00103730941191316,0,0,0,0,0,38
2,2031,284.48,-0.852142453193665,-0.000946475949604064,0,0,0,0,0,38
2,2032,284.62,-0.852336347103119,-0.000986954430118203,0,0,0,0,0,38
2,2033,284.76,-0.853752195835114,-0.00104430865030736,0,0,0,0,0,38
2,2034,284.9,-0.853209137916565,-0.00107074982952327,0,0,0,0,0,38
2,2035,285.04,-0.847856223583221,-0.000952619651798159,0,0,0,0,0,38
2,2036,285.18,-0.847002804279327,-0.000982599332928658,0,0,0,0,0,38
2,2037,285.32,-0.844016015529633,-0.000929211382754147,0,0,0,0,0,38
2,2038,285.46,-0.845237910747528,-0.000991737120784819,0,0,0,0,0,38
2,2039,285.6,-0.842794179916382,-0.000967551197391003,0,0,0,0,0,38
2,2040,285.74,-0.843046307563782,-0.00100227480288595,0,0,0,0,0,38
2,2041,285.88,-0.842115342617035,-0.00101141259074211,0,0,0,0,0,38
2,2042,286.02,-0.839031577110291,-0.000968290027230978,0,0,0,0,0,38
2,2043,286.16,-0.838760077953339,-0.0010004083160311,0,0,0,0,0,38
2,2044,286.3,-0.835947811603546,-0.000939632358495146,0,0,0,0,0,38
2,2045,286.44,-0.834202289581299,-0.000936055032070726,0,0,0,0,0,38
2,2046,286.58,-0.832864105701447,-0.000934383017010987,0,0,0,0,0,38
2,2047,286.72,-0.832961022853851,-0.00096175743965432,0,0,0,0,0,38
2,2048,286.86,-0.831874966621399,-0.000979060889221728,0,0,0,0,0,38
2,2049,287,-0.828965723514557,-0.00093683268642053,0,0,0,0,0,38
2,2050,287.14,-0.828073561191559,-0.000952036411035806,0,0,0,0,0,38
2,2051,287.28,-0.825435876846313,-0.000904753222130239,0,0,0,0,0,38
2,2052,287.42,-0.825067400932312,-0.000922251143492758,0,0,0,0,0,38
2,2053,287.56,-0.82479590177536,-0.000954175018705428,0,0,0,0,0,38
2,2054,287.7,-0.82114964723587,-0.00089771521743387,0,0,0,0,0,38
2,2055,287.84,-0.823574006557465,-0.000978516531176865,0,0,0,0,0,38
2,2056,287.98,-0.819811463356018,-0.000930805632378906,0,0,0,0,0,38
2,2057,288.12,-0.816475570201874,-0.000871623924467713,0,0,0,0,0,38
2,2058,288.26,-0.816262185573578,-0.000905336521100253,0,0,0,0,0,38
2,2059,288.4,-0.815990686416626,-0.000932594295591116,0,0,0,0,0,38
2,2060,288.54,-0.813740909099579,-0.000904558808542788,0,0,0,0,0,38
2,2061,288.68,-0.813333570957184,-0.000932672061026096,0,0,0,0,0,38
2,2062,288.82,-0.811529874801636,-0.00091008038725704,0,0,0,0,0,38
2,2063,288.96,-0.809648633003235,-0.000896587560418993,0,0,0,0,0,38
2,2064,289.1,-0.811180770397186,-0.000967940024565905,0,0,0,0,0,38
2,2065,289.24,-0.808000028133392,-0.000910780276171863,0,0,0,0,0,38
2,2066,289.38,-0.805187821388245,-0.000875006837304682,0,0,0,0,0,38
2,2067,289.52,-0.805478751659393,-0.000905297638382763,0,0,0,0,0,38
2,2068,289.66,-0.803442299365997,-0.00090140919201076,0,0,0,0,0,38
2,2069,289.8,-0.800474882125854,-0.000858753221109509,0,0,0,0,0,38
2,2070,289.94,-0.797449350357056,-0.000810342433396727,0,0,0,0,0,38
2,2071,290.08,-0.801405847072601,-0.000942976388614625,0,0,0,0,0,38
2,2072,290.22,-0.796518385410309,-0.000856653496157378,0,0,0,0,0,38
2,2073,290.36,-0.796382606029511,-0.000894526718184352,0,0,0,0,0,38
2,2074,290.5,-0.792232155799866,-0.000806026277132332,0,0,0,0,0,38
2,2075,290.64,-0.78843080997467,-0.00076123169856146,0,0,0,0,0,38
2,2076,290.78,-0.791029691696167,-0.000849615433253348,0,0,0,0,0,38
2,2077,290.92,-0.791572749614716,-0.000894137832801789,0,0,0,0,0,38
2,2078,291.06,-0.789148390293121,-0.000860386353451759,0,0,0,0,0,38
2,2079,291.2,-0.779528617858887,-0.00064788426971063,0,0,0,0,0,38
2,2080,291.34,-0.787965297698975,-0.00087831198470667,0,0,0,0,0,38
2,2081,291.48,-0.78396999835968,-0.000829628959763795,0,0,0,0,0,38
2,2082,291.62,-0.784900963306427,-0.000885544461198151,0,0,0,0,0,38
2,2083,291.76,-0.781312942504883,-0.000822357658762485,0,0,0,0,0,38
2,2084,291.9,-0.780595302581787,-0.000844521622639149,0,0,0,0,0,38
2,2085,292.04,-0.777880072593689,-0.000801204645540565,0,0,0,0,0,38
2,2086,292.18,-0.777511537075043,-0.000834917242173105,0,0,0,0,0,38
2,2087,292.32,-0.776289701461792,-0.000815980660263449,0,0,0,0,0,38
2,2088,292.46,-0.774679958820343,-0.000809370307251811,0,0,0,0,0,38
2,2089,292.6,-0.772546529769897,-0.000799688161350787,0,0,0,0,0,38
2,2090,292.74,-0.771421611309052,-0.000804976385552436,0,0,0,0,0,38
2,2091,292.88,-0.768880903720856,-0.000772935862187296,0,0,0,0,0,38
2,2092,293.02,-0.770413100719452,-0.000843821733724326,0,0,0,0,0,38
2,2093,293.16,-0.766611754894257,-0.000775852124206722,0,0,0,0,0,38
2,2094,293.3,-0.766320824623108,-0.000819052511360496,0,0,0,0,0,38
2,2095,293.44,-0.766553521156311,-0.000840088818222284,0,0,0,0,0,38
2,2096,293.58,-0.763935267925262,-0.000802215654402971,0,0,0,0,0,38
2,2097,293.72,-0.761569082736969,-0.000796071952208877,0,0,0,0,0,38
2,2098,293.86,-0.760948479175568,-0.000803148839622736,0,0,0,0,0,38
2,2099,294,-0.761704862117767,-0.000845649279654026,0,0,0,0,0,38
2,2100,294.14,-0.759358108043671,-0.000827723648399115,0,0,0,0,0,38
2,2101,294.28,-0.751367509365082,-0.000646484433673322,0,0,0,0,0,38
2,2102,294.42,-0.753132402896881,-0.000749060942325741,0,0,0,0,0,38
2,2103,294.56,-0.752104461193085,-0.000746416801121086,0,0,0,0,0,38
2,2104,294.7,-0.752279043197632,-0.000769319594837725,0,0,0,0,0,38
2,2105,294.84,-0.751251101493835,-0.000782268063630909,0,0,0,0,0,38
2,2106,294.98,-0.74911767244339,-0.000742450647521764,0,0,0,0,0,38
2,2107,295.12,-0.747139453887939,-0.000742956122849137,0,0,0,0,0,38
2,2108,295.26,-0.745723605155945,-0.000739534327294678,0,0,0,0,0,38
2,2109,295.4,-0.743842303752899,-0.000741556286811829,0,0,0,0,0,38
2,2110,295.54,-0.745006024837494,-0.000796305248513818,0,0,0,0,0,38
2,2111,295.68,-0.743803560733795,-0.000793894403614104,0,0,0,0,0,38
2,2112,295.82,-0.739342749118805,-0.000707493745721877,0,0,0,0,0,38
2,2113,295.96,-0.738760888576508,-0.000731407548300922,0,0,0,0,0,38
2,2114,296.1,-0.739129424095154,-0.000765820033848286,0,0,0,0,0,38
2,2115,296.24,-0.736666262149811,-0.000750499661080539,0,0,0,0,0,38
2,2116,296.38,-0.737306296825409,-0.000795372005086392,0,0,0,0,0,38
2,2117,296.52,-0.732263684272766,-0.000698083778843284,0,0,0,0,0,38
2,2118,296.66,-0.732030928134918,-0.000721608696039766,0,0,0,0,0,38
2,2119,296.8,-0.731003046035767,-0.000729229999706149,0,0,0,0,0,38
2,2120,296.94,-0.729257524013519,-0.000717759190592915,0,0,0,0,0,38
2,2121,297.08,-0.72997510433197,-0.000760687340516597,0,0,0,0,0,38
2,2122,297.22,-0.726833164691925,-0.0007275968673639,0,0,0,0,0,38
2,2123,297.36,-0.725320398807526,-0.000724641664419323,0,0,0,0,0,38
2,2124,297.5,-0.726309537887573,-0.00078067381400615,0,0,0,0,0,38
2,2125,297.64,-0.72328394651413,-0.000737590133212507,0,0,0,0,0,38
2,2126,297.78,-0.721596598625183,-0.000735529232770205,0,0,0,0,0,38
2,2127,297.92,-0.719443798065186,-0.00069578958209604,0,0,0,0,0,38
2,2128,298.06,-0.716515183448792,-0.000657644239254296,0,0,0,0,0,38
2,2129,298.2,-0.716127276420593,-0.000675219867844135,0,0,0,0,0,38
2,2130,298.34,-0.717290937900543,-0.000745522498618811,0,0,0,0,0,38
2,2131,298.48,-0.714924812316895,-0.000711187720298767,0,0,0,0,0,38
2,2132,298.62,-0.713761150836945,-0.000721803109627217,0,0,0,0,0,38
2,2133,298.76,-0.712325930595398,-0.000711848784703761,0,0,0,0,0,38
2,2134,298.9,-0.71052223443985,-0.000696528411936015,0,0,0,0,0,38
2,2135,299.04,-0.708466351032257,-0.000682335696183145,0,0,0,0,0,38
2,2136,299.18,-0.707477211952209,-0.000703216472174972,0,0,0,0,0,38
2,2137,299.32,-0.705906271934509,-0.00069217337295413,0,0,0,0,0,38
2,2138,299.46,-0.70621657371521,-0.000745639146771282,0,0,0,0,0,38
2,2139,299.6,-0.703094065189362,-0.000682413461618125,0,0,0,0,0,38
2,2140,299.74,-0.702395796775818,-0.000706132792402059,0,0,0,0,0,38
2,2141,299.88,-0.697993218898773,-0.00061934330733493,0,0,0,0,0,38
2,2142,300.02,-0.697682917118073,-0.000641779450234026,0,0,0,0,0,38
2,2143,300.16,-0.696053743362427,-0.00063730776309967,0,0,0,0,0,38
2,2144,300.3,-0.697178661823273,-0.000690190296154469,0,0,0,0,0,38
2,2145,300.44,-0.693920314311981,-0.000651150534395128,0,0,0,0,0,38
2,2146,300.58,-0.695762813091278,-0.000729774357751012,0,0,0,0,0,38
2,2147,300.72,-0.694172441959381,-0.000710954423993826,0,0,0,0,0,38
2,2148,300.86,-0.688451051712036,-0.000616154808085412,0,0,0,0,0,38
2,2149,301,-0.689731061458588,-0.000677591830026358,0,0,0,0,0,38
2,2150,301.14,-0.68707400560379,-0.000625059241428971,0,0,0,0,0,38
2,2151,301.28,-0.68792736530304,-0.000687390624079853,0,0,0,0,0,38
2,2152,301.42,-0.685522437095642,-0.000659005134366453,0,0,0,0,0,38
2,2153,301.56,-0.685658156871796,-0.000700300151947886,0,0,0,0,0,38
2,2154,301.7,-0.683020532131195,-0.000664604478515685,0,0,0,0,0,38
2,2155,301.84,-0.681410729885101,-0.000656788761261851,0,0,0,0,0,38
2,2156,301.98,-0.679238557815552,-0.000633108313195407,0,0,0,0,0,38
2,2157,302.12,-0.677725732326508,-0.000631086295470595,0,0,0,0,0,38
2,2158,302.26,-0.675592303276062,-0.000608572387136519,0,0,0,0,0,38
2,2159,302.4,-0.673866212368011,-0.00060001784004271,0,0,0,0,0,38
2,2160,302.54,-0.673381328582764,-0.000623970525339246,0,0,0,0,0,38
2,2161,302.68,-0.672217667102814,-0.000635596865322441,0,0,0,0,0,38
2,2162,302.82,-0.671732783317566,-0.000637385528534651,0,0,0,0,0,38
2,2163,302.96,-0.671790957450867,-0.000669659406412393,0,0,0,0,0,38
2,2164,303.1,-0.667155623435974,-0.000593640841543674,0,0,0,0,0,38
2,2165,303.24,-0.666787147521973,-0.000625409244094044,0,0,0,0,0,38
2,2166,303.38,-0.666321635246277,-0.000626459077466279,0,0,0,0,0,38
2,2167,303.52,-0.661511778831482,-0.000541730434633791,0,0,0,0,0,38
2,2168,303.66,-0.665759205818176,-0.000678369484376162,0,0,0,0,0,38
2,2169,303.8,-0.66189968585968,-0.000633030547760427,0,0,0,0,0,38
2,2170,303.94,-0.658699512481689,-0.000576259626541287,0,0,0,0,0,38
2,2171,304.08,-0.659843802452087,-0.000635869044344872,0,0,0,0,0,38
2,2172,304.22,-0.658369839191437,-0.000631164060905576,0,0,0,0,0,38
2,2173,304.36,-0.656100630760193,-0.000607094785664231,0,0,0,0,0,38
2,2174,304.5,-0.654471457004547,-0.000606472603976727,0,0,0,0,0,38
2,2175,304.64,-0.652667760848999,-0.000589441333431751,0,0,0,0,0,38
2,2176,304.78,-0.652900516986847,-0.000627703382633626,0,0,0,0,0,38
2,2177,304.92,-0.649855554103851,-0.000589557981584221,0,0,0,0,0,38
2,2178,305.06,-0.652260482311249,-0.000674131093546748,0,0,0,0,0,38
2,2179,305.2,-0.646480858325958,-0.000570543634239584,0,0,0,0,0,38
2,2180,305.34,-0.644871115684509,-0.000567199604120106,0,0,0,0,0,38
2,2181,305.48,-0.644366860389709,-0.000578981474973261,0,0,0,0,0,38
2,2182,305.62,-0.642233431339264,-0.000551918114069849,0,0,0,0,0,38
2,2183,305.76,-0.640235781669617,-0.00054324691882357,0,0,0,0,0,38
2,2184,305.9,-0.638412654399872,-0.00052022747695446,0,0,0,0,0,38
2,2185,306.04,-0.638703584671021,-0.000574665376916528,0,0,0,0,0,38
2,2186,306.18,-0.636764109134674,-0.000551373697817326,0,0,0,0,0,38
2,2187,306.32,-0.636085271835327,-0.000574548728764057,0,0,0,0,0,38
2,2188,306.46,-0.636356830596924,-0.000614871620200574,0,0,0,0,0,38
2,2189,306.6,-0.633951902389526,-0.000571826822124422,0,0,0,0,0,38
2,2190,306.74,-0.631857216358185,-0.00056455546291545,0,0,0,0,0,38
2,2191,306.88,-0.629374742507935,-0.000534847960807383,0,0,0,0,0,38
2,2192,307.02,-0.630499601364136,-0.000592279888223857,0,0,0,0,0,38
2,2193,307.16,-0.626252174377441,-0.000511011923663318,0,0,0,0,0,38
2,2194,307.3,-0.627764940261841,-0.000576454040128738,0,0,0,0,0,38
2,2195,307.44,-0.625069081783295,-0.000551373697817326,0,0,0,0,0,38
2,2196,307.58,-0.623692095279694,-0.000548301846720278,0,0,0,0,0,38
2,2197,307.72,-0.622198700904846,-0.000548690732102841,0,0,0,0,0,38
2,2198,307.86,-0.621073782444,-0.000551257049664855,0,0,0,0,0,38
2,2199,308,-0.617970645427704,-0.000505840347614139,0,0,0,0,0,38
2,2200,308.14,-0.617660284042358,-0.000528432079590857,0,0,0,0,0,38
2,2201,308.28,-0.616593599319458,-0.000537064333911985,0,0,0,0,0,38
2,2202,308.42,-0.614460170269012,-0.000520577421411872,0,0,0,0,0,38
2,2203,308.56,-0.613238334655762,-0.000519177643582225,0,0,0,0,0,38
2,2204,308.7,-0.613412857055664,-0.000551023753359914,0,0,0,0,0,38
2,2205,308.84,-0.61023211479187,-0.000508406665176153,0,0,0,0,0,38
2,2206,308.98,-0.610426068305969,-0.000555067730601877,0,0,0,0,0,38
2,2207,309.12,-0.608118116855621,-0.000518516579177231,0,0,0,0,0,38
2,2208,309.26,-0.606081664562225,-0.00051486148731783,0,0,0,0,0,38
2,2209,309.4,-0.605868339538574,-0.0005308817490004,0,0,0,0,0,38
2,2210,309.54,-0.604142189025879,-0.000520538538694382,0,0,0,0,0,38
2,2211,309.68,-0.60162091255188,-0.00049530272372067,0,0,0,0,0,38
2,2212,309.82,-0.602629423141479,-0.000553201301954687,0,0,0,0,0,38
2,2213,309.96,-0.601252377033234,-0.000548612966667861,0,0,0,0,0,38
2,2214,310.1,-0.598963797092438,-0.00052897643763572,0,0,0,0,0,38
2,2215,310.24,-0.59838193655014,-0.000534847960807383,0,0,0,0,0,38
2,2216,310.38,-0.597024321556091,-0.000533642538357526,0,0,0,0,0,38
2,2217,310.52,-0.593707859516144,-0.000489003490656614,0,0,0,0,0,38
2,2218,310.66,-0.592311441898346,-0.000488653546199203,0,0,0,0,0,38
2,2219,310.8,-0.599933564662933,-0.000707765924744308,0,0,0,0,0,38
2,2220,310.94,-0.588451862335205,-0.000455679721198976,0,0,0,0,0,38
2,2221,311.08,-0.587016642093658,-0.000460423616459593,0,0,0,0,0,38
2,2222,311.22,-0.587230026721954,-0.000475977285532281,0,0,0,0,0,38
2,2223,311.36,-0.58556205034256,-0.000487525889184326,0,0,0,0,0,38
2,2224,311.5,-0.58505779504776,-0.00051140075083822,0,0,0,0,0,38
2,2225,311.64,-0.583195924758911,-0.000492308638058603,0,0,0,0,0,38
2,2226,311.78,-0.581120669841766,-0.000476560555398464,0,0,0,0,0,38
2,2227,311.92,-0.58059698343277,-0.000496430380735546,0,0,0,0,0,38
2,2228,312.06,-0.577998101711273,-0.000458946014987305,0,0,0,0,0,38
2,2229,312.2,-0.576524138450623,-0.000449536019004881,0,0,0,0,0,38
2,2230,312.34,-0.576950788497925,-0.000499230052810162,0,0,0,0,0,38
2,2231,312.48,-0.57371187210083,-0.000443742290372029,0,0,0,0,0,38
2,2232,312.62,-0.57421612739563,-0.000492191989906132,0,0,0,0,0,38
2,2233,312.76,-0.571442723274231,-0.0004438589385245,0,0,0,0,0,38
2,2234,312.9,-0.572005152702332,-0.000510856392793357,0,0,0,0,0,38
2,2235,313.04,-0.568533480167389,-0.000455640838481486,0,0,0,0,0,38
2,2236,313.18,-0.568068027496338,-0.000483404146507382,0,0,0,0,0,38
2,2237,313.32,-0.567350447177887,-0.000489897793158889,0,0,0,0,0,38
2,2238,313.46,-0.564538180828094,-0.000450197054306045,0,0,0,0,0,38
2,2239,313.6,-0.561687171459198,-0.000409601954743266,0,0,0,0,0,38
2,2240,313.74,-0.562928438186646,-0.000465323013486341,0,0,0,0,0,38
2,2241,313.88,-0.558797359466553,-0.000410146341891959,0,0,0,0,0,38
2,2242,314.02,-0.55937922000885,-0.000454707624157891,0,0,0,0,0,38
2,2243,314.16,-0.557788848876953,-0.000449769344413653,0,0,0,0,0,38
2,2244,314.3,-0.55507355928421,-0.000415201298892498,0,0,0,0,0,38
2,2245,314.44,-0.55456930398941,-0.000431649299571291,0,0,0,0,0,38
2,2246,314.58,-0.553580164909363,-0.000435265537817031,0,0,0,0,0,38
2,2247,314.72,-0.554045617580414,-0.000484531803522259,0,0,0,0,0,38
2,2248,314.86,-0.551058888435364,-0.000436043221270666,0,0,0,0,0,38
2,2249,315,-0.54762601852417,-0.000398986594518647,0,0,0,0,0,38
2,2250,315.14,-0.549216389656067,-0.000461162417195737,0,0,0,0,0,38
2,2251,315.28,-0.545628309249878,-0.000415123533457518,0,0,0,0,0,38
2,2252,315.42,-0.54291307926178,-0.000370912195648998,0,0,0,0,0,38
2,2253,315.56,-0.544677972793579,-0.00044918607454747,0,0,0,0,0,38
2,2254,315.7,-0.54357248544693,-0.00045268566464074,0,0,0,0,0,38
2,2255,315.84,-0.541555464267731,-0.00042612774996087,0,0,0,0,0,38
2,2256,315.98,-0.538975954055786,-0.000399219890823588,0,0,0,0,0,38
2,2257,316.12,-0.539577186107636,-0.000459529255749658,0,0,0,0,0,38
2,2258,316.26,-0.536842525005341,-0.000407307816203684,0,0,0,0,0,38
2,2259,316.4,-0.536745548248291,-0.000450896972324699,0,0,0,0,0,38
2,2260,316.54,-0.533739387989044,-0.000404430378694087,0,0,0,0,0,38
2,2261,316.68,-0.532886028289795,-0.000422200449975207,0,0,0,0,0,38
2,2262,316.82,-0.531237483024597,-0.000404819205868989,0,0,0,0,0,38
2,2263,316.96,-0.529782831668854,-0.000403030542656779,0,0,0,0,0,38
2,2264,317.1,-0.527533054351807,-0.000384443905204535,0,0,0,0,0,38
2,2265,317.24,-0.527222752571106,-0.000401941797463223,0,0,0,0,0,38
2,2266,317.38,-0.524061441421509,-0.000352558854501694,0,0,0,0,0,38
2,2267,317.52,-0.523052871227264,-0.000372661976143718,0,0,0,0,0,38
2,2268,317.66,-0.524352312088013,-0.000409329775720835,0,0,0,0,0,38
2,2269,317.8,-0.522160708904266,-0.000393115071346983,0,0,0,0,0,38
2,2270,317.94,-0.519852757453918,-0.000381760881282389,0,0,0,0,0,38
2,2271,318.08,-0.520143687725067,-0.000431377120548859,0,0,0,0,0,38
2,2272,318.22,-0.518708467483521,-0.000417573231970891,0,0,0,0,0,38
2,2273,318.36,-0.516594469547272,-0.000402680569095537,0,0,0,0,0,38
2,2274,318.5,-0.516245365142822,-0.000419906282331795,0,0,0,0,0,38
2,2275,318.64,-0.513258576393127,-0.000386660307412967,0,0,0,0,0,38
2,2276,318.78,-0.510911822319031,-0.000366829364793375,0,0,0,0,0,38
2,2277,318.92,-0.51166820526123,-0.000410612963605672,0,0,0,0,0,38
2,2278,319.06,-0.507575929164886,-0.000352792179910466,0,0,0,0,0,38
2,2279,319.2,-0.506354033946991,-0.000344082101946697,0,0,0,0,0,38
2,2280,319.34,-0.506431639194489,-0.000360257923603058,0,0,0,0,0,38
2,2281,319.48,-0.503871500492096,-0.000344159867381677,0,0,0,0,0,38
2,2282,319.62,-0.503619372844696,-0.000380438839783892,0,0,0,0,0,38
2,2283,319.76,-0.50199019908905,-0.000363446422852576,0,0,0,0,0,38
2,2284,319.9,-0.500477433204651,-0.000367334869224578,0,0,0,0,0,38
2,2285,320.04,-0.498712509870529,-0.00034653180046007,0,0,0,0,0,38
2,2286,320.18,-0.496908813714981,-0.0003375495725777,0,0,0,0,0,38
2,2287,320.32,-0.497956126928329,-0.000397275667637587,0,0,0,0,0,38
2,2288,320.46,-0.493631094694138,-0.000318807375151664,0,0,0,0,0,38
2,2289,320.6,-0.492661356925964,-0.000327556335832924,0,0,0,0,0,38
2,2290,320.74,-0.492835909128189,-0.000375850504497066,0,0,0,0,0,38
2,2291,320.88,-0.489674597978592,-0.000329656089888886,0,0,0,0,0,38
2,2292,321.02,-0.489344865083694,-0.000339532649377361,0,0,0,0,0,38
2,2293,321.16,-0.490101277828217,-0.00039424272836186,0,0,0,0,0,38
2,2294,321.3,-0.486726582050323,-0.000347231718478724,0,0,0,0,0,38
2,2295,321.44,-0.485873222351074,-0.000359907979145646,0,0,0,0,0,38
2,2296,321.58,-0.485621094703674,-0.000380361045245081,0,0,0,0,0,38
2,2297,321.72,-0.481703341007233,-0.000313091411953792,0,0,0,0,0,38
2,2298,321.86,-0.481645166873932,-0.000362552091246471,0,0,0,0,0,38
2,2299,322,-0.47912386059761,-0.000322618026984856,0,0,0,0,0,38
2,2300,322.14,-0.476971030235291,-0.000299365288810804,0,0,0,0,0,38
2,2301,322.28,-0.47691285610199,-0.000334905431373045,0,0,0,0,0,38
2,2302,322.42,-0.474275171756744,-0.000309941795421764,0,0,0,0,0,38
2,2303,322.56,-0.472781777381897,-0.000300531828543171,0,0,0,0,0,38
2,2304,322.7,-0.472238719463348,-0.000319507293170318,0,0,0,0,0,38
2,2305,322.84,-0.469116181135178,-0.000275762577075511,0,0,0,0,0,38
2,2306,322.98,-0.468670099973679,-0.000297343300189823,0,0,0,0,0,38
2,2307,323.12,-0.468805879354477,-0.000331055896822363,0,0,0,0,0,38
2,2308,323.26,-0.466381520032883,-0.00029862648807466,0,0,0,0,0,38
2,2309,323.4,-0.465625137090683,-0.000319662853144109,0,0,0,0,0,38
2,2310,323.54,-0.465799689292908,-0.000358585908543319,0,0,0,0,0,38
2,2311,323.68,-0.462638348340988,-0.000309825147269294,0,0,0,0,0,38
2,2312,323.82,-0.461028575897217,-0.000293571560177952,0,0,0,0,0,38
2,2313,323.96,-0.458817601203918,-0.000280234264209867,0,0,0,0,0,38
2,2314,324.1,-0.459166705608368,-0.000324562250170857,0,0,0,0,0,38
2,2315,324.24,-0.456218689680099,-0.000274401652859524,0,0,0,0,0,38
2,2316,324.38,-0.4549580514431,-0.000287544506136328,0,0,0,0,0,38
2,2317,324.52,-0.454938650131226,-0.000314685661578551,0,0,0,0,0,38
2,2318,324.66,-0.452494919300079,-0.000281945161987096,0,0,0,0,0,38
2,2319,324.8,-0.450807571411133,-0.000271018710918725,0,0,0,0,0,38
2,2320,324.94,-0.451408803462982,-0.00032693418324925,0,0,0,0,0,38
2,2321,325.08,-0.448712944984436,-0.000297498860163614,0,0,0,0,0,38
2,2322,325.22,-0.447394102811813,-0.000285833608359098,0,0,0,0,0,38
2,2323,325.36,-0.445881307125092,-0.000277823448413983,0,0,0,0,0,38
2,2324,325.5,-0.442545413970947,-0.000239755827351473,0,0,0,0,0,38
2,2325,325.64,-0.442390263080597,-0.000260947708738968,0,0,0,0,0,38
2,2326,325.78,-0.441672652959824,-0.00028614467009902,0,0,0,0,0,38
2,2327,325.92,-0.4405477643013,-0.000295593519695103,0,0,0,0,0,38
2,2328,326.06,-0.438433736562729,-0.000274634949164465,0,0,0,0,0,38
2,2329,326.2,-0.438414335250854,-0.000300454063108191,0,0,0,0,0,38
2,2330,326.34,-0.436009407043457,-0.000275257101748139,0,0,0,0,0,38
2,2331,326.48,-0.435117244720459,-0.000282839522697032,0,0,0,0,0,38
2,2332,326.62,-0.433953553438187,-0.000285755813820288,0,0,0,0,0,38
2,2333,326.76,-0.43170377612114,-0.000269774434855208,0,0,0,0,0,38
2,2334,326.9,-0.429143667221069,-0.000253365287790075,0,0,0,0,0,38
2,2335,327.04,-0.428270906209946,-0.000238278225879185,0,0,0,0,0,38
2,2336,327.18,-0.42869758605957,-0.000289449817501009,0,0,0,0,0,38
2,2337,327.32,-0.426137506961823,-0.000258303596638143,0,0,0,0,0,38
2,2338,327.46,-0.425749599933624,-0.000282761757262051,0,0,0,0,0,38
2,2339,327.6,-0.423267066478729,-0.000248310359893367,0,0,0,0,0,38
2,2340,327.74,-0.422122776508331,-0.000261958688497543,0,0,0,0,0,38
2,2341,327.88,-0.421696096658707,-0.000280428677797318,0,0,0,0,0,38
2,2342,328.02,-0.420454829931259,-0.000276229198789224,0,0,0,0,0,38
2,2343,328.16,-0.416769832372665,-0.000208570709219202,0,0,0,0,0,38
2,2344,328.3,-0.416595280170441,-0.000258770189248025,0,0,0,0,0,38
2,2345,328.44,-0.414830386638641,-0.000247882620897144,0,0,0,0,0,38
2,2346,328.58,-0.412832707166672,-0.000232406717259437,0,0,0,0,0,38
2,2347,328.72,-0.411843597888947,-0.000233223283430561,0,0,0,0,0,38
2,2348,328.86,-0.410873860120773,-0.000250915589276701,0,0,0,0,0,38
2,2349,329,-0.409574419260025,-0.000239405868342146,0,0,0,0,0,38
2,2350,329.14,-0.407014310359955,-0.000215880936593749,0,0,0,0,0,38
2,2351,329.28,-0.407654345035553,-0.000268763425992802,0,0,0,0,0,38
2,2352,329.42,-0.406257897615433,-0.00027024102746509,0,0,0,0,0,38
2,2353,329.56,-0.402766853570938,-0.000208804020076059,0,0,0,0,0,38
2,2354,329.7,-0.40402752161026,-0.000279806554317474,0,0,0,0,0,38
2,2355,329.84,-0.400982558727264,-0.000240922352531925,0,0,0,0,0,38
2,2356,329.98,-0.400691628456116,-0.000256864877883345,0,0,0,0,0,38
2,2357,330.12,-0.397103607654572,-0.000204721174668521,0,0,0,0,0,38
2,2358,330.26,-0.397685438394547,-0.000236800624406897,0,0,0,0,0,38
2,2359,330.4,-0.3947374522686,-0.000200366150238551,0,0,0,0,0,38
2,2360,330.54,-0.394815027713776,-0.000231162426644005,0,0,0,0,0,38
2,2361,330.68,-0.39192521572113,-0.000206548735150136,0,0,0,0,0,38
2,2362,330.82,-0.390877902507782,-0.000214481100556441,0,0,0,0,0,38
2,2363,330.96,-0.389811187982559,-0.000219769353861921,0,0,0,0,0,38
2,2364,331.1,-0.388899654150009,-0.000232834441703744,0,0,0,0,0,38
2,2365,331.24,-0.387832939624786,-0.000233145517995581,0,0,0,0,0,38
2,2366,331.38,-0.384729772806168,-0.000182984906132333,0,0,0,0,0,38
2,2367,331.52,-0.384652197360992,-0.000226301897782832,0,0,0,0,0,38
2,2368,331.66,-0.382344216108322,-0.000192628198419698,0,0,0,0,0,38
2,2369,331.8,-0.382014513015747,-0.000229101555305533,0,0,0,0,0,38
2,2370,331.94,-0.378562271595001,-0.000169764287420549,0,0,0,0,0,38
2,2371,332.08,-0.379473805427551,-0.000231706799240783,0,0,0,0,0,38
2,2372,332.22,-0.377049475908279,-0.000193444764590822,0,0,0,0,0,38
2,2373,332.36,-0.374993622303009,-0.000180029717739671,0,0,0,0,0,38
2,2374,332.5,-0.374702721834183,-0.000198266396182589,0,0,0,0,0,38
2,2375,332.64,-0.371890485286713,-0.000175324734300375,0,0,0,0,0,38
2,2376,332.78,-0.371405601501465,-0.00020192151714582,0,0,0,0,0,38
2,2377,332.92,-0.364093810319901,-4.03188205382321E-05,0,0,0,0,0,38
2,2378,333.06,-0.368942469358444,-0.000204021256649867,0,0,0,0,0,38
2,2379,333.2,-0.365839332342148,-0.00014612270751968,0,0,0,0,0,38
2,2380,333.34,-0.366750866174698,-0.000202660317881964,0,0,0,0,0,38
2,2381,333.48,-0.364792019128799,-0.00018590122635942,0,0,0,0,0,38
2,2382,333.62,-0.363162845373154,-0.000191072831512429,0,0,0,0,0,38
2,2383,333.76,-0.36203795671463,-0.000187884317710996,0,0,0,0,0,38
2,2384,333.9,-0.361514300107956,-0.000214519983273931,0,0,0,0,0,38
2,2385,334.04,-0.358508110046387,-0.000185006894753315,0,0,0,0,0,38
2,2386,334.18,-0.35666561126709,-0.00015844899462536,0,0,0,0,0,38
2,2387,334.32,-0.356723815202713,-0.000189672995475121,0,0,0,0,0,38
2,2388,334.46,-0.352825462818146,-0.000141612137667835,0,0,0,0,0,38
2,2389,334.6,-0.353969752788544,-0.000202621435164474,0,0,0,0,0,38
2,2390,334.74,-0.351390272378922,-0.000146744845551439,0,0,0,0,0,38
2,2391,334.88,-0.351215720176697,-0.000190139602636918,0,0,0,0,0,38
2,2392,335.02,-0.349043488502502,-0.000174391505424865,0,0,0,0,0,38
2,2393,335.16,-0.347976803779602,-0.000183140451554209,0,0,0,0,0,38
2,2394,335.3,-0.347666472196579,-0.000199821763089858,0,0,0,0,0,38
2,2395,335.44,-0.345222741365433,-0.00016832556866575,0,0,0,0,0,38
2,2396,335.58,-0.344369381666183,-0.000184112548595294,0,0,0,0,0,38
2,2397,335.72,-0.342080801725388,-0.000167392354342155,0,0,0,0,0,38
2,2398,335.86,-0.341945022344589,-0.00020371018035803,0,0,0,0,0,38
2,2399,336,-0.33843457698822,-0.000138306975713931,0,0,0,0,0,38
2,2400,336.14,-0.337561815977097,-0.00015323850675486,0,0,0,0,0,38
2,2401,336.28,-0.335312038660049,-0.000124658632557839,0,0,0,0,0,38
2,2402,336.42,-0.33480778336525,-0.000156388123286888,0,0,0,0,0,38
2,2403,336.56,-0.335505992174149,-0.000200793874682859,0,0,0,0,0,38
2,2404,336.7,-0.333644092082977,-0.000189828526345082,0,0,0,0,0,38
2,2405,336.84,-0.331374913454056,-0.000165720339282416,0,0,0,0,0,38
2,2406,336.98,-0.329357862472534,-0.000149622283061035,0,0,0,0,0,38
2,2407,337.12,-0.328039020299912,-0.000146433769259602,0,0,0,0,0,38
2,2408,337.26,-0.325595289468765,-0.00011641518358374,0,0,0,0,0,38
2,2409,337.4,-0.326623201370239,-0.000178046626388095,0,0,0,0,0,38
2,2410,337.54,-0.32194909453392,-9.17237193789333E-05,0,0,0,0,0,38
2,2411,337.68,-0.321095705032349,-0.000112137917312793,0,0,0,0,0,38
2,2412,337.82,-0.32260850071907,-0.000185356853762642,0,0,0,0,0,38
2,2413,337.96,-0.321153908967972,-0.000179290917003527,0,0,0,0,0,38
2,2414,338.1,-0.318845927715302,-0.000155610439833254,0,0,0,0,0,38
2,2415,338.24,-0.317798614501953,-0.000161909687449224,0,0,0,0,0,38
2,2416,338.38,-0.316945254802704,-0.000169530976563692,0,0,0,0,0,38
2,2417,338.52,-0.312794774770737,-0.000110349246824626,0,0,0,0,0,38
2,2418,338.66,-0.312775373458862,-0.000139162424602546,0,0,0,0,0,38
2,2419,338.8,-0.311592310667038,-0.000138462521135807,0,0,0,0,0,38
2,2420,338.94,-0.310118317604065,-0.00013542955275625,0,0,0,0,0,38
2,2421,339.08,-0.308159440755844,-0.000115793031000067,0,0,0,0,0,38
2,2422,339.22,-0.306433320045471,-0.00011513200297486,0,0,0,0,0,38
2,2423,339.36,-0.304338693618774,-9.39401215873659E-05,0,0,0,0,0,38
2,2424,339.5,-0.3050756752491,-0.000150944339111447,0,0,0,0,0,38
2,2425,339.64,-0.303310751914978,-0.000136946036946028,0,0,0,0,0,38
2,2426,339.78,-0.302030712366104,-0.000128897008835338,0,0,0,0,0,38
2,2427,339.92,-0.300673067569733,-0.000139240204589441,0,0,0,0,0,38
2,2428,340.06,-0.299393028020859,-0.000145617203088477,0,0,0,0,0,38
2,2429,340.2,-0.297666907310486,-0.000128547049826011,0,0,0,0,0,38
2,2430,340.34,-0.296367436647415,-0.000124230908113532,0,0,0,0,0,38
2,2431,340.48,-0.296677768230438,-0.000168792190379463,0,0,0,0,0,38
2,2432,340.62,-0.293632805347443,-0.00013010241673328,0,0,0,0,0,38
2,2433,340.76,-0.290568441152573,-8.23915179353207E-05,0,0,0,0,0,38
2,2434,340.9,-0.292100608348846,-0.000165214834851213,0,0,0,0,0,38
2,2435,341.04,-0.28659251332283,-6.76932904752903E-05,0,0,0,0,0,38
2,2436,341.18,-0.288551390171051,-0.00014515059592668,0,0,0,0,0,38
2,2437,341.32,-0.286864042282104,-0.000135040711029433,0,0,0,0,0,38
2,2438,341.46,-0.284323334693909,-0.000104944345366675,0,0,0,0,0,38
2,2439,341.6,-0.285234898328781,-0.000153471817611717,0,0,0,0,0,38
2,2440,341.74,-0.281006842851639,-9.30457827053033E-05,0,0,0,0,0,38
2,2441,341.88,-0.28147229552269,-0.000137140450533479,0,0,0,0,0,38
2,2442,342.02,-0.279843151569366,-0.00012574739230331,0,0,0,0,0,38
2,2443,342.16,-0.278892815113068,-0.000140290067065507,0,0,0,0,0,38
2,2444,342.3,-0.276720613241196,-0.000105022110801656,0,0,0,0,0,38
2,2445,342.44,-0.275304794311523,-0.000116259645437822,0,0,0,0,0,38
2,2446,342.58,-0.272414982318878,-7.11151005816646E-05,0,0,0,0,0,38
2,2447,342.72,-0.272802859544754,-0.000119759220979176,0,0,0,0,0,38
2,2448,342.86,-0.27076643705368,-0.000108093961898703,0,0,0,0,0,38
2,2449,343,-0.270940989255905,-0.000138540286570787,0,0,0,0,0,38
2,2450,343.14,-0.268826961517334,-0.000116065224574413,0,0,0,0,0,38
2,2451,343.28,-0.266363829374313,-8.95850898814388E-05,0,0,0,0,0,38
2,2452,343.42,-0.264540731906891,-8.08361437520944E-05,0,0,0,0,0,38
2,2453,343.56,-0.265064388513565,-0.000128974774270318,0,0,0,0,0,38
2,2454,343.7,-0.262543052434921,-9.95394439087249E-05,0,0,0,0,0,38
2,2455,343.84,-0.260293275117874,-7.16594804544002E-05,0,0,0,0,0,38
2,2456,343.98,-0.260836333036423,-0.000122753306641243,0,0,0,0,0,38
2,2457,344.12,-0.257345288991928,-7.93585495557636E-05,0,0,0,0,0,38
2,2458,344.26,-0.255851894617081,-6.60990408505313E-05,0,0,0,0,0,38
2,2459,344.4,-0.254630029201508,-7.66366574680433E-05,0,0,0,0,0,38
2,2460,344.54,-0.253311187028885,-7.10762178641744E-05,0,0,0,0,0,38
2,2461,344.68,-0.251817792654037,-7.31370746507309E-05,0,0,0,0,0,38
2,2462,344.82,-0.251526862382889,-9.21125611057505E-05,0,0,0,0,0,38
2,2463,344.96,-0.249374061822891,-6.97541545378044E-05,0,0,0,0,0,38
2,2464,345.1,-0.24886979162693,-0.000103427861176897,0,0,0,0,0,38
2,2465,345.24,-0.246658802032471,-7.79976035119034E-05,0,0,0,0,0,38
2,2466,345.38,-0.245766639709473,-8.0758378317114E-05,0,0,0,0,0,38
2,2467,345.52,-0.24530117213726,-0.000109338259790093,0,0,0,0,0,38
2,2468,345.66,-0.243439272046089,-9.42123078857549E-05,0,0,0,0,0,38
2,2469,345.8,-0.241616174578667,-8.08750337455422E-05,0,0,0,0,0,38
2,2470,345.94,-0.239191830158234,-6.91320092300884E-05,0,0,0,0,0,38
2,2471,346.08,-0.239696085453033,-0.000109610446088482,0,0,0,0,0,38
2,2472,346.22,-0.239133641123772,-0.000124075362691656,0,0,0,0,0,38
2,2473,346.36,-0.235991701483727,-8.42968365759589E-05,0,0,0,0,0,38
2,2474,346.5,-0.235855937004089,-0.000116920673463028,0,0,0,0,0,38
2,2475,346.64,-0.233392804861069,-9.00905870366842E-05,0,0,0,0,0,38
2,2476,346.78,-0.23269459605217,-9.79840770014562E-05,0,0,0,0,0,38
2,2477,346.92,-0.230309054255486,-8.05250747362152E-05,0,0,0,0,0,38
2,2478,347.06,-0.227845922112465,-4.93010702484753E-05,0,0,0,0,0,38
2,2479,347.2,-0.229106575250626,-0.000117465053335764,0,0,0,0,0,38
2,2480,347.34,-0.226100400090218,-7.47702142689377E-05,0,0,0,0,0,38
2,2481,347.48,-0.225770682096481,-9.81007251539268E-05,0,0,0,0,0,38
2,2482,347.62,-0.221251711249352,-2.65149337792536E-05,0,0,0,0,0,38
2,2483,347.76,-0.223171800374985,-0.00010832727275556,0,0,0,0,0,38
2,2484,347.9,-0.221232324838638,-8.39468848425895E-05,0,0,0,0,0,38
2,2485,348.04,-0.219506189227104,-8.64743560669012E-05,0,0,0,0,0,38
2,2486,348.18,-0.216868504881859,-4.44405450252816E-05,0,0,0,0,0,38
2,2487,348.32,-0.216228485107422,-6.94041955284774E-05,0,0,0,0,0,38
2,2488,348.46,-0.215840592980385,-8.88851718627848E-05,0,0,0,0,0,38
2,2489,348.6,-0.214269623160362,-8.64743560669012E-05,0,0,0,0,0,38
2,2490,348.74,-0.212524101138115,-7.11151005816646E-05,0,0,0,0,0,38
2,2491,348.88,-0.20963428914547,-4.46738522441592E-05,0,0,0,0,0,38
2,2492,349.02,-0.21089494228363,-0.000112060151877813,0,0,0,0,0,38
2,2493,349.16,-0.206511735916138,-3.19976061291527E-05,0,0,0,0,0,38
2,2494,349.3,-0.207365095615387,-8.7407577666454E-05,0,0,0,0,0,38
2,2495,349.44,-0.204261943697929,-3.6002675187774E-05,0,0,0,0,0,38
2,2496,349.58,-0.204203769564629,-8.04473020252772E-05,0,0,0,0,0,38
2,2497,349.72,-0.200829088687897,-3.01700492855161E-05,0,0,0,0,0,38
2,2498,349.86,-0.19939386844635,-3.36696248268709E-05,0,0,0,0,0,38
2,2499,350,-0.199859350919724,-6.67600688757375E-05,0,0,0,0,0,38
2,2500,350.14,-0.197221666574478,-4.61514500784688E-05,0,0,0,0,0,38
2,2501,350.28,-0.19607737660408,-4.27685263275635E-05,0,0,0,0,0,38
2,2502,350.42,-0.194525793194771,-3.63137514796108E-05,0,0,0,0,0,38
2,2503,350.56,-0.195127040147781,-9.54177157836966E-05,0,0,0,0,0,38
2,2504,350.7,-0.192334190011024,-5.06231335748453E-05,0,0,0,0,0,38
2,2505,350.84,-0.191248089075089,-6.54380055493675E-05,0,0,0,0,0,38
2,2506,350.98,-0.188940122723579,-3.55360680259764E-05,0,0,0,0,0,38
2,2507,351.12,-0.187427327036858,-3.96966752305161E-05,0,0,0,0,0,38
2,2508,351.26,-0.186069697141647,-4.34684407082386E-05,0,0,0,0,0,38
2,2509,351.4,-0.18442115187645,-3.67414759239182E-05,0,0,0,0,0,38
2,2510,351.54,-0.184382364153862,-6.20162027189508E-05,0,0,0,0,0,38
2,2511,351.68,-0.183975070714951,-8.68631977937184E-05,0,0,0,0,0,38
2,2512,351.82,-0.180930107831955,-4.36628615716472E-05,0,0,0,0,0,38
2,2513,351.96,-0.179533690214157,-4.75512824777979E-05,0,0,0,0,0,38
2,2514,352.1,-0.177613601088524,-3.92689471482299E-05,0,0,0,0,0,38
2,2515,352.24,-0.176624476909637,-4.37795133620966E-05,0,0,0,0,0,38
2,2516,352.38,-0.176120206713676,-5.85943926125765E-05,0,0,0,0,0,38
2,2517,352.52,-0.173715263605118,-3.7635811168002E-05,0,0,0,0,0,38
2,2518,352.66,-0.17342434823513,-6.05774839641526E-05,0,0,0,0,0,38
2,2519,352.8,-0.171038791537285,-4.23019155277871E-05,0,0,0,0,0,38
2,2520,352.94,-0.170728489756584,-7.1892784035299E-05,0,0,0,0,0,38
2,2521,353.08,-0.167489558458328,-1.35276150103891E-05,0,0,0,0,0,38
2,2522,353.22,-0.16875022649765,-8.65521215018816E-05,0,0,0,0,0,38
2,2523,353.36,-0.165491908788681,-4.54126493423246E-05,0,0,0,0,0,38
2,2524,353.5,-0.165065228939056,-6.49713983875699E-05,0,0,0,0,0,38
2,2525,353.64,-0.162524521350861,-4.54904184152838E-05,0,0,0,0,0,38
2,2526,353.78,-0.161787524819374,-4.95343738293741E-05,0,0,0,0,0,38
2,2527,353.92,-0.159673497080803,-3.01311647490365E-05,0,0,0,0,0,38
2,2528,354.06,-0.158432230353355,-3.55360680259764E-05,0,0,0,0,0,38
2,2529,354.2,-0.157443106174469,-4.67735990241636E-05,0,0,0,0,0,38
2,2530,354.34,-0.155813947319984,-3.54971816705074E-05,0,0,0,0,0,38
2,2531,354.48,-0.155484229326248,-5.97220314375591E-05,0,0,0,0,0,38
2,2532,354.62,-0.152846559882164,-3.91522953577805E-05,0,0,0,0,0,38
2,2533,354.76,-0.151624694466591,-3.32419003825635E-05,0,0,0,0,0,38
2,2534,354.9,-0.149219736456871,-1.79992966877762E-05,0,0,0,0,0,38
2,2535,355.04,-0.15001492202282,-6.53213573968969E-05,0,0,0,0,0,38
2,2536,355.18,-0.14795908331871,-5.79333609493915E-05,0,0,0,0,0,38
2,2537,355.32,-0.14695055782795,-6.23661544523202E-05,0,0,0,0,0,38
2,2538,355.46,-0.143575876951218,-1.81937175511848E-05,0,0,0,0,0,38
2,2539,355.6,-0.14378921687603,-5.30728357261978E-05,0,0,0,0,0,38
2,2540,355.74,-0.142780691385269,-5.16730069648474E-05,0,0,0,0,0,38
2,2541,355.88,-0.141073957085609,-4.38961687905248E-05,0,0,0,0,0,38
2,2542,356.02,-0.138106569647789,-1.65216988534667E-05,0,0,0,0,0,38
2,2543,356.16,-0.139444813132286,-7.68699610489421E-05,0,0,0,0,0,38
2,2544,356.3,-0.13554647564888,-1.8115950297215E-05,0,0,0,0,0,38
2,2545,356.44,-0.134867653250694,-3.41362356266472E-05,0,0,0,0,0,38
2,2546,356.58,-0.133917316794395,-4.57237256341614E-05,0,0,0,0,0,38
2,2547,356.72,-0.134130656719208,-8.57744380482472E-05,0,0,0,0,0,38
2,2548,356.86,-0.130135342478752,-1.33720786834601E-05,0,0,0,0,0,38
2,2549,357,-0.12932077050209,-3.04033528664149E-05,0,0,0,0,0,38
2,2550,357.14,-0.127866163849831,-3.06366600852925E-05,0,0,0,0,0,38
2,2551,357.28,-0.127187341451645,-5.77389400859829E-05,0,0,0,0,0,38
2,2552,357.42,-0.124122977256775,-1.22055525935139E-05,0,0,0,0,0,38
2,2553,357.56,-0.12344416230917,-2.12266841117525E-05,0,0,0,0,0,38
2,2554,357.7,-0.121950775384903,-2.97812057397095E-05,0,0,0,0,0,38
2,2555,357.84,-0.121271960437298,-3.54194125975482E-05,0,0,0,0,0,38
2,2556,357.98,-0.120437987148762,-5.53670033696108E-05,0,0,0,0,0,38
2,2557,358.12,-0.117761515080929,-2.72926190518774E-05,0,0,0,0,0,38
2,2558,358.26,-0.116559043526649,-2.9120175895514E-05,0,0,0,0,0,38
2,2559,358.4,-0.116054780781269,-4.35462097811978E-05,0,0,0,0,0,38
2,2560,358.54,-0.113164968788624,-1.53551718540257E-05,0,0,0,0,0,38
2,2561,358.68,-0.112330995500088,-2.44151888182387E-05,0,0,0,0,0,38
2,2562,358.82,-0.110391519963741,-1.39942258101655E-05,0,0,0,0,0,38
2,2563,358.96,-0.109887257218361,-3.24253305734601E-05,0,0,0,0,0,38
2,2564,359.1,-0.107191391289234,2.76271890697899E-07,0,0,0,0,0,38
2,2565,359.24,-0.105794973671436,-4.85644113723538E-06,0,0,0,0,0,38
2,2566,359.38,-0.104825235903263,-2.15766431210795E-05,0,0,0,0,0,38
2,2567,359.52,-0.104398556053638,-3.70914349332452E-05,0,0,0,0,0,38
2,2568,359.66,-0.102633632719517,-2.21210211748257E-05,0,0,0,0,0,38
2,2569,359.8,-0.102226346731186,-4.23407982452773E-05,0,0,0,0,0,38
2,2570,359.94,-0.100131720304489,-3.29697104461957E-05,0,0,0,0,0,38
2,2571,360.08,-0.098560743033886,-3.02867010759655E-05,0,0,0,0,0,38
2,2572,360.22,-0.0966988503932953,-1.78437603608472E-05,0,0,0,0,0,38
2,2573,360.36,-0.0960200354456902,-3.639152055257E-05,0,0,0,0,0,38
2,2574,360.5,-0.095496378839016,-4.69680198875722E-05,0,0,0,0,0,38
2,2575,360.64,-0.0928587019443512,-1.66772351803957E-05,0,0,0,0,0,38
2,2576,360.78,-0.0906283035874367,4.29667501578024E-08,0,0,0,0,0,38
2,2577,360.92,-0.0902791991829872,-2.83036079054E-05,0,0,0,0,0,38
2,2578,361.06,-0.0889021754264832,-1.8582559278002E-05,0,0,0,0,0,38
2,2579,361.2,-0.0869433134794235,-1.98657380678924E-05,0,0,0,0,0,38
2,2580,361.34,-0.0854693129658699,-1.55107081809547E-05,0,0,0,0,0,38
2,2581,361.48,-0.0850232318043709,-3.36696248268709E-05,0,0,0,0,0,38
2,2582,361.62,-0.0818618983030319,5.95336359765497E-06,0,0,0,0,0,38
2,2583,361.76,-0.081706739962101,-3.35140903189313E-05,0,0,0,0,0,38
2,2584,361.9,-0.080659419298172,-2.7487039915286E-05,0,0,0,0,0,38
2,2585,362.04,-0.0789720788598061,-2.74092708423268E-05,0,0,0,0,0,38
2,2586,362.18,-0.0798642411828041,-7.46146761230193E-05,0,0,0,0,0,38
2,2587,362.32,-0.0770713984966278,-3.54194125975482E-05,0,0,0,0,0,38
2,2588,362.46,-0.0754228532314301,-4.00855169573333E-05,0,0,0,0,0,38
2,2589,362.6,-0.0741040110588074,-3.21531406370923E-05,0,0,0,0,0,38
2,2590,362.74,-0.0776920318603516,-0.000145345024066046,0,0,0,0,0,38
2,2591,362.88,-0.0715826973319054,-4.17186529375613E-05,0,0,0,0,0,38
2,2592,363.02,-0.069391094148159,-2.44151888182387E-05,0,0,0,0,0,38
2,2593,363.16,-0.0678395181894302,-2.78369971056236E-05,0,0,0,0,0,38
2,2594,363.3,-0.0669861510396004,-3.89189917768817E-05,0,0,0,0,0,38
2,2595,363.44,-0.0637084394693375,5.25344830748509E-06,0,0,0,0,0,38
2,2596,363.58,-0.063359335064888,-1.32943105199956E-05,0,0,0,0,0,38
2,2597,363.72,-0.0624089948832989,-2.41429988818709E-05,0,0,0,0,0,38
2,2598,363.86,-0.0607410483062267,-2.1032263248344E-05,0,0,0,0,0,38
2,2599,364,-0.0588985532522202,-1.26332788568106E-05,0,0,0,0,0,38
2,2600,364.14,-0.0576378963887692,-1.05724166132859E-05,0,0,0,0,0,38
2,2601,364.28,-0.0570172630250454,-2.51151031989139E-05,0,0,0,0,0,38
2,2602,364.42,-0.0555044747889042,-3.19587197736837E-05,0,0,0,0,0,38
2,2603,364.56,-0.0534874275326729,-8.23936534288805E-06,0,0,0,0,0,38
2,2604,364.7,-0.0533904507756233,-3.69358967873268E-05,0,0,0,0,0,38
2,2605,364.84,-0.0509079284965992,-2.04490006581182E-05,0,0,0,0,0,38
2,2606,364.98,-0.0498024299740791,-1.63272761710687E-05,0,0,0,0,0,38
2,2607,365.12,-0.0481926687061787,-1.62495089170989E-05,0,0,0,0,0,38
2,2608,365.26,-0.0464471429586411,-1.78437603608472E-05,0,0,0,0,0,38
2,2609,365.4,-0.0458653010427952,-2.73315017693676E-05,0,0,0,0,0,38
2,2610,365.54,-0.0442555397748947,-1.91658236872172E-05,0,0,0,0,0,38
2,2611,365.68,-0.0428785160183907,-2.84202596958494E-05,0,0,0,0,0,38
2,2612,365.82,-0.0417730174958706,-3.12588053930085E-05,0,0,0,0,0,38
2,2613,365.96,-0.0392323099076748,1.2872608294856E-06,0,0,0,0,0,38
2,2614,366.1,-0.0385341010987759,-1.43441830005031E-05,0,0,0,0,0,38
2,2615,366.24,-0.0368273667991161,-5.43970418220852E-06,0,0,0,0,0,38
2,2616,366.38,-0.0347133427858353,4.31808643952536E-07,0,0,0,0,0,38
2,2617,366.52,-0.0353727601468563,-3.93856025766581E-05,0,0,0,0,0,38
2,2618,366.66,-0.0329484231770039,-2.46484942181269E-05,0,0,0,0,0,38
2,2619,366.8,-0.0313386619091034,-7.22837648936547E-06,0,0,0,0,0,38
2,2620,366.94,-0.0291664525866508,1.40023903441033E-05,0,0,0,0,0,38
2,2621,367.08,-0.029554346576333,-3.27364032273181E-05,0,0,0,0,0,38
2,2622,367.22,-0.02705242857337,-1.34109632199397E-05,0,0,0,0,0,38
2,2623,367.36,-0.0268778763711452,-3.52249917341396E-05,0,0,0,0,0,38
2,2624,367.5,-0.024104431271553,-5.47858826394076E-06,0,0,0,0,0,38
2,2625,367.64,-0.0230765119194984,-9.71696499618702E-06,0,0,0,0,0,38
2,2626,367.78,-0.0213891714811325,9.37303127557243E-07,0,0,0,0,0,38
2,2627,367.92,-0.0194496996700764,7.19765739631839E-06,0,0,0,0,0,38
2,2628,368.06,-0.0203806459903717,-4.6851364459144E-05,0,0,0,0,0,38
2,2629,368.2,-0.0176265966147184,-2.03323488676688E-05,0,0,0,0,0,38
2,2630,368.34,-0.0151246786117554,-4.81755705550313E-06,0,0,0,0,0,38
2,2631,368.48,-0.01419373229146,-3.65103119293053E-06,0,0,0,0,0,38
2,2632,368.62,-0.0139222061261535,-3.33196694555227E-05,0,0,0,0,0,38
2,2633,368.76,-0.0110323932021856,1.27969806271722E-05,0,0,0,0,0,38
2,2634,368.9,-0.0113814976066351,-4.47905040346086E-05,0,0,0,0,0,38
2,2635,369.04,-0.0098493155092001,-3.20364888466429E-05,0,0,0,0,0,38
2,2636,369.18,-0.00734739704057574,-9.95026948658051E-06,0,0,0,0,0,38
2,2637,369.32,-0.00562126748263836,1.55945008373237E-06,0,0,0,0,0,38
2,2638,369.46,-0.00496184732764959,-1.7610454960959E-05,0,0,0,0,0,38
2,2639,369.6,-0.00172292964998633,1.96017135749571E-05,0,0,0,0,0,38
2,2640,369.74,-0.00166474550496787,-3.7287995837687E-06,0,0,0,0,0,38
2,2641,369.88,-0.0011992723448202,-1.8115950297215E-05,0,0,0,0,0,38
2,2642,370.02,0.00138022494502366,4.59241709904745E-06,0,0,0,0,0,38
2,2643,370.16,0.00277664442546666,-2.44562147599936E-06,0,0,0,0,0,38
2,2644,370.3,0.00349424895830452,-1.67550024343655E-05,0,0,0,0,0,38
2,2645,370.44,0.00491006299853325,-8.62820706970524E-06,0,0,0,0,0,38
2,2646,370.58,0.00634527206420898,-8.35601804283215E-06,0,0,0,0,0,38
2,2647,370.72,0.00694650830700994,-2.99367438856279E-05,0,0,0,0,0,38
2,2648,370.86,0.00979753118008375,9.84178223006893E-06,0,0,0,0,0,38
2,2649,371,0.0110969776287675,7.81766345880897E-07,0,0,0,0,0,38
2,2650,371.14,0.011446082033217,-2.01768125407398E-05,0,0,0,0,0,38
2,2651,371.28,0.0132691860198975,-1.44219520734623E-05,0,0,0,0,0,38
2,2652,371.42,0.0150147099047899,4.70692839371623E-07,0,0,0,0,0,38
2,2653,371.56,0.0162365771830082,-5.20639878232032E-06,0,0,0,0,0,38
2,2654,371.7,0.0182536281645298,9.37303127557243E-07,0,0,0,0,0,38
2,2655,371.84,0.0215119402855635,7.40395771572366E-05,0,0,0,0,0,38
2,2656,371.98,0.0204840190708637,-8.82262884260854E-06,0,0,0,0,0,38
2,2657,372.12,0.021162835881114,-2.68648927885806E-05,0,0,0,0,0,38
2,2658,372.26,0.0238586999475956,5.33121647094958E-06,0,0,0,0,0,38
2,2659,372.4,0.0255266465246677,1.4313463907456E-05,0,0,0,0,0,38
2,2660,372.54,0.0265545658767223,1.05416975202388E-05,0,0,0,0,0,38
2,2661,372.68,0.0273885391652584,-1.07668374766945E-05,0,0,0,0,0,38
2,2662,372.82,0.0293280109763145,1.42356957439915E-05,0,0,0,0,0,38
2,2663,372.96,0.0310347452759743,8.24753078632057E-06,0,0,0,0,0,38
2,2664,373.1,0.0297934841364622,-4.84845004393719E-05,0,0,0,0,0,38
2,2665,373.24,0.0329936109483242,-9.32812326936983E-06,0,0,0,0,0,38
2,2666,373.38,0.0352433994412422,1.25247916002991E-05,0,0,0,0,0,38
2,2667,373.52,0.0349330827593803,-2.13044531847117E-05,0,0,0,0,0,38
2,2668,373.66,0.0366204231977463,-2.02934643311892E-05,0,0,0,0,0,38
2,2669,373.8,0.0376677364110947,-2.7642576242215E-05,0,0,0,0,0,38
2,2670,373.94,0.0396847873926163,-1.9904622604372E-05,0,0,0,0,0,38
2,2671,374.08,0.0410618148744106,-1.53551718540257E-05,0,0,0,0,0,38
2,2672,374.22,0.0424000471830368,-1.66772351803957E-05,0,0,0,0,0,38
2,2673,374.36,0.0440292060375214,-9.44477505981922E-06,0,0,0,0,0,38
2,2674,374.5,0.0450377315282822,-2.23543265747139E-05,0,0,0,0,0,38
2,2675,374.64,0.0469190180301666,-1.55128498136037E-06,0,0,0,0,0,38
2,2676,374.78,0.0485093854367733,3.54040253114363E-07,0,0,0,0,0,38
2,2677,374.92,0.0495373047888279,-1.01835748864687E-05,0,0,0,0,0,38
2,2678,375.06,0.0519422478973866,1.45856538438238E-05,0,0,0,0,0,38
2,2679,375.2,0.052291352301836,-9.75584862317191E-06,0,0,0,0,0,38
2,2680,375.34,0.0548514574766159,1.80074621312087E-05,0,0,0,0,0,38
2,2681,375.48,0.0554332993924618,-4.73978843729128E-06,0,0,0,0,0,38
2,2682,375.62,0.0557824037969112,-3.5380529880058E-05,0,0,0,0,0,38
2,2683,375.76,0.0579934008419514,-6.33404033578699E-06,0,0,0,0,0,38
2,2684,375.9,0.0603401623666286,8.20864624984097E-06,0,0,0,0,0,38
2,2685,376.04,0.0604565292596817,-1.03002275864128E-05,0,0,0,0,0,38
2,2686,376.18,0.0629778429865837,7.97534175944747E-06,0,0,0,0,0,38
2,2687,376.32,0.0635984763503075,-9.95026948658051E-06,0,0,0,0,0,38
2,2688,376.46,0.0658094733953476,9.02521423995495E-06,0,0,0,0,0,38
2,2689,376.6,0.0675743892788887,2.42289333982626E-05,0,0,0,0,0,38
2,2690,376.74,0.0682725980877876,7.50873095967108E-06,0,0,0,0,0,38
2,2691,376.88,0.0686992853879929,-2.30542409553891E-05,0,0,0,0,0,38
2,2692,377.02,0.0705999657511711,-7.81163907959126E-06,0,0,0,0,0,38
2,2693,377.16,0.0727333873510361,7.93645722296787E-06,0,0,0,0,0,38
2,2694,377.3,0.0741685926914215,1.68020524142776E-05,0,0,0,0,0,38
2,2695,377.44,0.0742073804140091,-2.18488312384579E-05,0,0,0,0,0,38
2,2696,377.58,0.0771747753024101,1.87462610483635E-05,0,0,0,0,0,38
2,2697,377.72,0.0776984319090843,-3.06990955323272E-07,0,0,0,0,0,38
2,2698,377.86,0.0792112201452255,2.80374410976947E-06,0,0,0,0,0,38
2,2699,378,0.0814610049128532,1.80852312041679E-05,0,0,0,0,0,38
2,2700,378.14,0.0820622444152832,-4.23429401052999E-06,0,0,0,0,0,38
2,2701,378.28,0.0832647159695625,-3.49549441125419E-06,0,0,0,0,0,38
2,2702,378.42,0.0842344537377357,-1.4733025636815E-05,0,0,0,0,0,38
2,2703,378.56,0.0862127095460892,8.20650541299983E-07,0,0,0,0,0,38
2,2704,378.7,0.0888697877526283,3.01393301924691E-05,0,0,0,0,0,38
2,2705,378.84,0.0893352627754211,1.35357804538216E-05,0,0,0,0,0,38
2,2706,378.98,0.0899946838617325,-1.29443524201633E-05,0,0,0,0,0,38
2,2707,379.12,0.0911001786589623,-1.50829828271526E-05,0,0,0,0,0,38
2,2708,379.26,0.0935827046632767,1.43912329804152E-05,0,0,0,0,0,38
2,2709,379.4,0.0946494117379189,-4.89532521896763E-06,0,0,0,0,0,38
2,2710,379.54,0.0960070416331291,-4.62527708577909E-07,0,0,0,0,0,38
2,2711,379.68,0.0975004360079765,7.08100515112164E-06,0,0,0,0,0,38
2,2712,379.82,0.0991683825850487,7.85868905950338E-06,0,0,0,0,0,38
2,2713,379.96,0.0995562747120857,-6.83953476254828E-06,0,0,0,0,0,38
2,2714,380.1,0.100603587925434,-2.42985352087999E-05,0,0,0,0,0,38
2,2715,380.24,0.103260666131973,4.16469083575066E-06,0,0,0,0,0,38
2,2716,380.38,0.104133427143097,8.5953473671907E-07,0,0,0,0,0,38
2,2717,380.52,0.106034107506275,5.68117411603453E-06,0,0,0,0,0,38
2,2718,380.66,0.107585690915585,1.17060824322834E-06,0,0,0,0,0,38
2,2719,380.8,0.107818424701691,-1.24388579934021E-05,0,0,0,0,0,38
2,2720,380.94,0.110203973948956,-5.12863061885582E-06,0,0,0,0,0,38
2,2721,381.08,0.111813738942146,1.03472766568302E-05,0,0,0,0,0,38
2,2722,381.22,0.112764075398445,-4.97309383717948E-06,0,0,0,0,0,38
2,2723,381.36,0.114625968039036,1.60243689606432E-05,0,0,0,0,0,38
2,2724,381.5,0.115498729050159,6.2622956420455E-07,0,0,0,0,0,38
2,2725,381.64,0.117593362927437,1.18637599371141E-05,0,0,0,0,0,38
2,2726,381.78,0.118136413395405,-6.2173876358429E-06,0,0,0,0,0,38
2,2727,381.92,0.119881935417652,1.01139721664367E-05,0,0,0,0,0,38
2,2728,382.06,0.121278360486031,3.34812284563668E-06,0,0,0,0,0,38
2,2729,382.2,0.123179040849209,1.55966426973464E-05,0,0,0,0,0,38
2,2730,382.34,0.123256616294384,-1.85047920240322E-05,0,0,0,0,0,38
2,2731,382.48,0.125700354576111,1.29914014905808E-05,0,0,0,0,0,38
2,2732,382.62,0.126922219991684,9.68624590313993E-06,0,0,0,0,0,38
2,2733,382.76,0.127698004245758,-7.73387091612676E-06,0,0,0,0,0,38
2,2734,382.9,0.129424139857292,2.37387695278812E-07,0,0,0,0,0,38
2,2735,383.04,0.131286025047302,9.95843493001303E-06,0,0,0,0,0,38
2,2736,383.18,0.131576955318451,-1.64050452440279E-05,0,0,0,0,0,38
2,2737,383.32,0.13372977077961,-3.80656797460688E-06,0,0,0,0,0,38
2,2738,383.46,0.135029211640358,1.20949243864743E-06,0,0,0,0,0,38
2,2739,383.6,0.136328652501106,-3.61214711119828E-06,0,0,0,0,0,38
2,2740,383.74,0.139179676771164,2.72618999588303E-05,0,0,0,0,0,38
2,2741,383.88,0.139625757932663,4.43688031737111E-06,0,0,0,0,0,38
2,2742,384.02,0.140498518943787,1.44279761116195E-06,0,0,0,0,0,38
2,2743,384.16,0.141817361116409,-7.22837648936547E-06,0,0,0,0,0,38
2,2744,384.3,0.144241705536842,1.68020524142776E-05,0,0,0,0,0,38
2,2745,384.44,0.144125327467918,-1.55495927174343E-05,0,0,0,0,0,38
2,2746,384.58,0.146569073200226,6.8088156695012E-06,0,0,0,0,0,38
2,2747,384.72,0.147053942084312,-1.3255425983516E-05,0,0,0,0,0,38
2,2748,384.86,0.149109780788422,-3.02888429359882E-06,0,0,0,0,0,38
2,2749,385,0.15040922164917,-1.20132733627543E-06,0,0,0,0,0,38
2,2750,385.14,0.151495322585106,-5.9451986089698E-06,0,0,0,0,0,38
2,2751,385.28,0.154249370098114,2.39567434618948E-05,0,0,0,0,0,38
2,2752,385.42,0.154152408242226,-1.31387732835719E-05,0,0,0,0,0,38
2,2753,385.56,0.155141532421112,-2.41041143453913E-05,0,0,0,0,0,38
2,2754,385.7,0.158516213297844,2.84284251392819E-05,0,0,0,0,0,38
2,2755,385.84,0.158942893147469,-1.9401268218644E-06,0,0,0,0,0,38
2,2756,385.98,0.160378098487854,7.35319417799474E-06,0,0,0,0,0,38
2,2757,386.12,0.161755129694939,-2.75669481197838E-06,0,0,0,0,0,38
2,2758,386.26,0.163073971867561,1.71498686540872E-06,0,0,0,0,0,38
2,2759,386.4,0.16532376408577,2.21680711547378E-05,0,0,0,0,0,38
2,2760,386.54,0.165711656212807,-3.26218923873967E-06,0,0,0,0,0,38
2,2761,386.68,0.168407514691353,2.44233542616712E-05,0,0,0,0,0,38
2,2762,386.82,0.168911784887314,1.05028138932539E-05,0,0,0,0,0,38
2,2763,386.96,0.170094862580299,-1.82347434929397E-06,0,0,0,0,0,38
2,2764,387.1,0.171258538961411,-9.71696499618702E-06,0,0,0,0,0,38
2,2765,387.24,0.173702269792557,1.03861611933098E-05,0,0,0,0,0,38
2,2766,387.38,0.174633219838142,1.02306239568861E-05,0,0,0,0,0,38
2,2767,387.52,0.175331428647041,-4.46759941041819E-06,0,0,0,0,0,38
2,2768,387.66,0.176805421710014,-6.33404033578699E-06,0,0,0,0,0,38
2,2769,387.8,0.179152190685272,1.61410207510926E-05,0,0,0,0,0,38
2,2770,387.94,0.179501295089722,-8.20048171590315E-06,0,0,0,0,0,38
2,2771,388.08,0.180839523673058,-1.10779110400472E-05,0,0,0,0,0,38
2,2772,388.22,0.182837188243866,1.75387106082781E-06,0,0,0,0,0,38
2,2773,388.36,0.184175416827202,-2.52338963946386E-06,0,0,0,0,0,38
2,2774,388.5,0.185397282242775,3.69808049072162E-06,0,0,0,0,0,38
2,2775,388.64,0.186289444565773,-1.09223747131182E-05,0,0,0,0,0,38
2,2776,388.78,0.188209518790245,-4.42871487393859E-06,0,0,0,0,0,38
2,2777,388.92,0.190323546528816,1.5791063560755E-05,0,0,0,0,0,38
2,2778,389.06,0.190633863210678,-5.28416740053217E-06,0,0,0,0,0,38
2,2779,389.2,0.192166045308113,-5.75077729081386E-06,0,0,0,0,0,38
2,2780,389.34,0.19400854408741,3.15370198222809E-06,0,0,0,0,0,38
2,2781,389.48,0.194745540618896,-1.54718254634645E-05,0,0,0,0,0,38
2,2782,389.62,0.195792853832245,-2.17321794480085E-05,0,0,0,0,0,38
2,2783,389.76,0.198275372385979,3.23147037306626E-06,0,0,0,0,0,38
2,2784,389.9,0.200098484754562,1.28358651636518E-05,0,0,0,0,0,38
2,2785,390.04,0.200680330395699,-9.36700689635472E-06,0,0,0,0,0,38
2,2786,390.18,0.203589528799057,3.91215762647334E-05,0,0,0,0,0,38
2,2787,390.32,0.203996822237968,1.55188736243872E-05,0,0,0,0,0,38
2,2788,390.46,0.205276876688004,4.47576439910335E-06,0,0,0,0,0,38
2,2789,390.6,0.206944823265076,1.62965570780216E-05,0,0,0,0,0,38
2,2790,390.74,0.208477005362511,1.09305401565507E-05,0,0,0,0,0,38
2,2791,390.88,0.209524318575859,1.40801594170625E-05,0,0,0,0,0,38
2,2792,391.02,0.210513442754745,-1.04579055459908E-06,0,0,0,0,0,38
2,2793,391.16,0.213170528411865,2.38789743889356E-05,0,0,0,0,0,38
2,2794,391.3,0.213151127099991,-8.86151246959344E-06,0,0,0,0,0,38
2,2795,391.44,0.214663907885551,-7.53945005271817E-06,0,0,0,0,0,38
2,2796,391.58,0.216060340404511,1.40391341574286E-06,0,0,0,0,0,38
2,2797,391.72,0.217340379953384,-5.9451986089698E-06,0,0,0,0,0,38
2,2798,391.86,0.217922225594521,-1.88936337508494E-05,0,0,0,0,0,38
2,2799,392,0.221374481916428,2.09237769013271E-05,0,0,0,0,0,38
2,2800,392.14,0.22269332408905,1.86684937943937E-05,0,0,0,0,0,38
2,2801,392.28,0.223682463169098,8.63637251313776E-06,0,0,0,0,0,38
2,2802,392.42,0.224438846111298,-7.85052361607086E-06,0,0,0,0,0,38
2,2803,392.56,0.225583136081696,-1.28665842566988E-05,0,0,0,0,0,38
2,2804,392.7,0.226824402809143,-9.95026948658051E-06,0,0,0,0,0,38
2,2805,392.84,0.229268133640289,1.0619466593198E-05,0,0,0,0,0,38
2,2806,392.98,0.230567574501038,8.63637251313776E-06,0,0,0,0,0,38
2,2807,393.12,0.232060968875885,7.19765739631839E-06,0,0,0,0,0,38
2,2808,393.26,0.233360424637794,8.24753078632057E-06,0,0,0,0,0,38
2,2809,393.4,0.234291359782219,-7.88940815255046E-06,0,0,0,0,0,38
2,2810,393.54,0.23615325987339,3.19258606396033E-06,0,0,0,0,0,38
2,2811,393.68,0.23785999417305,8.86967791302595E-06,0,0,0,0,0,38
2,2812,393.82,0.239353388547897,1.48578428706969E-05,0,0,0,0,0,38
2,2813,393.96,0.240652829408646,1.11249610199593E-05,0,0,0,0,0,38
2,2814,394.1,0.242359563708305,1.90962200576905E-05,0,0,0,0,0,38
2,2815,394.24,0.242165625095367,-2.60115803030203E-06,0,0,0,0,0,38
2,2816,394.38,0.244570568203926,1.31469387270045E-05,0,0,0,0,0,38
2,2817,394.52,0.24594758450985,6.41997394268401E-06,0,0,0,0,0,38
2,2818,394.66,0.247247040271759,1.0619466593198E-05,0,0,0,0,0,38
2,2819,394.8,0.247479766607285,-1.86992128874408E-05,0,0,0,0,0,38
2,2820,394.94,0.250195026397705,9.37517233978724E-06,0,0,0,0,0,38
2,2821,395.08,0.250679910182953,-1.46163729368709E-05,0,0,0,0,0,38
2,2822,395.22,0.253666698932648,2.50843841058668E-05,0,0,0,0,0,38
2,2823,395.36,0.254326105117798,1.63721847457055E-06,0,0,0,0,0,38
2,2824,395.5,0.255761325359344,1.17082236101851E-05,0,0,0,0,0,38
2,2825,395.64,0.257468044757843,1.38079694806947E-05,0,0,0,0,0,38
2,2826,395.78,0.257642596960068,-5.24528286405257E-06,0,0,0,0,0,38
2,2827,395.92,0.258942037820816,-1.48107938002795E-05,0,0,0,0,0,38
2,2828,396.06,0.261172443628311,1.63721847457055E-06,0,0,0,0,0,38
2,2829,396.2,0.262239158153534,8.5953473671907E-07,0,0,0,0,0,38
2,2830,396.34,0.264663487672806,1.76186204043916E-05,0,0,0,0,0,38
2,2831,396.48,0.26443076133728,-1.53940563905053E-05,0,0,0,0,0,38
2,2832,396.62,0.26774725317955,2.29846391448518E-05,0,0,0,0,0,38
2,2833,396.76,0.267436921596527,-1.43052993735182E-05,0,0,0,0,0,38
2,2834,396.9,0.269201844930649,1.48168180658104E-06,0,0,0,0,0,38
2,2835,397.04,0.270734041929245,-3.41772602041601E-06,0,0,0,0,0,38
2,2836,397.18,0.272867470979691,1.24470234368346E-05,0,0,0,0,0,38
2,2837,397.32,0.27362385392189,3.4647753182071E-06,0,0,0,0,0,38
2,2838,397.46,0.275582730770111,9.02521423995495E-06,0,0,0,0,0,38
2,2839,397.6,0.275990009307861,-8.66709160618484E-06,0,0,0,0,0,38
2,2840,397.74,0.277774333953857,1.90940795619099E-06,0,0,0,0,0,38
2,2841,397.88,0.27934530377388,3.30923876390443E-06,0,0,0,0,0,38
2,2842,398.02,0.281148999929428,9.18075147637865E-06,0,0,0,0,0,38
2,2843,398.16,0.282933324575424,1.6607631550869E-05,0,0,0,0,0,38
2,2844,398.3,0.284523665904999,2.3023521862342E-05,0,0,0,0,0,38
2,2845,398.44,0.284930974245071,3.89250135413022E-06,0,0,0,0,0,38
2,2846,398.58,0.287452280521393,2.73785517492797E-05,0,0,0,0,0,38
2,2847,398.72,0.287083774805069,-1.22833216664731E-05,0,0,0,0,0,38
2,2848,398.86,0.289682686328888,8.63637251313776E-06,0,0,0,0,0,38
2,2849,399,0.289391756057739,-1.85047920240322E-05,0,0,0,0,0,38
2,2850,399.14,0.291971236467361,5.17567968927324E-06,0,0,0,0,0,38
2,2851,399.28,0.293891340494156,7.23654193279799E-06,0,0,0,0,0,38
2,2852,399.42,0.295753210783005,2.76896262221271E-05,0,0,0,0,0,38
2,2853,399.56,0.294434368610382,-3.21142579196021E-05,0,0,0,0,0,38
2,2854,399.7,0.296994477510452,-9.60031229624292E-06,0,0,0,0,0,38
2,2855,399.84,0.299050331115723,6.6921629695571E-06,0,0,0,0,0,38
2,2856,399.98,0.300970405340195,1.91739873116603E-05,0,0,0,0,0,38
2,2857,400.12,0.301668614149094,2.57043916462862E-06,0,0,0,0,0,38
2,2858,400.26,0.303879618644714,2.65230992226861E-05,0,0,0,0,0,38
2,2859,400.4,0.304461449384689,-2.32896877605526E-06,0,0,0,0,0,38
2,2860,400.54,0.304752379655838,-2.14599895116407E-05,0,0,0,0,0,38
2,2861,400.68,0.307370662689209,2.41490238295228E-06,0,0,0,0,0,38
2,2862,400.82,0.308825254440308,5.87345425628882E-07,0,0,0,0,0,38
2,2863,400.96,0.308883428573608,-2.60872093349462E-05,0,0,0,0,0,38
2,2864,401.1,0.311656892299652,1.00750876299571E-05,0,0,0,0,0,38
2,2865,401.24,0.312742978334427,2.45378646468453E-06,0,0,0,0,0,38
2,2866,401.38,0.314798831939697,1.11638446469442E-05,0,0,0,0,0,38
2,2867,401.52,0.31561341881752,-1.59016917677945E-06,0,0,0,0,0,38
2,2868,401.66,0.317824393510818,2.3684553525527E-05,0,0,0,0,0,38
2,2869,401.8,0.317863196134567,-1.01058067230042E-05,0,0,0,0,0,38
2,2870,401.94,0.31883293390274,-1.90491700777784E-05,0,0,0,0,0,38
2,2871,402.08,0.322440356016159,2.69897100224625E-05,0,0,0,0,0,38
2,2872,402.22,0.323216140270233,1.90962200576905E-05,0,0,0,0,0,38
2,2873,402.36,0.324166476726532,4.94237474413239E-06,0,0,0,0,0,38
2,2874,402.5,0.325349569320679,3.11481767312216E-06,0,0,0,0,0,38
2,2875,402.64,0.326804161071777,2.88151250060764E-06,0,0,0,0,0,38
2,2876,402.78,0.32827815413475,9.37303127557243E-07,0,0,0,0,0,38
2,2877,402.92,0.329926699399948,1.13582655103528E-05,0,0,0,0,0,38
2,2878,403.06,0.330353379249573,-4.73978843729128E-06,0,0,0,0,0,38
2,2879,403.2,0.332758337259293,1.0619466593198E-05,0,0,0,0,0,38
2,2880,403.34,0.334368109703064,1.306917056354E-05,0,0,0,0,0,38
2,2881,403.48,0.335299044847488,1.13971500468324E-05,0,0,0,0,0,38
2,2882,403.62,0.336423933506012,-1.43463239510311E-06,0,0,0,0,0,38
2,2883,403.76,0.337277293205261,-1.2166668966529E-05,0,0,0,0,0,38
2,2884,403.9,0.339042216539383,-1.25555106933462E-05,0,0,0,0,0,38
2,2885,404.04,0.340399861335754,-3.9621049836569E-06,0,0,0,0,0,38
2,2886,404.18,0.341912657022476,-9.36700689635472E-06,0,0,0,0,0,38
2,2887,404.32,0.343832731246948,7.66426819609478E-06,0,0,0,0,0,38
2,2888,404.46,0.344802469015121,-5.43970418220852E-06,0,0,0,0,0,38
2,2889,404.6,0.346780717372894,3.93138589060982E-06,0,0,0,0,0,38
2,2890,404.74,0.347808629274368,-4.89532521896763E-06,0,0,0,0,0,38
2,2891,404.88,0.350058436393738,2.00294398382539E-05,0,0,0,0,0,38
2,2892,405.02,0.350698441267014,7.81980452302378E-06,0,0,0,0,0,38
2,2893,405.16,0.35263791680336,1.80463466676883E-05,0,0,0,0,0,38
2,2894,405.3,0.353239148855209,4.31808643952536E-07,0,0,0,0,0,38
2,2895,405.44,0.354402840137482,-3.88433636544505E-06,0,0,0,0,0,38
2,2896,405.58,0.356478065252304,3.15370198222809E-06,0,0,0,0,0,38
2,2897,405.72,0.358495116233826,2.34123654081486E-05,0,0,0,0,0,38
2,2898,405.86,0.359503656625748,1.1436034583312E-05,0,0,0,0,0,38
2,2899,406,0.360589742660522,1.015071461552E-06,0,0,0,0,0,38
2,2900,406.14,0.361889213323593,2.7259757189313E-06,0,0,0,0,0,38
2,2901,406.28,0.363479554653168,5.95336359765497E-06,0,0,0,0,0,38
2,2902,406.42,0.365244477987289,1.06972347566625E-05,0,0,0,0,0,38
2,2903,406.56,0.365845710039139,-2.05677952180849E-06,0,0,0,0,0,38
2,2904,406.7,0.36786276102066,1.15138027467765E-05,0,0,0,0,0,38
2,2905,406.84,0.368716150522232,-3.68991550203646E-06,0,0,0,0,0,38
2,2906,406.98,0.37011256814003,1.90940795619099E-06,0,0,0,0,0,38
2,2907,407.12,0.371043503284454,-1.74160340975504E-05,0,0,0,0,0,38
2,2908,407.26,0.373351484537125,1.15138027467765E-05,0,0,0,0,0,38
2,2909,407.4,0.3739914894104,-2.75669481197838E-06,0,0,0,0,0,38
2,2910,407.54,0.375950366258621,5.56452187083778E-06,0,0,0,0,0,38
2,2911,407.68,0.377114057540894,-1.9401268218644E-06,0,0,0,0,0,38
2,2912,407.82,0.379266858100891,1.60632534971228E-05,0,0,0,0,0,38
2,2913,407.96,0.380488723516464,8.09199354989687E-06,0,0,0,0,0,38
2,2914,408.1,0.381245136260986,1.83163945166598E-06,0,0,0,0,0,38
2,2915,408.24,0.383145809173584,1.12416137199034E-05,0,0,0,0,0,38
2,2916,408.38,0.383921593427658,-1.00280385595397E-05,0,0,0,0,0,38
2,2917,408.52,0.385802894830704,7.66426819609478E-06,0,0,0,0,0,38
2,2918,408.66,0.387722969055176,1.77352721948409E-05,0,0,0,0,0,38
2,2919,408.8,0.388304799795151,-4.77867251902353E-06,0,0,0,0,0,38
2,2920,408.94,0.390108525753021,7.58649957788293E-06,0,0,0,0,0,38
2,2921,409.08,0.391194611787796,2.60932324636087E-06,0,0,0,0,0,38
2,2922,409.22,0.392804384231567,5.33121647094958E-06,0,0,0,0,0,38
2,2923,409.36,0.39447233080864,1.21359498734819E-05,0,0,0,0,0,38
2,2924,409.5,0.395868748426437,1.00750876299571E-05,0,0,0,0,0,38
2,2925,409.64,0.396702706813812,-1.08467475001817E-06,0,0,0,0,0,38
2,2926,409.78,0.398564606904984,1.43523484439356E-05,0,0,0,0,0,38
2,2927,409.92,0.400019198656082,6.7310475060367E-06,0,0,0,0,0,38
2,2928,410.06,0.400969564914703,6.34220532447216E-06,0,0,0,0,0,38
2,2929,410.2,0.402462959289551,4.20357491748291E-06,0,0,0,0,0,38
2,2930,410.34,0.403122365474701,-1.28665842566988E-05,0,0,0,0,0,38
2,2931,410.48,0.405255794525146,5.09577034790709E-07,0,0,0,0,0,38
2,2932,410.62,0.40713706612587,1.14749182102969E-05,0,0,0,0,0,38
2,2933,410.76,0.407583147287369,-8.23936534288805E-06,0,0,0,0,0,38
2,2934,410.9,0.409367471933365,4.00915405407432E-06,0,0,0,0,0,38
2,2935,411.04,0.410841464996338,4.29667501578024E-08,0,0,0,0,0,38
2,2936,411.18,0.412955492734909,1.23303707368905E-05,0,0,0,0,0,38
2,2937,411.32,0.413731276988983,5.52563733435818E-06,0,0,0,0,0,38
2,2938,411.46,0.415147095918655,6.6921629695571E-06,0,0,0,0,0,38
2,2939,411.6,0.416155606508255,-5.82854590902571E-06,0,0,0,0,0,38
2,2940,411.74,0.417144745588303,-1.27110470202751E-05,0,0,0,0,0,38
2,2941,411.88,0.420034557580948,1.78130412678001E-05,0,0,0,0,0,38
2,2942,412.02,0.421023696660995,1.06972347566625E-05,0,0,0,0,0,38
2,2943,412.16,0.422749817371368,1.645209522394E-05,0,0,0,0,0,38
2,2944,412.3,0.423874706029892,1.61799052875722E-05,0,0,0,0,0,38
2,2945,412.44,0.425096571445465,9.56959320319584E-06,0,0,0,0,0,38
2,2946,412.58,0.425833582878113,-1.068906931323E-05,0,0,0,0,0,38
2,2947,412.72,0.427094221115112,-9.91138585959561E-06,0,0,0,0,0,38
2,2948,412.86,0.429460376501083,1.33024750539334E-05,0,0,0,0,0,38
2,2949,413,0.430119812488556,-9.68022163760907E-07,0,0,0,0,0,38
2,2950,413.14,0.432136863470078,3.42589123647485E-06,0,0,0,0,0,38
2,2951,413.28,0.4332035779953,2.41490238295228E-06,0,0,0,0,0,38
2,2952,413.42,0.435065478086472,7.39207871447434E-06,0,0,0,0,0,38
2,2953,413.56,0.436403691768646,3.81473319066572E-06,0,0,0,0,0,38
2,2954,413.7,0.437354028224945,-7.73601243508892E-07,0,0,0,0,0,38
2,2955,413.84,0.438692271709442,2.68709163719905E-06,0,0,0,0,0,38
2,2956,413.98,0.440457195043564,5.13679560754099E-06,0,0,0,0,0,38
2,2957,414.12,0.442183315753937,1.37302013172302E-05,0,0,0,0,0,38
2,2958,414.26,0.44325003027916,4.12580675401841E-06,0,0,0,0,0,38
2,2959,414.4,0.444200366735458,-8.51369634347066E-07,0,0,0,0,0,38
2,2960,414.54,0.445480436086655,-4.31206262874184E-06,0,0,0,0,0,38
2,2961,414.68,0.447846591472626,1.97572499018861E-05,0,0,0,0,0,38
2,2962,414.82,0.449204206466675,1.17859917736496E-05,0,0,0,0,0,38
2,2963,414.96,0.450096368789673,6.34220532447216E-06,0,0,0,0,0,38
2,2964,415.1,0.451279431581497,6.18666854279581E-06,0,0,0,0,0,38
2,2965,415.24,0.453102558851242,5.02014290759689E-06,0,0,0,0,0,38
2,2966,415.38,0.454285621643066,7.43096279620659E-06,0,0,0,0,0,38
2,2967,415.52,0.455720841884613,3.97026997234207E-06,0,0,0,0,0,38
2,2968,415.66,0.456748753786087,-1.78459015387489E-06,0,0,0,0,0,38
2,2969,415.8,0.458494275808334,4.70692839371623E-07,0,0,0,0,0,38
2,2970,415.94,0.460511326789856,1.31858223539894E-05,0,0,0,0,0,38
2,2971,416.08,0.461093187332153,6.2622956420455E-07,0,0,0,0,0,38
2,2972,416.22,0.462489604949951,4.94237474413239E-06,0,0,0,0,0,38
2,2973,416.36,0.463420540094376,-1.068906931323E-05,0,0,0,0,0,38
2,2974,416.5,0.465553969144821,5.95336359765497E-06,0,0,0,0,0,38
2,2975,416.64,0.467086136341095,3.97026997234207E-06,0,0,0,0,0,38
2,2976,416.78,0.468036472797394,1.2872608294856E-06,0,0,0,0,0,38
2,2977,416.92,0.469801396131516,2.7259757189313E-06,0,0,0,0,0,38
2,2978,417.06,0.470615983009338,-4.81755705550313E-06,0,0,0,0,0,38
2,2979,417.2,0.473001539707184,1.12027291834238E-05,0,0,0,0,0,38
2,2980,417.34,0.474494934082031,1.85907247214345E-05,0,0,0,0,0,38
2,2981,417.48,0.475290089845657,8.01422538643237E-06,0,0,0,0,0,38
2,2982,417.62,0.476511985063553,2.02606042876141E-06,0,0,0,0,0,38
2,2983,417.76,0.478238105773926,5.87345425628882E-07,0,0,0,0,0,38
2,2984,417.9,0.479440569877625,-3.9621049836569E-06,0,0,0,0,0,38
2,2985,418.04,0.480740010738373,5.02014290759689E-06,0,0,0,0,0,38
2,2986,418.18,0.482892841100693,9.53070866671624E-06,0,0,0,0,0,38
2,2987,418.32,0.483241945505142,-2.17343199437892E-06,0,0,0,0,0,38
2,2988,418.46,0.485840827226639,1.40412748805829E-05,0,0,0,0,0,38
2,2989,418.6,0.486442059278488,2.37601807384635E-06,0,0,0,0,0,38
2,2990,418.74,0.48785787820816,6.65327888782485E-06,0,0,0,0,0,38
2,2991,418.88,0.489196121692657,2.92039680971357E-06,0,0,0,0,0,38
2,2992,419.02,0.491058021783829,7.74203635955928E-06,0,0,0,0,0,38
2,2993,419.16,0.491853177547455,7.81766345880897E-07,0,0,0,0,0,38
2,2994,419.3,0.493016868829727,-8.86151246959344E-06,0,0,0,0,0,38
2,2995,419.44,0.495227873325348,1.50133801071206E-05,0,0,0,0,0,38
2,2996,419.58,0.496061831712723,-3.26218923873967E-06,0,0,0,0,0,38
2,2997,419.72,0.497768580913544,-1.66793756761763E-06,0,0,0,0,0,38
2,2998,419.86,0.498466789722443,-1.36053840833483E-05,0,0,0,0,0,38
2,2999,420,0.500561416149139,1.98717611965549E-06,0,0,0,0,0,38
2,3000,420.14,0.498718917369843,-7.85052361607086E-06,0,0,0,0,0,38
2,3001,420.28,0.49674066901207,-1.17778272397118E-05,0,0,0,0,0,38
2,3002,420.42,0.495596379041672,-6.99507154422463E-06,0,0,0,0,0,38
2,3003,420.56,0.495014518499374,7.31431009626249E-06,0,0,0,0,0,38
2,3004,420.7,0.492978096008301,3.54040253114363E-07,0,0,0,0,0,38
2,3005,420.84,0.491387724876404,-4.77867251902353E-06,0,0,0,0,0,38
2,3006,420.98,0.49035981297493,2.76271890697899E-07,0,0,0,0,0,38
2,3007,421.12,0.488381534814835,-7.77275545260636E-06,0,0,0,0,0,38
2,3008,421.26,0.487722128629684,2.84262841887539E-06,0,0,0,0,0,38
2,3009,421.4,0.486500263214111,4.47576439910335E-06,0,0,0,0,0,38
2,3010,421.54,0.484851688146591,-5.01197791891173E-06,0,0,0,0,0,38
2,3011,421.68,0.483591049909592,5.33121647094958E-06,0,0,0,0,0,38
2,3012,421.82,0.48141884803772,-4.66202027382678E-06,0,0,0,0,0,38
2,3013,421.96,0.480933964252472,7.43096279620659E-06,0,0,0,0,0,38
2,3014,422.1,0.479712098836899,5.21456377100549E-06,0,0,0,0,0,38
2,3015,422.24,0.477656245231628,1.59619318651494E-07,0,0,0,0,0,38
2,3016,422.38,0.477210193872452,2.02627452381421E-05,0,0,0,0,0,38
2,3017,422.52,0.475231915712357,1.23692543638754E-05,0,0,0,0,0,38
2,3018,422.66,0.473777323961258,6.14778446106357E-06,0,0,0,0,0,38
2,3019,422.8,0.472458481788635,7.35319417799474E-06,0,0,0,0,0,38
2,3020,422.94,0.470674157142639,5.99224767938722E-06,0,0,0,0,0,38
2,3021,423.08,0.469180762767792,8.5953473671907E-07,0,0,0,0,0,38
2,3022,423.22,0.468036472797394,5.99224767938722E-06,0,0,0,0,0,38
2,3023,423.36,0.466872811317444,2.7259757189313E-06,0,0,0,0,0,38
2,3024,423.5,0.465301811695099,4.08256095596471E-09,0,0,0,0,0,38
2,3025,423.64,0.463789045810699,-3.37884193868376E-06,0,0,0,0,0,38
2,3026,423.78,0.462683528661728,6.6921629695571E-06,0,0,0,0,0,38
2,3027,423.92,0.461578041315079,1.05028138932539E-05,0,0,0,0,0,38
2,3028,424.06,0.460045844316483,1.48189583342173E-05,0,0,0,0,0,38
2,3029,424.2,0.458552449941635,7.0032365329098E-06,0,0,0,0,0,38
2,3030,424.34,0.456806927919388,5.87559497944312E-06,0,0,0,0,0,38
2,3031,424.48,0.454945057630539,-7.92829177953536E-06,0,0,0,0,0,38
2,3032,424.62,0.45399472117424,-6.56948657251633E-07,0,0,0,0,0,38
2,3033,424.76,0.452811628580093,6.88658428771305E-06,0,0,0,0,0,38
2,3034,424.9,0.450736403465271,-3.65103119293053E-06,0,0,0,0,0,38
2,3035,425.04,0.449863642454147,1.24837663406652E-06,0,0,0,0,0,38
2,3036,425.18,0.4483702480793,7.4288215046181E-07,0,0,0,0,0,38
2,3037,425.32,0.447710812091827,9.41405596677214E-06,0,0,0,0,0,38
2,3038,425.46,0.445674359798431,1.09283985239017E-06,0,0,0,0,0,38
2,3039,425.6,0.444549471139908,9.64736136666033E-06,0,0,0,0,0,38
2,3040,425.74,0.442862153053284,-2.6789264211402E-06,0,0,0,0,0,38
2,3041,425.88,0.441116601228714,-3.88433636544505E-06,0,0,0,0,0,38
2,3042,426.02,0.440457195043564,4.59241709904745E-06,0,0,0,0,0,38
2,3043,426.16,0.438672870397568,5.72005819776678E-06,0,0,0,0,0,38
2,3044,426.3,0.437703132629395,1.02695084933657E-05,0,0,0,0,0,38
2,3045,426.44,0.436423093080521,1.87462610483635E-05,0,0,0,0,0,38
2,3046,426.58,0.434289664030075,-1.08467475001817E-06,0,0,0,0,0,38
2,3047,426.72,0.432602345943451,-6.37292441751924E-06,0,0,0,0,0,38
2,3048,426.86,0.432039886713028,1.09694237835356E-05,0,0,0,0,0,38
2,3049,427,0.430197387933731,9.53070866671624E-06,0,0,0,0,0,38
2,3050,427.14,0.429557353258133,2.22458384087076E-05,0,0,0,0,0,38
2,3051,427.28,0.427404552698135,-1.47351659052219E-06,0,0,0,0,0,38
2,3052,427.42,0.426066309213638,-1.12570006649548E-07,0,0,0,0,0,38
2,3053,427.56,0.42461171746254,4.94237474413239E-06,0,0,0,0,0,38
2,3054,427.7,0.422691643238068,-9.05593333300203E-06,0,0,0,0,0,38
2,3055,427.84,0.421741306781769,2.25936560127593E-06,0,0,0,0,0,38
2,3056,427.98,0.420635789632797,4.6313011807797E-06,0,0,0,0,0,38
2,3057,428.12,0.41863813996315,-1.97901113097032E-06,0,0,0,0,0,38
2,3058,428.26,0.417532652616501,8.20650541299983E-07,0,0,0,0,0,38
2,3059,428.4,0.416388362646103,5.29233238921734E-06,0,0,0,0,0,38
2,3060,428.54,0.414701014757156,1.09283985239017E-06,0,0,0,0,0,38
2,3061,428.68,0.413033068180084,-3.14553676616924E-06,0,0,0,0,0,38
2,3062,428.82,0.411888778209686,-2.29222578695953E-07,0,0,0,0,0,38
2,3063,428.96,0.410589337348938,1.05395565697108E-06,0,0,0,0,0,38
2,3064,429.1,0.40944504737854,8.55860434967326E-06,0,0,0,0,0,38
2,3065,429.24,0.407874077558517,8.28641532280017E-06,0,0,0,0,0,38
2,3066,429.38,0.406361281871796,9.76187266132911E-07,0,0,0,0,0,38
2,3067,429.52,0.405410945415497,5.09791152580874E-06,0,0,0,0,0,38
2,3068,429.66,0.403199940919876,-1.08057220131741E-05,0,0,0,0,0,38
2,3069,429.8,0.401978075504303,5.13679560754099E-06,0,0,0,0,0,38
2,3070,429.94,0.40091136097908,4.08256095596471E-09,0,0,0,0,0,38
2,3071,430.08,0.399961024522781,1.10471919470001E-05,0,0,0,0,0,38
2,3072,430.22,0.398157328367233,-2.01789521270257E-06,0,0,0,0,0,38
2,3073,430.36,0.397265166044235,1.24859070638195E-05,0,0,0,0,0,38
2,3074,430.5,0.394995987415314,1.94829203792324E-06,0,0,0,0,0,38
2,3075,430.64,0.393812894821167,6.26443716100766E-06,0,0,0,0,0,38
2,3076,430.78,0.392629832029343,6.76993158776895E-06,0,0,0,0,0,38
2,3077,430.92,0.391524314880371,1.68020524142776E-05,0,0,0,0,0,38
2,3078,431.06,0.390108525753021,1.58688326337142E-05,0,0,0,0,0,38
2,3079,431.2,0.388615131378174,8.13087808637647E-06,0,0,0,0,0,38
2,3080,431.34,0.386345952749252,-3.76768389287463E-06,0,0,0,0,0,38
2,3081,431.48,0.385822266340256,1.05416975202388E-05,0,0,0,0,0,38
2,3082,431.62,0.384445250034332,9.64736136666033E-06,0,0,0,0,0,38
2,3083,431.76,0.382816106081009,7.0421210693894E-06,0,0,0,0,0,38
2,3084,431.9,0.381186932325363,6.38108940620441E-06,0,0,0,0,0,38
2,3085,432.04,0.379945695400238,9.60847773967544E-06,0,0,0,0,0,38
2,3086,432.18,0.378646224737167,2.3371339921141E-06,0,0,0,0,0,38
2,3087,432.32,0.377482563257217,1.18637599371141E-05,0,0,0,0,0,38
2,3088,432.46,0.375659435987473,9.37303127557243E-07,0,0,0,0,0,38
2,3089,432.6,0.374243646860123,4.28134353569476E-06,0,0,0,0,0,38
2,3090,432.74,0.372750252485275,3.19258606396033E-06,0,0,0,0,0,38
2,3091,432.88,0.371877491474152,1.03472766568302E-05,0,0,0,0,0,38
2,3092,433.02,0.37011256814003,-3.18442107527517E-06,0,0,0,0,0,38
2,3093,433.16,0.368735522031784,6.18666854279581E-06,0,0,0,0,0,38
2,3094,433.3,0.367280930280685,-1.35686411795177E-06,0,0,0,0,0,38
2,3095,433.44,0.365845710039139,2.92039680971357E-06,0,0,0,0,0,38
2,3096,433.58,0.364623844623566,-3.84759346161445E-07,0,0,0,0,0,38
2,3097,433.72,0.362994700670242,-4.62527708577909E-07,0,0,0,0,0,38
2,3098,433.86,0.361501306295395,3.03704928228399E-06,0,0,0,0,0,38
2,3099,434,0.360279440879822,6.38108940620441E-06,0,0,0,0,0,38
2,3100,434.14,0.358844220638275,-2.68106759904185E-07,0,0,0,0,0,38
2,3101,434.28,0.357234477996826,-4.19540992879774E-06,0,0,0,0,0,38
2,3102,434.42,0.356458693742752,1.10083083200152E-05,0,0,0,0,0,38
2,3103,434.56,0.354228287935257,-8.90253772922733E-07,0,0,0,0,0,38
2,3104,434.7,0.353413701057434,6.6921629695571E-06,0,0,0,0,0,38
2,3105,434.84,0.351862132549286,2.92039680971357E-06,0,0,0,0,0,38
2,3106,434.98,0.350465714931488,1.9850351407058E-07,0,0,0,0,0,38
2,3107,435.12,0.34916627407074,4.5146484808356E-06,0,0,0,0,0,38
2,3108,435.26,0.347731053829193,6.57551072436036E-06,0,0,0,0,0,38
2,3109,435.4,0.346451014280319,1.09305401565507E-05,0,0,0,0,0,38
2,3110,435.54,0.344589114189148,-7.34717048089806E-07,0,0,0,0,0,38
2,3111,435.68,0.343328446149826,1.59619318651494E-07,0,0,0,0,0,38
2,3112,435.82,0.342164784669876,2.92039680971357E-06,0,0,0,0,0,38
2,3113,435.96,0.340962290763855,7.15877331458614E-06,0,0,0,0,0,38
2,3114,436.1,0.339662849903107,8.63637251313776E-06,0,0,0,0,0,38
2,3115,436.24,0.338091880083084,7.27542601453024E-06,0,0,0,0,0,38
2,3116,436.38,0.336579084396362,2.68709163719905E-06,0,0,0,0,0,38
2,3117,436.52,0.335163295269012,2.10382881959958E-06,0,0,0,0,0,38
2,3118,436.66,0.333398371934891,-2.29008469432301E-06,0,0,0,0,0,38
2,3119,436.8,0.332758337259293,1.22914862004109E-05,0,0,0,0,0,38
2,3120,436.94,0.330857664346695,3.92924448533449E-07,0,0,0,0,0,38
2,3121,437.08,0.329247891902924,-9.2913796834182E-07,0,0,0,0,0,38
2,3122,437.22,0.327696323394775,-4.89532521896763E-06,0,0,0,0,0,38
2,3123,437.36,0.326959311962128,5.64229003430228E-06,0,0,0,0,0,38
2,3124,437.5,0.325019836425781,3.50365962731303E-06,0,0,0,0,0,38
2,3125,437.64,0.324185878038406,5.48675325262593E-06,0,0,0,0,0,38
2,3126,437.78,0.322711884975433,1.03861611933098E-05,0,0,0,0,0,38
2,3127,437.92,0.320733606815338,-5.32305148226442E-06,0,0,0,0,0,38
2,3128,438.06,0.319802671670914,4.7090693442442E-06,0,0,0,0,0,38
2,3129,438.2,0.318619579076767,4.7479538807238E-06,0,0,0,0,0,38
2,3130,438.34,0.317068010568619,5.29233238921734E-06,0,0,0,0,0,38
2,3131,438.48,0.31571039557457,6.14778446106357E-06,0,0,0,0,0,38
2,3132,438.62,0.314217001199722,6.41997394268401E-06,0,0,0,0,0,38
2,3133,438.76,0.312587827444077,-3.02888429359882E-06,0,0,0,0,0,38
2,3134,438.9,0.311579316854477,1.21359498734819E-05,0,0,0,0,0,38
2,3135,439.04,0.309601038694382,1.79275525624689E-06,0,0,0,0,0,38
2,3136,439.18,0.308456748723984,-2.36785308516119E-06,0,0,0,0,0,38
2,3137,439.32,0.306866407394409,1.13172404780926E-06,0,0,0,0,0,38
2,3138,439.46,0.305935442447662,9.88066676654853E-06,0,0,0,0,0,38
2,3139,439.6,0.303898990154266,-4.46759941041819E-06,0,0,0,0,0,38
2,3140,439.74,0.302502572536469,-1.51240078594128E-06,0,0,0,0,0,38
2,3141,439.88,0.302172869443893,1.20192971735378E-05,0,0,0,0,0,38
2,3142,440.02,0.300194621086121,1.79275525624689E-06,0,0,0,0,0,38
2,3143,440.16,0.299186080694199,8.55860434967326E-06,0,0,0,0,0,38
2,3144,440.3,0.297382384538651,8.90856154001085E-06,0,0,0,0,0,38
2,3145,440.44,0.296490222215652,1.31080541905249E-05,0,0,0,0,0,38
2,3146,440.58,0.294453769922256,5.44786917089368E-06,0,0,0,0,0,38
2,3147,440.72,0.293096154928207,5.79782681597862E-06,0,0,0,0,0,38
2,3148,440.86,0.292068213224411,8.63637251313776E-06,0,0,0,0,0,38
2,3149,441,0.290322691202164,1.59833427915146E-06,0,0,0,0,0,38
2,3150,441.14,0.288848698139191,2.22048129217001E-06,0,0,0,0,0,38
2,3151,441.28,0.287432879209518,5.60340595257003E-06,0,0,0,0,0,38
2,3152,441.42,0.286404967308044,1.15526863737614E-05,0,0,0,0,0,38
2,3153,441.56,0.284620642662048,5.68117411603453E-06,0,0,0,0,0,38
2,3154,441.7,0.2833212018013,4.35911169915926E-06,0,0,0,0,0,38
2,3155,441.84,0.282254487276077,5.72005819776678E-06,0,0,0,0,0,38
2,3156,441.98,0.280450791120529,-2.52338963946386E-06,0,0,0,0,0,38
2,3157,442.12,0.279190123081207,2.80374410976947E-06,0,0,0,0,0,38
2,3158,442.26,0.27734762430191,-8.70597614266444E-06,0,0,0,0,0,38
2,3159,442.4,0.276455491781235,5.95336359765497E-06,0,0,0,0,0,38
2,3160,442.54,0.274729341268539,-1.90338383276867E-07,0,0,0,0,0,38
2,3161,442.68,0.272770494222641,-4.23429401052999E-06,0,0,0,0,0,38
2,3162,442.82,0.272576540708542,8.13087808637647E-06,0,0,0,0,0,38
2,3163,442.96,0.270675867795944,6.38108940620441E-06,0,0,0,0,0,38
2,3164,443.1,0.269628524780273,9.29740417632274E-06,0,0,0,0,0,38
2,3165,443.24,0.2681545317173,8.20864624984097E-06,0,0,0,0,0,38
2,3166,443.38,0.266525387763977,-2.05677952180849E-06,0,0,0,0,0,38
2,3167,443.52,0.265652626752853,1.1436034583312E-05,0,0,0,0,0,38
2,3168,443.66,0.26392650604248,3.15370198222809E-06,0,0,0,0,0,38
2,3169,443.8,0.262064605951309,3.7758488815598E-06,0,0,0,0,0,38
2,3170,443.94,0.261308193206787,1.02306239568861E-05,0,0,0,0,0,38
2,3171,444.08,0.259039014577866,-8.12271264294395E-06,0,0,0,0,0,38
2,3172,444.22,0.258011102676392,-1.43463239510311E-06,0,0,0,0,0,38
2,3173,444.36,0.256440132856369,-1.51240078594128E-06,0,0,0,0,0,38
2,3174,444.5,0.25548979640007,4.16469083575066E-06,0,0,0,0,0,38
2,3175,444.64,0.254073977470398,4.28134353569476E-06,0,0,0,0,0,38
2,3176,444.78,0.252192676067352,-2.13454791264667E-06,0,0,0,0,0,38
2,3177,444.92,0.251513868570328,7.11988923285389E-06,0,0,0,0,0,38
2,3178,445.06,0.24961319565773,-5.40296070994373E-07,0,0,0,0,0,38
2,3179,445.2,0.248177990317345,1.52056600200012E-06,0,0,0,0,0,38
2,3180,445.34,0.246839746832848,3.07593359138991E-06,0,0,0,0,0,38
2,3181,445.48,0.245637267827988,4.20357491748291E-06,0,0,0,0,0,38
2,3182,445.62,0.243911147117615,5.48675325262593E-06,0,0,0,0,0,38
2,3183,445.76,0.242592304944992,3.73696479982755E-06,0,0,0,0,0,38
2,3184,445.9,0.24082738161087,-6.29515625405475E-06,0,0,0,0,0,38
2,3185,446.04,0.239780068397522,-5.01411875575286E-07,0,0,0,0,0,38
2,3186,446.18,0.238771542906761,5.40898508916143E-06,0,0,0,0,0,38
2,3187,446.32,0.237064808607101,4.90349020765279E-06,0,0,0,0,0,38
2,3188,446.46,0.23590113222599,9.68624590313993E-06,0,0,0,0,0,38
2,3189,446.6,0.234019845724106,-5.78966182729346E-06,0,0,0,0,0,38
2,3190,446.74,0.232972532510757,3.62031209988345E-06,0,0,0,0,0,38
2,3191,446.88,0.231750652194023,6.65327888782485E-06,0,0,0,0,0,38
2,3192,447.02,0.230140894651413,-2.68106759904185E-07,0,0,0,0,0,38
2,3193,447.16,0.22876387834549,2.7259757189313E-06,0,0,0,0,0,38
2,3194,447.3,0.227425634860992,1.48168180658104E-06,0,0,0,0,0,38
2,3195,447.44,0.226145580410957,1.27969806271722E-05,0,0,0,0,0,38
2,3196,447.58,0.224516436457634,6.8088156695012E-06,0,0,0,0,0,38
2,3197,447.72,0.223255768418312,5.75894273424638E-06,0,0,0,0,0,38
2,3198,447.86,0.221374481916428,1.2872608294856E-06,0,0,0,0,0,38
2,3199,448,0.22023019194603,-1.78459015387489E-06,0,0,0,0,0,38
2,3200,448.14,0.218659222126007,1.87052364708507E-06,0,0,0,0,0,38
2,3201,448.28,0.217437356710434,4.90349020765279E-06,0,0,0,0,0,38
2,3202,448.42,0.216002151370049,2.5315548555227E-06,0,0,0,0,0,38
2,3203,448.56,0.215090602636337,9.10298331291415E-06,0,0,0,0,0,38
2,3204,448.7,0.213422656059265,5.21456377100549E-06,0,0,0,0,0,38
2,3205,448.84,0.212103813886642,3.38700715474261E-06,0,0,0,0,0,38
2,3206,448.98,0.210377678275108,1.83163945166598E-06,0,0,0,0,0,38
2,3207,449.12,0.209097623825073,1.55945008373237E-06,0,0,0,0,0,38
2,3208,449.26,0.207216337323189,-3.76768389287463E-06,0,0,0,0,0,38
2,3209,449.4,0.20616902410984,1.67610266998963E-06,0,0,0,0,0,38
2,3210,449.54,0.204714432358742,-2.32896877605526E-06,0,0,0,0,0,38
2,3211,449.68,0.20345376431942,2.68709163719905E-06,0,0,0,0,0,38
2,3212,449.82,0.202076748013496,7.31431009626249E-06,0,0,0,0,0,38
2,3213,449.96,0.200447589159012,2.84262841887539E-06,0,0,0,0,0,38
2,3214,450.1,0.199245110154152,-1.08467475001817E-06,0,0,0,0,0,38
2,3215,450.24,0.197848692536354,3.34812284563668E-06,0,0,0,0,0,38
2,3216,450.38,0.19621953368187,-7.65610275266226E-06,0,0,0,0,0,38
2,3217,450.52,0.195424363017082,8.40306711324956E-06,0,0,0,0,0,38
2,3218,450.66,0.193717613816261,-8.90253772922733E-07,0,0,0,0,0,38
2,3219,450.8,0.192767277359962,1.2408138900355E-05,0,0,0,0,0,38
2,3220,450.94,0.190924778580666,5.79782681597862E-06,0,0,0,0,0,38
2,3221,451.08,0.190110206604004,1.22137180369464E-05,0,0,0,0,0,38
2,3222,451.22,0.188306495547295,6.65113759623637E-07,0,0,0,0,0,38
2,3223,451.36,0.186813101172447,-4.23643513158822E-07,0,0,0,0,0,38
2,3224,451.5,0.185300320386887,1.24837663406652E-06,0,0,0,0,0,38
2,3225,451.64,0.184446945786476,8.71414067660226E-06,0,0,0,0,0,38
2,3226,451.78,0.182449296116829,-5.16751470058807E-06,0,0,0,0,0,38
2,3227,451.92,0.181363180279732,9.45294050325174E-06,0,0,0,0,0,38
2,3228,452.06,0.179947376251221,-7.34717048089806E-07,0,0,0,0,0,38
2,3229,452.2,0.178279429674149,6.57551072436036E-06,0,0,0,0,0,38
2,3230,452.34,0.1769799888134,-9.68022163760907E-07,0,0,0,0,0,38
2,3231,452.48,0.175622344017029,2.95928089144581E-06,0,0,0,0,0,38
2,3232,452.62,0.174225926399231,3.34812284563668E-06,0,0,0,0,0,38
2,3233,452.76,0.17246101796627,-5.08974608237622E-06,0,0,0,0,0,38
2,3234,452.9,0.171064600348473,-5.40296070994373E-07,0,0,0,0,0,38
2,3235,453.04,0.169803932309151,6.2622956420455E-07,0,0,0,0,0,38
2,3236,453.18,0.168310537934303,1.75387106082781E-06,0,0,0,0,0,38
2,3237,453.32,0.167030498385429,-3.68991550203646E-06,0,0,0,0,0,38
2,3238,453.46,0.165498316287994,3.4647753182071E-06,0,0,0,0,0,38
2,3239,453.6,0.164043709635735,-5.24528286405257E-06,0,0,0,0,0,38
2,3240,453.74,0.162724867463112,2.37387695278812E-07,0,0,0,0,0,38
2,3241,453.88,0.161347836256027,1.59833427915146E-06,0,0,0,0,0,38
2,3242,454.02,0.160087183117867,-3.37884193868376E-06,0,0,0,0,0,38
2,3243,454.16,0.158962294459343,4.28134353569476E-06,0,0,0,0,0,38
2,3244,454.3,0.157236158847809,-1.78459015387489E-06,0,0,0,0,0,38
2,3245,454.44,0.155975505709648,1.90940795619099E-06,0,0,0,0,0,38
2,3246,454.58,0.15432696044445,-2.13454791264667E-06,0,0,0,0,0,38
2,3247,454.72,0.153105080127716,3.69808049072162E-06,0,0,0,0,0,38
2,3248,454.86,0.151475936174393,-6.95832852670719E-07,0,0,0,0,0,38
2,3249,455,0.150273457169533,-3.48016300222298E-08,0,0,0,0,0,38
2,3250,455.14,0.148974016308784,3.15156086116986E-07,0,0,0,0,0,38
2,3251,455.28,0.147887900471687,7.54761549615068E-06,0,0,0,0,0,38
2,3252,455.42,0.14623935520649,4.6313011807797E-06,0,0,0,0,0,38
2,3253,455.56,0.14453262090683,-2.17343199437892E-06,0,0,0,0,0,38
2,3254,455.7,0.14317499101162,-3.22330515700742E-06,0,0,0,0,0,38
2,3255,455.84,0.142282828688622,-5.79180266413459E-07,0,0,0,0,0,38
2,3256,455.98,0.139897286891937,-1.1505637303344E-05,0,0,0,0,0,38
2,3257,456.12,0.139160290360451,1.75387106082781E-06,0,0,0,0,0,38
2,3258,456.26,0.137337177991867,-6.41180849925149E-06,0,0,0,0,0,38
2,3259,456.4,0.136386841535568,-2.52338963946386E-06,0,0,0,0,0,38
2,3260,456.54,0.13549467921257,9.41405596677214E-06,0,0,0,0,0,38
2,3261,456.68,0.133322477340698,1.59619318651494E-07,0,0,0,0,0,38
2,3262,456.82,0.13202303647995,-4.85644113723538E-06,0,0,0,0,0,38
2,3263,456.96,0.131033897399902,5.91447951592272E-06,0,0,0,0,0,38
2,3264,457.1,0.129753842949867,7.43096279620659E-06,0,0,0,0,0,38
2,3265,457.24,0.127950146794319,4.20357491748291E-06,0,0,0,0,0,38
2,3266,457.38,0.126068845391274,-2.48450555773161E-06,0,0,0,0,0,38
2,3267,457.52,0.124556064605713,-5.05086200064397E-06,0,0,0,0,0,38
2,3268,457.66,0.123566932976246,-3.80656797460688E-06,0,0,0,0,0,38
2,3269,457.8,0.122422643005848,6.26443716100766E-06,0,0,0,0,0,38
2,3270,457.94,0.120968043804169,4.28134353569476E-06,0,0,0,0,0,38
2,3271,458.08,0.119765572249889,-2.52338963946386E-06,0,0,0,0,0,38
2,3272,458.22,0.118213996291161,-6.95832852670719E-07,0,0,0,0,0,38
2,3273,458.36,0.116914547979832,3.81473319066572E-06,0,0,0,0,0,38
2,3274,458.5,0.115479335188866,-1.90338383276867E-07,0,0,0,0,0,38
2,3275,458.64,0.113733813166618,-5.28416740053217E-06,0,0,0,0,0,38
2,3276,458.78,0.112725287675858,-3.02888429359882E-06,0,0,0,0,0,38
2,3277,458.92,0.111193105578423,5.09577034790709E-07,0,0,0,0,0,38
2,3278,459.06,0.11012639850378,8.36418348626466E-06,0,0,0,0,0,38
2,3279,459.2,0.108361475169659,1.83163945166598E-06,0,0,0,0,0,38
2,3280,459.34,0.106693528592587,2.57043916462862E-06,0,0,0,0,0,38
2,3281,459.48,0.105510450899601,5.75894273424638E-06,0,0,0,0,0,38
2,3282,459.62,0.103784322738647,-7.77275545260636E-06,0,0,0,0,0,38
2,3283,459.76,0.102775797247887,-7.92829177953536E-06,0,0,0,0,0,38
2,3284,459.9,0.101553931832314,4.28134353569476E-06,0,0,0,0,0,38
2,3285,460.04,0.100041143596172,-1.20132733627543E-06,0,0,0,0,0,38
2,3286,460.18,0.0987804904580116,-1.51240078594128E-06,0,0,0,0,0,38
2,3287,460.32,0.0967828333377838,-1.09223747131182E-05,0,0,0,0,0,38
2,3288,460.46,0.0955221727490425,-8.35601804283215E-06,0,0,0,0,0,38
2,3289,460.6,0.0944166779518127,-1.66793756761763E-06,0,0,0,0,0,38
2,3290,460.74,0.0932142063975334,2.95928089144581E-06,0,0,0,0,0,38
2,3291,460.88,0.0913135185837746,-1.08467475001817E-06,0,0,0,0,0,38
2,3292,461.02,0.0903243944048882,1.87052364708507E-06,0,0,0,0,0,38
2,3293,461.16,0.088656447827816,-1.9401268218644E-06,0,0,0,0,0,38
2,3294,461.3,0.0868721306324005,-6.95618746249238E-06,0,0,0,0,0,38
2,3295,461.44,0.0859023928642273,-5.67300912734936E-06,0,0,0,0,0,38
2,3296,461.58,0.0845641642808914,-8.27824987936765E-06,0,0,0,0,0,38
2,3297,461.72,0.0830319747328758,-3.8454522837128E-06,0,0,0,0,0,38
2,3298,461.86,0.0816549509763718,-1.12570006649548E-07,0,0,0,0,0,38
2,3299,462,0.0805106684565544,7.03997955042723E-07,0,0,0,0,0,38
2,3300,462.14,0.0785517990589142,-4.50648349215044E-06,0,0,0,0,0,38
2,3301,462.28,0.077485091984272,-3.10665268443699E-06,0,0,0,0,0,38
2,3302,462.42,0.0761468559503555,-5.9063140724902E-06,0,0,0,0,0,38
2,3303,462.56,0.0747698321938515,-6.83953476254828E-06,0,0,0,0,0,38
2,3304,462.7,0.0737031176686287,-1.51240078594128E-06,0,0,0,0,0,38
2,3305,462.84,0.0716860666871071,-3.06776837533107E-06,0,0,0,0,0,38
2,3306,462.98,0.0707745179533958,1.9850351407058E-07,0,0,0,0,0,38
2,3307,463.12,0.0690289959311485,-8.43378620629665E-06,0,0,0,0,0,38
2,3308,463.26,0.0678653120994568,-3.22330515700742E-06,0,0,0,0,0,38
2,3309,463.4,0.0657318904995918,-1.41108785101096E-05,0,0,0,0,0,38
2,3310,463.54,0.0653633922338486,2.95928089144581E-06,0,0,0,0,0,38
2,3311,463.68,0.0638312101364136,-5.40296070994373E-07,0,0,0,0,0,38
2,3312,463.82,0.0621632635593414,-6.2173876358429E-06,0,0,0,0,0,38
2,3313,463.96,0.06039834395051,-8.08382901595905E-06,0,0,0,0,0,38
2,3314,464.1,0.0589243471622467,-1.11945637399913E-05,0,0,0,0,0,38
2,3315,464.24,0.0575085319578648,-1.07279538497096E-05,0,0,0,0,0,38
2,3316,464.38,0.0565969794988632,-5.40296070994373E-07,0,0,0,0,0,38
2,3317,464.52,0.0550066158175468,-1.04557648228365E-05,0,0,0,0,0,38
2,3318,464.66,0.0536295883357525,-1.2790957271136E-06,0,0,0,0,0,38
2,3319,464.8,0.0523301437497139,-8.04494447947945E-06,0,0,0,0,0,38
2,3320,464.94,0.050914328545332,-2.29222578695953E-07,0,0,0,0,0,38
2,3321,465.08,0.0496924631297588,-4.07875722885365E-06,0,0,0,0,0,38
2,3322,465.22,0.0478111729025841,-1.16611745397677E-05,0,0,0,0,0,38
2,3323,465.36,0.0470547787845135,-2.36785308516119E-06,0,0,0,0,0,38
2,3324,465.5,0.0451928861439228,-5.67300912734936E-06,0,0,0,0,0,38
2,3325,465.64,0.0441843643784523,-3.22330515700742E-06,0,0,0,0,0,38
2,3326,465.78,0.0428655222058296,-1.24021153169451E-06,0,0,0,0,0,38
2,3327,465.92,0.0411781817674637,-3.33995762957784E-06,0,0,0,0,0,38
2,3328,466.06,0.0398981310427189,-2.21231630348484E-06,0,0,0,0,0,38
2,3329,466.2,0.0385017096996307,-2.36785308516119E-06,0,0,0,0,0,38
2,3330,466.34,0.0370083190500736,-3.61214711119828E-06,0,0,0,0,0,38
2,3331,466.48,0.0353403724730015,-6.83953476254828E-06,0,0,0,0,0,38
2,3332,466.62,0.0345645844936371,4.39799578089151E-06,0,0,0,0,0,38
2,3333,466.76,0.0327608734369278,-3.80656797460688E-06,0,0,0,0,0,38
2,3334,466.9,0.0314420349895954,-5.55635642740526E-06,0,0,0,0,0,38
2,3335,467.04,0.0302201677113771,-2.32896877605526E-06,0,0,0,0,0,38
2,3336,467.18,0.0283582750707865,-5.40081964572892E-06,0,0,0,0,0,38
2,3337,467.32,0.0274079330265522,3.15156086116986E-07,0,0,0,0,0,38
2,3338,467.46,0.0255072508007288,-1.08834901766386E-05,0,0,0,0,0,38
2,3339,467.6,0.0244211480021477,-7.65610275266226E-06,0,0,0,0,0,38
2,3340,467.74,0.0230053327977657,-9.25035419641063E-06,0,0,0,0,0,38
2,3341,467.88,0.0217446759343147,-3.84759346161445E-07,0,0,0,0,0,38
2,3342,468.02,0.0202512834221125,-7.38391327104182E-06,0,0,0,0,0,38
2,3343,468.16,0.0190100222826004,-3.37884193868376E-06,0,0,0,0,0,38
2,3344,468.3,0.0170123651623726,-7.92829177953536E-06,0,0,0,0,0,38
2,3345,468.44,0.0156159466132522,-1.10390274130623E-05,0,0,0,0,0,38
2,3346,468.58,0.0149177368730307,-4.62527708577909E-07,0,0,0,0,0,38
2,3347,468.72,0.0129588702693582,-7.22837648936547E-06,0,0,0,0,0,38
2,3348,468.86,0.0115624507889152,-5.28416740053217E-06,0,0,0,0,0,38
2,3349,469,0.0104957409203053,-5.78966182729346E-06,0,0,0,0,0,38
2,3350,469.14,0.00902174320071936,-1.07668374766945E-05,0,0,0,0,0,38
2,3351,469.28,0.00758653413504362,-4.85644113723538E-06,0,0,0,0,0,38
2,3352,469.42,0.00617071986198425,-1.10779110400472E-05,0,0,0,0,0,38
2,3353,469.56,0.00485187908634543,-5.28416740053217E-06,0,0,0,0,0,38
2,3354,469.7,0.00370759074576199,-3.41772602041601E-06,0,0,0,0,0,38
2,3355,469.84,0.00155477738007903,-1.65605815709569E-05,0,0,0,0,0,38
2,3356,469.98,0.000798383436631411,-4.1176413105859E-06,0,0,0,0,0,38
2,3357,470.12,-0.000791983271483332,-7.53945005271817E-06,0,0,0,0,0,38
2,3358,470.26,-0.00259569194167852,-1.49274465002236E-05,0,0,0,0,0,38
2,3359,470.4,-0.00344905932433903,3.07593359138991E-06,0,0,0,0,0,38
2,3360,470.54,-0.00552429398521781,-1.58606671902817E-05,0,0,0,0,0,38
2,3361,470.68,-0.00659100338816643,-1.26721633932902E-05,0,0,0,0,0,38
2,3362,470.82,-0.00796802807599306,-8.58932344272034E-06,0,0,0,0,0,38
2,3363,470.96,-0.00944202672690153,-1.36053840833483E-05,0,0,0,0,0,38
2,3364,471.1,-0.0110129984095693,-9.60031229624292E-06,0,0,0,0,0,38
2,3365,471.24,-0.012312444858253,-1.01446912594838E-05,0,0,0,0,0,38
2,3366,471.38,-0.0132627850398421,-4.42871487393859E-06,0,0,0,0,0,38
2,3367,471.52,-0.0148919420316815,-1.35664995468687E-05,0,0,0,0,0,38
2,3368,471.66,-0.0163077563047409,-1.50829828271526E-05,0,0,0,0,0,38
2,3369,471.8,-0.0177817549556494,-1.3255425983516E-05,0,0,0,0,0,38
2,3370,471.94,-0.0192945413291454,-1.64439297805075E-05,0,0,0,0,0,38
2,3371,472.08,-0.0204582251608372,-6.17850355411065E-06,0,0,0,0,0,38
2,3372,472.22,-0.0221261698752642,-1.20500162665849E-05,0,0,0,0,0,38
2,3373,472.36,-0.0230765119194984,-5.32305148226442E-06,0,0,0,0,0,38
2,3374,472.5,-0.0248220358043909,-1.04168802863569E-05,0,0,0,0,0,38
2,3375,472.64,-0.0260245092213154,-1.27499315567547E-05,0,0,0,0,0,38
2,3376,472.78,-0.0274985060095787,-1.09223747131182E-05,0,0,0,0,0,38
2,3377,472.92,-0.0289143212139606,-1.00280385595397E-05,0,0,0,0,0,38
2,3378,473.06,-0.0303107406944036,-1.07668374766945E-05,0,0,0,0,0,38
2,3379,473.2,-0.0316877663135529,-9.21147056942573E-06,0,0,0,0,0,38
2,3380,473.34,-0.0330066047608852,-1.17000581667526E-05,0,0,0,0,0,38
2,3381,473.48,-0.0342672616243362,-6.91730338076013E-06,0,0,0,0,0,38
2,3382,473.62,-0.0358576290309429,-9.87250132311601E-06,0,0,0,0,0,38
2,3383,473.76,-0.0374286025762558,-1.9904622604372E-05,0,0,0,0,0,38
2,3384,473.9,-0.0387474410235882,-9.79473315965151E-06,0,0,0,0,0,38
2,3385,474.04,-0.0401826500892639,-1.22444371299935E-05,0,0,0,0,0,38
2,3386,474.18,-0.0414433069527149,-1.1505637303344E-05,0,0,0,0,0,38
2,3387,474.32,-0.0424906238913536,-9.83361769613111E-06,0,0,0,0,0,38
2,3388,474.46,-0.0443525165319443,-1.04557648228365E-05,0,0,0,0,0,38
2,3389,474.6,-0.0454580150544643,-7.03395562595688E-06,0,0,0,0,0,38
2,3390,474.74,-0.0471647493541241,-1.14278691398795E-05,0,0,0,0,0,38
2,3391,474.88,-0.0486387461423874,-1.58606671902817E-05,0,0,0,0,0,38
2,3392,475.02,-0.0497054569423199,-1.32943105199956E-05,0,0,0,0,0,38
2,3393,475.16,-0.0508303493261337,-8.90039700607304E-06,0,0,0,0,0,38
2,3394,475.3,-0.0525176897644997,-1.41886466735741E-05,0,0,0,0,0,38
2,3395,475.44,-0.0536231882870197,-1.11945637399913E-05,0,0,0,0,0,38
2,3396,475.58,-0.0556402392685413,-1.56273617903935E-05,0,0,0,0,0,38
2,3397,475.72,-0.0564742125570774,-1.25166261568666E-05,0,0,0,0,0,38
2,3398,475.86,-0.058219738304615,-1.37609204102773E-05,0,0,0,0,0,38
2,3399,476,-0.0597325228154659,-1.407199397363E-05,0,0,0,0,0,38
2,3400,476.14,-0.0612647086381912,-1.10390274130623E-05,0,0,0,0,0,38
2,3401,476.28,-0.0628356784582138,-1.51996355270967E-05,0,0,0,0,0,38
2,3402,476.42,-0.0640187561511993,-1.60550880536903E-05,0,0,0,0,0,38
2,3403,476.56,-0.0650078877806664,-1.20500162665849E-05,0,0,0,0,0,38
2,3404,476.7,-0.0662297531962395,-5.9451986089698E-06,0,0,0,0,0,38
2,3405,476.84,-0.0678783059120178,-1.43830675369827E-05,0,0,0,0,0,38
2,3406,476.98,-0.069391094148159,-1.11556801130064E-05,0,0,0,0,0,38
2,3407,477.12,-0.0709426701068878,-1.39942258101655E-05,0,0,0,0,0,38
2,3408,477.26,-0.0725912228226662,-2.13044531847117E-05,0,0,0,0,0,38
2,3409,477.4,-0.0738324820995331,-1.19333635666408E-05,0,0,0,0,0,38
2,3410,477.54,-0.0747246369719505,-1.07279538497096E-05,0,0,0,0,0,38
2,3411,477.68,-0.0764313712716103,-1.08446065496537E-05,0,0,0,0,0,38
2,3412,477.82,-0.0776726379990578,-1.05724166132859E-05,0,0,0,0,0,38
2,3413,477.96,-0.079185426235199,-1.29443524201633E-05,0,0,0,0,0,38
2,3414,478.1,-0.0806982144713402,-1.99823916773312E-05,0,0,0,0,0,38
2,3415,478.24,-0.0821528136730194,-1.80381812242558E-05,0,0,0,0,0,38
2,3416,478.38,-0.083238922059536,-1.51218673636322E-05,0,0,0,0,0,38
2,3417,478.52,-0.0850620195269585,-1.62495089170989E-05,0,0,0,0,0,38
2,3418,478.66,-0.0865166261792183,-1.74938031705096E-05,0,0,0,0,0,38
2,3419,478.8,-0.0878548622131348,-1.74160340975504E-05,0,0,0,0,0,38
2,3420,478.94,-0.0895615965127945,-2.26265165110817E-05,0,0,0,0,0,38
2,3421,479.08,-0.0904925465583801,-1.79992966877762E-05,0,0,0,0,0,38
2,3422,479.22,-0.0919083580374718,-1.75715704244794E-05,0,0,0,0,0,38
2,3423,479.36,-0.0935181230306625,-1.46163729368709E-05,0,0,0,0,0,38
2,3424,479.5,-0.0950503051280975,-2.09156114578946E-05,0,0,0,0,0,38
2,3425,479.64,-0.0963691398501396,-2.01768125407398E-05,0,0,0,0,0,38
2,3426,479.78,-0.0975910127162933,-1.29832369566429E-05,0,0,0,0,0,38
2,3427,479.92,-0.0986577197909355,-1.36831522468128E-05,0,0,0,0,0,38
2,3428,480.06,-0.100480824708939,-1.67161197168753E-05,0,0,0,0,0,38
2,3429,480.2,-0.101741477847099,-1.94380118045956E-05,0,0,0,0,0,38
2,3430,480.34,-0.10275000333786,-1.8582559278002E-05,0,0,0,0,0,38
2,3431,480.48,-0.104165814816952,-1.46163729368709E-05,0,0,0,0,0,38
2,3432,480.62,-0.105736792087555,-1.88547492143698E-05,0,0,0,0,0,38
2,3433,480.76,-0.10717199742794,-2.021569525823E-05,0,0,0,0,0,38
2,3434,480.9,-0.108781762421131,-2.021569525823E-05,0,0,0,0,0,38
2,3435,481.04,-0.109673917293549,-1.46552565638558E-05,0,0,0,0,0,38
2,3436,481.18,-0.111264280974865,-1.88936337508494E-05,0,0,0,0,0,38
2,3437,481.32,-0.113242544233799,-2.31708945648279E-05,0,0,0,0,0,38
2,3438,481.46,-0.114406228065491,-1.91269391507376E-05,0,0,0,0,0,38
2,3439,481.6,-0.115802645683289,-2.22765575017547E-05,0,0,0,0,0,38
2,3440,481.74,-0.116694808006287,-1.38386885737418E-05,0,0,0,0,0,38
2,3441,481.88,-0.118459723889828,-1.66383506439161E-05,0,0,0,0,0,38
2,3442,482.02,-0.119875535368919,-1.80770657607354E-05,0,0,0,0,0,38
2,3443,482.16,-0.12148530036211,-2.32097791013075E-05,0,0,0,0,0,38
2,3444,482.3,-0.122648984193802,-1.91658236872172E-05,0,0,0,0,0,38
2,3445,482.44,-0.124026007950306,-2.13433377211913E-05,0,0,0,0,0,38
2,3446,482.58,-0.125868499279022,-2.28209373744903E-05,0,0,0,0,0,38
2,3447,482.72,-0.127245530486107,-2.27431683015311E-05,0,0,0,0,0,38
2,3448,482.86,-0.128409206867218,-2.0876726921415E-05,0,0,0,0,0,38
2,3449,483,-0.129863813519478,-2.75648071692558E-05,0,0,0,0,0,38
2,3450,483.14,-0.131105080246925,-2.1032263248344E-05,0,0,0,0,0,38
2,3451,483.28,-0.132346346974373,-1.99435071408516E-05,0,0,0,0,0,38
2,3452,483.42,-0.133956104516983,-1.83103711606236E-05,0,0,0,0,0,38
2,3453,483.56,-0.134809464216232,-1.61717398441397E-05,0,0,0,0,0,38
2,3454,483.7,-0.136438623070717,-1.79992966877762E-05,0,0,0,0,0,38
2,3455,483.84,-0.138028994202614,-1.92047064047074E-05,0,0,0,0,0,38
2,3456,483.98,-0.139561176300049,-1.9749086277443E-05,0,0,0,0,0,38
2,3457,484.12,-0.141054570674896,-2.6164976588916E-05,0,0,0,0,0,38
2,3458,484.26,-0.142547965049744,-2.53484085988021E-05,0,0,0,0,0,38
2,3459,484.4,-0.14363406598568,-2.04878851945978E-05,0,0,0,0,0,38
2,3460,484.54,-0.144952908158302,-1.94768963410752E-05,0,0,0,0,0,38
2,3461,484.68,-0.146523877978325,-2.5853903935058E-05,0,0,0,0,0,38
2,3462,484.82,-0.148017272353172,-2.13822222576709E-05,0,0,0,0,0,38
2,3463,484.96,-0.149336114525795,-2.14599895116407E-05,0,0,0,0,0,38
2,3464,485.1,-0.150674343109131,-2.42207679548301E-05,0,0,0,0,0,38
2,3465,485.24,-0.151993185281754,-2.18099485209677E-05,0,0,0,0,0,38
2,3466,485.38,-0.153447791934013,-2.47262614720967E-05,0,0,0,0,0,38
2,3467,485.52,-0.154689058661461,-2.5503944925731E-05,0,0,0,0,0,38
2,3468,485.66,-0.156550943851471,-2.87313341686968E-05,0,0,0,0,0,38
2,3469,485.8,-0.157734021544456,-2.39096934819827E-05,0,0,0,0,0,38
2,3470,485.94,-0.15895588696003,-1.77271085703978E-05,0,0,0,0,0,38
2,3471,486.08,-0.160332918167114,-2.23154420382343E-05,0,0,0,0,0,38
2,3472,486.22,-0.161884486675262,-1.74160340975504E-05,0,0,0,0,0,38
2,3473,486.36,-0.163009390234947,-1.76493394974386E-05,0,0,0,0,0,38
2,3474,486.5,-0.164774298667908,-2.52706413448323E-05,0,0,0,0,0,38
2,3475,486.64,-0.165763437747955,-2.07600751309656E-05,0,0,0,0,0,38
2,3476,486.78,-0.167702913284302,-2.7137080905959E-05,0,0,0,0,0,38
2,3477,486.92,-0.169312670826912,-3.16476471198257E-05,0,0,0,0,0,38
2,3478,487.06,-0.170534536242485,-2.71759654424386E-05,0,0,0,0,0,38
2,3479,487.2,-0.172086119651794,-3.12199226755183E-05,0,0,0,0,0,38
2,3480,487.34,-0.173230394721031,-2.39096934819827E-05,0,0,0,0,0,38
2,3481,487.48,-0.174103170633316,-2.10711477848236E-05,0,0,0,0,0,38
2,3482,487.62,-0.175926268100739,-2.19654848478967E-05,0,0,0,0,0,38
2,3483,487.76,-0.177710577845573,-2.698154457903E-05,0,0,0,0,0,38
2,3484,487.9,-0.178602740168571,-2.698154457903E-05,0,0,0,0,0,38
2,3485,488.04,-0.180309474468231,-2.83813751593698E-05,0,0,0,0,0,38
2,3486,488.18,-0.181414976716042,-2.70981981884688E-05,0,0,0,0,0,38
2,3487,488.32,-0.183082923293114,-2.76814607786946E-05,0,0,0,0,0,38
2,3488,488.46,-0.18422719836235,-2.29375891649397E-05,0,0,0,0,0,38
2,3489,488.6,-0.185468465089798,-2.63593974523246E-05,0,0,0,0,0,38
2,3490,488.74,-0.187213987112045,-2.66315873886924E-05,0,0,0,0,0,38
2,3491,488.88,-0.188765570521355,-2.92368276859634E-05,0,0,0,0,0,38
2,3492,489.02,-0.190084412693977,-3.24253305734601E-05,0,0,0,0,0,38
2,3493,489.16,-0.19130627810955,-2.63593974523246E-05,0,0,0,0,0,38
2,3494,489.3,-0.192702695727348,-2.69037773250602E-05,0,0,0,0,0,38
2,3495,489.44,-0.194137901067734,-2.31320100283483E-05,0,0,0,0,0,38
2,3496,489.58,-0.195611909031868,-3.05977737298235E-05,0,0,0,0,0,38
2,3497,489.72,-0.197202265262604,-2.98978593491483E-05,0,0,0,0,0,38
2,3498,489.86,-0.198133215308189,-2.09933805308538E-05,0,0,0,0,0,38
2,3499,490,-0.199936926364899,-2.79925334325526E-05,0,0,0,0,0,38
2,3500,490.14,-0.201333343982697,-2.57761348620988E-05,0,0,0,0,0,38
2,3501,490.28,-0.202710375189781,-2.7953648896073E-05,0,0,0,0,0,38
2,3502,490.42,-0.203524947166443,-2.47651460085763E-05,0,0,0,0,0,38
2,3503,490.56,-0.205057129263878,-2.43763042817591E-05,0,0,0,0,0,38
2,3504,490.7,-0.206647500395775,-2.97423230222194E-05,0,0,0,0,0,38
2,3505,490.84,-0.208237856626511,-2.82258388324408E-05,0,0,0,0,0,38
2,3506,490.98,-0.209925204515457,-3.38640456902795E-05,0,0,0,0,0,38
2,3507,491.12,-0.21114706993103,-3.59249097527936E-05,0,0,0,0,0,38
2,3508,491.26,-0.212271958589554,-2.86924496322172E-05,0,0,0,0,0,38
2,3509,491.4,-0.213920518755913,-3.13754571834579E-05,0,0,0,0,0,38
2,3510,491.54,-0.215103596448898,-3.02867010759655E-05,0,0,0,0,0,38
2,3511,491.68,-0.216693952679634,-3.30863622366451E-05,0,0,0,0,0,38
2,3512,491.82,-0.218012794852257,-2.9120175895514E-05,0,0,0,0,0,38
2,3513,491.96,-0.218963146209717,-2.90035222860752E-05,0,0,0,0,0,38
2,3514,492.1,-0.220417737960815,-3.00145111395977E-05,0,0,0,0,0,38
2,3515,492.24,-0.222202062606812,-2.93534812954022E-05,0,0,0,0,0,38
2,3516,492.38,-0.223385140299797,-2.72148499789182E-05,0,0,0,0,0,38
2,3517,492.52,-0.224781557917595,-3.25419823639095E-05,0,0,0,0,0,38
2,3518,492.66,-0.226236164569855,-3.08310809487011E-05,0,0,0,0,0,38
2,3519,492.8,-0.227748945355415,-3.53027608070988E-05,0,0,0,0,0,38
2,3520,492.94,-0.229475080966949,-3.54582989530172E-05,0,0,0,0,0,38
2,3521,493.08,-0.230231463909149,-2.7642576242215E-05,0,0,0,0,0,38
2,3522,493.22,-0.231569707393646,-3.11421536025591E-05,0,0,0,0,0,38
2,3523,493.36,-0.233315229415894,-3.40195838361979E-05,0,0,0,0,0,38
2,3524,493.5,-0.234963774681091,-3.84523809771053E-05,0,0,0,0,0,38
2,3525,493.64,-0.236030489206314,-3.65081723430194E-05,0,0,0,0,0,38
2,3526,493.78,-0.237310543656349,-3.06755428027827E-05,0,0,0,0,0,38
2,3527,493.92,-0.239230617880821,-3.96966752305161E-05,0,0,0,0,0,38
2,3528,494.06,-0.240374907851219,-3.42528874170966E-05,0,0,0,0,0,38
2,3529,494.2,-0.24188768863678,-3.4058466553688E-05,0,0,0,0,0,38
2,3530,494.34,-0.243148356676102,-3.4758384572342E-05,0,0,0,0,0,38
2,3531,494.48,-0.244370222091675,-3.27752895827871E-05,0,0,0,0,0,38
2,3532,494.62,-0.245630875229836,-2.81091870419914E-05,0,0,0,0,0,38
2,3533,494.76,-0.247279420495033,-3.41751183441374E-05,0,0,0,0,0,38
2,3534,494.9,-0.24871464073658,-3.75580457330216E-05,0,0,0,0,0,38
2,3535,495.04,-0.250130444765091,-3.6352634197101E-05,0,0,0,0,0,38
2,3536,495.18,-0.251488089561462,-3.31252485921141E-05,0,0,0,0,0,38
2,3537,495.32,-0.252419024705887,-2.93534812954022E-05,0,0,0,0,0,38
2,3538,495.46,-0.254416674375534,-3.53027608070988E-05,0,0,0,0,0,38
2,3539,495.6,-0.255813091993332,-3.78691183868796E-05,0,0,0,0,0,38
2,3540,495.74,-0.257093161344528,-3.88801054214127E-05,0,0,0,0,0,38
2,3541,495.88,-0.258528351783752,-3.37085111823399E-05,0,0,0,0,0,38
2,3542,496.02,-0.259653240442276,-3.64304032700602E-05,0,0,0,0,0,38
2,3543,496.16,-0.261379390954971,-3.35918557539117E-05,0,0,0,0,0,38
2,3544,496.3,-0.263183087110519,-4.4246124161873E-05,0,0,0,0,0,38
2,3545,496.44,-0.263920098543167,-3.34363212459721E-05,0,0,0,0,0,38
2,3546,496.58,-0.265335917472839,-3.54582989530172E-05,0,0,0,0,0,38
2,3547,496.72,-0.266868084669113,-3.7363624869613E-05,0,0,0,0,0,38
2,3548,496.86,-0.268128752708435,-3.55360680259764E-05,0,0,0,0,0,38
2,3549,497,-0.269680321216583,-3.68192449968774E-05,0,0,0,0,0,38
2,3550,497.14,-0.271290093660355,-3.91522953577805E-05,0,0,0,0,0,38
2,3551,497.28,-0.272608935832977,-3.94633680116385E-05,0,0,0,0,0,38
2,3552,497.42,-0.274121701717377,-3.84134982596152E-05,0,0,0,0,0,38
2,3553,497.56,-0.275362968444824,-3.54582989530172E-05,0,0,0,0,0,38
2,3554,497.7,-0.276546061038971,-3.19198370561935E-05,0,0,0,0,0,38
2,3555,497.84,-0.278369158506393,-3.91911817132495E-05,0,0,0,0,0,38
2,3556,497.98,-0.279920727014542,-4.12909248552751E-05,0,0,0,0,0,38
2,3557,498.12,-0.280832290649414,-3.5380529880058E-05,0,0,0,0,0,38
2,3558,498.26,-0.282461434602737,-3.82579601136968E-05,0,0,0,0,0,38
2,3559,498.4,-0.283993631601334,-4.01243996748235E-05,0,0,0,0,0,38
2,3560,498.54,-0.285254269838333,-4.02410551032517E-05,0,0,0,0,0,38
2,3561,498.68,-0.286728262901306,-3.93467162211891E-05,0,0,0,0,0,38
2,3562,498.82,-0.288260459899902,-3.98133270209655E-05,0,0,0,0,0,38
2,3563,498.96,-0.289424151182175,-3.98910960939247E-05,0,0,0,0,0,38
2,3564,499.1,-0.290587812662125,-3.66248241334688E-05,0,0,0,0,0,38
2,3565,499.24,-0.291790306568146,-3.43306564900558E-05,0,0,0,0,0,38
2,3566,499.38,-0.293787956237793,-3.84134982596152E-05,0,0,0,0,0,38
2,3567,499.52,-0.294990420341492,-3.93078335036989E-05,0,0,0,0,0,38
2,3568,499.66,-0.296309262514114,-3.8296842831187E-05,0,0,0,0,0,38
2,3569,499.8,-0.297356575727463,-3.66248241334688E-05,0,0,0,0,0,38
2,3570,499.94,-0.299257278442383,-4.12520421377849E-05,0,0,0,0,0,38
2,3571,500.08,-0.300517916679382,-3.8296842831187E-05,0,0,0,0,0,38
2,3572,500.22,-0.301681607961655,-3.75969284505118E-05,0,0,0,0,0,38
2,3573,500.36,-0.303194403648376,-3.65081723430194E-05,0,0,0,0,0,38
2,3574,500.5,-0.304784744977951,-4.21463773818687E-05,0,0,0,0,0,38
2,3575,500.64,-0.305967837572098,-3.68970140698366E-05,0,0,0,0,0,38
2,3576,500.78,-0.307558208703995,-4.33517889177892E-05,0,0,0,0,0,38
2,3577,500.92,-0.309323132038116,-4.67347126686946E-05,0,0,0,0,0,38
2,3578,501.06,-0.310506194829941,-4.06298968300689E-05,0,0,0,0,0,38
2,3579,501.2,-0.311786264181137,-4.02410551032517E-05,0,0,0,0,0,38
2,3580,501.34,-0.312988728284836,-3.75191593775526E-05,0,0,0,0,0,38
2,3581,501.48,-0.314326971769333,-3.6663706850959E-05,0,0,0,0,0,38
2,3582,501.62,-0.315626412630081,-3.37862766173203E-05,0,0,0,0,0,38
2,3583,501.76,-0.317061603069305,-3.94633680116385E-05,0,0,0,0,0,38
2,3584,501.9,-0.318593800067902,-4.03188205382321E-05,0,0,0,0,0,38
2,3585,502.04,-0.320766001939774,-5.94887278566603E-05,0,0,0,0,0,38
2,3586,502.18,-0.321832716464996,-5.31894875166472E-05,0,0,0,0,0,38
2,3587,502.32,-0.322395145893097,-3.28919413732365E-05,0,0,0,0,0,38
2,3588,502.46,-0.324004918336868,-3.5380529880058E-05,0,0,0,0,0,38
2,3589,502.6,-0.325944393873215,-4.57626083516516E-05,0,0,0,0,0,38
2,3590,502.74,-0.327515363693237,-5.36172155989334E-05,0,0,0,0,0,38
2,3591,502.88,-0.328485101461411,-4.35073270637076E-05,0,0,0,0,0,38
2,3592,503.02,-0.329881519079208,-4.41294723714236E-05,0,0,0,0,0,38
2,3593,503.16,-0.331258535385132,-4.60347982880194E-05,0,0,0,0,0,38
2,3594,503.3,-0.332441627979279,-3.74413903045934E-05,0,0,0,0,0,38
2,3595,503.44,-0.334264725446701,-4.6890250814613E-05,0,0,0,0,0,38
2,3596,503.58,-0.335893869400024,-4.68124817416538E-05,0,0,0,0,0,38
2,3597,503.72,-0.336786031723022,-4.03188205382321E-05,0,0,0,0,0,38
2,3598,503.86,-0.338453978300095,-4.51015766884666E-05,0,0,0,0,0,38
2,3599,504,-0.339811623096466,-4.11742730648257E-05,0,0,0,0,0,38
2,3600,504.14,-0.340781360864639,-4.16408838646021E-05,0,0,0,0,0,38
2,3601,504.28,-0.342294126749039,-4.01243996748235E-05,0,0,0,0,0,38
2,3602,504.42,-0.34425300359726,-4.95343738293741E-05,0,0,0,0,0,38
2,3603,504.56,-0.345339119434357,-4.87178076582495E-05,0,0,0,0,0,38
2,3604,504.7,-0.346677333116531,-4.40128205809742E-05,0,0,0,0,0,38
2,3605,504.84,-0.347647070884705,-3.68970140698366E-05,0,0,0,0,0,38
2,3606,504.98,-0.349644750356674,-4.56070702057332E-05,0,0,0,0,0,38
2,3607,505.12,-0.350827813148499,-4.11742730648257E-05,0,0,0,0,0,38
2,3608,505.26,-0.352243632078171,-4.38572824350558E-05,0,0,0,0,0,38
2,3609,505.4,-0.353814601898193,-4.6190332795959E-05,0,0,0,0,0,38
2,3610,505.54,-0.35540497303009,-4.5568187488243E-05,0,0,0,0,0,38
2,3611,505.68,-0.356626838445663,-5.1867427828256E-05,0,0,0,0,0,38
2,3612,505.82,-0.357945680618286,-4.21463773818687E-05,0,0,0,0,0,38
2,3613,505.96,-0.359089970588684,-4.59959119325504E-05,0,0,0,0,0,38
2,3614,506.1,-0.360913068056107,-4.70069026050624E-05,0,0,0,0,0,38
2,3615,506.24,-0.362328886985779,-4.79401242046151E-05,0,0,0,0,0,38
2,3616,506.38,-0.363337397575378,-4.68124817416538E-05,0,0,0,0,0,38
2,3617,506.52,-0.364753216505051,-4.09409694839269E-05,0,0,0,0,0,38
2,3618,506.66,-0.366459965705872,-4.67347126686946E-05,0,0,0,0,0,38
2,3619,506.8,-0.36775940656662,-5.17507723998278E-05,0,0,0,0,0,38
2,3620,506.94,-0.369000673294067,-4.66569435957354E-05,0,0,0,0,0,38
2,3621,507.08,-0.37082377076149,-4.92233011755161E-05,0,0,0,0,0,38
2,3622,507.22,-0.371909856796265,-4.40517032984644E-05,0,0,0,0,0,38
2,3623,507.36,-0.372957170009613,-4.40905896539334E-05,0,0,0,0,0,38
2,3624,507.5,-0.376137912273407,-8.10694546089508E-05,0,0,0,0,0,38
2,3625,507.64,-0.376118510961533,-4.66569435957354E-05,0,0,0,0,0,38
2,3626,507.78,-0.37720462679863,-4.32351371273398E-05,0,0,0,0,0,38
2,3627,507.92,-0.378988951444626,-4.86789213027805E-05,0,0,0,0,0,38
2,3628,508.06,-0.3805211186409,-4.70457853225525E-05,0,0,0,0,0,38
2,3629,508.2,-0.381995111703873,-5.2178500482114E-05,0,0,0,0,0,38
2,3630,508.34,-0.383391529321671,-5.1828541472787E-05,0,0,0,0,0,38
2,3631,508.48,-0.384128540754318,-4.50238076155074E-05,0,0,0,0,0,38
2,3632,508.62,-0.385699510574341,-4.75512824777979E-05,0,0,0,0,0,38
2,3633,508.76,-0.387251079082489,-5.3111718443688E-05,0,0,0,0,0,38
2,3634,508.9,-0.388531148433685,-5.24118040630128E-05,0,0,0,0,0,38
2,3635,509.04,-0.390043914318085,-4.62681018689182E-05,0,0,0,0,0,38
2,3636,509.18,-0.39167308807373,-5.08564371557441E-05,0,0,0,0,0,38
2,3637,509.32,-0.393011331558228,-5.13230479555205E-05,0,0,0,0,0,38
2,3638,509.46,-0.394174993038177,-5.05453645018861E-05,0,0,0,0,0,38
2,3639,509.6,-0.395959317684174,-5.20618486916646E-05,0,0,0,0,0,38
2,3640,509.74,-0.397627264261246,-5.75834019400645E-05,0,0,0,0,0,38
2,3641,509.88,-0.39865517616272,-5.3150604799157E-05,0,0,0,0,0,38
2,3642,510.02,-0.400012820959091,-5.26062249264214E-05,0,0,0,0,0,38
2,3643,510.16,-0.401040732860565,-5.11675098096021E-05,0,0,0,0,0,38
2,3644,510.3,-0.402805656194687,-5.1517468818929E-05,0,0,0,0,0,38
2,3645,510.44,-0.404008120298386,-5.28784148627892E-05,0,0,0,0,0,38
2,3646,510.58,-0.405462741851807,-4.84456177218817E-05,0,0,0,0,0,38
2,3647,510.72,-0.406762182712555,-5.12841616000514E-05,0,0,0,0,0,38
2,3648,510.86,-0.408236175775528,-5.40060573257506E-05,0,0,0,0,0,38
2,3649,511,-0.409516215324402,-5.35394465259742E-05,0,0,0,0,0,38
2,3650,511.14,-0.410641103982925,-4.84067350043915E-05,0,0,0,0,0,38
2,3651,511.28,-0.412250876426697,-4.99621019116603E-05,0,0,0,0,0,38
2,3652,511.42,-0.413899421691895,-5.30339530087076E-05,0,0,0,0,0,38
2,3653,511.56,-0.415489792823792,-5.4744854423916E-05,0,0,0,0,0,38
2,3654,511.7,-0.416420727968216,-5.03898263559677E-05,0,0,0,0,0,38
2,3655,511.84,-0.417661994695663,-4.6229219151428E-05,0,0,0,0,0,38
2,3656,511.98,-0.419465720653534,-5.544477244257E-05,0,0,0,0,0,38
2,3657,512.12,-0.420939713716507,-5.66890666959807E-05,0,0,0,0,0,38
2,3658,512.26,-0.422239154577255,-5.26451112818904E-05,0,0,0,0,0,38
2,3659,512.4,-0.423364043235779,-5.23340349900536E-05,0,0,0,0,0,38
2,3660,512.54,-0.42497381567955,-5.30339530087076E-05,0,0,0,0,0,38
2,3661,512.68,-0.426680535078049,-5.49392752873246E-05,0,0,0,0,0,38
2,3662,512.82,-0.427999377250671,-5.53670033696108E-05,0,0,0,0,0,38
2,3663,512.96,-0.429085493087769,-5.33450256625656E-05,0,0,0,0,0,38
2,3664,513.1,-0.430617660284042,-5.46282026334666E-05,0,0,0,0,0,38
2,3665,513.24,-0.431917130947113,-5.97220314375591E-05,0,0,0,0,0,38
2,3666,513.38,-0.433274745941162,-5.57169623789378E-05,0,0,0,0,0,38
2,3667,513.52,-0.434709966182709,-5.25284558534622E-05,0,0,0,0,0,38
2,3668,513.66,-0.435912430286407,-5.11675098096021E-05,0,0,0,0,0,38
2,3669,513.8,-0.43763855099678,-5.76222846575547E-05,0,0,0,0,0,38
2,3670,513.94,-0.439364701509476,-6.15107055637054E-05,0,0,0,0,0,38
2,3671,514.08,-0.440353810787201,-5.76611710130237E-05,0,0,0,0,0,38
2,3672,514.22,-0.441750228404999,-5.62613386136945E-05,0,0,0,0,0,38
2,3673,514.36,-0.443282425403595,-6.01497595198452E-05,0,0,0,0,0,38
2,3674,514.5,-0.444833993911743,-6.13940501352772E-05,0,0,0,0,0,38
2,3675,514.64,-0.445842534303665,-5.78944745939225E-05,0,0,0,0,0,38
2,3676,514.78,-0.447568655014038,-5.87888134759851E-05,0,0,0,0,0,38
2,3677,514.92,-0.448887497186661,-6.0694135754602E-05,0,0,0,0,0,38
2,3678,515.06,-0.450613617897034,-6.20162027189508E-05,0,0,0,0,0,38
2,3679,515.2,-0.451699733734131,-6.0733022110071E-05,0,0,0,0,0,38
2,3680,515.34,-0.453037977218628,-6.07719048275612E-05,0,0,0,0,0,38
2,3681,515.48,-0.454376190900803,-6.08107911830302E-05,0,0,0,0,0,38
2,3682,515.62,-0.456044137477875,-6.22883890173398E-05,0,0,0,0,0,38
2,3683,515.76,-0.457227230072021,-6.43103703623638E-05,0,0,0,0,0,38
2,3684,515.9,-0.458895176649094,-6.44659012323245E-05,0,0,0,0,0,38
2,3685,516.04,-0.459806710481644,-5.96831487200689E-05,0,0,0,0,0,38
2,3686,516.18,-0.461377680301666,-6.08107911830302E-05,0,0,0,0,0,38
2,3687,516.32,-0.463026255369186,-6.54768955428153E-05,0,0,0,0,0,38
2,3688,516.46,-0.464539021253586,-6.51269365334883E-05,0,0,0,0,0,38
2,3689,516.6,-0.465314835309982,-6.26383480266668E-05,0,0,0,0,0,38
2,3690,516.74,-0.467137932777405,-6.18606645730324E-05,0,0,0,0,0,38
2,3691,516.88,-0.468534350395203,-6.31049551884644E-05,0,0,0,0,0,38
2,3692,517.02,-0.469601064920425,-6.2677230744157E-05,0,0,0,0,0,38
2,3693,517.16,-0.471075057983398,-6.25216925982386E-05,0,0,0,0,0,38
2,3694,517.3,-0.472684800624847,-6.12385192653164E-05,0,0,0,0,0,38
2,3695,517.44,-0.474391549825668,-6.85876293573529E-05,0,0,0,0,0,38
2,3696,517.58,-0.475341886281967,-6.41937149339356E-05,0,0,0,0,0,38
2,3697,517.72,-0.476583153009415,-6.61768062855117E-05,0,0,0,0,0,38
2,3698,517.86,-0.478774756193161,-6.91708919475786E-05,0,0,0,0,0,38
2,3699,518,-0.479705691337585,-6.97152718203142E-05,0,0,0,0,0,38
2,3700,518.14,-0.481373637914658,-7.01818789821118E-05,0,0,0,0,0,38
2,3701,518.28,-0.482750684022903,-6.92875401000492E-05,0,0,0,0,0,38
2,3702,518.42,-0.484069496393204,-6.66434207232669E-05,0,0,0,0,0,38
2,3703,518.56,-0.485407739877701,-7.00263408361934E-05,0,0,0,0,0,38
2,3704,518.7,-0.486784756183624,-6.88209329382516E-05,0,0,0,0,0,38
2,3705,518.84,-0.488122999668121,-6.96374991093762E-05,0,0,0,0,0,38
2,3706,518.98,-0.48932546377182,-6.76544077578001E-05,0,0,0,0,0,38
2,3707,519.12,-0.490857660770416,-7.26315847714432E-05,0,0,0,0,0,38
2,3708,519.26,-0.492157101631165,-7.04540652805008E-05,0,0,0,0,0,38
2,3709,519.4,-0.493805646896362,-6.90153538016602E-05,0,0,0,0,0,38
2,3710,519.54,-0.495415419340134,-7.38369926693849E-05,0,0,0,0,0,38
2,3711,519.68,-0.496637284755707,-7.51979387132451E-05,0,0,0,0,0,38
2,3712,519.82,-0.497917324304581,-6.92097746650688E-05,0,0,0,0,0,38
2,3713,519.96,-0.498945266008377,-6.98319199727848E-05,0,0,0,0,0,38
2,3714,520.1,-0.5005744099617,-7.11539832991548E-05,0,0,0,0,0,38
2,3715,520.24,-0.502222955226898,-7.2514929343015E-05,0,0,0,0,0,38
2,3716,520.38,-0.503037571907043,-7.01818789821118E-05,0,0,0,0,0,38
2,3717,520.52,-0.505015790462494,-7.44980279705487E-05,0,0,0,0,0,38
2,3718,520.66,-0.506489813327789,-7.68310783314519E-05,0,0,0,0,0,38
2,3719,520.8,-0.507653474807739,-7.32537300791591E-05,0,0,0,0,0,38
2,3720,520.94,-0.509108066558838,-7.30593092157505E-05,0,0,0,0,0,38
2,3721,521.08,-0.510659694671631,-7.89308251114562E-05,0,0,0,0,0,38
2,3722,521.22,-0.51151305437088,-7.60533948778175E-05,0,0,0,0,0,38
2,3723,521.36,-0.51302582025528,-7.57034358684905E-05,0,0,0,0,0,38
2,3724,521.5,-0.514577388763428,-7.92807768448256E-05,0,0,0,0,0,38
2,3725,521.64,-0.516225934028625,-7.8464210673701E-05,0,0,0,0,0,38
2,3726,521.78,-0.517195701599121,-7.49646351323463E-05,0,0,0,0,0,38
2,3727,521.92,-0.518786072731018,-7.76865272200666E-05,0,0,0,0,0,38
2,3728,522.06,-0.520260035991669,-8.11861027614214E-05,0,0,0,0,0,38
2,3729,522.2,-0.521287977695465,-7.80753689468838E-05,0,0,0,0,0,38
2,3730,522.34,-0.523091673851013,-7.7842065365985E-05,0,0,0,0,0,38
2,3731,522.48,-0.524565696716309,-8.28970078146085E-05,0,0,0,0,0,38
2,3732,522.62,-0.525865137577057,-8.04473020252772E-05,0,0,0,0,0,38
2,3733,522.76,-0.527067601680756,-8.13027581898496E-05,0,0,0,0,0,38
2,3734,522.9,-0.528851926326752,-8.64743560669012E-05,0,0,0,0,0,38
2,3735,523.04,-0.529860436916351,-8.35191531223245E-05,0,0,0,0,0,38
2,3736,523.18,-0.531353831291199,-8.56966726132669E-05,0,0,0,0,0,38
2,3737,523.32,-0.532963573932648,-8.60466316225939E-05,0,0,0,0,0,38
2,3738,523.46,-0.534398794174194,-8.77186466823332E-05,0,0,0,0,0,38
2,3739,523.6,-0.535892188549042,-8.96628553164192E-05,0,0,0,0,0,38
2,3740,523.74,-0.536803722381592,-8.42579538584687E-05,0,0,0,0,0,38
2,3741,523.88,-0.53845226764679,-8.98572761798278E-05,0,0,0,0,0,38
2,3742,524.02,-0.539809942245483,-8.7329804955516E-05,0,0,0,0,0,38
2,3743,524.16,-0.54140031337738,-9.18792575248517E-05,0,0,0,0,0,38
2,3744,524.3,-0.542893707752228,-9.14515330805443E-05,0,0,0,0,0,38
2,3745,524.44,-0.54397976398468,-8.97406280273572E-05,0,0,0,0,0,38
2,3746,524.58,-0.545414984226227,-9.04794287635013E-05,0,0,0,0,0,38
2,3747,524.72,-0.547063529491425,-9.50288740568794E-05,0,0,0,0,0,38
2,3748,524.86,-0.548576354980469,-9.74008144112304E-05,0,0,0,0,0,38
2,3749,525,-0.549429714679718,-9.39401215873659E-05,0,0,0,0,0,38
2,3750,525.14,-0.551097631454468,-9.28513618418947E-05,0,0,0,0,0,38
2,3751,525.28,-0.552668631076813,-9.61565165198408E-05,0,0,0,0,0,38
2,3752,525.42,-0.553929269313812,-9.79840770014562E-05,0,0,0,0,0,38
2,3753,525.56,-0.555034756660461,-9.88006431725807E-05,0,0,0,0,0,38
2,3754,525.7,-0.556528151035309,-9.89950640359893E-05,0,0,0,0,0,38
2,3755,525.84,-0.558099150657654,-9.82951460173354E-05,0,0,0,0,0,38
2,3756,525.98,-0.559437394142151,-0.000101950259704608,0,0,0,0,0,38
2,3757,526.12,-0.560659229755402,-9.89561813184991E-05,0,0,0,0,0,38
2,3758,526.26,-0.562269032001495,-0.000100200471933931,0,0,0,0,0,38
2,3759,526.4,-0.563723623752594,-0.000102611295005772,0,0,0,0,0,38
2,3760,526.54,-0.565100610256195,-0.000106227525975555,0,0,0,0,0,38
2,3761,526.68,-0.566244900226593,-0.000106344174128026,0,0,0,0,0,38
2,3762,526.82,-0.568145632743835,-0.000111282468424179,0,0,0,0,0,38
2,3763,526.96,-0.569464445114136,-0.000110621433123015,0,0,0,0,0,38
2,3764,527.1,-0.570802688598633,-0.000109027183498256,0,0,0,0,0,38
2,3765,527.24,-0.572179675102234,-0.00011116581299575,0,0,0,0,0,38
2,3766,527.38,-0.573847651481628,-0.000113187794340774,0,0,0,0,0,38
2,3767,527.52,-0.574545860290527,-0.00011241011088714,0,0,0,0,0,38
2,3768,527.66,-0.576485335826874,-0.000117426170618273,0,0,0,0,0,38
2,3769,527.8,-0.577823579311371,-0.000117815012345091,0,0,0,0,0,38
2,3770,527.94,-0.579103589057922,-0.000116648487164639,0,0,0,0,0,38
2,3771,528.08,-0.580228507518768,-0.000116609604447149,0,0,0,0,0,38
2,3772,528.22,-0.581974029541016,-0.00012209227134008,0,0,0,0,0,38
2,3773,528.36,-0.583273470401764,-0.000125552964163944,0,0,0,0,0,38
2,3774,528.5,-0.584747493267059,-0.000125397433293983,0,0,0,0,0,38
2,3775,528.64,-0.58606630563736,-0.000127147213788703,0,0,0,0,0,38
2,3776,528.78,-0.587520897388458,-0.000126875034766272,0,0,0,0,0,38
2,3777,528.92,-0.588975548744202,-0.000126330647617579,0,0,0,0,0,38
2,3778,529.06,-0.590216815471649,-0.000129441381432116,0,0,0,0,0,38
2,3779,529.2,-0.5916907787323,-0.000130452375742607,0,0,0,0,0,38
2,3780,529.34,-0.593106627464294,-0.000134340793010779,0,0,0,0,0,38
2,3781,529.48,-0.594696998596191,-0.000136012808070518,0,0,0,0,0,38
2,3782,529.62,-0.595821857452393,-0.000133524226839654,0,0,0,0,0,38
2,3783,529.76,-0.59716010093689,-0.000134924048325047,0,0,0,0,0,38
2,3784,529.9,-0.598672866821289,-0.000139084659167565,0,0,0,0,0,38
2,3785,530.04,-0.600185692310333,-0.000141806551255286,0,0,0,0,0,38
2,3786,530.18,-0.601582109928131,-0.000146278238389641,0,0,0,0,0,38
2,3787,530.32,-0.602823376655579,-0.000145811631227843,0,0,0,0,0,38
2,3788,530.46,-0.604627072811127,-0.00015047773194965,0,0,0,0,0,38
2,3789,530.6,-0.605325281620026,-0.00014530612679664,0,0,0,0,0,38
2,3790,530.74,-0.606876850128174,-0.000146239355672151,0,0,0,0,0,38
2,3791,530.88,-0.608467221260071,-0.000152966313180514,0,0,0,0,0,38
2,3792,531.02,-0.609863638877869,-0.000152266409713775,0,0,0,0,0,38
2,3793,531.16,-0.611570358276367,-0.000160976458573714,0,0,0,0,0,38
2,3794,531.3,-0.612656474113464,-0.00016120976943057,0,0,0,0,0,38
2,3795,531.44,-0.613955914974213,-0.000162454060046002,0,0,0,0,0,38
2,3796,531.58,-0.615662634372711,-0.000163387274369597,0,0,0,0,0,38
2,3797,531.72,-0.616787552833557,-0.000167547885212116,0,0,0,0,0,38
2,3798,531.86,-0.618474900722504,-0.000170386440004222,0,0,0,0,0,38
2,3799,532,-0.619483411312103,-0.000170075363712385,0,0,0,0,0,38
2,3800,532.14,-0.621054410934448,-0.000172563944943249,0,0,0,0,0,38
2,3801,532.28,-0.622159898281097,-0.000174624816281721,0,0,0,0,0,38
2,3802,532.42,-0.624060571193695,-0.000182751609827392,0,0,0,0,0,38
2,3803,532.56,-0.625185489654541,-0.000183529293281026,0,0,0,0,0,38
2,3804,532.7,-0.626872777938843,-0.000186523378943093,0,0,0,0,0,38
2,3805,532.84,-0.628482580184937,-0.000190450678928755,0,0,0,0,0,38
2,3806,532.98,-0.629316508769989,-0.000186484496225603,0,0,0,0,0,38
2,3807,533.12,-0.631023287773132,-0.000196399952983484,0,0,0,0,0,38
2,3808,533.26,-0.632574856281281,-0.000200599446543492,0,0,0,0,0,38
2,3809,533.4,-0.633641541004181,-0.000199549584067427,0,0,0,0,0,38
2,3810,533.54,-0.634979784488678,-0.000201765971723944,0,0,0,0,0,38
2,3811,533.68,-0.636279225349426,-0.000204332332941704,0,0,0,0,0,38
2,3812,533.82,-0.637908399105072,-0.000209426158107817,0,0,0,0,0,38
2,3813,533.96,-0.639595746994019,-0.000216736385482363,0,0,0,0,0,38
2,3814,534.1,-0.641030967235565,-0.000219536057556979,0,0,0,0,0,38
2,3815,534.24,-0.642078280448914,-0.000220663685468026,0,0,0,0,0,38
2,3816,534.38,-0.643397092819214,-0.000224202158278786,0,0,0,0,0,38
2,3817,534.52,-0.644580185413361,-0.000226301897782832,0,0,0,0,0,38
2,3818,534.66,-0.646325707435608,-0.000231706799240783,0,0,0,0,0,38
2,3819,534.8,-0.647780299186707,-0.000236956169828773,0,0,0,0,0,38
2,3820,534.94,-0.649040937423706,-0.000240300214500166,0,0,0,0,0,38
2,3821,535.08,-0.650379180908203,-0.00024278879573103,0,0,0,0,0,38
2,3822,535.22,-0.652047157287598,-0.000250954471994191,0,0,0,0,0,38
2,3823,535.36,-0.653133273124695,-0.000252121011726558,0,0,0,0,0,38
2,3824,535.5,-0.654684841632843,-0.00025597054627724,0,0,0,0,0,38
2,3825,535.64,-0.655887305736542,-0.000257137056905776,0,0,0,0,0,38
2,3826,535.78,-0.657322525978088,-0.0002613365650177,0,0,0,0,0,38
2,3827,535.92,-0.659068048000336,-0.000270629883743823,0,0,0,0,0,38
2,3828,536.06,-0.660328686237335,-0.000272729608695954,0,0,0,0,0,38
2,3829,536.2,-0.661472976207733,-0.000276345846941695,0,0,0,0,0,38
2,3830,536.34,-0.663179695606232,-0.000279223284451291,0,0,0,0,0,38
2,3831,536.48,-0.664304614067078,-0.000285716931102797,0,0,0,0,0,38
2,3832,536.62,-0.665584683418274,-0.000288477720459923,0,0,0,0,0,38
2,3833,536.76,-0.667446553707123,-0.000324717781040818,0,0,0,0,0,38
2,3834,536.9,-0.66868782043457,-0.000320518302032724,0,0,0,0,0,38
2,3835,537.04,-0.670181214809418,-0.000316007732180879,0,0,0,0,0,38
2,3836,537.18,-0.671247899532318,-0.00032339571043849,0,0,0,0,0,38
2,3837,537.32,-0.672935247421265,-0.000329500529915094,0,0,0,0,0,38
2,3838,537.46,-0.674428641796112,-0.000336344150127843,0,0,0,0,0,38
2,3839,537.6,-0.67557293176651,-0.000338677200488746,0,0,0,0,0,38
2,3840,537.74,-0.677046954631805,-0.000343032239470631,0,0,0,0,0,38
2,3841,537.88,-0.678559720516205,-0.000348592671798542,0,0,0,0,0,38
2,3842,538.02,-0.680053114891052,-0.000353453186107799,0,0,0,0,0,38
2,3843,538.16,-0.681410729885101,-0.000358235964085907,0,0,0,0,0,38
2,3844,538.3,-0.683136880397797,-0.00036772369639948,0,0,0,0,0,38
2,3845,538.44,-0.684009611606598,-0.000369629007764161,0,0,0,0,0,38
2,3846,538.58,-0.685231506824493,-0.000372156500816345,0,0,0,0,0,38
2,3847,538.72,-0.686841249465942,-0.000377911346731707,0,0,0,0,0,38
2,3848,538.86,-0.688198864459991,-0.000382188620278612,0,0,0,0,0,38
2,3849,539,-0.689537107944489,-0.00038728243089281,0,0,0,0,0,38
2,3850,539.14,-0.690875351428986,-0.000393115071346983,0,0,0,0,0,38
2,3851,539.28,-0.692446351051331,-0.000399181008106098,0,0,0,0,0,38
2,3852,539.42,-0.69370698928833,-0.000404119287850335,0,0,0,0,0,38
2,3853,539.56,-0.695355534553528,-0.000410029693739489,0,0,0,0,0,38
2,3854,539.7,-0.696596801280975,-0.000410496315453202,0,0,0,0,0,38
2,3855,539.84,-0.697993218898773,-0.000417534349253401,0,0,0,0,0,38
2,3856,539.98,-0.699758172035217,-0.000428383034886792,0,0,0,0,0,38
2,3857,540.12,-0.700766682624817,-0.000429938401794061,0,0,0,0,0,38
2,3858,540.26,-0.702725529670715,-0.000438803981523961,0,0,0,0,0,38
2,3859,540.4,-0.70404440164566,-0.000445764278993011,0,0,0,0,0,38
2,3860,540.54,-0.705033481121063,-0.000447047437774017,0,0,0,0,0,38
2,3861,540.68,-0.706546306610107,-0.00045097473775968,0,0,0,0,0,38
2,3862,540.82,-0.708369374275208,-0.000461823423393071,0,0,0,0,0,38
2,3863,540.96,-0.709164559841156,-0.00046516748261638,0,0,0,0,0,38
2,3864,541.1,-0.71052223443985,-0.000465556309791282,0,0,0,0,0,38
2,3865,541.24,-0.711899220943451,-0.000470922328531742,0,0,0,0,0,38
2,3866,541.38,-0.713702917098999,-0.000479943468235433,0,0,0,0,0,38
2,3867,541.52,-0.714711487293243,-0.000482198753161356,0,0,0,0,0,38
2,3868,541.66,-0.716321229934692,-0.000485814991407096,0,0,0,0,0,38
2,3869,541.8,-0.717698276042938,-0.000493747356813401,0,0,0,0,0,38
2,3870,541.94,-0.719094693660736,-0.000497635744977742,0,0,0,0,0,38
2,3871,542.08,-0.720374703407288,-0.0005023407866247,0,0,0,0,0,38
2,3872,542.22,-0.721518993377686,-0.000505218165926635,0,0,0,0,0,38
2,3873,542.36,-0.723245143890381,-0.000513656064867973,0,0,0,0,0,38
2,3874,542.5,-0.724408805370331,-0.000519333174452186,0,0,0,0,0,38
2,3875,542.64,-0.726348280906677,-0.000528159842360765,0,0,0,0,0,38
2,3876,542.78,-0.727279245853424,-0.000526915595401078,0,0,0,0,0,38
2,3877,542.92,-0.728733837604523,-0.000532359350472689,0,0,0,0,0,38
2,3878,543.06,-0.73063451051712,-0.000546396535355598,0,0,0,0,0,38
2,3879,543.2,-0.731623649597168,-0.000548029667697847,0,0,0,0,0,38
2,3880,543.34,-0.733097672462463,-0.000551140401512384,0,0,0,0,0,38
2,3881,543.48,-0.734571635723114,-0.000554640020709485,0,0,0,0,0,38
2,3882,543.62,-0.73585170507431,-0.000557984050828964,0,0,0,0,0,38
2,3883,543.76,-0.737267553806305,-0.000565099820960313,0,0,0,0,0,38
2,3884,543.9,-0.738295435905457,-0.000570776930544525,0,0,0,0,0,38
2,3885,544.04,-0.739943981170654,-0.000574432022403926,0,0,0,0,0,38
2,3886,544.18,-0.741010725498199,-0.000576803984586149,0,0,0,0,0,38
2,3887,544.32,-0.7426398396492,-0.000584580819122493,0,0,0,0,0,38
2,3888,544.46,-0.744365990161896,-0.000589441333431751,0,0,0,0,0,38
2,3889,544.6,-0.745607256889343,-0.000592202122788876,0,0,0,0,0,38
2,3890,544.74,-0.746770918369293,-0.000597645936068147,0,0,0,0,0,38
2,3891,544.88,-0.748380720615387,-0.000603284104727209,0,0,0,0,0,38
2,3892,545.02,-0.749835312366486,-0.000609738868661225,0,0,0,0,0,38
2,3893,545.16,-0.751251101493835,-0.000617321289610118,0,0,0,0,0,38
2,3894,545.3,-0.752938449382782,-0.00062478706240654,0,0,0,0,0,38
2,3895,545.44,-0.754218518733978,-0.000623270578216761,0,0,0,0,0,38
2,3896,545.58,-0.755130052566528,-0.000625681423116475,0,0,0,0,0,38
2,3897,545.72,-0.757263481616974,-0.000636724522337317,0,0,0,0,0,38
2,3898,545.86,-0.758310794830322,-0.00064236274920404,0,0,0,0,0,38
2,3899,546,-0.759784817695618,-0.000643956998828799,0,0,0,0,0,38
2,3900,546.14,-0.761394560337067,-0.000653639144729823,0,0,0,0,0,38
2,3901,546.28,-0.762674629688263,-0.000657138705719262,0,0,0,0,0,38
2,3902,546.42,-0.76416802406311,-0.000661843689158559,0,0,0,0,0,38
2,3903,546.56,-0.765448033809662,-0.000666237610857934,0,0,0,0,0,38
2,3904,546.7,-0.766941428184509,-0.000669970526359975,0,0,0,0,0,38
2,3905,546.84,-0.767930567264557,-0.000673353439196944,0,0,0,0,0,38
2,3906,546.98,-0.769656717777252,-0.00067786400904879,0,0,0,0,0,38
2,3907,547.12,-0.770956158638,-0.000679924851283431,0,0,0,0,0,38
2,3908,547.26,-0.772139251232147,-0.000685524195432663,0,0,0,0,0,38
2,3909,547.4,-0.773865342140198,-0.000691862311214209,0,0,0,0,0,38
2,3910,547.54,-0.775164783000946,-0.000697189418133348,0,0,0,0,0,38
2,3911,547.68,-0.776600003242493,-0.000701194512657821,0,0,0,0,0,38
2,3912,547.82,-0.777899444103241,-0.000705199548974633,0,0,0,0,0,38
2,3913,547.96,-0.779121339321136,-0.000706793856807053,0,0,0,0,0,38
2,3914,548.1,-0.780381977558136,-0.000711343251168728,0,0,0,0,0,38
2,3915,548.24,-0.782069325447083,-0.000716787064447999,0,0,0,0,0,38
2,3916,548.38,-0.783426940441132,-0.000724408368114382,0,0,0,0,0,38
2,3917,548.52,-0.784920334815979,-0.000729191116988659,0,0,0,0,0,38
2,3918,548.66,-0.785870671272278,-0.000730785366613418,0,0,0,0,0,38
2,3919,548.8,-0.787771344184875,-0.000737978960387409,0,0,0,0,0,38
2,3920,548.94,-0.78918719291687,-0.000742256233934313,0,0,0,0,0,38
2,3921,549.08,-0.790467202663422,-0.000744744786061347,0,0,0,0,0,38
2,3922,549.22,-0.791824877262115,-0.000746261270251125,0,0,0,0,0,38
2,3923,549.36,-0.793260097503662,-0.0007524827378802,0,0,0,0,0,38
2,3924,549.5,-0.795024991035461,-0.000758354261051863,0,0,0,0,0,38
2,3925,549.64,-0.796130478382111,-0.000762281590141356,0,0,0,0,0,38
2,3926,549.78,-0.797779023647308,-0.000768541940487921,0,0,0,0,0,38
2,3927,549.92,-0.798981487751007,-0.000772702507674694,0,0,0,0,0,38
2,3928,550.06,-0.800164580345154,-0.000775852124206722,0,0,0,0,0,38
2,3929,550.2,-0.801890730857849,-0.000777913024649024,0,0,0,0,0,38
2,3930,550.34,-0.803209543228149,-0.000782851304393262,0,0,0,0,0,38
2,3931,550.48,-0.804528415203094,-0.000785573211032897,0,0,0,0,0,38
2,3932,550.62,-0.805711448192596,-0.000790239311754704,0,0,0,0,0,38
2,3933,550.76,-0.80716609954834,-0.00079490541247651,0,0,0,0,0,38
2,3934,550.9,-0.808775842189789,-0.000799960340373218,0,0,0,0,0,38
2,3935,551.04,-0.810133457183838,-0.000805676332674921,0,0,0,0,0,38
2,3936,551.18,-0.811219573020935,-0.000808009353931993,0,0,0,0,0,38
2,3937,551.32,-0.812809944152832,-0.000813142105471343,0,0,0,0,0,38
2,3938,551.46,-0.814070582389832,-0.00081625283928588,0,0,0,0,0,38
2,3939,551.6,-0.815467000007629,-0.00081986904842779,0,0,0,0,0,38
2,3940,551.74,-0.817076802253723,-0.00082336860941723,0,0,0,0,0,38
2,3941,551.88,-0.818356812000275,-0.000828967953566462,0,0,0,0,0,38
2,3942,552.02,-0.819966614246368,-0.000833050813525915,0,0,0,0,0,38
2,3943,552.16,-0.821324229240417,-0.000837639148812741,0,0,0,0,0,38
2,3944,552.3,-0.822565495967865,-0.000839855521917343,0,0,0,0,0,38
2,3945,552.44,-0.823981285095215,-0.00084634916856885,0,0,0,0,0,38
2,3946,552.58,-0.825280725955963,-0.000848721130751073,0,0,0,0,0,38
2,3947,552.72,-0.82687109708786,-0.000853892706800252,0,0,0,0,0,38
2,3948,552.86,-0.828267514705658,-0.000858403276652098,0,0,0,0,0,38
2,3949,553,-0.829489409923553,-0.000860930769704282,0,0,0,0,0,38
2,3950,553.14,-0.8314288854599,-0.000866996706463397,0,0,0,0,0,38
2,3951,553.28,-0.832456767559052,-0.000870262971147895,0,0,0,0,0,38
2,3952,553.42,-0.833988964557648,-0.000874073593877256,0,0,0,0,0,38
2,3953,553.56,-0.835404813289642,-0.000877262093126774,0,0,0,0,0,38
2,3954,553.7,-0.836878776550293,-0.000882005959283561,0,0,0,0,0,38
2,3955,553.84,-0.838042497634888,-0.000882239313796163,0,0,0,0,0,38
2,3956,553.98,-0.839497089385986,-0.000886360998265445,0,0,0,0,0,38
2,3957,554.12,-0.841029226779938,-0.000891921459697187,0,0,0,0,0,38
2,3958,554.26,-0.841902017593384,-0.000891610397957265,0,0,0,0,0,38
2,3959,554.4,-0.84368634223938,-0.000896470912266523,0,0,0,0,0,38
2,3960,554.54,-0.844791829586029,-0.000899270584341139,0,0,0,0,0,38
2,3961,554.68,-0.846770107746124,-0.000908563903067261,0,0,0,0,0,38
2,3962,554.82,-0.847778618335724,-0.000907630659639835,0,0,0,0,0,38
2,3963,554.96,-0.849233210086823,-0.000915679673198611,0,0,0,0,0,38
2,3964,555.1,-0.851075708866119,-0.000923067680560052,0,0,0,0,0,38
2,3965,555.24,-0.852239370346069,-0.000923339859582484,0,0,0,0,0,38
2,3966,555.38,-0.853306114673615,-0.000922873266972601,0,0,0,0,0,38
2,3967,555.52,-0.854974031448364,-0.000930105743464082,0,0,0,0,0,38
2,3968,555.66,-0.856486856937408,-0.000933099829126149,0,0,0,0,0,38
2,3969,555.8,-0.85776686668396,-0.000936482741963118,0,0,0,0,0,38
2,3970,555.94,-0.858833611011505,-0.000938076991587877,0,0,0,0,0,38
2,3971,556.08,-0.860210657119751,-0.000942820857744664,0,0,0,0,0,38
2,3972,556.22,-0.862014353275299,-0.000946320418734103,0,0,0,0,0,38
2,3973,556.36,-0.863430142402649,-0.000951803114730865,0,0,0,0,0,38
2,3974,556.5,-0.864729583263397,-0.000954602786805481,0,0,0,0,0,38
2,3975,556.64,-0.866300582885742,-0.000960163190029562,0,0,0,0,0,38
2,3976,556.78,-0.867755174636841,-0.000963934988249093,0,0,0,0,0,38
2,3977,556.92,-0.868977010250092,-0.000967123487498611,0,0,0,0,0,38
2,3978,557.06,-0.870295882225037,-0.000965801416896284,0,0,0,0,0,38
2,3979,557.2,-0.871672928333282,-0.000972567242570221,0,0,0,0,0,38
2,3980,557.34,-0.87291419506073,-0.00097583350725472,0,0,0,0,0,38
2,3981,557.48,-0.874349355697632,-0.000979799777269363,0,0,0,0,0,38
2,3982,557.62,-0.875920355319977,-0.000982366036623716,0,0,0,0,0,38
2,3983,557.76,-0.877316772937775,-0.000986604485660791,0,0,0,0,0,38
2,3984,557.9,-0.878616213798523,-0.000986798899248242,0,0,0,0,0,38
2,3985,558.04,-0.88020658493042,-0.000992903718724847,0,0,0,0,0,38
2,3986,558.18,-0.881331443786621,-0.000995081150904298,0,0,0,0,0,38
2,3987,558.32,-0.883096396923065,-0.00100180821027607,0,0,0,0,0,38
2,3988,558.46,-0.884124338626862,-0.00100305245723575,0,0,0,0,0,38
2,3989,558.6,-0.885695278644562,-0.00100332463625818,0,0,0,0,0,38
2,3990,558.74,-0.88709169626236,-0.00101082934997976,0,0,0,0,0,38
2,3991,558.88,-0.888817846775055,-0.00101397896651179,0,0,0,0,0,38
2,3992,559.02,-0.889710009098053,-0.00101436779368669,0,0,0,0,0,38
2,3993,559.16,-0.891416728496552,-0.00101926713250577,0,0,0,0,0,38
2,3994,559.3,-0.89261919260025,-0.00102552748285234,0,0,0,0,0,38
2,3995,559.44,-0.894248366355896,-0.0010256830137223,0,0,0,0,0,38
2,3996,559.58,-0.895256876945496,-0.00102747173514217,0,0,0,0,0,38
2,3997,559.72,-0.896711468696594,-0.00103163230232894,0,0,0,0,0,38
2,3998,559.86,-0.89843761920929,-0.0010351708624512,0,0,0,0,0,38
3,3999,560,-0.89940732717514,-0.00103412091266364,0,0,0,0,0,38
3,4000,560.14,-0.89783638715744,-0.00103190448135138,0,0,0,0,0,38
3,4001,560.28,-0.896342992782593,-0.0010208225576207,0,0,0,0,0,38
3,4002,560.42,-0.895159900188446,-0.00101845059543848,0,0,0,0,0,38
3,4003,560.56,-0.893550157546997,-0.00101257907226682,0,0,0,0,0,38
3,4004,560.7,-0.892270088195801,-0.00100670754909515,0,0,0,0,0,38
3,4005,560.84,-0.890505194664001,-0.000999086303636432,0,0,0,0,0,38
3,4006,560.98,-0.889923334121704,-0.00100266363006085,0,0,0,0,0,38
3,4007,561.12,-0.888042032718658,-0.000992242712527514,0,0,0,0,0,38
3,4008,561.26,-0.886800765991211,-0.000985826714895666,0,0,0,0,0,38
3,4009,561.4,-0.885307371616364,-0.000982249388471246,0,0,0,0,0,38
3,4010,561.54,-0.883969128131866,-0.000977194518782198,0,0,0,0,0,38
3,4011,561.68,-0.882514536380768,-0.000971089641097933,0,0,0,0,0,38
3,4012,561.82,-0.881079316139221,-0.000971245171967894,0,0,0,0,0,38
3,4013,561.96,-0.879741132259369,-0.000961912970524281,0,0,0,0,0,38
3,4014,562.1,-0.878131330013275,-0.000961874087806791,0,0,0,0,0,38
3,4015,562.24,-0.877258598804474,-0.000960435369051993,0,0,0,0,0,38
3,4016,562.38,-0.87539666891098,-0.000949742272496223,0,0,0,0,0,38
3,4017,562.52,-0.873845100402832,-0.000945853826124221,0,0,0,0,0,38
3,4018,562.66,-0.872836589813232,-0.000945970474276692,0,0,0,0,0,38
3,4019,562.8,-0.871032893657684,-0.00093492737505585,0,0,0,0,0,38
3,4020,562.94,-0.869636476039886,-0.000935471733100712,0,0,0,0,0,38
3,4021,563.08,-0.86876368522644,-0.000934499665163457,0,0,0,0,0,38
3,4022,563.22,-0.867018163204193,-0.000926839478779584,0,0,0,0,0,38
3,4023,563.36,-0.865563571453094,-0.000923573155887425,0,0,0,0,0,38
3,4024,563.5,-0.864341676235199,-0.000919762533158064,0,0,0,0,0,38
3,4025,563.64,-0.863022863864899,-0.000916690682061017,0,0,0,0,0,38
3,4026,563.78,-0.86141312122345,-0.000914279837161303,0,0,0,0,0,38
3,4027,563.92,-0.860094249248505,-0.00090833060676232,0,0,0,0,0,38
3,4028,564.06,-0.858659029006958,-0.000904753222130239,0,0,0,0,0,38
3,4029,564.2,-0.857185065746307,-0.000902186904568225,0,0,0,0,0,38
3,4030,564.34,-0.85584682226181,-0.000900398183148354,0,0,0,0,0,38
3,4031,564.48,-0.854411602020264,-0.000893476826604456,0,0,0,0,0,38
3,4032,564.62,-0.853092789649963,-0.000890093913767487,0,0,0,0,0,38
3,4033,564.76,-0.851812720298767,-0.000890910450834781,0,0,0,0,0,38
3,4034,564.9,-0.850552082061768,-0.000887372007127851,0,0,0,0,0,38
3,4035,565.04,-0.848884105682373,-0.000879828468896449,0,0,0,0,0,38
3,4036,565.18,-0.847604036331177,-0.000881461601238698,0,0,0,0,0,38
3,4037,565.32,-0.846130073070526,-0.000875084602739662,0,0,0,0,0,38
3,4038,565.46,-0.84475302696228,-0.000875590078067034,0,0,0,0,0,38
3,4039,565.6,-0.843492388725281,-0.000868279894348234,0,0,0,0,0,38
3,4040,565.74,-0.842328727245331,-0.00087127392180264,0,0,0,0,0,38
3,4041,565.88,-0.840389251708984,-0.000861630658619106,0,0,0,0,0,38
3,4042,566.02,-0.83922553062439,-0.000862836081068963,0,0,0,0,0,38
3,4043,566.16,-0.837732136249542,-0.000856575730722398,0,0,0,0,0,38
3,4044,566.3,-0.836452126502991,-0.000856070255395025,0,0,0,0,0,38
3,4045,566.44,-0.834725975990295,-0.000849770964123309,0,0,0,0,0,38
3,4046,566.58,-0.833562314510345,-0.000848371186293662,0,0,0,0,0,38
3,4047,566.72,-0.832146465778351,-0.000844171678181738,0,0,0,0,0,38
3,4048,566.86,-0.830594897270203,-0.0008410609443672,0,0,0,0,0,38
3,4049,567,-0.829043328762054,-0.000835228303913027,0,0,0,0,0,38
3,4050,567.14,-0.827996015548706,-0.000836628139950335,0,0,0,0,0,38
3,4051,567.28,-0.826696574687958,-0.000832000921946019,0,0,0,0,0,38
3,4052,567.42,-0.825338900089264,-0.000833089696243405,0,0,0,0,0,38
3,4053,567.56,-0.823690354824066,-0.000828929070848972,0,0,0,0,0,38
3,4054,567.7,-0.822390913963318,-0.000823018664959818,0,0,0,0,0,38
3,4055,567.84,-0.821110904216766,-0.000822124362457544,0,0,0,0,0,38
3,4056,567.98,-0.819617509841919,-0.000820802291855216,0,0,0,0,0,38
3,4057,568.12,-0.817930161952972,-0.000813297636341304,0,0,0,0,0,38
3,4058,568.26,-0.816747069358826,-0.000814580824226141,0,0,0,0,0,38
3,4059,568.4,-0.815234303474426,-0.000807192816864699,0,0,0,0,0,38
3,4060,568.54,-0.814245164394379,-0.000807698292192072,0,0,0,0,0,38
3,4061,568.68,-0.812577188014984,-0.000805404153652489,0,0,0,0,0,38
3,4062,568.82,-0.810792863368988,-0.000799571513198316,0,0,0,0,0,38
3,4063,568.96,-0.80974555015564,-0.000800582522060722,0,0,0,0,0,38
3,4064,569.1,-0.808426737785339,-0.000796266365796328,0,0,0,0,0,38
3,4065,569.24,-0.807185471057892,-0.000794049934484065,0,0,0,0,0,38
3,4066,569.38,-0.805498123168945,-0.000790006015449762,0,0,0,0,0,38
3,4067,569.52,-0.804140508174896,-0.000787750701420009,0,0,0,0,0,38
3,4068,569.66,-0.802647113800049,-0.000782306946348399,0,0,0,0,0,38
3,4069,569.8,-0.801638603210449,-0.00078425114043057,0,0,0,0,0,38
3,4070,569.94,-0.799699127674103,-0.000778729561716318,0,0,0,0,0,38
3,4071,570.08,-0.798302710056305,-0.000774296757299453,0,0,0,0,0,38
3,4072,570.22,-0.796964466571808,-0.000774141226429492,0,0,0,0,0,38
3,4073,570.36,-0.79572319984436,-0.000769630656577647,0,0,0,0,0,38
3,4074,570.5,-0.794287979602814,-0.000769008533097804,0,0,0,0,0,38
3,4075,570.64,-0.792814016342163,-0.000764731259550899,0,0,0,0,0,38
3,4076,570.78,-0.791533946990967,-0.000760920636821538,0,0,0,0,0,38
3,4077,570.92,-0.790001749992371,-0.000760104041546583,0,0,0,0,0,38
3,4078,571.06,-0.788508355617523,-0.000755671237129718,0,0,0,0,0,38
3,4079,571.2,-0.787499845027924,-0.000756293418817222,0,0,0,0,0,38
3,4080,571.34,-0.785831868648529,-0.000753066036850214,0,0,0,0,0,38
3,4081,571.48,-0.784435451030731,-0.000749877537600696,0,0,0,0,0,38
3,4082,571.62,-0.783000290393829,-0.000747311161831021,0,0,0,0,0,38
3,4083,571.76,-0.781991720199585,-0.000747505575418472,0,0,0,0,0,38
3,4084,571.9,-0.780323803424835,-0.000743267184589058,0,0,0,0,0,38
3,4085,572.04,-0.779043734073639,-0.000739339913707227,0,0,0,0,0,38
3,4086,572.18,-0.777860641479492,-0.00073817337397486,0,0,0,0,0,38
3,4087,572.32,-0.775998771190643,-0.000734012748580426,0,0,0,0,0,38
3,4088,572.46,-0.774873852729797,-0.000732301850803196,0,0,0,0,0,38
3,4089,572.6,-0.773322284221649,-0.000728335697203875,0,0,0,0,0,38
3,4090,572.74,-0.771925866603851,-0.000728102342691273,0,0,0,0,0,38
3,4091,572.88,-0.770762205123901,-0.00072573043871671,0,0,0,0,0,38
3,4092,573.02,-0.769036054611206,-0.000720869924407452,0,0,0,0,0,38
3,4093,573.16,-0.767717242240906,-0.000720169977284968,0,0,0,0,0,38
3,4094,573.3,-0.766282021999359,-0.000717253657057881,0,0,0,0,0,38
3,4095,573.44,-0.76507955789566,-0.000714142923243344,0,0,0,0,0,38
3,4096,573.58,-0.763547360897064,-0.000710021238774061,0,0,0,0,0,38
3,4097,573.72,-0.762403070926666,-0.00070823251735419,0,0,0,0,0,38
3,4098,573.86,-0.760754525661469,-0.000706560502294451,0,0,0,0,0,38
3,4099,574,-0.759338736534119,-0.000702866527717561,0,0,0,0,0,38
3,4100,574.14,-0.757981061935425,-0.000700339034665376,0,0,0,0,0,38
3,4101,574.28,-0.756584644317627,-0.000700339034665376,0,0,0,0,0,38
3,4102,574.42,-0.755285203456879,-0.000696567294653505,0,0,0,0,0,38
3,4103,574.56,-0.753636658191681,-0.000692834379151464,0,0,0,0,0,38
3,4104,574.7,-0.752395391464233,-0.000692601082846522,0,0,0,0,0,38
3,4105,574.84,-0.751192927360535,-0.000690073648001999,0,0,0,0,0,38
3,4106,574.98,-0.749486207962036,-0.000687585037667304,0,0,0,0,0,38
3,4107,575.12,-0.748303115367889,-0.000682841171510518,0,0,0,0,0,38
3,4108,575.26,-0.746809720993042,-0.000682918936945498,0,0,0,0,0,38
3,4109,575.4,-0.745704233646393,-0.000679652672261,0,0,0,0,0,38
3,4110,575.54,-0.743861734867096,-0.000674597744364291,0,0,0,0,0,38
3,4111,575.68,-0.7425816655159,-0.000673470087349415,0,0,0,0,0,38
3,4112,575.82,-0.741049468517303,-0.000668726221192628,0,0,0,0,0,38
3,4113,575.96,-0.739594876766205,-0.000669970526359975,0,0,0,0,0,38
3,4114,576.1,-0.738411784172058,-0.000666276493575424,0,0,0,0,0,38
3,4115,576.24,-0.736821472644806,-0.000665965431835502,0,0,0,0,0,38
3,4116,576.38,-0.735328078269959,-0.00066021055681631,0,0,0,0,0,38
3,4117,576.52,-0.734183788299561,-0.000659044017083943,0,0,0,0,0,38
3,4118,576.66,-0.732612788677216,-0.00065667211310938,0,0,0,0,0,38
3,4119,576.8,-0.73148787021637,-0.000652667018584907,0,0,0,0,0,38
3,4120,576.94,-0.730033278465271,-0.000650528410915285,0,0,0,0,0,38
3,4121,577.08,-0.728268384933472,-0.000647495442535728,0,0,0,0,0,38
3,4122,577.22,-0.727162897586823,-0.000647339911665767,0,0,0,0,0,38
3,4123,577.36,-0.725650072097778,-0.000643295934423804,0,0,0,0,0,38
3,4124,577.5,-0.724583387374878,-0.000641390623059124,0,0,0,0,0,38
3,4125,577.64,-0.722876667976379,-0.000638124358374625,0,0,0,0,0,38
3,4126,577.78,-0.721111714839935,-0.000633924850262702,0,0,0,0,0,38
3,4127,577.92,-0.720355331897736,-0.000635246920865029,0,0,0,0,0,38
3,4128,578.06,-0.718493461608887,-0.000629841990303248,0,0,0,0,0,38
3,4129,578.2,-0.717174589633942,-0.000630425289273262,0,0,0,0,0,38
3,4130,578.34,-0.715816974639893,-0.000626031367573887,0,0,0,0,0,38
3,4131,578.48,-0.714401125907898,-0.000623892759904265,0,0,0,0,0,38
3,4132,578.62,-0.713334441184998,-0.000623153930064291,0,0,0,0,0,38
3,4133,578.76,-0.7119380235672,-0.000620043196249753,0,0,0,0,0,38
3,4134,578.9,-0.710114896297455,-0.000617321289610118,0,0,0,0,0,38
3,4135,579.04,-0.709028840065002,-0.000616310338955373,0,0,0,0,0,38
3,4136,579.18,-0.707651793956757,-0.000613860611338168,0,0,0,0,0,38
3,4137,579.32,-0.705945074558258,-0.000610205519478768,0,0,0,0,0,38
3,4138,579.46,-0.70464563369751,-0.000607716909144074,0,0,0,0,0,38
3,4139,579.6,-0.703210413455963,-0.000605072767939419,0,0,0,0,0,38
3,4140,579.74,-0.701988518238068,-0.000603750755544752,0,0,0,0,0,38
3,4141,579.88,-0.700378775596619,-0.000600717787165195,0,0,0,0,0,38
3,4142,580.02,-0.69907933473587,-0.000597956997808069,0,0,0,0,0,38
3,4143,580.16,-0.697314381599426,-0.00059628498274833,0,0,0,0,0,38
3,4144,580.3,-0.696383476257324,-0.000593990786001086,0,0,0,0,0,38
3,4145,580.44,-0.694890081882477,-0.00059122999664396,0,0,0,0,0,38
3,4146,580.58,-0.693629443645477,-0.000590335694141686,0,0,0,0,0,38
3,4147,580.72,-0.692116618156433,-0.000586330599617213,0,0,0,0,0,38
3,4148,580.86,-0.690933525562286,-0.00058391981292516,0,0,0,0,0,38
3,4149,581,-0.689265608787537,-0.000583569810260087,0,0,0,0,0,38
3,4150,581.14,-0.687888562679291,-0.000579487008508295,0,0,0,0,0,38
3,4151,581.28,-0.68641459941864,-0.000578475999645889,0,0,0,0,0,38
3,4152,581.42,-0.685173332691193,-0.000576531805563718,0,0,0,0,0,38
3,4153,581.56,-0.683563530445099,-0.000572060118429363,0,0,0,0,0,38
3,4154,581.7,-0.682555019855499,-0.000572721124626696,0,0,0,0,0,38
3,4155,581.84,-0.680964648723602,-0.000568482792004943,0,0,0,0,0,38
3,4156,581.98,-0.679296731948853,-0.000564905407372862,0,0,0,0,0,38
3,4157,582.12,-0.678210616111755,-0.000564866524655372,0,0,0,0,0,38
3,4158,582.26,-0.676775395870209,-0.000557128572836518,0,0,0,0,0,38
3,4159,582.4,-0.675359606742859,-0.000552618002984673,0,0,0,0,0,38
3,4160,582.54,-0.673827409744263,-0.000557906285393983,0,0,0,0,0,38
3,4161,582.68,-0.672605514526367,-0.000553395715542138,0,0,0,0,0,38
3,4162,582.82,-0.670937597751617,-0.000549740565475076,0,0,0,0,0,38
3,4163,582.96,-0.669735133647919,-0.000551607052329928,0,0,0,0,0,38
3,4164,583.1,-0.66837751865387,-0.000548768497537822,0,0,0,0,0,38
3,4165,583.24,-0.666612565517426,-0.000541885965503752,0,0,0,0,0,38
3,4166,583.38,-0.665080368518829,-0.000539514061529189,0,0,0,0,0,38
3,4167,583.52,-0.664304614067078,-0.000543869100511074,0,0,0,0,0,38
3,4168,583.66,-0.66250091791153,-0.000538425287231803,0,0,0,0,0,38
3,4169,583.8,-0.661569952964783,-0.000540252833161503,0,0,0,0,0,38
3,4170,583.94,-0.659824430942535,-0.00053788092918694,0,0,0,0,0,38
3,4171,584.08,-0.65875768661499,-0.000537414278369397,0,0,0,0,0,38
3,4172,584.22,-0.657477676868439,-0.000533175945747644,0,0,0,0,0,38
3,4173,584.36,-0.65612006187439,-0.000533098180312663,0,0,0,0,0,38
3,4174,584.5,-0.654413282871246,-0.000528043194208294,0,0,0,0,0,38
3,4175,584.64,-0.652881145477295,-0.000522327260114253,0,0,0,0,0,38
3,4176,584.78,-0.651581645011902,-0.0005237270379439,0,0,0,0,0,38
3,4177,584.92,-0.650068879127502,-0.000523415976203978,0,0,0,0,0,38
3,4178,585.06,-0.648847043514252,-0.000518983171787113,0,0,0,0,0,38
3,4179,585.2,-0.647392392158508,-0.000515133666340262,0,0,0,0,0,38
3,4180,585.34,-0.64599597454071,-0.000513267237693071,0,0,0,0,0,38
3,4181,585.48,-0.644599556922913,-0.000512645056005567,0,0,0,0,0,38
3,4182,585.62,-0.643203139305115,-0.000512800586875528,0,0,0,0,0,38
3,4183,585.76,-0.641670942306519,-0.00050595699576661,0,0,0,0,0,38
3,4184,585.9,-0.640449106693268,-0.000505257048644125,0,0,0,0,0,38
3,4185,586.04,-0.638858735561371,-0.000502846261952072,0,0,0,0,0,38
3,4186,586.18,-0.637210190296173,-0.000500435417052358,0,0,0,0,0,38
3,4187,586.32,-0.636046528816223,-0.000498180161230266,0,0,0,0,0,38
3,4188,586.46,-0.63474702835083,-0.000495536020025611,0,0,0,0,0,38
3,4189,586.6,-0.633505821228027,-0.000494330597575754,0,0,0,0,0,38
3,4190,586.74,-0.632051169872284,-0.000494913896545768,0,0,0,0,0,38
3,4191,586.88,-0.630538403987885,-0.000490869919303805,0,0,0,0,0,38
3,4192,587.02,-0.629064381122589,-0.00048838130896911,0,0,0,0,0,38
3,4193,587.16,-0.627667963504791,-0.000485814991407096,0,0,0,0,0,38
3,4194,587.3,-0.626252174377441,-0.000482743140310049,0,0,0,0,0,38
3,4195,587.44,-0.624933302402496,-0.000481965456856415,0,0,0,0,0,38
3,4196,587.58,-0.623401165008545,-0.000480332295410335,0,0,0,0,0,38
3,4197,587.72,-0.622140467166901,-0.000479126902064309,0,0,0,0,0,38
3,4198,587.86,-0.620724678039551,-0.00047768818330951,0,0,0,0,0,38
3,4199,588,-0.619114935398102,-0.000472555460873991,0,0,0,0,0,38
3,4200,588.14,-0.618145167827606,-0.000472011102829129,0,0,0,0,0,38
3,4201,588.28,-0.616516053676605,-0.000469483609776944,0,0,0,0,0,38
3,4202,588.42,-0.615003228187561,-0.00046707279398106,0,0,0,0,0,38
3,4203,588.56,-0.613606810569763,-0.00045816833153367,0,0,0,0,0,38
3,4204,588.7,-0.612152218818665,-0.00045816833153367,0,0,0,0,0,38
3,4205,588.84,-0.61073637008667,-0.000461901217931882,0,0,0,0,0,38
3,4206,588.98,-0.609708487987518,-0.000461901217931882,0,0,0,0,0,38
3,4207,589.12,-0.607613861560822,-0.000453929940704256,0,0,0,0,0,38
3,4208,589.26,-0.606682896614075,-0.000451596890343353,0,0,0,0,0,38
3,4209,589.4,-0.605771362781525,-0.000454902037745342,0,0,0,0,0,38
3,4210,589.54,-0.604316771030426,-0.000455252011306584,0,0,0,0,0,38
3,4211,589.68,-0.602842748165131,-0.000452880078228191,0,0,0,0,0,38
3,4212,589.82,-0.601310551166534,-0.000449419370852411,0,0,0,0,0,38
3,4213,589.96,-0.599700808525085,-0.00044218692346476,0,0,0,0,0,38
3,4214,590.1,-0.598459541797638,-0.000441836949903518,0,0,0,0,0,38
3,4215,590.24,-0.597043752670288,-0.000441798067186028,0,0,0,0,0,38
3,4216,590.38,-0.595608532428741,-0.000441020383732393,0,0,0,0,0,38
3,4217,590.52,-0.594037532806396,-0.000438765098806471,0,0,0,0,0,38
3,4218,590.66,-0.592776894569397,-0.000434410088928416,0,0,0,0,0,38
3,4219,590.8,-0.591361105442047,-0.000432115921285003,0,0,0,0,0,38
3,4220,590.94,-0.590236186981201,-0.000429238483775407,0,0,0,0,0,38
3,4221,591.08,-0.588820397853851,-0.00042970510548912,0,0,0,0,0,38
3,4222,591.22,-0.587055444717407,-0.000427216495154426,0,0,0,0,0,38
3,4223,591.36,-0.58571720123291,-0.000424689031206071,0,0,0,0,0,38
3,4224,591.5,-0.584107458591461,-0.000420411786762998,0,0,0,0,0,38
3,4225,591.64,-0.582652866840363,-0.000420178461354226,0,0,0,0,0,38
3,4226,591.78,-0.581566751003265,-0.000419672986026853,0,0,0,0,0,38
3,4227,591.92,-0.580538809299469,-0.000418623094446957,0,0,0,0,0,38
3,4228,592.06,-0.578541159629822,-0.000415901216911152,0,0,0,0,0,38
3,4229,592.2,-0.57761025428772,-0.000412946013966575,0,0,0,0,0,38
3,4230,592.34,-0.576058626174927,-0.00041034075547941,0,0,0,0,0,38
3,4231,592.48,-0.574545860290527,-0.000411468412494287,0,0,0,0,0,38
3,4232,592.62,-0.572994291782379,-0.000406491220928729,0,0,0,0,0,38
3,4233,592.76,-0.571811199188232,-0.000404119287850335,0,0,0,0,0,38
3,4234,592.9,-0.569988071918488,-0.000400541961425915,0,0,0,0,0,38
3,4235,593.04,-0.568998992443085,-0.00040326383896172,0,0,0,0,0,38
3,4236,593.18,-0.567447364330292,-0.000398636620957404,0,0,0,0,0,38
3,4237,593.32,-0.565779447555542,-0.000396303570596501,0,0,0,0,0,38
3,4238,593.46,-0.564809739589691,-0.000393309484934434,0,0,0,0,0,38
3,4239,593.6,-0.563277542591095,-0.000392842892324552,0,0,0,0,0,38
3,4240,593.74,-0.562133252620697,-0.000391404173569754,0,0,0,0,0,38
3,4241,593.88,-0.560775637626648,-0.000391054200008512,0,0,0,0,0,38
3,4242,594.02,-0.559204638004303,-0.000387476873584092,0,0,0,0,0,38
3,4243,594.16,-0.557653069496155,-0.000385843741241843,0,0,0,0,0,38
3,4244,594.3,-0.556353628635406,-0.000382266385713592,0,0,0,0,0,38
3,4245,594.44,-0.554899036884308,-0.000381216523237526,0,0,0,0,0,38
3,4246,594.58,-0.553269863128662,-0.000378494616597891,0,0,0,0,0,38
3,4247,594.72,-0.551892817020416,-0.000376122683519498,0,0,0,0,0,38
3,4248,594.86,-0.550574004650116,-0.000375189469195902,0,0,0,0,0,38
3,4249,595,-0.54935210943222,-0.000374022929463536,0,0,0,0,0,38
3,4250,595.14,-0.54813027381897,-0.000373906281311065,0,0,0,0,0,38
3,4251,595.28,-0.546559274196625,-0.000370017864042893,0,0,0,0,0,38
3,4252,595.42,-0.545240461826324,-0.000369823450455442,0,0,0,0,0,38
3,4253,595.56,-0.543669462203979,-0.000368112552678213,0,0,0,0,0,38
3,4254,595.7,-0.542137265205383,-0.000363524217391387,0,0,0,0,0,38
3,4255,595.84,-0.540973603725433,-0.000363796396413818,0,0,0,0,0,38
3,4256,595.98,-0.539460837841034,-0.000363446422852576,0,0,0,0,0,38
3,4257,596.12,-0.538044989109039,-0.000360024627298117,0,0,0,0,0,38
3,4258,596.26,-0.536958873271942,-0.000358119315933436,0,0,0,0,0,38
3,4259,596.4,-0.53527158498764,-0.000355980679159984,0,0,0,0,0,38
3,4260,596.54,-0.533836364746094,-0.000354230869561434,0,0,0,0,0,38
3,4261,596.68,-0.532401144504547,-0.000351975613739342,0,0,0,0,0,38
3,4262,596.82,-0.531450808048248,-0.000350186921423301,0,0,0,0,0,38
3,4263,596.96,-0.529666483402252,-0.000348592671798542,0,0,0,0,0,38
3,4264,597.1,-0.528289437294006,-0.00034653180046007,0,0,0,0,0,38
3,4265,597.24,-0.526854276657104,-0.000344237632816657,0,0,0,0,0,38
3,4266,597.38,-0.525671184062958,-0.000341982376994565,0,0,0,0,0,38
3,4267,597.52,-0.524138987064362,-0.000340271450113505,0,0,0,0,0,38
3,4268,597.66,-0.522878348827362,-0.000340115919243544,0,0,0,0,0,38
3,4269,597.8,-0.521501302719116,-0.000338832731358707,0,0,0,0,0,38
3,4270,597.94,-0.519988536834717,-0.000334983196808025,0,0,0,0,0,38
3,4271,598.08,-0.518436968326569,-0.000333855568896979,0,0,0,0,0,38
3,4272,598.22,-0.517001748085022,-0.00033043377334252,0,0,0,0,0,38
3,4273,598.36,-0.515741109848022,-0.000330667069647461,0,0,0,0,0,38
3,4274,598.5,-0.514558017253876,-0.000328917289152741,0,0,0,0,0,38
3,4275,598.64,-0.51292884349823,-0.000327517453115433,0,0,0,0,0,38
3,4276,598.78,-0.511105716228485,-0.000323978980304673,0,0,0,0,0,38
3,4277,598.92,-0.510077834129334,-0.00032164592994377,0,0,0,0,0,38
3,4278,599.06,-0.508720219135284,-0.000321879226248711,0,0,0,0,0,38
3,4279,599.2,-0.507401347160339,-0.000317679747240618,0,0,0,0,0,38
3,4280,599.34,-0.50604373216629,-0.00031639655935578,0,0,0,0,0,38
3,4281,599.48,-0.504530906677246,-0.000315502227749676,0,0,0,0,0,38
3,4282,599.62,-0.502862989902496,-0.00031270255567506,0,0,0,0,0,38
3,4283,599.76,-0.5020871758461,-0.000312508142087609,0,0,0,0,0,38
3,4284,599.9,-0.500264108181,-0.000309864029986784,0,0,0,0,0,38
3,4285,600.04,-0.498751312494278,-0.000308775255689397,0,0,0,0,0,38
3,4286,600.18,-0.497374296188354,-0.000305392342852429,0,0,0,0,0,38
3,4287,600.32,-0.496133029460907,-0.000304964603856206,0,0,0,0,0,38
3,4288,600.46,-0.49504691362381,-0.000304692424833775,0,0,0,0,0,38
3,4289,600.6,-0.493340194225311,-0.000301698339171708,0,0,0,0,0,38
3,4290,600.74,-0.492040753364563,-0.00029862648807466,0,0,0,0,0,38
3,4291,600.88,-0.490663707256317,-0.000296876707579941,0,0,0,0,0,38
3,4292,601.02,-0.489015161991119,-0.000294854718958959,0,0,0,0,0,38
3,4293,601.16,-0.487560570240021,-0.00029147180612199,0,0,0,0,0,38
3,4294,601.3,-0.486086547374725,-0.000289644231088459,0,0,0,0,0,38
3,4295,601.44,-0.484961658716202,-0.000290538591798395,0,0,0,0,0,38
3,4296,601.58,-0.483604043722153,-0.000289255403913558,0,0,0,0,0,38
3,4297,601.72,-0.482265800237656,-0.000288905430352315,0,0,0,0,0,38
3,4298,601.86,-0.480888783931732,-0.000285405869362876,0,0,0,0,0,38
3,4299,602,-0.479453563690186,-0.000285055895801634,0,0,0,0,0,38
3,4300,602.14,-0.478037744760513,-0.000284006033325568,0,0,0,0,0,38
3,4301,602.28,-0.476777106523514,-0.000280156498774886,0,0,0,0,0,38
3,4302,602.42,-0.475070357322693,-0.000277706800261512,0,0,0,0,0,38
3,4303,602.56,-0.473460614681244,-0.000275295984465629,0,0,0,0,0,38
3,4304,602.7,-0.472258120775223,-0.000274323887424544,0,0,0,0,0,38
3,4305,602.84,-0.471075057983398,-0.000274829362751916,0,0,0,0,0,38
3,4306,602.98,-0.469251960515976,-0.000271174241788685,0,0,0,0,0,38
3,4307,603.12,-0.468437373638153,-0.000271524215349928,0,0,0,0,0,38
3,4308,603.26,-0.466885805130005,-0.000268296833382919,0,0,0,0,0,38
3,4309,603.4,-0.465373009443283,-0.000269618874881417,0,0,0,0,0,38
3,4310,603.54,-0.463860213756561,-0.000264408416114748,0,0,0,0,0,38
3,4311,603.68,-0.462328046560287,-0.000263241876382381,0,0,0,0,0,38
3,4312,603.82,-0.46093162894249,-0.000262114248471335,0,0,0,0,0,38
3,4313,603.96,-0.459923088550568,-0.000260597764281556,0,0,0,0,0,38
3,4314,604.1,-0.458487868309021,-0.000258264713920653,0,0,0,0,0,38
3,4315,604.24,-0.456955701112747,-0.00025604831171222,0,0,0,0,0,38
3,4316,604.38,-0.455423504114151,-0.000253793026786298,0,0,0,0,0,38
3,4317,604.52,-0.454143464565277,-0.000253598613198847,0,0,0,0,0,38
3,4318,604.66,-0.453096151351929,-0.000253209756920114,0,0,0,0,0,38
3,4319,604.8,-0.451428204774857,-0.000250565644819289,0,0,0,0,0,38
3,4320,604.94,-0.44983783364296,-0.00025072117568925,0,0,0,0,0,38
3,4321,605.08,-0.448344439268112,-0.000247143820161,0,0,0,0,0,38
3,4322,605.22,-0.447316527366638,-0.000249049160629511,0,0,0,0,0,38
3,4323,605.36,-0.445609778165817,-0.000243099872022867,0,0,0,0,0,38
3,4324,605.5,-0.444290935993195,-0.000242049994994886,0,0,0,0,0,38
3,4325,605.64,-0.442991495132446,-0.000240844587096944,0,0,0,0,0,38
3,4326,605.78,-0.441342949867249,-0.000240300214500166,0,0,0,0,0,38
3,4327,605.92,-0.440237462520599,-0.000239483633777127,0,0,0,0,0,38
3,4328,606.06,-0.438860416412354,-0.000235750761930831,0,0,0,0,0,38
3,4329,606.2,-0.437405824661255,-0.000235711879213341,0,0,0,0,0,38
3,4330,606.34,-0.436222732067108,-0.000236450679949485,0,0,0,0,0,38
3,4331,606.48,-0.434302657842636,-0.000230812467634678,0,0,0,0,0,38
3,4332,606.62,-0.433003216981888,-0.000230773584917188,0,0,0,0,0,38
3,4333,606.76,-0.431626200675964,-0.000228751610848121,0,0,0,0,0,38
3,4334,606.9,-0.430617660284042,-0.000226962933083996,0,0,0,0,0,38
3,4335,607.04,-0.42904669046402,-0.000224007730139419,0,0,0,0,0,38
3,4336,607.18,-0.427495121955872,-0.00022237459779717,0,0,0,0,0,38
3,4337,607.32,-0.42598232626915,-0.000222607908654027,0,0,0,0,0,38
3,4338,607.46,-0.424876838922501,-0.000221130307181738,0,0,0,0,0,38
3,4339,607.6,-0.423111915588379,-0.000220002664718777,0,0,0,0,0,38
3,4340,607.74,-0.421696096658707,-0.000217241889913566,0,0,0,0,0,38
3,4341,607.88,-0.420377254486084,-0.000216308661038056,0,0,0,0,0,38
3,4342,608.02,-0.418980836868286,-0.000216075364733115,0,0,0,0,0,38
3,4343,608.16,-0.417603820562363,-0.000212886850931682,0,0,0,0,0,38
3,4344,608.3,-0.416246175765991,-0.000211836988455616,0,0,0,0,0,38
3,4345,608.44,-0.414869159460068,-0.000210942642297596,0,0,0,0,0,38
3,4346,608.58,-0.413162440061569,-0.000208181867492385,0,0,0,0,0,38
3,4347,608.72,-0.412289679050446,-0.000210087193408981,0,0,0,0,0,38
3,4348,608.86,-0.410796284675598,-0.000205265547265299,0,0,0,0,0,38
3,4349,609,-0.409361064434052,-0.000206509852432646,0,0,0,0,0,38
3,4350,609.14,-0.408081024885178,-0.00020371018035803,0,0,0,0,0,38
3,4351,609.28,-0.406490653753281,-0.000202349241590127,0,0,0,0,0,38
3,4352,609.42,-0.405074834823608,-0.000200327267521061,0,0,0,0,0,38
3,4353,609.56,-0.403988718986511,-0.000201765971723944,0,0,0,0,0,38
3,4354,609.7,-0.402417749166489,-0.000199627349502407,0,0,0,0,0,38
3,4355,609.84,-0.400749802589417,-0.000196944340132177,0,0,0,0,0,38
3,4356,609.98,-0.399721890687943,-0.000196361070265993,0,0,0,0,0,38
3,4357,610.12,-0.39799576997757,-0.000195272310520522,0,0,0,0,0,38
3,4358,610.26,-0.396676927804947,-0.000193405881873332,0,0,0,0,0,38
3,4359,610.4,-0.394970178604126,-0.000190139602636918,0,0,0,0,0,38
3,4360,610.54,-0.393922865390778,-0.000190061837201938,0,0,0,0,0,38
3,4361,610.68,-0.392759174108505,-0.000189011960173957,0,0,0,0,0,38
3,4362,610.82,-0.391401559114456,-0.000188156511285342,0,0,0,0,0,38
3,4363,610.96,-0.389946967363358,-0.000187067751539871,0,0,0,0,0,38
3,4364,611.1,-0.388162642717361,-0.000184073665877804,0,0,0,0,0,38
3,4365,611.24,-0.386591672897339,-0.000181896160938777,0,0,0,0,0,38
3,4366,611.38,-0.38554435968399,-0.00018162396736443,0,0,0,0,0,38
3,4367,611.52,-0.384186714887619,-0.0001789409579942,0,0,0,0,0,38
3,4368,611.66,-0.382635146379471,-0.000177463356521912,0,0,0,0,0,38
3,4369,611.8,-0.381568431854248,-0.000178202157258056,0,0,0,0,0,38
3,4370,611.94,-0.380094438791275,-0.000175985755049624,0,0,0,0,0,38
3,4371,612.08,-0.378581643104553,-0.000173691587406211,0,0,0,0,0,38
3,4372,612.22,-0.377088248729706,-0.000172680607647635,0,0,0,0,0,38
3,4373,612.36,-0.375730633735657,-0.000171047460753471,0,0,0,0,0,38
3,4374,612.5,-0.374179065227509,-0.000170308660017326,0,0,0,0,0,38
3,4375,612.64,-0.372937798500061,-0.000169258797541261,0,0,0,0,0,38
3,4376,612.78,-0.371463805437088,-0.000168792190379463,0,0,0,0,0,38
3,4377,612.92,-0.370086759328842,-0.000167703430633992,0,0,0,0,0,38
3,4378,613.06,-0.368457615375519,-0.000164592696819454,0,0,0,0,0,38
3,4379,613.2,-0.367449074983597,-0.000164476034115069,0,0,0,0,0,38
3,4380,613.34,-0.366324186325073,-0.00016288178449031,0,0,0,0,0,38
3,4381,613.48,-0.364326536655426,-0.000162026335601695,0,0,0,0,0,38
3,4382,613.62,-0.363279223442078,-0.00016113200399559,0,0,0,0,0,38
3,4383,613.76,-0.361902207136154,-0.000159926581545733,0,0,0,0,0,38
3,4384,613.9,-0.360466986894608,-0.000160043244250119,0,0,0,0,0,38
3,4385,614.04,-0.35881844162941,-0.000156465888721868,0,0,0,0,0,38
3,4386,614.18,-0.357325047254562,-0.000156154826981947,0,0,0,0,0,38
3,4387,614.32,-0.356141954660416,-0.0001549105218146,0,0,0,0,0,38
3,4388,614.46,-0.354823112487793,-0.000154132838360965,0,0,0,0,0,38
3,4389,614.6,-0.353368520736694,-0.000151333180838265,0,0,0,0,0,38
3,4390,614.74,-0.351991504430771,-0.000150283303810284,0,0,0,0,0,38
3,4391,614.88,-0.350575685501099,-0.000150127772940323,0,0,0,0,0,38
3,4392,615.02,-0.348849564790726,-0.00014518947864417,0,0,0,0,0,38
3,4393,615.16,-0.347957402467728,-0.000147561411722563,0,0,0,0,0,38
3,4394,615.3,-0.346599757671356,-0.000145617203088477,0,0,0,0,0,38
3,4395,615.44,-0.344893038272858,-0.00014530612679664,0,0,0,0,0,38
3,4396,615.58,-0.343729346990585,-0.000144800636917353,0,0,0,0,0,38
3,4397,615.72,-0.342197149991989,-0.000143011959153228,0,0,0,0,0,38
3,4398,615.86,-0.340761959552765,-0.000142234275699593,0,0,0,0,0,38
3,4399,616,-0.339501291513443,-0.000140367847052403,0,0,0,0,0,38
3,4400,616.14,-0.337813973426819,-0.00013807367940899,0,0,0,0,0,38
3,4401,616.28,-0.336650282144547,-0.000137879251269624,0,0,0,0,0,38
3,4402,616.42,-0.335292637348175,-0.000135896159918047,0,0,0,0,0,38
3,4403,616.56,-0.334012597799301,-0.000133913068566471,0,0,0,0,0,38
3,4404,616.7,-0.332286477088928,-0.000133252033265308,0,0,0,0,0,38
3,4405,616.84,-0.330793082714081,-0.000131735549075529,0,0,0,0,0,38
3,4406,616.98,-0.329823344945908,-0.000133135385112837,0,0,0,0,0,38
3,4407,617.12,-0.32817479968071,-0.000129519146867096,0,0,0,0,0,38
3,4408,617.26,-0.326875329017639,-0.000128819243400358,0,0,0,0,0,38
3,4409,617.4,-0.325129806995392,-0.000128819243400358,0,0,0,0,0,38
3,4410,617.54,-0.323791593313217,-0.0001248141634278,0,0,0,0,0,38
3,4411,617.68,-0.322492122650146,-0.000124153128126636,0,0,0,0,0,38
3,4412,617.82,-0.321134507656097,-0.000124230908113532,0,0,0,0,0,38
3,4413,617.96,-0.319621711969376,-0.000123219913803041,0,0,0,0,0,38
3,4414,618.1,-0.318186521530151,-0.000121742312330753,0,0,0,0,0,38
3,4415,618.24,-0.316925853490829,-0.000119409261969849,0,0,0,0,0,38
3,4416,618.38,-0.315548837184906,-0.000118281619506888,0,0,0,0,0,38
3,4417,618.52,-0.314055442810059,-0.000118048315925989,0,0,0,0,0,38
3,4418,618.66,-0.312775373458862,-0.0001177761296276,0,0,0,0,0,38
3,4419,618.8,-0.311320781707764,-0.000116726252599619,0,0,0,0,0,38
3,4420,618.94,-0.310060113668442,-0.000116648487164639,0,0,0,0,0,38
3,4421,619.08,-0.308702498674393,-0.000113615518785082,0,0,0,0,0,38
3,4422,619.22,-0.307015150785446,-0.000112993373477366,0,0,0,0,0,38
3,4423,619.36,-0.305676907300949,-0.000111710192868486,0,0,0,0,0,38
3,4424,619.5,-0.304202914237976,-0.000110932509414852,0,0,0,0,0,38
3,4425,619.64,-0.302884072065353,-0.000111010274849832,0,0,0,0,0,38
3,4426,619.78,-0.30150705575943,-0.000107432933873497,0,0,0,0,0,38
3,4427,619.92,-0.300323963165283,-0.000107588472019415,0,0,0,0,0,38
3,4428,620.06,-0.298811197280884,-0.000107821775600314,0,0,0,0,0,38
3,4429,620.2,-0.297395378351212,-0.000105527607956901,0,0,0,0,0,38
3,4430,620.34,-0.296154111623764,-0.000106927436718252,0,0,0,0,0,38
3,4431,620.48,-0.294815868139267,-0.000104516620922368,0,0,0,0,0,38
3,4432,620.62,-0.293050944805145,-0.000102300218713935,0,0,0,0,0,38
3,4433,620.76,-0.291576951742172,-0.000102066915133037,0,0,0,0,0,38
3,4434,620.9,-0.290393888950348,-0.000100122706498951,0,0,0,0,0,38
3,4435,621.04,-0.2889004945755,-9.98116302071139E-05,0,0,0,0,0,38
3,4436,621.18,-0.287542849779129,-9.81396151473746E-05,0,0,0,0,0,38
3,4437,621.32,-0.28593310713768,-9.59620956564322E-05,0,0,0,0,0,38
3,4438,621.46,-0.284633636474609,-9.77507661445998E-05,0,0,0,0,0,38
3,4439,621.6,-0.283644527196884,-9.45233841775917E-05,0,0,0,0,0,38
3,4440,621.74,-0.281879603862762,-9.42123078857549E-05,0,0,0,0,0,38
3,4441,621.88,-0.280541360378265,-9.40567697398365E-05,0,0,0,0,0,38
3,4442,622.02,-0.278873413801193,-9.38234661589377E-05,0,0,0,0,0,38
3,4443,622.16,-0.27765154838562,-9.19570229598321E-05,0,0,0,0,0,38
3,4444,622.3,-0.276390880346298,-9.12571122171357E-05,0,0,0,0,0,38
3,4445,622.44,-0.274878114461899,-9.07904977793805E-05,0,0,0,0,0,38
3,4446,622.58,-0.273617446422577,-9.04405387700535E-05,0,0,0,0,0,38
3,4447,622.72,-0.271968901157379,-8.66298942128196E-05,0,0,0,0,0,38
3,4448,622.86,-0.270708233118057,-8.84963301359676E-05,0,0,0,0,0,38
3,4449,623,-0.269292414188385,-8.85352201294154E-05,0,0,0,0,0,38
3,4450,623.14,-0.268167525529861,-8.73686876730062E-05,0,0,0,0,0,38
3,4451,623.28,-0.266674131155014,-8.61243970575742E-05,0,0,0,0,0,38
3,4452,623.42,-0.265083789825439,-8.47634510137141E-05,0,0,0,0,0,38
3,4453,623.56,-0.263590395450592,-8.42579538584687E-05,0,0,0,0,0,38
3,4454,623.7,-0.262193948030472,-8.29747805255465E-05,0,0,0,0,0,38
3,4455,623.84,-0.260972082614899,-8.25081660877913E-05,0,0,0,0,0,38
3,4456,623.98,-0.259633868932724,-8.0486192018725E-05,0,0,0,0,0,38
3,4457,624.12,-0.258198648691177,-8.06028401711956E-05,0,0,0,0,0,38
3,4458,624.26,-0.257015585899353,-8.22748625068925E-05,0,0,0,0,0,38
3,4459,624.4,-0.255192458629608,-7.8192024375312E-05,0,0,0,0,0,38
3,4460,624.54,-0.254203349351883,-7.98640394350514E-05,0,0,0,0,0,38
3,4461,624.68,-0.252612978219986,-7.95918531366624E-05,0,0,0,0,0,38
3,4462,624.82,-0.251158356666565,-7.60533948778175E-05,0,0,0,0,0,38
3,4463,624.96,-0.249858915805817,-7.54312422941439E-05,0,0,0,0,0,38
3,4464,625.1,-0.24836553633213,-7.59756221668795E-05,0,0,0,0,0,38
3,4465,625.24,-0.246930316090584,-7.43424898246303E-05,0,0,0,0,0,38
3,4466,625.38,-0.245592087507248,-7.48090969864279E-05,0,0,0,0,0,38
3,4467,625.52,-0.244098693132401,-7.20872048987076E-05,0,0,0,0,0,38
3,4468,625.66,-0.242896214127541,-7.32926127966493E-05,0,0,0,0,0,38
3,4469,625.8,-0.241247668862343,-7.15817077434622E-05,0,0,0,0,0,38
3,4470,625.94,-0.239793062210083,-7.15817077434622E-05,0,0,0,0,0,38
3,4471,626.08,-0.238513007760048,-6.9248657382559E-05,0,0,0,0,0,38
3,4472,626.22,-0.237039014697075,-6.8626512074843E-05,0,0,0,0,0,38
3,4473,626.36,-0.235817149281502,-6.81599049130455E-05,0,0,0,0,0,38
3,4474,626.5,-0.234381943941116,-6.80821322021075E-05,0,0,0,0,0,38
3,4475,626.64,-0.233024314045906,-6.92875401000492E-05,0,0,0,0,0,38
3,4476,626.78,-0.231821835041046,-6.80043667671271E-05,0,0,0,0,0,38
3,4477,626.92,-0.230192676186562,-6.66823034407571E-05,0,0,0,0,0,38
3,4478,627.06,-0.228718683123589,-6.51269365334883E-05,0,0,0,0,0,38
3,4479,627.2,-0.227302864193916,-6.66045307298191E-05,0,0,0,0,0,38
3,4480,627.34,-0.225925847887993,-6.43881357973441E-05,0,0,0,0,0,38
3,4481,627.48,-0.224510028958321,-6.3377148762811E-05,0,0,0,0,0,38
3,4482,627.62,-0.223132997751236,-6.31827278994024E-05,0,0,0,0,0,38
3,4483,627.76,-0.221755981445313,-6.21717335889116E-05,0,0,0,0,0,38
3,4484,627.9,-0.220243185758591,-6.26383480266668E-05,0,0,0,0,0,38
3,4485,628.04,-0.218711003661156,-6.21717335889116E-05,0,0,0,0,0,38
3,4486,628.18,-0.217993408441544,-6.30660724709742E-05,0,0,0,0,0,38
3,4487,628.32,-0.21617029607296,-5.82444336032495E-05,0,0,0,0,0,38
3,4488,628.46,-0.214618727564812,-5.79722436668817E-05,0,0,0,0,0,38
3,4489,628.6,-0.213435649871826,-6.18217818555422E-05,0,0,0,0,0,38
3,4490,628.74,-0.211845278739929,-5.80111263843719E-05,0,0,0,0,0,38
3,4491,628.88,-0.210332497954369,-5.86721580475569E-05,0,0,0,0,0,38
3,4492,629.02,-0.208994254469872,-5.59891486773267E-05,0,0,0,0,0,38
3,4493,629.16,-0.207772389054298,-5.57169623789378E-05,0,0,0,0,0,38
3,4494,629.3,-0.206007465720177,-5.57947278139181E-05,0,0,0,0,0,38
3,4495,629.44,-0.204979553818703,-5.59113832423463E-05,0,0,0,0,0,38
3,4496,629.58,-0.203641310334206,-5.57947278139181E-05,0,0,0,0,0,38
3,4497,629.72,-0.201934576034546,-5.39282882527914E-05,0,0,0,0,0,38
3,4498,629.86,-0.200809687376022,-5.27617630723398E-05,0,0,0,0,0,38
3,4499,630,-0.199432656168938,-5.42393609066494E-05,0,0,0,0,0,38
3,4500,630.14,-0.197803512215614,-5.32672565896064E-05,0,0,0,0,0,38
3,4501,630.28,-0.196601033210754,-5.3772750106873E-05,0,0,0,0,0,38
3,4502,630.42,-0.195204615592957,-5.14008170284797E-05,0,0,0,0,0,38
3,4503,630.56,-0.193691819906235,-5.27617630723398E-05,0,0,0,0,0,38
3,4504,630.7,-0.192663908004761,-5.3150604799157E-05,0,0,0,0,0,38
3,4505,630.84,-0.190782621502876,-4.85622695123311E-05,0,0,0,0,0,38
3,4506,630.98,-0.189386203885078,-4.92621838930063E-05,0,0,0,0,0,38
3,4507,631.12,-0.188319489359856,-5.10119753016625E-05,0,0,0,0,0,38
3,4508,631.26,-0.186690330505371,-4.87955767312087E-05,0,0,0,0,0,38
3,4509,631.4,-0.185371488332748,-5.01954054925591E-05,0,0,0,0,0,38
3,4510,631.54,-0.184266000986099,-4.97676810482517E-05,0,0,0,0,0,38
3,4511,631.68,-0.182598054409027,-4.98454464832321E-05,0,0,0,0,0,38
3,4512,631.82,-0.181298598647118,-4.74346270493697E-05,0,0,0,0,0,38
3,4513,631.96,-0.179669439792633,-4.72013234684709E-05,0,0,0,0,0,38
3,4514,632.1,-0.178466975688934,-4.79790069221053E-05,0,0,0,0,0,38
3,4515,632.24,-0.177070558071136,-4.60736810055096E-05,0,0,0,0,0,38
3,4516,632.38,-0.17548018693924,-4.68124817416538E-05,0,0,0,0,0,38
3,4517,632.52,-0.174161344766617,-4.5218228478916E-05,0,0,0,0,0,38
3,4518,632.66,-0.172958880662918,-4.50626939709764E-05,0,0,0,0,0,38
3,4519,632.8,-0.171368509531021,-4.46738522441592E-05,0,0,0,0,0,38
3,4520,632.94,-0.169933304190636,-4.3935051508015E-05,0,0,0,0,0,38
3,4521,633.08,-0.168420508503914,-4.21074946643785E-05,0,0,0,0,0,38
3,4522,633.22,-0.167237430810928,-4.27296399720944E-05,0,0,0,0,0,38
3,4523,633.36,-0.16593798995018,-4.26907572546043E-05,0,0,0,0,0,38
3,4524,633.5,-0.164619147777557,-4.33906716352794E-05,0,0,0,0,0,38
3,4525,633.64,-0.163261517882347,-4.327401984483E-05,0,0,0,0,0,38
3,4526,633.78,-0.161477208137512,-4.14464630011935E-05,0,0,0,0,0,38
3,4527,633.92,-0.160100176930428,-4.17186529375613E-05,0,0,0,0,0,38
3,4528,634.06,-0.158839523792267,-3.96577888750471E-05,0,0,0,0,0,38
3,4529,634.2,-0.157190978527069,-3.72080867236946E-05,0,0,0,0,0,38
3,4530,634.34,-0.156085476279259,-3.95800234400667E-05,0,0,0,0,0,38
3,4531,634.48,-0.154514506459236,-3.84523809771053E-05,0,0,0,0,0,38
3,4532,634.62,-0.153021112084389,-3.68970140698366E-05,0,0,0,0,0,38
3,4533,634.76,-0.151488929986954,-3.67414759239182E-05,0,0,0,0,0,38
3,4534,634.9,-0.150170087814331,-3.75580457330216E-05,0,0,0,0,0,38
3,4535,635.04,-0.149083986878395,-3.89967608498409E-05,0,0,0,0,0,38
3,4536,635.18,-0.147357851266861,-3.75580457330216E-05,0,0,0,0,0,38
3,4537,635.32,-0.146213561296463,-3.77524665964302E-05,0,0,0,0,0,38
3,4538,635.46,-0.144700780510902,-3.6041561543243E-05,0,0,0,0,0,38
3,4539,635.6,-0.143459513783455,-3.82190773962066E-05,0,0,0,0,0,38
3,4540,635.74,-0.142315223813057,-3.91134126402903E-05,0,0,0,0,0,38
3,4541,635.88,-0.140705466270447,-3.5380529880058E-05,0,0,0,0,0,38
3,4542,636.02,-0.13936722278595,-3.54971816705074E-05,0,0,0,0,0,38
3,4543,636.16,-0.137524724006653,-3.42140046996064E-05,0,0,0,0,0,38
3,4544,636.3,-0.136380434036255,-3.44473082805052E-05,0,0,0,0,0,38
3,4545,636.44,-0.135177969932556,-3.43306564900558E-05,0,0,0,0,0,38
3,4546,636.58,-0.133432447910309,-3.32419003825635E-05,0,0,0,0,0,38
3,4547,636.72,-0.132171794772148,-3.26586377923377E-05,0,0,0,0,0,38
3,4548,636.86,-0.130775362253189,-3.27752895827871E-05,0,0,0,0,0,38
3,4549,637,-0.129378944635391,-3.08699636661913E-05,0,0,0,0,0,38
3,4550,637.14,-0.128118291497231,-3.21920269925613E-05,0,0,0,0,0,38
3,4551,637.28,-0.126663684844971,-3.09866154566407E-05,0,0,0,0,0,38
3,4552,637.42,-0.125073328614235,-3.07533118757419E-05,0,0,0,0,0,38
3,4553,637.56,-0.123599320650101,-3.07144255202729E-05,0,0,0,0,0,38
3,4554,637.7,-0.122416242957115,-3.17254161927849E-05,0,0,0,0,0,38
3,4555,637.84,-0.121155589818954,-3.13365744659677E-05,0,0,0,0,0,38
3,4556,637.98,-0.119875535368919,-3.26586377923377E-05,0,0,0,0,0,38
3,4557,638.12,-0.118362747132778,-3.20364888466429E-05,0,0,0,0,0,38
3,4558,638.26,-0.116403885185719,-3.03255856124451E-05,0,0,0,0,0,38
3,4559,638.4,-0.115453541278839,-2.97812057397095E-05,0,0,0,0,0,38
3,4560,638.54,-0.113979540765285,-2.96256694127806E-05,0,0,0,0,0,38
3,4561,638.68,-0.112330995500088,-2.6826008252101E-05,0,0,0,0,0,38
3,4562,638.82,-0.111206099390984,-2.8614680559258E-05,0,0,0,0,0,38
3,4563,638.96,-0.10947997123003,-2.75648071692558E-05,0,0,0,0,0,38
3,4564,639.1,-0.108335681259632,-2.72537345153978E-05,0,0,0,0,0,38
3,4565,639.24,-0.107133209705353,-2.89257550321054E-05,0,0,0,0,0,38
3,4566,639.38,-0.105542846024036,-2.47651460085763E-05,0,0,0,0,0,38
3,4567,639.52,-0.10420460999012,-2.8459144232329E-05,0,0,0,0,0,38
3,4568,639.66,-0.102924555540085,-2.82647233689204E-05,0,0,0,0,0,38
3,4569,639.8,-0.101353585720062,-2.63593974523246E-05,0,0,0,0,0,38
3,4570,639.94,-0.0999183729290962,-2.49595668719849E-05,0,0,0,0,0,38
3,4571,640.08,-0.0986189320683479,-2.51151031989139E-05,0,0,0,0,0,38
3,4572,640.22,-0.0970091670751572,-2.33653154282365E-05,0,0,0,0,0,38
3,4573,640.36,-0.0957679077982903,-2.40263470914215E-05,0,0,0,0,0,38
3,4574,640.5,-0.0944490656256676,-2.41429988818709E-05,0,0,0,0,0,38
3,4575,640.64,-0.0931690111756325,-2.35597362916451E-05,0,0,0,0,0,38
3,4576,640.78,-0.0916368290781975,-2.49595668719849E-05,0,0,0,0,0,38
3,4577,640.92,-0.0905895158648491,-2.48817977990257E-05,0,0,0,0,0,38
3,4578,641.06,-0.0889603644609451,-2.32097791013075E-05,0,0,0,0,0,38
3,4579,641.2,-0.0875251516699791,-2.41041143453913E-05,0,0,0,0,0,38
3,4580,641.34,-0.086148127913475,-2.39485780184623E-05,0,0,0,0,0,38
3,4581,641.48,-0.0844995751976967,-2.32486618187977E-05,0,0,0,0,0,38
3,4582,641.62,-0.0832195281982422,-2.22765575017547E-05,0,0,0,0,0,38
3,4583,641.76,-0.0813770294189453,-1.99435071408516E-05,0,0,0,0,0,38
3,4584,641.9,-0.0802521333098412,-2.20821366383461E-05,0,0,0,0,0,38
3,4585,642.04,-0.0789138972759247,-2.10711477848236E-05,0,0,0,0,0,38
3,4586,642.18,-0.0775174796581268,-2.14988740481203E-05,0,0,0,0,0,38
3,4587,642.32,-0.0760046914219856,-2.04101161216386E-05,0,0,0,0,0,38
3,4588,642.46,-0.074530690908432,-2.02545797947096E-05,0,0,0,0,0,38
3,4589,642.6,-0.0736579298973084,-2.30931254918687E-05,0,0,0,0,0,38
3,4590,642.74,-0.0719511955976486,-2.02545797947096E-05,0,0,0,0,0,38
3,4591,642.88,-0.0707681179046631,-2.14988740481203E-05,0,0,0,0,0,38
3,4592,643.02,-0.0691583529114723,-1.91658236872172E-05,0,0,0,0,0,38
3,4593,643.16,-0.0681110396981239,-2.18099485209677E-05,0,0,0,0,0,38
3,4594,643.3,-0.06648188829422,-1.93213600141462E-05,0,0,0,0,0,38
3,4595,643.44,-0.0647363588213921,-2.04101161216386E-05,0,0,0,0,0,38
3,4596,643.58,-0.0635920763015747,-1.94380118045956E-05,0,0,0,0,0,38
3,4597,643.72,-0.0622538365423679,-2.05267697310774E-05,0,0,0,0,0,38
3,4598,643.86,-0.0606052875518799,-1.84659074875526E-05,0,0,0,0,0,38
3,4599,644,-0.0593252368271351,-1.88936337508494E-05,0,0,0,0,0,38
3,4600,644.14,-0.0578318424522877,-1.78048758243676E-05,0,0,0,0,0,38
3,4601,644.28,-0.0564742125570774,-1.72604977706214E-05,0,0,0,0,0,38
3,4602,644.42,-0.0549420304596424,-1.85436765605118E-05,0,0,0,0,0,38
3,4603,644.56,-0.0536037944257259,-1.9088054614258E-05,0,0,0,0,0,38
3,4604,644.7,-0.0521491914987564,-1.69105405802839E-05,0,0,0,0,0,38
3,4605,644.84,-0.0508109554648399,-1.70271923707332E-05,0,0,0,0,0,38
3,4606,644.98,-0.0495502986013889,-1.76882240339182E-05,0,0,0,0,0,38
3,4607,645.12,-0.0480375103652477,-1.6949423297774E-05,0,0,0,0,0,38
3,4608,645.26,-0.046873826533556,-1.745491863403E-05,0,0,0,0,0,38
3,4609,645.4,-0.0451476983726025,-1.76882240339182E-05,0,0,0,0,0,38
3,4610,645.54,-0.0439840145409107,-1.69105405802839E-05,0,0,0,0,0,38
3,4611,645.68,-0.0422966741025448,-1.44219520734623E-05,0,0,0,0,0,38
3,4612,645.82,-0.0409002564847469,-1.63661607075483E-05,0,0,0,0,0,38
3,4613,645.96,-0.0396395996212959,-1.58995517267613E-05,0,0,0,0,0,38
3,4614,646.1,-0.0382043905556202,-1.42664148370386E-05,0,0,0,0,0,38
3,4615,646.24,-0.036963127553463,-1.44997202369268E-05,0,0,0,0,0,38
3,4616,646.38,-0.0353339724242687,-1.44608357004472E-05,0,0,0,0,0,38
3,4617,646.52,-0.034015130251646,-1.36831522468128E-05,0,0,0,0,0,38
3,4618,646.66,-0.0327932648360729,-1.70660769072128E-05,0,0,0,0,0,38
3,4619,646.8,-0.0311835035681725,-1.3916457646701E-05,0,0,0,0,0,38
3,4620,646.94,-0.0297288987785578,-1.34498468469246E-05,0,0,0,0,0,38
3,4621,647.08,-0.028429452329874,-1.38386885737418E-05,0,0,0,0,0,38
3,4622,647.22,-0.0272851642221212,-1.39942258101655E-05,0,0,0,0,0,38
3,4623,647.36,-0.0258499551564455,-1.64828143169871E-05,0,0,0,0,0,38
3,4624,647.5,-0.0242014043033123,-1.42275312100537E-05,0,0,0,0,0,38
3,4625,647.64,-0.0229795388877392,-1.39553412736859E-05,0,0,0,0,0,38
3,4626,647.78,-0.0214279610663652,-1.25166261568666E-05,0,0,0,0,0,38
3,4627,647.92,-0.020070331171155,-1.22055525935139E-05,0,0,0,0,0,38
3,4628,648.06,-0.018654515966773,-1.20500162665849E-05,0,0,0,0,0,38
3,4629,648.2,-0.017413254827261,-1.29054678836837E-05,0,0,0,0,0,38
3,4630,648.34,-0.015861677005887,-1.25943952298258E-05,0,0,0,0,0,38
3,4631,648.48,-0.0142907053232193,-1.06501856862451E-05,0,0,0,0,0,38
3,4632,648.62,-0.0132433911785483,-1.19722481031204E-05,0,0,0,0,0,38
3,4633,648.76,-0.0117693925276399,-1.43441830005031E-05,0,0,0,0,0,38
3,4634,648.9,-0.0102953938767314,-1.30610051201074E-05,0,0,0,0,0,38
3,4635,649.04,-0.00889897439628839,-1.16611745397677E-05,0,0,0,0,0,38
3,4636,649.18,-0.00750255491584539,-1.26721633932902E-05,0,0,0,0,0,38
3,4637,649.32,-0.00630008243024349,-1.08834901766386E-05,0,0,0,0,0,38
3,4638,649.46,-0.00459334766492248,-1.22055525935139E-05,0,0,0,0,0,38
3,4639,649.6,-0.0032163227442652,-8.93928063305793E-06,0,0,0,0,0,38
3,4640,649.74,-0.00195566611364484,-1.04557648228365E-05,0,0,0,0,0,38
3,4641,649.88,-0.000539851957000792,-9.32812326936983E-06,0,0,0,0,0,38
3,4642,650.02,0.000759594026021659,-9.79473315965151E-06,0,0,0,0,0,38
3,4643,650.16,0.00225298712030053,-8.55043890624074E-06,0,0,0,0,0,38
3,4644,650.3,0.00361061724834144,-8.31713441584725E-06,0,0,0,0,0,38
3,4645,650.44,0.00492945779114962,-8.78374430612894E-06,0,0,0,0,0,38
3,4646,650.58,0.00653921952471137,-8.16159717942355E-06,0,0,0,0,0,38
3,4647,650.72,0.00807140208780766,-8.27824987936765E-06,0,0,0,0,0,38
3,4648,650.86,0.00944842677563429,-9.83361769613111E-06,0,0,0,0,0,38
3,4649,651,0.0107672670856118,-7.15060832590098E-06,0,0,0,0,0,38
3,4650,651.14,0.0121248969808221,-8.16159717942355E-06,0,0,0,0,0,38
3,4651,651.28,0.0135213173925877,-8.20048171590315E-06,0,0,0,0,0,38
3,4652,651.42,0.014937131665647,-8.70597614266444E-06,0,0,0,0,0,38
3,4653,651.56,0.0166050773113966,-8.27824987936765E-06,0,0,0,0,0,38
3,4654,651.7,0.017652390524745,-6.56734528092784E-06,0,0,0,0,0,38
3,4655,651.84,0.0186221264302731,-7.38391327104182E-06,0,0,0,0,0,38
3,4656,651.98,0.0205422043800354,-8.16159717942355E-06,0,0,0,0,0,38
3,4657,652.12,0.0216670967638493,-8.58932344272034E-06,0,0,0,0,0,38
3,4658,652.26,0.0234126225113869,-8.86151246959344E-06,0,0,0,0,0,38
3,4659,652.4,0.0246732793748379,-7.42279780752142E-06,0,0,0,0,0,38
3,4660,652.54,0.0260503031313419,-7.18949240763322E-06,0,0,0,0,0,38
3,4661,652.68,0.0271945912390947,-7.15060832590098E-06,0,0,0,0,0,38
3,4662,652.82,0.0285328272730112,-8.00606085249456E-06,0,0,0,0,0,38
3,4663,652.96,0.0303947199136019,-5.63412504561711E-06,0,0,0,0,0,38
3,4664,653.1,0.0316553749144077,-6.2173876358429E-06,0,0,0,0,0,38
3,4665,653.24,0.0329548232257366,-7.53945005271817E-06,0,0,0,0,0,38
3,4666,653.38,0.0347003452479839,-6.06185085416655E-06,0,0,0,0,0,38
3,4667,653.52,0.0360191874206066,-4.27317809226224E-06,0,0,0,0,0,38
3,4668,653.66,0.0370858982205391,-4.73978843729128E-06,0,0,0,0,0,38
3,4669,653.8,0.0385405011475086,-7.53945005271817E-06,0,0,0,0,0,38
3,4670,653.94,0.0400532893836498,-5.82854590902571E-06,0,0,0,0,0,38
3,4671,654.08,0.0414109192788601,-6.10073539064615E-06,0,0,0,0,0,38
3,4672,654.22,0.042535811662674,-4.66202027382678E-06,0,0,0,0,0,38
3,4673,654.36,0.0445140711963177,-3.88433636544505E-06,0,0,0,0,0,38
3,4674,654.5,0.0457747280597687,-4.58425165561493E-06,0,0,0,0,0,38
3,4675,654.64,0.047151755541563,-3.45661032952194E-06,0,0,0,0,0,38
3,4676,654.78,0.0485287792980671,-2.91223159365472E-06,0,0,0,0,0,38
3,4677,654.92,0.0500803552567959,-4.62313619209453E-06,0,0,0,0,0,38
3,4678,655.06,0.0511082746088505,-4.46759941041819E-06,0,0,0,0,0,38
3,4679,655.2,0.0524853020906448,-4.31206262874184E-06,0,0,0,0,0,38
3,4680,655.34,0.053978692740202,-3.9232204471773E-06,0,0,0,0,0,38
3,4681,655.48,0.0554914809763432,-4.23429401052999E-06,0,0,0,0,0,38
3,4682,655.62,0.0570042692124844,-3.8454522837128E-06,0,0,0,0,0,38
3,4683,655.76,0.0582261383533478,-4.35094671047409E-06,0,0,0,0,0,38
3,4684,655.9,0.0597001351416111,-2.75669481197838E-06,0,0,0,0,0,38
3,4685,656.04,0.0609801858663559,-5.43970418220852E-06,0,0,0,0,0,38
3,4686,656.18,0.0621632635593414,-5.24528286405257E-06,0,0,0,0,0,38
3,4687,656.32,0.0637536272406578,-4.58425165561493E-06,0,0,0,0,0,38
3,4688,656.46,0.06516944617033,-3.33995762957784E-06,0,0,0,0,0,38
3,4689,656.6,0.0667598098516464,-1.7457059584558E-06,0,0,0,0,0,38
3,4690,656.74,0.0679816752672195,-2.87334751192248E-06,0,0,0,0,0,38
3,4691,656.88,0.0694362819194794,-2.21231630348484E-06,0,0,0,0,0,38
3,4692,657.02,0.0706969425082207,-3.10665268443699E-06,0,0,0,0,0,38
3,4693,657.16,0.0723454877734184,-3.10665268443699E-06,0,0,0,0,0,38
3,4694,657.3,0.0735091716051102,-2.21231630348484E-06,0,0,0,0,0,38
3,4695,657.44,0.0748474076390266,-1.78459015387489E-06,0,0,0,0,0,38
3,4696,657.58,0.076437771320343,-8.51369634347066E-07,0,0,0,0,0,38
3,4697,657.72,0.0776596441864967,-1.70682176303671E-06,0,0,0,0,0,38
3,4698,657.86,0.0791918262839317,-6.56948657251633E-07,0,0,0,0,0,38
3,4699,658,0.0805882439017296,-2.36785308516119E-06,0,0,0,0,0,38
3,4700,658.14,0.0818295031785965,-5.40296070994373E-07,0,0,0,0,0,38
3,4701,658.28,0.0834586620330811,-3.30107354784559E-06,0,0,0,0,0,38
3,4702,658.42,0.0849714502692223,-1.82347434929397E-06,0,0,0,0,0,38
3,4703,658.56,0.0861933156847954,-4.62527708577909E-07,0,0,0,0,0,38
3,4704,658.7,0.0875315517187119,4.70692839371623E-07,0,0,0,0,0,38
3,4705,658.84,0.0887728109955788,-2.01789521270257E-06,0,0,0,0,0,38
3,4706,658.98,0.0904213637113571,8.98418932138156E-07,0,0,0,0,0,38
3,4707,659.12,0.0917595997452736,-1.51454202068635E-07,0,0,0,0,0,38
3,4708,659.26,0.0931754112243652,-2.09566360354074E-06,0,0,0,0,0,38
3,4709,659.4,0.0947269946336746,2.76271890697899E-07,0,0,0,0,0,38
3,4710,659.54,0.0958906784653664,-1.12570006649548E-07,0,0,0,0,0,38
3,4711,659.68,0.0975392237305641,-3.48016300222298E-08,0,0,0,0,0,38
3,4712,659.82,0.0987610891461372,-1.59016917677945E-06,0,0,0,0,0,38
3,4713,659.96,0.100293278694153,6.65113759623637E-07,0,0,0,0,0,38
3,4714,660.1,0.101728484034538,1.9850351407058E-07,0,0,0,0,0,38
3,4715,660.24,0.103357642889023,1.24837663406652E-06,0,0,0,0,0,38
3,4716,660.38,0.10450192540884,-1.82347434929397E-06,0,0,0,0,0,38
3,4717,660.52,0.105975925922394,-1.51454202068635E-07,0,0,0,0,0,38
3,4718,660.66,0.107139609754086,-2.29222578695953E-07,0,0,0,0,0,38
3,4719,660.8,0.108555421233177,-7.73601243508892E-07,0,0,0,0,0,38
3,4720,660.94,0.110029421746731,-9.68022163760907E-07,0,0,0,0,0,38
3,4721,661.08,0.111600391566753,1.9850351407058E-07,0,0,0,0,0,38
3,4722,661.22,0.112783469259739,-3.45875150742359E-07,0,0,0,0,0,38
3,4723,661.36,0.114354446530342,1.015071461552E-06,0,0,0,0,0,38
3,4724,661.5,0.115692682564259,5.09577034790709E-07,0,0,0,0,0,38
3,4725,661.64,0.117244258522987,-5.01411875575286E-07,0,0,0,0,0,38
3,4726,661.78,0.118020042777061,-1.2790957271136E-06,0,0,0,0,0,38
3,4727,661.92,0.119765572249889,-1.90338383276867E-07,0,0,0,0,0,38
3,4728,662.06,0.1211232021451,-2.01789521270257E-06,0,0,0,0,0,38
3,4729,662.2,0.122635990381241,1.20735123232407E-07,0,0,0,0,0,38
3,4730,662.34,0.123935431241989,3.54040253114363E-07,0,0,0,0,0,38
3,4731,662.48,0.125603377819061,1.48168180658104E-06,0,0,0,0,0,38
3,4732,662.62,0.126670092344284,-6.95832852670719E-07,0,0,0,0,0,38
3,4733,662.76,0.127950146794319,-1.24021153169451E-06,0,0,0,0,0,38
3,4734,662.9,0.129773244261742,-1.12570006649548E-07,0,0,0,0,0,38
3,4735,663.04,0.130839958786964,4.29667501578024E-08,0,0,0,0,0,38
3,4736,663.18,0.132507905364037,7.4288215046181E-07,0,0,0,0,0,38
3,4737,663.32,0.133962497115135,8.18509420241753E-08,0,0,0,0,0,38
3,4738,663.46,0.135184362530708,1.2872608294856E-06,0,0,0,0,0,38
3,4739,663.6,0.136600181460381,1.59619318651494E-07,0,0,0,0,0,38
3,4740,663.74,0.137880235910416,1.17060824322834E-06,0,0,0,0,0,38
3,4741,663.88,0.139431804418564,1.13172404780926E-06,0,0,0,0,0,38
3,4742,664.02,0.141235515475273,1.55945008373237E-06,0,0,0,0,0,38
3,4743,664.16,0.142302230000496,5.87345425628882E-07,0,0,0,0,0,38
3,4744,664.3,0.143601670861244,1.98717611965549E-06,0,0,0,0,0,38
3,4745,664.44,0.144823536276817,3.54040253114363E-07,0,0,0,0,0,38
3,4746,664.58,0.146782413125038,7.81766345880897E-07,0,0,0,0,0,38
3,4747,664.72,0.147887900471687,-7.34717048089806E-07,0,0,0,0,0,38
3,4748,664.86,0.149284332990646,-5.01411875575286E-07,0,0,0,0,0,38
3,4749,665,0.150544986128807,-5.79180266413459E-07,0,0,0,0,0,38
3,4750,665.14,0.15211595594883,1.55945008373237E-06,0,0,0,0,0,38
3,4751,665.28,0.15347358584404,9.76187266132911E-07,0,0,0,0,0,38
3,4752,665.42,0.154811814427376,7.4288215046181E-07,0,0,0,0,0,38
3,4753,665.56,0.156324610114098,1.59833427915146E-06,0,0,0,0,0,38
3,4754,665.7,0.157488286495209,-3.84759346161445E-07,0,0,0,0,0,38
3,4755,665.84,0.159233823418617,1.67610266998963E-06,0,0,0,0,0,38
3,4756,665.98,0.160475075244904,7.4288215046181E-07,0,0,0,0,0,38
3,4757,666.12,0.161638766527176,2.5315548555227E-06,0,0,0,0,0,38
3,4758,666.26,0.163054570555687,-3.48016300222298E-08,0,0,0,0,0,38
3,4759,666.4,0.164606153964996,1.24837663406652E-06,0,0,0,0,0,38
3,4760,666.54,0.165789231657982,1.13172404780926E-06,0,0,0,0,0,38
3,4761,666.68,0.167534753680229,4.08256095596471E-09,0,0,0,0,0,38
3,4762,666.82,0.169066935777664,1.83163945166598E-06,0,0,0,0,0,38
3,4763,666.96,0.170211225748062,1.87052364708507E-06,0,0,0,0,0,38
3,4764,667.1,0.171627044677734,1.20949243864743E-06,0,0,0,0,0,38
3,4765,667.24,0.173004060983658,1.67610266998963E-06,0,0,0,0,0,38
3,4766,667.38,0.174594432115555,3.54040253114363E-07,0,0,0,0,0,38
3,4767,667.52,0.175699934363365,3.54040253114363E-07,0,0,0,0,0,38
3,4768,667.66,0.1774842441082,2.29824968300818E-06,0,0,0,0,0,38
3,4769,667.8,0.178609132766724,1.17060824322834E-06,0,0,0,0,0,38
3,4770,667.94,0.180024951696396,1.20949243864743E-06,0,0,0,0,0,38
3,4771,668.08,0.181266218423843,4.70692839371623E-07,0,0,0,0,0,38
3,4772,668.22,0.183011740446091,3.23147037306626E-06,0,0,0,0,0,38
3,4773,668.36,0.184214204549789,2.14271290133183E-06,0,0,0,0,0,38
3,4774,668.5,0.185862764716148,1.59833427915146E-06,0,0,0,0,0,38
3,4775,668.64,0.187278568744659,2.25936560127593E-06,0,0,0,0,0,38
3,4776,668.78,0.188481047749519,8.5953473671907E-07,0,0,0,0,0,38
3,4777,668.92,0.189625337719917,1.015071461552E-06,0,0,0,0,0,38
3,4778,669.06,0.191215708851814,1.48168180658104E-06,0,0,0,0,0,38
3,4779,669.2,0.192534536123276,7.03997955042723E-07,0,0,0,0,0,38
3,4780,669.34,0.194047331809998,1.59833427915146E-06,0,0,0,0,0,38
3,4781,669.48,0.195637702941895,3.11481767312216E-06,0,0,0,0,0,38
3,4782,669.62,0.196626827120781,1.98717611965549E-06,0,0,0,0,0,38
3,4783,669.76,0.197945669293404,8.20650541299983E-07,0,0,0,0,0,38
3,4784,669.9,0.199671804904938,2.6482075554668E-06,0,0,0,0,0,38
3,4785,670.04,0.200990632176399,-1.78459015387489E-06,0,0,0,0,0,38
3,4786,670.18,0.202251300215721,1.36502922032378E-06,0,0,0,0,0,38
3,4787,670.32,0.204151973128319,2.14271290133183E-06,0,0,0,0,0,38
3,4788,670.46,0.204753220081329,-1.12570006649548E-07,0,0,0,0,0,38
3,4789,670.6,0.206750869750977,3.65919640898937E-06,0,0,0,0,0,38
3,4790,670.74,0.207914546132088,1.87052364708507E-06,0,0,0,0,0,38
3,4791,670.88,0.209407940506935,1.67610266998963E-06,0,0,0,0,0,38
3,4792,671.02,0.211017712950706,2.06494451049366E-06,0,0,0,0,0,38
3,4793,671.16,0.21264685690403,2.99816520055174E-06,0,0,0,0,0,38
3,4794,671.3,0.213732972741127,1.2872608294856E-06,0,0,0,0,0,38
3,4795,671.44,0.214780285954475,-4.62527708577909E-07,0,0,0,0,0,38
3,4796,671.58,0.216583997011185,1.40391341574286E-06,0,0,0,0,0,38
3,4797,671.72,0.217961013317108,3.23147037306626E-06,0,0,0,0,0,38
3,4798,671.86,0.219163492321968,2.49267077379045E-06,0,0,0,0,0,38
3,4799,672,0.220618098974228,1.40391341574286E-06,0,0,0,0,0,38
3,4800,672.14,0.222053304314613,1.67610266998963E-06,0,0,0,0,0,38
3,4801,672.28,0.223410934209824,7.03997955042723E-07,0,0,0,0,0,38
3,4802,672.42,0.224555224180222,8.98418932138156E-07,0,0,0,0,0,38
3,4803,672.56,0.226455897092819,2.99816520055174E-06,0,0,0,0,0,38
3,4804,672.7,0.227735951542854,1.52056600200012E-06,0,0,0,0,0,38
3,4805,672.84,0.229035392403603,1.63721847457055E-06,0,0,0,0,0,38
3,4806,672.98,0.230470612645149,3.5814280181512E-06,0,0,0,0,0,38
3,4807,673.12,0.231944605708122,2.41490238295228E-06,0,0,0,0,0,38
3,4808,673.26,0.233379811048508,2.22048129217001E-06,0,0,0,0,0,38
3,4809,673.4,0.234853819012642,3.30923876390443E-06,0,0,0,0,0,38
3,4810,673.54,0.23615325987339,3.03704928228399E-06,0,0,0,0,0,38
3,4811,673.68,0.237491488456726,3.69808049072162E-06,0,0,0,0,0,38
3,4812,673.82,0.238732755184174,2.41490238295228E-06,0,0,0,0,0,38
3,4813,673.96,0.240517064929008,5.05902698932914E-06,0,0,0,0,0,38
3,4814,674.1,0.241409227252007,3.19258606396033E-06,0,0,0,0,0,38
3,4815,674.24,0.243096560239792,3.42589123647485E-06,0,0,0,0,0,38
3,4816,674.38,0.244880884885788,2.95928089144581E-06,0,0,0,0,0,38
3,4817,674.52,0.245734244585037,3.03704928228399E-06,0,0,0,0,0,38
3,4818,674.66,0.247091874480248,2.10382881959958E-06,0,0,0,0,0,38
3,4819,674.8,0.248565882444382,1.09283985239017E-06,0,0,0,0,0,38
3,4820,674.94,0.250001072883606,1.67610266998963E-06,0,0,0,0,0,38
3,4821,675.08,0.251378118991852,2.18159721043776E-06,0,0,0,0,0,38
3,4822,675.22,0.252328455448151,7.03997955042723E-07,0,0,0,0,0,38
3,4823,675.36,0.254442483186722,1.44279761116195E-06,0,0,0,0,0,38
3,4824,675.5,0.255450993776321,2.6482075554668E-06,0,0,0,0,0,38
3,4825,675.64,0.257138341665268,2.37601807384635E-06,0,0,0,0,0,38
3,4826,675.78,0.258243829011917,2.49267077379045E-06,0,0,0,0,0,38
3,4827,675.92,0.259717851877213,1.94829203792324E-06,0,0,0,0,0,38
3,4828,676.06,0.261327594518662,4.28134353569476E-06,0,0,0,0,0,38
3,4829,676.2,0.262510687112808,1.32614502490469E-06,0,0,0,0,0,38
3,4830,676.34,0.264062255620956,1.98717611965549E-06,0,0,0,0,0,38
3,4831,676.48,0.265555649995804,3.89250135413022E-06,0,0,0,0,0,38
3,4832,676.62,0.266835689544678,1.94829203792324E-06,0,0,0,0,0,38
3,4833,676.76,0.268173933029175,1.9850351407058E-07,0,0,0,0,0,38
3,4834,676.9,0.269880682229996,3.81473319066572E-06,0,0,0,0,0,38
3,4835,677.04,0.270772814750671,1.44279761116195E-06,0,0,0,0,0,38
3,4836,677.18,0.272557139396667,2.25936560127593E-06,0,0,0,0,0,38
3,4837,677.32,0.27387598156929,1.24837663406652E-06,0,0,0,0,0,38
3,4838,677.46,0.275330573320389,2.7259757189313E-06,0,0,0,0,0,38
3,4839,677.6,0.276649415493011,3.30923876390443E-06,0,0,0,0,0,38
3,4840,677.74,0.278142809867859,3.5814280181512E-06,0,0,0,0,0,38
3,4841,677.88,0.279636204242706,2.18159721043776E-06,0,0,0,0,0,38
3,4842,678.02,0.280877470970154,3.38700715474261E-06,0,0,0,0,0,38
3,4843,678.16,0.282293289899826,2.88151250060764E-06,0,0,0,0,0,38
3,4844,678.3,0.283398777246475,2.06494451049366E-06,0,0,0,0,0,38
3,4845,678.44,0.284737020730972,1.44279761116195E-06,0,0,0,0,0,38
3,4846,678.58,0.28648254275322,2.25936560127593E-06,0,0,0,0,0,38
3,4847,678.72,0.288150489330292,4.7479538807238E-06,0,0,0,0,0,38
3,4848,678.86,0.28954690694809,4.5146484808356E-06,0,0,0,0,0,38
3,4849,679,0.290807574987412,3.5814280181512E-06,0,0,0,0,0,38
3,4850,679.14,0.291874289512634,2.84262841887539E-06,0,0,0,0,0,38
3,4851,679.28,0.293542236089706,4.6313011807797E-06,0,0,0,0,0,38
3,4852,679.42,0.294899851083755,2.80374410976947E-06,0,0,0,0,0,38
3,4853,679.56,0.296024739742279,1.24837663406652E-06,0,0,0,0,0,38
3,4854,679.7,0.29763451218605,3.23147037306626E-06,0,0,0,0,0,38
3,4855,679.84,0.298701226711273,3.97026997234207E-06,0,0,0,0,0,38
3,4856,679.98,0.300446748733521,1.36502922032378E-06,0,0,0,0,0,38
3,4857,680.12,0.301940143108368,3.15370198222809E-06,0,0,0,0,0,38
3,4858,680.26,0.303258985280991,4.04803813580656E-06,0,0,0,0,0,38
3,4859,680.4,0.304655402898788,2.60932324636087E-06,0,0,0,0,0,38
3,4860,680.54,0.306013017892838,1.55945008373237E-06,0,0,0,0,0,38
3,4861,680.68,0.307390064001083,3.30923876390443E-06,0,0,0,0,0,38
3,4862,680.82,0.308767080307007,3.03704928228399E-06,0,0,0,0,0,38
3,4863,680.96,0.310163497924805,2.22048129217001E-06,0,0,0,0,0,38
3,4864,681.1,0.311637490987778,2.57043916462862E-06,0,0,0,0,0,38
3,4865,681.24,0.313189059495926,4.00915405407432E-06,0,0,0,0,0,38
3,4866,681.38,0.314217001199722,3.15370198222809E-06,0,0,0,0,0,38
3,4867,681.52,0.315729767084122,2.25936560127593E-06,0,0,0,0,0,38
3,4868,681.66,0.317475289106369,4.00915405407432E-06,0,0,0,0,0,38
3,4869,681.8,0.318445026874542,2.02606042876141E-06,0,0,0,0,0,38
3,4870,681.94,0.320035398006439,3.03704928228399E-06,0,0,0,0,0,38
3,4871,682.08,0.321121513843536,2.6482075554668E-06,0,0,0,0,0,38
3,4872,682.22,0.322867035865784,3.19258606396033E-06,0,0,0,0,0,38
3,4873,682.36,0.324282854795456,4.7479538807238E-06,0,0,0,0,0,38
3,4874,682.5,0.325524121522903,1.05395565697108E-06,0,0,0,0,0,38
3,4875,682.64,0.326881736516953,2.60932324636087E-06,0,0,0,0,0,38
3,4876,682.78,0.328258752822876,2.3371339921141E-06,0,0,0,0,0,38
3,4877,682.92,0.329655170440674,4.16469083575066E-06,0,0,0,0,0,38
3,4878,683.06,0.331206768751144,2.88151250060764E-06,0,0,0,0,0,38
3,4879,683.2,0.332855314016342,3.11481767312216E-06,0,0,0,0,0,38
3,4880,683.34,0.334135353565216,3.62031209988345E-06,0,0,0,0,0,38
3,4881,683.48,0.335473597049713,3.89250135413022E-06,0,0,0,0,0,38
3,4882,683.62,0.336617887020111,3.50365962731303E-06,0,0,0,0,0,38
3,4883,683.76,0.338266432285309,3.38700715474261E-06,0,0,0,0,0,38
3,4884,683.9,0.339565873146057,3.38700715474261E-06,0,0,0,0,0,38
3,4885,684.04,0.341292023658752,4.20357491748291E-06,0,0,0,0,0,38
3,4886,684.18,0.342378109693527,2.68709163719905E-06,0,0,0,0,0,38
3,4887,684.32,0.343968480825424,2.95928089144581E-06,0,0,0,0,0,38
3,4888,684.46,0.345112770795822,2.84262841887539E-06,0,0,0,0,0,38
3,4889,684.6,0.346470415592194,2.80374410976947E-06,0,0,0,0,0,38
3,4890,684.74,0.347963809967041,3.38700715474261E-06,0,0,0,0,0,38
3,4891,684.88,0.349146872758865,2.60932324636087E-06,0,0,0,0,0,38
3,4892,685.02,0.350659668445587,2.22048129217001E-06,0,0,0,0,0,38
3,4893,685.16,0.352056086063385,1.94829203792324E-06,0,0,0,0,0,38
3,4894,685.3,0.353413701057434,3.23147037306626E-06,0,0,0,0,0,38
3,4895,685.44,0.35494589805603,3.11481767312216E-06,0,0,0,0,0,38
3,4896,685.58,0.356284141540527,3.34812284563668E-06,0,0,0,0,0,38
3,4897,685.72,0.357893884181976,1.83163945166598E-06,0,0,0,0,0,38
3,4898,685.86,0.359115749597549,3.4647753182071E-06,0,0,0,0,0,38
3,4899,686,0.360512167215347,3.38700715474261E-06,0,0,0,0,0,38
3,4900,686.14,0.362180113792419,3.38700715474261E-06,0,0,0,0,0,38
3,4901,686.28,0.363421380519867,2.3371339921141E-06,0,0,0,0,0,38
3,4902,686.42,0.364953577518463,4.12580675401841E-06,0,0,0,0,0,38
3,4903,686.56,0.366000890731812,2.6482075554668E-06,0,0,0,0,0,38
3,4904,686.7,0.36745548248291,9.76187266132911E-07,0,0,0,0,0,38
3,4905,686.84,0.369220405817032,2.88151250060764E-06,0,0,0,0,0,38
3,4906,686.98,0.370248317718506,3.69808049072162E-06,0,0,0,0,0,38
3,4907,687.12,0.372071415185928,4.24245899921516E-06,0,0,0,0,0,38
3,4908,687.26,0.373273909091949,3.62031209988345E-06,0,0,0,0,0,38
3,4909,687.4,0.374534547328949,3.54040253114363E-07,0,0,0,0,0,38
3,4910,687.54,0.376280069351196,1.90940795619099E-06,0,0,0,0,0,38
3,4911,687.68,0.377657115459442,3.30923876390443E-06,0,0,0,0,0,38
3,4912,687.82,0.378878980875015,2.18159721043776E-06,0,0,0,0,0,38
3,4913,687.96,0.380546927452087,4.90349020765279E-06,0,0,0,0,0,38
3,4914,688.1,0.381574839353561,3.23147037306626E-06,0,0,0,0,0,38
3,4915,688.24,0.38302943110466,3.34812284563668E-06,0,0,0,0,0,38
3,4916,688.38,0.384561628103256,5.48675325262593E-06,0,0,0,0,0,38
3,4917,688.52,0.385919243097305,2.99816520055174E-06,0,0,0,0,0,38
3,4918,688.66,0.387296289205551,2.7259757189313E-06,0,0,0,0,0,38
3,4919,688.8,0.388770282268524,3.62031209988345E-06,0,0,0,0,0,38
3,4920,688.94,0.389953345060349,3.34812284563668E-06,0,0,0,0,0,38
3,4921,689.08,0.391291588544846,2.49267077379045E-06,0,0,0,0,0,38
3,4922,689.22,0.392940133810043,4.12580675401841E-06,0,0,0,0,0,38
3,4923,689.36,0.394142627716064,1.40391341574286E-06,0,0,0,0,0,38
3,4924,689.5,0.395442068576813,3.27035445479851E-06,0,0,0,0,0,38
3,4925,689.64,0.397090613842011,3.69808049072162E-06,0,0,0,0,0,38
3,4926,689.78,0.398215502500534,4.08692267228616E-06,0,0,0,0,0,38
3,4927,689.92,0.399611920118332,3.62031209988345E-06,0,0,0,0,0,38
3,4928,690.06,0.401338040828705,4.6313011807797E-06,0,0,0,0,0,38
3,4929,690.2,0.402792662382126,3.93138589060982E-06,0,0,0,0,0,38
3,4930,690.34,0.404344230890274,4.43688031737111E-06,0,0,0,0,0,38
3,4931,690.48,0.405663073062897,4.08692267228616E-06,0,0,0,0,0,38
3,4932,690.62,0.407117664813995,4.8257220441883E-06,0,0,0,0,0,38
3,4933,690.76,0.408378332853317,2.80374410976947E-06,0,0,0,0,0,38
3,4934,690.9,0.40979415178299,2.37601807384635E-06,0,0,0,0,0,38
3,4935,691.04,0.411074191331863,1.98717611965549E-06,0,0,0,0,0,38
3,4936,691.18,0.41235426068306,1.83163945166598E-06,0,0,0,0,0,38
3,4937,691.32,0.413673102855682,1.17060824322834E-06,0,0,0,0,0,38
3,4938,691.46,0.414972543716431,1.90940795619099E-06,0,0,0,0,0,38
3,4939,691.6,0.416718065738678,3.65919640898937E-06,0,0,0,0,0,38
3,4940,691.74,0.417959332466125,3.5814280181512E-06,0,0,0,0,0,38
3,4941,691.88,0.419239372014999,3.54040253114363E-07,0,0,0,0,0,38
3,4942,692.02,0.421062469482422,3.30923876390443E-06,0,0,0,0,0,38
3,4943,692.16,0.42220675945282,4.59241709904745E-06,0,0,0,0,0,38
3,4944,692.3,0.423661381006241,1.87052364708507E-06,0,0,0,0,0,38
3,4945,692.44,0.424999594688416,3.23147037306626E-06,0,0,0,0,0,38
3,4946,692.58,0.426376640796661,2.57043916462862E-06,0,0,0,0,0,38
3,4947,692.72,0.42773425579071,3.34812284563668E-06,0,0,0,0,0,38
3,4948,692.86,0.429111272096634,2.7259757189313E-06,0,0,0,0,0,38
3,4949,693,0.430585294961929,3.19258606396033E-06,0,0,0,0,0,38
3,4950,693.14,0.432175666093826,3.11481767312216E-06,0,0,0,0,0,38
3,4951,693.28,0.43355268239975,2.57043916462862E-06,0,0,0,0,0,38
3,4952,693.42,0.434929698705673,4.59241709904745E-06,0,0,0,0,0,38
3,4953,693.56,0.436170965433121,3.89250135413022E-06,0,0,0,0,0,38
3,4954,693.7,0.437509208917618,3.30923876390443E-06,0,0,0,0,0,38
3,4955,693.84,0.439157754182816,3.4647753182071E-06,0,0,0,0,0,38
3,4956,693.98,0.440146893262863,2.99816520055174E-06,0,0,0,0,0,38
3,4957,694.12,0.441873013973236,1.40391341574286E-06,0,0,0,0,0,38
3,4958,694.26,0.443036705255508,3.7758488815598E-06,0,0,0,0,0,38
3,4959,694.4,0.444879204034805,5.05902698932914E-06,0,0,0,0,0,38
3,4960,694.54,0.446198016405106,4.55353256256785E-06,0,0,0,0,0,38
3,4961,694.68,0.447497487068176,3.81473319066572E-06,0,0,0,0,0,38
3,4962,694.82,0.448913305997849,3.50365962731303E-06,0,0,0,0,0,38
3,4963,694.96,0.450251519680023,3.97026997234207E-06,0,0,0,0,0,38
3,4964,695.1,0.451570361852646,4.35911169915926E-06,0,0,0,0,0,38
3,4965,695.24,0.453277111053467,3.85361727239797E-06,0,0,0,0,0,38
3,4966,695.38,0.454518377780914,3.5814280181512E-06,0,0,0,0,0,38
3,4967,695.52,0.455856591463089,3.42589123647485E-06,0,0,0,0,0,38
3,4968,695.66,0.457291811704636,3.85361727239797E-06,0,0,0,0,0,38
3,4969,695.8,0.458668828010559,3.81473319066572E-06,0,0,0,0,0,38
3,4970,695.94,0.459929496049881,3.11481767312216E-06,0,0,0,0,0,38
3,4971,696.08,0.461403489112854,1.94829203792324E-06,0,0,0,0,0,38
3,4972,696.22,0.463013261556625,2.06494451049366E-06,0,0,0,0,0,38
3,4973,696.36,0.46444845199585,3.15370198222809E-06,0,0,0,0,0,38
3,4974,696.5,0.465573340654373,5.02014290759689E-06,0,0,0,0,0,38
3,4975,696.64,0.467027962207794,3.7758488815598E-06,0,0,0,0,0,38
3,4976,696.78,0.468560129404068,3.07593359138991E-06,0,0,0,0,0,38
3,4977,696.92,0.469937175512314,2.5315548555227E-06,0,0,0,0,0,38
3,4978,697.06,0.471372365951538,3.30923876390443E-06,0,0,0,0,0,38
3,4979,697.2,0.472846359014511,3.73696479982755E-06,0,0,0,0,0,38
3,4980,697.34,0.474126428365707,2.80374410976947E-06,0,0,0,0,0,38
3,4981,697.48,0.475464671850204,4.12580675401841E-06,0,0,0,0,0,38
3,4982,697.62,0.476996839046478,2.18159721043776E-06,0,0,0,0,0,38
3,4983,697.76,0.478160530328751,3.23147037306626E-06,0,0,0,0,0,38
3,4984,697.9,0.479615122079849,2.80374410976947E-06,0,0,0,0,0,38
3,4985,698.04,0.481147319078445,2.57043916462862E-06,0,0,0,0,0,38
3,4986,698.18,0.48223340511322,3.97026997234207E-06,0,0,0,0,0,38
3,4987,698.32,0.483688026666641,2.60932324636087E-06,0,0,0,0,0,38
3,4988,698.46,0.485433548688889,3.54254370904528E-06,0,0,0,0,0,38
3,4989,698.6,0.486752390861511,3.07593359138991E-06,0,0,0,0,0,38
3,4990,698.74,0.48805183172226,2.45378646468453E-06,0,0,0,0,0,38
3,4991,698.88,0.489196121692657,3.15370198222809E-06,0,0,0,0,0,38
3,4992,699.02,0.490902841091156,3.65919640898937E-06,0,0,0,0,0,38
3,4993,699.16,0.492124706506729,2.99816520055174E-06,0,0,0,0,0,38
3,4994,699.3,0.493443548679352,2.6482075554668E-06,0,0,0,0,0,38
3,4995,699.44,0.494995146989822,3.97026997234207E-06,0,0,0,0,0,38
3,4996,699.58,0.496527314186096,4.47576439910335E-06,0,0,0,0,0,38
3,4997,699.72,0.49755522608757,2.18159721043776E-06,0,0,0,0,0,38
3,4998,699.86,0.499436527490616,5.64229003430228E-06,0,0,0,0,0,38
3,4999,700,0.50046443939209,6.14778446106357E-06,0,0,0,0,0,38
3,5000,700.14,0.498874068260193,2.10382881959958E-06,0,0,0,0,0,38
3,5001,700.28,0.497322499752045,3.15370198222809E-06,0,0,0,0,0,38
3,5002,700.42,0.495809704065323,3.7758488815598E-06,0,0,0,0,0,38
3,5003,700.56,0.494762390851974,3.81473319066572E-06,0,0,0,0,0,38
3,5004,700.7,0.49357932806015,5.25344830748509E-06,0,0,0,0,0,38
3,5005,700.84,0.491756230592728,3.42589123647485E-06,0,0,0,0,0,38
3,5006,700.98,0.49026283621788,5.13679560754099E-06,0,0,0,0,0,38
3,5007,701.12,0.489196121692657,2.76486002803722E-06,0,0,0,0,0,38
3,5008,701.26,0.487935453653336,4.00915405407432E-06,0,0,0,0,0,38
3,5009,701.4,0.486519634723663,4.20357491748291E-06,0,0,0,0,0,38
3,5010,701.54,0.48498746752739,3.81473319066572E-06,0,0,0,0,0,38
3,5011,701.68,0.483280718326569,2.88151250060764E-06,0,0,0,0,0,38
3,5012,701.82,0.48192310333252,3.11481767312216E-06,0,0,0,0,0,38
3,5013,701.96,0.480856388807297,3.03704928228399E-06,0,0,0,0,0,38
3,5014,702.1,0.479207843542099,2.57043916462862E-06,0,0,0,0,0,38
3,5015,702.24,0.477850198745728,2.22048129217001E-06,0,0,0,0,0,38
3,5016,702.38,0.47635680437088,2.92039680971357E-06,0,0,0,0,0,38
3,5017,702.52,0.475115537643433,2.10382881959958E-06,0,0,0,0,0,38
3,5018,702.66,0.473835498094559,4.08692267228616E-06,0,0,0,0,0,38
3,5019,702.8,0.472051173448563,2.18159721043776E-06,0,0,0,0,0,38
3,5020,702.94,0.470945686101913,4.8257220441883E-06,0,0,0,0,0,38
3,5021,703.08,0.469452291727066,1.94829203792324E-06,0,0,0,0,0,38
3,5022,703.22,0.467958897352219,3.85361727239797E-06,0,0,0,0,0,38
3,5023,703.36,0.466484904289246,1.36502922032378E-06,0,0,0,0,0,38
3,5024,703.5,0.465282440185547,4.94237474413239E-06,0,0,0,0,0,38
3,5025,703.64,0.463653266429901,2.41490238295228E-06,0,0,0,0,0,38
3,5026,703.78,0.462625354528427,4.94237474413239E-06,0,0,0,0,0,38
3,5027,703.92,0.461112558841705,1.44279761116195E-06,0,0,0,0,0,38
3,5028,704.06,0.459774345159531,3.5814280181512E-06,0,0,0,0,0,38
3,5029,704.2,0.458183974027634,2.37601807384635E-06,0,0,0,0,0,38
3,5030,704.34,0.456574201583862,1.63721847457055E-06,0,0,0,0,0,38
3,5031,704.48,0.455197185277939,4.7090693442442E-06,0,0,0,0,0,38
3,5032,704.62,0.45399472117424,4.39799578089151E-06,0,0,0,0,0,38
3,5033,704.76,0.452501326799393,2.3371339921141E-06,0,0,0,0,0,38
3,5034,704.9,0.451201856136322,3.62031209988345E-06,0,0,0,0,0,38
3,5035,705.04,0.450096368789673,4.32022761742701E-06,0,0,0,0,0,38
3,5036,705.18,0.44827327132225,2.37601807384635E-06,0,0,0,0,0,38
3,5037,705.32,0.447032004594803,4.35911169915926E-06,0,0,0,0,0,38
3,5038,705.46,0.44555801153183,1.67610266998963E-06,0,0,0,0,0,38
3,5039,705.6,0.443987041711807,3.97026997234207E-06,0,0,0,0,0,38
3,5040,705.74,0.442609995603561,1.67610266998963E-06,0,0,0,0,0,38
3,5041,705.88,0.441252380609512,1.55945008373237E-06,0,0,0,0,0,38
3,5042,706.02,0.439952939748764,3.23147037306626E-06,0,0,0,0,0,38
3,5043,706.16,0.438517719507217,1.63721847457055E-06,0,0,0,0,0,38
3,5044,706.3,0.437160104513168,3.19258606396033E-06,0,0,0,0,0,38
3,5045,706.44,0.435899436473846,2.10382881959958E-06,0,0,0,0,0,38
3,5046,706.58,0.434425443410873,3.27035445479851E-06,0,0,0,0,0,38
3,5047,706.72,0.432835072278976,1.55945008373237E-06,0,0,0,0,0,38
3,5048,706.86,0.431807160377502,1.40391341574286E-06,0,0,0,0,0,38
3,5049,707,0.42988708615303,2.02606042876141E-06,0,0,0,0,0,38
3,5050,707.14,0.428742796182632,3.97026997234207E-06,0,0,0,0,0,38
3,5051,707.28,0.427656680345535,3.07593359138991E-06,0,0,0,0,0,38
3,5052,707.42,0.425988733768463,2.7259757189313E-06,0,0,0,0,0,38
3,5053,707.56,0.424708694219589,4.28134353569476E-06,0,0,0,0,0,38
3,5054,707.7,0.423098921775818,2.10382881959958E-06,0,0,0,0,0,38
3,5055,707.84,0.422187358140945,5.05902698932914E-06,0,0,0,0,0,38
3,5056,707.98,0.420597016811371,3.5814280181512E-06,0,0,0,0,0,38
3,5057,708.12,0.418987244367599,4.67018526251195E-06,0,0,0,0,0,38
3,5058,708.26,0.417842954397202,4.28134353569476E-06,0,0,0,0,0,38
3,5059,708.4,0.416136234998703,2.22048129217001E-06,0,0,0,0,0,38
3,5060,708.54,0.414526462554932,1.2872608294856E-06,0,0,0,0,0,38
3,5061,708.68,0.413498550653458,3.7758488815598E-06,0,0,0,0,0,38
3,5062,708.82,0.411946952342987,2.60932324636087E-06,0,0,0,0,0,38
3,5063,708.96,0.410511761903763,2.41490238295228E-06,0,0,0,0,0,38
3,5064,709.1,0.409503221511841,3.97026997234207E-06,0,0,0,0,0,38
3,5065,709.24,0.407912850379944,1.87052364708507E-06,0,0,0,0,0,38
3,5066,709.38,0.406438857316971,3.30923876390443E-06,0,0,0,0,0,38
3,5067,709.52,0.404945462942123,1.17060824322834E-06,0,0,0,0,0,38
3,5068,709.66,0.403626620769501,1.13172404780926E-06,0,0,0,0,0,38
3,5069,709.8,0.402055650949478,2.49267077379045E-06,0,0,0,0,0,38
3,5070,709.94,0.401202291250229,4.7090693442442E-06,0,0,0,0,0,38
3,5071,710.08,0.399204641580582,3.07593359138991E-06,0,0,0,0,0,38
3,5072,710.22,0.398157328367233,2.80374410976947E-06,0,0,0,0,0,38
3,5073,710.36,0.39668333530426,3.42589123647485E-06,0,0,0,0,0,38
3,5074,710.5,0.395461440086365,4.12580675401841E-06,0,0,0,0,0,38
3,5075,710.64,0.393774121999741,2.02606042876141E-06,0,0,0,0,0,38
3,5076,710.78,0.392338901758194,4.00915405407432E-06,0,0,0,0,0,38
3,5077,710.92,0.39115583896637,3.07593359138991E-06,0,0,0,0,0,38
3,5078,711.06,0.389507263898849,2.99816520055174E-06,0,0,0,0,0,38
3,5079,711.2,0.388459950685501,3.23147037306626E-06,0,0,0,0,0,38
3,5080,711.34,0.387160509824753,3.69808049072162E-06,0,0,0,0,0,38
3,5081,711.48,0.385492563247681,3.15370198222809E-06,0,0,0,0,0,38
3,5082,711.62,0.384057372808456,2.5315548555227E-06,0,0,0,0,0,38
3,5083,711.76,0.382719129323959,2.95928089144581E-06,0,0,0,0,0,38
3,5084,711.9,0.381439089775085,5.02014290759689E-06,0,0,0,0,0,38
3,5085,712.04,0.379480212926865,3.69808049072162E-06,0,0,0,0,0,38
3,5086,712.18,0.378335922956467,2.92039680971357E-06,0,0,0,0,0,38
3,5087,712.32,0.377017080783844,4.31808643952536E-07,0,0,0,0,0,38
3,5088,712.46,0.375659435987473,2.7259757189313E-06,0,0,0,0,0,38
3,5089,712.6,0.3741854429245,1.55945008373237E-06,0,0,0,0,0,38
3,5090,712.74,0.372750252485275,2.95928089144581E-06,0,0,0,0,0,38
3,5091,712.88,0.371450781822205,2.49267077379045E-06,0,0,0,0,0,38
3,5092,713.02,0.370054364204407,1.48168180658104E-06,0,0,0,0,0,38
3,5093,713.16,0.368793725967407,2.41490238295228E-06,0,0,0,0,0,38
3,5094,713.3,0.367222756147385,4.47576439910335E-06,0,0,0,0,0,38
3,5095,713.44,0.365903913974762,4.7090693442442E-06,0,0,0,0,0,38
3,5096,713.58,0.364294141530991,3.73696479982755E-06,0,0,0,0,0,38
3,5097,713.72,0.362548619508743,2.41490238295228E-06,0,0,0,0,0,38
3,5098,713.86,0.361656457185745,3.85361727239797E-06,0,0,0,0,0,38
3,5099,714,0.359872162342072,1.48168180658104E-06,0,0,0,0,0,38
3,5100,714.14,0.358378767967224,2.92039680971357E-06,0,0,0,0,0,38
3,5101,714.28,0.357409030199051,4.04803813580656E-06,0,0,0,0,0,38
3,5102,714.42,0.35585743188858,2.76486002803722E-06,0,0,0,0,0,38
3,5103,714.56,0.354519218206406,2.5315548555227E-06,0,0,0,0,0,38
3,5104,714.7,0.353239148855209,2.95928089144581E-06,0,0,0,0,0,38
3,5105,714.84,0.351668179035187,2.06494451049366E-06,0,0,0,0,0,38
3,5106,714.98,0.350601464509964,5.09791152580874E-06,0,0,0,0,0,38
3,5107,715.12,0.348875343799591,3.23147037306626E-06,0,0,0,0,0,38
3,5108,715.26,0.347808629274368,3.69808049072162E-06,0,0,0,0,0,38
3,5109,715.4,0.34635403752327,3.4647753182071E-06,0,0,0,0,0,38
3,5110,715.54,0.344841241836548,3.7758488815598E-06,0,0,0,0,0,38
3,5111,715.68,0.3432896733284,3.15370198222809E-06,0,0,0,0,0,38
3,5112,715.82,0.342319935560226,4.8257220441883E-06,0,0,0,0,0,38
3,5113,715.96,0.340671390295029,1.32614502490469E-06,0,0,0,0,0,38
3,5114,716.1,0.338984042406082,3.54254370904528E-06,0,0,0,0,0,38
3,5115,716.24,0.337548822164536,4.08692267228616E-06,0,0,0,0,0,38
3,5116,716.38,0.33655971288681,4.59241709904745E-06,0,0,0,0,0,38
3,5117,716.52,0.334930539131165,2.14271290133183E-06,0,0,0,0,0,38
3,5118,716.66,0.333689272403717,3.65919640898937E-06,0,0,0,0,0,38
3,5119,716.8,0.332118302583694,2.88151250060764E-06,0,0,0,0,0,38
3,5120,716.94,0.330760687589645,2.22048129217001E-06,0,0,0,0,0,38
3,5121,717.08,0.329267293214798,2.99816520055174E-06,0,0,0,0,0,38
3,5122,717.22,0.328200578689575,2.95928089144581E-06,0,0,0,0,0,38
3,5123,717.36,0.326862335205078,2.95928089144581E-06,0,0,0,0,0,38
3,5124,717.5,0.325330168008804,1.98717611965549E-06,0,0,0,0,0,38
3,5125,717.64,0.323739796876907,4.78683796245605E-06,0,0,0,0,0,38
3,5126,717.78,0.32214942574501,7.4288215046181E-07,0,0,0,0,0,38
3,5127,717.92,0.321296066045761,2.80374410976947E-06,0,0,0,0,0,38
3,5128,718.06,0.319531142711639,1.13172404780926E-06,0,0,0,0,0,38
3,5129,718.2,0.318076550960541,3.7758488815598E-06,0,0,0,0,0,38
3,5130,718.34,0.316718906164169,1.75387106082781E-06,0,0,0,0,0,38
3,5131,718.48,0.315535843372345,2.41490238295228E-06,0,0,0,0,0,38
3,5132,718.62,0.314139425754547,2.37601807384635E-06,0,0,0,0,0,38
3,5133,718.76,0.312665402889252,3.03704928228399E-06,0,0,0,0,0,38
3,5134,718.9,0.311210811138153,2.02606042876141E-06,0,0,0,0,0,38
3,5135,719.04,0.30989196896553,3.85361727239797E-06,0,0,0,0,0,38
3,5136,719.18,0.308282196521759,1.59833427915146E-06,0,0,0,0,0,38
3,5137,719.32,0.306943982839584,8.5953473671907E-07,0,0,0,0,0,38
3,5138,719.46,0.305566936731339,3.23147037306626E-06,0,0,0,0,0,38
3,5139,719.6,0.304325699806213,3.27035445479851E-06,0,0,0,0,0,38
3,5140,719.74,0.302560776472092,1.71498686540872E-06,0,0,0,0,0,38
3,5141,719.88,0.301435858011246,4.08692267228616E-06,0,0,0,0,0,38
3,5142,720.02,0.300388544797897,3.89250135413022E-06,0,0,0,0,0,38
3,5143,720.16,0.298701226711273,3.97026997234207E-06,0,0,0,0,0,38
3,5144,720.3,0.297072052955627,2.41490238295228E-06,0,0,0,0,0,38
3,5145,720.44,0.295772612094879,2.49267077379045E-06,0,0,0,0,0,38
3,5146,720.58,0.294608920812607,2.57043916462862E-06,0,0,0,0,0,38
3,5147,720.72,0.293057352304459,2.99816520055174E-06,0,0,0,0,0,38
3,5148,720.86,0.291893661022186,3.42589123647485E-06,0,0,0,0,0,38
3,5149,721,0.290322691202164,3.03704928228399E-06,0,0,0,0,0,38
3,5150,721.14,0.288868099451065,2.37601807384635E-06,0,0,0,0,0,38
3,5151,721.28,0.287355303764343,1.75387106082781E-06,0,0,0,0,0,38
3,5152,721.42,0.286075264215469,1.94829203792324E-06,0,0,0,0,0,38
3,5153,721.56,0.284523665904999,1.87052364708507E-06,0,0,0,0,0,38
3,5154,721.7,0.283088475465775,3.15370198222809E-06,0,0,0,0,0,38
3,5155,721.84,0.282002359628677,2.80374410976947E-06,0,0,0,0,0,38
3,5156,721.98,0.28050896525383,3.07593359138991E-06,0,0,0,0,0,38
3,5157,722.12,0.279151350259781,3.27035445479851E-06,0,0,0,0,0,38
3,5158,722.26,0.277619153261185,3.11481767312216E-06,0,0,0,0,0,38
3,5159,722.4,0.276067584753037,8.5953473671907E-07,0,0,0,0,0,38
3,5160,722.54,0.274709939956665,2.02606042876141E-06,0,0,0,0,0,38
3,5161,722.68,0.273449301719666,3.62031209988345E-06,0,0,0,0,0,38
3,5162,722.82,0.272033482789993,2.7259757189313E-06,0,0,0,0,0,38
3,5163,722.96,0.270326733589172,1.71498686540872E-06,0,0,0,0,0,38
3,5164,723.1,0.269085496664047,1.90940795619099E-06,0,0,0,0,0,38
3,5165,723.24,0.267960578203201,4.24245899921516E-06,0,0,0,0,0,38
3,5166,723.38,0.266370236873627,2.76486002803722E-06,0,0,0,0,0,38
3,5167,723.52,0.26503199338913,2.3371339921141E-06,0,0,0,0,0,38
3,5168,723.66,0.263635575771332,1.75387106082781E-06,0,0,0,0,0,38
3,5169,723.8,0.262549459934235,3.23147037306626E-06,0,0,0,0,0,38
3,5170,723.94,0.261056065559387,3.15370198222809E-06,0,0,0,0,0,38
3,5171,724.08,0.259620875120163,3.5814280181512E-06,0,0,0,0,0,38
3,5172,724.22,0.258146852254868,2.22048129217001E-06,0,0,0,0,0,38
3,5173,724.36,0.256440132856369,1.98717611965549E-06,0,0,0,0,0,38
3,5174,724.5,0.255315244197845,3.4647753182071E-06,0,0,0,0,0,38
3,5175,724.64,0.253880023956299,4.04803813580656E-06,0,0,0,0,0,38
3,5176,724.78,0.252367228269577,1.71498686540872E-06,0,0,0,0,0,38
3,5177,724.92,0.251358717679977,3.65919640898937E-06,0,0,0,0,0,38
3,5178,725.06,0.249516218900681,1.71498686540872E-06,0,0,0,0,0,38
3,5179,725.2,0.248274952173233,1.55945008373237E-06,0,0,0,0,0,38
3,5180,725.34,0.246762171387672,2.76486002803722E-06,0,0,0,0,0,38
3,5181,725.48,0.245268777012825,1.98717611965549E-06,0,0,0,0,0,38
3,5182,725.62,0.243852958083153,1.79275525624689E-06,0,0,0,0,0,38
3,5183,725.76,0.242553517222404,2.3371339921141E-06,0,0,0,0,0,38
3,5184,725.9,0.241351038217545,1.13172404780926E-06,0,0,0,0,0,38
3,5185,726.04,0.239799469709396,1.44279761116195E-06,0,0,0,0,0,38
3,5186,726.18,0.238286674022675,1.36502922032378E-06,0,0,0,0,0,38
3,5187,726.32,0.236851468682289,1.59619318651494E-07,0,0,0,0,0,38
3,5188,726.46,0.235842943191528,3.54254370904528E-06,0,0,0,0,0,38
3,5189,726.6,0.234097421169281,2.95928089144581E-06,0,0,0,0,0,38
3,5190,726.74,0.232972532510757,2.60932324636087E-06,0,0,0,0,0,38
3,5191,726.88,0.231285184621811,1.17060824322834E-06,0,0,0,0,0,38
3,5192,727.02,0.230005130171776,5.48461230209796E-07,0,0,0,0,0,38
3,5193,727.16,0.228628113865852,5.48461230209796E-07,0,0,0,0,0,38
3,5194,727.3,0.227503210306168,1.87052364708507E-06,0,0,0,0,0,38
3,5195,727.44,0.225738301873207,1.24837663406652E-06,0,0,0,0,0,38
3,5196,727.58,0.224477633833885,3.30923876390443E-06,0,0,0,0,0,38
3,5197,727.72,0.223236382007599,2.25936560127593E-06,0,0,0,0,0,38
3,5198,727.86,0.221762374043465,2.80374410976947E-06,0,0,0,0,0,38
3,5199,728,0.219958677887917,-7.36858183358891E-08,0,0,0,0,0,38
3,5200,728.14,0.218620434403419,3.15156086116986E-07,0,0,0,0,0,38
3,5201,728.28,0.217573121190071,2.68709163719905E-06,0,0,0,0,0,38
3,5202,728.42,0.215982750058174,1.09283985239017E-06,0,0,0,0,0,38
3,5203,728.56,0.2149548381567,2.41490238295228E-06,0,0,0,0,0,38
3,5204,728.7,0.213383868336678,3.89250135413022E-06,0,0,0,0,0,38
3,5205,728.84,0.211754709482193,2.76486002803722E-06,0,0,0,0,0,38
3,5206,728.98,0.210707396268845,1.87052364708507E-06,0,0,0,0,0,38
3,5207,729.12,0.209155812859535,1.17060824322834E-06,0,0,0,0,0,38
3,5208,729.26,0.20746847987175,7.03997955042723E-07,0,0,0,0,0,38
3,5209,729.4,0.206149637699127,1.015071461552E-06,0,0,0,0,0,38
3,5210,729.54,0.205005347728729,3.97026997234207E-06,0,0,0,0,0,38
3,5211,729.68,0.203317999839783,-5.40296070994373E-07,0,0,0,0,0,38
3,5212,729.82,0.201863408088684,-3.06990955323272E-07,0,0,0,0,0,38
3,5213,729.96,0.200563952326775,2.37387695278812E-07,0,0,0,0,0,38
3,5214,730.1,0.199109345674515,3.54040253114363E-07,0,0,0,0,0,38
3,5215,730.24,0.197809904813766,1.20949243864743E-06,0,0,0,0,0,38
3,5216,730.38,0.196394085884094,1.20949243864743E-06,0,0,0,0,0,38
3,5217,730.52,0.194861903786659,-1.82347434929397E-06,0,0,0,0,0,38
3,5218,730.66,0.193581864237785,1.79275525624689E-06,0,0,0,0,0,38
3,5219,730.8,0.192185431718826,-6.56948657251633E-07,0,0,0,0,0,38
3,5220,730.94,0.19084720313549,8.5953473671907E-07,0,0,0,0,0,38
3,5221,731.08,0.18948957324028,1.44279761116195E-06,0,0,0,0,0,38
3,5222,731.22,0.188015580177307,1.9850351407058E-07,0,0,0,0,0,38
3,5223,731.36,0.186580359935761,2.06494451049366E-06,0,0,0,0,0,38
3,5224,731.5,0.184873625636101,-7.34717048089806E-07,0,0,0,0,0,38
3,5225,731.64,0.183477208018303,-1.59016917677945E-06,0,0,0,0,0,38
3,5226,731.78,0.182546257972717,5.87345425628882E-07,0,0,0,0,0,38
3,5227,731.92,0.181149840354919,1.75387106082781E-06,0,0,0,0,0,38
3,5228,732.06,0.179811611771584,1.32614502490469E-06,0,0,0,0,0,38
3,5229,732.2,0.178415194153786,1.98717611965549E-06,0,0,0,0,0,38
3,5230,732.34,0.176902398467064,-2.29222578695953E-07,0,0,0,0,0,38
3,5231,732.48,0.175215065479279,4.31808643952536E-07,0,0,0,0,0,38
3,5232,732.62,0.174303516745567,6.2622956420455E-07,0,0,0,0,0,38
3,5233,732.76,0.172674357891083,8.98418932138156E-07,0,0,0,0,0,38
3,5234,732.9,0.171180963516235,-5.01411875575286E-07,0,0,0,0,0,38
3,5235,733.04,0.169959098100662,1.44279761116195E-06,0,0,0,0,0,38
3,5236,733.18,0.168523892760277,1.24837663406652E-06,0,0,0,0,0,38
3,5237,733.32,0.166991695761681,-8.90253772922733E-07,0,0,0,0,0,38
3,5238,733.46,0.165614679455757,1.59619318651494E-07,0,0,0,0,0,38
3,5239,733.6,0.164567366242409,2.76271890697899E-07,0,0,0,0,0,38
3,5240,733.74,0.16266667842865,7.4288215046181E-07,0,0,0,0,0,38
3,5241,733.88,0.16121207177639,-1.12355894543725E-06,0,0,0,0,0,38
3,5242,734.02,0.15985444188118,-1.2790957271136E-06,0,0,0,0,0,38
3,5243,734.16,0.158555001020432,1.9850351407058E-07,0,0,0,0,0,38
3,5244,734.3,0.157197371125221,3.92924448533449E-07,0,0,0,0,0,38
3,5245,734.44,0.155703976750374,6.65113759623637E-07,0,0,0,0,0,38
3,5246,734.58,0.15457908809185,5.09577034790709E-07,0,0,0,0,0,38
3,5247,734.72,0.15296933054924,-1.04579055459908E-06,0,0,0,0,0,38
3,5248,734.86,0.151689276099205,1.17060824322834E-06,0,0,0,0,0,38
3,5249,735,0.150370433926582,1.05395565697108E-06,0,0,0,0,0,38
3,5250,735.14,0.148760676383972,-1.90338383276867E-07,0,0,0,0,0,38
3,5251,735.28,0.14750000834465,-2.01789521270257E-06,0,0,0,0,0,38
3,5252,735.42,0.146200567483902,1.55945008373237E-06,0,0,0,0,0,38
3,5253,735.56,0.144804149866104,-3.45875150742359E-07,0,0,0,0,0,38
3,5254,735.7,0.143252566456795,1.20735123232407E-07,0,0,0,0,0,38
3,5255,735.84,0.141700997948647,-1.39574831337086E-06,0,0,0,0,0,38
3,5256,735.98,0.140459731221199,-2.09566360354074E-06,0,0,0,0,0,38
3,5257,736.12,0.139237865805626,-3.06990955323272E-07,0,0,0,0,0,38
3,5258,736.26,0.137919023633003,-1.12570006649548E-07,0,0,0,0,0,38
3,5259,736.4,0.136154100298882,-7.34717048089806E-07,0,0,0,0,0,38
3,5260,736.54,0.134971022605896,-8.51369634347066E-07,0,0,0,0,0,38
3,5261,736.68,0.133477628231049,-1.78459015387489E-06,0,0,0,0,0,38
3,5262,736.82,0.132119998335838,-2.13454791264667E-06,0,0,0,0,0,38
3,5263,736.96,0.130529642105103,-2.52338963946386E-06,0,0,0,0,0,38
3,5264,737.1,0.128997460007668,-1.31797992253269E-06,0,0,0,0,0,38
3,5265,737.24,0.127930745482445,-1.00690635917999E-06,0,0,0,0,0,38
3,5266,737.38,0.126534327864647,-1.00690635917999E-06,0,0,0,0,0,38
3,5267,737.52,0.124846987426281,-2.25120038521709E-06,0,0,0,0,0,38
3,5268,737.66,0.123411774635315,-2.60115803030203E-06,0,0,0,0,0,38
3,5269,737.8,0.12248083204031,-1.70682176303671E-06,0,0,0,0,0,38
3,5270,737.94,0.120832279324532,-2.56227394856978E-06,0,0,0,0,0,38
3,5271,738.08,0.119649201631546,-1.47351659052219E-06,0,0,0,0,0,38
3,5272,738.22,0.118272177875042,-1.62905337219854E-06,0,0,0,0,0,38
3,5273,738.36,0.116468466818333,-5.79180266413459E-07,0,0,0,0,0,38
3,5274,738.5,0.115421153604984,-2.05677952180849E-06,0,0,0,0,0,38
3,5275,738.64,0.114179894328117,-7.73601243508892E-07,0,0,0,0,0,38
3,5276,738.78,0.11258952319622,-2.75669481197838E-06,0,0,0,0,0,38
3,5277,738.92,0.111309476196766,8.20650541299983E-07,0,0,0,0,0,38
3,5278,739.06,0.109428189694881,-1.70682176303671E-06,0,0,0,0,0,38
3,5279,739.2,0.108225710690022,-4.0398731471214E-06,0,0,0,0,0,38
3,5280,739.34,0.106868080794811,-1.78459015387489E-06,0,0,0,0,0,38
3,5281,739.48,0.1057044044137,-6.95832852670719E-07,0,0,0,0,0,38
3,5282,739.62,0.103803716599941,-4.27317809226224E-06,0,0,0,0,0,38
3,5283,739.76,0.102698221802711,-2.29008469432301E-06,0,0,0,0,0,38
3,5284,739.9,0.101398773491383,-2.48450555773161E-06,0,0,0,0,0,38
3,5285,740.04,0.0997502207756042,-3.53437872036011E-06,0,0,0,0,0,38
3,5286,740.18,0.0982762277126312,-2.64004233940796E-06,0,0,0,0,0,38
3,5287,740.32,0.0970543548464775,-3.88433636544505E-06,0,0,0,0,0,38
3,5288,740.46,0.0955803617835045,-5.12863061885582E-06,0,0,0,0,0,38
3,5289,740.6,0.0943584889173508,-2.64004233940796E-06,0,0,0,0,0,38
3,5290,740.74,0.092806912958622,-3.10665268443699E-06,0,0,0,0,0,38
3,5291,740.88,0.0912553369998932,-3.8454522837128E-06,0,0,0,0,0,38
3,5292,741.02,0.0902080237865448,-2.64004233940796E-06,0,0,0,0,0,38
3,5293,741.16,0.0885594710707664,-3.02888429359882E-06,0,0,0,0,0,38
3,5294,741.3,0.087066076695919,-5.71189320908161E-06,0,0,0,0,0,38
3,5295,741.44,0.0858442112803459,-3.41772602041601E-06,0,0,0,0,0,38
3,5296,741.58,0.0843702107667923,-2.71781073024613E-06,0,0,0,0,0,38
3,5297,741.72,0.0829350054264069,-4.1565258470655E-06,0,0,0,0,0,38
3,5298,741.86,0.0815773755311966,-4.27317809226224E-06,0,0,0,0,0,38
3,5299,742,0.0800257995724678,-4.38983079220634E-06,0,0,0,0,0,38
3,5300,742.14,0.078959085047245,-2.7955791210843E-06,0,0,0,0,0,38
3,5301,742.28,0.0774075090885162,-5.47858826394076E-06,0,0,0,0,0,38
3,5302,742.42,0.0760886669158936,-4.07875722885365E-06,0,0,0,0,0,38
3,5303,742.56,0.0745564848184586,-5.43970418220852E-06,0,0,0,0,0,38
3,5304,742.7,0.0733540132641792,-3.76768389287463E-06,0,0,0,0,0,38
3,5305,742.84,0.0715503096580505,-5.9063140724902E-06,0,0,0,0,0,38
3,5306,742.98,0.0704254135489464,-3.8454522837128E-06,0,0,0,0,0,38
3,5307,743.12,0.0690677836537361,-3.80656797460688E-06,0,0,0,0,0,38
3,5308,743.26,0.067787729203701,-4.66202027382678E-06,0,0,0,0,0,38
3,5309,743.4,0.066255547106266,-7.07283970768913E-06,0,0,0,0,0,38
3,5310,743.54,0.0649755001068115,-3.53437872036011E-06,0,0,0,0,0,38
3,5311,743.68,0.0636372640728951,-5.36193556399667E-06,0,0,0,0,0,38
3,5312,743.82,0.0620662905275822,-5.32305148226442E-06,0,0,0,0,0,38
3,5313,743.96,0.0609220005571842,-4.07875722885365E-06,0,0,0,0,0,38
3,5314,744.1,0.0595061890780926,-4.07875722885365E-06,0,0,0,0,0,38
3,5315,744.24,0.0576830841600895,-6.52846119919559E-06,0,0,0,0,0,38
3,5316,744.38,0.056771531701088,-4.46759941041819E-06,0,0,0,0,0,38
3,5317,744.52,0.0552587434649467,-4.0398731471214E-06,0,0,0,0,0,38
3,5318,744.66,0.0536101944744587,-6.06185085416655E-06,0,0,0,0,0,38
3,5319,744.8,0.052291352301836,-4.73978843729128E-06,0,0,0,0,0,38
3,5320,744.94,0.0507785677909851,-7.15060832590098E-06,0,0,0,0,0,38
3,5321,745.08,0.0496148839592934,-5.05086200064397E-06,0,0,0,0,0,38
3,5322,745.22,0.0477917790412903,-7.88940815255046E-06,0,0,0,0,0,38
3,5323,745.36,0.0464923344552517,-7.11172424416873E-06,0,0,0,0,0,38
3,5324,745.5,0.0449601523578167,-6.56734528092784E-06,0,0,0,0,0,38
3,5325,745.64,0.0436994954943657,-6.52846119919559E-06,0,0,0,0,0,38
3,5326,745.78,0.042380653321743,-7.73387091612676E-06,0,0,0,0,0,38
3,5327,745.92,0.0411587879061699,-5.63412504561711E-06,0,0,0,0,0,38
3,5328,746.06,0.0394520536065102,-7.30614510757732E-06,0,0,0,0,0,38
3,5329,746.2,0.0382883697748184,-5.24528286405257E-06,0,0,0,0,0,38
3,5330,746.34,0.037066500633955,-6.06185085416655E-06,0,0,0,0,0,38
3,5331,746.48,0.0353985577821732,-5.32305148226442E-06,0,0,0,0,0,38
3,5332,746.62,0.0340603217482567,-5.05086200064397E-06,0,0,0,0,0,38
3,5333,746.76,0.0322954021394253,-7.03395562595688E-06,0,0,0,0,0,38
3,5334,746.9,0.0313838496804237,-4.81755705550313E-06,0,0,0,0,0,38
3,5335,747.04,0.0297159049659967,-6.91730338076013E-06,0,0,0,0,0,38
3,5336,747.18,0.0284746419638395,-6.25627171757515E-06,0,0,0,0,0,38
3,5337,747.32,0.0267873033881187,-9.32812326936983E-06,0,0,0,0,0,38
3,5338,747.46,0.0257011987268925,-7.15060832590098E-06,0,0,0,0,0,38
3,5339,747.6,0.0243241731077433,-7.15060832590098E-06,0,0,0,0,0,38
3,5340,747.74,0.0227919910103083,-9.36700689635472E-06,0,0,0,0,0,38
3,5341,747.88,0.0215507298707962,-6.91730338076013E-06,0,0,0,0,0,38
3,5342,748.02,0.0198052041232586,-8.74485976964934E-06,0,0,0,0,0,38
3,5343,748.16,0.0184863638132811,-8.12271264294395E-06,0,0,0,0,0,38
3,5344,748.3,0.017516627907753,-7.26726102584507E-06,0,0,0,0,0,38
3,5345,748.44,0.015848683193326,-8.93928063305793E-06,0,0,0,0,0,38
3,5346,748.58,0.0144328689202666,-7.22837648936547E-06,0,0,0,0,0,38
3,5347,748.72,0.0130364494398236,-9.32812326936983E-06,0,0,0,0,0,38
3,5348,748.86,0.011446082033217,-9.21147056942573E-06,0,0,0,0,0,38
3,5349,749,0.0104569522663951,-7.81163907959126E-06,0,0,0,0,0,38
3,5350,749.14,0.00890537444502115,-8.86151246959344E-06,0,0,0,0,0,38
3,5351,749.28,0.00762532325461507,-7.18949240763322E-06,0,0,0,0,0,38
3,5352,749.42,0.00607374589890242,-1.0533532986301E-05,0,0,0,0,0,38
3,5353,749.56,0.00448337942361832,-9.52254413277842E-06,0,0,0,0,0,38
3,5354,749.7,0.0034166700206697,-8.20048171590315E-06,0,0,0,0,0,38
3,5355,749.84,0.00180690863635391,-9.32812326936983E-06,0,0,0,0,0,38
3,5356,749.98,0.000371699687093496,-1.00280385595397E-05,0,0,0,0,0,38
3,5357,750.12,-0.000695009657647461,-9.83361769613111E-06,0,0,0,0,0,38
3,5358,750.26,-0.00218840269371867,-8.82262884260854E-06,0,0,0,0,0,38
3,5359,750.4,-0.00360421696677804,-1.0533532986301E-05,0,0,0,0,0,38
3,5360,750.54,-0.00548550439998508,-1.06113011497655E-05,0,0,0,0,0,38
3,5361,750.68,-0.00647463509812951,-8.82262884260854E-06,0,0,0,0,0,38
3,5362,750.82,-0.00789044890552759,-1.12334482764709E-05,0,0,0,0,0,38
3,5363,750.96,-0.00955839455127716,-9.95026948658051E-06,0,0,0,0,0,38
3,5364,751.1,-0.0109936036169529,-1.29054678836837E-05,0,0,0,0,0,38
3,5365,751.24,-0.0124676022678614,-1.04557648228365E-05,0,0,0,0,0,38
3,5366,751.38,-0.0136118903756142,-9.36700689635472E-06,0,0,0,0,0,38
3,5367,751.52,-0.0152216516435146,-1.16222900032881E-05,0,0,0,0,0,38
3,5368,751.66,-0.0164823085069656,-1.15445218398236E-05,0,0,0,0,0,38
3,5369,751.8,-0.0177041757851839,-9.48365959629882E-06,0,0,0,0,0,38
3,5370,751.94,-0.0191393848508596,-1.22444371299935E-05,0,0,0,0,0,38
3,5371,752.08,-0.0205939877778292,-1.13889846033999E-05,0,0,0,0,0,38
3,5372,752.22,-0.0219710133969784,-1.19333635666408E-05,0,0,0,0,0,38
3,5373,752.36,-0.0231540910899639,-1.10390274130623E-05,0,0,0,0,0,38
3,5374,752.5,-0.0247056670486927,-1.16222900032881E-05,0,0,0,0,0,38
3,5375,752.64,-0.0262960344552994,-1.27110470202751E-05,0,0,0,0,0,38
3,5376,752.78,-0.0274403225630522,-1.15834054668085E-05,0,0,0,0,0,38
3,5377,752.92,-0.0291082691401243,-1.26721633932902E-05,0,0,0,0,0,38
3,5378,753.06,-0.0301749780774117,-1.20889008030645E-05,0,0,0,0,0,38
3,5379,753.2,-0.0319398976862431,-1.31776578200515E-05,0,0,0,0,0,38
3,5380,753.34,-0.0332199484109879,-1.37609204102773E-05,0,0,0,0,0,38
3,5381,753.48,-0.0344999991357327,-1.20111317301053E-05,0,0,0,0,0,38
3,5382,753.62,-0.035430945456028,-9.71696499618702E-06,0,0,0,0,0,38
3,5383,753.76,-0.0374092049896717,-1.27888160932343E-05,0,0,0,0,0,38
3,5384,753.9,-0.0388250201940537,-1.21277844300494E-05,0,0,0,0,0,38
3,5385,754.04,-0.0404153876006603,-1.43052993735182E-05,0,0,0,0,0,38
3,5386,754.18,-0.0415790714323521,-1.33720786834601E-05,0,0,0,0,0,38
3,5387,754.32,-0.0430530682206154,-1.31387732835719E-05,0,0,0,0,0,38
3,5388,754.46,-0.0440421998500824,-1.24777425298817E-05,0,0,0,0,0,38
3,5389,754.6,-0.045341644436121,-1.10001428765827E-05,0,0,0,0,0,38
3,5390,754.74,-0.0471259579062462,-1.21277844300494E-05,0,0,0,0,0,38
3,5391,754.88,-0.0486581400036812,-1.57051308633527E-05,0,0,0,0,0,38
3,5392,755.02,-0.0499575883150101,-1.37998049467569E-05,0,0,0,0,0,38
3,5393,755.16,-0.0512958243489265,-1.61328553076601E-05,0,0,0,0,0,38
3,5394,755.3,-0.0528280064463615,-1.32943105199956E-05,0,0,0,0,0,38
3,5395,755.44,-0.0541468448936939,-1.29443524201633E-05,0,0,0,0,0,38
3,5396,755.58,-0.0555432662367821,-1.41108785101096E-05,0,0,0,0,0,38
3,5397,755.72,-0.0573275797069073,-1.745491863403E-05,0,0,0,0,0,38
3,5398,755.86,-0.0585300512611866,-1.54718254634645E-05,0,0,0,0,0,38
3,5399,756,-0.0596161559224129,-1.44219520734623E-05,0,0,0,0,0,38
3,5400,756.14,-0.0612259171903133,-1.55495927174343E-05,0,0,0,0,0,38
3,5401,756.28,-0.0623896010220051,-1.39553412736859E-05,0,0,0,0,0,38
3,5402,756.42,-0.0641545206308365,-1.46552565638558E-05,0,0,0,0,0,38
3,5403,756.56,-0.0653569921851158,-1.37609204102773E-05,0,0,0,0,0,38
3,5404,756.7,-0.0665788576006889,-1.42275312100537E-05,0,0,0,0,0,38
3,5405,756.84,-0.0681110396981239,-1.44997202369268E-05,0,0,0,0,0,38
3,5406,756.98,-0.0697595924139023,-1.55495927174343E-05,0,0,0,0,0,38
3,5407,757.12,-0.0710008516907692,-1.6949423297774E-05,0,0,0,0,0,38
3,5408,757.26,-0.0723584815859795,-1.46552565638558E-05,0,0,0,0,0,38
3,5409,757.4,-0.0737549066543579,-1.44997202369268E-05,0,0,0,0,0,38
3,5410,757.54,-0.0752288997173309,-1.53940563905053E-05,0,0,0,0,0,38
3,5411,757.68,-0.0767029002308846,-1.62883934535785E-05,0,0,0,0,0,38
3,5412,757.82,-0.0778665840625763,-1.60162035172107E-05,0,0,0,0,0,38
3,5413,757.96,-0.0794181600213051,-1.50052146636881E-05,0,0,0,0,0,38
3,5414,758.1,-0.080659419298172,-1.51218673636322E-05,0,0,0,0,0,38
3,5415,758.24,-0.0819588676095009,-1.60939725901699E-05,0,0,0,0,0,38
3,5416,758.38,-0.0834328681230545,-1.54329409269849E-05,0,0,0,0,0,38
3,5417,758.52,-0.0848680734634399,-1.73382650245912E-05,0,0,0,0,0,38
3,5418,758.66,-0.0866717845201492,-1.73771495610708E-05,0,0,0,0,0,38
3,5419,758.8,-0.0878548622131348,-1.71049614436924E-05,0,0,0,0,0,38
3,5420,758.94,-0.0892318859696388,-1.75715704244794E-05,0,0,0,0,0,38
3,5421,759.08,-0.0905895158648491,-1.745491863403E-05,0,0,0,0,0,38
3,5422,759.22,-0.0918501764535904,-1.73382650245912E-05,0,0,0,0,0,38
3,5423,759.36,-0.0931884124875069,-1.79215294338064E-05,0,0,0,0,0,38
3,5424,759.5,-0.0947593823075294,-1.73771495610708E-05,0,0,0,0,0,38
3,5425,759.64,-0.0961364060640335,-1.80770657607354E-05,0,0,0,0,0,38
3,5426,759.78,-0.0977461710572243,-1.83492556971032E-05,0,0,0,0,0,38
3,5427,759.92,-0.0991425886750221,-1.6949423297774E-05,0,0,0,0,0,38
3,5428,760.06,-0.100131720304489,-1.77271085703978E-05,0,0,0,0,0,38
3,5429,760.2,-0.101741477847099,-2.021569525823E-05,0,0,0,0,0,38
3,5430,760.34,-0.103021532297134,-2.021569525823E-05,0,0,0,0,0,38
3,5431,760.48,-0.104592502117157,-1.88547492143698E-05,0,0,0,0,0,38
3,5432,760.62,-0.105756185948849,-1.77271085703978E-05,0,0,0,0,0,38
3,5433,760.76,-0.107404738664627,-1.99823916773312E-05,0,0,0,0,0,38
3,5434,760.9,-0.108742974698544,-1.90491700777784E-05,0,0,0,0,0,38
3,5435,761.04,-0.110352732241154,-2.03712334041484E-05,0,0,0,0,0,38
3,5436,761.18,-0.111458234488964,-1.87380974239204E-05,0,0,0,0,0,38
3,5437,761.32,-0.11289343982935,-2.20432521018665E-05,0,0,0,0,0,38
3,5438,761.46,-0.114328652620316,-2.0876726921415E-05,0,0,0,0,0,38
3,5439,761.6,-0.11570567637682,-1.8582559278002E-05,0,0,0,0,0,38
3,5440,761.74,-0.117024511098862,-1.95546654140344E-05,0,0,0,0,0,38
3,5441,761.88,-0.118634276092052,-1.71827286976622E-05,0,0,0,0,0,38
3,5442,762.02,-0.119972512125969,-1.96713172044838E-05,0,0,0,0,0,38
3,5443,762.16,-0.121465906500816,-2.03712334041484E-05,0,0,0,0,0,38
3,5444,762.3,-0.122707165777683,-1.99823916773312E-05,0,0,0,0,0,38
3,5445,762.44,-0.123987220227718,-1.99823916773312E-05,0,0,0,0,0,38
3,5446,762.58,-0.125616371631622,-2.03712334041484E-05,0,0,0,0,0,38
3,5447,762.72,-0.127070978283882,-2.14599895116407E-05,0,0,0,0,0,38
3,5448,762.86,-0.128622561693192,-2.24320938286837E-05,0,0,0,0,0,38
3,5449,763,-0.129786238074303,-2.18488312384579E-05,0,0,0,0,0,38
3,5450,763.14,-0.131337821483612,-2.29375891649397E-05,0,0,0,0,0,38
3,5451,763.28,-0.132579073309898,-2.0876726921415E-05,0,0,0,0,0,38
3,5452,763.42,-0.134053081274033,-2.11489168577828E-05,0,0,0,0,0,38
3,5453,763.56,-0.135274946689606,-2.14599895116407E-05,0,0,0,0,0,38
3,5454,763.7,-0.136613175272942,-1.99823916773312E-05,0,0,0,0,0,38
3,5455,763.84,-0.138009592890739,-2.04101161216386E-05,0,0,0,0,0,38
3,5456,763.98,-0.139580562710762,-2.08378423849354E-05,0,0,0,0,0,38
3,5457,764.12,-0.141015782952309,-2.29764737014193E-05,0,0,0,0,0,38
3,5458,764.26,-0.142315223813057,-2.28987046284601E-05,0,0,0,0,0,38
3,5459,764.4,-0.143672853708267,-2.39485780184623E-05,0,0,0,0,0,38
3,5460,764.54,-0.145030483603477,-2.21599057113053E-05,0,0,0,0,0,38
3,5461,764.68,-0.146582067012787,-2.21599057113053E-05,0,0,0,0,0,38
3,5462,764.82,-0.147862106561661,-2.17321794480085E-05,0,0,0,0,0,38
3,5463,764.96,-0.149627029895782,-2.49206823355053E-05,0,0,0,0,0,38
3,5464,765.1,-0.150810107588768,-2.29375891649397E-05,0,0,0,0,0,38
3,5465,765.24,-0.152090162038803,-2.1032263248344E-05,0,0,0,0,0,38
3,5466,765.38,-0.153738707304001,-2.53095240623225E-05,0,0,0,0,0,38
3,5467,765.52,-0.15503816306591,-2.54261776717613E-05,0,0,0,0,0,38
3,5468,765.66,-0.156589731574059,-2.49206823355053E-05,0,0,0,0,0,38
3,5469,765.8,-0.157598257064819,-2.51151031989139E-05,0,0,0,0,0,38
3,5470,765.94,-0.159188628196716,-2.50373359449441E-05,0,0,0,0,0,38
3,5471,766.08,-0.160488069057465,-2.32097791013075E-05,0,0,0,0,0,38
3,5472,766.22,-0.161942675709724,-2.70981981884688E-05,0,0,0,0,0,38
3,5473,766.36,-0.163610622286797,-2.51151031989139E-05,0,0,0,0,0,38
3,5474,766.5,-0.164948850870132,-2.50373359449441E-05,0,0,0,0,0,38
3,5475,766.64,-0.166073754429817,-2.42596524913097E-05,0,0,0,0,0,38
3,5476,766.78,-0.167528361082077,-2.41429988818709E-05,0,0,0,0,0,38
3,5477,766.92,-0.168885990977287,-2.39485780184623E-05,0,0,0,0,0,38
3,5478,767.06,-0.170437559485435,-2.51539877353935E-05,0,0,0,0,0,38
3,5479,767.2,-0.171523660421371,-2.35986208281247E-05,0,0,0,0,0,38
3,5480,767.34,-0.173191606998444,-2.67093564616516E-05,0,0,0,0,0,38
3,5481,767.48,-0.174413472414017,-2.45707251451677E-05,0,0,0,0,0,38
3,5482,767.62,-0.176081418991089,-2.62038611253956E-05,0,0,0,0,0,38
3,5483,767.76,-0.177439048886299,-2.60483247984666E-05,0,0,0,0,0,38
3,5484,767.9,-0.178777292370796,-2.50373359449441E-05,0,0,0,0,0,38
3,5485,768.04,-0.179785817861557,-2.50373359449441E-05,0,0,0,0,0,38
3,5486,768.18,-0.181434363126755,-2.96256694127806E-05,0,0,0,0,0,38
3,5487,768.32,-0.183296263217926,-2.86535650957376E-05,0,0,0,0,0,38
3,5488,768.46,-0.184072047472,-2.54650622082409E-05,0,0,0,0,0,38
3,5489,768.6,-0.185487866401672,-2.48429150815355E-05,0,0,0,0,0,38
3,5490,768.74,-0.187291577458382,-2.61260920524364E-05,0,0,0,0,0,38
3,5491,768.88,-0.18868799507618,-2.77592280326644E-05,0,0,0,0,0,38
3,5492,769.02,-0.190006837248802,-2.65538183157332E-05,0,0,0,0,0,38
3,5493,769.16,-0.191442042589188,-2.95090176223312E-05,0,0,0,0,0,38
3,5494,769.3,-0.192683294415474,-2.77203453151742E-05,0,0,0,0,0,38
3,5495,769.44,-0.194118514657021,-2.62816301983548E-05,0,0,0,0,0,38
3,5496,769.58,-0.195650696754456,-2.81480697594816E-05,0,0,0,0,0,38
3,5497,769.72,-0.196833774447441,-2.70204291155096E-05,0,0,0,0,0,38
3,5498,769.86,-0.198307767510414,-2.88868704956258E-05,0,0,0,0,0,38
3,5499,770,-0.199801161885262,-2.90424068225548E-05,0,0,0,0,0,38
3,5500,770.14,-0.201023027300835,-2.85757960227784E-05,0,0,0,0,0,38
3,5501,770.28,-0.202400058507919,-2.88091014226666E-05,0,0,0,0,0,38
3,5502,770.42,-0.203951627016068,-2.75648071692558E-05,0,0,0,0,0,38
3,5503,770.56,-0.205406233668327,-2.9586784876301E-05,0,0,0,0,0,38
3,5504,770.7,-0.206899628043175,-2.84202596958494E-05,0,0,0,0,0,38
3,5505,770.84,-0.208121493458748,-3.02867010759655E-05,0,0,0,0,0,38
3,5506,770.98,-0.209517911076546,-2.9431248549372E-05,0,0,0,0,0,38
3,5507,771.12,-0.210817366838455,-2.81091870419914E-05,0,0,0,0,0,38
3,5508,771.26,-0.212582275271416,-3.07144255202729E-05,0,0,0,0,0,38
3,5509,771.4,-0.213726565241814,-2.96645539492602E-05,0,0,0,0,0,38
3,5510,771.54,-0.215045407414436,-2.96645539492602E-05,0,0,0,0,0,38
3,5511,771.68,-0.216596990823746,-3.20364888466429E-05,0,0,0,0,0,38
3,5512,771.82,-0.217974007129669,-2.99756266031181E-05,0,0,0,0,0,38
3,5513,771.96,-0.219370424747467,-2.90035222860752E-05,0,0,0,0,0,38
3,5514,772.1,-0.220572903752327,-2.90424068225548E-05,0,0,0,0,0,38
3,5515,772.24,-0.222240850329399,-3.00533956760773E-05,0,0,0,0,0,38
3,5516,772.38,-0.223734244704247,-3.18031852657441E-05,0,0,0,0,0,38
3,5517,772.52,-0.224781557917595,-2.81869542959612E-05,0,0,0,0,0,38
3,5518,772.66,-0.226119786500931,-2.91590586130042E-05,0,0,0,0,0,38
3,5519,772.8,-0.227690756320953,-2.93534812954022E-05,0,0,0,0,0,38
3,5520,772.94,-0.228893235325813,-3.15309953293763E-05,0,0,0,0,0,38
3,5521,773.08,-0.230561181902885,-3.11421536025591E-05,0,0,0,0,0,38
3,5522,773.22,-0.231918811798096,-3.00922802125569E-05,0,0,0,0,0,38
3,5523,773.36,-0.233761310577393,-3.24642169289291E-05,0,0,0,0,0,38
3,5524,773.5,-0.234789222478867,-3.21142579196021E-05,0,0,0,0,0,38
3,5525,773.64,-0.236069276928902,-3.14143435389269E-05,0,0,0,0,0,38
3,5526,773.78,-0.237620860338211,-3.10255018121097E-05,0,0,0,0,0,38
3,5527,773.92,-0.23882332444191,-3.13365744659677E-05,0,0,0,0,0,38
3,5528,774.06,-0.240122780203819,-3.02867010759655E-05,0,0,0,0,0,38
3,5529,774.2,-0.241654962301254,-3.33974348905031E-05,0,0,0,0,0,38
3,5530,774.34,-0.243167743086815,-3.18420679832343E-05,0,0,0,0,0,38
3,5531,774.48,-0.244525372982025,-3.28141723002773E-05,0,0,0,0,0,38
3,5532,774.62,-0.245708450675011,-3.20753752021119E-05,0,0,0,0,0,38
3,5533,774.76,-0.24726003408432,-3.27752895827871E-05,0,0,0,0,0,38
3,5534,774.9,-0.24861766397953,-3.04811219393741E-05,0,0,0,0,0,38
3,5535,775.04,-0.250266224145889,-3.22309097100515E-05,0,0,0,0,0,38
3,5536,775.18,-0.251778990030289,-3.44473082805052E-05,0,0,0,0,0,38
3,5537,775.32,-0.252962082624435,-3.41362356266472E-05,0,0,0,0,0,38
3,5538,775.46,-0.254339098930359,-3.37473938998301E-05,0,0,0,0,0,38
3,5539,775.6,-0.255813091993332,-3.43306564900558E-05,0,0,0,0,0,38
3,5540,775.74,-0.257015585899353,-3.32807831000537E-05,0,0,0,0,0,38
3,5541,775.88,-0.258276224136353,-3.24642169289291E-05,0,0,0,0,0,38
3,5542,776.02,-0.260002344846725,-3.26975205098279E-05,0,0,0,0,0,38
3,5543,776.16,-0.261379390954971,-3.10643845295999E-05,0,0,0,0,0,38
3,5544,776.3,-0.262814581394196,-3.36696248268709E-05,0,0,0,0,0,38
3,5545,776.44,-0.264017075300217,-3.45250773534644E-05,0,0,0,0,0,38
3,5546,776.58,-0.265510469675064,-3.4369539207546E-05,0,0,0,0,0,38
3,5547,776.72,-0.266868084669113,-3.37473938998301E-05,0,0,0,0,0,38
3,5548,776.86,-0.268477857112885,-3.66248241334688E-05,0,0,0,0,0,38
3,5549,777,-0.269699722528458,-3.48750363627914E-05,0,0,0,0,0,38
3,5550,777.14,-0.271231889724731,-3.59249097527936E-05,0,0,0,0,0,38
3,5551,777.28,-0.272240430116653,-3.4719498216873E-05,0,0,0,0,0,38
3,5552,777.42,-0.273811399936676,-3.6041561543243E-05,0,0,0,0,0,38
3,5553,777.56,-0.275440543889999,-3.68192449968774E-05,0,0,0,0,0,38
3,5554,777.7,-0.276759386062622,-3.61193306162022E-05,0,0,0,0,0,38
3,5555,777.84,-0.278214007616043,-3.6663706850959E-05,0,0,0,0,0,38
3,5556,777.98,-0.279474645853043,-3.7013665860286E-05,0,0,0,0,0,38
3,5557,778.12,-0.28096804022789,-3.80635392502882E-05,0,0,0,0,0,38
3,5558,778.26,-0.282383859157562,-3.75580457330216E-05,0,0,0,0,0,38
3,5559,778.4,-0.283683300018311,-3.70914349332452E-05,0,0,0,0,0,38
3,5560,778.54,-0.284982740879059,-3.53416471625678E-05,0,0,0,0,0,38
3,5561,778.68,-0.286611914634705,-3.64304032700602E-05,0,0,0,0,0,38
3,5562,778.82,-0.288008332252502,-3.86468018405139E-05,0,0,0,0,0,38
3,5563,778.96,-0.289462924003601,-3.72469694411848E-05,0,0,0,0,0,38
3,5564,779.1,-0.290801167488098,-3.8335729186656E-05,0,0,0,0,0,38
3,5565,779.24,-0.292391538619995,-3.75969284505118E-05,0,0,0,0,0,38
3,5566,779.38,-0.293400049209595,-3.45250773534644E-05,0,0,0,0,0,38
3,5567,779.52,-0.295009821653366,-3.68581277143676E-05,0,0,0,0,0,38
3,5568,779.66,-0.296309262514114,-3.77524665964302E-05,0,0,0,0,0,38
3,5569,779.8,-0.297763884067535,-3.62748651241418E-05,0,0,0,0,0,38
3,5570,779.94,-0.299140900373459,-3.68192449968774E-05,0,0,0,0,0,38
3,5571,780.08,-0.300556719303131,-3.75191593775526E-05,0,0,0,0,0,38
3,5572,780.22,-0.301972538232803,-3.7985770177329E-05,0,0,0,0,0,38
3,5573,780.36,-0.303175002336502,-3.62748651241418E-05,0,0,0,0,0,38
3,5574,780.5,-0.304610192775726,-3.66248241334688E-05,0,0,0,0,0,38
3,5575,780.64,-0.305948436260223,-3.64692859875504E-05,0,0,0,0,0,38
3,5576,780.78,-0.307209104299545,-3.6663706850959E-05,0,0,0,0,0,38
3,5577,780.92,-0.309148579835892,-3.81413083232474E-05,0,0,0,0,0,38
3,5578,781.06,-0.31060317158699,-3.86856845580041E-05,0,0,0,0,0,38
3,5579,781.2,-0.311766862869263,-3.90356435673311E-05,0,0,0,0,0,38
3,5580,781.34,-0.313279628753662,-3.98133270209655E-05,0,0,0,0,0,38
3,5581,781.48,-0.314579099416733,-3.97744443034753E-05,0,0,0,0,0,38
3,5582,781.62,-0.315878540277481,-3.7985770177329E-05,0,0,0,0,0,38
3,5583,781.76,-0.31748828291893,-3.99299788114149E-05,0,0,0,0,0,38
3,5584,781.9,-0.318826526403427,-4.14075802837033E-05,0,0,0,0,0,38
3,5585,782.04,-0.32014536857605,-4.04354759666603E-05,0,0,0,0,0,38
3,5586,782.18,-0.321774542331696,-4.01243996748235E-05,0,0,0,0,0,38
3,5587,782.32,-0.322744250297546,-3.93467162211891E-05,0,0,0,0,0,38
3,5588,782.46,-0.324509173631668,-4.04743586841505E-05,0,0,0,0,0,38
3,5589,782.6,-0.325575888156891,-3.84912636945955E-05,0,0,0,0,0,38
3,5590,782.74,-0.327088683843613,-3.87634536309633E-05,0,0,0,0,0,38
3,5591,782.88,-0.32858207821846,-3.91522953577805E-05,0,0,0,0,0,38
3,5592,783.02,-0.329706966876984,-3.89578744943719E-05,0,0,0,0,0,38
3,5593,783.16,-0.331374913454056,-4.05521277571097E-05,0,0,0,0,0,38
3,5594,783.3,-0.332926481962204,-4.08632004109677E-05,0,0,0,0,0,38
3,5595,783.44,-0.334167748689651,-4.14075802837033E-05,0,0,0,0,0,38
3,5596,783.58,-0.335641741752625,-4.17964220105205E-05,0,0,0,0,0,38
3,5597,783.72,-0.336979985237122,-4.21463773818687E-05,0,0,0,0,0,38
3,5598,783.86,-0.338395804166794,-4.19908428739291E-05,0,0,0,0,0,38
3,5599,784,-0.339966773986816,-4.16797702200711E-05,0,0,0,0,0,38
3,5600,784.14,-0.341130465269089,-4.12131594202947E-05,0,0,0,0,0,38
3,5601,784.28,-0.342507481575012,-3.98522133764345E-05,0,0,0,0,0,38
3,5602,784.42,-0.344097852706909,-4.14075802837033E-05,0,0,0,0,0,38
3,5603,784.56,-0.345397293567657,-4.07465486205183E-05,0,0,0,0,0,38
3,5604,784.7,-0.346677333116531,-4.12520421377849E-05,0,0,0,0,0,38
3,5605,784.84,-0.348151355981827,-4.31573680543806E-05,0,0,0,0,0,38
3,5606,784.98,-0.349683523178101,-4.21852637373377E-05,0,0,0,0,0,38
3,5607,785.12,-0.351021766662598,-4.21852637373377E-05,0,0,0,0,0,38
3,5608,785.26,-0.352282404899597,-4.28074090450536E-05,0,0,0,0,0,38
3,5609,785.4,-0.353465497493744,-4.12131594202947E-05,0,0,0,0,0,38
3,5610,785.54,-0.355114042758942,-4.30407162639312E-05,0,0,0,0,0,38
3,5611,785.68,-0.356549263000488,-4.37795133620966E-05,0,0,0,0,0,38
3,5612,785.82,-0.357906877994537,-4.3935051508015E-05,0,0,0,0,0,38
3,5613,785.96,-0.35957482457161,-4.45183140982408E-05,0,0,0,0,0,38
3,5614,786.1,-0.360777288675308,-4.25352191086859E-05,0,0,0,0,0,38
3,5615,786.24,-0.362096130847931,-4.30018299084622E-05,0,0,0,0,0,38
3,5616,786.38,-0.363647729158401,-4.37406306446064E-05,0,0,0,0,0,38
3,5617,786.52,-0.3648501932621,-4.23796846007463E-05,0,0,0,0,0,38
3,5618,786.66,-0.366246610879898,-4.38572824350558E-05,0,0,0,0,0,38
3,5619,786.8,-0.367584854364395,-4.38961687905248E-05,0,0,0,0,0,38
3,5620,786.94,-0.369291573762894,-4.40905896539334E-05,0,0,0,0,0,38
3,5621,787.08,-0.370629817247391,-4.53737666248344E-05,0,0,0,0,0,38
3,5622,787.22,-0.372026234865189,-4.60736810055096E-05,0,0,0,0,0,38
3,5623,787.36,-0.373189926147461,-4.37795133620966E-05,0,0,0,0,0,38
3,5624,787.5,-0.374838471412659,-4.37795133620966E-05,0,0,0,0,0,38
3,5625,787.64,-0.376409441232681,-4.54126493423246E-05,0,0,0,0,0,38
3,5626,787.78,-0.37735977768898,-4.42072414443828E-05,0,0,0,0,0,38
3,5627,787.92,-0.378872573375702,-4.57626083516516E-05,0,0,0,0,0,38
3,5628,788.06,-0.380113840103149,-4.52959975518752E-05,0,0,0,0,0,38
3,5629,788.2,-0.381839960813522,-4.69291335321032E-05,0,0,0,0,0,38
3,5630,788.34,-0.383216977119446,-4.66569435957354E-05,0,0,0,0,0,38
3,5631,788.48,-0.384632796049118,-4.59959119325504E-05,0,0,0,0,0,38
3,5632,788.62,-0.386106789112091,-4.591814649757E-05,0,0,0,0,0,38
3,5633,788.76,-0.387406259775162,-4.6579178160755E-05,0,0,0,0,0,38
3,5634,788.9,-0.388880252838135,-4.69291335321032E-05,0,0,0,0,0,38
3,5635,789.04,-0.390451222658157,-4.80178896395955E-05,0,0,0,0,0,38
3,5636,789.18,-0.391653686761856,-4.79012378491461E-05,0,0,0,0,0,38
3,5637,789.32,-0.393127679824829,-4.96121429023333E-05,0,0,0,0,0,38
3,5638,789.46,-0.394368946552277,-4.74346270493697E-05,0,0,0,0,0,38
3,5639,789.6,-0.395707190036774,-4.81734277855139E-05,0,0,0,0,0,38
3,5640,789.74,-0.396832078695297,-4.6190332795959E-05,0,0,0,0,0,38
3,5641,789.88,-0.398752152919769,-4.81734277855139E-05,0,0,0,0,0,38
3,5642,790.02,-0.399935245513916,-4.81734277855139E-05,0,0,0,0,0,38
3,5643,790.16,-0.401680767536163,-4.98843328387011E-05,0,0,0,0,0,38
3,5644,790.3,-0.402689278125763,-4.78623551316559E-05,0,0,0,0,0,38
3,5645,790.44,-0.40402752161026,-4.78623551316559E-05,0,0,0,0,0,38
3,5646,790.58,-0.405734241008759,-4.89511112391483E-05,0,0,0,0,0,38
3,5647,790.72,-0.40683975815773,-4.82511968584731E-05,0,0,0,0,0,38
3,5648,790.86,-0.40810039639473,-4.91455321025569E-05,0,0,0,0,0,38
3,5649,791,-0.40974897146225,-4.85233867948409E-05,0,0,0,0,0,38
3,5650,791.14,-0.411281138658524,-5.10119753016625E-05,0,0,0,0,0,38
3,5651,791.28,-0.412522405385971,-4.98843328387011E-05,0,0,0,0,0,38
3,5652,791.42,-0.414170950651169,-5.16341206093784E-05,0,0,0,0,0,38
3,5653,791.56,-0.415509194135666,-4.98843328387011E-05,0,0,0,0,0,38
3,5654,791.7,-0.416750460863113,-5.14008170284797E-05,0,0,0,0,0,38
3,5655,791.84,-0.418069303035736,-4.96510256198235E-05,0,0,0,0,0,38
3,5656,791.98,-0.419582068920136,-5.12841616000514E-05,0,0,0,0,0,38
3,5657,792.12,-0.420959115028381,-4.98843328387011E-05,0,0,0,0,0,38
3,5658,792.26,-0.422491282224655,-5.23729213455226E-05,0,0,0,0,0,38
3,5659,792.4,-0.423635572195053,-4.98065637657419E-05,0,0,0,0,0,38
3,5660,792.54,-0.425109565258026,-5.09730889461935E-05,0,0,0,0,0,38
3,5661,792.68,-0.426409006118774,-5.12841616000514E-05,0,0,0,0,0,38
3,5662,792.82,-0.428173929452896,-5.16730069648474E-05,0,0,0,0,0,38
3,5663,792.96,-0.429104894399643,-4.97676810482517E-05,0,0,0,0,0,38
3,5664,793.1,-0.430908590555191,-5.2489573135972E-05,0,0,0,0,0,38
3,5665,793.24,-0.432169258594513,-5.2139614126645E-05,0,0,0,0,0,38
3,5666,793.38,-0.433643251657486,-5.3811636462342E-05,0,0,0,0,0,38
3,5667,793.52,-0.435000866651535,-5.22562695550732E-05,0,0,0,0,0,38
3,5668,793.66,-0.436125785112381,-5.12452788825613E-05,0,0,0,0,0,38
3,5669,793.8,-0.437851905822754,-5.26451112818904E-05,0,0,0,0,0,38
3,5670,793.94,-0.439131945371628,-5.31894875166472E-05,0,0,0,0,0,38
3,5671,794.08,-0.440334439277649,-5.29561839357484E-05,0,0,0,0,0,38
3,5672,794.22,-0.441982984542847,-5.56780760234687E-05,0,0,0,0,0,38
3,5673,794.36,-0.44351515173912,-5.56003069505095E-05,0,0,0,0,0,38
3,5674,794.5,-0.444698244333267,-5.47059717064258E-05,0,0,0,0,0,38
3,5675,794.64,-0.44626921415329,-5.544477244257E-05,0,0,0,0,0,38
3,5676,794.78,-0.447413504123688,-5.3111718443688E-05,0,0,0,0,0,38
3,5677,794.92,-0.44857719540596,-5.35394465259742E-05,0,0,0,0,0,38
3,5678,795.06,-0.450497269630432,-5.52503515791614E-05,0,0,0,0,0,38
3,5679,795.2,-0.451913058757782,-5.60280350327957E-05,0,0,0,0,0,38
3,5680,795.34,-0.453076750040054,-5.70001393498387E-05,0,0,0,0,0,38
3,5681,795.48,-0.454628318548203,-5.56391933059786E-05,0,0,0,0,0,38
3,5682,795.62,-0.4559665620327,-5.66112976230215E-05,0,0,0,0,0,38
3,5683,795.76,-0.457459956407547,-5.77389400859829E-05,0,0,0,0,0,38
3,5684,795.9,-0.458740025758743,-5.57169623789378E-05,0,0,0,0,0,38
3,5685,796.04,-0.460214018821716,-5.80111263843719E-05,0,0,0,0,0,38
3,5686,796.18,-0.461300104856491,-5.56780760234687E-05,0,0,0,0,0,38
3,5687,796.32,-0.463103830814362,-5.84388544666581E-05,0,0,0,0,0,38
3,5688,796.46,-0.464383870363235,-5.98386832280084E-05,0,0,0,0,0,38
3,5689,796.6,-0.465644538402557,-5.87499271205161E-05,0,0,0,0,0,38
3,5690,796.74,-0.46746763586998,-5.91776552028023E-05,0,0,0,0,0,38
3,5691,796.88,-0.468825250864029,-5.88276961934753E-05,0,0,0,0,0,38
3,5692,797.02,-0.469969540834427,-6.09663256909698E-05,0,0,0,0,0,38
3,5693,797.16,-0.471443563699722,-6.14718228462152E-05,0,0,0,0,0,38
3,5694,797.3,-0.472743004560471,-5.94887278566603E-05,0,0,0,0,0,38
3,5695,797.44,-0.47410061955452,-6.02664113102946E-05,0,0,0,0,0,38
3,5696,797.58,-0.475787967443466,-6.0733022110071E-05,0,0,0,0,0,38
3,5697,797.72,-0.47691285610199,-5.96831487200689E-05,0,0,0,0,0,38
3,5698,797.86,-0.478445053100586,-6.0694135754602E-05,0,0,0,0,0,38
3,5699,798,-0.47962811589241,-6.0694135754602E-05,0,0,0,0,0,38
3,5700,798.14,-0.481121510267258,-6.17828918620944E-05,0,0,0,0,0,38
3,5701,798.28,-0.482401579618454,-6.2677230744157E-05,0,0,0,0,0,38
3,5702,798.42,-0.483991920948029,-6.36104523437098E-05,0,0,0,0,0,38
3,5703,798.56,-0.48519441485405,-6.25605753157288E-05,0,0,0,0,0,38
3,5704,798.7,-0.486765384674072,-6.11607465543784E-05,0,0,0,0,0,38
3,5705,798.84,-0.488084226846695,-6.39604113530368E-05,0,0,0,0,0,38
3,5706,798.98,-0.489461243152618,-6.3027189753484E-05,0,0,0,0,0,38
3,5707,799.12,-0.491032212972641,-6.47380948066711E-05,0,0,0,0,0,38
3,5708,799.26,-0.49223467707634,-6.46214393782429E-05,0,0,0,0,0,38
3,5709,799.4,-0.493592321872711,-6.46214393782429E-05,0,0,0,0,0,38
3,5710,799.54,-0.495182693004608,-6.55157782603055E-05,0,0,0,0,0,38
3,5711,799.68,-0.496482133865356,-6.62156890030019E-05,0,0,0,0,0,38
3,5712,799.82,-0.498033702373505,-6.51269365334883E-05,0,0,0,0,0,38
3,5713,799.96,-0.499294370412827,-6.64489998598583E-05,0,0,0,0,0,38
3,5714,800.1,-0.500399887561798,-6.42714803689159E-05,0,0,0,0,0,38
3,5715,800.24,-0.50199019908905,-6.56713164062239E-05,0,0,0,0,0,38
3,5716,800.38,-0.503522396087646,-6.73044487484731E-05,0,0,0,0,0,38
3,5717,800.52,-0.504647314548492,-6.60990408505313E-05,0,0,0,0,0,38
3,5718,800.66,-0.506160080432892,-6.74988696118817E-05,0,0,0,0,0,38
3,5719,800.8,-0.50780862569809,-6.91708919475786E-05,0,0,0,0,0,38
3,5720,800.94,-0.509185671806335,-7.1192866016645E-05,0,0,0,0,0,38
3,5721,801.08,-0.510620892047882,-7.51590559957549E-05,0,0,0,0,0,38
3,5722,801.22,-0.511881530284882,-7.42258343962021E-05,0,0,0,0,0,38
3,5723,801.36,-0.513394296169281,-7.67533056205139E-05,0,0,0,0,0,38
3,5724,801.5,-0.514848947525024,-7.60533948778175E-05,0,0,0,0,0,38
3,5725,801.64,-0.516148388385773,-7.49257524148561E-05,0,0,0,0,0,38
3,5726,801.78,-0.517350852489471,-7.60533948778175E-05,0,0,0,0,0,38
3,5727,801.92,-0.518941223621368,-7.57034358684905E-05,0,0,0,0,0,38
3,5728,802.06,-0.520201861858368,-7.90474732639268E-05,0,0,0,0,0,38
3,5729,802.2,-0.521617650985718,-7.89308251114562E-05,0,0,0,0,0,38
3,5730,802.34,-0.523188650608063,-7.83864452387206E-05,0,0,0,0,0,38
3,5731,802.48,-0.524720847606659,-7.90474732639268E-05,0,0,0,0,0,38
3,5732,802.62,-0.525826334953308,-8.02139984443784E-05,0,0,0,0,0,38
3,5733,802.76,-0.527474880218506,-8.12638754723594E-05,0,0,0,0,0,38
3,5734,802.9,-0.528580367565155,-8.02139984443784E-05,0,0,0,0,0,38
3,5735,803.04,-0.5301513671875,-7.99418121459894E-05,0,0,0,0,0,38
3,5736,803.18,-0.5314701795578,-8.22359797894023E-05,0,0,0,0,0,38
3,5737,803.32,-0.532769620418549,-8.32080841064453E-05,0,0,0,0,0,38
3,5738,803.46,-0.534127295017242,-8.24304006528109E-05,0,0,0,0,0,38
3,5739,803.6,-0.535834014415741,-8.53855963214301E-05,0,0,0,0,0,38
3,5740,803.74,-0.537075281143188,-8.6085514340084E-05,0,0,0,0,0,38
3,5741,803.88,-0.538568675518036,-8.7057618657127E-05,0,0,0,0,0,38
3,5742,804.02,-0.540081441402435,-8.68243150762282E-05,0,0,0,0,0,38
3,5743,804.16,-0.541206359863281,-8.8301909272559E-05,0,0,0,0,0,38
3,5744,804.3,-0.542893707752228,-8.91184827196412E-05,0,0,0,0,0,38
3,5745,804.44,-0.543960392475128,-8.88074064278044E-05,0,0,0,0,0,38
3,5746,804.58,-0.545453786849976,-8.91184827196412E-05,0,0,0,0,0,38
3,5747,804.72,-0.546636879444122,-8.91573654371314E-05,0,0,0,0,0,38
3,5748,804.86,-0.548401772975922,-9.18792575248517E-05,0,0,0,0,0,38
3,5749,805,-0.549643039703369,-9.17237193789333E-05,0,0,0,0,0,38
3,5750,805.14,-0.551058888435364,-9.30846654227935E-05,0,0,0,0,0,38
3,5751,805.28,-0.552610456943512,-9.32013208512217E-05,0,0,0,0,0,38
3,5752,805.42,-0.553851723670959,-9.5223294920288E-05,0,0,0,0,0,38
3,5753,805.56,-0.555345118045807,-9.48344531934708E-05,0,0,0,0,0,38
3,5754,805.7,-0.556741535663605,-9.67008963925764E-05,0,0,0,0,0,38
3,5755,805.84,-0.558273673057556,-9.76341179921292E-05,0,0,0,0,0,38
3,5756,805.98,-0.559398591518402,-9.68175518210046E-05,0,0,0,0,0,38
3,5757,806.12,-0.561144113540649,-9.96560920611955E-05,0,0,0,0,0,38
3,5758,806.26,-0.562443554401398,-9.92672503343783E-05,0,0,0,0,0,38
3,5759,806.4,-0.563704192638397,-0.000100589313660748,0,0,0,0,0,38
3,5760,806.54,-0.565294563770294,-0.000104516620922368,0,0,0,0,0,38
3,5761,806.68,-0.566400051116943,-0.000101483652542811,0,0,0,0,0,38
3,5762,806.82,-0.56808739900589,-0.000105994215118699,0,0,0,0,0,38
3,5763,806.96,-0.569522619247437,-0.000104905462649185,0,0,0,0,0,38
3,5764,807.1,-0.570628106594086,-0.000106810788565781,0,0,0,0,0,38
3,5765,807.24,-0.572490036487579,-0.000110115943243727,0,0,0,0,0,38
3,5766,807.38,-0.573576152324677,-0.000108288382762112,0,0,0,0,0,38
3,5767,807.52,-0.575088918209076,-0.000109960405097809,0,0,0,0,0,38
3,5768,807.66,-0.576388359069824,-0.0001097659842344,0,0,0,0,0,38
3,5769,807.8,-0.577726602554321,-0.000110776971268933,0,0,0,0,0,38
3,5770,807.94,-0.579200565814972,-0.000114665388537105,0,0,0,0,0,38
3,5771,808.08,-0.580732762813568,-0.000114898699393962,0,0,0,0,0,38
3,5772,808.22,-0.581741273403168,-0.000114626505819615,0,0,0,0,0,38
3,5773,808.36,-0.583428621292114,-0.000116804025310557,0,0,0,0,0,38
3,5774,808.5,-0.58515477180481,-0.000119603682833258,0,0,0,0,0,38
3,5775,808.64,-0.586202085018158,-0.000120420249004383,0,0,0,0,0,38
3,5776,808.78,-0.587792456150055,-0.000120031407277565,0,0,0,0,0,38
3,5777,808.92,-0.588859140872955,-0.000123803183669224,0,0,0,0,0,38
3,5778,809.06,-0.590139210224152,-0.000123919831821695,0,0,0,0,0,38
3,5779,809.2,-0.591904103755951,-0.000126836137496866,0,0,0,0,0,38
3,5780,809.34,-0.593300521373749,-0.000128119325381704,0,0,0,0,0,38
3,5781,809.48,-0.594755172729492,-0.000129441381432116,0,0,0,0,0,38
3,5782,809.62,-0.595860660076141,-0.000130880100186914,0,0,0,0,0,38
3,5783,809.76,-0.597548007965088,-0.00013270766066853,0,0,0,0,0,38
3,5784,809.9,-0.598459541797638,-0.000132824308821,0,0,0,0,0,38
3,5785,810.04,-0.600243866443634,-0.000136440532514825,0,0,0,0,0,38
3,5786,810.18,-0.601407527923584,-0.0001380347966915,0,0,0,0,0,38
3,5787,810.32,-0.602823376655579,-0.000138345858431421,0,0,0,0,0,38
3,5788,810.46,-0.604336142539978,-0.000140523377922364,0,0,0,0,0,38
3,5789,810.6,-0.605829536914825,-0.000142117627547123,0,0,0,0,0,38
3,5790,810.74,-0.607478082180023,-0.000147017039125785,0,0,0,0,0,38
3,5791,810.88,-0.608603000640869,-0.000146939273690805,0,0,0,0,0,38
3,5792,811.02,-0.61007696390152,-0.000147444763570093,0,0,0,0,0,38
3,5793,811.16,-0.611298859119415,-0.000150011124787852,0,0,0,0,0,38
3,5794,811.3,-0.612598299980164,-0.000151255415403284,0,0,0,0,0,38
3,5795,811.44,-0.614111065864563,-0.000154560577357188,0,0,0,0,0,38
3,5796,811.58,-0.615526914596558,-0.000157088041305542,0,0,0,0,0,38
3,5797,811.72,-0.616962075233459,-0.000158798953634687,0,0,0,0,0,38
3,5798,811.86,-0.618416726589203,-0.000161637493874878,0,0,0,0,0,38
3,5799,812,-0.619599759578705,-0.000162065218319185,0,0,0,0,0,38
3,5800,812.14,-0.621248364448547,-0.000168831073096953,0,0,0,0,0,38
3,5801,812.28,-0.622528374195099,-0.00016820892051328,0,0,0,0,0,38
3,5802,812.42,-0.624215722084045,-0.000171786261489615,0,0,0,0,0,38
3,5803,812.56,-0.625321209430695,-0.00017361382197123,0,0,0,0,0,38
3,5804,812.7,-0.62704735994339,-0.000176996749360114,0,0,0,0,0,38
3,5805,812.84,-0.628075301647186,-0.000178746529854834,0,0,0,0,0,38
3,5806,812.98,-0.629704415798187,-0.000182673844392411,0,0,0,0,0,38
3,5807,813.12,-0.630965113639832,-0.000251343328272924,0,0,0,0,0,38
3,5808,813.26,-0.632303297519684,-0.000229568177019246,0,0,0,0,0,38
3,5809,813.4,-0.633719146251678,-0.000223657771130092,0,0,0,0,0,38
3,5810,813.54,-0.634785830974579,-0.000221246955334209,0,0,0,0,0,38
3,5811,813.68,-0.636376202106476,-0.000223696653847583,0,0,0,0,0,38
3,5812,813.82,-0.637927770614624,-0.000225252020754851,0,0,0,0,0,38
3,5813,813.96,-0.639518141746521,-0.000228868259000592,0,0,0,0,0,38
3,5814,814.1,-0.640798211097717,-0.000231084661209024,0,0,0,0,0,38
3,5815,814.24,-0.642291605472565,-0.000234273160458542,0,0,0,0,0,38
3,5816,814.38,-0.643319547176361,-0.000236450679949485,0,0,0,0,0,38
3,5817,814.52,-0.645045638084412,-0.000239950255490839,0,0,0,0,0,38
3,5818,814.66,-0.646228730678558,-0.000244266382651404,0,0,0,0,0,38
3,5819,814.8,-0.647760927677155,-0.000246482784859836,0,0,0,0,0,38
3,5820,814.94,-0.649273693561554,-0.000251148885581642,0,0,0,0,0,38
3,5821,815.08,-0.650534331798553,-0.000253831909503788,0,0,0,0,0,38
3,5822,815.22,-0.651853203773499,-0.000258264713920653,0,0,0,0,0,38
3,5823,815.36,-0.653462946414948,-0.000262036483036354,0,0,0,0,0,38
3,5824,815.5,-0.654859364032745,-0.00026662481832318,0,0,0,0,0,38
3,5825,815.64,-0.656216979026794,-0.000270785414613783,0,0,0,0,0,38
3,5826,815.78,-0.657400071620941,-0.000273546203970909,0,0,0,0,0,38
3,5827,815.92,-0.658796489238739,-0.00027731794398278,0,0,0,0,0,38
3,5828,816.06,-0.660483837127686,-0.000283889385173097,0,0,0,0,0,38
3,5829,816.2,-0.661880254745483,-0.000288477720459923,0,0,0,0,0,38
3,5830,816.34,-0.66316032409668,-0.000290849653538316,0,0,0,0,0,38
3,5831,816.48,-0.664498567581177,-0.000295593519695103,0,0,0,0,0,38
3,5832,816.62,-0.665817379951477,-0.000299054227070883,0,0,0,0,0,38
3,5833,816.76,-0.667330205440521,-0.000304847955703735,0,0,0,0,0,38
3,5834,816.9,-0.66878479719162,-0.000310719478875399,0,0,0,0,0,38
3,5835,817.04,-0.669987261295319,-0.000312663672957569,0,0,0,0,0,38
3,5836,817.18,-0.671519458293915,-0.000317135360091925,0,0,0,0,0,38
3,5837,817.32,-0.673032224178314,-0.000322734675137326,0,0,0,0,0,38
3,5838,817.46,-0.67440927028656,-0.000328606198308989,0,0,0,0,0,38
3,5839,817.6,-0.675805687904358,-0.000333000120008364,0,0,0,0,0,38
3,5840,817.74,-0.677299082279205,-0.000336499680997804,0,0,0,0,0,38
3,5841,817.88,-0.678385138511658,-0.000341321341693401,0,0,0,0,0,38
3,5842,818.02,-0.679975509643555,-0.000346765125868842,0,0,0,0,0,38
3,5843,818.16,-0.681313753128052,-0.000350498012267053,0,0,0,0,0,38
3,5844,818.3,-0.683001101016998,-0.000357186072506011,0,0,0,0,0,38
3,5845,818.44,-0.684106588363647,-0.000358508143108338,0,0,0,0,0,38
3,5846,818.58,-0.685464262962341,-0.000366012798622251,0,0,0,0,0,38
3,5847,818.72,-0.68707400560379,-0.000371767644537613,0,0,0,0,0,38
3,5848,818.86,-0.688412249088287,-0.000375733827240765,0,0,0,0,0,38
3,5849,819,-0.689905643463135,-0.000381099845981225,0,0,0,0,0,38
3,5850,819.14,-0.690952956676483,-0.000385960389394313,0,0,0,0,0,38
3,5851,819.28,-0.69254332780838,-0.000389732158510014,0,0,0,0,0,38
3,5852,819.42,-0.694094896316528,-0.000395020411815494,0,0,0,0,0,38
3,5853,819.56,-0.695607662200928,-0.00039964762981981,0,0,0,0,0,38
3,5854,819.7,-0.696810126304626,-0.000405946862883866,0,0,0,0,0,38
3,5855,819.84,-0.698284149169922,-0.000409640866564587,0,0,0,0,0,38
3,5856,819.98,-0.699370265007019,-0.000414151407312602,0,0,0,0,0,38
3,5857,820.12,-0.700883030891418,-0.000418817508034408,0,0,0,0,0,38
3,5858,820.26,-0.702395796775818,-0.000425194535637274,0,0,0,0,0,38
3,5859,820.4,-0.703695297241211,-0.000429277366492897,0,0,0,0,0,38
3,5860,820.54,-0.705033481121063,-0.000435459951404482,0,0,0,0,0,38
3,5861,820.68,-0.706662654876709,-0.000439503899542615,0,0,0,0,0,38
3,5862,820.82,-0.707826375961304,-0.000442264688899741,0,0,0,0,0,38
3,5863,820.96,-0.709552466869354,-0.000449730461696163,0,0,0,0,0,38
3,5864,821.1,-0.710696756839752,-0.000451907981187105,0,0,0,0,0,38
3,5865,821.24,-0.712306499481201,-0.000459490373032168,0,0,0,0,0,38
3,5866,821.38,-0.713431417942047,-0.000462212279671803,0,0,0,0,0,38
3,5867,821.52,-0.715157568454742,-0.000469872466055676,0,0,0,0,0,38
3,5868,821.66,-0.716592729091644,-0.000473760883323848,0,0,0,0,0,38
3,5869,821.8,-0.717911601066589,-0.000478621397633106,0,0,0,0,0,38
3,5870,821.94,-0.71923041343689,-0.000483326381072402,0,0,0,0,0,38
3,5871,822.08,-0.720529913902283,-0.000487409241031855,0,0,0,0,0,38
3,5872,822.22,-0.722139656543732,-0.000493436295073479,0,0,0,0,0,38
3,5873,822.36,-0.72303181886673,-0.000496235967148095,0,0,0,0,0,38
3,5874,822.5,-0.724932491779327,-0.000504479394294322,0,0,0,0,0,38
3,5875,822.64,-0.725960433483124,-0.000507629010826349,0,0,0,0,0,38
3,5876,822.78,-0.727453827857971,-0.000510078738443553,0,0,0,0,0,38
3,5877,822.92,-0.729238092899323,-0.000517972221132368,0,0,0,0,0,38
3,5878,823.06,-0.730459988117218,-0.000521277368534356,0,0,0,0,0,38
3,5879,823.2,-0.731778800487518,-0.000525243522133678,0,0,0,0,0,38
3,5880,823.34,-0.733117043972015,-0.000529909622855484,0,0,0,0,0,38
3,5881,823.48,-0.734668612480164,-0.000537142099346966,0,0,0,0,0,38
3,5882,823.62,-0.735871076583862,-0.000539825123269111,0,0,0,0,0,38
3,5883,823.76,-0.737073600292206,-0.000544724520295858,0,0,0,0,0,38
3,5884,823.9,-0.738625168800354,-0.00054849631851539,0,0,0,0,0,38
3,5885,824.04,-0.740021586418152,-0.000552812416572124,0,0,0,0,0,38
3,5886,824.18,-0.74141800403595,-0.000558878353331238,0,0,0,0,0,38
3,5887,824.32,-0.743047177791595,-0.000563038978725672,0,0,0,0,0,38
3,5888,824.46,-0.744385361671448,-0.000567277369555086,0,0,0,0,0,38
3,5889,824.6,-0.745840013027191,-0.000572060118429363,0,0,0,0,0,38
3,5890,824.74,-0.747120022773743,-0.000577737228013575,0,0,0,0,0,38
3,5891,824.88,-0.748477697372437,-0.000580381311010569,0,0,0,0,0,38
3,5892,825.02,-0.749757707118988,-0.000587341608479619,0,0,0,0,0,38
3,5893,825.16,-0.751367509365082,-0.000591813295613974,0,0,0,0,0,38
3,5894,825.3,-0.752686321735382,-0.000596246100030839,0,0,0,0,0,38
3,5895,825.44,-0.754218518733978,-0.000597995880525559,0,0,0,0,0,38
3,5896,825.58,-0.755440354347229,-0.00060363404918462,0,0,0,0,0,38
3,5897,825.72,-0.757030725479126,-0.000607989088166505,0,0,0,0,0,38
3,5898,825.86,-0.758213818073273,-0.000610749877523631,0,0,0,0,0,38
3,5899,826,-0.759842991828918,-0.000617943471297622,0,0,0,0,0,38
3,5900,826.14,-0.761064827442169,-0.000620315375272185,0,0,0,0,0,38
3,5901,826.28,-0.762519419193268,-0.000625098124146461,0,0,0,0,0,38
3,5902,826.42,-0.763877093791962,-0.000628481095191091,0,0,0,0,0,38
3,5903,826.56,-0.765292882919312,-0.000634508149232715,0,0,0,0,0,38
3,5904,826.7,-0.766805648803711,-0.000639913021586835,0,0,0,0,0,38
3,5905,826.84,-0.768182694911957,-0.000641857215669006,0,0,0,0,0,38
3,5906,826.98,-0.769773066043854,-0.000648856395855546,0,0,0,0,0,38
3,5907,827.12,-0.770994961261749,-0.000652628135867417,0,0,0,0,0,38
3,5908,827.26,-0.772352576255798,-0.000655388925224543,0,0,0,0,0,38
3,5909,827.4,-0.773613214492798,-0.000659977260511369,0,0,0,0,0,38
3,5910,827.54,-0.775300562381744,-0.000664760009385645,0,0,0,0,0,38
3,5911,827.68,-0.776541829109192,-0.000668920634780079,0,0,0,0,0,38
3,5912,827.82,-0.777860641479492,-0.000671836955007166,0,0,0,0,0,38
3,5913,827.96,-0.779218316078186,-0.000676230876706541,0,0,0,0,0,38
3,5914,828.1,-0.780614733695984,-0.000680391443893313,0,0,0,0,0,38
3,5915,828.24,-0.782088696956635,-0.000684979779180139,0,0,0,0,0,38
3,5916,828.38,-0.783698499202728,-0.000688207161147147,0,0,0,0,0,38
3,5917,828.52,-0.78513365983963,-0.000692834379151464,0,0,0,0,0,38
3,5918,828.66,-0.786180973052979,-0.000697694951668382,0,0,0,0,0,38
3,5919,828.8,-0.787577390670776,-0.000701155629940331,0,0,0,0,0,38
3,5920,828.94,-0.788993239402771,-0.000705277372617275,0,0,0,0,0,38
3,5921,829.08,-0.790544807910919,-0.000711148837581277,0,0,0,0,0,38
3,5922,829.22,-0.791902422904968,-0.000712976441718638,0,0,0,0,0,38
3,5923,829.36,-0.793260097503662,-0.000719236792065203,0,0,0,0,0,38
3,5924,829.5,-0.794714689254761,-0.000720364390872419,0,0,0,0,0,38
3,5925,829.64,-0.796052932739258,-0.000724758312571794,0,0,0,0,0,38
3,5926,829.78,-0.797701478004456,-0.000731835258193314,0,0,0,0,0,38
3,5927,829.92,-0.798962116241455,-0.000734984874725342,0,0,0,0,0,38
3,5928,830.06,-0.800242185592651,-0.000739067734684795,0,0,0,0,0,38
3,5929,830.2,-0.802065253257751,-0.000744783668778837,0,0,0,0,0,38
3,5930,830.34,-0.803170740604401,-0.000745016965083778,0,0,0,0,0,38
3,5931,830.48,-0.804683566093445,-0.000751471787225455,0,0,0,0,0,38
3,5932,830.62,-0.805653274059296,-0.0007524827378802,0,0,0,0,0,38
3,5933,830.76,-0.807204842567444,-0.000757265486754477,0,0,0,0,0,38
3,5934,830.9,-0.808717668056488,-0.00076302036177367,0,0,0,0,0,38
3,5935,831.04,-0.810211062431335,-0.000765120086725801,0,0,0,0,0,38
3,5936,831.18,-0.811685025691986,-0.000769708422012627,0,0,0,0,0,38
3,5937,831.32,-0.813003897666931,-0.000771224906202406,0,0,0,0,0,38
3,5938,831.46,-0.814419686794281,-0.000778729561716318,0,0,0,0,0,38
3,5939,831.6,-0.815719127655029,-0.000780440459493548,0,0,0,0,0,38
3,5940,831.74,-0.816902220249176,-0.000783006835263222,0,0,0,0,0,38
3,5941,831.88,-0.81866717338562,-0.000763836957048625,0,0,0,0,0,38
3,5942,832.02,-0.819889008998871,-0.000726469210349023,0,0,0,0,0,38
3,5943,832.16,-0.821479380130768,-0.000727830163668841,0,0,0,0,0,38
3,5944,832.3,-0.822720646858215,-0.000734362693037838,0,0,0,0,0,38
3,5945,832.44,-0.824078261852264,-0.00073646247619763,0,0,0,0,0,38
3,5946,832.58,-0.82570743560791,-0.000741595169529319,0,0,0,0,0,38
3,5947,832.72,-0.826890528202057,-0.000745833560358733,0,0,0,0,0,38
3,5948,832.86,-0.828015387058258,-0.000746844569221139,0,0,0,0,0,38
3,5949,833,-0.829431235790253,-0.000751316198147833,0,0,0,0,0,38
3,5950,833.14,-0.830905199050903,-0.000754426931962371,0,0,0,0,0,38
3,5951,833.28,-0.832515001296997,-0.000757071073167026,0,0,0,0,0,38
3,5952,833.42,-0.833988964557648,-0.00076130946399644,0,0,0,0,0,38
3,5953,833.56,-0.835462987422943,-0.000765392323955894,0,0,0,0,0,38
3,5954,833.7,-0.836820602416992,-0.000924234220292419,0,0,0,0,0,38
3,5955,833.84,-0.838352799415588,-0.000946514832321554,0,0,0,0,0,38
3,5956,833.98,-0.839322507381439,-0.000944026280194521,0,0,0,0,0,38
3,5957,834.12,-0.840738356113434,-0.000942820857744664,0,0,0,0,0,38
3,5958,834.26,-0.842406272888184,-0.000942587561439723,0,0,0,0,0,38
3,5959,834.4,-0.84358936548233,-0.000942354265134782,0,0,0,0,0,38
3,5960,834.54,-0.845237910747528,-0.000944726169109344,0,0,0,0,0,38
3,5961,834.68,-0.846595525741577,-0.000945737177971751,0,0,0,0,0,38
3,5962,834.82,-0.847972571849823,-0.000948809029068798,0,0,0,0,0,38
3,5963,834.96,-0.849388360977173,-0.000948342436458915,0,0,0,0,0,38
3,5964,835.1,-0.850765407085419,-0.00094931450439617,0,0,0,0,0,38
3,5965,835.24,-0.852161824703217,-0.000952191941905767,0,0,0,0,0,38
3,5966,835.38,-0.853577613830566,-0.000952580769080669,0,0,0,0,0,38
3,5967,835.52,-0.855090439319611,-0.000955341558437794,0,0,0,0,0,38
3,5968,835.66,-0.856176555156708,-0.000954602786805481,0,0,0,0,0,38
3,5969,835.8,-0.857786297798157,-0.000959618831984699,0,0,0,0,0,38
3,5970,835.94,-0.859066367149353,-0.000961018668022007,0,0,0,0,0,38
3,5971,836.08,-0.860617935657501,-0.000961290847044438,0,0,0,0,0,38
3,5972,836.22,-0.861936748027802,-0.000965840299613774,0,0,0,0,0,38
3,5973,836.36,-0.863333165645599,-0.000968056672718376,0,0,0,0,0,38
3,5974,836.5,-0.864787757396698,-0.000969300977885723,0,0,0,0,0,38
3,5975,836.64,-0.866164803504944,-0.000973267189692706,0,0,0,0,0,38
3,5976,836.78,-0.867561221122742,-0.000974589260295033,0,0,0,0,0,38
3,5977,836.92,-0.868783116340637,-0.000976727926172316,0,0,0,0,0,38
3,5978,837.06,-0.870334684848785,-0.000980499666184187,0,0,0,0,0,38
3,5979,837.2,-0.871711671352386,-0.00098104402422905,0,0,0,0,0,38
3,5980,837.34,-0.873146891593933,-0.000988159794360399,0,0,0,0,0,38
3,5981,837.48,-0.874407589435577,-0.00101079046726227,0,0,0,0,0,38
3,5982,837.62,-0.875823378562927,-0.00101728411391377,0,0,0,0,0,38
3,5983,837.76,-0.877413749694824,-0.00103190448135138,0,0,0,0,0,38
3,5984,837.9,-0.878674387931824,-0.00103365432005376,0,0,0,0,0,38
3,5985,838.04,-0.880167782306671,-0.0010350540978834,0,0,0,0,0,38
3,5986,838.18,-0.881661176681519,-0.0010403812630102,0,0,0,0,0,38
3,5987,838.32,-0.883038222789764,-0.00104147009551525,0,0,0,0,0,38
3,5988,838.46,-0.884454011917114,-0.00104430865030736,0,0,0,0,0,38
3,5989,838.6,-0.885637104511261,-0.00106892234180123,0,0,0,0,0,38
3,5990,838.74,-0.887072324752808,-0.00107183854561299,0,0,0,0,0,38
3,5991,838.88,-0.888720870018005,-0.00107417162507772,0,0,0,0,0,38
3,5992,839.02,-0.889845728874207,-0.00107588258106261,0,0,0,0,0,38
3,5993,839.16,-0.89155250787735,-0.00107736012432724,0,0,0,0,0,38
3,5994,839.3,-0.8927161693573,-0.00108031532727182,0,0,0,0,0,38
3,5995,839.44,-0.894364714622498,-0.00108447601087391,0,0,0,0,0,38
3,5996,839.58,-0.895509004592896,-0.00108381488826126,0,0,0,0,0,38
3,5997,839.72,-0.896905422210693,-0.00108680897392333,0,0,0,0,0,38
3,5998,839.86,-0.898321270942688,-0.00108953088056296,0,0,0,0,0,38
3,5999,840,-0.899310350418091,-0.00108890875708312,0,0,0,0,0,38
