Segment,Point,Elapsed Time (s),Potential (mV),Current (uA),,,,,,,,
1,0,0.14,-899.2328048,4.786837962,,,,,,,,
1,1,0.28,-895.9938884,5.408985089,,,,,,,,
1,2,0.42,-894.6556449,4.903490208,,,,,,,,
1,3,0.56,-894.6750164,5.214563771,,,,,,,,
1,4,0.7,-891.9791579,4.436880317,,,,,,,,
1,5,0.84,-890.7960653,4.359111699,,,,,,,,
1,6,0.98,-891.5137053,4.825722044,,,,,,,,
1,7,1.12,-889.5548582,4.164690836,,,,,,,,
1,8,1.26,-886.3546848,3.542543709,,,,,,,,
1,9,1.4,-884.5316172,3.387007155,,,,,,,,
1,10,1.54,-883.7170005,4.436880317,,,,,,,,
1,11,1.68,-883.7946057,3.853617272,,,,,,,,
1,12,1.82,-880.7690144,3.425891236,,,,,,,,
1,13,1.96,-879.1010976,4.475764399,,,,,,,,
1,14,2.1,-878.0925274,4.709069344,,,,,,,,
1,15,2.24,-877.9373765,5.020142908,,,,,,,,
1,16,2.38,-876.4246106,4.592417099,,,,,,,,
1,17,2.52,-874.3881583,2.881512501,,,,,,,,
1,18,2.66,-872.1965551,5.059026989,,,,,,,,
1,19,2.8,-870.0825572,4.048038136,,,,,,,,
1,20,2.94,-869.7334528,4.086922672,,,,,,,,
1,21,3.08,-866.9793606,2.959280891,,,,,,,,
1,22,3.22,-869.248569,4.397995781,,,,,,,,
1,23,3.36,-863.8374209,3.348122846,,,,,,,,
1,24,3.5,-864.2446995,3.231470373,,,,,,,,
1,25,3.64,-862.0337248,3.114817673,,,,,,,,
1,26,3.78,-862.867713,4.281343536,,,,,,,,
1,27,3.92,-860.8312607,5.097911526,,,,,,,,
1,28,4.06,-858.445704,4.009154054,,,,,,,,
1,29,4.2,-855.8274508,3.192586064,,,,,,,,
1,30,4.34,-856.9329381,3.309238764,,,,,,,,
1,31,4.48,-854.0431261,4.436880317,,,,,,,,
1,32,4.62,-854.3340564,3.775848882,,,,,,,,
1,33,4.76,-853.8491726,4.048038136,,,,,,,,
1,34,4.9,-852.1230221,5.059026989,,,,,,,,
1,35,5.04,-847.8949666,4.397995781,,,,,,,,
1,36,5.18,-848.3604789,4.981258826,,,,,,,,
1,37,5.32,-848.4768271,4.242458999,,,,,,,,
1,38,5.46,-844.9469805,3.775848882,,,,,,,,
1,39,5.6,-843.1432843,3.581428018,,,,,,,,
1,40,5.74,-842.4450755,3.814733191,,,,,,,,
1,41,5.88,-841.2231803,5.292332389,,,,,,,,
1,42,6.02,-841.0098553,5.175679689,,,,,,,,
1,43,6.16,-838.7794495,4.592417099,,,,,,,,
1,44,6.3,-837.5188112,5.681174116,,,,,,,,
1,45,6.44,-834.6678019,4.397995781,,,,,,,,
1,46,6.58,-832.4567676,5.331216471,,,,,,,,
1,47,6.72,-832.6701522,5.097911526,,,,,,,,
1,48,6.86,-832.3985934,5.486753253,,,,,,,,
1,49,7,-831.1185837,5.564521871,,,,,,,,
1,50,7.14,-828.9075494,4.242458999,,,,,,,,
1,51,7.28,-825.5910873,3.698080491,,,,,,,,
1,52,7.42,-824.0782619,3.853617272,,,,,,,,
1,53,7.56,-823.7873316,2.06494451,,,,,,,,
1,54,7.7,-822.6236701,4.553532563,,,,,,,,
1,55,7.84,-821.4017749,4.553532563,,,,,,,,
1,56,7.98,-820.9944963,5.214563771,,,,,,,,
1,57,8.12,-818.5507655,3.698080491,,,,,,,,
1,58,8.26,-817.1931505,4.475764399,,,,,,,,
1,59,8.4,-817.5228834,5.486753253,,,,,,,,
1,60,8.54,-813.139677,4.320227617,,,,,,,,
1,61,8.68,-812.965095,3.814733191,,,,,,,,
1,62,8.82,-811.6462827,5.525637334,,,,,,,,
1,63,8.96,-809.687376,3.387007155,,,,,,,,
1,64,9.1,-807.8643084,3.892501354,,,,,,,,
1,65,9.24,-806.409657,4.281343536,,,,,,,,
1,66,9.38,-806.5260649,4.475764399,,,,,,,,
1,67,9.52,-804.9938679,4.164690836,,,,,,,,
1,68,9.66,-802.9962182,3.464775318,,,,,,,,
1,69,9.8,-802.4531603,3.6203121,,,,,,,,
1,70,9.94,-797.6238728,3.814733191,,,,,,,,
1,71,10.08,-799.3693948,4.009154054,,,,,,,,
1,72,10.22,-796.4020371,3.387007155,,,,,,,,
1,73,10.36,-796.7317104,4.670185263,,,,,,,,
1,74,10.5,-795.955956,4.125806754,,,,,,,,
1,75,10.64,-791.921854,4.086922672,,,,,,,,
1,76,10.78,-791.9024229,3.775848882,,,,,,,,
1,77,10.92,-790.5641794,3.931385891,,,,,,,,
1,78,11.06,-788.7216806,4.942374744,,,,,,,,
1,79,11.2,-788.0622745,5.214563771,,,,,,,,
1,80,11.34,-785.7348919,3.114817673,,,,,,,,
1,81,11.48,-784.4160795,3.270354455,,,,,,,,
1,82,11.62,-782.0498943,3.814733191,,,,,,,,
1,83,11.76,-782.9808593,4.903490208,,,,,,,,
1,84,11.9,-779.586792,4.320227617,,,,,,,,
1,85,12.04,-776.8133283,3.542543709,,,,,,,,
1,86,12.18,-778.1515718,4.125806754,,,,,,,,
1,87,12.32,-775.7854462,3.775848882,,,,,,,,
1,88,12.46,-775.5720615,4.553532563,,,,,,,,
1,89,12.6,-771.4410424,3.309238764,,,,,,,,
1,90,12.74,-773.0895877,3.814733191,,,,,,,,
1,91,12.88,-769.3076134,4.670185263,,,,,,,,
1,92,13.02,-768.8421011,2.492670774,,,,,,,,
1,93,13.16,-766.4565444,4.631301181,,,,,,,,
1,94,13.3,-766.5923238,4.942374744,,,,,,,,
1,95,13.44,-765.3510571,5.097911526,,,,,,,,
1,96,13.58,-763.7025118,3.853617272,,,,,,,,
1,97,13.72,-761.2199783,3.892501354,,,,,,,,
1,98,13.86,-762.8879547,4.242458999,,,,,,,,
1,99,14,-760.114491,3.931385891,,,,,,,,
1,100,14.14,-758.000493,3.814733191,,,,,,,,
1,101,14.28,-757.0307255,3.464775318,,,,,,,,
1,102,14.42,-755.2464008,4.942374744,,,,,,,,
1,103,14.56,-754.4706464,3.892501354,,,,,,,,
1,104,14.7,-752.2984147,3.931385891,,,,,,,,
1,105,14.84,-751.5614033,4.203574917,,,,,,,,
1,106,14.98,-749.4474053,3.270354455,,,,,,,,
1,107,15.12,-748.4388947,3.425891236,,,,,,,,
1,108,15.26,-746.5187907,3.892501354,,,,,,,,
1,109,15.4,-745.3356981,3.853617272,,,,,,,,
1,110,15.54,-744.3659902,4.981258826,,,,,,,,
1,111,15.68,-743.7647581,5.331216471,,,,,,,,
1,112,15.82,-742.348969,3.387007155,,,,,,,,
1,113,15.96,-740.4094934,3.7369648,,,,,,,,
1,114,16.1,-737.3839021,3.542543709,,,,,,,,
1,115,16.24,-735.6189489,3.853617272,,,,,,,,
1,116,16.38,-734.5134616,4.164690836,,,,,,,,
1,117,16.52,-735.9098792,4.670185263,,,,,,,,
1,118,16.66,-733.6407304,5.797826816,,,,,,,,
1,119,16.8,-731.546104,3.814733191,,,,,,,,
1,120,16.94,-729.8781276,4.125806754,,,,,,,,
1,121,17.08,-728.5205126,4.397995781,,,,,,,,
1,122,17.22,-728.2295823,4.397995781,,,,,,,,
1,123,17.36,-725.3397703,4.086922672,,,,,,,,
1,124,17.5,-724.8161435,4.514648481,,,,,,,,
1,125,17.64,-721.6935754,1.870523647,,,,,,,,
1,126,17.78,-720.588088,4.359111699,,,,,,,,
1,127,17.92,-720.588088,2.687091637,,,,,,,,
1,128,18.06,-718.3576822,4.203574917,,,,,,,,
1,129,18.2,-717.1745896,3.503659627,,,,,,,,
1,130,18.34,-717.1552181,4.359111699,,,,,,,,
1,131,18.48,-714.03265,3.814733191,,,,,,,,
1,132,18.62,-714.9054408,5.642290034,,,,,,,,
1,133,18.76,-710.8131051,2.959280891,,,,,,,,
1,134,18.9,-709.998548,3.348122846,,,,,,,,
1,135,19.04,-711.8410468,3.970269972,,,,,,,,
1,136,19.18,-708.8154554,4.631301181,,,,,,,,
1,137,19.32,-706.3911557,4.164690836,,,,,,,,
1,138,19.46,-704.1995525,4.747953881,,,,,,,,
1,139,19.6,-703.4237385,4.242458999,,,,,,,,
1,140,19.74,-701.2321353,4.086922672,,,,,,,,
1,141,19.88,-700.3594041,3.581428018,,,,,,,,
1,142,20.02,-699.4284391,3.464775318,,,,,,,,
1,143,20.16,-698.5556483,4.048038136,,,,,,,,
1,144,20.3,-697.1592307,5.331216471,,,,,,,,
1,145,20.44,-695.2197552,3.931385891,,,,,,,,
1,146,20.58,-694.4245696,3.775848882,,,,,,,,
1,147,20.72,-691.9614673,3.970269972,,,,,,,,
1,148,20.86,-689.6340847,3.348122846,,,,,,,,
1,149,21,-689.8086667,4.048038136,,,,,,,,
1,150,21.14,-689.2849803,5.020142908,,,,,,,,
1,151,21.28,-687.5588894,5.097911526,,,,,,,,
1,152,21.42,-685.3284836,4.086922672,,,,,,,,
1,153,21.56,-683.8350892,3.931385891,,,,,,,,
1,154,21.7,-683.2726598,4.397995781,,,,,,,,
1,155,21.84,-681.1586022,4.475764399,,,,,,,,
1,156,21.98,-681.255579,3.931385891,,,,,,,,
1,157,22.12,-678.7148714,4.942374744,,,,,,,,
1,158,22.26,-676.7560244,3.892501354,,,,,,,,
1,159,22.4,-675.475955,4.320227617,,,,,,,,
1,160,22.54,-673.2649803,4.786837962,,,,,,,,
1,161,22.68,-671.3255048,2.881512501,,,,,,,,
1,162,22.82,-671.2673306,3.775848882,,,,,,,,
1,163,22.96,-669.8514819,4.786837962,,,,,,,,
1,164,23.1,-667.8150296,4.281343536,,,,,,,,
1,165,23.24,-667.8538322,5.214563771,,,,,,,,
1,166,23.38,-666.418612,4.009154054,,,,,,,,
1,167,23.52,-663.1796956,4.631301181,,,,,,,,
1,168,23.66,-663.1991267,3.7369648,,,,,,,,
1,169,23.8,-651.9889832,0.898418932,,,,,,,,
1,170,23.94,-660.6001854,4.281343536,,,,,,,,
1,171,24.08,-659.068048,5.331216471,,,,,,,,
1,172,24.22,-656.7600369,3.542543709,,,,,,,,
1,173,24.36,-655.2084684,3.931385891,,,,,,,,
1,174,24.5,-653.9866328,3.698080491,,,,,,,,
1,175,24.64,-652.2798538,4.320227617,,,,,,,,
1,176,24.78,-650.5149603,4.164690836,,,,,,,,
1,177,24.92,-650.3210068,3.387007155,,,,,,,,
1,178,25.06,-648.2845545,3.542543709,,,,,,,,
1,179,25.2,-647.0627189,4.786837962,,,,,,,,
1,180,25.34,-645.6081271,4.747953881,,,,,,,,
1,181,25.48,-646.0541487,5.642290034,,,,,,,,
1,182,25.62,-643.3582902,4.670185263,,,,,,,,
1,183,25.76,-642.698884,3.775848882,,,,,,,,
1,184,25.9,-642.2916055,5.097911526,,,,,,,,
1,185,26.04,-639.9448514,5.331216471,,,,,,,,
1,186,26.18,-639.2272115,4.825722044,,,,,,,,
1,187,26.32,-636.8222833,3.659196409,,,,,,,,
1,188,26.46,-634.9022388,4.397995781,,,,,,,,
1,189,26.6,-633.1760883,5.253448307,,,,,,,,
1,190,26.74,-631.5275431,3.814733191,,,,,,,,
1,191,26.88,-630.325079,4.786837962,,,,,,,,
1,192,27.02,-629.4329166,3.309238764,,,,,,,,
1,193,27.16,-628.6765337,3.775848882,,,,,,,,
1,194,27.3,-626.2328029,2.648207555,,,,,,,,
1,195,27.44,-624.545455,4.125806754,,,,,,,,
1,196,27.58,-623.7114668,4.436880317,,,,,,,,
1,197,27.72,-622.7805018,4.048038136,,,,,,,,
1,198,27.86,-622.3150492,3.581428018,,,,,,,,
1,199,28,-621.6168404,4.281343536,,,,,,,,
1,200,28.14,-617.6409125,3.698080491,,,,,,,,
1,201,28.28,-618.3003187,5.408985089,,,,,,,,
1,202,28.42,-614.2274737,2.92039681,,,,,,,,
1,203,28.56,-614.6735549,3.659196409,,,,,,,,
1,204,28.7,-613.8007641,4.281343536,,,,,,,,
1,205,28.84,-610.5812192,4.320227617,,,,,,,,
1,206,28.98,-609.533906,4.086922672,,,,,,,,
1,207,29.12,-608.0987453,4.592417099,,,,,,,,
1,208,29.26,-605.1895022,3.581428018,,,,,,,,
1,209,29.4,-605.1313281,3.387007155,,,,,,,,
1,210,29.54,-605.3058505,3.698080491,,,,,,,,
1,211,29.68,-603.3470035,4.164690836,,,,,,,,
1,212,29.82,-602.8815508,5.953363598,,,,,,,,
1,213,29.96,-599.6038318,4.359111699,,,,,,,,
1,214,30.1,-599.5650291,3.931385891,,,,,,,,
1,215,30.24,-595.5309272,3.581428018,,,,,,,,
1,216,30.38,-595.3369737,3.853617272,,,,,,,,
1,217,30.52,-595.3176022,3.814733191,,,,,,,,
1,218,30.66,-591.981709,4.320227617,,,,,,,,
1,219,30.8,-591.1283493,4.164690836,,,,,,,,
1,220,30.94,-589.1306996,5.486753253,,,,,,,,
1,221,31.08,-587.6373053,3.075933591,,,,,,,,
1,222,31.22,-588.6458158,3.775848882,,,,,,,,
1,223,31.36,-585.0189924,2.959280891,,,,,,,,
1,224,31.5,-584.7862959,3.114817673,,,,,,,,
1,225,31.64,-583.4674239,4.747953881,,,,,,,,
1,226,31.78,-584.1268301,5.136795608,,,,,,,,
1,227,31.92,-580.6552172,4.086922672,,,,,,,,
1,228,32.06,-579.3557763,5.370100553,,,,,,,,
1,229,32.2,-577.4163008,4.397995781,,,,,,,,
1,230,32.34,-576.5047073,4.903490208,,,,,,,,
1,231,32.48,-574.7010112,2.80374411,,,,,,,,
1,232,32.62,-573.7313032,4.164690836,,,,,,,,
1,233,32.76,-571.8500018,4.514648481,,,,,,,,
1,234,32.9,-571.4620948,5.447869171,,,,,,,,
1,235,33.04,-568.4559345,3.037049282,,,,,,,,
1,236,33.18,-568.048656,5.447869171,,,,,,,,
1,237,33.32,-565.7212734,4.164690836,,,,,,,,
1,238,33.46,-564.6739602,4.203574917,,,,,,,,
1,239,33.6,-562.7344847,3.309238764,,,,,,,,
1,240,33.74,-562.5017285,4.048038136,,,,,,,,
1,241,33.88,-558.8943362,2.998165201,,,,,,,,
1,242,34.02,-559.2822433,3.853617272,,,,,,,,
1,243,34.16,-558.060348,4.592417099,,,,,,,,
1,244,34.3,-556.6057563,4.086922672,,,,,,,,
1,245,34.44,-555.0153852,5.331216471,,,,,,,,
1,246,34.58,-553.599596,4.514648481,,,,,,,,
1,247,34.72,-552.7268052,3.464775318,,,,,,,,
1,248,34.86,-550.6709814,4.203574917,,,,,,,,
1,249,35,-549.3133068,4.592417099,,,,,,,,
1,250,35.14,-547.7423668,3.892501354,,,,,,,,
1,251,35.28,-546.0938215,4.086922672,,,,,,,,
1,252,35.42,-545.1628566,5.020142908,,,,,,,,
1,253,35.56,-545.1434851,4.631301181,,,,,,,,
1,254,35.7,-543.1264043,4.164690836,,,,,,,,
1,255,35.84,-540.4693484,3.814733191,,,,,,,,
1,256,35.98,-537.5989079,3.542543709,,,,,,,,
1,257,36.12,-539.0147567,5.020142908,,,,,,,,
1,258,36.26,-536.8037224,3.892501354,,,,,,,,
1,259,36.4,-531.3926339,2.220481292,,,,,,,,
1,260,36.54,-534.883678,4.242458999,,,,,,,,
1,261,36.68,-532.207191,4.514648481,,,,,,,,
1,262,36.82,-531.7417383,3.6203121,,,,,,,,
1,263,36.96,-530.7137966,5.992247679,,,,,,,,
1,264,37.1,-528.6385417,4.086922672,,,,,,,,
1,265,37.24,-528.0955434,3.659196409,,,,,,,,
1,266,37.38,-525.1281261,4.164690836,,,,,,,,
1,267,37.52,-524.1583586,4.320227617,,,,,,,,
1,268,37.66,-522.4904418,3.931385891,,,,,,,,
1,269,37.8,-520.9776759,3.892501354,,,,,,,,
1,270,37.94,-520.0660825,3.464775318,,,,,,,,
1,271,38.08,-519.503653,4.553532563,,,,,,,,
1,272,38.22,-518.1072354,4.709069344,,,,,,,,
1,273,38.36,-514.9071217,4.086922672,,,,,,,,
1,274,38.5,-514.1701102,2.80374411,,,,,,,,
1,275,38.64,-512.909472,4.475764399,,,,,,,,
1,276,38.78,-511.1251473,4.631301181,,,,,,,,
1,277,38.92,-510.4269385,4.475764399,,,,,,,,
1,278,39.06,-509.3020201,4.864606126,,,,,,,,
1,279,39.2,-506.2764883,4.242458999,,,,,,,,
1,280,39.34,-506.4316392,3.659196409,,,,,,,,
1,281,39.48,-504.4339895,5.603405953,,,,,,,,
1,282,39.62,-502.5914907,2.298249683,,,,,,,,
1,283,39.76,-502.0871758,5.136795608,,,,,,,,
1,284,39.9,-500.7295609,4.164690836,,,,,,,,
1,285,40.04,-499.8567998,4.942374744,,,,,,,,
1,286,40.18,-497.2579181,4.553532563,,,,,,,,
1,287,40.32,-495.454222,3.814733191,,,,,,,,
1,288,40.46,-494.5620596,4.475764399,,,,,,,,
1,289,40.6,-494.794786,4.903490208,,,,,,,,
1,290,40.74,-493.650496,4.009154054,,,,,,,,
1,291,40.88,-491.0903871,3.231470373,,,,,,,,
1,292,41.02,-489.403069,5.175679689,,,,,,,,
1,293,41.16,-487.5023663,4.942374744,,,,,,,,
1,294,41.3,-485.1750135,4.320227617,,,,,,,,
1,295,41.44,-485.6016934,4.281343536,,,,,,,,
1,296,41.58,-485.0586355,3.464775318,,,,,,,,
1,297,41.72,-482.5955033,4.592417099,,,,,,,,
1,298,41.86,-481.0633361,4.825722044,,,,,,,,
1,299,42,-478.7165821,4.048038136,,,,,,,,
1,300,42.14,-476.1758745,3.348122846,,,,,,,,
1,301,42.28,-477.6110649,4.125806754,,,,,,,,
1,302,42.42,-476.7771065,5.253448307,,,,,,,,
1,303,42.56,-473.2860625,3.775848882,,,,,,,,
1,304,42.7,-470.7259536,4.631301181,,,,,,,,
1,305,42.84,-470.0471163,4.009154054,,,,,,,,
1,306,42.98,-469.6398377,3.387007155,,,,,,,,
1,307,43.12,-467.040956,4.514648481,,,,,,,,
1,308,43.26,-466.1099911,3.542543709,,,,,,,,
1,309,43.4,-465.3730094,2.998165201,,,,,,,,
1,310,43.54,-463.8408124,3.153701982,,,,,,,,
1,311,43.68,-462.3668194,3.037049282,,,,,,,,
1,312,43.82,-461.9983137,4.164690836,,,,,,,,
1,313,43.96,-458.7400258,3.153701982,,,,,,,,
1,314,44.1,-459.2636824,4.203574917,,,,,,,,
1,315,44.24,-456.7811489,4.125806754,,,,,,,,
1,316,44.38,-455.966562,5.447869171,,,,,,,,
1,317,44.52,-454.492569,3.464775318,,,,,,,,
1,318,44.66,-453.7167847,4.786837962,,,,,,,,
1,319,44.8,-451.5833557,3.853617272,,,,,,,,
1,320,44.94,-449.6438801,3.231470373,,,,,,,,
1,321,45.08,-448.8293231,3.348122846,,,,,,,,
1,322,45.22,-446.9092488,4.203574917,,,,,,,,
1,323,45.36,-446.1334348,3.698080491,,,,,,,,
1,324,45.5,-444.077611,3.659196409,,,,,,,,
1,325,45.64,-442.8169429,3.892501354,,,,,,,,
1,326,45.78,-441.5175021,4.242458999,,,,,,,,
1,327,45.92,-439.442277,4.009154054,,,,,,,,
1,328,46.06,-438.2010102,4.514648481,,,,,,,,
1,329,46.2,-437.3476505,5.253448307,,,,,,,,
1,330,46.34,-436.1451566,5.370100553,,,,,,,,
1,331,46.48,-435.3693724,4.242458999,,,,,,,,
1,332,46.62,-432.8092635,4.514648481,,,,,,,,
1,333,46.76,-432.2274327,4.009154054,,,,,,,,
1,334,46.9,-430.6952655,4.359111699,,,,,,,,
1,335,47.04,-429.7643006,3.814733191,,,,,,,,
1,336,47.18,-427.0878434,3.970269972,,,,,,,,
1,337,47.32,-425.7495999,4.786837962,,,,,,,,
1,338,47.46,-425.5362451,4.864606126,,,,,,,,
1,339,47.6,-424.9544144,4.397995781,,,,,,,,
1,340,47.74,-422.2391546,4.048038136,,,,,,,,
1,341,47.88,-422.2003818,3.348122846,,,,,,,,
1,342,48.02,-418.6899364,3.309238764,,,,,,,,
1,343,48.16,-417.2159135,4.942374744,,,,,,,,
1,344,48.3,-417.2935188,3.853617272,,,,,,,,
1,345,48.44,-414.2291248,4.475764399,,,,,,,,
1,346,48.58,-414.4424796,3.7369648,,,,,,,,
1,347,48.72,-413.3563638,4.592417099,,,,,,,,
1,348,48.86,-411.7660224,3.970269972,,,,,,,,
1,349,49,-408.9537859,5.214563771,,,,,,,,
1,350,49.14,-407.6349437,4.747953881,,,,,,,,
1,351,49.28,-406.3548744,5.136795608,,,,,,,,
1,352,49.42,-406.607002,4.864606126,,,,,,,,
1,353,49.56,-403.5426378,4.514648481,,,,,,,,
1,354,49.7,-403.9111435,5.447869171,,,,,,,,
1,355,49.84,-400.2843499,3.853617272,,,,,,,,
1,356,49.98,-399.5667398,4.320227617,,,,,,,,
1,357,50.12,-398.7327516,4.942374744,,,,,,,,
1,358,50.26,-397.9181945,4.747953881,,,,,,,,
1,359,50.4,-396.3859975,4.203574917,,,,,,,,
1,360,50.54,-394.1943944,4.436880317,,,,,,,,
1,361,50.68,-393.3992088,3.231470373,,,,,,,,
1,362,50.82,-391.8476403,4.242458999,,,,,,,,
1,363,50.96,-389.8887634,4.709069344,,,,,,,,
1,364,51.1,-388.2983923,4.164690836,,,,,,,,
1,365,51.24,-387.6777589,3.7369648,,,,,,,,
1,366,51.38,-386.5140975,3.387007155,,,,,,,,
1,367,51.52,-383.6048841,4.670185263,,,,,,,,
1,368,51.66,-381.8593621,4.086922672,,,,,,,,
1,369,51.8,-382.4993968,4.592417099,,,,,,,,
1,370,51.94,-379.3186545,4.009154054,,,,,,,,
1,371,52.08,-376.7003715,3.270354455,,,,,,,,
1,372,52.22,-377.5149286,3.814733191,,,,,,,,
1,373,52.36,-376.2154877,4.592417099,,,,,,,,
1,374,52.5,-373.9463091,4.553532563,,,,,,,,
1,375,52.64,-373.5390306,4.242458999,,,,,,,,
1,376,52.78,-371.211648,4.475764399,,,,,,,,
1,377,52.92,-371.8322814,5.097911526,,,,,,,,
1,378,53.06,-369.3303764,5.331216471,,,,,,,,
1,379,53.2,-368.3024645,4.631301181,,,,,,,,
1,380,53.34,-366.4017618,3.7369648,,,,,,,,
1,381,53.48,-364.6174669,2.531554856,,,,,,,,
1,382,53.62,-363.1822467,4.592417099,,,,,,,,
1,383,53.76,-360.4863882,4.436880317,,,,,,,,
1,384,53.9,-359.9627316,4.631301181,,,,,,,,
1,385,54.04,-358.1008315,4.592417099,,,,,,,,
1,386,54.18,-358.6438894,5.253448307,,,,,,,,
1,387,54.32,-356.3747108,4.203574917,,,,,,,,
1,388,54.46,-355.404973,4.747953881,,,,,,,,
1,389,54.6,-353.6788225,3.775848882,,,,,,,,
1,390,54.74,-352.1078527,4.942374744,,,,,,,,
1,391,54.88,-350.9247899,4.903490208,,,,,,,,
1,392,55.02,-348.8689363,3.659196409,,,,,,,,
1,393,55.16,-349.3538201,4.475764399,,,,,,,,
1,394,55.3,-345.5330431,4.009154054,,,,,,,,
1,395,55.44,-345.1645672,2.881512501,,,,,,,,
1,396,55.58,-343.0893123,4.397995781,,,,,,,,
1,397,55.72,-343.1087136,4.397995781,,,,,,,,
1,398,55.86,-341.8674469,5.292332389,,,,,,,,
1,399,56,-338.3958042,3.464775318,,,,,,,,
1,400,56.14,-338.0272985,4.320227617,,,,,,,,
1,401,56.28,-338.6091292,4.553532563,,,,,,,,
1,402,56.42,-336.7472589,4.436880317,,,,,,,,
1,403,56.56,-334.2065513,3.542543709,,,,,,,,
1,404,56.7,-332.7325583,3.348122846,,,,,,,,
1,405,56.84,-331.2197626,3.192586064,,,,,,,,
1,406,56.98,-330.1724494,4.164690836,,,,,,,,
1,407,57.12,-328.0002475,4.747953881,,,,,,,,
1,408,57.26,-325.6728649,3.425891236,,,,,,,,
1,409,57.4,-326.2546957,3.464775318,,,,,,,,
1,410,57.54,-324.5479763,4.631301181,,,,,,,,
1,411,57.68,-323.1709599,4.709069344,,,,,,,,
1,412,57.82,-322.4921227,5.214563771,,,,,,,,
1,413,57.96,-319.7574914,4.436880317,,,,,,,,
1,414,58.1,-317.7016377,3.348122846,,,,,,,,
1,415,58.24,-317.8373873,5.020142908,,,,,,,,
1,416,58.38,-316.0530925,3.853617272,,,,,,,,
1,417,58.52,-313.0081296,4.592417099,,,,,,,,
1,418,58.66,-314.1330183,3.970269972,,,,,,,,
1,419,58.8,-310.8358979,4.320227617,,,,,,,,
1,420,58.94,-309.5752597,4.942374744,,,,,,,,
1,421,59.08,-307.7327609,3.970269972,,,,,,,,
1,422,59.22,-305.7932854,3.698080491,,,,,,,,
1,423,59.36,-306.9375753,3.542543709,,,,,,,,
1,424,59.5,-302.6901186,3.775848882,,,,,,,,
1,425,59.64,-303.0004501,4.086922672,,,,,,,,
1,426,59.78,-302.1858633,4.903490208,,,,,,,,
1,427,59.92,-299.1603017,4.359111699,,,,,,,,
1,428,60.06,-301.0028005,4.903490208,,,,,,,,
1,429,60.2,-296.7553437,4.359111699,,,,,,,,
1,430,60.34,-294.8740721,3.6203121,,,,,,,,
1,431,60.48,-295.6886292,4.592417099,,,,,,,,
1,432,60.62,-293.6909795,4.203574917,,,,,,,,
1,433,60.76,-290.3550863,2.026060429,,,,,,,,
1,434,60.9,-291.1696732,2.959280891,,,,,,,,
1,435,61.04,-287.9889309,4.320227617,,,,,,,,
1,436,61.18,-287.7756059,4.320227617,,,,,,,,
1,437,61.32,-288.2216573,4.592417099,,,,,,,,
1,438,61.46,-285.3124738,5.020142908,,,,,,,,
1,439,61.6,-283.8190794,4.475764399,,,,,,,,
1,440,61.74,-283.0626667,3.775848882,,,,,,,,
1,441,61.88,-280.7159126,5.097911526,,,,,,,,
1,442,62.02,-279.2806923,4.203574917,,,,,,,,
1,443,62.16,-276.8563628,3.425891236,,,,,,,,
1,444,62.3,-276.9533396,4.631301181,,,,,,,,
1,445,62.44,-275.1690149,5.370100553,,,,,,,,
1,446,62.58,-272.6283073,3.814733191,,,,,,,,
1,447,62.72,-271.3288665,4.825722044,,,,,,,,
1,448,62.86,-270.37853,4.786837962,,,,,,,,
1,449,63,-268.2839036,3.387007155,,,,,,,,
1,450,63.14,-269.4087923,4.436880317,,,,,,,,
1,451,63.28,-267.1202123,2.842628419,,,,,,,,
1,452,63.42,-264.1916275,4.436880317,,,,,,,,
1,453,63.56,-264.7346556,4.242458999,,,,,,,,
1,454,63.7,-262.3879015,2.959280891,,,,,,,,
1,455,63.84,-261.3599896,3.6203121,,,,,,,,
1,456,63.98,-260.0605488,3.581428018,,,,,,,,
1,457,64.12,-258.1404746,4.048038136,,,,,,,,
1,458,64.26,-257.6555908,4.631301181,,,,,,,,
1,459,64.4,-255.7743192,3.503659627,,,,,,,,
1,460,64.54,-254.3585002,4.825722044,,,,,,,,
1,461,64.68,-252.9620826,4.747953881,,,,,,,,
1,462,64.82,-250.5571246,4.203574917,,,,,,,,
1,463,64.96,-249.2576838,3.7369648,,,,,,,,
1,464,65.1,-248.0164319,2.92039681,,,,,,,,
1,465,65.24,-246.872142,4.009154054,,,,,,,,
1,466,65.38,-246.2515086,4.709069344,,,,,,,,
1,467,65.52,-243.7689751,2.80374411,,,,,,,,
1,468,65.66,-242.7992523,3.503659627,,,,,,,,
1,469,65.8,-240.9761399,3.581428018,,,,,,,,
1,470,65.94,-240.7240123,3.814733191,,,,,,,,
1,471,66.08,-239.5021468,5.020142908,,,,,,,,
1,472,66.22,-237.4463081,3.6203121,,,,,,,,
1,473,66.36,-237.3687327,3.892501354,,,,,,,,
1,474,66.5,-235.6619984,3.814733191,,,,,,,,
1,475,66.64,-233.6061448,4.942374744,,,,,,,,
1,476,66.78,-231.4533442,3.309238764,,,,,,,,
1,477,66.92,-232.0157886,3.814733191,,,,,,,,
1,478,67.06,-229.475081,4.320227617,,,,,,,,
1,479,67.2,-228.4859419,5.059026989,,,,,,,,
1,480,67.34,-226.1004001,4.281343536,,,,,,,,
1,481,67.48,-225.5767435,4.514648481,,,,,,,,
1,482,67.62,-222.9778469,3.659196409,,,,,,,,
1,483,67.76,-221.9887227,4.281343536,,,,,,,,
1,484,67.9,-221.8529582,4.670185263,,,,,,,,
1,485,68.04,-219.0407217,4.631301181,,,,,,,,
1,486,68.18,-218.1873471,3.192586064,,,,,,,,
1,487,68.32,-217.4115628,4.747953881,,,,,,,,
1,488,68.46,-214.6575153,2.92039681,,,,,,,,
1,489,68.6,-213.6683762,4.903490208,,,,,,,,
1,490,68.74,-211.9810432,3.387007155,,,,,,,,
1,491,68.88,-210.6428146,3.464775318,,,,,,,,
1,492,69.02,-210.7009888,4.048038136,,,,,,,,
1,493,69.16,-209.3627602,4.631301181,,,,,,,,
1,494,69.3,-206.6862881,3.542543709,,,,,,,,
1,495,69.44,-205.9298903,5.720058198,,,,,,,,
1,496,69.58,-204.0098161,4.281343536,,,,,,,,
1,497,69.72,-202.2448927,4.592417099,,,,,,,,
1,498,69.86,-199.6847987,3.814733191,,,,,,,,
1,499,70,-199.5684206,3.853617272,,,,,,,,
1,500,70.14,-198.3465552,3.659196409,,,,,,,,
1,501,70.28,-196.7755854,3.698080491,,,,,,,,
1,502,70.42,-194.1766888,3.659196409,,,,,,,,
1,503,70.56,-193.4978813,5.681174116,,,,,,,,
1,504,70.7,-192.6251203,3.931385891,,,,,,,,
1,505,70.84,-189.2310381,4.475764399,,,,,,,,
1,506,70.98,-190.3753281,4.903490208,,,,,,,,
1,507,71.12,-188.843146,4.942374744,,,,,,,,
1,508,71.26,-187.7958328,3.892501354,,,,,,,,
1,509,71.4,-184.537515,3.814733191,,,,,,,,
1,510,71.54,-183.9556843,4.747953881,,,,,,,,
1,511,71.68,-183.4514141,4.903490208,,,,,,,,
1,512,71.82,-181.318,4.048038136,,,,,,,,
1,513,71.96,-179.5336902,3.853617272,,,,,,,,
1,514,72.1,-180.0379455,5.525637334,,,,,,,,
1,515,72.24,-176.8572181,3.931385891,,,,,,,,
1,516,72.38,-175.1892716,4.164690836,,,,,,,,
1,517,72.52,-174.2001325,4.592417099,,,,,,,,
1,518,72.66,-173.5407114,4.670185263,,,,,,,,
1,519,72.8,-171.4266986,3.270354455,,,,,,,,
1,520,72.94,-170.1272428,5.020142908,,,,,,,,
1,521,73.08,-168.7308252,4.436880317,,,,,,,,
1,522,73.22,-166.7331755,4.125806754,,,,,,,,
1,523,73.36,-164.8712754,3.309238764,,,,,,,,
1,524,73.5,-164.4639969,5.253448307,,,,,,,,
1,525,73.64,-162.9706025,3.464775318,,,,,,,,
1,526,73.78,-161.4578068,3.698080491,,,,,,,,
1,527,73.92,-160.4104936,4.281343536,,,,,,,,
1,528,74.06,-158.2576782,3.814733191,,,,,,,,
1,529,74.2,-158.3158672,5.720058198,,,,,,,,
1,530,74.34,-155.3096771,4.475764399,,,,,,,,
1,531,74.48,-154.5145065,5.253448307,,,,,,,,
1,532,74.62,-154.378742,4.747953881,,,,,,,,
1,533,74.76,-151.8768221,4.475764399,,,,,,,,
1,534,74.9,-150.5385786,4.125806754,,,,,,,,
1,535,75.04,-149.7433931,4.786837962,,,,,,,,
1,536,75.18,-147.0669359,3.775848882,,,,,,,,
1,537,75.32,-147.8815079,4.009154054,,,,,,,,
1,538,75.46,-144.4098502,4.553532563,,,,,,,,
1,539,75.6,-142.5867528,4.592417099,,,,,,,,
1,540,75.74,-142.8970695,4.825722044,,,,,,,,
1,541,75.88,-140.7248527,3.309238764,,,,,,,,
1,542,76.02,-138.0483806,4.086922672,,,,,,,,
1,543,76.16,-137.5441253,4.203574917,,,,,,,,
1,544,76.3,-135.1391822,4.592417099,,,,,,,,
1,545,76.44,-135.7210279,4.981258826,,,,,,,,
1,546,76.58,-133.5100234,4.009154054,,,,,,,,
1,547,76.72,-132.1136057,4.825722044,,,,,,,,
1,548,76.86,-133.0251545,5.758942734,,,,,,,,
1,549,77,-128.6225617,4.709069344,,,,,,,,
1,550,77.14,-128.0407161,4.359111699,,,,,,,,
1,551,77.28,-126.1400282,4.592417099,,,,,,,,
1,552,77.42,-125.3836304,3.7369648,,,,,,,,
1,553,77.56,-124.0454018,4.436880317,,,,,,,,
1,554,77.7,-122.3192737,5.175679689,,,,,,,,
1,555,77.84,-120.8840609,4.281343536,,,,,,,,
1,556,77.98,-120.7483038,3.425891236,,,,,,,,
1,557,78.12,-120.2052459,6.070016298,,,,,,,,
1,558,78.26,-118.5760945,4.903490208,,,,,,,,
1,559,78.4,-116.2875146,4.592417099,,,,,,,,
1,560,78.54,-113.2619381,3.698080491,,,,,,,,
1,561,78.68,-114.1346991,4.592417099,,,,,,,,
1,562,78.82,-112.0982543,5.175679689,,,,,,,,
1,563,78.96,-108.9175269,4.203574917,,,,,,,,
1,564,79.1,-108.6847857,4.048038136,,,,,,,,
1,565,79.24,-107.288368,3.775848882,,,,,,,,
1,566,79.38,-106.4543948,6.070016298,,,,,,,,
1,567,79.52,-104.20461,3.853617272,,,,,,,,
1,568,79.66,-101.8384546,4.942374744,,,,,,,,
1,569,79.8,-102.4008989,4.631301181,,,,,,,,
1,570,79.94,-99.86019135,3.698080491,,,,,,,,
1,571,80.08,-98.89045358,4.747953881,,,,,,,,
1,572,80.22,-98.05648029,5.758942734,,,,,,,,
1,573,80.36,-96.21398151,3.153701982,,,,,,,,
1,574,80.5,-93.11082959,3.037049282,,,,,,,,
1,575,80.64,-93.40175241,4.086922672,,,,,,,,
1,576,80.78,-92.00533479,4.320227617,,,,,,,,
1,577,80.92,-91.05499089,3.309238764,,,,,,,,
1,578,81.06,-88.30094337,4.436880317,,,,,,,,
1,579,81.2,-88.59185874,3.581428018,,,,,,,,
1,580,81.34,-86.78815514,6.381089406,,,,,,,,
1,581,81.48,-85.79902351,4.048038136,,,,,,,,
1,582,81.62,-82.71526545,5.331216471,,,,,,,,
1,583,81.76,-82.30797201,3.931385891,,,,,,,,
1,584,81.9,-80.13576269,4.397995781,,,,,,,,
1,585,82.04,-78.62297446,3.892501354,,,,,,,,
1,586,82.18,-77.57566124,3.075933591,,,,,,,,
1,587,82.32,-77.32353359,3.892501354,,,,,,,,
1,588,82.46,-75.32587647,4.709069344,,,,,,,,
1,589,82.6,-75.28708875,4.397995781,,,,,,,,
1,590,82.74,-71.17540389,1.98717612,,,,,,,,
1,591,82.88,-71.44693285,5.020142908,,,,,,,,
1,592,83.02,-69.6432218,4.320227617,,,,,,,,
1,593,83.16,-66.4043054,3.464775318,,,,,,,,
1,594,83.3,-65.0466755,4.359111699,,,,,,,,
1,595,83.44,-64.98849392,3.503659627,,,,,,,,
1,596,83.58,-64.60060179,5.447869171,,,,,,,,
1,597,83.72,-62.5641495,4.436880317,,,,,,,,
1,598,83.86,-60.31436473,3.425891236,,,,,,,,
1,599,84,-58.78218263,4.475764399,,,,,,,,
1,600,84.14,-58.2197383,3.814733191,,,,,,,,
1,601,84.28,-57.13363364,3.970269972,,,,,,,,
1,602,84.42,-56.35784566,4.009154054,,,,,,,,
1,603,84.56,-54.59292606,4.981258826,,,,,,,,
1,604,84.7,-52.53708363,4.514648481,,,,,,,,
1,605,84.84,-50.65579712,3.387007155,,,,,,,,
1,606,84.98,-49.60848391,4.553532563,,,,,,,,
1,607,85.12,-48.23145643,3.970269972,,,,,,,,
1,608,85.26,-47.12595791,5.136795608,,,,,,,,
1,609,85.4,-45.3610383,4.786837962,,,,,,,,
1,610,85.54,-43.09185967,3.659196409,,,,,,,,
1,611,85.68,-41.83120281,4.709069344,,,,,,,,
1,612,85.82,-40.14386237,3.037049282,,,,,,,,
1,613,85.96,-41.07480869,3.892501354,,,,,,,,
1,614,86.1,-38.78623247,3.775848882,,,,,,,,
1,615,86.24,-36.94373369,4.670185263,,,,,,,,
1,616,86.38,-35.70247069,4.125806754,,,,,,,,
1,617,86.52,-34.73273665,4.864606126,,,,,,,,
1,618,86.66,-33.29752758,4.048038136,,,,,,,,
1,619,86.8,-30.4852929,5.292332389,,,,,,,,
1,620,86.94,-30.69863468,4.125806754,,,,,,,,
1,621,87.08,-28.52642722,3.387007155,,,,,,,,
1,622,87.22,-25.81116743,3.6203121,,,,,,,,
1,623,87.36,-26.85848065,4.048038136,,,,,,,,
1,624,87.5,-25.84995516,4.397995781,,,,,,,,
1,625,87.64,-21.60251327,4.709069344,,,,,,,,
1,626,87.78,-20.98188177,2.959280891,,,,,,,,
1,627,87.92,-21.00127749,4.786837962,,,,,,,,
1,628,88.06,-19.06180568,3.814733191,,,,,,,,
1,629,88.2,-17.08354428,4.397995781,,,,,,,,
1,630,88.34,-18.0144906,5.253448307,,,,,,,,
1,631,88.48,-13.68946955,3.037049282,,,,,,,,
1,632,88.62,-14.21312615,3.037049282,,,,,,,,
1,633,88.76,-12.58397009,5.836710898,,,,,,,,
1,634,88.9,-10.74147224,3.931385891,,,,,,,,
1,635,89.04,-9.151105769,3.814733191,,,,,,,,
1,636,89.18,-7.793475874,4.514648481,,,,,,,,
1,637,89.32,-5.989767145,3.931385891,,,,,,,,
1,638,89.46,-5.892793648,4.009154054,,,,,,,,
1,639,89.6,-2.595691942,4.125806754,,,,,,,,
1,640,89.74,-1.567771891,4.048038136,,,,,,,,
1,641,89.88,-1.160482876,4.475764399,,,,,,,,
1,642,90.02,0.507462712,4.747953881,,,,,,,,
1,643,90.16,2.505118493,3.114817673,,,,,,,,
1,644,90.3,2.543907845,4.320227617,,,,,,,,
1,645,90.44,2.737855073,5.797826816,,,,,,,,
1,646,90.58,5.414325744,4.164690836,,,,,,,,
1,647,90.72,6.112535484,5.059026989,,,,,,,,
1,648,90.86,8.362322114,4.786837962,,,,,,,,
1,649,91,10.49574092,4.086922672,,,,,,,,
1,650,91.14,11.00000367,3.659196409,,,,,,,,
1,651,91.28,12.43521273,5.253448307,,,,,,,,
1,652,91.42,13.59889563,4.942374744,,,,,,,,
1,653,91.56,16.0232354,3.348122846,,,,,,,,
1,654,91.7,17.43904874,3.6203121,,,,,,,,
1,655,91.84,18.81607436,3.659196409,,,,,,,,
1,656,91.98,21.62830904,3.775848882,,,,,,,,
1,657,92.12,27.31095999,1.98717612,,,,,,,,
1,658,92.26,23.56777899,4.825722044,,,,,,,,
1,659,92.4,24.78964627,4.747953881,,,,,,,,
1,660,92.54,25.3326986,3.931385891,,,,,,,,
1,661,92.68,27.21398696,4.903490208,,,,,,,,
1,662,92.82,29.34740484,4.592417099,,,,,,,,
1,663,92.96,30.72443046,2.92039681,,,,,,,,
1,664,93.1,30.22016771,4.864606126,,,,,,,,
1,665,93.24,33.36211294,3.309238764,,,,,,,,
1,666,93.38,33.51726755,3.542543709,,,,,,,,
1,667,93.52,35.2627933,3.153701982,,,,,,,,
1,668,93.66,38.34655136,3.542543709,,,,,,,,
1,669,93.8,37.59016097,5.020142908,,,,,,,,
1,670,93.94,38.48231584,4.942374744,,,,,,,,
1,671,94.08,40.77089205,4.864606126,,,,,,,,
1,672,94.22,42.74915531,5.020142908,,,,,,,,
1,673,94.36,44.00980845,3.931385891,,,,,,,,
1,674,94.5,45.98807171,4.475764399,,,,,,,,
1,675,94.64,46.9965972,3.931385891,,,,,,,,
1,676,94.78,47.48146608,4.009154054,,,,,,,,
1,677,94.92,49.38214645,3.425891236,,,,,,,,
1,678,95.06,53.3580631,3.853617272,,,,,,,,
1,679,95.2,53.06714401,3.659196409,,,,,,,,
1,680,95.34,53.49382758,4.397995781,,,,,,,,
1,681,95.48,54.8902452,4.125806754,,,,,,,,
1,682,95.62,52.38832906,6.108900379,,,,,,,,
1,683,95.76,58.84676799,3.503659627,,,,,,,,
1,684,95.9,59.60316211,4.631301181,,,,,,,,
1,685,96.04,60.59229374,4.631301181,,,,,,,,
1,686,96.18,63.38512897,4.164690836,,,,,,,,
1,687,96.32,63.77302855,3.892501354,,,,,,,,
1,688,96.46,65.22762775,4.864606126,,,,,,,,
1,689,96.6,67.36104935,3.892501354,,,,,,,,
1,690,96.74,69.20354813,3.892501354,,,,,,,,
1,691,96.88,70.34783065,3.309238764,,,,,,,,
1,692,97.02,70.42541355,3.348122846,,,,,,,,
1,693,97.16,71.1042285,4.631301181,,,,,,,,
1,694,97.3,73.25704396,3.387007155,,,,,,,,
1,695,97.44,74.38193262,3.387007155,,,,,,,,
1,696,97.58,76.70930028,4.242458999,,,,,,,,
1,697,97.72,77.85359025,4.436880317,,,,,,,,
1,698,97.86,80.21974564,3.931385891,,,,,,,,
1,699,98,80.62703162,4.009154054,,,,,,,,
1,700,98.14,83.01258087,2.998165201,,,,,,,,
1,701,98.28,84.71931517,4.397995781,,,,,,,,
1,702,98.42,85.7860297,4.670185263,,,,,,,,
1,703,98.56,86.69757843,3.853617272,,,,,,,,
1,704,98.7,86.42605692,4.359111699,,,,,,,,
1,705,98.84,89.5486027,4.203574917,,,,,,,,
1,706,98.98,91.0807848,3.775848882,,,,,,,,
1,707,99.12,91.0807848,3.970269972,,,,,,,,
1,708,99.26,92.22507477,4.125806754,,,,,,,,
1,709,99.4,96.22038156,3.6203121,,,,,,,,
1,710,99.54,95.15367448,3.814733191,,,,,,,,
1,711,99.68,95.46399117,4.397995781,,,,,,,,
1,712,99.82,98.58653694,4.048038136,,,,,,,,
1,713,99.96,100.4096419,4.592417099,,,,,,,,
1,714,100.1,101.6703025,2.414902383,,,,,,,,
1,715,100.24,103.4740061,3.153701982,,,,,,,,
1,716,100.38,104.1916162,3.114817673,,,,,,,,
1,717,100.52,106.0147136,4.009154054,,,,,,,,
1,718,100.66,107.2171852,4.397995781,,,,,,,,
1,719,100.8,109.117873,3.814733191,,,,,,,,
1,720,100.94,110.4173139,3.425891236,,,,,,,,
1,721,101.08,110.4367152,4.475764399,,,,,,,,
1,722,101.22,112.9580215,3.6203121,,,,,,,,
1,723,101.36,114.0635237,4.203574917,,,,,,,,
1,724,101.5,114.4902036,4.048038136,,,,,,,,
1,725,101.64,116.8175712,3.814733191,,,,,,,,
1,726,101.78,117.8454906,4.086922672,,,,,,,,
1,727,101.92,119.0867573,5.720058198,,,,,,,,
1,728,102.06,121.4917004,5.020142908,,,,,,,,
1,729,102.2,122.7135658,4.359111699,,,,,,,,
1,730,102.34,124.0711957,4.048038136,,,,,,,,
1,731,102.48,125.5839914,3.659196409,,,,,,,,
1,732,102.62,125.9524822,3.581428018,,,,,,,,
1,733,102.76,126.8252432,4.009154054,,,,,,,,
1,734,102.9,130.2581131,4.242458999,,,,,,,,
1,735,103.04,130.3550899,3.698080491,,,,,,,,
1,736,103.18,132.3333532,3.892501354,,,,,,,,
1,737,103.32,133.6715817,4.903490208,,,,,,,,
1,738,103.46,134.5831305,4.670185263,,,,,,,,
1,739,103.6,135.8049959,3.775848882,,,,,,,,
1,740,103.74,136.8135214,4.320227617,,,,,,,,
1,741,103.88,139.9166733,4.631301181,,,,,,,,
1,742,104.02,140.5373067,3.659196409,,,,,,,,
1,743,104.16,141.2937045,4.747953881,,,,,,,,
1,744,104.3,144.4744319,4.164690836,,,,,,,,
1,745,104.44,144.7847486,4.048038136,,,,,,,,
1,746,104.58,146.0842043,4.514648481,,,,,,,,
1,747,104.72,148.1012553,3.425891236,,,,,,,,
1,748,104.86,149.5364606,4.359111699,,,,,,,,
1,749,105,151.3595581,4.164690836,,,,,,,,
1,750,105.14,150.7195383,5.097911526,,,,,,,,
1,751,105.28,153.4541845,4.281343536,,,,,,,,
1,752,105.42,154.4045359,4.203574917,,,,,,,,
1,753,105.56,156.1306566,3.892501354,,,,,,,,
1,754,105.7,155.8009535,5.020142908,,,,,,,,
1,755,105.84,158.6131901,4.942374744,,,,,,,,
1,756,105.98,160.7660055,4.592417099,,,,,,,,
1,757,106.12,162.1236354,3.464775318,,,,,,,,
1,758,106.26,162.5309139,3.853617272,,,,,,,,
1,759,106.4,164.9940461,4.359111699,,,,,,,,
1,760,106.54,166.2159115,4.747953881,,,,,,,,
1,761,106.68,166.8753326,4.709069344,,,,,,,,
1,762,106.82,169.2608893,2.725975719,,,,,,,,
1,763,106.96,170.2112257,2.92039681,,,,,,,,
1,764,107.1,172.6161689,4.592417099,,,,,,,,
1,765,107.24,171.6464311,5.447869171,,,,,,,,
1,766,107.38,172.7131456,4.747953881,,,,,,,,
1,767,107.52,174.3229032,4.786837962,,,,,,,,
1,768,107.66,177.0187765,4.436880317,,,,,,,,
1,769,107.8,178.2988161,4.942374744,,,,,,,,
1,770,107.94,180.8977127,3.853617272,,,,,,,,
1,771,108.08,180.7619482,3.970269972,,,,,,,,
1,772,108.22,182.6820225,3.853617272,,,,,,,,
1,773,108.36,183.477208,4.009154054,,,,,,,,
1,774,108.5,186.2312555,3.970269972,,,,,,,,
1,775,108.64,186.5221858,4.048038136,,,,,,,,
1,776,108.78,188.0737543,4.242458999,,,,,,,,
1,777,108.92,189.0047044,5.408985089,,,,,,,,
1,778,109.06,190.4205233,3.425891236,,,,,,,,
1,779,109.2,193.0969954,5.525637334,,,,,,,,
1,780,109.34,193.7176138,4.203574917,,,,,,,,
1,781,109.48,196.6850162,3.542543709,,,,,,,,
1,782,109.62,194.8231161,4.709069344,,,,,,,,
1,783,109.76,198.1396228,3.037049282,,,,,,,,
1,784,109.9,199.5166391,4.125806754,,,,,,,,
1,785,110.04,201.3009489,4.514648481,,,,,,,,
1,786,110.18,203.0852735,3.464775318,,,,,,,,
1,787,110.32,203.7059069,3.348122846,,,,,,,,
1,788,110.46,204.908371,3.659196409,,,,,,,,
1,789,110.6,206.382364,4.436880317,,,,,,,,
1,790,110.74,207.526654,4.203574917,,,,,,,,
1,791,110.88,209.6600831,4.281343536,,,,,,,,
1,792,111.02,210.3001028,3.503659627,,,,,,,,
1,793,111.16,213.0541503,3.698080491,,,,,,,,
1,794,111.3,214.1208649,4.514648481,,,,,,,,
1,795,111.44,213.9269114,3.931385891,,,,,,,,
1,796,111.58,215.8469856,3.659196409,,,,,,,,
1,797,111.72,218.0773914,3.892501354,,,,,,,,
1,798,111.86,217.5925225,5.292332389,,,,,,,,
1,799,112,220.288381,5.370100553,,,,,,,,
1,800,112.14,222.3248333,5.020142908,,,,,,,,
1,801,112.28,222.8872776,3.425891236,,,,,,,,
1,802,112.42,224.981904,4.320227617,,,,,,,,
1,803,112.56,226.4365107,3.970269972,,,,,,,,
1,804,112.7,226.9601673,3.7369648,,,,,,,,
1,805,112.84,228.9966047,3.7369648,,,,,,,,
1,806,112.98,229.7724038,4.709069344,,,,,,,,
1,807,113.12,230.6645513,3.542543709,,,,,,,,
1,808,113.26,231.905818,3.542543709,,,,,,,,
1,809,113.4,235.4162633,3.698080491,,,,,,,,
1,810,113.54,235.9399199,3.931385891,,,,,,,,
1,811,113.68,236.5217656,4.631301181,,,,,,,,
1,812,113.82,238.3836508,3.6203121,,,,,,,,
1,813,113.96,239.2564118,4.397995781,,,,,,,,
1,814,114.1,241.777733,5.720058198,,,,,,,,
1,815,114.24,244.124487,4.747953881,,,,,,,,
1,816,114.38,243.5038537,4.203574917,,,,,,,,
1,817,114.52,245.0942248,3.542543709,,,,,,,,
1,818,114.66,247.2470403,4.397995781,,,,,,,,
1,819,114.8,248.2361645,4.786837962,,,,,,,,
1,820,114.94,250.6605089,4.475764399,,,,,,,,
1,821,115.08,251.7272234,4.864606126,,,,,,,,
1,822,115.22,252.6581585,4.125806754,,,,,,,,
1,823,115.36,254.5200586,4.048038136,,,,,,,,
1,824,115.5,254.752785,2.998165201,,,,,,,,
1,825,115.64,256.8474114,4.553532563,,,,,,,,
1,826,115.78,257.0607662,4.475764399,,,,,,,,
1,827,115.92,260.2802813,4.981258826,,,,,,,,
1,828,116.06,261.6379261,3.192586064,,,,,,,,
1,829,116.2,261.6185248,4.786837962,,,,,,,,
1,830,116.34,263.7131512,4.825722044,,,,,,,,
1,831,116.48,265.7690048,3.853617272,,,,,,,,
1,832,116.62,268.1545317,3.348122846,,,,,,,,
1,833,116.76,267.6114738,4.048038136,,,,,,,,
1,834,116.9,270.462513,3.581428018,,,,,,,,
1,835,117.04,271.5486288,4.125806754,,,,,,,,
1,836,117.18,271.9559073,4.242458999,,,,,,,,
1,837,117.32,273.3329237,5.797826816,,,,,,,,
1,838,117.46,274.5741904,3.698080491,,,,,,,,
1,839,117.6,276.7463923,4.747953881,,,,,,,,
1,840,117.74,279.0155709,3.814733191,,,,,,,,
1,841,117.88,280.0435126,2.687091637,,,,,,,,
1,842,118.02,281.7308307,4.320227617,,,,,,,,
1,843,118.16,283.224225,4.864606126,,,,,,,,
1,844,118.3,284.2133641,4.825722044,,,,,,,,
1,845,118.44,283.9030623,4.514648481,,,,,,,,
1,846,118.58,287.1225774,4.553532563,,,,,,,,
1,847,118.72,288.2086635,3.192586064,,,,,,,,
1,848,118.86,289.7990346,4.631301181,,,,,,,,
1,849,119,289.7214592,4.086922672,,,,,,,,
1,850,119.14,291.9324636,3.853617272,,,,,,,,
1,851,119.28,293.9301133,4.981258826,,,,,,,,
1,852,119.42,295.0744033,4.320227617,,,,,,,,
1,853,119.56,296.0829437,3.7369648,,,,,,,,
1,854,119.7,297.4987328,3.581428018,,,,,,,,
1,855,119.84,298.0030179,4.009154054,,,,,,,,
1,856,119.98,300.7570505,4.242458999,,,,,,,,
1,857,120.12,302.0177186,3.581428018,,,,,,,,
1,858,120.26,302.6771247,3.503659627,,,,,,,,
1,859,120.4,304.4420481,3.231470373,,,,,,,,
1,860,120.54,305.3536117,4.086922672,,,,,,,,
1,861,120.68,307.7973425,4.086922672,,,,,,,,
1,862,120.82,308.359772,4.320227617,,,,,,,,
1,863,120.96,310.6677532,2.725975719,,,,,,,,
1,864,121.1,311.1332357,4.125806754,,,,,,,,
1,865,121.24,313.5769665,3.153701982,,,,,,,,
1,866,121.38,314.5854771,4.009154054,,,,,,,,
1,867,121.52,317.8631961,2.764860028,,,,,,,,
1,868,121.66,317.5916672,4.359111699,,,,,,,,
1,869,121.8,317.4365163,4.981258826,,,,,,,,
1,870,121.94,319.8608458,4.592417099,,,,,,,,
1,871,122.08,321.1990893,4.592417099,,,,,,,,
1,872,122.22,323.0609894,4.553532563,,,,,,,,
1,873,122.36,323.6040473,4.203574917,,,,,,,,
1,874,122.5,324.8840868,3.775848882,,,,,,,,
1,875,122.64,327.3084164,4.397995781,,,,,,,,
1,876,122.78,329.4612467,4.592417099,,,,,,,,
1,877,122.92,329.6357989,4.203574917,,,,,,,,
1,878,123.06,331.323117,3.037049282,,,,,,,,
1,879,123.2,332.2346807,4.359111699,,,,,,,,
1,880,123.34,334.3099058,4.359111699,,,,,,,,
1,881,123.48,334.3874812,4.281343536,,,,,,,,
1,882,123.62,336.7536366,4.747953881,,,,,,,,
1,883,123.76,339.3719494,3.659196409,,,,,,,,
1,884,123.9,339.7598267,2.492670774,,,,,,,,
1,885,124.04,340.3222859,4.436880317,,,,,,,,
1,886,124.18,343.2896733,3.503659627,,,,,,,,
1,887,124.32,343.9103067,4.203574917,,,,,,,,
1,888,124.46,345.1515734,4.981258826,,,,,,,,
1,889,124.6,347.4013507,4.009154054,,,,,,,,
1,890,124.74,348.5068381,3.581428018,,,,,,,,
1,891,124.88,348.0801582,4.786837962,,,,,,,,
1,892,125.02,349.4184017,4.475764399,,,,,,,,
1,893,125.16,351.4936268,4.747953881,,,,,,,,
1,894,125.3,352.6767194,4.125806754,,,,,,,,
1,895,125.44,354.0537357,3.775848882,,,,,,,,
1,896,125.58,356.7495942,4.281343536,,,,,,,,
1,897,125.72,357.234478,4.125806754,,,,,,,,
1,898,125.86,358.7666452,4.086922672,,,,,,,,
1,899,126,361.3461554,3.775848882,,,,,,,,
1,900,126.14,362.742573,2.570439165,,,,,,,,
1,901,126.28,363.3632064,4.631301181,,,,,,,,
1,902,126.42,364.6238446,3.970269972,,,,,,,,
1,903,126.56,367.6688373,4.125806754,,,,,,,,
1,904,126.7,366.9512272,4.320227617,,,,,,,,
1,905,126.84,369.9574172,2.842628419,,,,,,,,
1,906,126.98,370.4034686,4.009154054,,,,,,,,
1,907,127.12,372.4593222,4.942374744,,,,,,,,
1,908,127.26,373.8557398,4.164690836,,,,,,,,
1,909,127.4,374.1854429,4.125806754,,,,,,,,
1,910,127.54,375.6982386,4.436880317,,,,,,,,
1,911,127.68,377.8704405,3.309238764,,,,,,,,
1,912,127.82,377.7540922,5.914479516,,,,,,,,
1,913,127.96,380.7990551,3.075933591,,,,,,,,
1,914,128.1,380.7602525,4.514648481,,,,,,,,
1,915,128.24,381.4778626,5.292332389,,,,,,,,
1,916,128.38,384.716779,3.503659627,,,,,,,,
1,917,128.52,386.6174519,4.086922672,,,,,,,,
1,918,128.66,386.9277835,5.175679689,,,,,,,,
1,919,128.8,387.5290155,4.242458999,,,,,,,,
1,920,128.94,388.6345029,2.998165201,,,,,,,,
1,921,129.08,391.3497627,4.475764399,,,,,,,,
1,922,129.22,392.1061754,4.475764399,,,,,,,,
1,923,129.36,393.2310641,4.475764399,,,,,,,,
1,924,129.5,396.0820735,3.6203121,,,,,,,,
1,925,129.64,396.5475559,4.709069344,,,,,,,,
1,926,129.78,398.4288573,4.475764399,,,,,,,,
1,927,129.92,400.698036,3.231470373,,,,,,,,
1,928,130.06,401.3574421,4.475764399,,,,,,,,
1,929,130.2,401.4544189,3.7369648,,,,,,,,
1,930,130.34,403.3357203,3.659196409,,,,,,,,
1,931,130.48,406.1479568,4.631301181,,,,,,,,
1,932,130.62,406.5552354,3.7369648,,,,,,,,
1,933,130.76,407.3310196,5.642290034,,,,,,,,
1,934,130.9,408.8632166,4.086922672,,,,,,,,
1,935,131.04,411.1711681,3.970269972,,,,,,,,
1,936,131.18,412.4706089,4.436880317,,,,,,,,
1,937,131.32,413.4791493,3.853617272,,,,,,,,
1,938,131.46,415.3410494,4.125806754,,,,,,,,
1,939,131.6,415.748328,3.037049282,,,,,,,,
1,940,131.74,418.2502329,4.359111699,,,,,,,,
1,941,131.88,420.112133,4.709069344,,,,,,,,
1,942,132.02,420.3254879,3.659196409,,,,,,,,
1,943,132.16,421.5085506,5.447869171,,,,,,,,
1,944,132.3,424.1074622,4.281343536,,,,,,,,
1,945,132.44,425.5038798,4.475764399,,,,,,,,
1,946,132.58,426.6481698,3.892501354,,,,,,,,
1,947,132.72,427.6566803,4.670185263,,,,,,,,
1,948,132.86,428.6652207,5.408985089,,,,,,,,
1,949,133,429.8095107,5.020142908,,,,,,,,
1,950,133.14,432.9708219,4.397995781,,,,,,,,
1,951,133.28,434.5224202,4.048038136,,,,,,,,
1,952,133.42,433.7272346,4.709069344,,,,,,,,
1,953,133.56,435.8800352,4.553532563,,,,,,,,
1,954,133.7,438.8280511,3.114817673,,,,,,,,
1,955,133.84,439.1383529,4.825722044,,,,,,,,
1,956,133.98,440.1080906,4.086922672,,,,,,,,
1,957,134.12,441.3299561,4.514648481,,,,,,,,
1,958,134.26,443.1530535,4.631301181,,,,,,,,
1,959,134.4,445.7131624,3.192586064,,,,,,,,
1,960,134.54,444.4524944,3.464775318,,,,,,,,
1,961,134.68,446.120441,-41.87419108,,,,,,,,
1,962,134.82,448.1762946,-18.3492557,,,,,,,,
1,963,134.96,450.1739442,17.19089414,,,,,,,,
1,964,135.1,450.872153,-12.67216339,,,,,,,,
1,965,135.24,453.1025589,1.559450084,,,,,,,,
1,966,135.38,452.5982738,-47.82346878,,,,,,,,
1,967,135.52,454.1886449,-27.52592445,,,,,,,,
1,968,135.66,457.4275613,20.53493517,,,,,,,,
1,969,135.8,462.1405005,86.67694055,,,,,,,,
1,970,135.94,459.7355425,7.780920896,,,,,,,,
1,971,136.08,458.6882293,-103.4278612,,,,,,,,
1,972,136.22,464.7781551,47.36502524,,,,,,,,
1,973,136.36,465.0109112,33.13341222,,,,,,,,
1,974,136.5,466.6594565,35.8553043,,,,,,,,
1,975,136.64,466.85341,6.381089406,,,,,,,,
1,976,136.78,469.0644145,26.09537296,,,,,,,,
1,977,136.92,465.8448696,-125.708495,,,,,,,,
1,978,137.06,472.245127,49.89249646,,,,,,,,
1,979,137.2,470.6741571,-51.55635154,,,,,,,,
1,980,137.34,474.0682244,7.430962796,,,,,,,,
1,981,137.48,474.4561315,-14.22753121,,,,,,,,
1,982,137.62,478.0247509,56.96942026,,,,,,,,
1,983,137.76,479.8284769,78.70568516,,,,,,,,
1,984,137.9,480.3327322,30.99478272,,,,,,,,
1,985,138.04,481.4964235,-6.450693036,,,,,,,,
1,986,138.18,481.9618762,-9.716964996,,,,,,,,
1,987,138.32,483.2031429,-4.273178092,,,,,,,,
1,988,138.46,486.6360128,49.42588566,,,,,,,,
1,989,138.6,488.0324304,59.61354327,,,,,,,,
1,990,138.74,490.0494814,77.2669664,,,,,,,,
1,991,138.88,490.3404117,36.43856689,,,,,,,,
1,992,139.02,491.7562306,54.48083175,,,,,,,,
1,993,139.16,491.8725789,-3.573262802,,,,,,,,
1,994,139.3,491.0386205,-67.92659406,,,,,,,,
1,995,139.44,497.7104068,77.69469084,,,,,,,,
1,996,139.58,496.0230589,-13.83868857,,,,,,,,
1,997,139.72,495.5381751,-54.16159183,,,,,,,,
1,998,139.86,499.4365275,14.31346391,,,,,,,,
1,999,140,499.7468293,-0.812485439,,,,,,,,
1,1000,140.14,498.4473884,-15.47182546,,,,,,,,
1,1001,140.28,500.115335,87.72681031,,,,,,,,
1,1002,140.42,495.6351519,-7.228376489,,,,,,,,
1,1003,140.56,496.3721633,59.65242963,,,,,,,,
1,1004,140.7,493.249625,-6.878418844,,,,,,,,
1,1005,140.84,492.4738109,28.622846,,,,,,,,
1,1006,140.98,492.202282,59.61354327,,,,,,,,
1,1007,141.12,488.6142612,-18.66032835,,,,,,,,
1,1008,141.26,488.2845581,17.89081034,,,,,,,,
1,1009,141.4,485.9959781,-0.695832853,,,,,,,,
1,1010,141.54,484.1728806,-16.13285531,,,,,,,,
1,1011,141.68,482.291609,-31.10326725,,,,,,,,
1,1012,141.82,482.9316139,17.26866321,,,,,,,,
1,1013,141.96,480.546087,-15.31628732,,,,,,,,
1,1014,142.1,476.9192636,-79.90292943,,,,,,,,
1,1015,142.24,477.5204957,-12.63327886,,,,,,,,
1,1016,142.38,476.3374329,14.43011661,,,,,,,,
1,1017,142.52,476.1628807,37.37178849,,,,,,,,
1,1018,142.66,472.9433358,-10.22245942,,,,,,,,
1,1019,142.8,473.0209112,22.90687007,,,,,,,,
1,1020,142.94,476.6865373,147.1029682,,,,,,,,
1,1021,143.08,470.4996049,22.16807115,,,,,,,,
1,1022,143.22,468.2498276,12.5247916,,,,,,,,
1,1023,143.36,466.1357999,-6.722882063,,,,,,,,
1,1024,143.5,463.2847607,-53.18948752,,,,,,,,
1,1025,143.64,465.1272595,22.79021828,,,,,,,,
1,1026,143.78,461.8689716,-8.317134416,,,,,,,,
1,1027,143.92,458.2615495,-86.04663162,,,,,,,,
1,1028,144.06,461.4810646,59.76908142,,,,,,,,
1,1029,144.2,457.1560323,-30.98661546,,,,,,,,
1,1030,144.34,457.0396841,7.780920896,,,,,,,,
1,1031,144.48,456.438452,31.46139352,,,,,,,,
1,1032,144.62,452.1522224,-61.3162847,,,,,,,,
1,1033,144.76,451.7061412,-20.83784238,,,,,,,,
1,1034,144.9,452.287972,40.7935986,,,,,,,,
1,1035,145.04,450.3484964,9.686245903,,,,,,,,
1,1036,145.18,450.3484964,64.43518214,,,,,,,,
1,1037,145.32,446.8380511,-9.367006896,,,,,,,,
1,1038,145.46,446.4113712,21.50703949,,,,,,,,
1,1039,145.6,445.7131624,48.57043677,,,,,,,,
1,1040,145.74,442.2802925,-14.9274465,,,,,,,,
1,1041,145.88,442.3966706,39.70483885,,,,,,,,
1,1042,146.02,439.0607774,-8.589323443,,,,,,,,
1,1043,146.16,437.8001094,-36.819245,,,,,,,,
1,1044,146.3,435.7636869,-61.23851927,,,,,,,,
1,1045,146.44,435.6667101,-7.461681889,,,,,,,,
1,1046,146.58,434.0569377,-26.70935646,,,,,,,,
1,1047,146.72,433.7078333,17.46308408,,,,,,,,
1,1048,146.86,433.2229793,40.17144965,,,,,,,,
1,1049,147,430.4495156,20.4571661,,,,,,,,
1,1050,147.14,427.0942211,-46.96801989,,,,,,,,
1,1051,147.28,428.9367199,49.65919288,,,,,,,,
1,1052,147.42,424.9414206,-33.12524859,,,,,,,,
1,1053,147.56,424.7280657,13.10805419,,,,,,,,
1,1054,147.7,424.805671,37.79951294,,,,,,,,
1,1055,147.84,420.2285111,-61.3162847,,,,,,,,
1,1056,147.98,420.8103418,6.964352451,,,,,,,,
1,1057,148.12,418.9678431,-5.439704182,,,,,,,,
1,1058,148.26,417.7459776,-6.917303381,,,,,,,,
1,1059,148.4,415.6513512,-32.11425792,,,,,,,,
1,1060,148.54,414.7204161,0.898418932,,,,,,,,
1,1061,148.68,413.8864279,1.287260829,,,,,,,,
1,1062,148.82,414.0415788,46.85953172,,,,,,,,
1,1063,148.96,412.1409059,73.30077642,,,,,,,,
1,1064,149.1,409.1735184,1.792755256,,,,,,,,
1,1065,149.24,408.8825881,32.27795969,,,,,,,,
1,1066,149.38,405.6630731,-15.62736179,,,,,,,,
1,1067,149.52,405.4303467,16.60763155,,,,,,,,
1,1068,149.66,405.5273235,68.20695125,,,,,,,,
1,1069,149.8,403.9757252,22.40137655,,,,,,,,
1,1070,149.94,401.6289711,32.6279187,,,,,,,,
1,1071,150.08,398.3318806,-41.79642201,,,,,,,,
1,1072,150.22,398.1766999,7.975341759,,,,,,,,
1,1073,150.36,394.9959874,-58.67215805,,,,,,,,
1,1074,150.5,395.0541615,-22.12102117,,,,,,,,
1,1075,150.64,395.1123357,32.55014963,,,,,,,,
1,1076,150.78,392.0286,-10.96125925,,,,,,,,
1,1077,150.92,391.2915885,21.19596502,,,,,,,,
1,1078,151.06,389.4878924,-9.755848623,,,,,,,,
1,1079,151.2,388.9448345,5.953363598,,,,,,,,
1,1080,151.34,386.1519992,-32.89194137,,,,,,,,
1,1081,151.48,385.2792382,-14.11087851,,,,,,,,
1,1082,151.62,385.2986097,53.31430657,,,,,,,,
1,1083,151.76,383.456111,35.8553043,,,,,,,,
1,1084,151.9,382.6609552,27.49520536,,,,,,,,
1,1085,152.04,380.1008463,5.020142908,,,,,,,,
1,1086,152.18,376.4740229,-72.28162576,,,,,,,,
1,1087,152.32,378.2583475,45.45969932,,,,,,,,
1,1088,152.46,374.689728,-26.12609205,,,,,,,,
1,1089,152.6,375.6012619,44.68201587,,,,,,,,
1,1090,152.74,373.4096587,6.381089406,,,,,,,,
1,1091,152.88,370.1707423,-39.26894715,,,,,,,,
1,1092,153.02,371.2568581,32.93899135,,,,,,,,
1,1093,153.16,367.6300347,-37.55804573,,,,,,,,
1,1094,153.3,369.7052598,77.03366282,,,,,,,,
1,1095,153.44,365.8845127,-7.617218671,,,,,,,,
1,1096,153.58,364.9341762,-0.229222579,,,,,,,,
1,1097,153.72,364.2553687,22.28472295,,,,,,,,
1,1098,153.86,360.5897427,-38.2190774,,,,,,,,
1,1099,154,361.7728353,52.65327491,,,,,,,,
1,1100,154.14,359.9497378,38.96604176,,,,,,,,
1,1101,154.28,358.1848145,39.23822806,,,,,,,,
1,1102,154.42,356.090188,-2.795579121,,,,,,,,
1,1103,154.56,354.4610143,-3.767683893,,,,,,,,
1,1104,154.7,354.4028401,31.11143451,,,,,,,,
1,1105,154.84,350.9311974,-33.63074211,,,,,,,,
1,1106,154.98,350.7178426,0.74288215,,,,,,,,
1,1107,155.12,348.0413854,-25.8150194,,,,,,,,
1,1108,155.26,349.0111232,38.57720003,,,,,,,,
1,1109,155.4,338.4603858,-265.963783,,,,,,,,
1,1110,155.54,345.8303809,48.72597128,,,,,,,,
1,1111,155.68,345.1127708,44.79866766,,,,,,,,
1,1112,155.82,342.9599702,17.89081034,,,,,,,,
1,1113,155.96,340.3028846,-5.634125046,,,,,,,,
1,1114,156.1,339.2361701,1.831639452,,,,,,,,
1,1115,156.24,338.5379612,12.48590706,,,,,,,,
1,1116,156.38,336.2687826,6.69216297,,,,,,,,
1,1117,156.52,332.1183026,-97.01197268,,,,,,,,
1,1118,156.66,333.6699009,-1.823474349,,,,,,,,
1,1119,156.8,333.3207965,35.11650721,,,,,,,,
1,1120,156.94,331.4200938,29.0894568,,,,,,,,
1,1121,157.08,329.8103511,6.264437161,,,,,,,,
1,1122,157.22,330.0042748,44.40982593,,,,,,,,
1,1123,157.36,328.2005787,51.64228787,,,,,,,,
1,1124,157.5,326.086551,34.61101005,,,,,,,,
1,1125,157.64,323.8367736,-0.26810676,,,,,,,,
1,1126,157.78,320.7724094,-45.52930477,,,,,,,,
1,1127,157.92,322.2852051,44.91532309,,,,,,,,
1,1128,158.06,321.6257691,58.25259723,,,,,,,,
1,1129,158.2,317.6886439,-20.137928,,,,,,,,
1,1130,158.34,318.5420036,47.75386697,,,,,,,,
1,1131,158.48,313.4024143,-54.86150985,,,,,,,,
1,1132,158.62,315.7685697,58.91362889,,,,,,,,
1,1133,158.76,311.5987182,-56.14468682,,,,,,,,
1,1134,158.9,310.8617067,-15.43294093,,,,,,,,
1,1135,159.04,310.5126023,23.2957118,,,,,,,,
1,1136,159.18,308.8058531,3.698080491,,,,,,,,
1,1137,159.32,308.0882728,31.81134889,,,,,,,,
1,1138,159.46,303.4141362,-75.74231859,,,,,,,,
1,1139,159.6,306.1487973,66.06832176,,,,,,,,
1,1140,159.74,301.9207418,-20.44900066,,,,,,,,
1,1141,159.88,301.5134633,-15.74401358,,,,,,,,
1,1142,160.02,301.0673821,36.71075683,,,,,,,,
1,1143,160.16,298.817575,12.91363333,,,,,,,,
1,1144,160.3,297.2660065,-7.92829178,,,,,,,,
1,1145,160.44,294.841677,-32.85305866,,,,,,,,
1,1146,160.58,294.0658927,-2.640042339,,,,,,,,
1,1147,160.72,294.3761945,49.77584467,,,,,,,,
1,1148,160.86,290.1869416,-51.90631055,,,,,,,,
1,1149,161,290.8851504,22.05141755,,,,,,,,
1,1150,161.14,288.189292,-30.63666009,,,,,,,,
1,1151,161.28,286.114037,-47.08467168,,,,,,,,
1,1152,161.42,288.2086635,60.00238864,,,,,,,,
1,1153,161.56,284.6206427,-0.618064462,,,,,,,,
1,1154,161.7,283.2630277,-1.240211532,,,,,,,,
1,1155,161.84,282.7587724,20.6904715,,,,,,,,
1,1156,161.98,279.7525823,-23.17089456,,,,,,,,
1,1157,162.12,277.4058282,-35.45829895,,,,,,,,
1,1158,162.26,279.9271345,20.6904715,,,,,,,,
1,1159,162.4,277.6579559,42.66003816,,,,,,,,
1,1160,162.54,273.2941508,-36.62482413,,,,,,,,
1,1161,162.68,273.6432552,2.298249683,,,,,,,,
1,1162,162.82,271.4128494,-20.76007513,,,,,,,,
1,1163,162.96,271.3934481,25.97872117,,,,,,,,
1,1164,163.1,268.5230374,-42.96294719,,,,,,,,
1,1165,163.24,269.5315778,48.9592785,,,,,,,,
1,1166,163.38,266.4865851,-1.279095727,,,,,,,,
1,1167,163.52,265.3229237,12.95251786,,,,,,,,
1,1168,163.66,263.7907267,-3.53437872,,,,,,,,
1,1169,163.8,261.3469958,-26.00944026,,,,,,,,
1,1170,163.94,261.521548,19.95167258,,,,,,,,
1,1171,164.08,259.6014738,5.486753253,,,,,,,,
1,1172,164.22,257.8365505,0.392924449,,,,,,,,
1,1173,164.36,258.4183812,58.99139796,,,,,,,,
1,1174,164.5,254.9079359,-17.76599129,,,,,,,,
1,1175,164.64,254.2485297,8.403067113,,,,,,,,
1,1176,164.78,252.6193857,2.570439165,,,,,,,,
1,1177,164.92,248.2555658,-82.39151794,,,,,,,,
1,1178,165.06,249.7683465,3.348122846,,,,,,,,
1,1179,165.2,248.0422258,0.159619319,,,,,,,,
1,1180,165.34,245.4239279,-51.51746882,,,,,,,,
1,1181,165.48,245.2881634,-14.07199397,,,,,,,,
1,1182,165.62,243.9111471,-6.334040336,,,,,,,,
1,1183,165.76,242.6892817,8.79190975,,,,,,,,
1,1184,165.9,239.6249175,-40.78543134,,,,,,,,
1,1185,166.04,240.5558527,10.30839303,,,,,,,,
1,1186,166.18,238.0151451,-24.68737694,,,,,,,,
1,1187,166.32,235.8817309,-25.581714,,,,,,,,
1,1188,166.46,236.0562831,14.74119017,,,,,,,,
1,1189,166.6,233.4573865,-20.44900066,,,,,,,,
1,1190,166.74,233.4961891,2.453786465,,,,,,,,
1,1191,166.88,231.8088412,2.376018074,,,,,,,,
1,1192,167.02,229.4814736,-22.54874744,,,,,,,,
1,1193,167.16,230.3154469,38.81050361,,,,,,,,
1,1194,167.3,225.9128541,-43.00182991,,,,,,,,
1,1195,167.44,225.7189006,-6.061850854,,,,,,,,
1,1196,167.58,225.3697962,21.93476575,,,,,,,,
1,1197,167.72,223.5272974,0.081850942,,,,,,,,
1,1198,167.86,221.2581187,-17.1827287,,,,,,,,
1,1199,168,219.6871489,-17.14384416,,,,,,,,
1,1200,168.14,216.8555111,-88.10748841,,,,,,,,
1,1201,168.28,217.6119089,18.00746213,,,,,,,,
1,1202,168.42,216.3318545,-11.42786914,,,,,,,,
1,1203,168.56,212.0844126,-77.10326463,,,,,,,,
1,1204,168.7,212.5886828,-18.19371755,,,,,,,,
1,1205,168.84,214.3148035,80.64989379,,,,,,,,
1,1206,168.98,209.272176,-41.99084287,,,,,,,,
1,1207,169.12,208.670944,-12.90546788,,,,,,,,
1,1208,169.26,208.9618742,34.06663382,,,,,,,,
1,1209,169.4,205.9750855,-4.778672519,,,,,,,,
1,1210,169.54,205.9168965,35.6997698,,,,,,,,
1,1211,169.68,203.8804591,0.54846123,,,,,,,,
1,1212,169.82,202.9107213,17.89081034,,,,,,,,
1,1213,169.96,201.9603699,47.83163604,,,,,,,,
1,1214,170.1,197.383225,-74.42025526,,,,,,,,
1,1215,170.24,199.0123838,12.44702344,,,,,,,,
1,1216,170.38,199.3420869,70.34558075,,,,,,,,
1,1217,170.52,194.1249073,-38.76345363,,,,,,,,
1,1218,170.66,193.9697564,6.264437161,,,,,,,,
1,1219,170.8,191.0993308,-34.09735291,,,,,,,,
1,1220,170.94,191.0411566,-4.545367574,,,,,,,,
1,1221,171.08,190.5562878,53.97533823,,,,,,,,
1,1222,171.22,187.9767925,3.853617272,,,,,,,,
1,1223,171.36,187.5307113,20.72935604,,,,,,,,
1,1224,171.5,186.9876534,40.48252231,,,,,,,,
1,1225,171.64,184.7184747,20.76824057,,,,,,,,
1,1226,171.78,181.460157,-14.14976214,,,,,,,,
1,1227,171.92,180.5486083,-9.872501323,,,,,,,,
1,1228,172.06,179.8503995,7.042121069,,,,,,,,
1,1229,172.2,177.5618196,-21.34333772,,,,,,,,
1,1230,172.34,176.7472476,-9.094817869,,,,,,,,
1,1231,172.48,170.7348824,-185.4735019,,,,,,,,
1,1232,172.62,175.079301,28.58396147,,,,,,,,
1,1233,172.76,174.1677523,42.81557631,,,,,,,,
1,1234,172.9,171.7046201,26.28979382,,,,,,,,
1,1235,173.04,170.5021411,19.44617725,,,,,,,,
1,1236,173.18,168.5238928,3.931385891,,,,,,,,
1,1237,173.32,166.5650159,-18.38813841,,,,,,,,
1,1238,173.46,168.4463024,81.42757724,,,,,,,,
1,1239,173.6,165.4595137,36.47745325,,,,,,,,
1,1240,173.74,163.0739719,-7.772755453,,,,,,,,
1,1241,173.88,158.5162133,-97.78965614,,,,,,,,
1,1242,174.02,161.1926854,36.59410504,,,,,,,,
1,1243,174.16,159.1950208,25.12326864,,,,,,,,
1,1244,174.3,157.0034176,-33.08636224,,,,,,,,
1,1245,174.44,156.8482667,39.74372521,,,,,,,,
1,1246,174.58,154.4045359,-16.44392978,,,,,,,,
1,1247,174.72,154.1717947,32.04465611,,,,,,,,
1,1248,174.86,153.7063271,66.18496991,,,,,,,,
1,1249,175,149.827376,-26.82600825,,,,,,,,
1,1250,175.14,148.1012553,-21.07114778,,,,,,,,
1,1251,175.28,146.8793899,-9.989154023,,,,,,,,
1,1252,175.42,147.3642439,35.11650721,,,,,,,,
1,1253,175.56,145.5023587,4.903490208,,,,,,,,
1,1254,175.7,143.989563,18.04634667,,,,,,,,
1,1255,175.84,143.4077322,31.6946971,,,,,,,,
1,1256,175.98,141.6040212,46.00407919,,,,,,,,
1,1257,176.12,141.5264457,78.82233331,,,,,,,,
1,1258,176.26,137.4147683,-0.03480163,,,,,,,,
1,1259,176.4,137.2014135,5.797826816,,,,,,,,
1,1260,176.54,134.5249414,-10.68906931,,,,,,,,
1,1261,176.68,133.3224773,-14.03310944,,,,,,,,
1,1262,176.82,131.286025,-25.581714,,,,,,,,
1,1263,176.96,129.4047385,-37.71358024,,,,,,,,
1,1264,177.1,129.5017153,1.053955657,,,,,,,,
1,1265,177.24,128.3962131,15.01338011,,,,,,,,
1,1266,177.38,127.523452,43.3988389,,,,,,,,
1,1267,177.52,121.3171482,-120.1869454,,,,,,,,
1,1268,177.66,123.4505624,-12.51662616,,,,,,,,
1,1269,177.8,121.3171482,-27.9536489,,,,,,,,
1,1270,177.94,118.4079424,-70.29853441,,,,,,,,
1,1271,178.08,119.397074,-17.76599129,,,,,,,,
1,1272,178.22,116.5848374,-67.49886961,,,,,,,,
1,1273,178.36,116.3908914,-4.389830792,,,,,,,,
1,1274,178.5,115.6926826,-4.234294011,,,,,,,,
1,1275,178.64,114.3738404,-3.145536766,,,,,,,,
1,1276,178.78,106.2668487,-208.4929438,,,,,,,,
1,1277,178.92,112.5895232,53.11988571,,,,,,,,
1,1278,179.06,109.8160818,8.130878086,,,,,,,,
1,1279,179.2,109.4863713,27.96181434,,,,,,,,
1,1280,179.34,105.2195355,-61.47182285,,,,,,,,
1,1281,179.48,105.9565321,19.36840818,,,,,,,,
1,1282,179.62,104.9092188,21.58480856,,,,,,,,
1,1283,179.76,102.872774,11.55268637,,,,,,,,
1,1284,179.9,99.92477298,-41.17427306,,,,,,,,
1,1285,180.04,99.69203919,-17.68822403,,,,,,,,
1,1286,180.18,98.8580659,-1.706821763,,,,,,,,
1,1287,180.32,95.67733109,-38.25796011,,,,,,,,
1,1288,180.46,94.18393672,-50.5453645,,,,,,,,
1,1289,180.6,95.98764777,50.39799362,,,,,,,,
1,1290,180.74,94.4942534,37.76063022,,,,,,,,
1,1291,180.88,90.16923606,-50.23429185,,,,,,,,
1,1292,181.02,90.80925584,2.998165201,,,,,,,,
1,1293,181.16,88.85039389,-11.89447903,,,,,,,,
1,1294,181.3,84.77750421,-102.3391014,,,,,,,,
1,1295,181.44,87.37639338,30.87812729,,,,,,,,
1,1296,181.58,85.68905294,23.10129094,,,,,,,,
1,1297,181.72,84.37021077,35.11650721,,,,,,,,
1,1298,181.86,81.24766499,-19.2047064,,,,,,,,
1,1299,182,79.87064123,-41.40758028,,,,,,,,
1,1300,182.14,78.18330079,-18.3492557,,,,,,,,
1,1301,182.28,76.80627704,-22.9764737,,,,,,,,
1,1302,182.42,75.99169761,12.56367614,,,,,,,,
1,1303,182.56,74.90558922,-6.372924418,,,,,,,,
1,1304,182.7,73.78070056,-1.745705958,,,,,,,,
1,1305,182.84,70.96846402,-42.53521911,,,,,,,,
1,1306,182.98,71.12362236,23.37348087,,,,,,,,
1,1307,183.12,69.59144026,8.053109923,,,,,,,,
1,1308,183.26,64.66518342,-93.356859,,,,,,,,
1,1309,183.4,68.13683361,50.78683535,,,,,,,,
1,1310,183.54,62.97784299,-58.43885447,,,,,,,,
1,1311,183.68,64.16092068,-0.229222579,,,,,,,,
1,1312,183.82,60.30137092,-73.72033724,,,,,,,,
1,1313,183.96,59.50618908,-55.01704436,,,,,,,,
1,1314,184.1,59.89408121,3.075933591,,,,,,,,
1,1315,184.24,58.22613835,-7.656102753,,,,,,,,
1,1316,184.38,55.87937683,-41.71865294,,,,,,,,
1,1317,184.52,54.69629914,-18.03818122,,,,,,,,
1,1318,184.66,55.53027242,40.98801946,,,,,,,,
1,1319,184.8,50.68159103,-60.57748396,,,,,,,,
1,1320,184.94,52.93137953,34.45547554,,,,,,,,
1,1321,185.08,50.31309277,4.359111699,,,,,,,,
1,1322,185.22,48.81969839,18.70737833,,,,,,,,
1,1323,185.36,41.29454866,-163.4261716,,,,,,,,
1,1324,185.5,44.99894008,3.464775318,,,,,,,,
1,1325,185.64,42.36125946,-58.28331632,,,,,,,,
1,1326,185.78,42.28368029,-16.98830783,,,,,,,,
1,1327,185.92,41.74062982,15.90771535,,,,,,,,
1,1328,186.06,38.48231584,-43.77951336,,,,,,,,
1,1329,186.2,37.78410703,-34.2140047,,,,,,,,
1,1330,186.34,36.89194843,-7.500565971,,,,,,,,
1,1331,186.48,36.03858128,-13.02212058,,,,,,,,
1,1332,186.62,35.0882411,18.39630386,,,,,,,,
1,1333,186.76,34.3706347,26.8341737,,,,,,,,
1,1334,186.9,30.4335095,-37.36362487,,,,,,,,
1,1335,187.04,27.69885398,-76.79218834,,,,,,,,
1,1336,187.18,28.9013274,-2.212316303,,,,,,,,
1,1337,187.32,28.6298003,40.3269878,,,,,,,,
1,1338,187.46,26.82609111,12.5247916,,,,,,,,
1,1339,187.6,23.41262251,-31.18103632,,,,,,,,
1,1340,187.74,23.56777899,27.80627801,,,,,,,,
1,1341,187.88,22.40409702,7.353194178,,,,,,,,
1,1342,188.02,23.27685989,103.0471831,,,,,,,,
1,1343,188.16,17.1675235,-62.71611346,,,,,,,,
1,1344,188.3,18.19544286,5.836710898,,,,,,,,
1,1345,188.44,16.21718332,-6.217387636,,,,,,,,
1,1346,188.58,15.71292058,28.93391866,,,,,,,,
1,1347,188.72,14.8595525,34.88319999,,,,,,,,
1,1348,188.86,12.00852916,1.520566002,,,,,,,,
1,1349,189,8.672637865,-71.77612861,,,,,,,,
1,1350,189.14,9.681163356,15.67441177,,,,,,,,
1,1351,189.28,7.702902425,-7.578334589,,,,,,,,
1,1352,189.42,6.674982142,-9.56142776,,,,,,,,
1,1353,189.56,5.705246702,8.247530786,,,,,,,,
1,1354,189.7,2.330566058,-41.79642201,,,,,,,,
1,1355,189.84,2.4857237,-5.323051482,,,,,,,,
1,1356,189.98,2.156013623,37.02182948,,,,,,,,
1,1357,190.12,-1.160482876,-14.30529937,,,,,,,,
1,1358,190.26,-1.335035311,23.33459634,,,,,,,,
1,1359,190.4,-3.895137692,-13.33319415,,,,,,,,
1,1360,190.54,-4.942452535,-9.716964996,,,,,,,,
1,1361,190.68,-4.826084245,41.45463026,,,,,,,,
1,1362,190.82,-6.30008243,30.52817192,,,,,,,,
1,1363,190.96,-9.597184137,-45.14046304,,,,,,,,
1,1364,191.1,-9.092921391,33.60002302,,,,,,,,
1,1365,191.24,-11.38149761,3.931385891,,,,,,,,
1,1366,191.38,-12.60336488,16.02436896,,,,,,,,
1,1367,191.52,-13.67007475,28.81726687,,,,,,,,
1,1368,191.66,-15.86167701,-3.145536766,,,,,,,,
1,1369,191.8,-17.45204441,-0.26810676,,,,,,,,
1,1370,191.94,-14.85315245,116.9677271,,,,,,,,
1,1371,192.08,-19.58546229,11.94152901,,,,,,,,
1,1372,192.22,-22.16495946,-24.33741975,,,,,,,,
1,1373,192.36,-22.51406573,14.27458028,,,,,,,,
1,1374,192.5,-24.45353568,-8.044944479,,,,,,,,
1,1375,192.64,-27.98337489,-62.01620272,,,,,,,,
1,1376,192.78,-27.45971829,-20.137928,,,,,,,,
1,1377,192.92,-28.7785586,-7.228376489,,,,,,,,
1,1378,193.06,-28.99190038,24.77331145,,,,,,,,
1,1379,193.2,-31.24168701,-6.450693036,,,,,,,,
1,1380,193.34,-31.68776631,30.45040285,,,,,,,,
1,1381,193.48,-34.55818444,-9.017049706,,,,,,,,
1,1382,193.62,-35.14002636,4.786837962,,,,,,,,
1,1383,193.76,-37.2928381,-17.14384416,,,,,,,,
1,1384,193.9,-37.40920499,32.20019062,,,,,,,,
1,1385,194.04,-39.89173099,-28.10918704,,,,,,,,
1,1386,194.18,-40.82267731,-2.328968776,,,,,,,,
1,1387,194.32,-43.32459345,-29.47013309,,,,,,,,
1,1388,194.46,-44.97314617,-19.39912727,,,,,,,,
1,1389,194.6,-45.43861747,-3.651031193,,,,,,,,
1,1390,194.74,-46.2531969,0.74288215,,,,,,,,
1,1391,194.88,-50.40366575,-74.92575241,,,,,,,,
1,1392,195.02,-49.45332557,-5.517472346,,,,,,,,
1,1393,195.16,-52.38192901,-50.38982636,,,,,,,,
1,1394,195.3,-53.09953168,-38.10242197,,,,,,,,
1,1395,195.44,-54.01108414,-18.31037116,,,,,,,,
1,1396,195.58,-56.20268732,-35.30276081,,,,,,,,
1,1397,195.72,-55.96994981,5.836710898,,,,,,,,
1,1398,195.86,-57.92881548,-7.033955626,,,,,,,,
1,1399,196,-60.54710224,-34.6806155,,,,,,,,
1,1400,196.14,-61.94352359,-41.36869393,,,,,,,,
1,1401,196.28,-60.76044589,34.57212733,,,,,,,,
1,1402,196.42,-62.69991398,4.009154054,,,,,,,,
1,1403,196.56,-64.91091102,-8.006060852,,,,,,,,
1,1404,196.7,-67.39343703,-25.97055573,,,,,,,,
1,1405,196.84,-67.25767255,9.569593203,,,,,,,,
1,1406,196.98,-70.53538412,-56.61129762,,,,,,,,
1,1407,197.12,-71.3499561,-19.86573807,,,,,,,,
1,1408,197.26,-72.57182896,-27.09819819,,,,,,,,
1,1409,197.4,-72.99850881,-1.045790555,,,,,,,,
1,1410,197.54,-74.78282601,-25.23175681,,,,,,,,
1,1411,197.68,-76.19863749,-22.7431683,,,,,,,,
1,1412,197.82,-77.75021344,-14.344183,,,,,,,,
1,1413,197.96,-78.06053013,17.19089414,,,,,,,,
1,1414,198.1,-80.27152717,-16.44392978,,,,,,,,
1,1415,198.24,-82.05584437,-22.43209383,,,,,,,,
1,1416,198.38,-83.2195282,-14.6941411,,,,,,,,
1,1417,198.52,-83.72379094,21.00154416,,,,,,,,
1,1418,198.66,-86.78815514,-45.56818749,,,,,,,,
1,1419,198.8,-89.40643817,-72.00943946,,,,,,,,
1,1420,198.94,-89.6197781,-28.4202597,,,,,,,,
1,1421,199.08,-81.99765533,214.6448096,,,,,,,,
1,1422,199.22,-90.29859304,11.98041264,,,,,,,,
1,1423,199.36,-94.83695775,-64.07705951,,,,,,,,
1,1424,199.5,-94.91454065,-46.26810187,,,,,,,,
1,1425,199.64,-94.68179941,5.992247679,,,,,,,,
1,1426,199.78,-97.74617106,-40.5132414,,,,,,,,
1,1427,199.92,-98.50256145,-16.21062438,,,,,,,,
1,1428,200.06,-100.6747708,-38.95787449,,,,,,,,
1,1429,200.2,-102.2457406,-34.75838457,,,,,,,,
1,1430,200.34,-103.3124477,-27.33150177,,,,,,,,
1,1431,200.48,-105.542846,-66.99337246,,,,,,,,
1,1432,200.62,-107.1719974,-63.64933506,,,,,,,,
1,1433,200.76,-107.6374725,-28.53691331,,,,,,,,
1,1434,200.9,-109.5963418,-47.1235544,,,,,,,,
1,1435,201.04,-110.1393923,-31.72541619,,,,,,,,
1,1436,201.18,-110.449709,2.18159721,,,,,,,,
1,1437,201.32,-113.5140732,-40.78543134,,,,,,,,
1,1438,201.46,-113.4558842,-8.472670743,,,,,,,,
1,1439,201.6,-115.7444641,-23.17089456,,,,,,,,
1,1440,201.74,-117.1602756,-21.26556865,,,,,,,,
1,1441,201.88,-119.4100678,-56.41687676,,,,,,,,
1,1442,202.02,-119.313091,2.570439165,,,,,,,,
1,1443,202.16,-117.1796694,108.1021328,,,,,,,,
1,1444,202.3,-122.4550381,-16.83277151,,,,,,,,
1,1445,202.44,-124.5884523,-28.77021689,,,,,,,,
1,1446,202.58,-125.5387962,-26.90377733,,,,,,,,
1,1447,202.72,-126.0624528,-9.79473316,,,,,,,,
1,1448,202.86,-127.9631406,-26.94266004,,,,,,,,
1,1449,203,-129.6116859,-18.15483301,,,,,,,,
1,1450,203.14,-130.0383657,-14.18864667,,,,,,,,
1,1451,203.28,-131.7063123,-3.106652684,,,,,,,,
1,1452,203.42,-134.634912,-41.17427306,,,,,,,,
1,1453,203.56,-133.6070001,17.34643047,,,,,,,,
1,1454,203.7,-135.1585686,19.21287185,,,,,,,,
1,1455,203.84,-136.2834722,20.02943984,,,,,,,,
1,1456,203.98,-137.3113841,21.31261863,,,,,,,,
1,1457,204.12,-139.5805627,9.02521424,,,,,,,,
1,1458,204.26,-141.2679106,-10.14469126,,,,,,,,
1,1459,204.4,-146.5044767,-108.4828036,,,,,,,,
1,1460,204.54,-143.0328339,34.53324098,,,,,,,,
1,1461,204.68,-146.5432793,-39.54113708,,,,,,,,
1,1462,204.82,-149.5688409,-77.06438191,,,,,,,,
1,1463,204.96,-148.2306123,-1.473516591,,,,,,,,
1,1464,205.1,-149.7433931,-2.873347512,,,,,,,,
1,1465,205.24,-152.4780542,-46.96801989,,,,,,,,
1,1466,205.38,-153.5447687,-36.70259321,,,,,,,,
1,1467,205.52,-156.4733684,-76.01450488,,,,,,,,
1,1468,205.66,-155.7557583,-7.617218671,,,,,,,,
1,1469,205.8,-157.2491527,-16.79388697,,,,,,,,
1,1470,205.94,-158.8783115,-23.87080895,,,,,,,,
1,1471,206.08,-159.4407558,-4.195409929,,,,,,,,
1,1472,206.22,-161.4772081,-22.78205284,,,,,,,,
1,1473,206.36,-163.8821512,-58.74992712,,,,,,,,
1,1474,206.5,-164.9682522,-34.56396007,,,,,,,,
1,1475,206.64,-166.3840711,-39.96886517,,,,,,,,
1,1476,206.78,-173.7346649,-200.8327574,,,,,,,,
1,1477,206.92,-169.487223,-25.97055573,,,,,,,,
1,1478,207.06,-169.8169261,-15.19963553,,,,,,,,
1,1479,207.2,-170.1078564,31.30585537,,,,,,,,
1,1480,207.34,-171.7176139,6.342205324,,,,,,,,
1,1481,207.48,-173.8316417,-23.40419996,,,,,,,,
1,1482,207.62,-176.1977971,-33.94181476,,,,,,,,
1,1483,207.76,-176.6244769,-27.75922803,,,,,,,,
1,1484,207.9,-178.1760603,30.33375106,,,,,,,,
1,1485,208.04,-181.1822355,-52.45069042,,,,,,,,
1,1486,208.18,-181.7834675,-55.40588609,,,,,,,,
1,1487,208.32,-182.4041009,-19.59354813,,,,,,,,
1,1488,208.46,-185.8563572,-132.8631915,,,,,,,,
1,1489,208.6,-185.8563572,-34.44730828,,,,,,,,
1,1490,208.74,-185.8757585,1.36502922,,,,,,,,
1,1491,208.88,-186.4576042,18.39630386,,,,,,,,
1,1492,209.02,-189.715907,-32.03648885,,,,,,,,
1,1493,209.16,-189.8710728,16.60763155,,,,,,,,
1,1494,209.3,-191.9850856,-1.356864118,,,,,,,,
1,1495,209.44,-193.1681633,5.136795608,,,,,,,,
1,1496,209.58,-195.0882524,-18.73809742,,,,,,,,
1,1497,209.72,-196.6010332,-23.48196722,,,,,,,,
1,1498,209.86,-198.6374855,-48.17342779,,,,,,,,
1,1499,210,-201.1587918,-85.6188999,,,,,,,,
1,1500,210.14,-200.8290887,-36.19709605,,,,,,,,
1,1501,210.28,-202.3418695,-25.93167119,,,,,,,,
1,1502,210.42,-203.0206919,-10.84460655,,,,,,,,
1,1503,210.56,-205.8717012,-68.70427751,,,,,,,,
1,1504,210.7,-207.9469413,-70.18187898,,,,,,,,
1,1505,210.84,-207.1323693,2.687091637,,,,,,,,
1,1506,210.98,-209.0718299,-21.84883124,,,,,,,,
1,1507,211.12,-209.8282278,-17.33826502,,,,,,,,
1,1508,211.26,-211.748302,-35.49718167,,,,,,,,
1,1509,211.4,-215.8211917,-100.90039,,,,,,,,
1,1510,211.54,-215.8793807,-57.27232929,,,,,,,,
1,1511,211.68,-215.2393609,-3.41772602,,,,,,,,
1,1512,211.82,-216.1315084,28.73949779,,,,,,,,
1,1513,211.96,-217.6249027,-5.517472346,,,,,,,,
1,1514,212.1,-222.0662981,-68.70427751,,,,,,,,
1,1515,212.24,-222.6093411,-58.51662354,,,,,,,,
1,1516,212.38,-222.8808701,-15.70513086,,,,,,,,
1,1517,212.52,-224.3354768,-13.21654145,,,,,,,,
1,1518,212.66,-227.7683467,-79.94181215,,,,,,,,
1,1519,212.8,-226.9343734,0.976187266,,,,,,,,
1,1520,212.94,-228.3695787,-29.9756266,,,,,,,,
1,1521,213.08,-230.2702665,-25.8150194,,,,,,,,
1,1522,213.22,-233.1794649,-69.52085096,,,,,,,,
1,1523,213.36,-233.7031215,-57.81670552,,,,,,,,
1,1524,213.5,-233.295843,-4.117641311,,,,,,,,
1,1525,213.64,-233.4122062,35.54423165,,,,,,,,
1,1526,213.78,-237.6208603,-50.66201629,,,,,,,,
1,1527,213.92,-238.7069613,-37.40250759,,,,,,,,
1,1528,214.06,-239.017278,-5.478588264,,,,,,,,
1,1529,214.2,-241.1506921,-33.66962483,,,,,,,,
1,1530,214.34,-241.965279,-3.962104984,,,,,,,,
1,1531,214.48,-244.4477975,-40.5132414,,,,,,,,
1,1532,214.62,-245.7860261,-40.9798522,,,,,,,,
1,1533,214.76,-248.5788763,-75.23682143,,,,,,,,
1,1534,214.9,-247.531563,-22.43209383,,,,,,,,
1,1535,215.04,-247.744903,41.72681656,,,,,,,,
1,1536,215.18,-250.1692474,-11.07791104,,,,,,,,
1,1537,215.32,-252.2056699,-26.16497659,,,,,,,,
1,1538,215.46,-255.0567091,-63.84375592,,,,,,,,
1,1539,215.6,-254.3196976,-1.356864118,,,,,,,,
1,1540,215.74,-255.8906674,-0.890253773,,,,,,,,
1,1541,215.88,-257.1707368,1.015071462,,,,,,,,
1,1542,216.02,-259.4011128,-22.12102117,,,,,,,,
1,1543,216.16,-261.6121173,-46.38475366,,,,,,,,
1,1544,216.3,-263.2606626,-55.56142423,,,,,,,,
1,1545,216.44,-262.7564073,-17.02719237,,,,,,,,
1,1546,216.58,-264.9092078,-23.63750536,,,,,,,,
1,1547,216.72,-267.2753632,-60.81079118,,,,,,,,
1,1548,216.86,-269.5251703,-79.20301141,,,,,,,,
1,1549,217,-270.7858086,-84.21907114,,,,,,,,
1,1550,217.14,-270.5336809,-29.3534813,,,,,,,,
1,1551,217.28,-271.4258432,-19.74908628,,,,,,,,
1,1552,217.42,-273.0937898,-20.52676973,,,,,,,,
1,1553,217.56,-276.7787874,-79.16412869,,,,,,,,
1,1554,217.7,-276.4490843,-29.89785935,,,,,,,,
1,1555,217.84,-278.1364322,-33.35855217,,,,,,,,
1,1556,217.98,-278.4079313,-4.700904356,,,,,,,,
1,1557,218.12,-281.2395692,-93.86234888,,,,,,,,
1,1558,218.26,-283.1402421,-72.20386033,,,,,,,,
1,1559,218.4,-285.2542698,-97.12862084,,,,,,,,
1,1560,218.54,-283.8578522,-15.51070818,,,,,,,,
1,1561,218.68,-287.504077,-62.40504445,,,,,,,,
1,1562,218.82,-287.445873,-28.03141797,,,,,,,,
1,1563,218.96,-288.9586687,-49.26218389,,,,,,,,
1,1564,219.1,-290.2193367,-31.25880539,,,,,,,,
1,1565,219.24,-292.0036316,-27.60369171,,,,,,,,
1,1566,219.38,-293.4582531,-48.71780766,,,,,,,,
1,1567,219.52,-295.9989607,-51.90631055,,,,,,,,
1,1568,219.66,-295.1455712,-34.99168815,,,,,,,,
1,1569,219.8,-298.3457148,-77.10326463,,,,,,,,
1,1570,219.94,-296.98807,9.336287803,,,,,,,,
1,1571,220.08,-301.7785847,-99.26725033,,,,,,,,
1,1572,220.22,-301.681608,-34.2140047,,,,,,,,
1,1573,220.36,-303.039223,-36.23598241,,,,,,,,
1,1574,220.5,-306.8794012,-92.22921653,,,,,,,,
1,1575,220.64,-305.1920533,-8.667091606,,,,,,,,
1,1576,220.78,-305.8514595,-2.912231594,,,,,,,,
1,1577,220.92,-310.6613457,-107.5106993,,,,,,,,
1,1578,221.06,-309.1291785,-21.38222226,,,,,,,,
1,1579,221.2,-310.7777238,-29.50901762,,,,,,,,
1,1580,221.34,-312.3680949,-20.29346433,,,,,,,,
1,1581,221.48,-313.1438792,-19.28247548,,,,,,,,
1,1582,221.62,-318.0119395,-114.432085,,,,,,,,
1,1583,221.76,-316.7900741,-45.80149107,,,,,,,,
1,1584,221.9,-318.5938001,-30.55889101,,,,,,,,
1,1585,222.04,-318.7683523,-22.00436938,,,,,,,,
1,1586,222.18,-321.755141,-76.55888476,,,,,,,,
1,1587,222.32,-322.6666749,-51.7507724,,,,,,,,
1,1588,222.46,-322.1236467,-12.98323696,,,,,,,,
1,1589,222.6,-325.5371153,-47.08467168,,,,,,,,
1,1590,222.74,-326.5262246,-36.11933062,,,,,,,,
1,1591,222.88,-327.4765611,-20.48788519,,,,,,,,
1,1592,223.02,-331.0452104,-72.12608762,,,,,,,,
1,1593,223.16,-332.8101337,-104.6721518,,,,,,,,
1,1594,223.3,-332.7325583,-52.99506665,,,,,,,,
1,1595,223.44,-334.6138299,-63.4549142,,,,,,,,
1,1596,223.58,-333.5083425,6.614394806,,,,,,,,
1,1597,223.72,-335.8938694,-18.07706576,,,,,,,,
1,1598,223.86,-337.678194,-37.2858558,,,,,,,,
1,1599,224,-341.2856162,-105.8386842,,,,,,,,
1,1600,224.14,-340.5486047,-37.4413903,,,,,,,,
1,1601,224.28,-343.1668878,-62.32727173,,,,,,,,
1,1602,224.42,-344.5827067,-71.03733515,,,,,,,,
1,1603,224.56,-346.0955024,-70.92067972,,,,,,,,
1,1604,224.7,-346.231252,-41.60200115,,,,,,,,
1,1605,224.84,-348.2677042,-52.64511128,,,,,,,,
1,1606,224.98,-350.0132263,-80.48619202,,,,,,,,
1,1607,225.12,-349.6835232,-24.76514601,,,,,,,,
1,1608,225.26,-351.4096439,-28.96463775,,,,,,,,
1,1609,225.4,-353.9503515,-62.67723074,,,,,,,,
1,1610,225.54,-353.6788225,-10.06692219,,,,,,,,
1,1611,225.68,-355.9286296,-43.81839972,,,,,,,,
1,1612,225.82,-355.2304208,10.69723476,,,,,,,,
1,1613,225.96,-358.2753837,-5.828545909,,,,,,,,
1,1614,226.1,-360.2342606,-59.06099977,,,,,,,,
1,1615,226.24,-362.6973927,-79.786274,,,,,,,,
1,1616,226.38,-363.80288,-79.5140877,,,,,,,,
1,1617,226.52,-366.1690354,-89.27401359,,,,,,,,
1,1618,226.66,-363.6283278,11.55268637,,,,,,,,
1,1619,226.8,-367.4297035,-47.39574433,,,,,,,,
1,1620,226.94,-369.3691492,-67.77106319,,,,,,,,
1,1621,227.08,-369.1752255,-22.08213664,,,,,,,,
1,1622,227.22,-369.5631027,-2.989999984,,,,,,,,
1,1623,227.36,-372.8408217,-44.79050403,,,,,,,,
1,1624,227.5,-375.5366802,-76.90884377,,,,,,,,
1,1625,227.64,-374.9160469,-23.28754636,,,,,,,,
1,1626,227.78,-376.9136965,-59.68314872,,,,,,,,
1,1627,227.92,-379.6871603,-94.44561147,,,,,,,,
1,1628,228.06,-381.1999261,-75.85897401,,,,,,,,
1,1629,228.2,-382.2278678,-58.59439261,,,,,,,,
1,1630,228.34,-383.6824596,-66.48788258,,,,,,,,
1,1631,228.48,-384.4582438,-49.57326018,,,,,,,,
1,1632,228.62,-386.5528703,-92.46252012,,,,,,,,
1,1633,228.76,-388.0074918,-99.03394675,,,,,,,,
1,1634,228.9,-389.6560371,-98.37291873,,,,,,,,
1,1635,229.04,-390.1021183,-85.92997619,,,,,,,,
1,1636,229.18,-394.0974176,-135.9350426,,,,,,,,
1,1637,229.32,-392.1385705,-33.08636224,,,,,,,,
1,1638,229.46,-392.3712969,-20.72119059,,,,,,,,
1,1639,229.6,-394.0974176,-15.16075099,,,,,,,,
1,1640,229.74,-397.123009,-69.87080269,,,,,,,,
1,1641,229.88,-397.6854384,-21.57664312,,,,,,,,
1,1642,230.02,-399.2952108,-30.13116475,,,,,,,,
1,1643,230.16,-400.9243548,-52.25626956,,,,,,,,
1,1644,230.3,-400.6528258,-16.56058157,,,,,,,,
1,1645,230.44,-403.4262896,-49.80656377,,,,,,,,
1,1646,230.58,-404.8227072,-43.81839972,,,,,,,,
1,1647,230.72,-408.0616236,-99.07282947,,,,,,,,
1,1648,230.86,-407.9646468,-53.38390838,,,,,,,,
1,1649,231,-410.7768834,-121.0812843,,,,,,,,
1,1650,231.14,-414.8109853,-177.4633565,,,,,,,,
1,1651,231.28,-412.8133357,-65.12693653,,,,,,,,
1,1652,231.42,-412.7551317,-25.85390394,,,,,,,,
1,1653,231.56,-415.1019156,-62.71611346,,,,,,,,
1,1654,231.7,-417.1189666,-71.50394231,,,,,,,,
1,1655,231.84,-417.5456464,-53.50056381,,,,,,,,
1,1656,231.98,-419.3299413,-66.33234443,,,,,,,,
1,1657,232.12,-422.6464331,-117.1150943,,,,,,,,
1,1658,232.26,-423.2864678,-87.99084026,,,,,,,,
1,1659,232.4,-422.1227765,-36.15821333,,,,,,,,
1,1660,232.54,-426.0987043,-108.0939619,,,,,,,,
1,1661,232.68,-427.495122,-113.3822152,,,,,,,,
1,1662,232.82,-427.6115,-72.82600563,,,,,,,,
1,1663,232.96,-430.6176603,-111.8268483,,,,,,,,
1,1664,233.1,-429.0466905,-9.211470569,,,,,,,,
1,1665,233.24,-433.4298968,-117.0373289,,,,,,,,
1,1666,233.38,-433.7596297,-82.27486251,,,,,,,,
1,1667,233.52,-432.731688,-20.99338053,,,,,,,,
1,1668,233.66,-434.6323907,-38.2190774,,,,,,,,
1,1669,233.8,-436.494261,-30.86996367,,,,,,,,
1,1670,233.94,-438.1428361,-46.26810187,,,,,,,,
1,1671,234.08,-441.9635832,-120.3036009,,,,,,,,
1,1672,234.22,-442.6811934,-104.6332691,,,,,,,,
1,1673,234.36,-444.8533952,-115.5597274,,,,,,,,
1,1674,234.5,-447.6074576,-160.0043615,,,,,,,,
1,1675,234.64,-446.8898475,-102.6890604,,,,,,,,
1,1676,234.78,-448.1698871,-91.33487765,,,,,,,,
1,1677,234.92,-448.7517476,-81.61383448,,,,,,,,
1,1678,235.06,-449.2172003,-51.36193067,,,,,,,,
1,1679,235.2,-450.9239495,-41.29092486,,,,,,,,
1,1680,235.34,-449.973613,-3.301073548,,,,,,,,
1,1681,235.48,-454.8998475,-76.17004303,,,,,,,,
1,1682,235.62,-457.4211836,-123.7254037,,,,,,,,
1,1683,235.76,-458.2163692,-125.3974333,,,,,,,,
1,1684,235.9,-458.0224156,-55.7558451,,,,,,,,
1,1685,236.04,-461.0479772,-109.0660662,,,,,,,,
1,1686,236.18,-460.0200653,-34.2140047,,,,,,,,
1,1687,236.32,-463.0844295,-97.0508554,,,,,,,,
1,1688,236.46,-463.3753598,-55.2892343,,,,,,,,
1,1689,236.6,-465.023905,-59.1776552,,,,,,,,
1,1690,236.74,-467.6615894,-93.55127986,,,,,,,,
1,1691,236.88,-468.7476754,-85.73555533,,,,,,,,
1,1692,237.02,-471.5211391,-127.7693664,,,,,,,,
1,1693,237.16,-471.7732668,-101.7558388,,,,,,,,
1,1694,237.3,-470.415622,-38.56903277,,,,,,,,
1,1695,237.44,-474.6048748,-85.73555533,,,,,,,,
1,1696,237.58,-474.8764038,-79.35854956,,,,,,,,
1,1697,237.72,-477.0486355,-80.0584603,,,,,,,,
1,1698,237.86,-477.5528908,-66.29346171,,,,,,,,
1,1699,238,-479.9384475,-100.0449338,,,,,,,,
1,1700,238.14,-479.7056913,-61.00521205,,,,,,,,
1,1701,238.28,-480.4233015,-41.67977022,,,,,,,,
1,1702,238.42,-484.9616587,-102.961254,,,,,,,,
1,1703,238.56,-485.0780368,-88.92406186,,,,,,,,
1,1704,238.7,-480.9469581,61.20780017,,,,,,,,
1,1705,238.84,-488.3751273,-105.9942151,,,,,,,,
1,1706,238.98,-488.7048602,-63.68821778,,,,,,,,
1,1707,239.12,-489.1121387,-44.44054503,,,,,,,,
1,1708,239.26,-490.2176261,-39.54113708,,,,,,,,
1,1709,239.4,-492.8359091,-74.61467612,,,,,,,,
1,1710,239.54,-494.6590364,-92.81247912,,,,,,,,
1,1711,239.68,-495.9390759,-65.20470197,,,,,,,,
1,1712,239.82,-496.3075817,-32.73640323,,,,,,,,
1,1713,239.96,-499.9537766,-108.6772245,,,,,,,,
1,1714,240.1,-500.6132126,-108.7938799,,,,,,,,
1,1715,240.24,-500.3610849,-68.15990491,,,,,,,,
1,1716,240.38,-503.2120943,-95.53437121,,,,,,,,
1,1717,240.52,-507.168591,-150.7110428,,,,,,,,
1,1718,240.66,-507.6922774,-144.7617542,,,,,,,,
1,1719,240.8,-506.1795115,-63.49379692,,,,,,,,
1,1720,240.94,-508.5844398,-78.34756252,,,,,,,,
1,1721,241.08,-511.0669732,-117.0762116,,,,,,,,
1,1722,241.22,-512.1336579,-99.96716835,,,,,,,,
1,1723,241.36,-511.978507,-55.83361417,,,,,,,,
1,1724,241.5,-514.3446326,-73.68145452,,,,,,,,
1,1725,241.64,-514.2282844,-61.82178186,,,,,,,,
1,1726,241.78,-516.7884231,-102.2224533,,,,,,,,
1,1727,241.92,-521.5594769,-200.2883703,,,,,,,,
1,1728,242.06,-521.7728615,-152.0330989,,,,,,,,
1,1729,242.2,-522.6262212,-138.8902456,,,,,,,,
1,1730,242.34,-523.32443,-103.1167849,,,,,,,,
1,1731,242.48,-525.6130099,-142.4675866,,,,,,,,
1,1732,242.62,-524.6626735,-88.37968198,,,,,,,,
1,1733,242.76,-528.2312632,-158.6434082,,,,,,,,
1,1734,242.9,-529.0458798,-140.0567708,,,,,,,,
1,1735,243.04,-530.3065181,-120.6535599,,,,,,,,
1,1736,243.18,-531.819284,-123.0254857,,,,,,,,
1,1737,243.32,-532.6532722,-111.4380066,,,,,,,,
1,1738,243.46,-534.8448753,-119.6036828,,,,,,,,
1,1739,243.6,-536.1055136,-117.8538951,,,,,,,,
1,1740,243.74,-536.2219214,-88.02972297,,,,,,,,
1,1741,243.88,-538.0256176,-93.356859,,,,,,,,
1,1742,244.02,-539.732337,-108.5994591,,,,,,,,
1,1743,244.16,-539.2862558,-60.53860125,,,,,,,,
1,1744,244.3,-540.9736037,-84.53014743,,,,,,,,
1,1745,244.44,-545.4537868,-164.4371514,,,,,,,,
1,1746,244.58,-545.725286,-115.4430793,,,,,,,,
1,1747,244.72,-541.7494178,-11.03902741,,,,,,,,
1,1748,244.86,-547.7811694,-120.3813663,,,,,,,,
1,1749,245,-549.2551327,-116.6096044,,,,,,,,
1,1750,245.14,-554.6469092,-233.6121252,,,,,,,,
1,1751,245.28,-552.5910258,-149.5445031,,,,,,,,
1,1752,245.42,-555.2675128,-151.799788,,,,,,,,
1,1753,245.56,-555.9463501,-148.2613297,,,,,,,,
1,1754,245.7,-557.4397445,-144.9561823,,,,,,,,
1,1755,245.84,-560.9113574,-199.2385078,,,,,,,,
1,1756,245.98,-558.7585568,-108.9494181,,,,,,,,
1,1757,246.12,-562.7150536,-190.9950515,,,,,,,,
1,1758,246.26,-563.839972,-191.5783214,,,,,,,,
1,1759,246.4,-565.5661225,-195.7389322,,,,,,,,
1,1760,246.54,-567.3116446,-220.4692719,,,,,,,,
1,1761,246.68,-567.5249696,-181.7017328,,,,,,,,
1,1762,246.82,-567.9128766,-158.5656428,,,,,,,,
1,1763,246.96,-569.231689,-141.6121377,,,,,,,,
1,1764,247.1,-569.7553754,-129.2469678,,,,,,,,
1,1765,247.24,-569.6389675,-87.67976396,,,,,,,,
1,1766,247.38,-575.0307441,-209.0373164,,,,,,,,
1,1767,247.52,-572.0439553,-70.37629985,,,,,,,,
1,1768,247.66,-576.4077306,-159.5766371,,,,,,,,
1,1769,247.8,-580.1315308,-239.4447511,,,,,,,,
1,1770,247.94,-578.7739158,-149.3889722,,,,,,,,
1,1771,248.08,-580.6745887,-167.8978442,,,,,,,,
1,1772,248.22,-582.8855634,-218.7194768,,,,,,,,
1,1773,248.36,-580.3254843,-99.15060218,,,,,,,,
1,1774,248.5,-583.312273,-129.013657,,,,,,,,
1,1775,248.64,-587.8506303,-219.6915884,,,,,,,,
1,1776,248.78,-587.5208974,-171.3196543,,,,,,,,
1,1777,248.92,-585.8529806,-90.63495963,,,,,,,,
1,1778,249.06,-589.7901058,-171.5529652,,,,,,,,
1,1779,249.2,-591.8265581,-178.7854271,,,,,,,,
1,1780,249.34,-592.2920108,-141.6121377,,,,,,,,
1,1781,249.48,-594.8521495,-173.613822,,,,,,,,
1,1782,249.62,-592.951417,-99.96716835,,,,,,,,
1,1783,249.76,-598.2655883,-190.3340308,,,,,,,,
1,1784,249.9,-600.1275182,-234.0787323,,,,,,,,
1,1785,250.04,-599.6038318,-204.4489811,,,,,,,,
1,1786,250.18,-600.5735397,-168.9088385,,,,,,,,
1,1787,250.32,-602.6294231,-187.5732414,,,,,,,,
1,1788,250.46,-602.571249,-141.3010614,,,,,,,,
1,1789,250.6,-604.9761772,-177.8133155,,,,,,,,
1,1790,250.74,-607.7690125,-243.79979,,,,,,,,
1,1791,250.88,-607.6526642,-167.5090025,,,,,,,,
1,1792,251.02,-609.5533371,-188.2731594,,,,,,,,
1,1793,251.16,-613.1025553,-256.2427253,,,,,,,,
1,1794,251.3,-610.9885573,-159.6932852,,,,,,,,
1,1795,251.44,-612.2491956,-169.336563,,,,,,,,
1,1796,251.58,-615.701437,-219.8082366,,,,,,,,
1,1797,251.72,-615.2553558,-182.0905745,,,,,,,,
1,1798,251.86,-617.6797152,-220.8969963,,,,,,,,
1,1799,252,-619.192481,-215.1032531,,,,,,,,
1,1800,252.14,-621.1319566,-230.0736669,,,,,,,,
1,1801,252.28,-623.226583,-276.6180551,,,,,,,,
1,1802,252.42,-623.2653856,-218.3695324,,,,,,,,
1,1803,252.56,-623.4981418,-185.9401091,,,,,,,,
1,1804,252.7,-627.6097894,-278.71778,,,,,,,,
1,1805,252.84,-625.5539656,-182.4405335,,,,,,,,
1,1806,252.98,-628.1140447,-236.0618382,,,,,,,,
1,1807,253.12,-631.7602992,-302.1649609,,,,,,,,
1,1808,253.26,-633.2730651,-289.7609083,,,,,,,,
1,1809,253.4,-634.5143318,-289.2942866,,,,,,,,
1,1810,253.54,-635.8719468,-292.7938767,,,,,,,,
1,1811,253.68,-635.6779933,-254.9595374,,,,,,,,
1,1812,253.82,-638.7035847,-321.3348682,,,,,,,,
1,1813,253.96,-637.4429464,-219.886002,,,,,,,,
1,1814,254.1,-641.554594,-307.1032406,,,,,,,,
1,1815,254.24,-643.2807446,-339.9992711,,,,,,,,
1,1816,254.38,-644.9292898,-344.8209027,,,,,,,,
1,1817,254.52,-644.6577311,-282.3340183,,,,,,,,
1,1818,254.66,-646.2287307,-305.0812811,,,,,,,,
1,1819,254.8,-648.8082409,-340.5436582,,,,,,,,
1,1820,254.94,-648.3427286,-285.2892212,,,,,,,,
1,1821,255.08,-649.79738,-308.3475458,,,,,,,,
1,1822,255.22,-650.0882506,-287.3500634,,,,,,,,
1,1823,255.36,-652.7647376,-304.8479557,,,,,,,,
1,1824,255.5,-656.1200619,-379.0390037,,,,,,,,
1,1825,255.64,-655.3054452,-321.7236954,,,,,,,,
1,1826,255.78,-657.8849554,-368.8124416,,,,,,,,
1,1827,255.92,-658.6995125,-340.582541,,,,,,,,
1,1828,256.06,-661.3566279,-377.172546,,,,,,,,
1,1829,256.2,-662.2099876,-385.2215887,,,,,,,,
1,1830,256.34,-663.0245447,-359.2858266,,,,,,,,
1,1831,256.48,-663.5676026,-359.363592,,,,,,,,
1,1832,256.62,-664.1494632,-334.4388388,,,,,,,,
1,1833,256.76,-669.4248319,-445.3754227,,,,,,,,
1,1834,256.9,-669.9872613,-419.4785433,,,,,,,,
1,1835,257.04,-668.9399481,-369.745685,,,,,,,,
1,1836,257.18,-669.8514819,-365.1573497,,,,,,,,
1,1837,257.32,-672.6443172,-392.4929188,,,,,,,,
1,1838,257.46,-666.4767861,-199.9773085,,,,,,,,
1,1839,257.6,-676.1159897,-428.227504,,,,,,,,
1,1840,257.74,-677.3572564,-420.3339922,,,,,,,,
1,1841,257.88,-677.0469546,-384.0550489,,,,,,,,
1,1842,258.02,-680.8289289,-443.1201378,,,,,,,,
1,1843,258.16,-682.0701361,-446.9696723,,,,,,,,
1,1844,258.3,-684.145391,-477.9214796,,,,,,,,
1,1845,258.44,-683.0399036,-404.935854,,,,,,,,
1,1846,258.58,-685.4836345,-454.2410315,,,,,,,,
1,1847,258.72,-684.9405766,-405.9857456,,,,,,,,
1,1848,258.86,-686.3757968,-406.8800772,,,,,,,,
1,1849,259,-688.4897947,-453.891058,,,,,,,,
1,1850,259.14,-687.0740056,-361.8132905,,,,,,,,
1,1851,259.28,-693.8815713,-531.0372799,,,,,,,,
1,1852,259.42,-690.700829,-388.7989151,,,,,,,,
1,1853,259.56,-692.0196414,-406.6856636,,,,,,,,
1,1854,259.7,-696.4028478,-506.3458229,,,,,,,,
1,1855,259.84,-698.3035207,-504.5571597,,,,,,,,
1,1856,259.98,-697.4889636,-457.1962054,,,,,,,,
1,1857,260.12,-699.4866133,-474.0330623,,,,,,,,
1,1858,260.26,-702.4345994,-542.5081472,,,,,,,,
1,1859,260.4,-704.1607499,-526.9544781,,,,,,,,
1,1860,260.54,-704.6068311,-517.6222185,,,,,,,,
1,1861,260.68,-704.7231793,-498.8800501,,,,,,,,
1,1862,260.82,-708.2918286,-553.0846538,,,,,,,,
1,1863,260.96,-711.2398148,-607.4447301,,,,,,,,
1,1864,261.1,-711.2591863,-571.0879923,,,,,,,,
1,1865,261.24,-712.5392556,-572.1767666,,,,,,,,
1,1866,261.38,-713.5090232,-575.8318584,,,,,,,,
1,1867,261.52,-717.8146243,-636.6078742,,,,,,,,
1,1868,261.66,-718.6486125,-640.0296697,,,,,,,,
1,1869,261.8,-718.3188796,-593.6408415,,,,,,,,
1,1870,261.94,-716.6121602,-521.1218377,,,,,,,,
1,1871,262.08,-719.6571231,-583.9198129,,,,,,,,
1,1872,262.22,-722.0814824,-605.7338323,,,,,,,,
1,1873,262.36,-722.3724127,-582.5588596,,,,,,,,
1,1874,262.5,-724.5445848,-622.7651029,,,,,,,,
1,1875,262.64,-727.3180485,-680.0026167,,,,,,,,
1,1876,262.78,-726.7361879,-603.6729319,,,,,,,,
1,1877,262.92,-729.7423482,-650.6839418,,,,,,,,
1,1878,263.06,-727.1822691,-565.8775335,,,,,,,,
1,1879,263.2,-731.2357426,-637.3466458,,,,,,,,
1,1880,263.34,-734.3583107,-688.5960465,,,,,,,,
1,1881,263.48,-734.474659,-657.2942366,,,,,,,,
1,1882,263.62,-736.5692854,-681.36357,,,,,,,,
1,1883,263.76,-739.3427491,-724.2528372,,,,,,,,
1,1884,263.9,-740.1185632,-713.7540961,,,,,,,,
1,1885,264.04,-741.8446541,-730.0854777,,,,,,,,
1,1886,264.18,-741.9222593,-698.744785,,,,,,,,
1,1887,264.32,-741.1852479,-639.1353672,,,,,,,,
1,1888,264.46,-743.8811064,-686.6517942,,,,,,,,
1,1889,264.6,-744.9478507,-694.4675697,,,,,,,,
1,1890,264.74,-746.8678951,-719.5089711,,,,,,,,
1,1891,264.88,-749.6607304,-746.300153,,,,,,,,
1,1892,265.02,-748.7103939,-684.7076002,,,,,,,,
1,1893,265.16,-753.3845305,-779.0017407,,,,,,,,
1,1894,265.3,-753.9857626,-760.9595195,,,,,,,,
1,1895,265.44,-755.9058666,-801.7101209,,,,,,,,
1,1896,265.58,-756.7010522,-783.7456651,,,,,,,,
1,1897,265.72,-756.4682961,-746.572332,,,,,,,,
1,1898,265.86,-756.2743425,-693.9620362,,,,,,,,
1,1899,266,-760.4054213,-767.6864625,,,,,,,,
1,1900,266.14,-759.2999339,-718.2257832,,,,,,,,
1,1901,266.28,-763.8964653,-807.9704712,,,,,,,,
1,1902,266.42,-765.3510571,-806.2984562,,,,,,,,
1,1903,266.56,-763.6249661,-750.655192,,,,,,,,
1,1904,266.7,-767.3099637,-804.4709102,,,,,,,,
1,1905,266.84,-766.8638825,-735.3737019,,,,,,,,
1,1906,266.98,-768.4736252,-782.5402427,,,,,,,,
1,1907,267.12,-771.2664604,-809.681369,,,,,,,,
1,1908,267.26,-770.6264257,-753.6492776,,,,,,,,
1,1909,267.4,-772.7404833,-795.2942397,,,,,,,,
1,1910,267.54,-774.8351097,-811.3534423,,,,,,,,
1,1911,267.68,-778.1515718,-867.4632991,,,,,,,,
1,1912,267.82,-776.3866782,-781.6458819,,,,,,,,
1,1913,267.96,-778.2873511,-803.0710742,,,,,,,,
1,1914,268.1,-781.2741399,-858.5976902,,,,,,,,
1,1915,268.24,-780.2074552,-785.8842728,,,,,,,,
1,1916,268.38,-781.4292908,-784.5622022,,,,,,,,
1,1917,268.52,-784.5906019,-837.2113807,,,,,,,,
1,1918,268.66,-785.754323,-843.2384348,,,,,,,,
1,1919,268.8,-787.9652977,-866.4522902,,,,,,,,
1,1920,268.94,-789.1290188,-861.5917759,,,,,,,,
1,1921,269.08,-789.3035412,-832.7785763,,,,,,,,
1,1922,269.22,-791.5533185,-878.9341082,,,,,,,,
1,1923,269.36,-792.4649119,-852.8817561,,,,,,,,
1,1924,269.5,-795.3159213,-898.3762236,,,,,,,,
1,1925,269.64,-794.1910028,-835.2671866,,,,,,,,
1,1926,269.78,-800.3391623,-965.6070033,,,,,,,,
1,1927,269.92,-798.7681627,-896.2764987,,,,,,,,
1,1928,270.06,-802.2010326,-944.1429283,,,,,,,,
1,1929,270.2,-799.7573018,-867.0744719,,,,,,,,
1,1930,270.34,-801.5028238,-860.308588,,,,,,,,
1,1931,270.48,-807.3212504,-996.1311007,,,,,,,,
1,1932,270.62,-804.2568564,-869.4463759,,,,,,,,
1,1933,270.76,-806.972146,-914.0854236,,,,,,,,
1,1934,270.9,-808.7952137,-907.7084251,,,,,,,,
1,1935,271.04,-816.3785934,-1086.381264,,,,,,,,
1,1936,271.18,-811.4911318,-937.5326335,,,,,,,,
1,1937,271.32,-814.1481876,-968.9121507,,,,,,,,
1,1938,271.46,-813.1978512,-908.7971994,,,,,,,,
1,1939,271.6,-812.6353621,-861.6695413,,,,,,,,
1,1940,271.74,-817.1543479,-950.7532232,,,,,,,,
1,1941,271.88,-816.572547,-901.4480747,,,,,,,,
1,1942,272.02,-819.0744519,-943.0930368,,,,,,,,
1,1943,272.16,-821.421206,-951.2198158,,,,,,,,
1,1944,272.3,-822.8951693,-972.2172981,,,,,,,,
1,1945,272.44,-822.7400184,-939.3212968,,,,,,,,
1,1946,272.58,-826.5995979,-1021.094737,,,,,,,,
1,1947,272.72,-827.2590041,-999.3973654,,,,,,,,
1,1948,272.86,-828.5002708,-992.864836,,,,,,,,
1,1949,273,-829.877317,-990.1040467,,,,,,,,
1,1950,273.14,-830.9440017,-990.2206948,,,,,,,,
1,1951,273.28,-833.6980343,-1033.343258,,,,,,,,
1,1952,273.42,-835.7539177,-1041.1978,,,,,,,,
1,1953,273.56,-836.5103006,-1054.496272,,,,,,,,
1,1954,273.7,-836.8982077,-1024.594298,,,,,,,,
1,1955,273.84,-838.1394148,-1019.772724,,,,,,,,
1,1956,273.98,-839.8267627,-1032.060129,,,,,,,,
1,1957,274.12,-842.6778316,-1084.787073,,,,,,,,
1,1958,274.26,-838.7407064,-935.3550849,,,,,,,,
1,1959,274.4,-842.251122,-1004.841179,,,,,,,,
1,1960,274.54,-844.5978761,-1026.071957,,,,,,,,
1,1961,274.68,-846.4791775,-1044.30865,,,,,,,,
1,1962,274.82,-848.5544324,-1066.744793,,,,,,,,
1,1963,274.96,-847.6622701,-1008.535153,,,,,,,,
1,1964,275.1,-850.8429527,-1065.111603,,,,,,,,
1,1965,275.24,-855.4201126,-1148.051582,,,,,,,,
1,1966,275.38,-853.1897664,-1050.141174,,,,,,,,
1,1967,275.52,-853.9267182,-1041.508978,,,,,,,,
1,1968,275.66,-855.3231359,-1054.690685,,,,,,,,
1,1969,275.8,-858.8724136,-1095.169107,,,,,,,,
1,1970,275.94,-862.7707362,-1181.219821,,,,,,,,
1,1971,276.08,-862.2083068,-1133.431098,,,,,,,,
1,1972,276.22,-863.9925718,-1135.919709,,,,,,,,
1,1973,276.36,-861.9755507,-1060.601091,,,,,,,,
1,1974,276.5,-863.9343977,-1073.199557,,,,,,,,
1,1975,276.64,-866.0678267,-1081.715222,,,,,,,,
1,1976,276.78,-865.5441999,-1033.615437,,,,,,,,
1,1977,276.92,-868.2012558,-1079.615438,,,,,,,,
1,1978,277.06,-869.4230914,-1073.199557,,,,,,,,
1,1979,277.2,-873.5154271,-1158.394851,,,,,,,,
1,1980,277.34,-873.2438684,-1136.425184,,,,,,,,
1,1981,277.48,-873.495996,-1098.707551,,,,,,,,
1,1982,277.62,-875.9203553,-1117.566368,,,,,,,,
1,1983,277.76,-879.5665503,-1180.908759,,,,,,,,
1,1984,277.9,-876.4246106,-1019.85049,,,,,,,,
1,1985,278.04,-879.7605038,-1110.100653,,,,,,,,
1,1986,278.18,-883.4066987,-1176.359248,,,,,,,,
1,1987,278.32,-882.0490837,-1112.628146,,,,,,,,
1,1988,278.46,-885.2880001,-1162.788714,,,,,,,,
1,1989,278.6,-884.8807216,-1128.259581,,,,,,,,
1,1990,278.74,-884.2213154,-1079.732087,,,,,,,,
1,1991,278.88,-890.466392,-1188.996714,,,,,,,,
1,1992,279.02,-888.9148235,-1131.44808,,,,,,,,
1,1993,279.16,-890.5245662,-1135.569764,,,,,,,,
1,1994,279.3,-894.2095637,-1199.806458,,,,,,,,
1,1995,279.44,-894.287169,-1178.109087,,,,,,,,
1,1996,279.58,-895.9938884,-1183.202956,,,,,,,,
1,1997,279.72,-897.3708749,-1183.5529,,,,,,,,
1,1998,279.86,-896.459341,-1127.326395,,,,,,,,
2,1999,280,-899.7564316,-1178.536797,,,,,,,,
2,2000,280.14,-895.431459,-1090.036356,,,,,,,,
2,2001,280.28,-894.5974708,-1109.517412,,,,,,,,
2,2002,280.42,-896.246016,-1173.94852,,,,,,,,
2,2003,280.56,-895.2762485,-1177.29255,,,,,,,,
2,2004,280.7,-899.0000486,-1370.858052,,,,,,,,
2,2005,280.84,-890.3500438,-1118.616317,,,,,,,,
2,2006,280.98,-890.5051947,-1156.917191,,,,,,,,
2,2007,281.12,-888.8178468,-1137.980609,,,,,,,,
2,2008,281.26,-887.0916963,-1121.415989,,,,,,,,
2,2009,281.4,-887.6929283,-1157.18937,,,,,,,,
2,2010,281.54,-883.9497566,-1096.918946,,,,,,,,
2,2011,281.68,-883.3873272,-1118.149725,,,,,,,,
2,2012,281.82,-882.1848631,-1126.470859,,,,,,,,
2,2013,281.96,-880.1677823,-1090.464182,,,,,,,,
2,2014,282.1,-878.1895041,-1068.883343,,,,,,,,
2,2015,282.24,-876.6379356,-1067.522448,,,,,,,,
2,2016,282.38,-875.9785295,-1086.225733,,,,,,,,
2,2017,282.52,-874.5627403,-1084.398245,,,,,,,,
2,2018,282.66,-872.7396131,-1074.599335,,,,,,,,
2,2019,282.8,-869.9467778,-1019.033836,,,,,,,,
2,2020,282.94,-870.0825572,-1045.436249,,,,,,,,
2,2021,283.08,-868.9770103,-1059.356728,,,,,,,,
2,2022,283.22,-866.8436408,-1043.608645,,,,,,,,
2,2023,283.36,-864.6326065,-1001.069322,,,,,,,,
2,2024,283.5,-860.8312607,-932.0499375,,,,,,,,
2,2025,283.64,-862.1500731,-1009.079511,,,,,,,,
2,2026,283.78,-864.3029332,-1091.475133,,,,,,,,
2,2027,283.92,-860.9476089,-1044.541947,,,,,,,,
2,2028,284.06,-857.6311469,-991.5427072,,,,,,,,
2,2029,284.2,-857.4953675,-1027.782797,,,,,,,,
2,2030,284.34,-857.2626114,-1037.309412,,,,,,,,
2,2031,284.48,-852.1424532,-946.4759496,,,,,,,,
2,2032,284.62,-852.3363471,-986.9544301,,,,,,,,
2,2033,284.76,-853.7521958,-1044.30865,,,,,,,,
2,2034,284.9,-853.2091379,-1070.74983,,,,,,,,
2,2035,285.04,-847.8562236,-952.6196518,,,,,,,,
2,2036,285.18,-847.0028043,-982.5993329,,,,,,,,
2,2037,285.32,-844.0160155,-929.2113828,,,,,,,,
2,2038,285.46,-845.2379107,-991.7371208,,,,,,,,
2,2039,285.6,-842.7941799,-967.5511974,,,,,,,,
2,2040,285.74,-843.0463076,-1002.274803,,,,,,,,
2,2041,285.88,-842.1153426,-1011.412591,,,,,,,,
2,2042,286.02,-839.0315771,-968.2900272,,,,,,,,
2,2043,286.16,-838.760078,-1000.408316,,,,,,,,
2,2044,286.3,-835.9478116,-939.6323585,,,,,,,,
2,2045,286.44,-834.2022896,-936.0550321,,,,,,,,
2,2046,286.58,-832.8641057,-934.383017,,,,,,,,
2,2047,286.72,-832.9610229,-961.7574397,,,,,,,,
2,2048,286.86,-831.8749666,-979.0608892,,,,,,,,
2,2049,287,-828.9657235,-936.8326864,,,,,,,,
2,2050,287.14,-828.0735612,-952.036411,,,,,,,,
2,2051,287.28,-825.4358768,-904.7532221,,,,,,,,
2,2052,287.42,-825.0674009,-922.2511435,,,,,,,,
2,2053,287.56,-824.7959018,-954.1750187,,,,,,,,
2,2054,287.7,-821.1496472,-897.7152174,,,,,,,,
2,2055,287.84,-823.5740066,-978.5165312,,,,,,,,
2,2056,287.98,-819.8114634,-930.8056324,,,,,,,,
2,2057,288.12,-816.4755702,-871.6239245,,,,,,,,
2,2058,288.26,-816.2621856,-905.3365211,,,,,,,,
2,2059,288.4,-815.9906864,-932.5942956,,,,,,,,
2,2060,288.54,-813.7409091,-904.5588085,,,,,,,,
2,2061,288.68,-813.333571,-932.672061,,,,,,,,
2,2062,288.82,-811.5298748,-910.0803873,,,,,,,,
2,2063,288.96,-809.648633,-896.5875604,,,,,,,,
2,2064,289.1,-811.1807704,-967.9400246,,,,,,,,
2,2065,289.24,-808.0000281,-910.7802762,,,,,,,,
2,2066,289.38,-805.1878214,-875.0068373,,,,,,,,
2,2067,289.52,-805.4787517,-905.2976384,,,,,,,,
2,2068,289.66,-803.4422994,-901.409192,,,,,,,,
2,2069,289.8,-800.4748821,-858.7532211,,,,,,,,
2,2070,289.94,-797.4493504,-810.3424334,,,,,,,,
2,2071,290.08,-801.4058471,-942.9763886,,,,,,,,
2,2072,290.22,-796.5183854,-856.6534962,,,,,,,,
2,2073,290.36,-796.382606,-894.5267182,,,,,,,,
2,2074,290.5,-792.2321558,-806.0262771,,,,,,,,
2,2075,290.64,-788.43081,-761.2316986,,,,,,,,
2,2076,290.78,-791.0296917,-849.6154333,,,,,,,,
2,2077,290.92,-791.5727496,-894.1378328,,,,,,,,
2,2078,291.06,-789.1483903,-860.3863535,,,,,,,,
2,2079,291.2,-779.5286179,-647.8842697,,,,,,,,
2,2080,291.34,-787.9652977,-878.3119847,,,,,,,,
2,2081,291.48,-783.9699984,-829.6289598,,,,,,,,
2,2082,291.62,-784.9009633,-885.5444612,,,,,,,,
2,2083,291.76,-781.3129425,-822.3576588,,,,,,,,
2,2084,291.9,-780.5953026,-844.5216226,,,,,,,,
2,2085,292.04,-777.8800726,-801.2046455,,,,,,,,
2,2086,292.18,-777.5115371,-834.9172422,,,,,,,,
2,2087,292.32,-776.2897015,-815.9806603,,,,,,,,
2,2088,292.46,-774.6799588,-809.3703073,,,,,,,,
2,2089,292.6,-772.5465298,-799.6881614,,,,,,,,
2,2090,292.74,-771.4216113,-804.9763856,,,,,,,,
2,2091,292.88,-768.8809037,-772.9358622,,,,,,,,
2,2092,293.02,-770.4131007,-843.8217337,,,,,,,,
2,2093,293.16,-766.6117549,-775.8521242,,,,,,,,
2,2094,293.3,-766.3208246,-819.0525114,,,,,,,,
2,2095,293.44,-766.5535212,-840.0888182,,,,,,,,
2,2096,293.58,-763.9352679,-802.2156544,,,,,,,,
2,2097,293.72,-761.5690827,-796.0719522,,,,,,,,
2,2098,293.86,-760.9484792,-803.1488396,,,,,,,,
2,2099,294,-761.7048621,-845.6492797,,,,,,,,
2,2100,294.14,-759.358108,-827.7236484,,,,,,,,
2,2101,294.28,-751.3675094,-646.4844337,,,,,,,,
2,2102,294.42,-753.1324029,-749.0609423,,,,,,,,
2,2103,294.56,-752.1044612,-746.4168011,,,,,,,,
2,2104,294.7,-752.2790432,-769.3195948,,,,,,,,
2,2105,294.84,-751.2511015,-782.2680636,,,,,,,,
2,2106,294.98,-749.1176724,-742.4506475,,,,,,,,
2,2107,295.12,-747.1394539,-742.9561228,,,,,,,,
2,2108,295.26,-745.7236052,-739.5343273,,,,,,,,
2,2109,295.4,-743.8423038,-741.5562868,,,,,,,,
2,2110,295.54,-745.0060248,-796.3052485,,,,,,,,
2,2111,295.68,-743.8035607,-793.8944036,,,,,,,,
2,2112,295.82,-739.3427491,-707.4937457,,,,,,,,
2,2113,295.96,-738.7608886,-731.4075483,,,,,,,,
2,2114,296.1,-739.1294241,-765.8200338,,,,,,,,
2,2115,296.24,-736.6662621,-750.4996611,,,,,,,,
2,2116,296.38,-737.3062968,-795.3720051,,,,,,,,
2,2117,296.52,-732.2636843,-698.0837788,,,,,,,,
2,2118,296.66,-732.0309281,-721.608696,,,,,,,,
2,2119,296.8,-731.003046,-729.2299997,,,,,,,,
2,2120,296.94,-729.257524,-717.7591906,,,,,,,,
2,2121,297.08,-729.9751043,-760.6873405,,,,,,,,
2,2122,297.22,-726.8331647,-727.5968674,,,,,,,,
2,2123,297.36,-725.3203988,-724.6416644,,,,,,,,
2,2124,297.5,-726.3095379,-780.673814,,,,,,,,
2,2125,297.64,-723.2839465,-737.5901332,,,,,,,,
2,2126,297.78,-721.5965986,-735.5292328,,,,,,,,
2,2127,297.92,-719.4437981,-695.7895821,,,,,,,,
2,2128,298.06,-716.5151834,-657.6442393,,,,,,,,
2,2129,298.2,-716.1272764,-675.2198678,,,,,,,,
2,2130,298.34,-717.2909379,-745.5224986,,,,,,,,
2,2131,298.48,-714.9248123,-711.1877203,,,,,,,,
2,2132,298.62,-713.7611508,-721.8031096,,,,,,,,
2,2133,298.76,-712.3259306,-711.8487847,,,,,,,,
2,2134,298.9,-710.5222344,-696.5284119,,,,,,,,
2,2135,299.04,-708.466351,-682.3356962,,,,,,,,
2,2136,299.18,-707.477212,-703.2164722,,,,,,,,
2,2137,299.32,-705.9062719,-692.173373,,,,,,,,
2,2138,299.46,-706.2165737,-745.6391468,,,,,,,,
2,2139,299.6,-703.0940652,-682.4134616,,,,,,,,
2,2140,299.74,-702.3957968,-706.1327924,,,,,,,,
2,2141,299.88,-697.9932189,-619.3433073,,,,,,,,
2,2142,300.02,-697.6829171,-641.7794502,,,,,,,,
2,2143,300.16,-696.0537434,-637.3077631,,,,,,,,
2,2144,300.3,-697.1786618,-690.1902962,,,,,,,,
2,2145,300.44,-693.9203143,-651.1505344,,,,,,,,
2,2146,300.58,-695.7628131,-729.7743578,,,,,,,,
2,2147,300.72,-694.172442,-710.954424,,,,,,,,
2,2148,300.86,-688.4510517,-616.1548081,,,,,,,,
2,2149,301,-689.7310615,-677.59183,,,,,,,,
2,2150,301.14,-687.0740056,-625.0592414,,,,,,,,
2,2151,301.28,-687.9273653,-687.3906241,,,,,,,,
2,2152,301.42,-685.5224371,-659.0051344,,,,,,,,
2,2153,301.56,-685.6581569,-700.3001519,,,,,,,,
2,2154,301.7,-683.0205321,-664.6044785,,,,,,,,
2,2155,301.84,-681.4107299,-656.7887613,,,,,,,,
2,2156,301.98,-679.2385578,-633.1083132,,,,,,,,
2,2157,302.12,-677.7257323,-631.0862955,,,,,,,,
2,2158,302.26,-675.5923033,-608.5723871,,,,,,,,
2,2159,302.4,-673.8662124,-600.01784,,,,,,,,
2,2160,302.54,-673.3813286,-623.9705253,,,,,,,,
2,2161,302.68,-672.2176671,-635.5968653,,,,,,,,
2,2162,302.82,-671.7327833,-637.3855285,,,,,,,,
2,2163,302.96,-671.7909575,-669.6594064,,,,,,,,
2,2164,303.1,-667.1556234,-593.6408415,,,,,,,,
2,2165,303.24,-666.7871475,-625.4092441,,,,,,,,
2,2166,303.38,-666.3216352,-626.4590775,,,,,,,,
2,2167,303.52,-661.5117788,-541.7304346,,,,,,,,
2,2168,303.66,-665.7592058,-678.3694844,,,,,,,,
2,2169,303.8,-661.8996859,-633.0305478,,,,,,,,
2,2170,303.94,-658.6995125,-576.2596265,,,,,,,,
2,2171,304.08,-659.8438025,-635.8690443,,,,,,,,
2,2172,304.22,-658.3698392,-631.1640609,,,,,,,,
2,2173,304.36,-656.1006308,-607.0947857,,,,,,,,
2,2174,304.5,-654.471457,-606.472604,,,,,,,,
2,2175,304.64,-652.6677608,-589.4413334,,,,,,,,
2,2176,304.78,-652.900517,-627.7033826,,,,,,,,
2,2177,304.92,-649.8555541,-589.5579816,,,,,,,,
2,2178,305.06,-652.2604823,-674.1310935,,,,,,,,
2,2179,305.2,-646.4808583,-570.5436342,,,,,,,,
2,2180,305.34,-644.8711157,-567.1996041,,,,,,,,
2,2181,305.48,-644.3668604,-578.981475,,,,,,,,
2,2182,305.62,-642.2334313,-551.9181141,,,,,,,,
2,2183,305.76,-640.2357817,-543.2469188,,,,,,,,
2,2184,305.9,-638.4126544,-520.227477,,,,,,,,
2,2185,306.04,-638.7035847,-574.6653769,,,,,,,,
2,2186,306.18,-636.7641091,-551.3736978,,,,,,,,
2,2187,306.32,-636.0852718,-574.5487288,,,,,,,,
2,2188,306.46,-636.3568306,-614.8716202,,,,,,,,
2,2189,306.6,-633.9519024,-571.8268221,,,,,,,,
2,2190,306.74,-631.8572164,-564.5554629,,,,,,,,
2,2191,306.88,-629.3747425,-534.8479608,,,,,,,,
2,2192,307.02,-630.4996014,-592.2798882,,,,,,,,
2,2193,307.16,-626.2521744,-511.0119237,,,,,,,,
2,2194,307.3,-627.7649403,-576.4540401,,,,,,,,
2,2195,307.44,-625.0690818,-551.3736978,,,,,,,,
2,2196,307.58,-623.6920953,-548.3018467,,,,,,,,
2,2197,307.72,-622.1987009,-548.6907321,,,,,,,,
2,2198,307.86,-621.0737824,-551.2570497,,,,,,,,
2,2199,308,-617.9706454,-505.8403476,,,,,,,,
2,2200,308.14,-617.660284,-528.4320796,,,,,,,,
2,2201,308.28,-616.5935993,-537.0643339,,,,,,,,
2,2202,308.42,-614.4601703,-520.5774214,,,,,,,,
2,2203,308.56,-613.2383347,-519.1776436,,,,,,,,
2,2204,308.7,-613.4128571,-551.0237534,,,,,,,,
2,2205,308.84,-610.2321148,-508.4066652,,,,,,,,
2,2206,308.98,-610.4260683,-555.0677306,,,,,,,,
2,2207,309.12,-608.1181169,-518.5165792,,,,,,,,
2,2208,309.26,-606.0816646,-514.8614873,,,,,,,,
2,2209,309.4,-605.8683395,-530.881749,,,,,,,,
2,2210,309.54,-604.142189,-520.5385387,,,,,,,,
2,2211,309.68,-601.6209126,-495.3027237,,,,,,,,
2,2212,309.82,-602.6294231,-553.201302,,,,,,,,
2,2213,309.96,-601.252377,-548.6129667,,,,,,,,
2,2214,310.1,-598.9637971,-528.9764376,,,,,,,,
2,2215,310.24,-598.3819366,-534.8479608,,,,,,,,
2,2216,310.38,-597.0243216,-533.6425384,,,,,,,,
2,2217,310.52,-593.7078595,-489.0034907,,,,,,,,
2,2218,310.66,-592.3114419,-488.6535462,,,,,,,,
2,2219,310.8,-599.9335647,-707.7659247,,,,,,,,
2,2220,310.94,-588.4518623,-455.6797212,,,,,,,,
2,2221,311.08,-587.0166421,-460.4236165,,,,,,,,
2,2222,311.22,-587.2300267,-475.9772855,,,,,,,,
2,2223,311.36,-585.5620503,-487.5258892,,,,,,,,
2,2224,311.5,-585.057795,-511.4007508,,,,,,,,
2,2225,311.64,-583.1959248,-492.3086381,,,,,,,,
2,2226,311.78,-581.1206698,-476.5605554,,,,,,,,
2,2227,311.92,-580.5969834,-496.4303807,,,,,,,,
2,2228,312.06,-577.9981017,-458.946015,,,,,,,,
2,2229,312.2,-576.5241385,-449.536019,,,,,,,,
2,2230,312.34,-576.9507885,-499.2300528,,,,,,,,
2,2231,312.48,-573.7118721,-443.7422904,,,,,,,,
2,2232,312.62,-574.2161274,-492.1919899,,,,,,,,
2,2233,312.76,-571.4427233,-443.8589385,,,,,,,,
2,2234,312.9,-572.0051527,-510.8563928,,,,,,,,
2,2235,313.04,-568.5334802,-455.6408385,,,,,,,,
2,2236,313.18,-568.0680275,-483.4041465,,,,,,,,
2,2237,313.32,-567.3504472,-489.8977932,,,,,,,,
2,2238,313.46,-564.5381808,-450.1970543,,,,,,,,
2,2239,313.6,-561.6871715,-409.6019547,,,,,,,,
2,2240,313.74,-562.9284382,-465.3230135,,,,,,,,
2,2241,313.88,-558.7973595,-410.1463419,,,,,,,,
2,2242,314.02,-559.37922,-454.7076242,,,,,,,,
2,2243,314.16,-557.7888489,-449.7693444,,,,,,,,
2,2244,314.3,-555.0735593,-415.2012989,,,,,,,,
2,2245,314.44,-554.569304,-431.6492996,,,,,,,,
2,2246,314.58,-553.5801649,-435.2655378,,,,,,,,
2,2247,314.72,-554.0456176,-484.5318035,,,,,,,,
2,2248,314.86,-551.0588884,-436.0432213,,,,,,,,
2,2249,315,-547.6260185,-398.9865945,,,,,,,,
2,2250,315.14,-549.2163897,-461.1624172,,,,,,,,
2,2251,315.28,-545.6283092,-415.1235335,,,,,,,,
2,2252,315.42,-542.9130793,-370.9121956,,,,,,,,
2,2253,315.56,-544.6779728,-449.1860745,,,,,,,,
2,2254,315.7,-543.5724854,-452.6856646,,,,,,,,
2,2255,315.84,-541.5554643,-426.12775,,,,,,,,
2,2256,315.98,-538.9759541,-399.2198908,,,,,,,,
2,2257,316.12,-539.5771861,-459.5292557,,,,,,,,
2,2258,316.26,-536.842525,-407.3078162,,,,,,,,
2,2259,316.4,-536.7455482,-450.8969723,,,,,,,,
2,2260,316.54,-533.739388,-404.4303787,,,,,,,,
2,2261,316.68,-532.8860283,-422.20045,,,,,,,,
2,2262,316.82,-531.237483,-404.8192059,,,,,,,,
2,2263,316.96,-529.7828317,-403.0305427,,,,,,,,
2,2264,317.1,-527.5330544,-384.4439052,,,,,,,,
2,2265,317.24,-527.2227526,-401.9417975,,,,,,,,
2,2266,317.38,-524.0614414,-352.5588545,,,,,,,,
2,2267,317.52,-523.0528712,-372.6619761,,,,,,,,
2,2268,317.66,-524.3523121,-409.3297757,,,,,,,,
2,2269,317.8,-522.1607089,-393.1150713,,,,,,,,
2,2270,317.94,-519.8527575,-381.7608813,,,,,,,,
2,2271,318.08,-520.1436877,-431.3771205,,,,,,,,
2,2272,318.22,-518.7084675,-417.573232,,,,,,,,
2,2273,318.36,-516.5944695,-402.6805691,,,,,,,,
2,2274,318.5,-516.2453651,-419.9062823,,,,,,,,
2,2275,318.64,-513.2585764,-386.6603074,,,,,,,,
2,2276,318.78,-510.9118223,-366.8293648,,,,,,,,
2,2277,318.92,-511.6682053,-410.6129636,,,,,,,,
2,2278,319.06,-507.5759292,-352.7921799,,,,,,,,
2,2279,319.2,-506.3540339,-344.0821019,,,,,,,,
2,2280,319.34,-506.4316392,-360.2579236,,,,,,,,
2,2281,319.48,-503.8715005,-344.1598674,,,,,,,,
2,2282,319.62,-503.6193728,-380.4388398,,,,,,,,
2,2283,319.76,-501.9901991,-363.4464229,,,,,,,,
2,2284,319.9,-500.4774332,-367.3348692,,,,,,,,
2,2285,320.04,-498.7125099,-346.5318005,,,,,,,,
2,2286,320.18,-496.9088137,-337.5495726,,,,,,,,
2,2287,320.32,-497.9561269,-397.2756676,,,,,,,,
2,2288,320.46,-493.6310947,-318.8073752,,,,,,,,
2,2289,320.6,-492.6613569,-327.5563358,,,,,,,,
2,2290,320.74,-492.8359091,-375.8505045,,,,,,,,
2,2291,320.88,-489.674598,-329.6560899,,,,,,,,
2,2292,321.02,-489.3448651,-339.5326494,,,,,,,,
2,2293,321.16,-490.1012778,-394.2427284,,,,,,,,
2,2294,321.3,-486.7265821,-347.2317185,,,,,,,,
2,2295,321.44,-485.8732224,-359.9079791,,,,,,,,
2,2296,321.58,-485.6210947,-380.3610452,,,,,,,,
2,2297,321.72,-481.703341,-313.091412,,,,,,,,
2,2298,321.86,-481.6451669,-362.5520912,,,,,,,,
2,2299,322,-479.1238606,-322.618027,,,,,,,,
2,2300,322.14,-476.9710302,-299.3652888,,,,,,,,
2,2301,322.28,-476.9128561,-334.9054314,,,,,,,,
2,2302,322.42,-474.2751718,-309.9417954,,,,,,,,
2,2303,322.56,-472.7817774,-300.5318285,,,,,,,,
2,2304,322.7,-472.2387195,-319.5072932,,,,,,,,
2,2305,322.84,-469.1161811,-275.7625771,,,,,,,,
2,2306,322.98,-468.6701,-297.3433002,,,,,,,,
2,2307,323.12,-468.8058794,-331.0558968,,,,,,,,
2,2308,323.26,-466.38152,-298.6264881,,,,,,,,
2,2309,323.4,-465.6251371,-319.6628531,,,,,,,,
2,2310,323.54,-465.7996893,-358.5859085,,,,,,,,
2,2311,323.68,-462.6383483,-309.8251473,,,,,,,,
2,2312,323.82,-461.0285759,-293.5715602,,,,,,,,
2,2313,323.96,-458.8176012,-280.2342642,,,,,,,,
2,2314,324.1,-459.1667056,-324.5622502,,,,,,,,
2,2315,324.24,-456.2186897,-274.4016529,,,,,,,,
2,2316,324.38,-454.9580514,-287.5445061,,,,,,,,
2,2317,324.52,-454.9386501,-314.6856616,,,,,,,,
2,2318,324.66,-452.4949193,-281.945162,,,,,,,,
2,2319,324.8,-450.8075714,-271.0187109,,,,,,,,
2,2320,324.94,-451.4088035,-326.9341832,,,,,,,,
2,2321,325.08,-448.712945,-297.4988602,,,,,,,,
2,2322,325.22,-447.3941028,-285.8336084,,,,,,,,
2,2323,325.36,-445.8813071,-277.8234484,,,,,,,,
2,2324,325.5,-442.545414,-239.7558274,,,,,,,,
2,2325,325.64,-442.3902631,-260.9477087,,,,,,,,
2,2326,325.78,-441.672653,-286.1446701,,,,,,,,
2,2327,325.92,-440.5477643,-295.5935197,,,,,,,,
2,2328,326.06,-438.4337366,-274.6349492,,,,,,,,
2,2329,326.2,-438.4143353,-300.4540631,,,,,,,,
2,2330,326.34,-436.009407,-275.2571017,,,,,,,,
2,2331,326.48,-435.1172447,-282.8395227,,,,,,,,
2,2332,326.62,-433.9535534,-285.7558138,,,,,,,,
2,2333,326.76,-431.7037761,-269.7744349,,,,,,,,
2,2334,326.9,-429.1436672,-253.3652878,,,,,,,,
2,2335,327.04,-428.2709062,-238.2782259,,,,,,,,
2,2336,327.18,-428.6975861,-289.4498175,,,,,,,,
2,2337,327.32,-426.137507,-258.3035966,,,,,,,,
2,2338,327.46,-425.7495999,-282.7617573,,,,,,,,
2,2339,327.6,-423.2670665,-248.3103599,,,,,,,,
2,2340,327.74,-422.1227765,-261.9586885,,,,,,,,
2,2341,327.88,-421.6960967,-280.4286778,,,,,,,,
2,2342,328.02,-420.4548299,-276.2291988,,,,,,,,
2,2343,328.16,-416.7698324,-208.5707092,,,,,,,,
2,2344,328.3,-416.5952802,-258.7701892,,,,,,,,
2,2345,328.44,-414.8303866,-247.8826209,,,,,,,,
2,2346,328.58,-412.8327072,-232.4067173,,,,,,,,
2,2347,328.72,-411.8435979,-233.2232834,,,,,,,,
2,2348,328.86,-410.8738601,-250.9155893,,,,,,,,
2,2349,329,-409.5744193,-239.4058683,,,,,,,,
2,2350,329.14,-407.0143104,-215.8809366,,,,,,,,
2,2351,329.28,-407.654345,-268.763426,,,,,,,,
2,2352,329.42,-406.2578976,-270.2410275,,,,,,,,
2,2353,329.56,-402.7668536,-208.8040201,,,,,,,,
2,2354,329.7,-404.0275216,-279.8065543,,,,,,,,
2,2355,329.84,-400.9825587,-240.9223525,,,,,,,,
2,2356,329.98,-400.6916285,-256.8648779,,,,,,,,
2,2357,330.12,-397.1036077,-204.7211747,,,,,,,,
2,2358,330.26,-397.6854384,-236.8006244,,,,,,,,
2,2359,330.4,-394.7374523,-200.3661502,,,,,,,,
2,2360,330.54,-394.8150277,-231.1624266,,,,,,,,
2,2361,330.68,-391.9252157,-206.5487352,,,,,,,,
2,2362,330.82,-390.8779025,-214.4811006,,,,,,,,
2,2363,330.96,-389.811188,-219.7693539,,,,,,,,
2,2364,331.1,-388.8996542,-232.8344417,,,,,,,,
2,2365,331.24,-387.8329396,-233.145518,,,,,,,,
2,2366,331.38,-384.7297728,-182.9849061,,,,,,,,
2,2367,331.52,-384.6521974,-226.3018978,,,,,,,,
2,2368,331.66,-382.3442161,-192.6281984,,,,,,,,
2,2369,331.8,-382.014513,-229.1015553,,,,,,,,
2,2370,331.94,-378.5622716,-169.7642874,,,,,,,,
2,2371,332.08,-379.4738054,-231.7067992,,,,,,,,
2,2372,332.22,-377.0494759,-193.4447646,,,,,,,,
2,2373,332.36,-374.9936223,-180.0297177,,,,,,,,
2,2374,332.5,-374.7027218,-198.2663962,,,,,,,,
2,2375,332.64,-371.8904853,-175.3247343,,,,,,,,
2,2376,332.78,-371.4056015,-201.9215171,,,,,,,,
2,2377,332.92,-364.0938103,-40.31882054,,,,,,,,
2,2378,333.06,-368.9424694,-204.0212566,,,,,,,,
2,2379,333.2,-365.8393323,-146.1227075,,,,,,,,
2,2380,333.34,-366.7508662,-202.6603179,,,,,,,,
2,2381,333.48,-364.7920191,-185.9012264,,,,,,,,
2,2382,333.62,-363.1628454,-191.0728315,,,,,,,,
2,2383,333.76,-362.0379567,-187.8843177,,,,,,,,
2,2384,333.9,-361.5143001,-214.5199833,,,,,,,,
2,2385,334.04,-358.50811,-185.0068948,,,,,,,,
2,2386,334.18,-356.6656113,-158.4489946,,,,,,,,
2,2387,334.32,-356.7238152,-189.6729955,,,,,,,,
2,2388,334.46,-352.8254628,-141.6121377,,,,,,,,
2,2389,334.6,-353.9697528,-202.6214352,,,,,,,,
2,2390,334.74,-351.3902724,-146.7448456,,,,,,,,
2,2391,334.88,-351.2157202,-190.1396026,,,,,,,,
2,2392,335.02,-349.0434885,-174.3915054,,,,,,,,
2,2393,335.16,-347.9768038,-183.1404516,,,,,,,,
2,2394,335.3,-347.6664722,-199.8217631,,,,,,,,
2,2395,335.44,-345.2227414,-168.3255687,,,,,,,,
2,2396,335.58,-344.3693817,-184.1125486,,,,,,,,
2,2397,335.72,-342.0808017,-167.3923543,,,,,,,,
2,2398,335.86,-341.9450223,-203.7101804,,,,,,,,
2,2399,336,-338.434577,-138.3069757,,,,,,,,
2,2400,336.14,-337.561816,-153.2385068,,,,,,,,
2,2401,336.28,-335.3120387,-124.6586326,,,,,,,,
2,2402,336.42,-334.8077834,-156.3881233,,,,,,,,
2,2403,336.56,-335.5059922,-200.7938747,,,,,,,,
2,2404,336.7,-333.6440921,-189.8285263,,,,,,,,
2,2405,336.84,-331.3749135,-165.7203393,,,,,,,,
2,2406,336.98,-329.3578625,-149.6222831,,,,,,,,
2,2407,337.12,-328.0390203,-146.4337693,,,,,,,,
2,2408,337.26,-325.5952895,-116.4151836,,,,,,,,
2,2409,337.4,-326.6232014,-178.0466264,,,,,,,,
2,2410,337.54,-321.9490945,-91.72371938,,,,,,,,
2,2411,337.68,-321.095705,-112.1379173,,,,,,,,
2,2412,337.82,-322.6085007,-185.3568538,,,,,,,,
2,2413,337.96,-321.153909,-179.290917,,,,,,,,
2,2414,338.1,-318.8459277,-155.6104398,,,,,,,,
2,2415,338.24,-317.7986145,-161.9096874,,,,,,,,
2,2416,338.38,-316.9452548,-169.5309766,,,,,,,,
2,2417,338.52,-312.7947748,-110.3492468,,,,,,,,
2,2418,338.66,-312.7753735,-139.1624246,,,,,,,,
2,2419,338.8,-311.5923107,-138.4625211,,,,,,,,
2,2420,338.94,-310.1183176,-135.4295528,,,,,,,,
2,2421,339.08,-308.1594408,-115.793031,,,,,,,,
2,2422,339.22,-306.43332,-115.132003,,,,,,,,
2,2423,339.36,-304.3386936,-93.94012159,,,,,,,,
2,2424,339.5,-305.0756752,-150.9443391,,,,,,,,
2,2425,339.64,-303.3107519,-136.9460369,,,,,,,,
2,2426,339.78,-302.0307124,-128.8970088,,,,,,,,
2,2427,339.92,-300.6730676,-139.2402046,,,,,,,,
2,2428,340.06,-299.393028,-145.6172031,,,,,,,,
2,2429,340.2,-297.6669073,-128.5470498,,,,,,,,
2,2430,340.34,-296.3674366,-124.2309081,,,,,,,,
2,2431,340.48,-296.6777682,-168.7921904,,,,,,,,
2,2432,340.62,-293.6328053,-130.1024167,,,,,,,,
2,2433,340.76,-290.5684412,-82.39151794,,,,,,,,
2,2434,340.9,-292.1006083,-165.2148349,,,,,,,,
2,2435,341.04,-286.5925133,-67.69329048,,,,,,,,
2,2436,341.18,-288.5513902,-145.1505959,,,,,,,,
2,2437,341.32,-286.8640423,-135.040711,,,,,,,,
2,2438,341.46,-284.3233347,-104.9443454,,,,,,,,
2,2439,341.6,-285.2348983,-153.4718176,,,,,,,,
2,2440,341.74,-281.0068429,-93.04578271,,,,,,,,
2,2441,341.88,-281.4722955,-137.1404505,,,,,,,,
2,2442,342.02,-279.8431516,-125.7473923,,,,,,,,
2,2443,342.16,-278.8928151,-140.2900671,,,,,,,,
2,2444,342.3,-276.7206132,-105.0221108,,,,,,,,
2,2445,342.44,-275.3047943,-116.2596454,,,,,,,,
2,2446,342.58,-272.4149823,-71.11510058,,,,,,,,
2,2447,342.72,-272.8028595,-119.759221,,,,,,,,
2,2448,342.86,-270.7664371,-108.0939619,,,,,,,,
2,2449,343,-270.9409893,-138.5402866,,,,,,,,
2,2450,343.14,-268.8269615,-116.0652246,,,,,,,,
2,2451,343.28,-266.3638294,-89.58508988,,,,,,,,
2,2452,343.42,-264.5407319,-80.83614375,,,,,,,,
2,2453,343.56,-265.0643885,-128.9747743,,,,,,,,
2,2454,343.7,-262.5430524,-99.53944391,,,,,,,,
2,2455,343.84,-260.2932751,-71.65948045,,,,,,,,
2,2456,343.98,-260.836333,-122.7533066,,,,,,,,
2,2457,344.12,-257.345289,-79.35854956,,,,,,,,
2,2458,344.26,-255.8518946,-66.09904085,,,,,,,,
2,2459,344.4,-254.6300292,-76.63665747,,,,,,,,
2,2460,344.54,-253.311187,-71.07621786,,,,,,,,
2,2461,344.68,-251.8177927,-73.13707465,,,,,,,,
2,2462,344.82,-251.5268624,-92.11256111,,,,,,,,
2,2463,344.96,-249.3740618,-69.75415454,,,,,,,,
2,2464,345.1,-248.8697916,-103.4278612,,,,,,,,
2,2465,345.24,-246.658802,-77.99760351,,,,,,,,
2,2466,345.38,-245.7666397,-80.75837832,,,,,,,,
2,2467,345.52,-245.3011721,-109.3382598,,,,,,,,
2,2468,345.66,-243.439272,-94.21230789,,,,,,,,
2,2469,345.8,-241.6161746,-80.87503375,,,,,,,,
2,2470,345.94,-239.1918302,-69.13200923,,,,,,,,
2,2471,346.08,-239.6960855,-109.6104461,,,,,,,,
2,2472,346.22,-239.1336411,-124.0753627,,,,,,,,
2,2473,346.36,-235.9917015,-84.29683658,,,,,,,,
2,2474,346.5,-235.855937,-116.9206735,,,,,,,,
2,2475,346.64,-233.3928049,-90.09058704,,,,,,,,
2,2476,346.78,-232.6945961,-97.984077,,,,,,,,
2,2477,346.92,-230.3090543,-80.52507474,,,,,,,,
2,2478,347.06,-227.8459221,-49.30107025,,,,,,,,
2,2479,347.2,-229.1065753,-117.4650533,,,,,,,,
2,2480,347.34,-226.1004001,-74.77021427,,,,,,,,
2,2481,347.48,-225.7706821,-98.10072515,,,,,,,,
2,2482,347.62,-221.2517112,-26.51493378,,,,,,,,
2,2483,347.76,-223.1718004,-108.3272728,,,,,,,,
2,2484,347.9,-221.2323248,-83.94688484,,,,,,,,
2,2485,348.04,-219.5061892,-86.47435607,,,,,,,,
2,2486,348.18,-216.8685049,-44.44054503,,,,,,,,
2,2487,348.32,-216.2284851,-69.40419553,,,,,,,,
2,2488,348.46,-215.840593,-88.88517186,,,,,,,,
2,2489,348.6,-214.2696232,-86.47435607,,,,,,,,
2,2490,348.74,-212.5241011,-71.11510058,,,,,,,,
2,2491,348.88,-209.6342891,-44.67385224,,,,,,,,
2,2492,349.02,-210.8949423,-112.0601519,,,,,,,,
2,2493,349.16,-206.5117359,-31.99760613,,,,,,,,
2,2494,349.3,-207.3650956,-87.40757767,,,,,,,,
2,2495,349.44,-204.2619437,-36.00267519,,,,,,,,
2,2496,349.58,-204.2037696,-80.44730203,,,,,,,,
2,2497,349.72,-200.8290887,-30.17004929,,,,,,,,
2,2498,349.86,-199.3938684,-33.66962483,,,,,,,,
2,2499,350,-199.8593509,-66.76006888,,,,,,,,
2,2500,350.14,-197.2216666,-46.15145008,,,,,,,,
2,2501,350.28,-196.0773766,-42.76852633,,,,,,,,
2,2502,350.42,-194.5257932,-36.31375148,,,,,,,,
2,2503,350.56,-195.1270401,-95.41771578,,,,,,,,
2,2504,350.7,-192.33419,-50.62313357,,,,,,,,
2,2505,350.84,-191.2480891,-65.43800555,,,,,,,,
2,2506,350.98,-188.9401227,-35.53606803,,,,,,,,
2,2507,351.12,-187.427327,-39.69667523,,,,,,,,
2,2508,351.26,-186.0696971,-43.46844071,,,,,,,,
2,2509,351.4,-184.4211519,-36.74147592,,,,,,,,
2,2510,351.54,-184.3823642,-62.01620272,,,,,,,,
2,2511,351.68,-183.9750707,-86.86319779,,,,,,,,
2,2512,351.82,-180.9301078,-43.66286157,,,,,,,,
2,2513,351.96,-179.5336902,-47.55128248,,,,,,,,
2,2514,352.1,-177.6136011,-39.26894715,,,,,,,,
2,2515,352.24,-176.6244769,-43.77951336,,,,,,,,
2,2516,352.38,-176.1202067,-58.59439261,,,,,,,,
2,2517,352.52,-173.7152636,-37.63581117,,,,,,,,
2,2518,352.66,-173.4243482,-60.57748396,,,,,,,,
2,2519,352.8,-171.0387915,-42.30191553,,,,,,,,
2,2520,352.94,-170.7284898,-71.89278404,,,,,,,,
2,2521,353.08,-167.4895585,-13.52761501,,,,,,,,
2,2522,353.22,-168.7502265,-86.5521215,,,,,,,,
2,2523,353.36,-165.4919088,-45.41264934,,,,,,,,
2,2524,353.5,-165.0652289,-64.97139839,,,,,,,,
2,2525,353.64,-162.5245214,-45.49041842,,,,,,,,
2,2526,353.78,-161.7875248,-49.53437383,,,,,,,,
2,2527,353.92,-159.6734971,-30.13116475,,,,,,,,
2,2528,354.06,-158.4322304,-35.53606803,,,,,,,,
2,2529,354.2,-157.4431062,-46.77359902,,,,,,,,
2,2530,354.34,-155.8139473,-35.49718167,,,,,,,,
2,2531,354.48,-155.4842293,-59.72203144,,,,,,,,
2,2532,354.62,-152.8465599,-39.15229536,,,,,,,,
2,2533,354.76,-151.6246945,-33.24190038,,,,,,,,
2,2534,354.9,-149.2197365,-17.99929669,,,,,,,,
2,2535,355.04,-150.014922,-65.3213574,,,,,,,,
2,2536,355.18,-147.9590833,-57.93336095,,,,,,,,
2,2537,355.32,-146.9505578,-62.36615445,,,,,,,,
2,2538,355.46,-143.575877,-18.19371755,,,,,,,,
2,2539,355.6,-143.7892169,-53.07283573,,,,,,,,
2,2540,355.74,-142.7806914,-51.67300696,,,,,,,,
2,2541,355.88,-141.0739571,-43.89616879,,,,,,,,
2,2542,356.02,-138.1065696,-16.52169885,,,,,,,,
2,2543,356.16,-139.4448131,-76.86996105,,,,,,,,
2,2544,356.3,-135.5464756,-18.1159503,,,,,,,,
2,2545,356.44,-134.8676533,-34.13623563,,,,,,,,
2,2546,356.58,-133.9173168,-45.72372563,,,,,,,,
2,2547,356.72,-134.1306567,-85.77443805,,,,,,,,
2,2548,356.86,-130.1353425,-13.37207868,,,,,,,,
2,2549,357,-129.3207705,-30.40335287,,,,,,,,
2,2550,357.14,-127.8661638,-30.63666009,,,,,,,,
2,2551,357.28,-127.1873415,-57.73894009,,,,,,,,
2,2552,357.42,-124.1229773,-12.20555259,,,,,,,,
2,2553,357.56,-123.4441623,-21.22668411,,,,,,,,
2,2554,357.7,-121.9507754,-29.78120574,,,,,,,,
2,2555,357.84,-121.2719604,-35.4194126,,,,,,,,
2,2556,357.98,-120.4379871,-55.36700337,,,,,,,,
2,2557,358.12,-117.7615151,-27.29261905,,,,,,,,
2,2558,358.26,-116.5590435,-29.1201759,,,,,,,,
2,2559,358.4,-116.0547808,-43.54620978,,,,,,,,
2,2560,358.54,-113.1649688,-15.35517185,,,,,,,,
2,2561,358.68,-112.3309955,-24.41518882,,,,,,,,
2,2562,358.82,-110.39152,-13.99422581,,,,,,,,
2,2563,358.96,-109.8872572,-32.42533057,,,,,,,,
2,2564,359.1,-107.1913913,0.276271891,,,,,,,,
2,2565,359.24,-105.7949737,-4.856441137,,,,,,,,
2,2566,359.38,-104.8252359,-21.57664312,,,,,,,,
2,2567,359.52,-104.3985561,-37.09143493,,,,,,,,
2,2568,359.66,-102.6336327,-22.12102117,,,,,,,,
2,2569,359.8,-102.2263467,-42.34079825,,,,,,,,
2,2570,359.94,-100.1317203,-32.96971045,,,,,,,,
2,2571,360.08,-98.56074303,-30.28670108,,,,,,,,
2,2572,360.22,-96.69885039,-17.84376036,,,,,,,,
2,2573,360.36,-96.02003545,-36.39152055,,,,,,,,
2,2574,360.5,-95.49637884,-46.96801989,,,,,,,,
2,2575,360.64,-92.85870194,-16.67723518,,,,,,,,
2,2576,360.78,-90.62830359,0.04296675,,,,,,,,
2,2577,360.92,-90.27919918,-28.30360791,,,,,,,,
2,2578,361.06,-88.90217543,-18.58255928,,,,,,,,
2,2579,361.2,-86.94331348,-19.86573807,,,,,,,,
2,2580,361.34,-85.46931297,-15.51070818,,,,,,,,
2,2581,361.48,-85.0232318,-33.66962483,,,,,,,,
2,2582,361.62,-81.8618983,5.953363598,,,,,,,,
2,2583,361.76,-81.70673996,-33.51409032,,,,,,,,
2,2584,361.9,-80.6594193,-27.48703992,,,,,,,,
2,2585,362.04,-78.97207886,-27.40927084,,,,,,,,
2,2586,362.18,-79.86424118,-74.61467612,,,,,,,,
2,2587,362.32,-77.0713985,-35.4194126,,,,,,,,
2,2588,362.46,-75.42285323,-40.08551696,,,,,,,,
2,2589,362.6,-74.10401106,-32.15314064,,,,,,,,
2,2590,362.74,-77.69203186,-145.3450241,,,,,,,,
2,2591,362.88,-71.58269733,-41.71865294,,,,,,,,
2,2592,363.02,-69.39109415,-24.41518882,,,,,,,,
2,2593,363.16,-67.83951819,-27.83699711,,,,,,,,
2,2594,363.3,-66.98615104,-38.91899178,,,,,,,,
2,2595,363.44,-63.70843947,5.253448307,,,,,,,,
2,2596,363.58,-63.35933506,-13.29431052,,,,,,,,
2,2597,363.72,-62.40899488,-24.14299888,,,,,,,,
2,2598,363.86,-60.74104831,-21.03226325,,,,,,,,
2,2599,364,-58.89855325,-12.63327886,,,,,,,,
2,2600,364.14,-57.63789639,-10.57241661,,,,,,,,
2,2601,364.28,-57.01726303,-25.1151032,,,,,,,,
2,2602,364.42,-55.50447479,-31.95871977,,,,,,,,
2,2603,364.56,-53.48742753,-8.239365343,,,,,,,,
2,2604,364.7,-53.39045078,-36.93589679,,,,,,,,
2,2605,364.84,-50.9079285,-20.44900066,,,,,,,,
2,2606,364.98,-49.80242997,-16.32727617,,,,,,,,
2,2607,365.12,-48.19266871,-16.24950892,,,,,,,,
2,2608,365.26,-46.44714296,-17.84376036,,,,,,,,
2,2609,365.4,-45.86530104,-27.33150177,,,,,,,,
2,2610,365.54,-44.25553977,-19.16582369,,,,,,,,
2,2611,365.68,-42.87851602,-28.4202597,,,,,,,,
2,2612,365.82,-41.7730175,-31.25880539,,,,,,,,
2,2613,365.96,-39.23230991,1.287260829,,,,,,,,
2,2614,366.1,-38.5341011,-14.344183,,,,,,,,
2,2615,366.24,-36.8273668,-5.439704182,,,,,,,,
2,2616,366.38,-34.71334279,0.431808644,,,,,,,,
2,2617,366.52,-35.37276015,-39.38560258,,,,,,,,
2,2618,366.66,-32.94842318,-24.64849422,,,,,,,,
2,2619,366.8,-31.33866191,-7.228376489,,,,,,,,
2,2620,366.94,-29.16645259,14.00239034,,,,,,,,
2,2621,367.08,-29.55434658,-32.73640323,,,,,,,,
2,2622,367.22,-27.05242857,-13.41096322,,,,,,,,
2,2623,367.36,-26.87787637,-35.22499173,,,,,,,,
2,2624,367.5,-24.10443127,-5.478588264,,,,,,,,
2,2625,367.64,-23.07651192,-9.716964996,,,,,,,,
2,2626,367.78,-21.38917148,0.937303128,,,,,,,,
2,2627,367.92,-19.44969967,7.197657396,,,,,,,,
2,2628,368.06,-20.38064599,-46.85136446,,,,,,,,
2,2629,368.2,-17.62659661,-20.33234887,,,,,,,,
2,2630,368.34,-15.12467861,-4.817557056,,,,,,,,
2,2631,368.48,-14.19373229,-3.651031193,,,,,,,,
2,2632,368.62,-13.92220613,-33.31966946,,,,,,,,
2,2633,368.76,-11.0323932,12.79698063,,,,,,,,
2,2634,368.9,-11.38149761,-44.79050403,,,,,,,,
2,2635,369.04,-9.849315509,-32.03648885,,,,,,,,
2,2636,369.18,-7.347397041,-9.950269487,,,,,,,,
2,2637,369.32,-5.621267483,1.559450084,,,,,,,,
2,2638,369.46,-4.961847328,-17.61045496,,,,,,,,
2,2639,369.6,-1.72292965,19.60171357,,,,,,,,
2,2640,369.74,-1.664745505,-3.728799584,,,,,,,,
2,2641,369.88,-1.199272345,-18.1159503,,,,,,,,
2,2642,370.02,1.380224945,4.592417099,,,,,,,,
2,2643,370.16,2.776644425,-2.445621476,,,,,,,,
2,2644,370.3,3.494248958,-16.75500243,,,,,,,,
2,2645,370.44,4.910062999,-8.62820707,,,,,,,,
2,2646,370.58,6.345272064,-8.356018043,,,,,,,,
2,2647,370.72,6.946508307,-29.93674389,,,,,,,,
2,2648,370.86,9.79753118,9.84178223,,,,,,,,
2,2649,371,11.09697763,0.781766346,,,,,,,,
2,2650,371.14,11.44608203,-20.17681254,,,,,,,,
2,2651,371.28,13.26918602,-14.42195207,,,,,,,,
2,2652,371.42,15.0147099,0.470692839,,,,,,,,
2,2653,371.56,16.23657718,-5.206398782,,,,,,,,
2,2654,371.7,18.25362816,0.937303128,,,,,,,,
2,2655,371.84,21.51194029,74.03957716,,,,,,,,
2,2656,371.98,20.48401907,-8.822628843,,,,,,,,
2,2657,372.12,21.16283588,-26.86489279,,,,,,,,
2,2658,372.26,23.85869995,5.331216471,,,,,,,,
2,2659,372.4,25.52664652,14.31346391,,,,,,,,
2,2660,372.54,26.55456588,10.54169752,,,,,,,,
2,2661,372.68,27.38853917,-10.76683748,,,,,,,,
2,2662,372.82,29.32801098,14.23569574,,,,,,,,
2,2663,372.96,31.03474528,8.247530786,,,,,,,,
2,2664,373.1,29.79348414,-48.48450044,,,,,,,,
2,2665,373.24,32.99361095,-9.328123269,,,,,,,,
2,2666,373.38,35.24339944,12.5247916,,,,,,,,
2,2667,373.52,34.93308276,-21.30445318,,,,,,,,
2,2668,373.66,36.6204232,-20.29346433,,,,,,,,
2,2669,373.8,37.66773641,-27.64257624,,,,,,,,
2,2670,373.94,39.68478739,-19.9046226,,,,,,,,
2,2671,374.08,41.06181487,-15.35517185,,,,,,,,
2,2672,374.22,42.40004718,-16.67723518,,,,,,,,
2,2673,374.36,44.02920604,-9.44477506,,,,,,,,
2,2674,374.5,45.03773153,-22.35432657,,,,,,,,
2,2675,374.64,46.91901803,-1.551284981,,,,,,,,
2,2676,374.78,48.50938544,0.354040253,,,,,,,,
2,2677,374.92,49.53730479,-10.18357489,,,,,,,,
2,2678,375.06,51.9422479,14.58565384,,,,,,,,
2,2679,375.2,52.2913523,-9.755848623,,,,,,,,
2,2680,375.34,54.85145748,18.00746213,,,,,,,,
2,2681,375.48,55.43329939,-4.739788437,,,,,,,,
2,2682,375.62,55.7824038,-35.38052988,,,,,,,,
2,2683,375.76,57.99340084,-6.334040336,,,,,,,,
2,2684,375.9,60.34016237,8.20864625,,,,,,,,
2,2685,376.04,60.45652926,-10.30022759,,,,,,,,
2,2686,376.18,62.97784299,7.975341759,,,,,,,,
2,2687,376.32,63.59847635,-9.950269487,,,,,,,,
2,2688,376.46,65.8094734,9.02521424,,,,,,,,
2,2689,376.6,67.57438928,24.2289334,,,,,,,,
2,2690,376.74,68.27259809,7.50873096,,,,,,,,
2,2691,376.88,68.69928539,-23.05424096,,,,,,,,
2,2692,377.02,70.59996575,-7.81163908,,,,,,,,
2,2693,377.16,72.73338735,7.936457223,,,,,,,,
2,2694,377.3,74.16859269,16.80205241,,,,,,,,
2,2695,377.44,74.20738041,-21.84883124,,,,,,,,
2,2696,377.58,77.1747753,18.74626105,,,,,,,,
2,2697,377.72,77.69843191,-0.306990955,,,,,,,,
2,2698,377.86,79.21122015,2.80374411,,,,,,,,
2,2699,378,81.46100491,18.0852312,,,,,,,,
2,2700,378.14,82.06224442,-4.234294011,,,,,,,,
2,2701,378.28,83.26471597,-3.495494411,,,,,,,,
2,2702,378.42,84.23445374,-14.73302564,,,,,,,,
2,2703,378.56,86.21270955,0.820650541,,,,,,,,
2,2704,378.7,88.86978775,30.13933019,,,,,,,,
2,2705,378.84,89.33526278,13.53578045,,,,,,,,
2,2706,378.98,89.99468386,-12.94435242,,,,,,,,
2,2707,379.12,91.10017866,-15.08298283,,,,,,,,
2,2708,379.26,93.58270466,14.39123298,,,,,,,,
2,2709,379.4,94.64941174,-4.895325219,,,,,,,,
2,2710,379.54,96.00704163,-0.462527709,,,,,,,,
2,2711,379.68,97.50043601,7.081005151,,,,,,,,
2,2712,379.82,99.16838259,7.85868906,,,,,,,,
2,2713,379.96,99.55627471,-6.839534763,,,,,,,,
2,2714,380.1,100.6035879,-24.29853521,,,,,,,,
2,2715,380.24,103.2606661,4.164690836,,,,,,,,
2,2716,380.38,104.1334271,0.859534737,,,,,,,,
2,2717,380.52,106.0341075,5.681174116,,,,,,,,
2,2718,380.66,107.5856909,1.170608243,,,,,,,,
2,2719,380.8,107.8184247,-12.43885799,,,,,,,,
2,2720,380.94,110.2039739,-5.128630619,,,,,,,,
2,2721,381.08,111.8137389,10.34727666,,,,,,,,
2,2722,381.22,112.7640754,-4.973093837,,,,,,,,
2,2723,381.36,114.625968,16.02436896,,,,,,,,
2,2724,381.5,115.4987291,0.626229564,,,,,,,,
2,2725,381.64,117.5933629,11.86375994,,,,,,,,
2,2726,381.78,118.1364134,-6.217387636,,,,,,,,
2,2727,381.92,119.8819354,10.11397217,,,,,,,,
2,2728,382.06,121.2783605,3.348122846,,,,,,,,
2,2729,382.2,123.1790408,15.5966427,,,,,,,,
2,2730,382.34,123.2566163,-18.50479202,,,,,,,,
2,2731,382.48,125.7003546,12.99140149,,,,,,,,
2,2732,382.62,126.92222,9.686245903,,,,,,,,
2,2733,382.76,127.6980042,-7.733870916,,,,,,,,
2,2734,382.9,129.4241399,0.237387695,,,,,,,,
2,2735,383.04,131.286025,9.95843493,,,,,,,,
2,2736,383.18,131.5769553,-16.40504524,,,,,,,,
2,2737,383.32,133.7297708,-3.806567975,,,,,,,,
2,2738,383.46,135.0292116,1.209492439,,,,,,,,
2,2739,383.6,136.3286525,-3.612147111,,,,,,,,
2,2740,383.74,139.1796768,27.26189996,,,,,,,,
2,2741,383.88,139.6257579,4.436880317,,,,,,,,
2,2742,384.02,140.4985189,1.442797611,,,,,,,,
2,2743,384.16,141.8173611,-7.228376489,,,,,,,,
2,2744,384.3,144.2417055,16.80205241,,,,,,,,
2,2745,384.44,144.1253275,-15.54959272,,,,,,,,
2,2746,384.58,146.5690732,6.80881567,,,,,,,,
2,2747,384.72,147.0539421,-13.25542598,,,,,,,,
2,2748,384.86,149.1097808,-3.028884294,,,,,,,,
2,2749,385,150.4092216,-1.201327336,,,,,,,,
2,2750,385.14,151.4953226,-5.945198609,,,,,,,,
2,2751,385.28,154.2493701,23.95674346,,,,,,,,
2,2752,385.42,154.1524082,-13.13877328,,,,,,,,
2,2753,385.56,155.1415324,-24.10411435,,,,,,,,
2,2754,385.7,158.5162133,28.42842514,,,,,,,,
2,2755,385.84,158.9428931,-1.940126822,,,,,,,,
2,2756,385.98,160.3780985,7.353194178,,,,,,,,
2,2757,386.12,161.7551297,-2.756694812,,,,,,,,
2,2758,386.26,163.0739719,1.714986865,,,,,,,,
2,2759,386.4,165.3237641,22.16807115,,,,,,,,
2,2760,386.54,165.7116562,-3.262189239,,,,,,,,
2,2761,386.68,168.4075147,24.42335426,,,,,,,,
2,2762,386.82,168.9117849,10.50281389,,,,,,,,
2,2763,386.96,170.0948626,-1.823474349,,,,,,,,
2,2764,387.1,171.258539,-9.716964996,,,,,,,,
2,2765,387.24,173.7022698,10.38616119,,,,,,,,
2,2766,387.38,174.6332198,10.23062396,,,,,,,,
2,2767,387.52,175.3314286,-4.46759941,,,,,,,,
2,2768,387.66,176.8054217,-6.334040336,,,,,,,,
2,2769,387.8,179.1521907,16.14102075,,,,,,,,
2,2770,387.94,179.5012951,-8.200481716,,,,,,,,
2,2771,388.08,180.8395237,-11.07791104,,,,,,,,
2,2772,388.22,182.8371882,1.753871061,,,,,,,,
2,2773,388.36,184.1754168,-2.523389639,,,,,,,,
2,2774,388.5,185.3972822,3.698080491,,,,,,,,
2,2775,388.64,186.2894446,-10.92237471,,,,,,,,
2,2776,388.78,188.2095188,-4.428714874,,,,,,,,
2,2777,388.92,190.3235465,15.79106356,,,,,,,,
2,2778,389.06,190.6338632,-5.284167401,,,,,,,,
2,2779,389.2,192.1660453,-5.750777291,,,,,,,,
2,2780,389.34,194.0085441,3.153701982,,,,,,,,
2,2781,389.48,194.7455406,-15.47182546,,,,,,,,
2,2782,389.62,195.7928538,-21.73217945,,,,,,,,
2,2783,389.76,198.2753724,3.231470373,,,,,,,,
2,2784,389.9,200.0984848,12.83586516,,,,,,,,
2,2785,390.04,200.6803304,-9.367006896,,,,,,,,
2,2786,390.18,203.5895288,39.12157626,,,,,,,,
2,2787,390.32,203.9968222,15.51887362,,,,,,,,
2,2788,390.46,205.2768767,4.475764399,,,,,,,,
2,2789,390.6,206.9448233,16.29655708,,,,,,,,
2,2790,390.74,208.4770054,10.93054016,,,,,,,,
2,2791,390.88,209.5243186,14.08015942,,,,,,,,
2,2792,391.02,210.5134428,-1.045790555,,,,,,,,
2,2793,391.16,213.1705284,23.87897439,,,,,,,,
2,2794,391.3,213.1511271,-8.86151247,,,,,,,,
2,2795,391.44,214.6639079,-7.539450053,,,,,,,,
2,2796,391.58,216.0603404,1.403913416,,,,,,,,
2,2797,391.72,217.34038,-5.945198609,,,,,,,,
2,2798,391.86,217.9222256,-18.89363375,,,,,,,,
2,2799,392,221.3744819,20.9237769,,,,,,,,
2,2800,392.14,222.6933241,18.66849379,,,,,,,,
2,2801,392.28,223.6824632,8.636372513,,,,,,,,
2,2802,392.42,224.4388461,-7.850523616,,,,,,,,
2,2803,392.56,225.5831361,-12.86658426,,,,,,,,
2,2804,392.7,226.8244028,-9.950269487,,,,,,,,
2,2805,392.84,229.2681336,10.61946659,,,,,,,,
2,2806,392.98,230.5675745,8.636372513,,,,,,,,
2,2807,393.12,232.0609689,7.197657396,,,,,,,,
2,2808,393.26,233.3604246,8.247530786,,,,,,,,
2,2809,393.4,234.2913598,-7.889408153,,,,,,,,
2,2810,393.54,236.1532599,3.192586064,,,,,,,,
2,2811,393.68,237.8599942,8.869677913,,,,,,,,
2,2812,393.82,239.3533885,14.85784287,,,,,,,,
2,2813,393.96,240.6528294,11.12496102,,,,,,,,
2,2814,394.1,242.3595637,19.09622006,,,,,,,,
2,2815,394.24,242.1656251,-2.60115803,,,,,,,,
2,2816,394.38,244.5705682,13.14693873,,,,,,,,
2,2817,394.52,245.9475845,6.419973943,,,,,,,,
2,2818,394.66,247.2470403,10.61946659,,,,,,,,
2,2819,394.8,247.4797666,-18.69921289,,,,,,,,
2,2820,394.94,250.1950264,9.37517234,,,,,,,,
2,2821,395.08,250.6799102,-14.61637294,,,,,,,,
2,2822,395.22,253.6666989,25.08438411,,,,,,,,
2,2823,395.36,254.3261051,1.637218475,,,,,,,,
2,2824,395.5,255.7613254,11.70822361,,,,,,,,
2,2825,395.64,257.4680448,13.80796948,,,,,,,,
2,2826,395.78,257.642597,-5.245282864,,,,,,,,
2,2827,395.92,258.9420378,-14.8107938,,,,,,,,
2,2828,396.06,261.1724436,1.637218475,,,,,,,,
2,2829,396.2,262.2391582,0.859534737,,,,,,,,
2,2830,396.34,264.6634877,17.6186204,,,,,,,,
2,2831,396.48,264.4307613,-15.39405639,,,,,,,,
2,2832,396.62,267.7472532,22.98463914,,,,,,,,
2,2833,396.76,267.4369216,-14.30529937,,,,,,,,
2,2834,396.9,269.2018449,1.481681807,,,,,,,,
2,2835,397.04,270.7340419,-3.41772602,,,,,,,,
2,2836,397.18,272.867471,12.44702344,,,,,,,,
2,2837,397.32,273.6238539,3.464775318,,,,,,,,
2,2838,397.46,275.5827308,9.02521424,,,,,,,,
2,2839,397.6,275.9900093,-8.667091606,,,,,,,,
2,2840,397.74,277.774334,1.909407956,,,,,,,,
2,2841,397.88,279.3453038,3.309238764,,,,,,,,
2,2842,398.02,281.1489999,9.180751476,,,,,,,,
2,2843,398.16,282.9333246,16.60763155,,,,,,,,
2,2844,398.3,284.5236659,23.02352186,,,,,,,,
2,2845,398.44,284.9309742,3.892501354,,,,,,,,
2,2846,398.58,287.4522805,27.37855175,,,,,,,,
2,2847,398.72,287.0837748,-12.28332167,,,,,,,,
2,2848,398.86,289.6826863,8.636372513,,,,,,,,
2,2849,399,289.3917561,-18.50479202,,,,,,,,
2,2850,399.14,291.9712365,5.175679689,,,,,,,,
2,2851,399.28,293.8913405,7.236541933,,,,,,,,
2,2852,399.42,295.7532108,27.68962622,,,,,,,,
2,2853,399.56,294.4343686,-32.11425792,,,,,,,,
2,2854,399.7,296.9944775,-9.600312296,,,,,,,,
2,2855,399.84,299.0503311,6.69216297,,,,,,,,
2,2856,399.98,300.9704053,19.17398731,,,,,,,,
2,2857,400.12,301.6686141,2.570439165,,,,,,,,
2,2858,400.26,303.8796186,26.52309922,,,,,,,,
2,2859,400.4,304.4614494,-2.328968776,,,,,,,,
2,2860,400.54,304.7523797,-21.45998951,,,,,,,,
2,2861,400.68,307.3706627,2.414902383,,,,,,,,
2,2862,400.82,308.8252544,0.587345426,,,,,,,,
2,2863,400.96,308.8834286,-26.08720933,,,,,,,,
2,2864,401.1,311.6568923,10.07508763,,,,,,,,
2,2865,401.24,312.7429783,2.453786465,,,,,,,,
2,2866,401.38,314.7988319,11.16384465,,,,,,,,
2,2867,401.52,315.6134188,-1.590169177,,,,,,,,
2,2868,401.66,317.8243935,23.68455353,,,,,,,,
2,2869,401.8,317.8631961,-10.10580672,,,,,,,,
2,2870,401.94,318.8329339,-19.04917008,,,,,,,,
2,2871,402.08,322.440356,26.98971002,,,,,,,,
2,2872,402.22,323.2161403,19.09622006,,,,,,,,
2,2873,402.36,324.1664767,4.942374744,,,,,,,,
2,2874,402.5,325.3495693,3.114817673,,,,,,,,
2,2875,402.64,326.8041611,2.881512501,,,,,,,,
2,2876,402.78,328.2781541,0.937303128,,,,,,,,
2,2877,402.92,329.9266994,11.35826551,,,,,,,,
2,2878,403.06,330.3533792,-4.739788437,,,,,,,,
2,2879,403.2,332.7583373,10.61946659,,,,,,,,
2,2880,403.34,334.3681097,13.06917056,,,,,,,,
2,2881,403.48,335.2990448,11.39715005,,,,,,,,
2,2882,403.62,336.4239335,-1.434632395,,,,,,,,
2,2883,403.76,337.2772932,-12.16666897,,,,,,,,
2,2884,403.9,339.0422165,-12.55551069,,,,,,,,
2,2885,404.04,340.3998613,-3.962104984,,,,,,,,
2,2886,404.18,341.912657,-9.367006896,,,,,,,,
2,2887,404.32,343.8327312,7.664268196,,,,,,,,
2,2888,404.46,344.802469,-5.439704182,,,,,,,,
2,2889,404.6,346.7807174,3.931385891,,,,,,,,
2,2890,404.74,347.8086293,-4.895325219,,,,,,,,
2,2891,404.88,350.0584364,20.02943984,,,,,,,,
2,2892,405.02,350.6984413,7.819804523,,,,,,,,
2,2893,405.16,352.6379168,18.04634667,,,,,,,,
2,2894,405.3,353.2391489,0.431808644,,,,,,,,
2,2895,405.44,354.4028401,-3.884336365,,,,,,,,
2,2896,405.58,356.4780653,3.153701982,,,,,,,,
2,2897,405.72,358.4951162,23.41236541,,,,,,,,
2,2898,405.86,359.5036566,11.43603458,,,,,,,,
2,2899,406,360.5897427,1.015071462,,,,,,,,
2,2900,406.14,361.8892133,2.725975719,,,,,,,,
2,2901,406.28,363.4795547,5.953363598,,,,,,,,
2,2902,406.42,365.244478,10.69723476,,,,,,,,
2,2903,406.56,365.84571,-2.056779522,,,,,,,,
2,2904,406.7,367.862761,11.51380275,,,,,,,,
2,2905,406.84,368.7161505,-3.689915502,,,,,,,,
2,2906,406.98,370.1125681,1.909407956,,,,,,,,
2,2907,407.12,371.0435033,-17.4160341,,,,,,,,
2,2908,407.26,373.3514845,11.51380275,,,,,,,,
2,2909,407.4,373.9914894,-2.756694812,,,,,,,,
2,2910,407.54,375.9503663,5.564521871,,,,,,,,
2,2911,407.68,377.1140575,-1.940126822,,,,,,,,
2,2912,407.82,379.2668581,16.0632535,,,,,,,,
2,2913,407.96,380.4887235,8.09199355,,,,,,,,
2,2914,408.1,381.2451363,1.831639452,,,,,,,,
2,2915,408.24,383.1458092,11.24161372,,,,,,,,
2,2916,408.38,383.9215934,-10.02803856,,,,,,,,
2,2917,408.52,385.8028948,7.664268196,,,,,,,,
2,2918,408.66,387.7229691,17.73527219,,,,,,,,
2,2919,408.8,388.3047998,-4.778672519,,,,,,,,
2,2920,408.94,390.1085258,7.586499578,,,,,,,,
2,2921,409.08,391.1946118,2.609323246,,,,,,,,
2,2922,409.22,392.8043842,5.331216471,,,,,,,,
2,2923,409.36,394.4723308,12.13594987,,,,,,,,
2,2924,409.5,395.8687484,10.07508763,,,,,,,,
2,2925,409.64,396.7027068,-1.08467475,,,,,,,,
2,2926,409.78,398.5646069,14.35234844,,,,,,,,
2,2927,409.92,400.0191987,6.731047506,,,,,,,,
2,2928,410.06,400.9695649,6.342205324,,,,,,,,
2,2929,410.2,402.4629593,4.203574917,,,,,,,,
2,2930,410.34,403.1223655,-12.86658426,,,,,,,,
2,2931,410.48,405.2557945,0.509577035,,,,,,,,
2,2932,410.62,407.1370661,11.47491821,,,,,,,,
2,2933,410.76,407.5831473,-8.239365343,,,,,,,,
2,2934,410.9,409.3674719,4.009154054,,,,,,,,
2,2935,411.04,410.841465,0.04296675,,,,,,,,
2,2936,411.18,412.9554927,12.33037074,,,,,,,,
2,2937,411.32,413.731277,5.525637334,,,,,,,,
2,2938,411.46,415.1470959,6.69216297,,,,,,,,
2,2939,411.6,416.1556065,-5.828545909,,,,,,,,
2,2940,411.74,417.1447456,-12.71104702,,,,,,,,
2,2941,411.88,420.0345576,17.81304127,,,,,,,,
2,2942,412.02,421.0236967,10.69723476,,,,,,,,
2,2943,412.16,422.7498174,16.45209522,,,,,,,,
2,2944,412.3,423.874706,16.17990529,,,,,,,,
2,2945,412.44,425.0965714,9.569593203,,,,,,,,
2,2946,412.58,425.8335829,-10.68906931,,,,,,,,
2,2947,412.72,427.0942211,-9.91138586,,,,,,,,
2,2948,412.86,429.4603765,13.30247505,,,,,,,,
2,2949,413,430.1198125,-0.968022164,,,,,,,,
2,2950,413.14,432.1368635,3.425891236,,,,,,,,
2,2951,413.28,433.203578,2.414902383,,,,,,,,
2,2952,413.42,435.0654781,7.392078714,,,,,,,,
2,2953,413.56,436.4036918,3.814733191,,,,,,,,
2,2954,413.7,437.3540282,-0.773601244,,,,,,,,
2,2955,413.84,438.6922717,2.687091637,,,,,,,,
2,2956,413.98,440.457195,5.136795608,,,,,,,,
2,2957,414.12,442.1833158,13.73020132,,,,,,,,
2,2958,414.26,443.2500303,4.125806754,,,,,,,,
2,2959,414.4,444.2003667,-0.851369634,,,,,,,,
2,2960,414.54,445.4804361,-4.312062629,,,,,,,,
2,2961,414.68,447.8465915,19.7572499,,,,,,,,
2,2962,414.82,449.2042065,11.78599177,,,,,,,,
2,2963,414.96,450.0963688,6.342205324,,,,,,,,
2,2964,415.1,451.2794316,6.186668543,,,,,,,,
2,2965,415.24,453.1025589,5.020142908,,,,,,,,
2,2966,415.38,454.2856216,7.430962796,,,,,,,,
2,2967,415.52,455.7208419,3.970269972,,,,,,,,
2,2968,415.66,456.7487538,-1.784590154,,,,,,,,
2,2969,415.8,458.4942758,0.470692839,,,,,,,,
2,2970,415.94,460.5113268,13.18582235,,,,,,,,
2,2971,416.08,461.0931873,0.626229564,,,,,,,,
2,2972,416.22,462.4896049,4.942374744,,,,,,,,
2,2973,416.36,463.4205401,-10.68906931,,,,,,,,
2,2974,416.5,465.5539691,5.953363598,,,,,,,,
2,2975,416.64,467.0861363,3.970269972,,,,,,,,
2,2976,416.78,468.0364728,1.287260829,,,,,,,,
2,2977,416.92,469.8013961,2.725975719,,,,,,,,
2,2978,417.06,470.615983,-4.817557056,,,,,,,,
2,2979,417.2,473.0015397,11.20272918,,,,,,,,
2,2980,417.34,474.4949341,18.59072472,,,,,,,,
2,2981,417.48,475.2900898,8.014225386,,,,,,,,
2,2982,417.62,476.5119851,2.026060429,,,,,,,,
2,2983,417.76,478.2381058,0.587345426,,,,,,,,
2,2984,417.9,479.4405699,-3.962104984,,,,,,,,
2,2985,418.04,480.7400107,5.020142908,,,,,,,,
2,2986,418.18,482.8928411,9.530708667,,,,,,,,
2,2987,418.32,483.2419455,-2.173431994,,,,,,,,
2,2988,418.46,485.8408272,14.04127488,,,,,,,,
2,2989,418.6,486.4420593,2.376018074,,,,,,,,
2,2990,418.74,487.8578782,6.653278888,,,,,,,,
2,2991,418.88,489.1961217,2.92039681,,,,,,,,
2,2992,419.02,491.0580218,7.74203636,,,,,,,,
2,2993,419.16,491.8531775,0.781766346,,,,,,,,
2,2994,419.3,493.0168688,-8.86151247,,,,,,,,
2,2995,419.44,495.2278733,15.01338011,,,,,,,,
2,2996,419.58,496.0618317,-3.262189239,,,,,,,,
2,2997,419.72,497.7685809,-1.667937568,,,,,,,,
2,2998,419.86,498.4667897,-13.60538408,,,,,,,,
2,2999,420,500.5614161,1.98717612,,,,,,,,
2,3000,420.14,498.7189174,-7.850523616,,,,,,,,
2,3001,420.28,496.740669,-11.77782724,,,,,,,,
2,3002,420.42,495.596379,-6.995071544,,,,,,,,
2,3003,420.56,495.0145185,7.314310096,,,,,,,,
2,3004,420.7,492.978096,0.354040253,,,,,,,,
2,3005,420.84,491.3877249,-4.778672519,,,,,,,,
2,3006,420.98,490.359813,0.276271891,,,,,,,,
2,3007,421.12,488.3815348,-7.772755453,,,,,,,,
2,3008,421.26,487.7221286,2.842628419,,,,,,,,
2,3009,421.4,486.5002632,4.475764399,,,,,,,,
2,3010,421.54,484.8516881,-5.011977919,,,,,,,,
2,3011,421.68,483.5910499,5.331216471,,,,,,,,
2,3012,421.82,481.418848,-4.662020274,,,,,,,,
2,3013,421.96,480.9339643,7.430962796,,,,,,,,
2,3014,422.1,479.7120988,5.214563771,,,,,,,,
2,3015,422.24,477.6562452,0.159619319,,,,,,,,
2,3016,422.38,477.2101939,20.26274524,,,,,,,,
2,3017,422.52,475.2319157,12.36925436,,,,,,,,
2,3018,422.66,473.777324,6.147784461,,,,,,,,
2,3019,422.8,472.4584818,7.353194178,,,,,,,,
2,3020,422.94,470.6741571,5.992247679,,,,,,,,
2,3021,423.08,469.1807628,0.859534737,,,,,,,,
2,3022,423.22,468.0364728,5.992247679,,,,,,,,
2,3023,423.36,466.8728113,2.725975719,,,,,,,,
2,3024,423.5,465.3018117,0.004082561,,,,,,,,
2,3025,423.64,463.7890458,-3.378841939,,,,,,,,
2,3026,423.78,462.6835287,6.69216297,,,,,,,,
2,3027,423.92,461.5780413,10.50281389,,,,,,,,
2,3028,424.06,460.0458443,14.81895833,,,,,,,,
2,3029,424.2,458.5524499,7.003236533,,,,,,,,
2,3030,424.34,456.8069279,5.875594979,,,,,,,,
2,3031,424.48,454.9450576,-7.92829178,,,,,,,,
2,3032,424.62,453.9947212,-0.656948657,,,,,,,,
2,3033,424.76,452.8116286,6.886584288,,,,,,,,
2,3034,424.9,450.7364035,-3.651031193,,,,,,,,
2,3035,425.04,449.8636425,1.248376634,,,,,,,,
2,3036,425.18,448.3702481,0.74288215,,,,,,,,
2,3037,425.32,447.7108121,9.414055967,,,,,,,,
2,3038,425.46,445.6743598,1.092839852,,,,,,,,
2,3039,425.6,444.5494711,9.647361367,,,,,,,,
2,3040,425.74,442.8621531,-2.678926421,,,,,,,,
2,3041,425.88,441.1166012,-3.884336365,,,,,,,,
2,3042,426.02,440.457195,4.592417099,,,,,,,,
2,3043,426.16,438.6728704,5.720058198,,,,,,,,
2,3044,426.3,437.7031326,10.26950849,,,,,,,,
2,3045,426.44,436.4230931,18.74626105,,,,,,,,
2,3046,426.58,434.289664,-1.08467475,,,,,,,,
2,3047,426.72,432.6023459,-6.372924418,,,,,,,,
2,3048,426.86,432.0398867,10.96942378,,,,,,,,
2,3049,427,430.1973879,9.530708667,,,,,,,,
2,3050,427.14,429.5573533,22.24583841,,,,,,,,
2,3051,427.28,427.4045527,-1.473516591,,,,,,,,
2,3052,427.42,426.0663092,-0.112570007,,,,,,,,
2,3053,427.56,424.6117175,4.942374744,,,,,,,,
2,3054,427.7,422.6916432,-9.055933333,,,,,,,,
2,3055,427.84,421.7413068,2.259365601,,,,,,,,
2,3056,427.98,420.6357896,4.631301181,,,,,,,,
2,3057,428.12,418.63814,-1.979011131,,,,,,,,
2,3058,428.26,417.5326526,0.820650541,,,,,,,,
2,3059,428.4,416.3883626,5.292332389,,,,,,,,
2,3060,428.54,414.7010148,1.092839852,,,,,,,,
2,3061,428.68,413.0330682,-3.145536766,,,,,,,,
2,3062,428.82,411.8887782,-0.229222579,,,,,,,,
2,3063,428.96,410.5893373,1.053955657,,,,,,,,
2,3064,429.1,409.4450474,8.55860435,,,,,,,,
2,3065,429.24,407.8740776,8.286415323,,,,,,,,
2,3066,429.38,406.3612819,0.976187266,,,,,,,,
2,3067,429.52,405.4109454,5.097911526,,,,,,,,
2,3068,429.66,403.1999409,-10.80572201,,,,,,,,
2,3069,429.8,401.9780755,5.136795608,,,,,,,,
2,3070,429.94,400.911361,0.004082561,,,,,,,,
2,3071,430.08,399.9610245,11.04719195,,,,,,,,
2,3072,430.22,398.1573284,-2.017895213,,,,,,,,
2,3073,430.36,397.265166,12.48590706,,,,,,,,
2,3074,430.5,394.9959874,1.948292038,,,,,,,,
2,3075,430.64,393.8128948,6.264437161,,,,,,,,
2,3076,430.78,392.629832,6.769931588,,,,,,,,
2,3077,430.92,391.5243149,16.80205241,,,,,,,,
2,3078,431.06,390.1085258,15.86883263,,,,,,,,
2,3079,431.2,388.6151314,8.130878086,,,,,,,,
2,3080,431.34,386.3459527,-3.767683893,,,,,,,,
2,3081,431.48,385.8222663,10.54169752,,,,,,,,
2,3082,431.62,384.44525,9.647361367,,,,,,,,
2,3083,431.76,382.8161061,7.042121069,,,,,,,,
2,3084,431.9,381.1869323,6.381089406,,,,,,,,
2,3085,432.04,379.9456954,9.60847774,,,,,,,,
2,3086,432.18,378.6462247,2.337133992,,,,,,,,
2,3087,432.32,377.4825633,11.86375994,,,,,,,,
2,3088,432.46,375.659436,0.937303128,,,,,,,,
2,3089,432.6,374.2436469,4.281343536,,,,,,,,
2,3090,432.74,372.7502525,3.192586064,,,,,,,,
2,3091,432.88,371.8774915,10.34727666,,,,,,,,
2,3092,433.02,370.1125681,-3.184421075,,,,,,,,
2,3093,433.16,368.735522,6.186668543,,,,,,,,
2,3094,433.3,367.2809303,-1.356864118,,,,,,,,
2,3095,433.44,365.84571,2.92039681,,,,,,,,
2,3096,433.58,364.6238446,-0.384759346,,,,,,,,
2,3097,433.72,362.9947007,-0.462527709,,,,,,,,
2,3098,433.86,361.5013063,3.037049282,,,,,,,,
2,3099,434,360.2794409,6.381089406,,,,,,,,
2,3100,434.14,358.8442206,-0.26810676,,,,,,,,
2,3101,434.28,357.234478,-4.195409929,,,,,,,,
2,3102,434.42,356.4586937,11.00830832,,,,,,,,
2,3103,434.56,354.2282879,-0.890253773,,,,,,,,
2,3104,434.7,353.4137011,6.69216297,,,,,,,,
2,3105,434.84,351.8621325,2.92039681,,,,,,,,
2,3106,434.98,350.4657149,0.198503514,,,,,,,,
2,3107,435.12,349.1662741,4.514648481,,,,,,,,
2,3108,435.26,347.7310538,6.575510724,,,,,,,,
2,3109,435.4,346.4510143,10.93054016,,,,,,,,
2,3110,435.54,344.5891142,-0.734717048,,,,,,,,
2,3111,435.68,343.3284461,0.159619319,,,,,,,,
2,3112,435.82,342.1647847,2.92039681,,,,,,,,
2,3113,435.96,340.9622908,7.158773315,,,,,,,,
2,3114,436.1,339.6628499,8.636372513,,,,,,,,
2,3115,436.24,338.0918801,7.275426015,,,,,,,,
2,3116,436.38,336.5790844,2.687091637,,,,,,,,
2,3117,436.52,335.1632953,2.10382882,,,,,,,,
2,3118,436.66,333.3983719,-2.290084694,,,,,,,,
2,3119,436.8,332.7583373,12.2914862,,,,,,,,
2,3120,436.94,330.8576643,0.392924449,,,,,,,,
2,3121,437.08,329.2478919,-0.929137968,,,,,,,,
2,3122,437.22,327.6963234,-4.895325219,,,,,,,,
2,3123,437.36,326.959312,5.642290034,,,,,,,,
2,3124,437.5,325.0198364,3.503659627,,,,,,,,
2,3125,437.64,324.185878,5.486753253,,,,,,,,
2,3126,437.78,322.711885,10.38616119,,,,,,,,
2,3127,437.92,320.7336068,-5.323051482,,,,,,,,
2,3128,438.06,319.8026717,4.709069344,,,,,,,,
2,3129,438.2,318.6195791,4.747953881,,,,,,,,
2,3130,438.34,317.0680106,5.292332389,,,,,,,,
2,3131,438.48,315.7103956,6.147784461,,,,,,,,
2,3132,438.62,314.2170012,6.419973943,,,,,,,,
2,3133,438.76,312.5878274,-3.028884294,,,,,,,,
2,3134,438.9,311.5793169,12.13594987,,,,,,,,
2,3135,439.04,309.6010387,1.792755256,,,,,,,,
2,3136,439.18,308.4567487,-2.367853085,,,,,,,,
2,3137,439.32,306.8664074,1.131724048,,,,,,,,
2,3138,439.46,305.9354424,9.880666767,,,,,,,,
2,3139,439.6,303.8989902,-4.46759941,,,,,,,,
2,3140,439.74,302.5025725,-1.512400786,,,,,,,,
2,3141,439.88,302.1728694,12.01929717,,,,,,,,
2,3142,440.02,300.1946211,1.792755256,,,,,,,,
2,3143,440.16,299.1860807,8.55860435,,,,,,,,
2,3144,440.3,297.3823845,8.90856154,,,,,,,,
2,3145,440.44,296.4902222,13.10805419,,,,,,,,
2,3146,440.58,294.4537699,5.447869171,,,,,,,,
2,3147,440.72,293.0961549,5.797826816,,,,,,,,
2,3148,440.86,292.0682132,8.636372513,,,,,,,,
2,3149,441,290.3226912,1.598334279,,,,,,,,
2,3150,441.14,288.8486981,2.220481292,,,,,,,,
2,3151,441.28,287.4328792,5.603405953,,,,,,,,
2,3152,441.42,286.4049673,11.55268637,,,,,,,,
2,3153,441.56,284.6206427,5.681174116,,,,,,,,
2,3154,441.7,283.3212018,4.359111699,,,,,,,,
2,3155,441.84,282.2544873,5.720058198,,,,,,,,
2,3156,441.98,280.4507911,-2.523389639,,,,,,,,
2,3157,442.12,279.1901231,2.80374411,,,,,,,,
2,3158,442.26,277.3476243,-8.705976143,,,,,,,,
2,3159,442.4,276.4554918,5.953363598,,,,,,,,
2,3160,442.54,274.7293413,-0.190338383,,,,,,,,
2,3161,442.68,272.7704942,-4.234294011,,,,,,,,
2,3162,442.82,272.5765407,8.130878086,,,,,,,,
2,3163,442.96,270.6758678,6.381089406,,,,,,,,
2,3164,443.1,269.6285248,9.297404176,,,,,,,,
2,3165,443.24,268.1545317,8.20864625,,,,,,,,
2,3166,443.38,266.5253878,-2.056779522,,,,,,,,
2,3167,443.52,265.6526268,11.43603458,,,,,,,,
2,3168,443.66,263.926506,3.153701982,,,,,,,,
2,3169,443.8,262.064606,3.775848882,,,,,,,,
2,3170,443.94,261.3081932,10.23062396,,,,,,,,
2,3171,444.08,259.0390146,-8.122712643,,,,,,,,
2,3172,444.22,258.0111027,-1.434632395,,,,,,,,
2,3173,444.36,256.4401329,-1.512400786,,,,,,,,
2,3174,444.5,255.4897964,4.164690836,,,,,,,,
2,3175,444.64,254.0739775,4.281343536,,,,,,,,
2,3176,444.78,252.1926761,-2.134547913,,,,,,,,
2,3177,444.92,251.5138686,7.119889233,,,,,,,,
2,3178,445.06,249.6131957,-0.540296071,,,,,,,,
2,3179,445.2,248.1779903,1.520566002,,,,,,,,
2,3180,445.34,246.8397468,3.075933591,,,,,,,,
2,3181,445.48,245.6372678,4.203574917,,,,,,,,
2,3182,445.62,243.9111471,5.486753253,,,,,,,,
2,3183,445.76,242.5923049,3.7369648,,,,,,,,
2,3184,445.9,240.8273816,-6.295156254,,,,,,,,
2,3185,446.04,239.7800684,-0.501411876,,,,,,,,
2,3186,446.18,238.7715429,5.408985089,,,,,,,,
2,3187,446.32,237.0648086,4.903490208,,,,,,,,
2,3188,446.46,235.9011322,9.686245903,,,,,,,,
2,3189,446.6,234.0198457,-5.789661827,,,,,,,,
2,3190,446.74,232.9725325,3.6203121,,,,,,,,
2,3191,446.88,231.7506522,6.653278888,,,,,,,,
2,3192,447.02,230.1408947,-0.26810676,,,,,,,,
2,3193,447.16,228.7638783,2.725975719,,,,,,,,
2,3194,447.3,227.4256349,1.481681807,,,,,,,,
2,3195,447.44,226.1455804,12.79698063,,,,,,,,
2,3196,447.58,224.5164365,6.80881567,,,,,,,,
2,3197,447.72,223.2557684,5.758942734,,,,,,,,
2,3198,447.86,221.3744819,1.287260829,,,,,,,,
2,3199,448,220.2301919,-1.784590154,,,,,,,,
2,3200,448.14,218.6592221,1.870523647,,,,,,,,
2,3201,448.28,217.4373567,4.903490208,,,,,,,,
2,3202,448.42,216.0021514,2.531554856,,,,,,,,
2,3203,448.56,215.0906026,9.102983313,,,,,,,,
2,3204,448.7,213.4226561,5.214563771,,,,,,,,
2,3205,448.84,212.1038139,3.387007155,,,,,,,,
2,3206,448.98,210.3776783,1.831639452,,,,,,,,
2,3207,449.12,209.0976238,1.559450084,,,,,,,,
2,3208,449.26,207.2163373,-3.767683893,,,,,,,,
2,3209,449.4,206.1690241,1.67610267,,,,,,,,
2,3210,449.54,204.7144324,-2.328968776,,,,,,,,
2,3211,449.68,203.4537643,2.687091637,,,,,,,,
2,3212,449.82,202.076748,7.314310096,,,,,,,,
2,3213,449.96,200.4475892,2.842628419,,,,,,,,
2,3214,450.1,199.2451102,-1.08467475,,,,,,,,
2,3215,450.24,197.8486925,3.348122846,,,,,,,,
2,3216,450.38,196.2195337,-7.656102753,,,,,,,,
2,3217,450.52,195.424363,8.403067113,,,,,,,,
2,3218,450.66,193.7176138,-0.890253773,,,,,,,,
2,3219,450.8,192.7672774,12.4081389,,,,,,,,
2,3220,450.94,190.9247786,5.797826816,,,,,,,,
2,3221,451.08,190.1102066,12.21371804,,,,,,,,
2,3222,451.22,188.3064955,0.66511376,,,,,,,,
2,3223,451.36,186.8131012,-0.423643513,,,,,,,,
2,3224,451.5,185.3003204,1.248376634,,,,,,,,
2,3225,451.64,184.4469458,8.714140677,,,,,,,,
2,3226,451.78,182.4492961,-5.167514701,,,,,,,,
2,3227,451.92,181.3631803,9.452940503,,,,,,,,
2,3228,452.06,179.9473763,-0.734717048,,,,,,,,
2,3229,452.2,178.2794297,6.575510724,,,,,,,,
2,3230,452.34,176.9799888,-0.968022164,,,,,,,,
2,3231,452.48,175.622344,2.959280891,,,,,,,,
2,3232,452.62,174.2259264,3.348122846,,,,,,,,
2,3233,452.76,172.461018,-5.089746082,,,,,,,,
2,3234,452.9,171.0646003,-0.540296071,,,,,,,,
2,3235,453.04,169.8039323,0.626229564,,,,,,,,
2,3236,453.18,168.3105379,1.753871061,,,,,,,,
2,3237,453.32,167.0304984,-3.689915502,,,,,,,,
2,3238,453.46,165.4983163,3.464775318,,,,,,,,
2,3239,453.6,164.0437096,-5.245282864,,,,,,,,
2,3240,453.74,162.7248675,0.237387695,,,,,,,,
2,3241,453.88,161.3478363,1.598334279,,,,,,,,
2,3242,454.02,160.0871831,-3.378841939,,,,,,,,
2,3243,454.16,158.9622945,4.281343536,,,,,,,,
2,3244,454.3,157.2361588,-1.784590154,,,,,,,,
2,3245,454.44,155.9755057,1.909407956,,,,,,,,
2,3246,454.58,154.3269604,-2.134547913,,,,,,,,
2,3247,454.72,153.1050801,3.698080491,,,,,,,,
2,3248,454.86,151.4759362,-0.695832853,,,,,,,,
2,3249,455,150.2734572,-0.03480163,,,,,,,,
2,3250,455.14,148.9740163,0.315156086,,,,,,,,
2,3251,455.28,147.8879005,7.547615496,,,,,,,,
2,3252,455.42,146.2393552,4.631301181,,,,,,,,
2,3253,455.56,144.5326209,-2.173431994,,,,,,,,
2,3254,455.7,143.174991,-3.223305157,,,,,,,,
2,3255,455.84,142.2828287,-0.579180266,,,,,,,,
2,3256,455.98,139.8972869,-11.5056373,,,,,,,,
2,3257,456.12,139.1602904,1.753871061,,,,,,,,
2,3258,456.26,137.337178,-6.411808499,,,,,,,,
2,3259,456.4,136.3868415,-2.523389639,,,,,,,,
2,3260,456.54,135.4946792,9.414055967,,,,,,,,
2,3261,456.68,133.3224773,0.159619319,,,,,,,,
2,3262,456.82,132.0230365,-4.856441137,,,,,,,,
2,3263,456.96,131.0338974,5.914479516,,,,,,,,
2,3264,457.1,129.7538429,7.430962796,,,,,,,,
2,3265,457.24,127.9501468,4.203574917,,,,,,,,
2,3266,457.38,126.0688454,-2.484505558,,,,,,,,
2,3267,457.52,124.5560646,-5.050862001,,,,,,,,
2,3268,457.66,123.566933,-3.806567975,,,,,,,,
2,3269,457.8,122.422643,6.264437161,,,,,,,,
2,3270,457.94,120.9680438,4.281343536,,,,,,,,
2,3271,458.08,119.7655722,-2.523389639,,,,,,,,
2,3272,458.22,118.2139963,-0.695832853,,,,,,,,
2,3273,458.36,116.914548,3.814733191,,,,,,,,
2,3274,458.5,115.4793352,-0.190338383,,,,,,,,
2,3275,458.64,113.7338132,-5.284167401,,,,,,,,
2,3276,458.78,112.7252877,-3.028884294,,,,,,,,
2,3277,458.92,111.1931056,0.509577035,,,,,,,,
2,3278,459.06,110.1263985,8.364183486,,,,,,,,
2,3279,459.2,108.3614752,1.831639452,,,,,,,,
2,3280,459.34,106.6935286,2.570439165,,,,,,,,
2,3281,459.48,105.5104509,5.758942734,,,,,,,,
2,3282,459.62,103.7843227,-7.772755453,,,,,,,,
2,3283,459.76,102.7757972,-7.92829178,,,,,,,,
2,3284,459.9,101.5539318,4.281343536,,,,,,,,
2,3285,460.04,100.0411436,-1.201327336,,,,,,,,
2,3286,460.18,98.78049046,-1.512400786,,,,,,,,
2,3287,460.32,96.78283334,-10.92237471,,,,,,,,
2,3288,460.46,95.52217275,-8.356018043,,,,,,,,
2,3289,460.6,94.41667795,-1.667937568,,,,,,,,
2,3290,460.74,93.2142064,2.959280891,,,,,,,,
2,3291,460.88,91.31351858,-1.08467475,,,,,,,,
2,3292,461.02,90.3243944,1.870523647,,,,,,,,
2,3293,461.16,88.65644783,-1.940126822,,,,,,,,
2,3294,461.3,86.87213063,-6.956187462,,,,,,,,
2,3295,461.44,85.90239286,-5.673009127,,,,,,,,
2,3296,461.58,84.56416428,-8.278249879,,,,,,,,
2,3297,461.72,83.03197473,-3.845452284,,,,,,,,
2,3298,461.86,81.65495098,-0.112570007,,,,,,,,
2,3299,462,80.51066846,0.703997955,,,,,,,,
2,3300,462.14,78.55179906,-4.506483492,,,,,,,,
2,3301,462.28,77.48509198,-3.106652684,,,,,,,,
2,3302,462.42,76.14685595,-5.906314072,,,,,,,,
2,3303,462.56,74.76983219,-6.839534763,,,,,,,,
2,3304,462.7,73.70311767,-1.512400786,,,,,,,,
2,3305,462.84,71.68606669,-3.067768375,,,,,,,,
2,3306,462.98,70.77451795,0.198503514,,,,,,,,
2,3307,463.12,69.02899593,-8.433786206,,,,,,,,
2,3308,463.26,67.8653121,-3.223305157,,,,,,,,
2,3309,463.4,65.7318905,-14.11087851,,,,,,,,
2,3310,463.54,65.36339223,2.959280891,,,,,,,,
2,3311,463.68,63.83121014,-0.540296071,,,,,,,,
2,3312,463.82,62.16326356,-6.217387636,,,,,,,,
2,3313,463.96,60.39834395,-8.083829016,,,,,,,,
2,3314,464.1,58.92434716,-11.19456374,,,,,,,,
2,3315,464.24,57.50853196,-10.72795385,,,,,,,,
2,3316,464.38,56.5969795,-0.540296071,,,,,,,,
2,3317,464.52,55.00661582,-10.45576482,,,,,,,,
2,3318,464.66,53.62958834,-1.279095727,,,,,,,,
2,3319,464.8,52.33014375,-8.044944479,,,,,,,,
2,3320,464.94,50.91432855,-0.229222579,,,,,,,,
2,3321,465.08,49.69246313,-4.078757229,,,,,,,,
2,3322,465.22,47.8111729,-11.66117454,,,,,,,,
2,3323,465.36,47.05477878,-2.367853085,,,,,,,,
2,3324,465.5,45.19288614,-5.673009127,,,,,,,,
2,3325,465.64,44.18436438,-3.223305157,,,,,,,,
2,3326,465.78,42.86552221,-1.240211532,,,,,,,,
2,3327,465.92,41.17818177,-3.33995763,,,,,,,,
2,3328,466.06,39.89813104,-2.212316303,,,,,,,,
2,3329,466.2,38.5017097,-2.367853085,,,,,,,,
2,3330,466.34,37.00831905,-3.612147111,,,,,,,,
2,3331,466.48,35.34037247,-6.839534763,,,,,,,,
2,3332,466.62,34.56458449,4.397995781,,,,,,,,
2,3333,466.76,32.76087344,-3.806567975,,,,,,,,
2,3334,466.9,31.44203499,-5.556356427,,,,,,,,
2,3335,467.04,30.22016771,-2.328968776,,,,,,,,
2,3336,467.18,28.35827507,-5.400819646,,,,,,,,
2,3337,467.32,27.40793303,0.315156086,,,,,,,,
2,3338,467.46,25.5072508,-10.88349018,,,,,,,,
2,3339,467.6,24.421148,-7.656102753,,,,,,,,
2,3340,467.74,23.0053328,-9.250354196,,,,,,,,
2,3341,467.88,21.74467593,-0.384759346,,,,,,,,
2,3342,468.02,20.25128342,-7.383913271,,,,,,,,
2,3343,468.16,19.01002228,-3.378841939,,,,,,,,
2,3344,468.3,17.01236516,-7.92829178,,,,,,,,
2,3345,468.44,15.61594661,-11.03902741,,,,,,,,
2,3346,468.58,14.91773687,-0.462527709,,,,,,,,
2,3347,468.72,12.95887027,-7.228376489,,,,,,,,
2,3348,468.86,11.56245079,-5.284167401,,,,,,,,
2,3349,469,10.49574092,-5.789661827,,,,,,,,
2,3350,469.14,9.021743201,-10.76683748,,,,,,,,
2,3351,469.28,7.586534135,-4.856441137,,,,,,,,
2,3352,469.42,6.170719862,-11.07791104,,,,,,,,
2,3353,469.56,4.851879086,-5.284167401,,,,,,,,
2,3354,469.7,3.707590746,-3.41772602,,,,,,,,
2,3355,469.84,1.55477738,-16.56058157,,,,,,,,
2,3356,469.98,0.798383437,-4.117641311,,,,,,,,
2,3357,470.12,-0.791983271,-7.539450053,,,,,,,,
2,3358,470.26,-2.595691942,-14.9274465,,,,,,,,
2,3359,470.4,-3.449059324,3.075933591,,,,,,,,
2,3360,470.54,-5.524293985,-15.86066719,,,,,,,,
2,3361,470.68,-6.591003388,-12.67216339,,,,,,,,
2,3362,470.82,-7.968028076,-8.589323443,,,,,,,,
2,3363,470.96,-9.442026727,-13.60538408,,,,,,,,
2,3364,471.1,-11.01299841,-9.600312296,,,,,,,,
2,3365,471.24,-12.31244486,-10.14469126,,,,,,,,
2,3366,471.38,-13.26278504,-4.428714874,,,,,,,,
2,3367,471.52,-14.89194203,-13.56649955,,,,,,,,
2,3368,471.66,-16.3077563,-15.08298283,,,,,,,,
2,3369,471.8,-17.78175496,-13.25542598,,,,,,,,
2,3370,471.94,-19.29454133,-16.44392978,,,,,,,,
2,3371,472.08,-20.45822516,-6.178503554,,,,,,,,
2,3372,472.22,-22.12616988,-12.05001627,,,,,,,,
2,3373,472.36,-23.07651192,-5.323051482,,,,,,,,
2,3374,472.5,-24.8220358,-10.41688029,,,,,,,,
2,3375,472.64,-26.02450922,-12.74993156,,,,,,,,
2,3376,472.78,-27.49850601,-10.92237471,,,,,,,,
2,3377,472.92,-28.91432121,-10.02803856,,,,,,,,
2,3378,473.06,-30.31074069,-10.76683748,,,,,,,,
2,3379,473.2,-31.68776631,-9.211470569,,,,,,,,
2,3380,473.34,-33.00660476,-11.70005817,,,,,,,,
2,3381,473.48,-34.26726162,-6.917303381,,,,,,,,
2,3382,473.62,-35.85762903,-9.872501323,,,,,,,,
2,3383,473.76,-37.42860258,-19.9046226,,,,,,,,
2,3384,473.9,-38.74744102,-9.79473316,,,,,,,,
2,3385,474.04,-40.18265009,-12.24443713,,,,,,,,
2,3386,474.18,-41.44330695,-11.5056373,,,,,,,,
2,3387,474.32,-42.49062389,-9.833617696,,,,,,,,
2,3388,474.46,-44.35251653,-10.45576482,,,,,,,,
2,3389,474.6,-45.45801505,-7.033955626,,,,,,,,
2,3390,474.74,-47.16474935,-11.42786914,,,,,,,,
2,3391,474.88,-48.63874614,-15.86066719,,,,,,,,
2,3392,475.02,-49.70545694,-13.29431052,,,,,,,,
2,3393,475.16,-50.83034933,-8.900397006,,,,,,,,
2,3394,475.3,-52.51768976,-14.18864667,,,,,,,,
2,3395,475.44,-53.62318829,-11.19456374,,,,,,,,
2,3396,475.58,-55.64023927,-15.62736179,,,,,,,,
2,3397,475.72,-56.47421256,-12.51662616,,,,,,,,
2,3398,475.86,-58.2197383,-13.76092041,,,,,,,,
2,3399,476,-59.73252282,-14.07199397,,,,,,,,
2,3400,476.14,-61.26470864,-11.03902741,,,,,,,,
2,3401,476.28,-62.83567846,-15.19963553,,,,,,,,
2,3402,476.42,-64.01875615,-16.05508805,,,,,,,,
2,3403,476.56,-65.00788778,-12.05001627,,,,,,,,
2,3404,476.7,-66.2297532,-5.945198609,,,,,,,,
2,3405,476.84,-67.87830591,-14.38306754,,,,,,,,
2,3406,476.98,-69.39109415,-11.15568011,,,,,,,,
2,3407,477.12,-70.94267011,-13.99422581,,,,,,,,
2,3408,477.26,-72.59122282,-21.30445318,,,,,,,,
2,3409,477.4,-73.8324821,-11.93336357,,,,,,,,
2,3410,477.54,-74.72463697,-10.72795385,,,,,,,,
2,3411,477.68,-76.43137127,-10.84460655,,,,,,,,
2,3412,477.82,-77.672638,-10.57241661,,,,,,,,
2,3413,477.96,-79.18542624,-12.94435242,,,,,,,,
2,3414,478.1,-80.69821447,-19.98239168,,,,,,,,
2,3415,478.24,-82.15281367,-18.03818122,,,,,,,,
2,3416,478.38,-83.23892206,-15.12186736,,,,,,,,
2,3417,478.52,-85.06201953,-16.24950892,,,,,,,,
2,3418,478.66,-86.51662618,-17.49380317,,,,,,,,
2,3419,478.8,-87.85486221,-17.4160341,,,,,,,,
2,3420,478.94,-89.56159651,-22.62651651,,,,,,,,
2,3421,479.08,-90.49254656,-17.99929669,,,,,,,,
2,3422,479.22,-91.90835804,-17.57157042,,,,,,,,
2,3423,479.36,-93.51812303,-14.61637294,,,,,,,,
2,3424,479.5,-95.05030513,-20.91561146,,,,,,,,
2,3425,479.64,-96.36913985,-20.17681254,,,,,,,,
2,3426,479.78,-97.59101272,-12.98323696,,,,,,,,
2,3427,479.92,-98.65771979,-13.68315225,,,,,,,,
2,3428,480.06,-100.4808247,-16.71611972,,,,,,,,
2,3429,480.2,-101.7414778,-19.4380118,,,,,,,,
2,3430,480.34,-102.7500033,-18.58255928,,,,,,,,
2,3431,480.48,-104.1658148,-14.61637294,,,,,,,,
2,3432,480.62,-105.7367921,-18.85474921,,,,,,,,
2,3433,480.76,-107.1719974,-20.21569526,,,,,,,,
2,3434,480.9,-108.7817624,-20.21569526,,,,,,,,
2,3435,481.04,-109.6739173,-14.65525656,,,,,,,,
2,3436,481.18,-111.264281,-18.89363375,,,,,,,,
2,3437,481.32,-113.2425442,-23.17089456,,,,,,,,
2,3438,481.46,-114.4062281,-19.12693915,,,,,,,,
2,3439,481.6,-115.8026457,-22.2765575,,,,,,,,
2,3440,481.74,-116.694808,-13.83868857,,,,,,,,
2,3441,481.88,-118.4597239,-16.63835064,,,,,,,,
2,3442,482.02,-119.8755354,-18.07706576,,,,,,,,
2,3443,482.16,-121.4853004,-23.2097791,,,,,,,,
2,3444,482.3,-122.6489842,-19.16582369,,,,,,,,
2,3445,482.44,-124.026008,-21.34333772,,,,,,,,
2,3446,482.58,-125.8684993,-22.82093737,,,,,,,,
2,3447,482.72,-127.2455305,-22.7431683,,,,,,,,
2,3448,482.86,-128.4092069,-20.87672692,,,,,,,,
2,3449,483,-129.8638135,-27.56480717,,,,,,,,
2,3450,483.14,-131.1050802,-21.03226325,,,,,,,,
2,3451,483.28,-132.346347,-19.94350714,,,,,,,,
2,3452,483.42,-133.9561045,-18.31037116,,,,,,,,
2,3453,483.56,-134.8094642,-16.17173984,,,,,,,,
2,3454,483.7,-136.4386231,-17.99929669,,,,,,,,
2,3455,483.84,-138.0289942,-19.2047064,,,,,,,,
2,3456,483.98,-139.5611763,-19.74908628,,,,,,,,
2,3457,484.12,-141.0545707,-26.16497659,,,,,,,,
2,3458,484.26,-142.547965,-25.3484086,,,,,,,,
2,3459,484.4,-143.634066,-20.48788519,,,,,,,,
2,3460,484.54,-144.9529082,-19.47689634,,,,,,,,
2,3461,484.68,-146.523878,-25.85390394,,,,,,,,
2,3462,484.82,-148.0172724,-21.38222226,,,,,,,,
2,3463,484.96,-149.3361145,-21.45998951,,,,,,,,
2,3464,485.1,-150.6743431,-24.22076795,,,,,,,,
2,3465,485.24,-151.9931853,-21.80994852,,,,,,,,
2,3466,485.38,-153.4477919,-24.72626147,,,,,,,,
2,3467,485.52,-154.6890587,-25.50394493,,,,,,,,
2,3468,485.66,-156.5509439,-28.73133417,,,,,,,,
2,3469,485.8,-157.7340215,-23.90969348,,,,,,,,
2,3470,485.94,-158.955887,-17.72710857,,,,,,,,
2,3471,486.08,-160.3329182,-22.31544204,,,,,,,,
2,3472,486.22,-161.8844867,-17.4160341,,,,,,,,
2,3473,486.36,-163.0093902,-17.6493395,,,,,,,,
2,3474,486.5,-164.7742987,-25.27064134,,,,,,,,
2,3475,486.64,-165.7634377,-20.76007513,,,,,,,,
2,3476,486.78,-167.7029133,-27.13708091,,,,,,,,
2,3477,486.92,-169.3126708,-31.64764712,,,,,,,,
2,3478,487.06,-170.5345362,-27.17596544,,,,,,,,
2,3479,487.2,-172.0861197,-31.21992268,,,,,,,,
2,3480,487.34,-173.2303947,-23.90969348,,,,,,,,
2,3481,487.48,-174.1031706,-21.07114778,,,,,,,,
2,3482,487.62,-175.9262681,-21.96548485,,,,,,,,
2,3483,487.76,-177.7105778,-26.98154458,,,,,,,,
2,3484,487.9,-178.6027402,-26.98154458,,,,,,,,
2,3485,488.04,-180.3094745,-28.38137516,,,,,,,,
2,3486,488.18,-181.4149767,-27.09819819,,,,,,,,
2,3487,488.32,-183.0829233,-27.68146078,,,,,,,,
2,3488,488.46,-184.2271984,-22.93758916,,,,,,,,
2,3489,488.6,-185.4684651,-26.35939745,,,,,,,,
2,3490,488.74,-187.2139871,-26.63158739,,,,,,,,
2,3491,488.88,-188.7655705,-29.23682769,,,,,,,,
2,3492,489.02,-190.0844127,-32.42533057,,,,,,,,
2,3493,489.16,-191.3062781,-26.35939745,,,,,,,,
2,3494,489.3,-192.7026957,-26.90377733,,,,,,,,
2,3495,489.44,-194.1379011,-23.13201003,,,,,,,,
2,3496,489.58,-195.611909,-30.59777373,,,,,,,,
2,3497,489.72,-197.2022653,-29.89785935,,,,,,,,
2,3498,489.86,-198.1332153,-20.99338053,,,,,,,,
2,3499,490,-199.9369264,-27.99253343,,,,,,,,
2,3500,490.14,-201.333344,-25.77613486,,,,,,,,
2,3501,490.28,-202.7103752,-27.9536489,,,,,,,,
2,3502,490.42,-203.5249472,-24.76514601,,,,,,,,
2,3503,490.56,-205.0571293,-24.37630428,,,,,,,,
2,3504,490.7,-206.6475004,-29.74232302,,,,,,,,
2,3505,490.84,-208.2378566,-28.22583883,,,,,,,,
2,3506,490.98,-209.9252045,-33.86404569,,,,,,,,
2,3507,491.12,-211.1470699,-35.92490975,,,,,,,,
2,3508,491.26,-212.2719586,-28.69244963,,,,,,,,
2,3509,491.4,-213.9205188,-31.37545718,,,,,,,,
2,3510,491.54,-215.1035964,-30.28670108,,,,,,,,
2,3511,491.68,-216.6939527,-33.08636224,,,,,,,,
2,3512,491.82,-218.0127949,-29.1201759,,,,,,,,
2,3513,491.96,-218.9631462,-29.00352229,,,,,,,,
2,3514,492.1,-220.417738,-30.01451114,,,,,,,,
2,3515,492.24,-222.2020626,-29.3534813,,,,,,,,
2,3516,492.38,-223.3851403,-27.21484998,,,,,,,,
2,3517,492.52,-224.7815579,-32.54198236,,,,,,,,
2,3518,492.66,-226.2361646,-30.83108095,,,,,,,,
2,3519,492.8,-227.7489454,-35.30276081,,,,,,,,
2,3520,492.94,-229.475081,-35.45829895,,,,,,,,
2,3521,493.08,-230.2314639,-27.64257624,,,,,,,,
2,3522,493.22,-231.5697074,-31.1421536,,,,,,,,
2,3523,493.36,-233.3152294,-34.01958384,,,,,,,,
2,3524,493.5,-234.9637747,-38.45238098,,,,,,,,
2,3525,493.64,-236.0304892,-36.50817234,,,,,,,,
2,3526,493.78,-237.3105437,-30.6755428,,,,,,,,
2,3527,493.92,-239.2306179,-39.69667523,,,,,,,,
2,3528,494.06,-240.3749079,-34.25288742,,,,,,,,
2,3529,494.2,-241.8876886,-34.05846655,,,,,,,,
2,3530,494.34,-243.1483567,-34.75838457,,,,,,,,
2,3531,494.48,-244.3702221,-32.77528958,,,,,,,,
2,3532,494.62,-245.6308752,-28.10918704,,,,,,,,
2,3533,494.76,-247.2794205,-34.17511834,,,,,,,,
2,3534,494.9,-248.7146407,-37.55804573,,,,,,,,
2,3535,495.04,-250.1304448,-36.3526342,,,,,,,,
2,3536,495.18,-251.4880896,-33.12524859,,,,,,,,
2,3537,495.32,-252.4190247,-29.3534813,,,,,,,,
2,3538,495.46,-254.4166744,-35.30276081,,,,,,,,
2,3539,495.6,-255.813092,-37.86911839,,,,,,,,
2,3540,495.74,-257.0931613,-38.88010542,,,,,,,,
2,3541,495.88,-258.5283518,-33.70851118,,,,,,,,
2,3542,496.02,-259.6532404,-36.43040327,,,,,,,,
2,3543,496.16,-261.379391,-33.59185575,,,,,,,,
2,3544,496.3,-263.1830871,-44.24612416,,,,,,,,
2,3545,496.44,-263.9200985,-33.43632125,,,,,,,,
2,3546,496.58,-265.3359175,-35.45829895,,,,,,,,
2,3547,496.72,-266.8680847,-37.36362487,,,,,,,,
2,3548,496.86,-268.1287527,-35.53606803,,,,,,,,
2,3549,497,-269.6803212,-36.819245,,,,,,,,
2,3550,497.14,-271.2900937,-39.15229536,,,,,,,,
2,3551,497.28,-272.6089358,-39.46336801,,,,,,,,
2,3552,497.42,-274.1217017,-38.41349826,,,,,,,,
2,3553,497.56,-275.3629684,-35.45829895,,,,,,,,
2,3554,497.7,-276.546061,-31.91983706,,,,,,,,
2,3555,497.84,-278.3691585,-39.19118171,,,,,,,,
2,3556,497.98,-279.920727,-41.29092486,,,,,,,,
2,3557,498.12,-280.8322906,-35.38052988,,,,,,,,
2,3558,498.26,-282.4614346,-38.25796011,,,,,,,,
2,3559,498.4,-283.9936316,-40.12439967,,,,,,,,
2,3560,498.54,-285.2542698,-40.2410551,,,,,,,,
2,3561,498.68,-286.7282629,-39.34671622,,,,,,,,
2,3562,498.82,-288.2604599,-39.81332702,,,,,,,,
2,3563,498.96,-289.4241512,-39.89109609,,,,,,,,
2,3564,499.1,-290.5878127,-36.62482413,,,,,,,,
2,3565,499.24,-291.7903066,-34.33065649,,,,,,,,
2,3566,499.38,-293.7879562,-38.41349826,,,,,,,,
2,3567,499.52,-294.9904203,-39.3078335,,,,,,,,
2,3568,499.66,-296.3092625,-38.29684283,,,,,,,,
2,3569,499.8,-297.3565757,-36.62482413,,,,,,,,
2,3570,499.94,-299.2572784,-41.25204214,,,,,,,,
2,3571,500.08,-300.5179167,-38.29684283,,,,,,,,
2,3572,500.22,-301.681608,-37.59692845,,,,,,,,
2,3573,500.36,-303.1944036,-36.50817234,,,,,,,,
2,3574,500.5,-304.784745,-42.14637738,,,,,,,,
2,3575,500.64,-305.9678376,-36.89701407,,,,,,,,
2,3576,500.78,-307.5582087,-43.35178892,,,,,,,,
2,3577,500.92,-309.323132,-46.73471267,,,,,,,,
2,3578,501.06,-310.5061948,-40.62989683,,,,,,,,
2,3579,501.2,-311.7862642,-40.2410551,,,,,,,,
2,3580,501.34,-312.9887283,-37.51915938,,,,,,,,
2,3581,501.48,-314.3269718,-36.66370685,,,,,,,,
2,3582,501.62,-315.6264126,-33.78627662,,,,,,,,
2,3583,501.76,-317.0616031,-39.46336801,,,,,,,,
2,3584,501.9,-318.5938001,-40.31882054,,,,,,,,
2,3585,502.04,-320.7660019,-59.48872786,,,,,,,,
2,3586,502.18,-321.8327165,-53.18948752,,,,,,,,
2,3587,502.32,-322.3951459,-32.89194137,,,,,,,,
2,3588,502.46,-324.0049183,-35.38052988,,,,,,,,
2,3589,502.6,-325.9443939,-45.76260835,,,,,,,,
2,3590,502.74,-327.5153637,-53.6172156,,,,,,,,
2,3591,502.88,-328.4851015,-43.50732706,,,,,,,,
2,3592,503.02,-329.8815191,-44.12947237,,,,,,,,
2,3593,503.16,-331.2585354,-46.03479829,,,,,,,,
2,3594,503.3,-332.441628,-37.4413903,,,,,,,,
2,3595,503.44,-334.2647254,-46.89025081,,,,,,,,
2,3596,503.58,-335.8938694,-46.81248174,,,,,,,,
2,3597,503.72,-336.7860317,-40.31882054,,,,,,,,
2,3598,503.86,-338.4539783,-45.10157669,,,,,,,,
2,3599,504,-339.8116231,-41.17427306,,,,,,,,
2,3600,504.14,-340.7813609,-41.64088386,,,,,,,,
2,3601,504.28,-342.2941267,-40.12439967,,,,,,,,
2,3602,504.42,-344.2530036,-49.53437383,,,,,,,,
2,3603,504.56,-345.3391194,-48.71780766,,,,,,,,
2,3604,504.7,-346.6773331,-44.01282058,,,,,,,,
2,3605,504.84,-347.6470709,-36.89701407,,,,,,,,
2,3606,504.98,-349.6447504,-45.60707021,,,,,,,,
2,3607,505.12,-350.8278131,-41.17427306,,,,,,,,
2,3608,505.26,-352.2436321,-43.85728244,,,,,,,,
2,3609,505.4,-353.8146019,-46.1903328,,,,,,,,
2,3610,505.54,-355.404973,-45.56818749,,,,,,,,
2,3611,505.68,-356.6268384,-51.86742783,,,,,,,,
2,3612,505.82,-357.9456806,-42.14637738,,,,,,,,
2,3613,505.96,-359.0899706,-45.99591193,,,,,,,,
2,3614,506.1,-360.9130681,-47.00690261,,,,,,,,
2,3615,506.24,-362.328887,-47.9401242,,,,,,,,
2,3616,506.38,-363.3373976,-46.81248174,,,,,,,,
2,3617,506.52,-364.7532165,-40.94096948,,,,,,,,
2,3618,506.66,-366.4599657,-46.73471267,,,,,,,,
2,3619,506.8,-367.7594066,-51.7507724,,,,,,,,
2,3620,506.94,-369.0006733,-46.6569436,,,,,,,,
2,3621,507.08,-370.8237708,-49.22330118,,,,,,,,
2,3622,507.22,-371.9098568,-44.0517033,,,,,,,,
2,3623,507.36,-372.95717,-44.09058965,,,,,,,,
2,3624,507.5,-376.1379123,-81.06945461,,,,,,,,
2,3625,507.64,-376.118511,-46.6569436,,,,,,,,
2,3626,507.78,-377.2046268,-43.23513713,,,,,,,,
2,3627,507.92,-378.9889514,-48.6789213,,,,,,,,
2,3628,508.06,-380.5211186,-47.04578532,,,,,,,,
2,3629,508.2,-381.9951117,-52.17850048,,,,,,,,
2,3630,508.34,-383.3915293,-51.82854147,,,,,,,,
2,3631,508.48,-384.1285408,-45.02380762,,,,,,,,
2,3632,508.62,-385.6995106,-47.55128248,,,,,,,,
2,3633,508.76,-387.2510791,-53.11171844,,,,,,,,
2,3634,508.9,-388.5311484,-52.41180406,,,,,,,,
2,3635,509.04,-390.0439143,-46.26810187,,,,,,,,
2,3636,509.18,-391.6730881,-50.85643716,,,,,,,,
2,3637,509.32,-393.0113316,-51.32304796,,,,,,,,
2,3638,509.46,-394.174993,-50.5453645,,,,,,,,
2,3639,509.6,-395.9593177,-52.06184869,,,,,,,,
2,3640,509.74,-397.6272643,-57.58340194,,,,,,,,
2,3641,509.88,-398.6551762,-53.1506048,,,,,,,,
2,3642,510.02,-400.012821,-52.60622493,,,,,,,,
2,3643,510.16,-401.0407329,-51.16750981,,,,,,,,
2,3644,510.3,-402.8056562,-51.51746882,,,,,,,,
2,3645,510.44,-404.0081203,-52.87841486,,,,,,,,
2,3646,510.58,-405.4627419,-48.44561772,,,,,,,,
2,3647,510.72,-406.7621827,-51.2841616,,,,,,,,
2,3648,510.86,-408.2361758,-54.00605733,,,,,,,,
2,3649,511,-409.5162153,-53.53944653,,,,,,,,
2,3650,511.14,-410.641104,-48.406735,,,,,,,,
2,3651,511.28,-412.2508764,-49.96210191,,,,,,,,
2,3652,511.42,-413.8994217,-53.03395301,,,,,,,,
2,3653,511.56,-415.4897928,-54.74485442,,,,,,,,
2,3654,511.7,-416.420728,-50.38982636,,,,,,,,
2,3655,511.84,-417.6619947,-46.22921915,,,,,,,,
2,3656,511.98,-419.4657207,-55.44477244,,,,,,,,
2,3657,512.12,-420.9397137,-56.6890667,,,,,,,,
2,3658,512.26,-422.2391546,-52.64511128,,,,,,,,
2,3659,512.4,-423.3640432,-52.33403499,,,,,,,,
2,3660,512.54,-424.9738157,-53.03395301,,,,,,,,
2,3661,512.68,-426.6805351,-54.93927529,,,,,,,,
2,3662,512.82,-427.9993773,-55.36700337,,,,,,,,
2,3663,512.96,-429.0854931,-53.34502566,,,,,,,,
2,3664,513.1,-430.6176603,-54.62820263,,,,,,,,
2,3665,513.24,-431.9171309,-59.72203144,,,,,,,,
2,3666,513.38,-433.2747459,-55.71696238,,,,,,,,
2,3667,513.52,-434.7099662,-52.52845585,,,,,,,,
2,3668,513.66,-435.9124303,-51.16750981,,,,,,,,
2,3669,513.8,-437.638551,-57.62228466,,,,,,,,
2,3670,513.94,-439.3647015,-61.51070556,,,,,,,,
2,3671,514.08,-440.3538108,-57.66117101,,,,,,,,
2,3672,514.22,-441.7502284,-56.26133861,,,,,,,,
2,3673,514.36,-443.2824254,-60.14975952,,,,,,,,
2,3674,514.5,-444.8339939,-61.39405014,,,,,,,,
2,3675,514.64,-445.8425343,-57.89447459,,,,,,,,
2,3676,514.78,-447.568655,-58.78881348,,,,,,,,
2,3677,514.92,-448.8874972,-60.69413575,,,,,,,,
2,3678,515.06,-450.6136179,-62.01620272,,,,,,,,
2,3679,515.2,-451.6997337,-60.73302211,,,,,,,,
2,3680,515.34,-453.0379772,-60.77190483,,,,,,,,
2,3681,515.48,-454.3761909,-60.81079118,,,,,,,,
2,3682,515.62,-456.0441375,-62.28838902,,,,,,,,
2,3683,515.76,-457.2272301,-64.31037036,,,,,,,,
2,3684,515.9,-458.8951766,-64.46590123,,,,,,,,
2,3685,516.04,-459.8067105,-59.68314872,,,,,,,,
2,3686,516.18,-461.3776803,-60.81079118,,,,,,,,
2,3687,516.32,-463.0262554,-65.47689554,,,,,,,,
2,3688,516.46,-464.5390213,-65.12693653,,,,,,,,
2,3689,516.6,-465.3148353,-62.63834803,,,,,,,,
2,3690,516.74,-467.1379328,-61.86066457,,,,,,,,
2,3691,516.88,-468.5343504,-63.10495519,,,,,,,,
2,3692,517.02,-469.6010649,-62.67723074,,,,,,,,
2,3693,517.16,-471.075058,-62.5216926,,,,,,,,
2,3694,517.3,-472.6848006,-61.23851927,,,,,,,,
2,3695,517.44,-474.3915498,-68.58762936,,,,,,,,
2,3696,517.58,-475.3418863,-64.19371493,,,,,,,,
2,3697,517.72,-476.583153,-66.17680629,,,,,,,,
2,3698,517.86,-478.7747562,-69.17089195,,,,,,,,
2,3699,518,-479.7056913,-69.71527182,,,,,,,,
2,3700,518.14,-481.3736379,-70.18187898,,,,,,,,
2,3701,518.28,-482.750684,-69.2875401,,,,,,,,
2,3702,518.42,-484.0694964,-66.64342072,,,,,,,,
2,3703,518.56,-485.4077399,-70.02634084,,,,,,,,
2,3704,518.7,-486.7847562,-68.82093294,,,,,,,,
2,3705,518.84,-488.1229997,-69.63749911,,,,,,,,
2,3706,518.98,-489.3254638,-67.65440776,,,,,,,,
2,3707,519.12,-490.8576608,-72.63158477,,,,,,,,
2,3708,519.26,-492.1571016,-70.45406528,,,,,,,,
2,3709,519.4,-493.8056469,-69.0153538,,,,,,,,
2,3710,519.54,-495.4154193,-73.83699267,,,,,,,,
2,3711,519.68,-496.6372848,-75.19793871,,,,,,,,
2,3712,519.82,-497.9173243,-69.20977467,,,,,,,,
2,3713,519.96,-498.945266,-69.83191997,,,,,,,,
2,3714,520.1,-500.57441,-71.1539833,,,,,,,,
2,3715,520.24,-502.2229552,-72.51492934,,,,,,,,
2,3716,520.38,-503.0375719,-70.18187898,,,,,,,,
2,3717,520.52,-505.0157905,-74.49802797,,,,,,,,
2,3718,520.66,-506.4898133,-76.83107833,,,,,,,,
2,3719,520.8,-507.6534748,-73.25373008,,,,,,,,
2,3720,520.94,-509.1080666,-73.05930922,,,,,,,,
2,3721,521.08,-510.6596947,-78.93082511,,,,,,,,
2,3722,521.22,-511.5130544,-76.05339488,,,,,,,,
2,3723,521.36,-513.0258203,-75.70343587,,,,,,,,
2,3724,521.5,-514.5773888,-79.28077684,,,,,,,,
2,3725,521.64,-516.225934,-78.46421067,,,,,,,,
2,3726,521.78,-517.1957016,-74.96463513,,,,,,,,
2,3727,521.92,-518.7860727,-77.68652722,,,,,,,,
2,3728,522.06,-520.260036,-81.18610276,,,,,,,,
2,3729,522.2,-521.2879777,-78.07536895,,,,,,,,
2,3730,522.34,-523.0916739,-77.84206537,,,,,,,,
2,3731,522.48,-524.5656967,-82.89700781,,,,,,,,
2,3732,522.62,-525.8651376,-80.44730203,,,,,,,,
2,3733,522.76,-527.0676017,-81.30275819,,,,,,,,
2,3734,522.9,-528.8519263,-86.47435607,,,,,,,,
2,3735,523.04,-529.8604369,-83.51915312,,,,,,,,
2,3736,523.18,-531.3538313,-85.69667261,,,,,,,,
2,3737,523.32,-532.9635739,-86.04663162,,,,,,,,
2,3738,523.46,-534.3987942,-87.71864668,,,,,,,,
2,3739,523.6,-535.8921885,-89.66285532,,,,,,,,
2,3740,523.74,-536.8037224,-84.25795386,,,,,,,,
2,3741,523.88,-538.4522676,-89.85727618,,,,,,,,
2,3742,524.02,-539.8099422,-87.32980496,,,,,,,,
2,3743,524.16,-541.4003134,-91.87925752,,,,,,,,
2,3744,524.3,-542.8937078,-91.45153308,,,,,,,,
2,3745,524.44,-543.979764,-89.74062803,,,,,,,,
2,3746,524.58,-545.4149842,-90.47942876,,,,,,,,
2,3747,524.72,-547.0635295,-95.02887406,,,,,,,,
2,3748,524.86,-548.576355,-97.40081441,,,,,,,,
2,3749,525,-549.4297147,-93.94012159,,,,,,,,
2,3750,525.14,-551.0976315,-92.85136184,,,,,,,,
2,3751,525.28,-552.6686311,-96.15651652,,,,,,,,
2,3752,525.42,-553.9292693,-97.984077,,,,,,,,
2,3753,525.56,-555.0347567,-98.80064317,,,,,,,,
2,3754,525.7,-556.528151,-98.99506404,,,,,,,,
2,3755,525.84,-558.0991507,-98.29514602,,,,,,,,
2,3756,525.98,-559.4373941,-101.9502597,,,,,,,,
2,3757,526.12,-560.6592298,-98.95618132,,,,,,,,
2,3758,526.26,-562.269032,-100.2004719,,,,,,,,
2,3759,526.4,-563.7236238,-102.611295,,,,,,,,
2,3760,526.54,-565.1006103,-106.227526,,,,,,,,
2,3761,526.68,-566.2449002,-106.3441741,,,,,,,,
2,3762,526.82,-568.1456327,-111.2824684,,,,,,,,
2,3763,526.96,-569.4644451,-110.6214331,,,,,,,,
2,3764,527.1,-570.8026886,-109.0271835,,,,,,,,
2,3765,527.24,-572.1796751,-111.165813,,,,,,,,
2,3766,527.38,-573.8476515,-113.1877943,,,,,,,,
2,3767,527.52,-574.5458603,-112.4101109,,,,,,,,
2,3768,527.66,-576.4853358,-117.4261706,,,,,,,,
2,3769,527.8,-577.8235793,-117.8150123,,,,,,,,
2,3770,527.94,-579.1035891,-116.6484872,,,,,,,,
2,3771,528.08,-580.2285075,-116.6096044,,,,,,,,
2,3772,528.22,-581.9740295,-122.0922713,,,,,,,,
2,3773,528.36,-583.2734704,-125.5529642,,,,,,,,
2,3774,528.5,-584.7474933,-125.3974333,,,,,,,,
2,3775,528.64,-586.0663056,-127.1472138,,,,,,,,
2,3776,528.78,-587.5208974,-126.8750348,,,,,,,,
2,3777,528.92,-588.9755487,-126.3306476,,,,,,,,
2,3778,529.06,-590.2168155,-129.4413814,,,,,,,,
2,3779,529.2,-591.6907787,-130.4523757,,,,,,,,
2,3780,529.34,-593.1066275,-134.340793,,,,,,,,
2,3781,529.48,-594.6969986,-136.0128081,,,,,,,,
2,3782,529.62,-595.8218575,-133.5242268,,,,,,,,
2,3783,529.76,-597.1601009,-134.9240483,,,,,,,,
2,3784,529.9,-598.6728668,-139.0846592,,,,,,,,
2,3785,530.04,-600.1856923,-141.8065513,,,,,,,,
2,3786,530.18,-601.5821099,-146.2782384,,,,,,,,
2,3787,530.32,-602.8233767,-145.8116312,,,,,,,,
2,3788,530.46,-604.6270728,-150.4777319,,,,,,,,
2,3789,530.6,-605.3252816,-145.3061268,,,,,,,,
2,3790,530.74,-606.8768501,-146.2393557,,,,,,,,
2,3791,530.88,-608.4672213,-152.9663132,,,,,,,,
2,3792,531.02,-609.8636389,-152.2664097,,,,,,,,
2,3793,531.16,-611.5703583,-160.9764586,,,,,,,,
2,3794,531.3,-612.6564741,-161.2097694,,,,,,,,
2,3795,531.44,-613.955915,-162.45406,,,,,,,,
2,3796,531.58,-615.6626344,-163.3872744,,,,,,,,
2,3797,531.72,-616.7875528,-167.5478852,,,,,,,,
2,3798,531.86,-618.4749007,-170.38644,,,,,,,,
2,3799,532,-619.4834113,-170.0753637,,,,,,,,
2,3800,532.14,-621.0544109,-172.5639449,,,,,,,,
2,3801,532.28,-622.1598983,-174.6248163,,,,,,,,
2,3802,532.42,-624.0605712,-182.7516098,,,,,,,,
2,3803,532.56,-625.1854897,-183.5292933,,,,,,,,
2,3804,532.7,-626.8727779,-186.5233789,,,,,,,,
2,3805,532.84,-628.4825802,-190.4506789,,,,,,,,
2,3806,532.98,-629.3165088,-186.4844962,,,,,,,,
2,3807,533.12,-631.0232878,-196.399953,,,,,,,,
2,3808,533.26,-632.5748563,-200.5994465,,,,,,,,
2,3809,533.4,-633.641541,-199.5495841,,,,,,,,
2,3810,533.54,-634.9797845,-201.7659717,,,,,,,,
2,3811,533.68,-636.2792253,-204.3323329,,,,,,,,
2,3812,533.82,-637.9083991,-209.4261581,,,,,,,,
2,3813,533.96,-639.595747,-216.7363855,,,,,,,,
2,3814,534.1,-641.0309672,-219.5360576,,,,,,,,
2,3815,534.24,-642.0782804,-220.6636855,,,,,,,,
2,3816,534.38,-643.3970928,-224.2021583,,,,,,,,
2,3817,534.52,-644.5801854,-226.3018978,,,,,,,,
2,3818,534.66,-646.3257074,-231.7067992,,,,,,,,
2,3819,534.8,-647.7802992,-236.9561698,,,,,,,,
2,3820,534.94,-649.0409374,-240.3002145,,,,,,,,
2,3821,535.08,-650.3791809,-242.7887957,,,,,,,,
2,3822,535.22,-652.0471573,-250.954472,,,,,,,,
2,3823,535.36,-653.1332731,-252.1210117,,,,,,,,
2,3824,535.5,-654.6848416,-255.9705463,,,,,,,,
2,3825,535.64,-655.8873057,-257.1370569,,,,,,,,
2,3826,535.78,-657.322526,-261.336565,,,,,,,,
2,3827,535.92,-659.068048,-270.6298837,,,,,,,,
2,3828,536.06,-660.3286862,-272.7296087,,,,,,,,
2,3829,536.2,-661.4729762,-276.3458469,,,,,,,,
2,3830,536.34,-663.1796956,-279.2232845,,,,,,,,
2,3831,536.48,-664.3046141,-285.7169311,,,,,,,,
2,3832,536.62,-665.5846834,-288.4777205,,,,,,,,
2,3833,536.76,-667.4465537,-324.717781,,,,,,,,
2,3834,536.9,-668.6878204,-320.518302,,,,,,,,
2,3835,537.04,-670.1812148,-316.0077322,,,,,,,,
2,3836,537.18,-671.2478995,-323.3957104,,,,,,,,
2,3837,537.32,-672.9352474,-329.5005299,,,,,,,,
2,3838,537.46,-674.4286418,-336.3441501,,,,,,,,
2,3839,537.6,-675.5729318,-338.6772005,,,,,,,,
2,3840,537.74,-677.0469546,-343.0322395,,,,,,,,
2,3841,537.88,-678.5597205,-348.5926718,,,,,,,,
2,3842,538.02,-680.0531149,-353.4531861,,,,,,,,
2,3843,538.16,-681.4107299,-358.2359641,,,,,,,,
2,3844,538.3,-683.1368804,-367.7236964,,,,,,,,
2,3845,538.44,-684.0096116,-369.6290078,,,,,,,,
2,3846,538.58,-685.2315068,-372.1565008,,,,,,,,
2,3847,538.72,-686.8412495,-377.9113467,,,,,,,,
2,3848,538.86,-688.1988645,-382.1886203,,,,,,,,
2,3849,539,-689.5371079,-387.2824309,,,,,,,,
2,3850,539.14,-690.8753514,-393.1150713,,,,,,,,
2,3851,539.28,-692.4463511,-399.1810081,,,,,,,,
2,3852,539.42,-693.7069893,-404.1192879,,,,,,,,
2,3853,539.56,-695.3555346,-410.0296937,,,,,,,,
2,3854,539.7,-696.5968013,-410.4963155,,,,,,,,
2,3855,539.84,-697.9932189,-417.5343493,,,,,,,,
2,3856,539.98,-699.758172,-428.3830349,,,,,,,,
2,3857,540.12,-700.7666826,-429.9384018,,,,,,,,
2,3858,540.26,-702.7255297,-438.8039815,,,,,,,,
2,3859,540.4,-704.0444016,-445.764279,,,,,,,,
2,3860,540.54,-705.0334811,-447.0474378,,,,,,,,
2,3861,540.68,-706.5463066,-450.9747378,,,,,,,,
2,3862,540.82,-708.3693743,-461.8234234,,,,,,,,
2,3863,540.96,-709.1645598,-465.1674826,,,,,,,,
2,3864,541.1,-710.5222344,-465.5563098,,,,,,,,
2,3865,541.24,-711.8992209,-470.9223285,,,,,,,,
2,3866,541.38,-713.7029171,-479.9434682,,,,,,,,
2,3867,541.52,-714.7114873,-482.1987532,,,,,,,,
2,3868,541.66,-716.3212299,-485.8149914,,,,,,,,
2,3869,541.8,-717.698276,-493.7473568,,,,,,,,
2,3870,541.94,-719.0946937,-497.635745,,,,,,,,
2,3871,542.08,-720.3747034,-502.3407866,,,,,,,,
2,3872,542.22,-721.5189934,-505.2181659,,,,,,,,
2,3873,542.36,-723.2451439,-513.6560649,,,,,,,,
2,3874,542.5,-724.4088054,-519.3331745,,,,,,,,
2,3875,542.64,-726.3482809,-528.1598424,,,,,,,,
2,3876,542.78,-727.2792459,-526.9155954,,,,,,,,
2,3877,542.92,-728.7338376,-532.3593505,,,,,,,,
2,3878,543.06,-730.6345105,-546.3965354,,,,,,,,
2,3879,543.2,-731.6236496,-548.0296677,,,,,,,,
2,3880,543.34,-733.0976725,-551.1404015,,,,,,,,
2,3881,543.48,-734.5716357,-554.6400207,,,,,,,,
2,3882,543.62,-735.8517051,-557.9840508,,,,,,,,
2,3883,543.76,-737.2675538,-565.099821,,,,,,,,
2,3884,543.9,-738.2954359,-570.7769305,,,,,,,,
2,3885,544.04,-739.9439812,-574.4320224,,,,,,,,
2,3886,544.18,-741.0107255,-576.8039846,,,,,,,,
2,3887,544.32,-742.6398396,-584.5808191,,,,,,,,
2,3888,544.46,-744.3659902,-589.4413334,,,,,,,,
2,3889,544.6,-745.6072569,-592.2021228,,,,,,,,
2,3890,544.74,-746.7709184,-597.6459361,,,,,,,,
2,3891,544.88,-748.3807206,-603.2841047,,,,,,,,
2,3892,545.02,-749.8353124,-609.7388687,,,,,,,,
2,3893,545.16,-751.2511015,-617.3212896,,,,,,,,
2,3894,545.3,-752.9384494,-624.7870624,,,,,,,,
2,3895,545.44,-754.2185187,-623.2705782,,,,,,,,
2,3896,545.58,-755.1300526,-625.6814231,,,,,,,,
2,3897,545.72,-757.2634816,-636.7245223,,,,,,,,
2,3898,545.86,-758.3107948,-642.3627492,,,,,,,,
2,3899,546,-759.7848177,-643.9569988,,,,,,,,
2,3900,546.14,-761.3945603,-653.6391447,,,,,,,,
2,3901,546.28,-762.6746297,-657.1387057,,,,,,,,
2,3902,546.42,-764.1680241,-661.8436892,,,,,,,,
2,3903,546.56,-765.4480338,-666.2376109,,,,,,,,
2,3904,546.7,-766.9414282,-669.9705264,,,,,,,,
2,3905,546.84,-767.9305673,-673.3534392,,,,,,,,
2,3906,546.98,-769.6567178,-677.864009,,,,,,,,
2,3907,547.12,-770.9561586,-679.9248513,,,,,,,,
2,3908,547.26,-772.1392512,-685.5241954,,,,,,,,
2,3909,547.4,-773.8653421,-691.8623112,,,,,,,,
2,3910,547.54,-775.164783,-697.1894181,,,,,,,,
2,3911,547.68,-776.6000032,-701.1945127,,,,,,,,
2,3912,547.82,-777.8994441,-705.199549,,,,,,,,
2,3913,547.96,-779.1213393,-706.7938568,,,,,,,,
2,3914,548.1,-780.3819776,-711.3432512,,,,,,,,
2,3915,548.24,-782.0693254,-716.7870644,,,,,,,,
2,3916,548.38,-783.4269404,-724.4083681,,,,,,,,
2,3917,548.52,-784.9203348,-729.191117,,,,,,,,
2,3918,548.66,-785.8706713,-730.7853666,,,,,,,,
2,3919,548.8,-787.7713442,-737.9789604,,,,,,,,
2,3920,548.94,-789.1871929,-742.2562339,,,,,,,,
2,3921,549.08,-790.4672027,-744.7447861,,,,,,,,
2,3922,549.22,-791.8248773,-746.2612703,,,,,,,,
2,3923,549.36,-793.2600975,-752.4827379,,,,,,,,
2,3924,549.5,-795.024991,-758.3542611,,,,,,,,
2,3925,549.64,-796.1304784,-762.2815901,,,,,,,,
2,3926,549.78,-797.7790236,-768.5419405,,,,,,,,
2,3927,549.92,-798.9814878,-772.7025077,,,,,,,,
2,3928,550.06,-800.1645803,-775.8521242,,,,,,,,
2,3929,550.2,-801.8907309,-777.9130246,,,,,,,,
2,3930,550.34,-803.2095432,-782.8513044,,,,,,,,
2,3931,550.48,-804.5284152,-785.573211,,,,,,,,
2,3932,550.62,-805.7114482,-790.2393118,,,,,,,,
2,3933,550.76,-807.1660995,-794.9054125,,,,,,,,
2,3934,550.9,-808.7758422,-799.9603404,,,,,,,,
2,3935,551.04,-810.1334572,-805.6763327,,,,,,,,
2,3936,551.18,-811.219573,-808.0093539,,,,,,,,
2,3937,551.32,-812.8099442,-813.1421055,,,,,,,,
2,3938,551.46,-814.0705824,-816.2528393,,,,,,,,
2,3939,551.6,-815.467,-819.8690484,,,,,,,,
2,3940,551.74,-817.0768023,-823.3686094,,,,,,,,
2,3941,551.88,-818.356812,-828.9679536,,,,,,,,
2,3942,552.02,-819.9666142,-833.0508135,,,,,,,,
2,3943,552.16,-821.3242292,-837.6391488,,,,,,,,
2,3944,552.3,-822.565496,-839.8555219,,,,,,,,
2,3945,552.44,-823.9812851,-846.3491686,,,,,,,,
2,3946,552.58,-825.280726,-848.7211308,,,,,,,,
2,3947,552.72,-826.8710971,-853.8927068,,,,,,,,
2,3948,552.86,-828.2675147,-858.4032767,,,,,,,,
2,3949,553,-829.4894099,-860.9307697,,,,,,,,
2,3950,553.14,-831.4288855,-866.9967065,,,,,,,,
2,3951,553.28,-832.4567676,-870.2629711,,,,,,,,
2,3952,553.42,-833.9889646,-874.0735939,,,,,,,,
2,3953,553.56,-835.4048133,-877.2620931,,,,,,,,
2,3954,553.7,-836.8787766,-882.0059593,,,,,,,,
2,3955,553.84,-838.0424976,-882.2393138,,,,,,,,
2,3956,553.98,-839.4970894,-886.3609983,,,,,,,,
2,3957,554.12,-841.0292268,-891.9214597,,,,,,,,
2,3958,554.26,-841.9020176,-891.610398,,,,,,,,
2,3959,554.4,-843.6863422,-896.4709123,,,,,,,,
2,3960,554.54,-844.7918296,-899.2705843,,,,,,,,
2,3961,554.68,-846.7701077,-908.5639031,,,,,,,,
2,3962,554.82,-847.7786183,-907.6306596,,,,,,,,
2,3963,554.96,-849.2332101,-915.6796732,,,,,,,,
2,3964,555.1,-851.0757089,-923.0676806,,,,,,,,
2,3965,555.24,-852.2393703,-923.3398596,,,,,,,,
2,3966,555.38,-853.3061147,-922.873267,,,,,,,,
2,3967,555.52,-854.9740314,-930.1057435,,,,,,,,
2,3968,555.66,-856.4868569,-933.0998291,,,,,,,,
2,3969,555.8,-857.7668667,-936.482742,,,,,,,,
2,3970,555.94,-858.833611,-938.0769916,,,,,,,,
2,3971,556.08,-860.2106571,-942.8208577,,,,,,,,
2,3972,556.22,-862.0143533,-946.3204187,,,,,,,,
2,3973,556.36,-863.4301424,-951.8031147,,,,,,,,
2,3974,556.5,-864.7295833,-954.6027868,,,,,,,,
2,3975,556.64,-866.3005829,-960.16319,,,,,,,,
2,3976,556.78,-867.7551746,-963.9349882,,,,,,,,
2,3977,556.92,-868.9770103,-967.1234875,,,,,,,,
2,3978,557.06,-870.2958822,-965.8014169,,,,,,,,
2,3979,557.2,-871.6729283,-972.5672426,,,,,,,,
2,3980,557.34,-872.9141951,-975.8335073,,,,,,,,
2,3981,557.48,-874.3493557,-979.7997773,,,,,,,,
2,3982,557.62,-875.9203553,-982.3660366,,,,,,,,
2,3983,557.76,-877.3167729,-986.6044857,,,,,,,,
2,3984,557.9,-878.6162138,-986.7988992,,,,,,,,
2,3985,558.04,-880.2065849,-992.9037187,,,,,,,,
2,3986,558.18,-881.3314438,-995.0811509,,,,,,,,
2,3987,558.32,-883.0963969,-1001.80821,,,,,,,,
2,3988,558.46,-884.1243386,-1003.052457,,,,,,,,
2,3989,558.6,-885.6952786,-1003.324636,,,,,,,,
2,3990,558.74,-887.0916963,-1010.82935,,,,,,,,
2,3991,558.88,-888.8178468,-1013.978967,,,,,,,,
2,3992,559.02,-889.7100091,-1014.367794,,,,,,,,
2,3993,559.16,-891.4167285,-1019.267133,,,,,,,,
2,3994,559.3,-892.6191926,-1025.527483,,,,,,,,
2,3995,559.44,-894.2483664,-1025.683014,,,,,,,,
2,3996,559.58,-895.2568769,-1027.471735,,,,,,,,
2,3997,559.72,-896.7114687,-1031.632302,,,,,,,,
2,3998,559.86,-898.4376192,-1035.170862,,,,,,,,
3,3999,560,-899.4073272,-1034.120913,,,,,,,,
3,4000,560.14,-897.8363872,-1031.904481,,,,,,,,
3,4001,560.28,-896.3429928,-1020.822558,,,,,,,,
3,4002,560.42,-895.1599002,-1018.450595,,,,,,,,
3,4003,560.56,-893.5501575,-1012.579072,,,,,,,,
3,4004,560.7,-892.2700882,-1006.707549,,,,,,,,
3,4005,560.84,-890.5051947,-999.0863036,,,,,,,,
3,4006,560.98,-889.9233341,-1002.66363,,,,,,,,
3,4007,561.12,-888.0420327,-992.2427125,,,,,,,,
3,4008,561.26,-886.800766,-985.8267149,,,,,,,,
3,4009,561.4,-885.3073716,-982.2493885,,,,,,,,
3,4010,561.54,-883.9691281,-977.1945188,,,,,,,,
3,4011,561.68,-882.5145364,-971.0896411,,,,,,,,
3,4012,561.82,-881.0793161,-971.245172,,,,,,,,
3,4013,561.96,-879.7411323,-961.9129705,,,,,,,,
3,4014,562.1,-878.13133,-961.8740878,,,,,,,,
3,4015,562.24,-877.2585988,-960.4353691,,,,,,,,
3,4016,562.38,-875.3966689,-949.7422725,,,,,,,,
3,4017,562.52,-873.8451004,-945.8538261,,,,,,,,
3,4018,562.66,-872.8365898,-945.9704743,,,,,,,,
3,4019,562.8,-871.0328937,-934.9273751,,,,,,,,
3,4020,562.94,-869.636476,-935.4717331,,,,,,,,
3,4021,563.08,-868.7636852,-934.4996652,,,,,,,,
3,4022,563.22,-867.0181632,-926.8394788,,,,,,,,
3,4023,563.36,-865.5635715,-923.5731559,,,,,,,,
3,4024,563.5,-864.3416762,-919.7625332,,,,,,,,
3,4025,563.64,-863.0228639,-916.6906821,,,,,,,,
3,4026,563.78,-861.4131212,-914.2798372,,,,,,,,
3,4027,563.92,-860.0942492,-908.3306068,,,,,,,,
3,4028,564.06,-858.659029,-904.7532221,,,,,,,,
3,4029,564.2,-857.1850657,-902.1869046,,,,,,,,
3,4030,564.34,-855.8468223,-900.3981831,,,,,,,,
3,4031,564.48,-854.411602,-893.4768266,,,,,,,,
3,4032,564.62,-853.0927896,-890.0939138,,,,,,,,
3,4033,564.76,-851.8127203,-890.9104508,,,,,,,,
3,4034,564.9,-850.5520821,-887.3720071,,,,,,,,
3,4035,565.04,-848.8841057,-879.8284689,,,,,,,,
3,4036,565.18,-847.6040363,-881.4616012,,,,,,,,
3,4037,565.32,-846.1300731,-875.0846027,,,,,,,,
3,4038,565.46,-844.753027,-875.5900781,,,,,,,,
3,4039,565.6,-843.4923887,-868.2798943,,,,,,,,
3,4040,565.74,-842.3287272,-871.2739218,,,,,,,,
3,4041,565.88,-840.3892517,-861.6306586,,,,,,,,
3,4042,566.02,-839.2255306,-862.8360811,,,,,,,,
3,4043,566.16,-837.7321362,-856.5757307,,,,,,,,
3,4044,566.3,-836.4521265,-856.0702554,,,,,,,,
3,4045,566.44,-834.725976,-849.7709641,,,,,,,,
3,4046,566.58,-833.5623145,-848.3711863,,,,,,,,
3,4047,566.72,-832.1464658,-844.1716782,,,,,,,,
3,4048,566.86,-830.5948973,-841.0609444,,,,,,,,
3,4049,567,-829.0433288,-835.2283039,,,,,,,,
3,4050,567.14,-827.9960155,-836.62814,,,,,,,,
3,4051,567.28,-826.6965747,-832.0009219,,,,,,,,
3,4052,567.42,-825.3389001,-833.0896962,,,,,,,,
3,4053,567.56,-823.6903548,-828.9290708,,,,,,,,
3,4054,567.7,-822.390914,-823.018665,,,,,,,,
3,4055,567.84,-821.1109042,-822.1243625,,,,,,,,
3,4056,567.98,-819.6175098,-820.8022919,,,,,,,,
3,4057,568.12,-817.930162,-813.2976363,,,,,,,,
3,4058,568.26,-816.7470694,-814.5808242,,,,,,,,
3,4059,568.4,-815.2343035,-807.1928169,,,,,,,,
3,4060,568.54,-814.2451644,-807.6982922,,,,,,,,
3,4061,568.68,-812.577188,-805.4041537,,,,,,,,
3,4062,568.82,-810.7928634,-799.5715132,,,,,,,,
3,4063,568.96,-809.7455502,-800.5825221,,,,,,,,
3,4064,569.1,-808.4267378,-796.2663658,,,,,,,,
3,4065,569.24,-807.1854711,-794.0499345,,,,,,,,
3,4066,569.38,-805.4981232,-790.0060154,,,,,,,,
3,4067,569.52,-804.1405082,-787.7507014,,,,,,,,
3,4068,569.66,-802.6471138,-782.3069463,,,,,,,,
3,4069,569.8,-801.6386032,-784.2511404,,,,,,,,
3,4070,569.94,-799.6991277,-778.7295617,,,,,,,,
3,4071,570.08,-798.3027101,-774.2967573,,,,,,,,
3,4072,570.22,-796.9644666,-774.1412264,,,,,,,,
3,4073,570.36,-795.7231998,-769.6306566,,,,,,,,
3,4074,570.5,-794.2879796,-769.0085331,,,,,,,,
3,4075,570.64,-792.8140163,-764.7312596,,,,,,,,
3,4076,570.78,-791.533947,-760.9206368,,,,,,,,
3,4077,570.92,-790.00175,-760.1040415,,,,,,,,
3,4078,571.06,-788.5083556,-755.6712371,,,,,,,,
3,4079,571.2,-787.499845,-756.2934188,,,,,,,,
3,4080,571.34,-785.8318686,-753.0660369,,,,,,,,
3,4081,571.48,-784.435451,-749.8775376,,,,,,,,
3,4082,571.62,-783.0002904,-747.3111618,,,,,,,,
3,4083,571.76,-781.9917202,-747.5055754,,,,,,,,
3,4084,571.9,-780.3238034,-743.2671846,,,,,,,,
3,4085,572.04,-779.0437341,-739.3399137,,,,,,,,
3,4086,572.18,-777.8606415,-738.173374,,,,,,,,
3,4087,572.32,-775.9987712,-734.0127486,,,,,,,,
3,4088,572.46,-774.8738527,-732.3018508,,,,,,,,
3,4089,572.6,-773.3222842,-728.3356972,,,,,,,,
3,4090,572.74,-771.9258666,-728.1023427,,,,,,,,
3,4091,572.88,-770.7622051,-725.7304387,,,,,,,,
3,4092,573.02,-769.0360546,-720.8699244,,,,,,,,
3,4093,573.16,-767.7172422,-720.1699773,,,,,,,,
3,4094,573.3,-766.282022,-717.2536571,,,,,,,,
3,4095,573.44,-765.0795579,-714.1429232,,,,,,,,
3,4096,573.58,-763.5473609,-710.0212388,,,,,,,,
3,4097,573.72,-762.4030709,-708.2325174,,,,,,,,
3,4098,573.86,-760.7545257,-706.5605023,,,,,,,,
3,4099,574,-759.3387365,-702.8665277,,,,,,,,
3,4100,574.14,-757.9810619,-700.3390347,,,,,,,,
3,4101,574.28,-756.5846443,-700.3390347,,,,,,,,
3,4102,574.42,-755.2852035,-696.5672947,,,,,,,,
3,4103,574.56,-753.6366582,-692.8343792,,,,,,,,
3,4104,574.7,-752.3953915,-692.6010828,,,,,,,,
3,4105,574.84,-751.1929274,-690.073648,,,,,,,,
3,4106,574.98,-749.486208,-687.5850377,,,,,,,,
3,4107,575.12,-748.3031154,-682.8411715,,,,,,,,
3,4108,575.26,-746.809721,-682.9189369,,,,,,,,
3,4109,575.4,-745.7042336,-679.6526723,,,,,,,,
3,4110,575.54,-743.8617349,-674.5977444,,,,,,,,
3,4111,575.68,-742.5816655,-673.4700873,,,,,,,,
3,4112,575.82,-741.0494685,-668.7262212,,,,,,,,
3,4113,575.96,-739.5948768,-669.9705264,,,,,,,,
3,4114,576.1,-738.4117842,-666.2764936,,,,,,,,
3,4115,576.24,-736.8214726,-665.9654318,,,,,,,,
3,4116,576.38,-735.3280783,-660.2105568,,,,,,,,
3,4117,576.52,-734.1837883,-659.0440171,,,,,,,,
3,4118,576.66,-732.6127887,-656.6721131,,,,,,,,
3,4119,576.8,-731.4878702,-652.6670186,,,,,,,,
3,4120,576.94,-730.0332785,-650.5284109,,,,,,,,
3,4121,577.08,-728.2683849,-647.4954425,,,,,,,,
3,4122,577.22,-727.1628976,-647.3399117,,,,,,,,
3,4123,577.36,-725.6500721,-643.2959344,,,,,,,,
3,4124,577.5,-724.5833874,-641.3906231,,,,,,,,
3,4125,577.64,-722.876668,-638.1243584,,,,,,,,
3,4126,577.78,-721.1117148,-633.9248503,,,,,,,,
3,4127,577.92,-720.3553319,-635.2469209,,,,,,,,
3,4128,578.06,-718.4934616,-629.8419903,,,,,,,,
3,4129,578.2,-717.1745896,-630.4252893,,,,,,,,
3,4130,578.34,-715.8169746,-626.0313676,,,,,,,,
3,4131,578.48,-714.4011259,-623.8927599,,,,,,,,
3,4132,578.62,-713.3344412,-623.1539301,,,,,,,,
3,4133,578.76,-711.9380236,-620.0431962,,,,,,,,
3,4134,578.9,-710.1148963,-617.3212896,,,,,,,,
3,4135,579.04,-709.0288401,-616.310339,,,,,,,,
3,4136,579.18,-707.651794,-613.8606113,,,,,,,,
3,4137,579.32,-705.9450746,-610.2055195,,,,,,,,
3,4138,579.46,-704.6456337,-607.7169091,,,,,,,,
3,4139,579.6,-703.2104135,-605.0727679,,,,,,,,
3,4140,579.74,-701.9885182,-603.7507555,,,,,,,,
3,4141,579.88,-700.3787756,-600.7177872,,,,,,,,
3,4142,580.02,-699.0793347,-597.9569978,,,,,,,,
3,4143,580.16,-697.3143816,-596.2849827,,,,,,,,
3,4144,580.3,-696.3834763,-593.990786,,,,,,,,
3,4145,580.44,-694.8900819,-591.2299966,,,,,,,,
3,4146,580.58,-693.6294436,-590.3356941,,,,,,,,
3,4147,580.72,-692.1166182,-586.3305996,,,,,,,,
3,4148,580.86,-690.9335256,-583.9198129,,,,,,,,
3,4149,581,-689.2656088,-583.5698103,,,,,,,,
3,4150,581.14,-687.8885627,-579.4870085,,,,,,,,
3,4151,581.28,-686.4145994,-578.4759996,,,,,,,,
3,4152,581.42,-685.1733327,-576.5318056,,,,,,,,
3,4153,581.56,-683.5635304,-572.0601184,,,,,,,,
3,4154,581.7,-682.5550199,-572.7211246,,,,,,,,
3,4155,581.84,-680.9646487,-568.482792,,,,,,,,
3,4156,581.98,-679.2967319,-564.9054074,,,,,,,,
3,4157,582.12,-678.2106161,-564.8665247,,,,,,,,
3,4158,582.26,-676.7753959,-557.1285728,,,,,,,,
3,4159,582.4,-675.3596067,-552.618003,,,,,,,,
3,4160,582.54,-673.8274097,-557.9062854,,,,,,,,
3,4161,582.68,-672.6055145,-553.3957155,,,,,,,,
3,4162,582.82,-670.9375978,-549.7405655,,,,,,,,
3,4163,582.96,-669.7351336,-551.6070523,,,,,,,,
3,4164,583.1,-668.3775187,-548.7684975,,,,,,,,
3,4165,583.24,-666.6125655,-541.8859655,,,,,,,,
3,4166,583.38,-665.0803685,-539.5140615,,,,,,,,
3,4167,583.52,-664.3046141,-543.8691005,,,,,,,,
3,4168,583.66,-662.5009179,-538.4252872,,,,,,,,
3,4169,583.8,-661.569953,-540.2528332,,,,,,,,
3,4170,583.94,-659.8244309,-537.8809292,,,,,,,,
3,4171,584.08,-658.7576866,-537.4142784,,,,,,,,
3,4172,584.22,-657.4776769,-533.1759457,,,,,,,,
3,4173,584.36,-656.1200619,-533.0981803,,,,,,,,
3,4174,584.5,-654.4132829,-528.0431942,,,,,,,,
3,4175,584.64,-652.8811455,-522.3272601,,,,,,,,
3,4176,584.78,-651.581645,-523.7270379,,,,,,,,
3,4177,584.92,-650.0688791,-523.4159762,,,,,,,,
3,4178,585.06,-648.8470435,-518.9831718,,,,,,,,
3,4179,585.2,-647.3923922,-515.1336663,,,,,,,,
3,4180,585.34,-645.9959745,-513.2672377,,,,,,,,
3,4181,585.48,-644.5995569,-512.645056,,,,,,,,
3,4182,585.62,-643.2031393,-512.8005869,,,,,,,,
3,4183,585.76,-641.6709423,-505.9569958,,,,,,,,
3,4184,585.9,-640.4491067,-505.2570486,,,,,,,,
3,4185,586.04,-638.8587356,-502.846262,,,,,,,,
3,4186,586.18,-637.2101903,-500.4354171,,,,,,,,
3,4187,586.32,-636.0465288,-498.1801612,,,,,,,,
3,4188,586.46,-634.7470284,-495.53602,,,,,,,,
3,4189,586.6,-633.5058212,-494.3305976,,,,,,,,
3,4190,586.74,-632.0511699,-494.9138965,,,,,,,,
3,4191,586.88,-630.538404,-490.8699193,,,,,,,,
3,4192,587.02,-629.0643811,-488.381309,,,,,,,,
3,4193,587.16,-627.6679635,-485.8149914,,,,,,,,
3,4194,587.3,-626.2521744,-482.7431403,,,,,,,,
3,4195,587.44,-624.9333024,-481.9654569,,,,,,,,
3,4196,587.58,-623.401165,-480.3322954,,,,,,,,
3,4197,587.72,-622.1404672,-479.1269021,,,,,,,,
3,4198,587.86,-620.724678,-477.6881833,,,,,,,,
3,4199,588,-619.1149354,-472.5554609,,,,,,,,
3,4200,588.14,-618.1451678,-472.0111028,,,,,,,,
3,4201,588.28,-616.5160537,-469.4836098,,,,,,,,
3,4202,588.42,-615.0032282,-467.072794,,,,,,,,
3,4203,588.56,-613.6068106,-458.1683315,,,,,,,,
3,4204,588.7,-612.1522188,-458.1683315,,,,,,,,
3,4205,588.84,-610.7363701,-461.9012179,,,,,,,,
3,4206,588.98,-609.708488,-461.9012179,,,,,,,,
3,4207,589.12,-607.6138616,-453.9299407,,,,,,,,
3,4208,589.26,-606.6828966,-451.5968903,,,,,,,,
3,4209,589.4,-605.7713628,-454.9020377,,,,,,,,
3,4210,589.54,-604.316771,-455.2520113,,,,,,,,
3,4211,589.68,-602.8427482,-452.8800782,,,,,,,,
3,4212,589.82,-601.3105512,-449.4193709,,,,,,,,
3,4213,589.96,-599.7008085,-442.1869235,,,,,,,,
3,4214,590.1,-598.4595418,-441.8369499,,,,,,,,
3,4215,590.24,-597.0437527,-441.7980672,,,,,,,,
3,4216,590.38,-595.6085324,-441.0203837,,,,,,,,
3,4217,590.52,-594.0375328,-438.7650988,,,,,,,,
3,4218,590.66,-592.7768946,-434.4100889,,,,,,,,
3,4219,590.8,-591.3611054,-432.1159213,,,,,,,,
3,4220,590.94,-590.236187,-429.2384838,,,,,,,,
3,4221,591.08,-588.8203979,-429.7051055,,,,,,,,
3,4222,591.22,-587.0554447,-427.2164952,,,,,,,,
3,4223,591.36,-585.7172012,-424.6890312,,,,,,,,
3,4224,591.5,-584.1074586,-420.4117868,,,,,,,,
3,4225,591.64,-582.6528668,-420.1784614,,,,,,,,
3,4226,591.78,-581.566751,-419.672986,,,,,,,,
3,4227,591.92,-580.5388093,-418.6230944,,,,,,,,
3,4228,592.06,-578.5411596,-415.9012169,,,,,,,,
3,4229,592.2,-577.6102543,-412.946014,,,,,,,,
3,4230,592.34,-576.0586262,-410.3407555,,,,,,,,
3,4231,592.48,-574.5458603,-411.4684125,,,,,,,,
3,4232,592.62,-572.9942918,-406.4912209,,,,,,,,
3,4233,592.76,-571.8111992,-404.1192879,,,,,,,,
3,4234,592.9,-569.9880719,-400.5419614,,,,,,,,
3,4235,593.04,-568.9989924,-403.263839,,,,,,,,
3,4236,593.18,-567.4473643,-398.636621,,,,,,,,
3,4237,593.32,-565.7794476,-396.3035706,,,,,,,,
3,4238,593.46,-564.8097396,-393.3094849,,,,,,,,
3,4239,593.6,-563.2775426,-392.8428923,,,,,,,,
3,4240,593.74,-562.1332526,-391.4041736,,,,,,,,
3,4241,593.88,-560.7756376,-391.0542,,,,,,,,
3,4242,594.02,-559.204638,-387.4768736,,,,,,,,
3,4243,594.16,-557.6530695,-385.8437412,,,,,,,,
3,4244,594.3,-556.3536286,-382.2663857,,,,,,,,
3,4245,594.44,-554.8990369,-381.2165232,,,,,,,,
3,4246,594.58,-553.2698631,-378.4946166,,,,,,,,
3,4247,594.72,-551.892817,-376.1226835,,,,,,,,
3,4248,594.86,-550.5740047,-375.1894692,,,,,,,,
3,4249,595,-549.3521094,-374.0229295,,,,,,,,
3,4250,595.14,-548.1302738,-373.9062813,,,,,,,,
3,4251,595.28,-546.5592742,-370.017864,,,,,,,,
3,4252,595.42,-545.2404618,-369.8234505,,,,,,,,
3,4253,595.56,-543.6694622,-368.1125527,,,,,,,,
3,4254,595.7,-542.1372652,-363.5242174,,,,,,,,
3,4255,595.84,-540.9736037,-363.7963964,,,,,,,,
3,4256,595.98,-539.4608378,-363.4464229,,,,,,,,
3,4257,596.12,-538.0449891,-360.0246273,,,,,,,,
3,4258,596.26,-536.9588733,-358.1193159,,,,,,,,
3,4259,596.4,-535.271585,-355.9806792,,,,,,,,
3,4260,596.54,-533.8363647,-354.2308696,,,,,,,,
3,4261,596.68,-532.4011445,-351.9756137,,,,,,,,
3,4262,596.82,-531.450808,-350.1869214,,,,,,,,
3,4263,596.96,-529.6664834,-348.5926718,,,,,,,,
3,4264,597.1,-528.2894373,-346.5318005,,,,,,,,
3,4265,597.24,-526.8542767,-344.2376328,,,,,,,,
3,4266,597.38,-525.6711841,-341.982377,,,,,,,,
3,4267,597.52,-524.1389871,-340.2714501,,,,,,,,
3,4268,597.66,-522.8783488,-340.1159192,,,,,,,,
3,4269,597.8,-521.5013027,-338.8327314,,,,,,,,
3,4270,597.94,-519.9885368,-334.9831968,,,,,,,,
3,4271,598.08,-518.4369683,-333.8555689,,,,,,,,
3,4272,598.22,-517.0017481,-330.4337733,,,,,,,,
3,4273,598.36,-515.7411098,-330.6670696,,,,,,,,
3,4274,598.5,-514.5580173,-328.9172892,,,,,,,,
3,4275,598.64,-512.9288435,-327.5174531,,,,,,,,
3,4276,598.78,-511.1057162,-323.9789803,,,,,,,,
3,4277,598.92,-510.0778341,-321.6459299,,,,,,,,
3,4278,599.06,-508.7202191,-321.8792262,,,,,,,,
3,4279,599.2,-507.4013472,-317.6797472,,,,,,,,
3,4280,599.34,-506.0437322,-316.3965594,,,,,,,,
3,4281,599.48,-504.5309067,-315.5022277,,,,,,,,
3,4282,599.62,-502.8629899,-312.7025557,,,,,,,,
3,4283,599.76,-502.0871758,-312.5081421,,,,,,,,
3,4284,599.9,-500.2641082,-309.86403,,,,,,,,
3,4285,600.04,-498.7513125,-308.7752557,,,,,,,,
3,4286,600.18,-497.3742962,-305.3923429,,,,,,,,
3,4287,600.32,-496.1330295,-304.9646039,,,,,,,,
3,4288,600.46,-495.0469136,-304.6924248,,,,,,,,
3,4289,600.6,-493.3401942,-301.6983392,,,,,,,,
3,4290,600.74,-492.0407534,-298.6264881,,,,,,,,
3,4291,600.88,-490.6637073,-296.8767076,,,,,,,,
3,4292,601.02,-489.015162,-294.854719,,,,,,,,
3,4293,601.16,-487.5605702,-291.4718061,,,,,,,,
3,4294,601.3,-486.0865474,-289.6442311,,,,,,,,
3,4295,601.44,-484.9616587,-290.5385918,,,,,,,,
3,4296,601.58,-483.6040437,-289.2554039,,,,,,,,
3,4297,601.72,-482.2658002,-288.9054304,,,,,,,,
3,4298,601.86,-480.8887839,-285.4058694,,,,,,,,
3,4299,602,-479.4535637,-285.0558958,,,,,,,,
3,4300,602.14,-478.0377448,-284.0060333,,,,,,,,
3,4301,602.28,-476.7771065,-280.1564988,,,,,,,,
3,4302,602.42,-475.0703573,-277.7068003,,,,,,,,
3,4303,602.56,-473.4606147,-275.2959845,,,,,,,,
3,4304,602.7,-472.2581208,-274.3238874,,,,,,,,
3,4305,602.84,-471.075058,-274.8293628,,,,,,,,
3,4306,602.98,-469.2519605,-271.1742418,,,,,,,,
3,4307,603.12,-468.4373736,-271.5242153,,,,,,,,
3,4308,603.26,-466.8858051,-268.2968334,,,,,,,,
3,4309,603.4,-465.3730094,-269.6188749,,,,,,,,
3,4310,603.54,-463.8602138,-264.4084161,,,,,,,,
3,4311,603.68,-462.3280466,-263.2418764,,,,,,,,
3,4312,603.82,-460.9316289,-262.1142485,,,,,,,,
3,4313,603.96,-459.9230886,-260.5977643,,,,,,,,
3,4314,604.1,-458.4878683,-258.2647139,,,,,,,,
3,4315,604.24,-456.9557011,-256.0483117,,,,,,,,
3,4316,604.38,-455.4235041,-253.7930268,,,,,,,,
3,4317,604.52,-454.1434646,-253.5986132,,,,,,,,
3,4318,604.66,-453.0961514,-253.2097569,,,,,,,,
3,4319,604.8,-451.4282048,-250.5656448,,,,,,,,
3,4320,604.94,-449.8378336,-250.7211757,,,,,,,,
3,4321,605.08,-448.3444393,-247.1438202,,,,,,,,
3,4322,605.22,-447.3165274,-249.0491606,,,,,,,,
3,4323,605.36,-445.6097782,-243.099872,,,,,,,,
3,4324,605.5,-444.290936,-242.049995,,,,,,,,
3,4325,605.64,-442.9914951,-240.8445871,,,,,,,,
3,4326,605.78,-441.3429499,-240.3002145,,,,,,,,
3,4327,605.92,-440.2374625,-239.4836338,,,,,,,,
3,4328,606.06,-438.8604164,-235.7507619,,,,,,,,
3,4329,606.2,-437.4058247,-235.7118792,,,,,,,,
3,4330,606.34,-436.2227321,-236.4506799,,,,,,,,
3,4331,606.48,-434.3026578,-230.8124676,,,,,,,,
3,4332,606.62,-433.003217,-230.7735849,,,,,,,,
3,4333,606.76,-431.6262007,-228.7516108,,,,,,,,
3,4334,606.9,-430.6176603,-226.9629331,,,,,,,,
3,4335,607.04,-429.0466905,-224.0077301,,,,,,,,
3,4336,607.18,-427.495122,-222.3745978,,,,,,,,
3,4337,607.32,-425.9823263,-222.6079087,,,,,,,,
3,4338,607.46,-424.8768389,-221.1303072,,,,,,,,
3,4339,607.6,-423.1119156,-220.0026647,,,,,,,,
3,4340,607.74,-421.6960967,-217.2418899,,,,,,,,
3,4341,607.88,-420.3772545,-216.308661,,,,,,,,
3,4342,608.02,-418.9808369,-216.0753647,,,,,,,,
3,4343,608.16,-417.6038206,-212.8868509,,,,,,,,
3,4344,608.3,-416.2461758,-211.8369885,,,,,,,,
3,4345,608.44,-414.8691595,-210.9426423,,,,,,,,
3,4346,608.58,-413.1624401,-208.1818675,,,,,,,,
3,4347,608.72,-412.2896791,-210.0871934,,,,,,,,
3,4348,608.86,-410.7962847,-205.2655473,,,,,,,,
3,4349,609,-409.3610644,-206.5098524,,,,,,,,
3,4350,609.14,-408.0810249,-203.7101804,,,,,,,,
3,4351,609.28,-406.4906538,-202.3492416,,,,,,,,
3,4352,609.42,-405.0748348,-200.3272675,,,,,,,,
3,4353,609.56,-403.988719,-201.7659717,,,,,,,,
3,4354,609.7,-402.4177492,-199.6273495,,,,,,,,
3,4355,609.84,-400.7498026,-196.9443401,,,,,,,,
3,4356,609.98,-399.7218907,-196.3610703,,,,,,,,
3,4357,610.12,-397.99577,-195.2723105,,,,,,,,
3,4358,610.26,-396.6769278,-193.4058819,,,,,,,,
3,4359,610.4,-394.9701786,-190.1396026,,,,,,,,
3,4360,610.54,-393.9228654,-190.0618372,,,,,,,,
3,4361,610.68,-392.7591741,-189.0119602,,,,,,,,
3,4362,610.82,-391.4015591,-188.1565113,,,,,,,,
3,4363,610.96,-389.9469674,-187.0677515,,,,,,,,
3,4364,611.1,-388.1626427,-184.0736659,,,,,,,,
3,4365,611.24,-386.5916729,-181.8961609,,,,,,,,
3,4366,611.38,-385.5443597,-181.6239674,,,,,,,,
3,4367,611.52,-384.1867149,-178.940958,,,,,,,,
3,4368,611.66,-382.6351464,-177.4633565,,,,,,,,
3,4369,611.8,-381.5684319,-178.2021573,,,,,,,,
3,4370,611.94,-380.0944388,-175.985755,,,,,,,,
3,4371,612.08,-378.5816431,-173.6915874,,,,,,,,
3,4372,612.22,-377.0882487,-172.6806076,,,,,,,,
3,4373,612.36,-375.7306337,-171.0474608,,,,,,,,
3,4374,612.5,-374.1790652,-170.30866,,,,,,,,
3,4375,612.64,-372.9377985,-169.2587975,,,,,,,,
3,4376,612.78,-371.4638054,-168.7921904,,,,,,,,
3,4377,612.92,-370.0867593,-167.7034306,,,,,,,,
3,4378,613.06,-368.4576154,-164.5926968,,,,,,,,
3,4379,613.2,-367.449075,-164.4760341,,,,,,,,
3,4380,613.34,-366.3241863,-162.8817845,,,,,,,,
3,4381,613.48,-364.3265367,-162.0263356,,,,,,,,
3,4382,613.62,-363.2792234,-161.132004,,,,,,,,
3,4383,613.76,-361.9022071,-159.9265815,,,,,,,,
3,4384,613.9,-360.4669869,-160.0432443,,,,,,,,
3,4385,614.04,-358.8184416,-156.4658887,,,,,,,,
3,4386,614.18,-357.3250473,-156.154827,,,,,,,,
3,4387,614.32,-356.1419547,-154.9105218,,,,,,,,
3,4388,614.46,-354.8231125,-154.1328384,,,,,,,,
3,4389,614.6,-353.3685207,-151.3331808,,,,,,,,
3,4390,614.74,-351.9915044,-150.2833038,,,,,,,,
3,4391,614.88,-350.5756855,-150.1277729,,,,,,,,
3,4392,615.02,-348.8495648,-145.1894786,,,,,,,,
3,4393,615.16,-347.9574025,-147.5614117,,,,,,,,
3,4394,615.3,-346.5997577,-145.6172031,,,,,,,,
3,4395,615.44,-344.8930383,-145.3061268,,,,,,,,
3,4396,615.58,-343.729347,-144.8006369,,,,,,,,
3,4397,615.72,-342.19715,-143.0119592,,,,,,,,
3,4398,615.86,-340.7619596,-142.2342757,,,,,,,,
3,4399,616,-339.5012915,-140.3678471,,,,,,,,
3,4400,616.14,-337.8139734,-138.0736794,,,,,,,,
3,4401,616.28,-336.6502821,-137.8792513,,,,,,,,
3,4402,616.42,-335.2926373,-135.8961599,,,,,,,,
3,4403,616.56,-334.0125978,-133.9130686,,,,,,,,
3,4404,616.7,-332.2864771,-133.2520333,,,,,,,,
3,4405,616.84,-330.7930827,-131.7355491,,,,,,,,
3,4406,616.98,-329.8233449,-133.1353851,,,,,,,,
3,4407,617.12,-328.1747997,-129.5191469,,,,,,,,
3,4408,617.26,-326.875329,-128.8192434,,,,,,,,
3,4409,617.4,-325.129807,-128.8192434,,,,,,,,
3,4410,617.54,-323.7915933,-124.8141634,,,,,,,,
3,4411,617.68,-322.4921227,-124.1531281,,,,,,,,
3,4412,617.82,-321.1345077,-124.2309081,,,,,,,,
3,4413,617.96,-319.621712,-123.2199138,,,,,,,,
3,4414,618.1,-318.1865215,-121.7423123,,,,,,,,
3,4415,618.24,-316.9258535,-119.409262,,,,,,,,
3,4416,618.38,-315.5488372,-118.2816195,,,,,,,,
3,4417,618.52,-314.0554428,-118.0483159,,,,,,,,
3,4418,618.66,-312.7753735,-117.7761296,,,,,,,,
3,4419,618.8,-311.3207817,-116.7262526,,,,,,,,
3,4420,618.94,-310.0601137,-116.6484872,,,,,,,,
3,4421,619.08,-308.7024987,-113.6155188,,,,,,,,
3,4422,619.22,-307.0151508,-112.9933735,,,,,,,,
3,4423,619.36,-305.6769073,-111.7101929,,,,,,,,
3,4424,619.5,-304.2029142,-110.9325094,,,,,,,,
3,4425,619.64,-302.8840721,-111.0102748,,,,,,,,
3,4426,619.78,-301.5070558,-107.4329339,,,,,,,,
3,4427,619.92,-300.3239632,-107.588472,,,,,,,,
3,4428,620.06,-298.8111973,-107.8217756,,,,,,,,
3,4429,620.2,-297.3953784,-105.527608,,,,,,,,
3,4430,620.34,-296.1541116,-106.9274367,,,,,,,,
3,4431,620.48,-294.8158681,-104.5166209,,,,,,,,
3,4432,620.62,-293.0509448,-102.3002187,,,,,,,,
3,4433,620.76,-291.5769517,-102.0669151,,,,,,,,
3,4434,620.9,-290.393889,-100.1227065,,,,,,,,
3,4435,621.04,-288.9004946,-99.81163021,,,,,,,,
3,4436,621.18,-287.5428498,-98.13961515,,,,,,,,
3,4437,621.32,-285.9331071,-95.96209566,,,,,,,,
3,4438,621.46,-284.6336365,-97.75076614,,,,,,,,
3,4439,621.6,-283.6445272,-94.52338418,,,,,,,,
3,4440,621.74,-281.8796039,-94.21230789,,,,,,,,
3,4441,621.88,-280.5413604,-94.05676974,,,,,,,,
3,4442,622.02,-278.8734138,-93.82346616,,,,,,,,
3,4443,622.16,-277.6515484,-91.95702296,,,,,,,,
3,4444,622.3,-276.3908803,-91.25711222,,,,,,,,
3,4445,622.44,-274.8781145,-90.79049778,,,,,,,,
3,4446,622.58,-273.6174464,-90.44053877,,,,,,,,
3,4447,622.72,-271.9689012,-86.62989421,,,,,,,,
3,4448,622.86,-270.7082331,-88.49633014,,,,,,,,
3,4449,623,-269.2924142,-88.53522013,,,,,,,,
3,4450,623.14,-268.1675255,-87.36868767,,,,,,,,
3,4451,623.28,-266.6741312,-86.12439706,,,,,,,,
3,4452,623.42,-265.0837898,-84.76345101,,,,,,,,
3,4453,623.56,-263.5903955,-84.25795386,,,,,,,,
3,4454,623.7,-262.193948,-82.97478053,,,,,,,,
3,4455,623.84,-260.9720826,-82.50816609,,,,,,,,
3,4456,623.98,-259.6338689,-80.48619202,,,,,,,,
3,4457,624.12,-258.1986487,-80.60284017,,,,,,,,
3,4458,624.26,-257.0155859,-82.27486251,,,,,,,,
3,4459,624.4,-255.1924586,-78.19202438,,,,,,,,
3,4460,624.54,-254.2033494,-79.86403944,,,,,,,,
3,4461,624.68,-252.6129782,-79.59185314,,,,,,,,
3,4462,624.82,-251.1583567,-76.05339488,,,,,,,,
3,4463,624.96,-249.8589158,-75.43124229,,,,,,,,
3,4464,625.1,-248.3655363,-75.97562217,,,,,,,,
3,4465,625.24,-246.9303161,-74.34248982,,,,,,,,
3,4466,625.38,-245.5920875,-74.80909699,,,,,,,,
3,4467,625.52,-244.0986931,-72.0872049,,,,,,,,
3,4468,625.66,-242.8962141,-73.2926128,,,,,,,,
3,4469,625.8,-241.2476689,-71.58170774,,,,,,,,
3,4470,625.94,-239.7930622,-71.58170774,,,,,,,,
3,4471,626.08,-238.5130078,-69.24865738,,,,,,,,
3,4472,626.22,-237.0390147,-68.62651207,,,,,,,,
3,4473,626.36,-235.8171493,-68.15990491,,,,,,,,
3,4474,626.5,-234.3819439,-68.0821322,,,,,,,,
3,4475,626.64,-233.024314,-69.2875401,,,,,,,,
3,4476,626.78,-231.821835,-68.00436677,,,,,,,,
3,4477,626.92,-230.1926762,-66.68230344,,,,,,,,
3,4478,627.06,-228.7186831,-65.12693653,,,,,,,,
3,4479,627.2,-227.3028642,-66.60453073,,,,,,,,
3,4480,627.34,-225.9258479,-64.3881358,,,,,,,,
3,4481,627.48,-224.510029,-63.37714876,,,,,,,,
3,4482,627.62,-223.1329978,-63.1827279,,,,,,,,
3,4483,627.76,-221.7559814,-62.17173359,,,,,,,,
3,4484,627.9,-220.2431858,-62.63834803,,,,,,,,
3,4485,628.04,-218.7110037,-62.17173359,,,,,,,,
3,4486,628.18,-217.9934084,-63.06607247,,,,,,,,
3,4487,628.32,-216.1702961,-58.2444336,,,,,,,,
3,4488,628.46,-214.6187276,-57.97224367,,,,,,,,
3,4489,628.6,-213.4356499,-61.82178186,,,,,,,,
3,4490,628.74,-211.8452787,-58.01112638,,,,,,,,
3,4491,628.88,-210.332498,-58.67215805,,,,,,,,
3,4492,629.02,-208.9942545,-55.98914868,,,,,,,,
3,4493,629.16,-207.7723891,-55.71696238,,,,,,,,
3,4494,629.3,-206.0074657,-55.79472781,,,,,,,,
3,4495,629.44,-204.9795538,-55.91138324,,,,,,,,
3,4496,629.58,-203.6413103,-55.79472781,,,,,,,,
3,4497,629.72,-201.934576,-53.92828825,,,,,,,,
3,4498,629.86,-200.8096874,-52.76176307,,,,,,,,
3,4499,630,-199.4326562,-54.23936091,,,,,,,,
3,4500,630.14,-197.8035122,-53.26725659,,,,,,,,
3,4501,630.28,-196.6010332,-53.77275011,,,,,,,,
3,4502,630.42,-195.2046156,-51.40081703,,,,,,,,
3,4503,630.56,-193.6918199,-52.76176307,,,,,,,,
3,4504,630.7,-192.663908,-53.1506048,,,,,,,,
3,4505,630.84,-190.7826215,-48.56226951,,,,,,,,
3,4506,630.98,-189.3862039,-49.26218389,,,,,,,,
3,4507,631.12,-188.3194894,-51.0119753,,,,,,,,
3,4508,631.26,-186.6903305,-48.79557673,,,,,,,,
3,4509,631.4,-185.3714883,-50.19540549,,,,,,,,
3,4510,631.54,-184.266001,-49.76768105,,,,,,,,
3,4511,631.68,-182.5980544,-49.84544648,,,,,,,,
3,4512,631.82,-181.2985986,-47.43462705,,,,,,,,
3,4513,631.96,-179.6694398,-47.20132347,,,,,,,,
3,4514,632.1,-178.4669757,-47.97900692,,,,,,,,
3,4515,632.24,-177.0705581,-46.07368101,,,,,,,,
3,4516,632.38,-175.4801869,-46.81248174,,,,,,,,
3,4517,632.52,-174.1613448,-45.21822848,,,,,,,,
3,4518,632.66,-172.9588807,-45.06269397,,,,,,,,
3,4519,632.8,-171.3685095,-44.67385224,,,,,,,,
3,4520,632.94,-169.9333042,-43.93505151,,,,,,,,
3,4521,633.08,-168.4205085,-42.10749466,,,,,,,,
3,4522,633.22,-167.2374308,-42.72963997,,,,,,,,
3,4523,633.36,-165.93799,-42.69075725,,,,,,,,
3,4524,633.5,-164.6191478,-43.39067164,,,,,,,,
3,4525,633.64,-163.2615179,-43.27401984,,,,,,,,
3,4526,633.78,-161.4772081,-41.446463,,,,,,,,
3,4527,633.92,-160.1001769,-41.71865294,,,,,,,,
3,4528,634.06,-158.8395238,-39.65778888,,,,,,,,
3,4529,634.2,-157.1909785,-37.20808672,,,,,,,,
3,4530,634.34,-156.0854763,-39.58002344,,,,,,,,
3,4531,634.48,-154.5145065,-38.45238098,,,,,,,,
3,4532,634.62,-153.0211121,-36.89701407,,,,,,,,
3,4533,634.76,-151.48893,-36.74147592,,,,,,,,
3,4534,634.9,-150.1700878,-37.55804573,,,,,,,,
3,4535,635.04,-149.0839869,-38.99676085,,,,,,,,
3,4536,635.18,-147.3578513,-37.55804573,,,,,,,,
3,4537,635.32,-146.2135613,-37.7524666,,,,,,,,
3,4538,635.46,-144.7007805,-36.04156154,,,,,,,,
3,4539,635.6,-143.4595138,-38.2190774,,,,,,,,
3,4540,635.74,-142.3152238,-39.11341264,,,,,,,,
3,4541,635.88,-140.7054663,-35.38052988,,,,,,,,
3,4542,636.02,-139.3672228,-35.49718167,,,,,,,,
3,4543,636.16,-137.524724,-34.2140047,,,,,,,,
3,4544,636.3,-136.380434,-34.44730828,,,,,,,,
3,4545,636.44,-135.1779699,-34.33065649,,,,,,,,
3,4546,636.58,-133.4324479,-33.24190038,,,,,,,,
3,4547,636.72,-132.1717948,-32.65863779,,,,,,,,
3,4548,636.86,-130.7753623,-32.77528958,,,,,,,,
3,4549,637,-129.3789446,-30.86996367,,,,,,,,
3,4550,637.14,-128.1182915,-32.19202699,,,,,,,,
3,4551,637.28,-126.6636848,-30.98661546,,,,,,,,
3,4552,637.42,-125.0733286,-30.75331188,,,,,,,,
3,4553,637.56,-123.5993207,-30.71442552,,,,,,,,
3,4554,637.7,-122.416243,-31.72541619,,,,,,,,
3,4555,637.84,-121.1555898,-31.33657447,,,,,,,,
3,4556,637.98,-119.8755354,-32.65863779,,,,,,,,
3,4557,638.12,-118.3627471,-32.03648885,,,,,,,,
3,4558,638.26,-116.4038852,-30.32558561,,,,,,,,
3,4559,638.4,-115.4535413,-29.78120574,,,,,,,,
3,4560,638.54,-113.9795408,-29.62566941,,,,,,,,
3,4561,638.68,-112.3309955,-26.82600825,,,,,,,,
3,4562,638.82,-111.2060994,-28.61468056,,,,,,,,
3,4563,638.96,-109.4799712,-27.56480717,,,,,,,,
3,4564,639.1,-108.3356813,-27.25373452,,,,,,,,
3,4565,639.24,-107.1332097,-28.92575503,,,,,,,,
3,4566,639.38,-105.542846,-24.76514601,,,,,,,,
3,4567,639.52,-104.20461,-28.45914423,,,,,,,,
3,4568,639.66,-102.9245555,-28.26472337,,,,,,,,
3,4569,639.8,-101.3535857,-26.35939745,,,,,,,,
3,4570,639.94,-99.91837293,-24.95956687,,,,,,,,
3,4571,640.08,-98.61893207,-25.1151032,,,,,,,,
3,4572,640.22,-97.00916708,-23.36531543,,,,,,,,
3,4573,640.36,-95.7679078,-24.02634709,,,,,,,,
3,4574,640.5,-94.44906563,-24.14299888,,,,,,,,
3,4575,640.64,-93.16901118,-23.55973629,,,,,,,,
3,4576,640.78,-91.63682908,-24.95956687,,,,,,,,
3,4577,640.92,-90.58951586,-24.8817978,,,,,,,,
3,4578,641.06,-88.96036446,-23.2097791,,,,,,,,
3,4579,641.2,-87.52515167,-24.10411435,,,,,,,,
3,4580,641.34,-86.14812791,-23.94857802,,,,,,,,
3,4581,641.48,-84.4995752,-23.24866182,,,,,,,,
3,4582,641.62,-83.2195282,-22.2765575,,,,,,,,
3,4583,641.76,-81.37702942,-19.94350714,,,,,,,,
3,4584,641.9,-80.25213331,-22.08213664,,,,,,,,
3,4585,642.04,-78.91389728,-21.07114778,,,,,,,,
3,4586,642.18,-77.51747966,-21.49887405,,,,,,,,
3,4587,642.32,-76.00469142,-20.41011612,,,,,,,,
3,4588,642.46,-74.53069091,-20.25457979,,,,,,,,
3,4589,642.6,-73.6579299,-23.09312549,,,,,,,,
3,4590,642.74,-71.9511956,-20.25457979,,,,,,,,
3,4591,642.88,-70.7681179,-21.49887405,,,,,,,,
3,4592,643.02,-69.15835291,-19.16582369,,,,,,,,
3,4593,643.16,-68.1110397,-21.80994852,,,,,,,,
3,4594,643.3,-66.48188829,-19.32136001,,,,,,,,
3,4595,643.44,-64.73635882,-20.41011612,,,,,,,,
3,4596,643.58,-63.5920763,-19.4380118,,,,,,,,
3,4597,643.72,-62.25383654,-20.52676973,,,,,,,,
3,4598,643.86,-60.60528755,-18.46590749,,,,,,,,
3,4599,644,-59.32523683,-18.89363375,,,,,,,,
3,4600,644.14,-57.83184245,-17.80487582,,,,,,,,
3,4601,644.28,-56.47421256,-17.26049777,,,,,,,,
3,4602,644.42,-54.94203046,-18.54367656,,,,,,,,
3,4603,644.56,-53.60379443,-19.08805461,,,,,,,,
3,4604,644.7,-52.1491915,-16.91054058,,,,,,,,
3,4605,644.84,-50.81095546,-17.02719237,,,,,,,,
3,4606,644.98,-49.5502986,-17.68822403,,,,,,,,
3,4607,645.12,-48.03751037,-16.9494233,,,,,,,,
3,4608,645.26,-46.87382653,-17.45491863,,,,,,,,
3,4609,645.4,-45.14769837,-17.68822403,,,,,,,,
3,4610,645.54,-43.98401454,-16.91054058,,,,,,,,
3,4611,645.68,-42.2966741,-14.42195207,,,,,,,,
3,4612,645.82,-40.90025648,-16.36616071,,,,,,,,
3,4613,645.96,-39.63959962,-15.89955173,,,,,,,,
3,4614,646.1,-38.20439056,-14.26641484,,,,,,,,
3,4615,646.24,-36.96312755,-14.49972024,,,,,,,,
3,4616,646.38,-35.33397242,-14.4608357,,,,,,,,
3,4617,646.52,-34.01513025,-13.68315225,,,,,,,,
3,4618,646.66,-32.79326484,-17.06607691,,,,,,,,
3,4619,646.8,-31.18350357,-13.91645765,,,,,,,,
3,4620,646.94,-29.72889878,-13.44984685,,,,,,,,
3,4621,647.08,-28.42945233,-13.83868857,,,,,,,,
3,4622,647.22,-27.28516422,-13.99422581,,,,,,,,
3,4623,647.36,-25.84995516,-16.48281432,,,,,,,,
3,4624,647.5,-24.2014043,-14.22753121,,,,,,,,
3,4625,647.64,-22.97953889,-13.95534127,,,,,,,,
3,4626,647.78,-21.42796107,-12.51662616,,,,,,,,
3,4627,647.92,-20.07033117,-12.20555259,,,,,,,,
3,4628,648.06,-18.65451597,-12.05001627,,,,,,,,
3,4629,648.2,-17.41325483,-12.90546788,,,,,,,,
3,4630,648.34,-15.86167701,-12.59439523,,,,,,,,
3,4631,648.48,-14.29070532,-10.65018569,,,,,,,,
3,4632,648.62,-13.24339118,-11.9722481,,,,,,,,
3,4633,648.76,-11.76939253,-14.344183,,,,,,,,
3,4634,648.9,-10.29539388,-13.06100512,,,,,,,,
3,4635,649.04,-8.898974396,-11.66117454,,,,,,,,
3,4636,649.18,-7.502554916,-12.67216339,,,,,,,,
3,4637,649.32,-6.30008243,-10.88349018,,,,,,,,
3,4638,649.46,-4.593347665,-12.20555259,,,,,,,,
3,4639,649.6,-3.216322744,-8.939280633,,,,,,,,
3,4640,649.74,-1.955666114,-10.45576482,,,,,,,,
3,4641,649.88,-0.539851957,-9.328123269,,,,,,,,
3,4642,650.02,0.759594026,-9.79473316,,,,,,,,
3,4643,650.16,2.25298712,-8.550438906,,,,,,,,
3,4644,650.3,3.610617248,-8.317134416,,,,,,,,
3,4645,650.44,4.929457791,-8.783744306,,,,,,,,
3,4646,650.58,6.539219525,-8.161597179,,,,,,,,
3,4647,650.72,8.071402088,-8.278249879,,,,,,,,
3,4648,650.86,9.448426776,-9.833617696,,,,,,,,
3,4649,651,10.76726709,-7.150608326,,,,,,,,
3,4650,651.14,12.12489698,-8.161597179,,,,,,,,
3,4651,651.28,13.52131739,-8.200481716,,,,,,,,
3,4652,651.42,14.93713167,-8.705976143,,,,,,,,
3,4653,651.56,16.60507731,-8.278249879,,,,,,,,
3,4654,651.7,17.65239052,-6.567345281,,,,,,,,
3,4655,651.84,18.62212643,-7.383913271,,,,,,,,
3,4656,651.98,20.54220438,-8.161597179,,,,,,,,
3,4657,652.12,21.66709676,-8.589323443,,,,,,,,
3,4658,652.26,23.41262251,-8.86151247,,,,,,,,
3,4659,652.4,24.67327937,-7.422797808,,,,,,,,
3,4660,652.54,26.05030313,-7.189492408,,,,,,,,
3,4661,652.68,27.19459124,-7.150608326,,,,,,,,
3,4662,652.82,28.53282727,-8.006060852,,,,,,,,
3,4663,652.96,30.39471991,-5.634125046,,,,,,,,
3,4664,653.1,31.65537491,-6.217387636,,,,,,,,
3,4665,653.24,32.95482323,-7.539450053,,,,,,,,
3,4666,653.38,34.70034525,-6.061850854,,,,,,,,
3,4667,653.52,36.01918742,-4.273178092,,,,,,,,
3,4668,653.66,37.08589822,-4.739788437,,,,,,,,
3,4669,653.8,38.54050115,-7.539450053,,,,,,,,
3,4670,653.94,40.05328938,-5.828545909,,,,,,,,
3,4671,654.08,41.41091928,-6.100735391,,,,,,,,
3,4672,654.22,42.53581166,-4.662020274,,,,,,,,
3,4673,654.36,44.5140712,-3.884336365,,,,,,,,
3,4674,654.5,45.77472806,-4.584251656,,,,,,,,
3,4675,654.64,47.15175554,-3.45661033,,,,,,,,
3,4676,654.78,48.5287793,-2.912231594,,,,,,,,
3,4677,654.92,50.08035526,-4.623136192,,,,,,,,
3,4678,655.06,51.10827461,-4.46759941,,,,,,,,
3,4679,655.2,52.48530209,-4.312062629,,,,,,,,
3,4680,655.34,53.97869274,-3.923220447,,,,,,,,
3,4681,655.48,55.49148098,-4.234294011,,,,,,,,
3,4682,655.62,57.00426921,-3.845452284,,,,,,,,
3,4683,655.76,58.22613835,-4.35094671,,,,,,,,
3,4684,655.9,59.70013514,-2.756694812,,,,,,,,
3,4685,656.04,60.98018587,-5.439704182,,,,,,,,
3,4686,656.18,62.16326356,-5.245282864,,,,,,,,
3,4687,656.32,63.75362724,-4.584251656,,,,,,,,
3,4688,656.46,65.16944617,-3.33995763,,,,,,,,
3,4689,656.6,66.75980985,-1.745705958,,,,,,,,
3,4690,656.74,67.98167527,-2.873347512,,,,,,,,
3,4691,656.88,69.43628192,-2.212316303,,,,,,,,
3,4692,657.02,70.69694251,-3.106652684,,,,,,,,
3,4693,657.16,72.34548777,-3.106652684,,,,,,,,
3,4694,657.3,73.50917161,-2.212316303,,,,,,,,
3,4695,657.44,74.84740764,-1.784590154,,,,,,,,
3,4696,657.58,76.43777132,-0.851369634,,,,,,,,
3,4697,657.72,77.65964419,-1.706821763,,,,,,,,
3,4698,657.86,79.19182628,-0.656948657,,,,,,,,
3,4699,658,80.5882439,-2.367853085,,,,,,,,
3,4700,658.14,81.82950318,-0.540296071,,,,,,,,
3,4701,658.28,83.45866203,-3.301073548,,,,,,,,
3,4702,658.42,84.97145027,-1.823474349,,,,,,,,
3,4703,658.56,86.19331568,-0.462527709,,,,,,,,
3,4704,658.7,87.53155172,0.470692839,,,,,,,,
3,4705,658.84,88.772811,-2.017895213,,,,,,,,
3,4706,658.98,90.42136371,0.898418932,,,,,,,,
3,4707,659.12,91.75959975,-0.151454202,,,,,,,,
3,4708,659.26,93.17541122,-2.095663604,,,,,,,,
3,4709,659.4,94.72699463,0.276271891,,,,,,,,
3,4710,659.54,95.89067847,-0.112570007,,,,,,,,
3,4711,659.68,97.53922373,-0.03480163,,,,,,,,
3,4712,659.82,98.76108915,-1.590169177,,,,,,,,
3,4713,659.96,100.2932787,0.66511376,,,,,,,,
3,4714,660.1,101.728484,0.198503514,,,,,,,,
3,4715,660.24,103.3576429,1.248376634,,,,,,,,
3,4716,660.38,104.5019254,-1.823474349,,,,,,,,
3,4717,660.52,105.9759259,-0.151454202,,,,,,,,
3,4718,660.66,107.1396098,-0.229222579,,,,,,,,
3,4719,660.8,108.5554212,-0.773601244,,,,,,,,
3,4720,660.94,110.0294217,-0.968022164,,,,,,,,
3,4721,661.08,111.6003916,0.198503514,,,,,,,,
3,4722,661.22,112.7834693,-0.345875151,,,,,,,,
3,4723,661.36,114.3544465,1.015071462,,,,,,,,
3,4724,661.5,115.6926826,0.509577035,,,,,,,,
3,4725,661.64,117.2442585,-0.501411876,,,,,,,,
3,4726,661.78,118.0200428,-1.279095727,,,,,,,,
3,4727,661.92,119.7655722,-0.190338383,,,,,,,,
3,4728,662.06,121.1232021,-2.017895213,,,,,,,,
3,4729,662.2,122.6359904,0.120735123,,,,,,,,
3,4730,662.34,123.9354312,0.354040253,,,,,,,,
3,4731,662.48,125.6033778,1.481681807,,,,,,,,
3,4732,662.62,126.6700923,-0.695832853,,,,,,,,
3,4733,662.76,127.9501468,-1.240211532,,,,,,,,
3,4734,662.9,129.7732443,-0.112570007,,,,,,,,
3,4735,663.04,130.8399588,0.04296675,,,,,,,,
3,4736,663.18,132.5079054,0.74288215,,,,,,,,
3,4737,663.32,133.9624971,0.081850942,,,,,,,,
3,4738,663.46,135.1843625,1.287260829,,,,,,,,
3,4739,663.6,136.6001815,0.159619319,,,,,,,,
3,4740,663.74,137.8802359,1.170608243,,,,,,,,
3,4741,663.88,139.4318044,1.131724048,,,,,,,,
3,4742,664.02,141.2355155,1.559450084,,,,,,,,
3,4743,664.16,142.30223,0.587345426,,,,,,,,
3,4744,664.3,143.6016709,1.98717612,,,,,,,,
3,4745,664.44,144.8235363,0.354040253,,,,,,,,
3,4746,664.58,146.7824131,0.781766346,,,,,,,,
3,4747,664.72,147.8879005,-0.734717048,,,,,,,,
3,4748,664.86,149.284333,-0.501411876,,,,,,,,
3,4749,665,150.5449861,-0.579180266,,,,,,,,
3,4750,665.14,152.1159559,1.559450084,,,,,,,,
3,4751,665.28,153.4735858,0.976187266,,,,,,,,
3,4752,665.42,154.8118144,0.74288215,,,,,,,,
3,4753,665.56,156.3246101,1.598334279,,,,,,,,
3,4754,665.7,157.4882865,-0.384759346,,,,,,,,
3,4755,665.84,159.2338234,1.67610267,,,,,,,,
3,4756,665.98,160.4750752,0.74288215,,,,,,,,
3,4757,666.12,161.6387665,2.531554856,,,,,,,,
3,4758,666.26,163.0545706,-0.03480163,,,,,,,,
3,4759,666.4,164.606154,1.248376634,,,,,,,,
3,4760,666.54,165.7892317,1.131724048,,,,,,,,
3,4761,666.68,167.5347537,0.004082561,,,,,,,,
3,4762,666.82,169.0669358,1.831639452,,,,,,,,
3,4763,666.96,170.2112257,1.870523647,,,,,,,,
3,4764,667.1,171.6270447,1.209492439,,,,,,,,
3,4765,667.24,173.004061,1.67610267,,,,,,,,
3,4766,667.38,174.5944321,0.354040253,,,,,,,,
3,4767,667.52,175.6999344,0.354040253,,,,,,,,
3,4768,667.66,177.4842441,2.298249683,,,,,,,,
3,4769,667.8,178.6091328,1.170608243,,,,,,,,
3,4770,667.94,180.0249517,1.209492439,,,,,,,,
3,4771,668.08,181.2662184,0.470692839,,,,,,,,
3,4772,668.22,183.0117404,3.231470373,,,,,,,,
3,4773,668.36,184.2142045,2.142712901,,,,,,,,
3,4774,668.5,185.8627647,1.598334279,,,,,,,,
3,4775,668.64,187.2785687,2.259365601,,,,,,,,
3,4776,668.78,188.4810477,0.859534737,,,,,,,,
3,4777,668.92,189.6253377,1.015071462,,,,,,,,
3,4778,669.06,191.2157089,1.481681807,,,,,,,,
3,4779,669.2,192.5345361,0.703997955,,,,,,,,
3,4780,669.34,194.0473318,1.598334279,,,,,,,,
3,4781,669.48,195.6377029,3.114817673,,,,,,,,
3,4782,669.62,196.6268271,1.98717612,,,,,,,,
3,4783,669.76,197.9456693,0.820650541,,,,,,,,
3,4784,669.9,199.6718049,2.648207555,,,,,,,,
3,4785,670.04,200.9906322,-1.784590154,,,,,,,,
3,4786,670.18,202.2513002,1.36502922,,,,,,,,
3,4787,670.32,204.1519731,2.142712901,,,,,,,,
3,4788,670.46,204.7532201,-0.112570007,,,,,,,,
3,4789,670.6,206.7508698,3.659196409,,,,,,,,
3,4790,670.74,207.9145461,1.870523647,,,,,,,,
3,4791,670.88,209.4079405,1.67610267,,,,,,,,
3,4792,671.02,211.017713,2.06494451,,,,,,,,
3,4793,671.16,212.6468569,2.998165201,,,,,,,,
3,4794,671.3,213.7329727,1.287260829,,,,,,,,
3,4795,671.44,214.780286,-0.462527709,,,,,,,,
3,4796,671.58,216.583997,1.403913416,,,,,,,,
3,4797,671.72,217.9610133,3.231470373,,,,,,,,
3,4798,671.86,219.1634923,2.492670774,,,,,,,,
3,4799,672,220.618099,1.403913416,,,,,,,,
3,4800,672.14,222.0533043,1.67610267,,,,,,,,
3,4801,672.28,223.4109342,0.703997955,,,,,,,,
3,4802,672.42,224.5552242,0.898418932,,,,,,,,
3,4803,672.56,226.4558971,2.998165201,,,,,,,,
3,4804,672.7,227.7359515,1.520566002,,,,,,,,
3,4805,672.84,229.0353924,1.637218475,,,,,,,,
3,4806,672.98,230.4706126,3.581428018,,,,,,,,
3,4807,673.12,231.9446057,2.414902383,,,,,,,,
3,4808,673.26,233.379811,2.220481292,,,,,,,,
3,4809,673.4,234.853819,3.309238764,,,,,,,,
3,4810,673.54,236.1532599,3.037049282,,,,,,,,
3,4811,673.68,237.4914885,3.698080491,,,,,,,,
3,4812,673.82,238.7327552,2.414902383,,,,,,,,
3,4813,673.96,240.5170649,5.059026989,,,,,,,,
3,4814,674.1,241.4092273,3.192586064,,,,,,,,
3,4815,674.24,243.0965602,3.425891236,,,,,,,,
3,4816,674.38,244.8808849,2.959280891,,,,,,,,
3,4817,674.52,245.7342446,3.037049282,,,,,,,,
3,4818,674.66,247.0918745,2.10382882,,,,,,,,
3,4819,674.8,248.5658824,1.092839852,,,,,,,,
3,4820,674.94,250.0010729,1.67610267,,,,,,,,
3,4821,675.08,251.378119,2.18159721,,,,,,,,
3,4822,675.22,252.3284554,0.703997955,,,,,,,,
3,4823,675.36,254.4424832,1.442797611,,,,,,,,
3,4824,675.5,255.4509938,2.648207555,,,,,,,,
3,4825,675.64,257.1383417,2.376018074,,,,,,,,
3,4826,675.78,258.243829,2.492670774,,,,,,,,
3,4827,675.92,259.7178519,1.948292038,,,,,,,,
3,4828,676.06,261.3275945,4.281343536,,,,,,,,
3,4829,676.2,262.5106871,1.326145025,,,,,,,,
3,4830,676.34,264.0622556,1.98717612,,,,,,,,
3,4831,676.48,265.55565,3.892501354,,,,,,,,
3,4832,676.62,266.8356895,1.948292038,,,,,,,,
3,4833,676.76,268.173933,0.198503514,,,,,,,,
3,4834,676.9,269.8806822,3.814733191,,,,,,,,
3,4835,677.04,270.7728148,1.442797611,,,,,,,,
3,4836,677.18,272.5571394,2.259365601,,,,,,,,
3,4837,677.32,273.8759816,1.248376634,,,,,,,,
3,4838,677.46,275.3305733,2.725975719,,,,,,,,
3,4839,677.6,276.6494155,3.309238764,,,,,,,,
3,4840,677.74,278.1428099,3.581428018,,,,,,,,
3,4841,677.88,279.6362042,2.18159721,,,,,,,,
3,4842,678.02,280.877471,3.387007155,,,,,,,,
3,4843,678.16,282.2932899,2.881512501,,,,,,,,
3,4844,678.3,283.3987772,2.06494451,,,,,,,,
3,4845,678.44,284.7370207,1.442797611,,,,,,,,
3,4846,678.58,286.4825428,2.259365601,,,,,,,,
3,4847,678.72,288.1504893,4.747953881,,,,,,,,
3,4848,678.86,289.5469069,4.514648481,,,,,,,,
3,4849,679,290.807575,3.581428018,,,,,,,,
3,4850,679.14,291.8742895,2.842628419,,,,,,,,
3,4851,679.28,293.5422361,4.631301181,,,,,,,,
3,4852,679.42,294.8998511,2.80374411,,,,,,,,
3,4853,679.56,296.0247397,1.248376634,,,,,,,,
3,4854,679.7,297.6345122,3.231470373,,,,,,,,
3,4855,679.84,298.7012267,3.970269972,,,,,,,,
3,4856,679.98,300.4467487,1.36502922,,,,,,,,
3,4857,680.12,301.9401431,3.153701982,,,,,,,,
3,4858,680.26,303.2589853,4.048038136,,,,,,,,
3,4859,680.4,304.6554029,2.609323246,,,,,,,,
3,4860,680.54,306.0130179,1.559450084,,,,,,,,
3,4861,680.68,307.390064,3.309238764,,,,,,,,
3,4862,680.82,308.7670803,3.037049282,,,,,,,,
3,4863,680.96,310.1634979,2.220481292,,,,,,,,
3,4864,681.1,311.637491,2.570439165,,,,,,,,
3,4865,681.24,313.1890595,4.009154054,,,,,,,,
3,4866,681.38,314.2170012,3.153701982,,,,,,,,
3,4867,681.52,315.7297671,2.259365601,,,,,,,,
3,4868,681.66,317.4752891,4.009154054,,,,,,,,
3,4869,681.8,318.4450269,2.026060429,,,,,,,,
3,4870,681.94,320.035398,3.037049282,,,,,,,,
3,4871,682.08,321.1215138,2.648207555,,,,,,,,
3,4872,682.22,322.8670359,3.192586064,,,,,,,,
3,4873,682.36,324.2828548,4.747953881,,,,,,,,
3,4874,682.5,325.5241215,1.053955657,,,,,,,,
3,4875,682.64,326.8817365,2.609323246,,,,,,,,
3,4876,682.78,328.2587528,2.337133992,,,,,,,,
3,4877,682.92,329.6551704,4.164690836,,,,,,,,
3,4878,683.06,331.2067688,2.881512501,,,,,,,,
3,4879,683.2,332.855314,3.114817673,,,,,,,,
3,4880,683.34,334.1353536,3.6203121,,,,,,,,
3,4881,683.48,335.473597,3.892501354,,,,,,,,
3,4882,683.62,336.617887,3.503659627,,,,,,,,
3,4883,683.76,338.2664323,3.387007155,,,,,,,,
3,4884,683.9,339.5658731,3.387007155,,,,,,,,
3,4885,684.04,341.2920237,4.203574917,,,,,,,,
3,4886,684.18,342.3781097,2.687091637,,,,,,,,
3,4887,684.32,343.9684808,2.959280891,,,,,,,,
3,4888,684.46,345.1127708,2.842628419,,,,,,,,
3,4889,684.6,346.4704156,2.80374411,,,,,,,,
3,4890,684.74,347.96381,3.387007155,,,,,,,,
3,4891,684.88,349.1468728,2.609323246,,,,,,,,
3,4892,685.02,350.6596684,2.220481292,,,,,,,,
3,4893,685.16,352.0560861,1.948292038,,,,,,,,
3,4894,685.3,353.4137011,3.231470373,,,,,,,,
3,4895,685.44,354.9458981,3.114817673,,,,,,,,
3,4896,685.58,356.2841415,3.348122846,,,,,,,,
3,4897,685.72,357.8938842,1.831639452,,,,,,,,
3,4898,685.86,359.1157496,3.464775318,,,,,,,,
3,4899,686,360.5121672,3.387007155,,,,,,,,
3,4900,686.14,362.1801138,3.387007155,,,,,,,,
3,4901,686.28,363.4213805,2.337133992,,,,,,,,
3,4902,686.42,364.9535775,4.125806754,,,,,,,,
3,4903,686.56,366.0008907,2.648207555,,,,,,,,
3,4904,686.7,367.4554825,0.976187266,,,,,,,,
3,4905,686.84,369.2204058,2.881512501,,,,,,,,
3,4906,686.98,370.2483177,3.698080491,,,,,,,,
3,4907,687.12,372.0714152,4.242458999,,,,,,,,
3,4908,687.26,373.2739091,3.6203121,,,,,,,,
3,4909,687.4,374.5345473,0.354040253,,,,,,,,
3,4910,687.54,376.2800694,1.909407956,,,,,,,,
3,4911,687.68,377.6571155,3.309238764,,,,,,,,
3,4912,687.82,378.8789809,2.18159721,,,,,,,,
3,4913,687.96,380.5469275,4.903490208,,,,,,,,
3,4914,688.1,381.5748394,3.231470373,,,,,,,,
3,4915,688.24,383.0294311,3.348122846,,,,,,,,
3,4916,688.38,384.5616281,5.486753253,,,,,,,,
3,4917,688.52,385.9192431,2.998165201,,,,,,,,
3,4918,688.66,387.2962892,2.725975719,,,,,,,,
3,4919,688.8,388.7702823,3.6203121,,,,,,,,
3,4920,688.94,389.9533451,3.348122846,,,,,,,,
3,4921,689.08,391.2915885,2.492670774,,,,,,,,
3,4922,689.22,392.9401338,4.125806754,,,,,,,,
3,4923,689.36,394.1426277,1.403913416,,,,,,,,
3,4924,689.5,395.4420686,3.270354455,,,,,,,,
3,4925,689.64,397.0906138,3.698080491,,,,,,,,
3,4926,689.78,398.2155025,4.086922672,,,,,,,,
3,4927,689.92,399.6119201,3.6203121,,,,,,,,
3,4928,690.06,401.3380408,4.631301181,,,,,,,,
3,4929,690.2,402.7926624,3.931385891,,,,,,,,
3,4930,690.34,404.3442309,4.436880317,,,,,,,,
3,4931,690.48,405.6630731,4.086922672,,,,,,,,
3,4932,690.62,407.1176648,4.825722044,,,,,,,,
3,4933,690.76,408.3783329,2.80374411,,,,,,,,
3,4934,690.9,409.7941518,2.376018074,,,,,,,,
3,4935,691.04,411.0741913,1.98717612,,,,,,,,
3,4936,691.18,412.3542607,1.831639452,,,,,,,,
3,4937,691.32,413.6731029,1.170608243,,,,,,,,
3,4938,691.46,414.9725437,1.909407956,,,,,,,,
3,4939,691.6,416.7180657,3.659196409,,,,,,,,
3,4940,691.74,417.9593325,3.581428018,,,,,,,,
3,4941,691.88,419.239372,0.354040253,,,,,,,,
3,4942,692.02,421.0624695,3.309238764,,,,,,,,
3,4943,692.16,422.2067595,4.592417099,,,,,,,,
3,4944,692.3,423.661381,1.870523647,,,,,,,,
3,4945,692.44,424.9995947,3.231470373,,,,,,,,
3,4946,692.58,426.3766408,2.570439165,,,,,,,,
3,4947,692.72,427.7342558,3.348122846,,,,,,,,
3,4948,692.86,429.1112721,2.725975719,,,,,,,,
3,4949,693,430.585295,3.192586064,,,,,,,,
3,4950,693.14,432.1756661,3.114817673,,,,,,,,
3,4951,693.28,433.5526824,2.570439165,,,,,,,,
3,4952,693.42,434.9296987,4.592417099,,,,,,,,
3,4953,693.56,436.1709654,3.892501354,,,,,,,,
3,4954,693.7,437.5092089,3.309238764,,,,,,,,
3,4955,693.84,439.1577542,3.464775318,,,,,,,,
3,4956,693.98,440.1468933,2.998165201,,,,,,,,
3,4957,694.12,441.873014,1.403913416,,,,,,,,
3,4958,694.26,443.0367053,3.775848882,,,,,,,,
3,4959,694.4,444.879204,5.059026989,,,,,,,,
3,4960,694.54,446.1980164,4.553532563,,,,,,,,
3,4961,694.68,447.4974871,3.814733191,,,,,,,,
3,4962,694.82,448.913306,3.503659627,,,,,,,,
3,4963,694.96,450.2515197,3.970269972,,,,,,,,
3,4964,695.1,451.5703619,4.359111699,,,,,,,,
3,4965,695.24,453.2771111,3.853617272,,,,,,,,
3,4966,695.38,454.5183778,3.581428018,,,,,,,,
3,4967,695.52,455.8565915,3.425891236,,,,,,,,
3,4968,695.66,457.2918117,3.853617272,,,,,,,,
3,4969,695.8,458.668828,3.814733191,,,,,,,,
3,4970,695.94,459.929496,3.114817673,,,,,,,,
3,4971,696.08,461.4034891,1.948292038,,,,,,,,
3,4972,696.22,463.0132616,2.06494451,,,,,,,,
3,4973,696.36,464.448452,3.153701982,,,,,,,,
3,4974,696.5,465.5733407,5.020142908,,,,,,,,
3,4975,696.64,467.0279622,3.775848882,,,,,,,,
3,4976,696.78,468.5601294,3.075933591,,,,,,,,
3,4977,696.92,469.9371755,2.531554856,,,,,,,,
3,4978,697.06,471.372366,3.309238764,,,,,,,,
3,4979,697.2,472.846359,3.7369648,,,,,,,,
3,4980,697.34,474.1264284,2.80374411,,,,,,,,
3,4981,697.48,475.4646719,4.125806754,,,,,,,,
3,4982,697.62,476.996839,2.18159721,,,,,,,,
3,4983,697.76,478.1605303,3.231470373,,,,,,,,
3,4984,697.9,479.6151221,2.80374411,,,,,,,,
3,4985,698.04,481.1473191,2.570439165,,,,,,,,
3,4986,698.18,482.2334051,3.970269972,,,,,,,,
3,4987,698.32,483.6880267,2.609323246,,,,,,,,
3,4988,698.46,485.4335487,3.542543709,,,,,,,,
3,4989,698.6,486.7523909,3.075933591,,,,,,,,
3,4990,698.74,488.0518317,2.453786465,,,,,,,,
3,4991,698.88,489.1961217,3.153701982,,,,,,,,
3,4992,699.02,490.9028411,3.659196409,,,,,,,,
3,4993,699.16,492.1247065,2.998165201,,,,,,,,
3,4994,699.3,493.4435487,2.648207555,,,,,,,,
3,4995,699.44,494.995147,3.970269972,,,,,,,,
3,4996,699.58,496.5273142,4.475764399,,,,,,,,
3,4997,699.72,497.5552261,2.18159721,,,,,,,,
3,4998,699.86,499.4365275,5.642290034,,,,,,,,
3,4999,700,500.4644394,6.147784461,,,,,,,,
3,5000,700.14,498.8740683,2.10382882,,,,,,,,
3,5001,700.28,497.3224998,3.153701982,,,,,,,,
3,5002,700.42,495.8097041,3.775848882,,,,,,,,
3,5003,700.56,494.7623909,3.814733191,,,,,,,,
3,5004,700.7,493.5793281,5.253448307,,,,,,,,
3,5005,700.84,491.7562306,3.425891236,,,,,,,,
3,5006,700.98,490.2628362,5.136795608,,,,,,,,
3,5007,701.12,489.1961217,2.764860028,,,,,,,,
3,5008,701.26,487.9354537,4.009154054,,,,,,,,
3,5009,701.4,486.5196347,4.203574917,,,,,,,,
3,5010,701.54,484.9874675,3.814733191,,,,,,,,
3,5011,701.68,483.2807183,2.881512501,,,,,,,,
3,5012,701.82,481.9231033,3.114817673,,,,,,,,
3,5013,701.96,480.8563888,3.037049282,,,,,,,,
3,5014,702.1,479.2078435,2.570439165,,,,,,,,
3,5015,702.24,477.8501987,2.220481292,,,,,,,,
3,5016,702.38,476.3568044,2.92039681,,,,,,,,
3,5017,702.52,475.1155376,2.10382882,,,,,,,,
3,5018,702.66,473.8354981,4.086922672,,,,,,,,
3,5019,702.8,472.0511734,2.18159721,,,,,,,,
3,5020,702.94,470.9456861,4.825722044,,,,,,,,
3,5021,703.08,469.4522917,1.948292038,,,,,,,,
3,5022,703.22,467.9588974,3.853617272,,,,,,,,
3,5023,703.36,466.4849043,1.36502922,,,,,,,,
3,5024,703.5,465.2824402,4.942374744,,,,,,,,
3,5025,703.64,463.6532664,2.414902383,,,,,,,,
3,5026,703.78,462.6253545,4.942374744,,,,,,,,
3,5027,703.92,461.1125588,1.442797611,,,,,,,,
3,5028,704.06,459.7743452,3.581428018,,,,,,,,
3,5029,704.2,458.183974,2.376018074,,,,,,,,
3,5030,704.34,456.5742016,1.637218475,,,,,,,,
3,5031,704.48,455.1971853,4.709069344,,,,,,,,
3,5032,704.62,453.9947212,4.397995781,,,,,,,,
3,5033,704.76,452.5013268,2.337133992,,,,,,,,
3,5034,704.9,451.2018561,3.6203121,,,,,,,,
3,5035,705.04,450.0963688,4.320227617,,,,,,,,
3,5036,705.18,448.2732713,2.376018074,,,,,,,,
3,5037,705.32,447.0320046,4.359111699,,,,,,,,
3,5038,705.46,445.5580115,1.67610267,,,,,,,,
3,5039,705.6,443.9870417,3.970269972,,,,,,,,
3,5040,705.74,442.6099956,1.67610267,,,,,,,,
3,5041,705.88,441.2523806,1.559450084,,,,,,,,
3,5042,706.02,439.9529397,3.231470373,,,,,,,,
3,5043,706.16,438.5177195,1.637218475,,,,,,,,
3,5044,706.3,437.1601045,3.192586064,,,,,,,,
3,5045,706.44,435.8994365,2.10382882,,,,,,,,
3,5046,706.58,434.4254434,3.270354455,,,,,,,,
3,5047,706.72,432.8350723,1.559450084,,,,,,,,
3,5048,706.86,431.8071604,1.403913416,,,,,,,,
3,5049,707,429.8870862,2.026060429,,,,,,,,
3,5050,707.14,428.7427962,3.970269972,,,,,,,,
3,5051,707.28,427.6566803,3.075933591,,,,,,,,
3,5052,707.42,425.9887338,2.725975719,,,,,,,,
3,5053,707.56,424.7086942,4.281343536,,,,,,,,
3,5054,707.7,423.0989218,2.10382882,,,,,,,,
3,5055,707.84,422.1873581,5.059026989,,,,,,,,
3,5056,707.98,420.5970168,3.581428018,,,,,,,,
3,5057,708.12,418.9872444,4.670185263,,,,,,,,
3,5058,708.26,417.8429544,4.281343536,,,,,,,,
3,5059,708.4,416.136235,2.220481292,,,,,,,,
3,5060,708.54,414.5264626,1.287260829,,,,,,,,
3,5061,708.68,413.4985507,3.775848882,,,,,,,,
3,5062,708.82,411.9469523,2.609323246,,,,,,,,
3,5063,708.96,410.5117619,2.414902383,,,,,,,,
3,5064,709.1,409.5032215,3.970269972,,,,,,,,
3,5065,709.24,407.9128504,1.870523647,,,,,,,,
3,5066,709.38,406.4388573,3.309238764,,,,,,,,
3,5067,709.52,404.9454629,1.170608243,,,,,,,,
3,5068,709.66,403.6266208,1.131724048,,,,,,,,
3,5069,709.8,402.0556509,2.492670774,,,,,,,,
3,5070,709.94,401.2022913,4.709069344,,,,,,,,
3,5071,710.08,399.2046416,3.075933591,,,,,,,,
3,5072,710.22,398.1573284,2.80374411,,,,,,,,
3,5073,710.36,396.6833353,3.425891236,,,,,,,,
3,5074,710.5,395.4614401,4.125806754,,,,,,,,
3,5075,710.64,393.774122,2.026060429,,,,,,,,
3,5076,710.78,392.3389018,4.009154054,,,,,,,,
3,5077,710.92,391.155839,3.075933591,,,,,,,,
3,5078,711.06,389.5072639,2.998165201,,,,,,,,
3,5079,711.2,388.4599507,3.231470373,,,,,,,,
3,5080,711.34,387.1605098,3.698080491,,,,,,,,
3,5081,711.48,385.4925632,3.153701982,,,,,,,,
3,5082,711.62,384.0573728,2.531554856,,,,,,,,
3,5083,711.76,382.7191293,2.959280891,,,,,,,,
3,5084,711.9,381.4390898,5.020142908,,,,,,,,
3,5085,712.04,379.4802129,3.698080491,,,,,,,,
3,5086,712.18,378.335923,2.92039681,,,,,,,,
3,5087,712.32,377.0170808,0.431808644,,,,,,,,
3,5088,712.46,375.659436,2.725975719,,,,,,,,
3,5089,712.6,374.1854429,1.559450084,,,,,,,,
3,5090,712.74,372.7502525,2.959280891,,,,,,,,
3,5091,712.88,371.4507818,2.492670774,,,,,,,,
3,5092,713.02,370.0543642,1.481681807,,,,,,,,
3,5093,713.16,368.793726,2.414902383,,,,,,,,
3,5094,713.3,367.2227561,4.475764399,,,,,,,,
3,5095,713.44,365.903914,4.709069344,,,,,,,,
3,5096,713.58,364.2941415,3.7369648,,,,,,,,
3,5097,713.72,362.5486195,2.414902383,,,,,,,,
3,5098,713.86,361.6564572,3.853617272,,,,,,,,
3,5099,714,359.8721623,1.481681807,,,,,,,,
3,5100,714.14,358.378768,2.92039681,,,,,,,,
3,5101,714.28,357.4090302,4.048038136,,,,,,,,
3,5102,714.42,355.8574319,2.764860028,,,,,,,,
3,5103,714.56,354.5192182,2.531554856,,,,,,,,
3,5104,714.7,353.2391489,2.959280891,,,,,,,,
3,5105,714.84,351.668179,2.06494451,,,,,,,,
3,5106,714.98,350.6014645,5.097911526,,,,,,,,
3,5107,715.12,348.8753438,3.231470373,,,,,,,,
3,5108,715.26,347.8086293,3.698080491,,,,,,,,
3,5109,715.4,346.3540375,3.464775318,,,,,,,,
3,5110,715.54,344.8412418,3.775848882,,,,,,,,
3,5111,715.68,343.2896733,3.153701982,,,,,,,,
3,5112,715.82,342.3199356,4.825722044,,,,,,,,
3,5113,715.96,340.6713903,1.326145025,,,,,,,,
3,5114,716.1,338.9840424,3.542543709,,,,,,,,
3,5115,716.24,337.5488222,4.086922672,,,,,,,,
3,5116,716.38,336.5597129,4.592417099,,,,,,,,
3,5117,716.52,334.9305391,2.142712901,,,,,,,,
3,5118,716.66,333.6892724,3.659196409,,,,,,,,
3,5119,716.8,332.1183026,2.881512501,,,,,,,,
3,5120,716.94,330.7606876,2.220481292,,,,,,,,
3,5121,717.08,329.2672932,2.998165201,,,,,,,,
3,5122,717.22,328.2005787,2.959280891,,,,,,,,
3,5123,717.36,326.8623352,2.959280891,,,,,,,,
3,5124,717.5,325.330168,1.98717612,,,,,,,,
3,5125,717.64,323.7397969,4.786837962,,,,,,,,
3,5126,717.78,322.1494257,0.74288215,,,,,,,,
3,5127,717.92,321.296066,2.80374411,,,,,,,,
3,5128,718.06,319.5311427,1.131724048,,,,,,,,
3,5129,718.2,318.076551,3.775848882,,,,,,,,
3,5130,718.34,316.7189062,1.753871061,,,,,,,,
3,5131,718.48,315.5358434,2.414902383,,,,,,,,
3,5132,718.62,314.1394258,2.376018074,,,,,,,,
3,5133,718.76,312.6654029,3.037049282,,,,,,,,
3,5134,718.9,311.2108111,2.026060429,,,,,,,,
3,5135,719.04,309.891969,3.853617272,,,,,,,,
3,5136,719.18,308.2821965,1.598334279,,,,,,,,
3,5137,719.32,306.9439828,0.859534737,,,,,,,,
3,5138,719.46,305.5669367,3.231470373,,,,,,,,
3,5139,719.6,304.3256998,3.270354455,,,,,,,,
3,5140,719.74,302.5607765,1.714986865,,,,,,,,
3,5141,719.88,301.435858,4.086922672,,,,,,,,
3,5142,720.02,300.3885448,3.892501354,,,,,,,,
3,5143,720.16,298.7012267,3.970269972,,,,,,,,
3,5144,720.3,297.072053,2.414902383,,,,,,,,
3,5145,720.44,295.7726121,2.492670774,,,,,,,,
3,5146,720.58,294.6089208,2.570439165,,,,,,,,
3,5147,720.72,293.0573523,2.998165201,,,,,,,,
3,5148,720.86,291.893661,3.425891236,,,,,,,,
3,5149,721,290.3226912,3.037049282,,,,,,,,
3,5150,721.14,288.8680995,2.376018074,,,,,,,,
3,5151,721.28,287.3553038,1.753871061,,,,,,,,
3,5152,721.42,286.0752642,1.948292038,,,,,,,,
3,5153,721.56,284.5236659,1.870523647,,,,,,,,
3,5154,721.7,283.0884755,3.153701982,,,,,,,,
3,5155,721.84,282.0023596,2.80374411,,,,,,,,
3,5156,721.98,280.5089653,3.075933591,,,,,,,,
3,5157,722.12,279.1513503,3.270354455,,,,,,,,
3,5158,722.26,277.6191533,3.114817673,,,,,,,,
3,5159,722.4,276.0675848,0.859534737,,,,,,,,
3,5160,722.54,274.70994,2.026060429,,,,,,,,
3,5161,722.68,273.4493017,3.6203121,,,,,,,,
3,5162,722.82,272.0334828,2.725975719,,,,,,,,
3,5163,722.96,270.3267336,1.714986865,,,,,,,,
3,5164,723.1,269.0854967,1.909407956,,,,,,,,
3,5165,723.24,267.9605782,4.242458999,,,,,,,,
3,5166,723.38,266.3702369,2.764860028,,,,,,,,
3,5167,723.52,265.0319934,2.337133992,,,,,,,,
3,5168,723.66,263.6355758,1.753871061,,,,,,,,
3,5169,723.8,262.5494599,3.231470373,,,,,,,,
3,5170,723.94,261.0560656,3.153701982,,,,,,,,
3,5171,724.08,259.6208751,3.581428018,,,,,,,,
3,5172,724.22,258.1468523,2.220481292,,,,,,,,
3,5173,724.36,256.4401329,1.98717612,,,,,,,,
3,5174,724.5,255.3152442,3.464775318,,,,,,,,
3,5175,724.64,253.880024,4.048038136,,,,,,,,
3,5176,724.78,252.3672283,1.714986865,,,,,,,,
3,5177,724.92,251.3587177,3.659196409,,,,,,,,
3,5178,725.06,249.5162189,1.714986865,,,,,,,,
3,5179,725.2,248.2749522,1.559450084,,,,,,,,
3,5180,725.34,246.7621714,2.764860028,,,,,,,,
3,5181,725.48,245.268777,1.98717612,,,,,,,,
3,5182,725.62,243.8529581,1.792755256,,,,,,,,
3,5183,725.76,242.5535172,2.337133992,,,,,,,,
3,5184,725.9,241.3510382,1.131724048,,,,,,,,
3,5185,726.04,239.7994697,1.442797611,,,,,,,,
3,5186,726.18,238.286674,1.36502922,,,,,,,,
3,5187,726.32,236.8514687,0.159619319,,,,,,,,
3,5188,726.46,235.8429432,3.542543709,,,,,,,,
3,5189,726.6,234.0974212,2.959280891,,,,,,,,
3,5190,726.74,232.9725325,2.609323246,,,,,,,,
3,5191,726.88,231.2851846,1.170608243,,,,,,,,
3,5192,727.02,230.0051302,0.54846123,,,,,,,,
3,5193,727.16,228.6281139,0.54846123,,,,,,,,
3,5194,727.3,227.5032103,1.870523647,,,,,,,,
3,5195,727.44,225.7383019,1.248376634,,,,,,,,
3,5196,727.58,224.4776338,3.309238764,,,,,,,,
3,5197,727.72,223.236382,2.259365601,,,,,,,,
3,5198,727.86,221.762374,2.80374411,,,,,,,,
3,5199,728,219.9586779,-0.073685818,,,,,,,,
3,5200,728.14,218.6204344,0.315156086,,,,,,,,
3,5201,728.28,217.5731212,2.687091637,,,,,,,,
3,5202,728.42,215.9827501,1.092839852,,,,,,,,
3,5203,728.56,214.9548382,2.414902383,,,,,,,,
3,5204,728.7,213.3838683,3.892501354,,,,,,,,
3,5205,728.84,211.7547095,2.764860028,,,,,,,,
3,5206,728.98,210.7073963,1.870523647,,,,,,,,
3,5207,729.12,209.1558129,1.170608243,,,,,,,,
3,5208,729.26,207.4684799,0.703997955,,,,,,,,
3,5209,729.4,206.1496377,1.015071462,,,,,,,,
3,5210,729.54,205.0053477,3.970269972,,,,,,,,
3,5211,729.68,203.3179998,-0.540296071,,,,,,,,
3,5212,729.82,201.8634081,-0.306990955,,,,,,,,
3,5213,729.96,200.5639523,0.237387695,,,,,,,,
3,5214,730.1,199.1093457,0.354040253,,,,,,,,
3,5215,730.24,197.8099048,1.209492439,,,,,,,,
3,5216,730.38,196.3940859,1.209492439,,,,,,,,
3,5217,730.52,194.8619038,-1.823474349,,,,,,,,
3,5218,730.66,193.5818642,1.792755256,,,,,,,,
3,5219,730.8,192.1854317,-0.656948657,,,,,,,,
3,5220,730.94,190.8472031,0.859534737,,,,,,,,
3,5221,731.08,189.4895732,1.442797611,,,,,,,,
3,5222,731.22,188.0155802,0.198503514,,,,,,,,
3,5223,731.36,186.5803599,2.06494451,,,,,,,,
3,5224,731.5,184.8736256,-0.734717048,,,,,,,,
3,5225,731.64,183.477208,-1.590169177,,,,,,,,
3,5226,731.78,182.546258,0.587345426,,,,,,,,
3,5227,731.92,181.1498404,1.753871061,,,,,,,,
3,5228,732.06,179.8116118,1.326145025,,,,,,,,
3,5229,732.2,178.4151942,1.98717612,,,,,,,,
3,5230,732.34,176.9023985,-0.229222579,,,,,,,,
3,5231,732.48,175.2150655,0.431808644,,,,,,,,
3,5232,732.62,174.3035167,0.626229564,,,,,,,,
3,5233,732.76,172.6743579,0.898418932,,,,,,,,
3,5234,732.9,171.1809635,-0.501411876,,,,,,,,
3,5235,733.04,169.9590981,1.442797611,,,,,,,,
3,5236,733.18,168.5238928,1.248376634,,,,,,,,
3,5237,733.32,166.9916958,-0.890253773,,,,,,,,
3,5238,733.46,165.6146795,0.159619319,,,,,,,,
3,5239,733.6,164.5673662,0.276271891,,,,,,,,
3,5240,733.74,162.6666784,0.74288215,,,,,,,,
3,5241,733.88,161.2120718,-1.123558945,,,,,,,,
3,5242,734.02,159.8544419,-1.279095727,,,,,,,,
3,5243,734.16,158.555001,0.198503514,,,,,,,,
3,5244,734.3,157.1973711,0.392924449,,,,,,,,
3,5245,734.44,155.7039768,0.66511376,,,,,,,,
3,5246,734.58,154.5790881,0.509577035,,,,,,,,
3,5247,734.72,152.9693305,-1.045790555,,,,,,,,
3,5248,734.86,151.6892761,1.170608243,,,,,,,,
3,5249,735,150.3704339,1.053955657,,,,,,,,
3,5250,735.14,148.7606764,-0.190338383,,,,,,,,
3,5251,735.28,147.5000083,-2.017895213,,,,,,,,
3,5252,735.42,146.2005675,1.559450084,,,,,,,,
3,5253,735.56,144.8041499,-0.345875151,,,,,,,,
3,5254,735.7,143.2525665,0.120735123,,,,,,,,
3,5255,735.84,141.7009979,-1.395748313,,,,,,,,
3,5256,735.98,140.4597312,-2.095663604,,,,,,,,
3,5257,736.12,139.2378658,-0.306990955,,,,,,,,
3,5258,736.26,137.9190236,-0.112570007,,,,,,,,
3,5259,736.4,136.1541003,-0.734717048,,,,,,,,
3,5260,736.54,134.9710226,-0.851369634,,,,,,,,
3,5261,736.68,133.4776282,-1.784590154,,,,,,,,
3,5262,736.82,132.1199983,-2.134547913,,,,,,,,
3,5263,736.96,130.5296421,-2.523389639,,,,,,,,
3,5264,737.1,128.99746,-1.317979923,,,,,,,,
3,5265,737.24,127.9307455,-1.006906359,,,,,,,,
3,5266,737.38,126.5343279,-1.006906359,,,,,,,,
3,5267,737.52,124.8469874,-2.251200385,,,,,,,,
3,5268,737.66,123.4117746,-2.60115803,,,,,,,,
3,5269,737.8,122.480832,-1.706821763,,,,,,,,
3,5270,737.94,120.8322793,-2.562273949,,,,,,,,
3,5271,738.08,119.6492016,-1.473516591,,,,,,,,
3,5272,738.22,118.2721779,-1.629053372,,,,,,,,
3,5273,738.36,116.4684668,-0.579180266,,,,,,,,
3,5274,738.5,115.4211536,-2.056779522,,,,,,,,
3,5275,738.64,114.1798943,-0.773601244,,,,,,,,
3,5276,738.78,112.5895232,-2.756694812,,,,,,,,
3,5277,738.92,111.3094762,0.820650541,,,,,,,,
3,5278,739.06,109.4281897,-1.706821763,,,,,,,,
3,5279,739.2,108.2257107,-4.039873147,,,,,,,,
3,5280,739.34,106.8680808,-1.784590154,,,,,,,,
3,5281,739.48,105.7044044,-0.695832853,,,,,,,,
3,5282,739.62,103.8037166,-4.273178092,,,,,,,,
3,5283,739.76,102.6982218,-2.290084694,,,,,,,,
3,5284,739.9,101.3987735,-2.484505558,,,,,,,,
3,5285,740.04,99.75022078,-3.53437872,,,,,,,,
3,5286,740.18,98.27622771,-2.640042339,,,,,,,,
3,5287,740.32,97.05435485,-3.884336365,,,,,,,,
3,5288,740.46,95.58036178,-5.128630619,,,,,,,,
3,5289,740.6,94.35848892,-2.640042339,,,,,,,,
3,5290,740.74,92.80691296,-3.106652684,,,,,,,,
3,5291,740.88,91.255337,-3.845452284,,,,,,,,
3,5292,741.02,90.20802379,-2.640042339,,,,,,,,
3,5293,741.16,88.55947107,-3.028884294,,,,,,,,
3,5294,741.3,87.0660767,-5.711893209,,,,,,,,
3,5295,741.44,85.84421128,-3.41772602,,,,,,,,
3,5296,741.58,84.37021077,-2.71781073,,,,,,,,
3,5297,741.72,82.93500543,-4.156525847,,,,,,,,
3,5298,741.86,81.57737553,-4.273178092,,,,,,,,
3,5299,742,80.02579957,-4.389830792,,,,,,,,
3,5300,742.14,78.95908505,-2.795579121,,,,,,,,
3,5301,742.28,77.40750909,-5.478588264,,,,,,,,
3,5302,742.42,76.08866692,-4.078757229,,,,,,,,
3,5303,742.56,74.55648482,-5.439704182,,,,,,,,
3,5304,742.7,73.35401326,-3.767683893,,,,,,,,
3,5305,742.84,71.55030966,-5.906314072,,,,,,,,
3,5306,742.98,70.42541355,-3.845452284,,,,,,,,
3,5307,743.12,69.06778365,-3.806567975,,,,,,,,
3,5308,743.26,67.7877292,-4.662020274,,,,,,,,
3,5309,743.4,66.25554711,-7.072839708,,,,,,,,
3,5310,743.54,64.97550011,-3.53437872,,,,,,,,
3,5311,743.68,63.63726407,-5.361935564,,,,,,,,
3,5312,743.82,62.06629053,-5.323051482,,,,,,,,
3,5313,743.96,60.92200056,-4.078757229,,,,,,,,
3,5314,744.1,59.50618908,-4.078757229,,,,,,,,
3,5315,744.24,57.68308416,-6.528461199,,,,,,,,
3,5316,744.38,56.7715317,-4.46759941,,,,,,,,
3,5317,744.52,55.25874346,-4.039873147,,,,,,,,
3,5318,744.66,53.61019447,-6.061850854,,,,,,,,
3,5319,744.8,52.2913523,-4.739788437,,,,,,,,
3,5320,744.94,50.77856779,-7.150608326,,,,,,,,
3,5321,745.08,49.61488396,-5.050862001,,,,,,,,
3,5322,745.22,47.79177904,-7.889408153,,,,,,,,
3,5323,745.36,46.49233446,-7.111724244,,,,,,,,
3,5324,745.5,44.96015236,-6.567345281,,,,,,,,
3,5325,745.64,43.69949549,-6.528461199,,,,,,,,
3,5326,745.78,42.38065332,-7.733870916,,,,,,,,
3,5327,745.92,41.15878791,-5.634125046,,,,,,,,
3,5328,746.06,39.45205361,-7.306145108,,,,,,,,
3,5329,746.2,38.28836977,-5.245282864,,,,,,,,
3,5330,746.34,37.06650063,-6.061850854,,,,,,,,
3,5331,746.48,35.39855778,-5.323051482,,,,,,,,
3,5332,746.62,34.06032175,-5.050862001,,,,,,,,
3,5333,746.76,32.29540214,-7.033955626,,,,,,,,
3,5334,746.9,31.38384968,-4.817557056,,,,,,,,
3,5335,747.04,29.71590497,-6.917303381,,,,,,,,
3,5336,747.18,28.47464196,-6.256271718,,,,,,,,
3,5337,747.32,26.78730339,-9.328123269,,,,,,,,
3,5338,747.46,25.70119873,-7.150608326,,,,,,,,
3,5339,747.6,24.32417311,-7.150608326,,,,,,,,
3,5340,747.74,22.79199101,-9.367006896,,,,,,,,
3,5341,747.88,21.55072987,-6.917303381,,,,,,,,
3,5342,748.02,19.80520412,-8.74485977,,,,,,,,
3,5343,748.16,18.48636381,-8.122712643,,,,,,,,
3,5344,748.3,17.51662791,-7.267261026,,,,,,,,
3,5345,748.44,15.84868319,-8.939280633,,,,,,,,
3,5346,748.58,14.43286892,-7.228376489,,,,,,,,
3,5347,748.72,13.03644944,-9.328123269,,,,,,,,
3,5348,748.86,11.44608203,-9.211470569,,,,,,,,
3,5349,749,10.45695227,-7.81163908,,,,,,,,
3,5350,749.14,8.905374445,-8.86151247,,,,,,,,
3,5351,749.28,7.625323255,-7.189492408,,,,,,,,
3,5352,749.42,6.073745899,-10.53353299,,,,,,,,
3,5353,749.56,4.483379424,-9.522544133,,,,,,,,
3,5354,749.7,3.416670021,-8.200481716,,,,,,,,
3,5355,749.84,1.806908636,-9.328123269,,,,,,,,
3,5356,749.98,0.371699687,-10.02803856,,,,,,,,
3,5357,750.12,-0.695009658,-9.833617696,,,,,,,,
3,5358,750.26,-2.188402694,-8.822628843,,,,,,,,
3,5359,750.4,-3.604216967,-10.53353299,,,,,,,,
3,5360,750.54,-5.4855044,-10.61130115,,,,,,,,
3,5361,750.68,-6.474635098,-8.822628843,,,,,,,,
3,5362,750.82,-7.890448906,-11.23344828,,,,,,,,
3,5363,750.96,-9.558394551,-9.950269487,,,,,,,,
3,5364,751.1,-10.99360362,-12.90546788,,,,,,,,
3,5365,751.24,-12.46760227,-10.45576482,,,,,,,,
3,5366,751.38,-13.61189038,-9.367006896,,,,,,,,
3,5367,751.52,-15.22165164,-11.62229,,,,,,,,
3,5368,751.66,-16.48230851,-11.54452184,,,,,,,,
3,5369,751.8,-17.70417579,-9.483659596,,,,,,,,
3,5370,751.94,-19.13938485,-12.24443713,,,,,,,,
3,5371,752.08,-20.59398778,-11.3889846,,,,,,,,
3,5372,752.22,-21.9710134,-11.93336357,,,,,,,,
3,5373,752.36,-23.15409109,-11.03902741,,,,,,,,
3,5374,752.5,-24.70566705,-11.62229,,,,,,,,
3,5375,752.64,-26.29603446,-12.71104702,,,,,,,,
3,5376,752.78,-27.44032256,-11.58340547,,,,,,,,
3,5377,752.92,-29.10826914,-12.67216339,,,,,,,,
3,5378,753.06,-30.17497808,-12.0889008,,,,,,,,
3,5379,753.2,-31.93989769,-13.17765782,,,,,,,,
3,5380,753.34,-33.21994841,-13.76092041,,,,,,,,
3,5381,753.48,-34.49999914,-12.01113173,,,,,,,,
3,5382,753.62,-35.43094546,-9.716964996,,,,,,,,
3,5383,753.76,-37.40920499,-12.78881609,,,,,,,,
3,5384,753.9,-38.82502019,-12.12778443,,,,,,,,
3,5385,754.04,-40.4153876,-14.30529937,,,,,,,,
3,5386,754.18,-41.57907143,-13.37207868,,,,,,,,
3,5387,754.32,-43.05306822,-13.13877328,,,,,,,,
3,5388,754.46,-44.04219985,-12.47774253,,,,,,,,
3,5389,754.6,-45.34164444,-11.00014288,,,,,,,,
3,5390,754.74,-47.12595791,-12.12778443,,,,,,,,
3,5391,754.88,-48.65814,-15.70513086,,,,,,,,
3,5392,755.02,-49.95758832,-13.79980495,,,,,,,,
3,5393,755.16,-51.29582435,-16.13285531,,,,,,,,
3,5394,755.3,-52.82800645,-13.29431052,,,,,,,,
3,5395,755.44,-54.14684489,-12.94435242,,,,,,,,
3,5396,755.58,-55.54326624,-14.11087851,,,,,,,,
3,5397,755.72,-57.32757971,-17.45491863,,,,,,,,
3,5398,755.86,-58.53005126,-15.47182546,,,,,,,,
3,5399,756,-59.61615592,-14.42195207,,,,,,,,
3,5400,756.14,-61.22591719,-15.54959272,,,,,,,,
3,5401,756.28,-62.38960102,-13.95534127,,,,,,,,
3,5402,756.42,-64.15452063,-14.65525656,,,,,,,,
3,5403,756.56,-65.35699219,-13.76092041,,,,,,,,
3,5404,756.7,-66.5788576,-14.22753121,,,,,,,,
3,5405,756.84,-68.1110397,-14.49972024,,,,,,,,
3,5406,756.98,-69.75959241,-15.54959272,,,,,,,,
3,5407,757.12,-71.00085169,-16.9494233,,,,,,,,
3,5408,757.26,-72.35848159,-14.65525656,,,,,,,,
3,5409,757.4,-73.75490665,-14.49972024,,,,,,,,
3,5410,757.54,-75.22889972,-15.39405639,,,,,,,,
3,5411,757.68,-76.70290023,-16.28839345,,,,,,,,
3,5412,757.82,-77.86658406,-16.01620352,,,,,,,,
3,5413,757.96,-79.41816002,-15.00521466,,,,,,,,
3,5414,758.1,-80.6594193,-15.12186736,,,,,,,,
3,5415,758.24,-81.95886761,-16.09397259,,,,,,,,
3,5416,758.38,-83.43286812,-15.43294093,,,,,,,,
3,5417,758.52,-84.86807346,-17.33826502,,,,,,,,
3,5418,758.66,-86.67178452,-17.37714956,,,,,,,,
3,5419,758.8,-87.85486221,-17.10496144,,,,,,,,
3,5420,758.94,-89.23188597,-17.57157042,,,,,,,,
3,5421,759.08,-90.58951586,-17.45491863,,,,,,,,
3,5422,759.22,-91.85017645,-17.33826502,,,,,,,,
3,5423,759.36,-93.18841249,-17.92152943,,,,,,,,
3,5424,759.5,-94.75938231,-17.37714956,,,,,,,,
3,5425,759.64,-96.13640606,-18.07706576,,,,,,,,
3,5426,759.78,-97.74617106,-18.3492557,,,,,,,,
3,5427,759.92,-99.14258868,-16.9494233,,,,,,,,
3,5428,760.06,-100.1317203,-17.72710857,,,,,,,,
3,5429,760.2,-101.7414778,-20.21569526,,,,,,,,
3,5430,760.34,-103.0215323,-20.21569526,,,,,,,,
3,5431,760.48,-104.5925021,-18.85474921,,,,,,,,
3,5432,760.62,-105.7561859,-17.72710857,,,,,,,,
3,5433,760.76,-107.4047387,-19.98239168,,,,,,,,
3,5434,760.9,-108.7429747,-19.04917008,,,,,,,,
3,5435,761.04,-110.3527322,-20.3712334,,,,,,,,
3,5436,761.18,-111.4582345,-18.73809742,,,,,,,,
3,5437,761.32,-112.8934398,-22.0432521,,,,,,,,
3,5438,761.46,-114.3286526,-20.87672692,,,,,,,,
3,5439,761.6,-115.7056764,-18.58255928,,,,,,,,
3,5440,761.74,-117.0245111,-19.55466541,,,,,,,,
3,5441,761.88,-118.6342761,-17.1827287,,,,,,,,
3,5442,762.02,-119.9725121,-19.6713172,,,,,,,,
3,5443,762.16,-121.4659065,-20.3712334,,,,,,,,
3,5444,762.3,-122.7071658,-19.98239168,,,,,,,,
3,5445,762.44,-123.9872202,-19.98239168,,,,,,,,
3,5446,762.58,-125.6163716,-20.3712334,,,,,,,,
3,5447,762.72,-127.0709783,-21.45998951,,,,,,,,
3,5448,762.86,-128.6225617,-22.43209383,,,,,,,,
3,5449,763,-129.7862381,-21.84883124,,,,,,,,
3,5450,763.14,-131.3378215,-22.93758916,,,,,,,,
3,5451,763.28,-132.5790733,-20.87672692,,,,,,,,
3,5452,763.42,-134.0530813,-21.14891686,,,,,,,,
3,5453,763.56,-135.2749467,-21.45998951,,,,,,,,
3,5454,763.7,-136.6131753,-19.98239168,,,,,,,,
3,5455,763.84,-138.0095929,-20.41011612,,,,,,,,
3,5456,763.98,-139.5805627,-20.83784238,,,,,,,,
3,5457,764.12,-141.015783,-22.9764737,,,,,,,,
3,5458,764.26,-142.3152238,-22.89870463,,,,,,,,
3,5459,764.4,-143.6728537,-23.94857802,,,,,,,,
3,5460,764.54,-145.0304836,-22.15990571,,,,,,,,
3,5461,764.68,-146.582067,-22.15990571,,,,,,,,
3,5462,764.82,-147.8621066,-21.73217945,,,,,,,,
3,5463,764.96,-149.6270299,-24.92068234,,,,,,,,
3,5464,765.1,-150.8101076,-22.93758916,,,,,,,,
3,5465,765.24,-152.090162,-21.03226325,,,,,,,,
3,5466,765.38,-153.7387073,-25.30952406,,,,,,,,
3,5467,765.52,-155.0381631,-25.42617767,,,,,,,,
3,5468,765.66,-156.5897316,-24.92068234,,,,,,,,
3,5469,765.8,-157.5982571,-25.1151032,,,,,,,,
3,5470,765.94,-159.1886282,-25.03733594,,,,,,,,
3,5471,766.08,-160.4880691,-23.2097791,,,,,,,,
3,5472,766.22,-161.9426757,-27.09819819,,,,,,,,
3,5473,766.36,-163.6106223,-25.1151032,,,,,,,,
3,5474,766.5,-164.9488509,-25.03733594,,,,,,,,
3,5475,766.64,-166.0737544,-24.25965249,,,,,,,,
3,5476,766.78,-167.5283611,-24.14299888,,,,,,,,
3,5477,766.92,-168.885991,-23.94857802,,,,,,,,
3,5478,767.06,-170.4375595,-25.15398774,,,,,,,,
3,5479,767.2,-171.5236604,-23.59862083,,,,,,,,
3,5480,767.34,-173.191607,-26.70935646,,,,,,,,
3,5481,767.48,-174.4134724,-24.57072515,,,,,,,,
3,5482,767.62,-176.081419,-26.20386113,,,,,,,,
3,5483,767.76,-177.4390489,-26.0483248,,,,,,,,
3,5484,767.9,-178.7772924,-25.03733594,,,,,,,,
3,5485,768.04,-179.7858179,-25.03733594,,,,,,,,
3,5486,768.18,-181.4343631,-29.62566941,,,,,,,,
3,5487,768.32,-183.2962632,-28.6535651,,,,,,,,
3,5488,768.46,-184.0720475,-25.46506221,,,,,,,,
3,5489,768.6,-185.4878664,-24.84291508,,,,,,,,
3,5490,768.74,-187.2915775,-26.12609205,,,,,,,,
3,5491,768.88,-188.6879951,-27.75922803,,,,,,,,
3,5492,769.02,-190.0068372,-26.55381832,,,,,,,,
3,5493,769.16,-191.4420426,-29.50901762,,,,,,,,
3,5494,769.3,-192.6832944,-27.72034532,,,,,,,,
3,5495,769.44,-194.1185147,-26.2816302,,,,,,,,
3,5496,769.58,-195.6506968,-28.14806976,,,,,,,,
3,5497,769.72,-196.8337744,-27.02042912,,,,,,,,
3,5498,769.86,-198.3077675,-28.8868705,,,,,,,,
3,5499,770,-199.8011619,-29.04240682,,,,,,,,
3,5500,770.14,-201.0230273,-28.57579602,,,,,,,,
3,5501,770.28,-202.4000585,-28.80910142,,,,,,,,
3,5502,770.42,-203.951627,-27.56480717,,,,,,,,
3,5503,770.56,-205.4062337,-29.58678488,,,,,,,,
3,5504,770.7,-206.899628,-28.4202597,,,,,,,,
3,5505,770.84,-208.1214935,-30.28670108,,,,,,,,
3,5506,770.98,-209.5179111,-29.43124855,,,,,,,,
3,5507,771.12,-210.8173668,-28.10918704,,,,,,,,
3,5508,771.26,-212.5822753,-30.71442552,,,,,,,,
3,5509,771.4,-213.7265652,-29.66455395,,,,,,,,
3,5510,771.54,-215.0454074,-29.66455395,,,,,,,,
3,5511,771.68,-216.5969908,-32.03648885,,,,,,,,
3,5512,771.82,-217.9740071,-29.9756266,,,,,,,,
3,5513,771.96,-219.3704247,-29.00352229,,,,,,,,
3,5514,772.1,-220.5729038,-29.04240682,,,,,,,,
3,5515,772.24,-222.2408503,-30.05339568,,,,,,,,
3,5516,772.38,-223.7342447,-31.80318527,,,,,,,,
3,5517,772.52,-224.7815579,-28.1869543,,,,,,,,
3,5518,772.66,-226.1197865,-29.15905861,,,,,,,,
3,5519,772.8,-227.6907563,-29.3534813,,,,,,,,
3,5520,772.94,-228.8932353,-31.53099533,,,,,,,,
3,5521,773.08,-230.5611819,-31.1421536,,,,,,,,
3,5522,773.22,-231.9188118,-30.09228021,,,,,,,,
3,5523,773.36,-233.7613106,-32.46421693,,,,,,,,
3,5524,773.5,-234.7892225,-32.11425792,,,,,,,,
3,5525,773.64,-236.0692769,-31.41434354,,,,,,,,
3,5526,773.78,-237.6208603,-31.02550181,,,,,,,,
3,5527,773.92,-238.8233244,-31.33657447,,,,,,,,
3,5528,774.06,-240.1227802,-30.28670108,,,,,,,,
3,5529,774.2,-241.6549623,-33.39743489,,,,,,,,
3,5530,774.34,-243.1677431,-31.84206798,,,,,,,,
3,5531,774.48,-244.525373,-32.8141723,,,,,,,,
3,5532,774.62,-245.7084507,-32.0753752,,,,,,,,
3,5533,774.76,-247.2600341,-32.77528958,,,,,,,,
3,5534,774.9,-248.617664,-30.48112194,,,,,,,,
3,5535,775.04,-250.2662241,-32.23090971,,,,,,,,
3,5536,775.18,-251.77899,-34.44730828,,,,,,,,
3,5537,775.32,-252.9620826,-34.13623563,,,,,,,,
3,5538,775.46,-254.3390989,-33.7473939,,,,,,,,
3,5539,775.6,-255.813092,-34.33065649,,,,,,,,
3,5540,775.74,-257.0155859,-33.2807831,,,,,,,,
3,5541,775.88,-258.2762241,-32.46421693,,,,,,,,
3,5542,776.02,-260.0023448,-32.69752051,,,,,,,,
3,5543,776.16,-261.379391,-31.06438453,,,,,,,,
3,5544,776.3,-262.8145814,-33.66962483,,,,,,,,
3,5545,776.44,-264.0170753,-34.52507735,,,,,,,,
3,5546,776.58,-265.5104697,-34.36953921,,,,,,,,
3,5547,776.72,-266.8680847,-33.7473939,,,,,,,,
3,5548,776.86,-268.4778571,-36.62482413,,,,,,,,
3,5549,777,-269.6997225,-34.87503636,,,,,,,,
3,5550,777.14,-271.2318897,-35.92490975,,,,,,,,
3,5551,777.28,-272.2404301,-34.71949822,,,,,,,,
3,5552,777.42,-273.8113999,-36.04156154,,,,,,,,
3,5553,777.56,-275.4405439,-36.819245,,,,,,,,
3,5554,777.7,-276.7593861,-36.11933062,,,,,,,,
3,5555,777.84,-278.2140076,-36.66370685,,,,,,,,
3,5556,777.98,-279.4746459,-37.01366586,,,,,,,,
3,5557,778.12,-280.9680402,-38.06353925,,,,,,,,
3,5558,778.26,-282.3838592,-37.55804573,,,,,,,,
3,5559,778.4,-283.6833,-37.09143493,,,,,,,,
3,5560,778.54,-284.9827409,-35.34164716,,,,,,,,
3,5561,778.68,-286.6119146,-36.43040327,,,,,,,,
3,5562,778.82,-288.0083323,-38.64680184,,,,,,,,
3,5563,778.96,-289.462924,-37.24696944,,,,,,,,
3,5564,779.1,-290.8011675,-38.33572919,,,,,,,,
3,5565,779.24,-292.3915386,-37.59692845,,,,,,,,
3,5566,779.38,-293.4000492,-34.52507735,,,,,,,,
3,5567,779.52,-295.0098217,-36.85812771,,,,,,,,
3,5568,779.66,-296.3092625,-37.7524666,,,,,,,,
3,5569,779.8,-297.7638841,-36.27486512,,,,,,,,
3,5570,779.94,-299.1409004,-36.819245,,,,,,,,
3,5571,780.08,-300.5567193,-37.51915938,,,,,,,,
3,5572,780.22,-301.9725382,-37.98577018,,,,,,,,
3,5573,780.36,-303.1750023,-36.27486512,,,,,,,,
3,5574,780.5,-304.6101928,-36.62482413,,,,,,,,
3,5575,780.64,-305.9484363,-36.46928599,,,,,,,,
3,5576,780.78,-307.2091043,-36.66370685,,,,,,,,
3,5577,780.92,-309.1485798,-38.14130832,,,,,,,,
3,5578,781.06,-310.6031716,-38.68568456,,,,,,,,
3,5579,781.2,-311.7668629,-39.03564357,,,,,,,,
3,5580,781.34,-313.2796288,-39.81332702,,,,,,,,
3,5581,781.48,-314.5790994,-39.7744443,,,,,,,,
3,5582,781.62,-315.8785403,-37.98577018,,,,,,,,
3,5583,781.76,-317.4882829,-39.92997881,,,,,,,,
3,5584,781.9,-318.8265264,-41.40758028,,,,,,,,
3,5585,782.04,-320.1453686,-40.43547597,,,,,,,,
3,5586,782.18,-321.7745423,-40.12439967,,,,,,,,
3,5587,782.32,-322.7442503,-39.34671622,,,,,,,,
3,5588,782.46,-324.5091736,-40.47435868,,,,,,,,
3,5589,782.6,-325.5758882,-38.49126369,,,,,,,,
3,5590,782.74,-327.0886838,-38.76345363,,,,,,,,
3,5591,782.88,-328.5820782,-39.15229536,,,,,,,,
3,5592,783.02,-329.7069669,-38.95787449,,,,,,,,
3,5593,783.16,-331.3749135,-40.55212776,,,,,,,,
3,5594,783.3,-332.926482,-40.86320041,,,,,,,,
3,5595,783.44,-334.1677487,-41.40758028,,,,,,,,
3,5596,783.58,-335.6417418,-41.79642201,,,,,,,,
3,5597,783.72,-336.9799852,-42.14637738,,,,,,,,
3,5598,783.86,-338.3958042,-41.99084287,,,,,,,,
3,5599,784,-339.966774,-41.67977022,,,,,,,,
3,5600,784.14,-341.1304653,-41.21315942,,,,,,,,
3,5601,784.28,-342.5074816,-39.85221338,,,,,,,,
3,5602,784.42,-344.0978527,-41.40758028,,,,,,,,
3,5603,784.56,-345.3972936,-40.74654862,,,,,,,,
3,5604,784.7,-346.6773331,-41.25204214,,,,,,,,
3,5605,784.84,-348.151356,-43.15736805,,,,,,,,
3,5606,784.98,-349.6835232,-42.18526374,,,,,,,,
3,5607,785.12,-351.0217667,-42.18526374,,,,,,,,
3,5608,785.26,-352.2824049,-42.80740905,,,,,,,,
3,5609,785.4,-353.4654975,-41.21315942,,,,,,,,
3,5610,785.54,-355.1140428,-43.04071626,,,,,,,,
3,5611,785.68,-356.549263,-43.77951336,,,,,,,,
3,5612,785.82,-357.906878,-43.93505151,,,,,,,,
3,5613,785.96,-359.5748246,-44.5183141,,,,,,,,
3,5614,786.1,-360.7772887,-42.53521911,,,,,,,,
3,5615,786.24,-362.0961308,-43.00182991,,,,,,,,
3,5616,786.38,-363.6477292,-43.74063064,,,,,,,,
3,5617,786.52,-364.8501933,-42.3796846,,,,,,,,
3,5618,786.66,-366.2466109,-43.85728244,,,,,,,,
3,5619,786.8,-367.5848544,-43.89616879,,,,,,,,
3,5620,786.94,-369.2915738,-44.09058965,,,,,,,,
3,5621,787.08,-370.6298172,-45.37376662,,,,,,,,
3,5622,787.22,-372.0262349,-46.07368101,,,,,,,,
3,5623,787.36,-373.1899261,-43.77951336,,,,,,,,
3,5624,787.5,-374.8384714,-43.77951336,,,,,,,,
3,5625,787.64,-376.4094412,-45.41264934,,,,,,,,
3,5626,787.78,-377.3597777,-44.20724144,,,,,,,,
3,5627,787.92,-378.8725734,-45.76260835,,,,,,,,
3,5628,788.06,-380.1138401,-45.29599755,,,,,,,,
3,5629,788.2,-381.8399608,-46.92913353,,,,,,,,
3,5630,788.34,-383.2169771,-46.6569436,,,,,,,,
3,5631,788.48,-384.632796,-45.99591193,,,,,,,,
3,5632,788.62,-386.1067891,-45.9181465,,,,,,,,
3,5633,788.76,-387.4062598,-46.57917816,,,,,,,,
3,5634,788.9,-388.8802528,-46.92913353,,,,,,,,
3,5635,789.04,-390.4512227,-48.01788964,,,,,,,,
3,5636,789.18,-391.6536868,-47.90123785,,,,,,,,
3,5637,789.32,-393.1276798,-49.6121429,,,,,,,,
3,5638,789.46,-394.3689466,-47.43462705,,,,,,,,
3,5639,789.6,-395.70719,-48.17342779,,,,,,,,
3,5640,789.74,-396.8320787,-46.1903328,,,,,,,,
3,5641,789.88,-398.7521529,-48.17342779,,,,,,,,
3,5642,790.02,-399.9352455,-48.17342779,,,,,,,,
3,5643,790.16,-401.6807675,-49.88433284,,,,,,,,
3,5644,790.3,-402.6892781,-47.86235513,,,,,,,,
3,5645,790.44,-404.0275216,-47.86235513,,,,,,,,
3,5646,790.58,-405.734241,-48.95111124,,,,,,,,
3,5647,790.72,-406.8397582,-48.25119686,,,,,,,,
3,5648,790.86,-408.1003964,-49.1455321,,,,,,,,
3,5649,791,-409.7489715,-48.52338679,,,,,,,,
3,5650,791.14,-411.2811387,-51.0119753,,,,,,,,
3,5651,791.28,-412.5224054,-49.88433284,,,,,,,,
3,5652,791.42,-414.1709507,-51.63412061,,,,,,,,
3,5653,791.56,-415.5091941,-49.88433284,,,,,,,,
3,5654,791.7,-416.7504609,-51.40081703,,,,,,,,
3,5655,791.84,-418.069303,-49.65102562,,,,,,,,
3,5656,791.98,-419.5820689,-51.2841616,,,,,,,,
3,5657,792.12,-420.959115,-49.88433284,,,,,,,,
3,5658,792.26,-422.4912822,-52.37292135,,,,,,,,
3,5659,792.4,-423.6355722,-49.80656377,,,,,,,,
3,5660,792.54,-425.1095653,-50.97308895,,,,,,,,
3,5661,792.68,-426.4090061,-51.2841616,,,,,,,,
3,5662,792.82,-428.1739295,-51.67300696,,,,,,,,
3,5663,792.96,-429.1048944,-49.76768105,,,,,,,,
3,5664,793.1,-430.9085906,-52.48957314,,,,,,,,
3,5665,793.24,-432.1692586,-52.13961413,,,,,,,,
3,5666,793.38,-433.6432517,-53.81163646,,,,,,,,
3,5667,793.52,-435.0008667,-52.25626956,,,,,,,,
3,5668,793.66,-436.1257851,-51.24527888,,,,,,,,
3,5669,793.8,-437.8519058,-52.64511128,,,,,,,,
3,5670,793.94,-439.1319454,-53.18948752,,,,,,,,
3,5671,794.08,-440.3344393,-52.95618394,,,,,,,,
3,5672,794.22,-441.9829845,-55.67807602,,,,,,,,
3,5673,794.36,-443.5151517,-55.60030695,,,,,,,,
3,5674,794.5,-444.6982443,-54.70597171,,,,,,,,
3,5675,794.64,-446.2692142,-55.44477244,,,,,,,,
3,5676,794.78,-447.4135041,-53.11171844,,,,,,,,
3,5677,794.92,-448.5771954,-53.53944653,,,,,,,,
3,5678,795.06,-450.4972696,-55.25035158,,,,,,,,
3,5679,795.2,-451.9130588,-56.02803503,,,,,,,,
3,5680,795.34,-453.07675,-57.00013935,,,,,,,,
3,5681,795.48,-454.6283185,-55.63919331,,,,,,,,
3,5682,795.62,-455.966562,-56.61129762,,,,,,,,
3,5683,795.76,-457.4599564,-57.73894009,,,,,,,,
3,5684,795.9,-458.7400258,-55.71696238,,,,,,,,
3,5685,796.04,-460.2140188,-58.01112638,,,,,,,,
3,5686,796.18,-461.3001049,-55.67807602,,,,,,,,
3,5687,796.32,-463.1038308,-58.43885447,,,,,,,,
3,5688,796.46,-464.3838704,-59.83868323,,,,,,,,
3,5689,796.6,-465.6445384,-58.74992712,,,,,,,,
3,5690,796.74,-467.4676359,-59.1776552,,,,,,,,
3,5691,796.88,-468.8252509,-58.82769619,,,,,,,,
3,5692,797.02,-469.9695408,-60.96632569,,,,,,,,
3,5693,797.16,-471.4435637,-61.47182285,,,,,,,,
3,5694,797.3,-472.7430046,-59.48872786,,,,,,,,
3,5695,797.44,-474.1006196,-60.26641131,,,,,,,,
3,5696,797.58,-475.7879674,-60.73302211,,,,,,,,
3,5697,797.72,-476.9128561,-59.68314872,,,,,,,,
3,5698,797.86,-478.4450531,-60.69413575,,,,,,,,
3,5699,798,-479.6281159,-60.69413575,,,,,,,,
3,5700,798.14,-481.1215103,-61.78289186,,,,,,,,
3,5701,798.28,-482.4015796,-62.67723074,,,,,,,,
3,5702,798.42,-483.9919209,-63.61045234,,,,,,,,
3,5703,798.56,-485.1944149,-62.56057532,,,,,,,,
3,5704,798.7,-486.7653847,-61.16074655,,,,,,,,
3,5705,798.84,-488.0842268,-63.96041135,,,,,,,,
3,5706,798.98,-489.4612432,-63.02718975,,,,,,,,
3,5707,799.12,-491.032213,-64.73809481,,,,,,,,
3,5708,799.26,-492.2346771,-64.62143938,,,,,,,,
3,5709,799.4,-493.5923219,-64.62143938,,,,,,,,
3,5710,799.54,-495.182693,-65.51577826,,,,,,,,
3,5711,799.68,-496.4821339,-66.215689,,,,,,,,
3,5712,799.82,-498.0337024,-65.12693653,,,,,,,,
3,5713,799.96,-499.2943704,-66.44899986,,,,,,,,
3,5714,800.1,-500.3998876,-64.27148037,,,,,,,,
3,5715,800.24,-501.9901991,-65.67131641,,,,,,,,
3,5716,800.38,-503.5223961,-67.30444875,,,,,,,,
3,5717,800.52,-504.6473145,-66.09904085,,,,,,,,
3,5718,800.66,-506.1600804,-67.49886961,,,,,,,,
3,5719,800.8,-507.8086257,-69.17089195,,,,,,,,
3,5720,800.94,-509.1856718,-71.19286602,,,,,,,,
3,5721,801.08,-510.620892,-75.159056,,,,,,,,
3,5722,801.22,-511.8815303,-74.2258344,,,,,,,,
3,5723,801.36,-513.3942962,-76.75330562,,,,,,,,
3,5724,801.5,-514.8489475,-76.05339488,,,,,,,,
3,5725,801.64,-516.1483884,-74.92575241,,,,,,,,
3,5726,801.78,-517.3508525,-76.05339488,,,,,,,,
3,5727,801.92,-518.9412236,-75.70343587,,,,,,,,
3,5728,802.06,-520.2018619,-79.04747326,,,,,,,,
3,5729,802.2,-521.617651,-78.93082511,,,,,,,,
3,5730,802.34,-523.1886506,-78.38644524,,,,,,,,
3,5731,802.48,-524.7208476,-79.04747326,,,,,,,,
3,5732,802.62,-525.826335,-80.21399844,,,,,,,,
3,5733,802.76,-527.4748802,-81.26387547,,,,,,,,
3,5734,802.9,-528.5803676,-80.21399844,,,,,,,,
3,5735,803.04,-530.1513672,-79.94181215,,,,,,,,
3,5736,803.18,-531.4701796,-82.23597979,,,,,,,,
3,5737,803.32,-532.7696204,-83.20808411,,,,,,,,
3,5738,803.46,-534.127295,-82.43040065,,,,,,,,
3,5739,803.6,-535.8340144,-85.38559632,,,,,,,,
3,5740,803.74,-537.0752811,-86.08551434,,,,,,,,
3,5741,803.88,-538.5686755,-87.05761866,,,,,,,,
3,5742,804.02,-540.0814414,-86.82431508,,,,,,,,
3,5743,804.16,-541.2063599,-88.30190927,,,,,,,,
3,5744,804.3,-542.8937078,-89.11848272,,,,,,,,
3,5745,804.44,-543.9603925,-88.80740643,,,,,,,,
3,5746,804.58,-545.4537868,-89.11848272,,,,,,,,
3,5747,804.72,-546.6368794,-89.15736544,,,,,,,,
3,5748,804.86,-548.401773,-91.87925752,,,,,,,,
3,5749,805,-549.6430397,-91.72371938,,,,,,,,
3,5750,805.14,-551.0588884,-93.08466542,,,,,,,,
3,5751,805.28,-552.6104569,-93.20132085,,,,,,,,
3,5752,805.42,-553.8517237,-95.22329492,,,,,,,,
3,5753,805.56,-555.345118,-94.83445319,,,,,,,,
3,5754,805.7,-556.7415357,-96.70089639,,,,,,,,
3,5755,805.84,-558.2736731,-97.63411799,,,,,,,,
3,5756,805.98,-559.3985915,-96.81755182,,,,,,,,
3,5757,806.12,-561.1441135,-99.65609206,,,,,,,,
3,5758,806.26,-562.4435544,-99.26725033,,,,,,,,
3,5759,806.4,-563.7041926,-100.5893137,,,,,,,,
3,5760,806.54,-565.2945638,-104.5166209,,,,,,,,
3,5761,806.68,-566.4000511,-101.4836525,,,,,,,,
3,5762,806.82,-568.087399,-105.9942151,,,,,,,,
3,5763,806.96,-569.5226192,-104.9054626,,,,,,,,
3,5764,807.1,-570.6281066,-106.8107886,,,,,,,,
3,5765,807.24,-572.4900365,-110.1159432,,,,,,,,
3,5766,807.38,-573.5761523,-108.2883828,,,,,,,,
3,5767,807.52,-575.0889182,-109.9604051,,,,,,,,
3,5768,807.66,-576.3883591,-109.7659842,,,,,,,,
3,5769,807.8,-577.7266026,-110.7769713,,,,,,,,
3,5770,807.94,-579.2005658,-114.6653885,,,,,,,,
3,5771,808.08,-580.7327628,-114.8986994,,,,,,,,
3,5772,808.22,-581.7412734,-114.6265058,,,,,,,,
3,5773,808.36,-583.4286213,-116.8040253,,,,,,,,
3,5774,808.5,-585.1547718,-119.6036828,,,,,,,,
3,5775,808.64,-586.202085,-120.420249,,,,,,,,
3,5776,808.78,-587.7924562,-120.0314073,,,,,,,,
3,5777,808.92,-588.8591409,-123.8031837,,,,,,,,
3,5778,809.06,-590.1392102,-123.9198318,,,,,,,,
3,5779,809.2,-591.9041038,-126.8361375,,,,,,,,
3,5780,809.34,-593.3005214,-128.1193254,,,,,,,,
3,5781,809.48,-594.7551727,-129.4413814,,,,,,,,
3,5782,809.62,-595.8606601,-130.8801002,,,,,,,,
3,5783,809.76,-597.548008,-132.7076607,,,,,,,,
3,5784,809.9,-598.4595418,-132.8243088,,,,,,,,
3,5785,810.04,-600.2438664,-136.4405325,,,,,,,,
3,5786,810.18,-601.4075279,-138.0347967,,,,,,,,
3,5787,810.32,-602.8233767,-138.3458584,,,,,,,,
3,5788,810.46,-604.3361425,-140.5233779,,,,,,,,
3,5789,810.6,-605.8295369,-142.1176275,,,,,,,,
3,5790,810.74,-607.4780822,-147.0170391,,,,,,,,
3,5791,810.88,-608.6030006,-146.9392737,,,,,,,,
3,5792,811.02,-610.0769639,-147.4447636,,,,,,,,
3,5793,811.16,-611.2988591,-150.0111248,,,,,,,,
3,5794,811.3,-612.5983,-151.2554154,,,,,,,,
3,5795,811.44,-614.1110659,-154.5605774,,,,,,,,
3,5796,811.58,-615.5269146,-157.0880413,,,,,,,,
3,5797,811.72,-616.9620752,-158.7989536,,,,,,,,
3,5798,811.86,-618.4167266,-161.6374939,,,,,,,,
3,5799,812,-619.5997596,-162.0652183,,,,,,,,
3,5800,812.14,-621.2483644,-168.8310731,,,,,,,,
3,5801,812.28,-622.5283742,-168.2089205,,,,,,,,
3,5802,812.42,-624.2157221,-171.7862615,,,,,,,,
3,5803,812.56,-625.3212094,-173.613822,,,,,,,,
3,5804,812.7,-627.0473599,-176.9967494,,,,,,,,
3,5805,812.84,-628.0753016,-178.7465299,,,,,,,,
3,5806,812.98,-629.7044158,-182.6738444,,,,,,,,
3,5807,813.12,-630.9651136,-251.3433283,,,,,,,,
3,5808,813.26,-632.3032975,-229.568177,,,,,,,,
3,5809,813.4,-633.7191463,-223.6577711,,,,,,,,
3,5810,813.54,-634.785831,-221.2469553,,,,,,,,
3,5811,813.68,-636.3762021,-223.6966538,,,,,,,,
3,5812,813.82,-637.9277706,-225.2520208,,,,,,,,
3,5813,813.96,-639.5181417,-228.868259,,,,,,,,
3,5814,814.1,-640.7982111,-231.0846612,,,,,,,,
3,5815,814.24,-642.2916055,-234.2731605,,,,,,,,
3,5816,814.38,-643.3195472,-236.4506799,,,,,,,,
3,5817,814.52,-645.0456381,-239.9502555,,,,,,,,
3,5818,814.66,-646.2287307,-244.2663827,,,,,,,,
3,5819,814.8,-647.7609277,-246.4827849,,,,,,,,
3,5820,814.94,-649.2736936,-251.1488856,,,,,,,,
3,5821,815.08,-650.5343318,-253.8319095,,,,,,,,
3,5822,815.22,-651.8532038,-258.2647139,,,,,,,,
3,5823,815.36,-653.4629464,-262.036483,,,,,,,,
3,5824,815.5,-654.859364,-266.6248183,,,,,,,,
3,5825,815.64,-656.216979,-270.7854146,,,,,,,,
3,5826,815.78,-657.4000716,-273.546204,,,,,,,,
3,5827,815.92,-658.7964892,-277.317944,,,,,,,,
3,5828,816.06,-660.4838371,-283.8893852,,,,,,,,
3,5829,816.2,-661.8802547,-288.4777205,,,,,,,,
3,5830,816.34,-663.1603241,-290.8496535,,,,,,,,
3,5831,816.48,-664.4985676,-295.5935197,,,,,,,,
3,5832,816.62,-665.81738,-299.0542271,,,,,,,,
3,5833,816.76,-667.3302054,-304.8479557,,,,,,,,
3,5834,816.9,-668.7847972,-310.7194789,,,,,,,,
3,5835,817.04,-669.9872613,-312.663673,,,,,,,,
3,5836,817.18,-671.5194583,-317.1353601,,,,,,,,
3,5837,817.32,-673.0322242,-322.7346751,,,,,,,,
3,5838,817.46,-674.4092703,-328.6061983,,,,,,,,
3,5839,817.6,-675.8056879,-333.00012,,,,,,,,
3,5840,817.74,-677.2990823,-336.499681,,,,,,,,
3,5841,817.88,-678.3851385,-341.3213417,,,,,,,,
3,5842,818.02,-679.9755096,-346.7651259,,,,,,,,
3,5843,818.16,-681.3137531,-350.4980123,,,,,,,,
3,5844,818.3,-683.001101,-357.1860725,,,,,,,,
3,5845,818.44,-684.1065884,-358.5081431,,,,,,,,
3,5846,818.58,-685.464263,-366.0127986,,,,,,,,
3,5847,818.72,-687.0740056,-371.7676445,,,,,,,,
3,5848,818.86,-688.4122491,-375.7338272,,,,,,,,
3,5849,819,-689.9056435,-381.099846,,,,,,,,
3,5850,819.14,-690.9529567,-385.9603894,,,,,,,,
3,5851,819.28,-692.5433278,-389.7321585,,,,,,,,
3,5852,819.42,-694.0948963,-395.0204118,,,,,,,,
3,5853,819.56,-695.6076622,-399.6476298,,,,,,,,
3,5854,819.7,-696.8101263,-405.9468629,,,,,,,,
3,5855,819.84,-698.2841492,-409.6408666,,,,,,,,
3,5856,819.98,-699.370265,-414.1514073,,,,,,,,
3,5857,820.12,-700.8830309,-418.817508,,,,,,,,
3,5858,820.26,-702.3957968,-425.1945356,,,,,,,,
3,5859,820.4,-703.6952972,-429.2773665,,,,,,,,
3,5860,820.54,-705.0334811,-435.4599514,,,,,,,,
3,5861,820.68,-706.6626549,-439.5038995,,,,,,,,
3,5862,820.82,-707.826376,-442.2646889,,,,,,,,
3,5863,820.96,-709.5524669,-449.7304617,,,,,,,,
3,5864,821.1,-710.6967568,-451.9079812,,,,,,,,
3,5865,821.24,-712.3064995,-459.490373,,,,,,,,
3,5866,821.38,-713.4314179,-462.2122797,,,,,,,,
3,5867,821.52,-715.1575685,-469.8724661,,,,,,,,
3,5868,821.66,-716.5927291,-473.7608833,,,,,,,,
3,5869,821.8,-717.9116011,-478.6213976,,,,,,,,
3,5870,821.94,-719.2304134,-483.3263811,,,,,,,,
3,5871,822.08,-720.5299139,-487.409241,,,,,,,,
3,5872,822.22,-722.1396565,-493.4362951,,,,,,,,
3,5873,822.36,-723.0318189,-496.2359671,,,,,,,,
3,5874,822.5,-724.9324918,-504.4793943,,,,,,,,
3,5875,822.64,-725.9604335,-507.6290108,,,,,,,,
3,5876,822.78,-727.4538279,-510.0787384,,,,,,,,
3,5877,822.92,-729.2380929,-517.9722211,,,,,,,,
3,5878,823.06,-730.4599881,-521.2773685,,,,,,,,
3,5879,823.2,-731.7788005,-525.2435221,,,,,,,,
3,5880,823.34,-733.117044,-529.9096229,,,,,,,,
3,5881,823.48,-734.6686125,-537.1420993,,,,,,,,
3,5882,823.62,-735.8710766,-539.8251233,,,,,,,,
3,5883,823.76,-737.0736003,-544.7245203,,,,,,,,
3,5884,823.9,-738.6251688,-548.4963185,,,,,,,,
3,5885,824.04,-740.0215864,-552.8124166,,,,,,,,
3,5886,824.18,-741.418004,-558.8783533,,,,,,,,
3,5887,824.32,-743.0471778,-563.0389787,,,,,,,,
3,5888,824.46,-744.3853617,-567.2773696,,,,,,,,
3,5889,824.6,-745.840013,-572.0601184,,,,,,,,
3,5890,824.74,-747.1200228,-577.737228,,,,,,,,
3,5891,824.88,-748.4776974,-580.381311,,,,,,,,
3,5892,825.02,-749.7577071,-587.3416085,,,,,,,,
3,5893,825.16,-751.3675094,-591.8132956,,,,,,,,
3,5894,825.3,-752.6863217,-596.2461,,,,,,,,
3,5895,825.44,-754.2185187,-597.9958805,,,,,,,,
3,5896,825.58,-755.4403543,-603.6340492,,,,,,,,
3,5897,825.72,-757.0307255,-607.9890882,,,,,,,,
3,5898,825.86,-758.2138181,-610.7498775,,,,,,,,
3,5899,826,-759.8429918,-617.9434713,,,,,,,,
3,5900,826.14,-761.0648274,-620.3153753,,,,,,,,
3,5901,826.28,-762.5194192,-625.0981241,,,,,,,,
3,5902,826.42,-763.8770938,-628.4810952,,,,,,,,
3,5903,826.56,-765.2928829,-634.5081492,,,,,,,,
3,5904,826.7,-766.8056488,-639.9130216,,,,,,,,
3,5905,826.84,-768.1826949,-641.8572157,,,,,,,,
3,5906,826.98,-769.773066,-648.8563959,,,,,,,,
3,5907,827.12,-770.9949613,-652.6281359,,,,,,,,
3,5908,827.26,-772.3525763,-655.3889252,,,,,,,,
3,5909,827.4,-773.6132145,-659.9772605,,,,,,,,
3,5910,827.54,-775.3005624,-664.7600094,,,,,,,,
3,5911,827.68,-776.5418291,-668.9206348,,,,,,,,
3,5912,827.82,-777.8606415,-671.836955,,,,,,,,
3,5913,827.96,-779.2183161,-676.2308767,,,,,,,,
3,5914,828.1,-780.6147337,-680.3914439,,,,,,,,
3,5915,828.24,-782.088697,-684.9797792,,,,,,,,
3,5916,828.38,-783.6984992,-688.2071611,,,,,,,,
3,5917,828.52,-785.1336598,-692.8343792,,,,,,,,
3,5918,828.66,-786.1809731,-697.6949517,,,,,,,,
3,5919,828.8,-787.5773907,-701.1556299,,,,,,,,
3,5920,828.94,-788.9932394,-705.2773726,,,,,,,,
3,5921,829.08,-790.5448079,-711.1488376,,,,,,,,
3,5922,829.22,-791.9024229,-712.9764417,,,,,,,,
3,5923,829.36,-793.2600975,-719.2367921,,,,,,,,
3,5924,829.5,-794.7146893,-720.3643909,,,,,,,,
3,5925,829.64,-796.0529327,-724.7583126,,,,,,,,
3,5926,829.78,-797.701478,-731.8352582,,,,,,,,
3,5927,829.92,-798.9621162,-734.9848747,,,,,,,,
3,5928,830.06,-800.2421856,-739.0677347,,,,,,,,
3,5929,830.2,-802.0652533,-744.7836688,,,,,,,,
3,5930,830.34,-803.1707406,-745.0169651,,,,,,,,
3,5931,830.48,-804.6835661,-751.4717872,,,,,,,,
3,5932,830.62,-805.6532741,-752.4827379,,,,,,,,
3,5933,830.76,-807.2048426,-757.2654868,,,,,,,,
3,5934,830.9,-808.7176681,-763.0203618,,,,,,,,
3,5935,831.04,-810.2110624,-765.1200867,,,,,,,,
3,5936,831.18,-811.6850257,-769.708422,,,,,,,,
3,5937,831.32,-813.0038977,-771.2249062,,,,,,,,
3,5938,831.46,-814.4196868,-778.7295617,,,,,,,,
3,5939,831.6,-815.7191277,-780.4404595,,,,,,,,
3,5940,831.74,-816.9022202,-783.0068353,,,,,,,,
3,5941,831.88,-818.6671734,-763.836957,,,,,,,,
3,5942,832.02,-819.889009,-726.4692103,,,,,,,,
3,5943,832.16,-821.4793801,-727.8301637,,,,,,,,
3,5944,832.3,-822.7206469,-734.362693,,,,,,,,
3,5945,832.44,-824.0782619,-736.4624762,,,,,,,,
3,5946,832.58,-825.7074356,-741.5951695,,,,,,,,
3,5947,832.72,-826.8905282,-745.8335604,,,,,,,,
3,5948,832.86,-828.0153871,-746.8445692,,,,,,,,
3,5949,833,-829.4312358,-751.3161981,,,,,,,,
3,5950,833.14,-830.9051991,-754.426932,,,,,,,,
3,5951,833.28,-832.5150013,-757.0710732,,,,,,,,
3,5952,833.42,-833.9889646,-761.309464,,,,,,,,
3,5953,833.56,-835.4629874,-765.392324,,,,,,,,
3,5954,833.7,-836.8206024,-924.2342203,,,,,,,,
3,5955,833.84,-838.3527994,-946.5148323,,,,,,,,
3,5956,833.98,-839.3225074,-944.0262802,,,,,,,,
3,5957,834.12,-840.7383561,-942.8208577,,,,,,,,
3,5958,834.26,-842.4062729,-942.5875614,,,,,,,,
3,5959,834.4,-843.5893655,-942.3542651,,,,,,,,
3,5960,834.54,-845.2379107,-944.7261691,,,,,,,,
3,5961,834.68,-846.5955257,-945.737178,,,,,,,,
3,5962,834.82,-847.9725718,-948.8090291,,,,,,,,
3,5963,834.96,-849.388361,-948.3424365,,,,,,,,
3,5964,835.1,-850.7654071,-949.3145044,,,,,,,,
3,5965,835.24,-852.1618247,-952.1919419,,,,,,,,
3,5966,835.38,-853.5776138,-952.5807691,,,,,,,,
3,5967,835.52,-855.0904393,-955.3415584,,,,,,,,
3,5968,835.66,-856.1765552,-954.6027868,,,,,,,,
3,5969,835.8,-857.7862978,-959.618832,,,,,,,,
3,5970,835.94,-859.0663671,-961.018668,,,,,,,,
3,5971,836.08,-860.6179357,-961.290847,,,,,,,,
3,5972,836.22,-861.936748,-965.8402996,,,,,,,,
3,5973,836.36,-863.3331656,-968.0566727,,,,,,,,
3,5974,836.5,-864.7877574,-969.3009779,,,,,,,,
3,5975,836.64,-866.1648035,-973.2671897,,,,,,,,
3,5976,836.78,-867.5612211,-974.5892603,,,,,,,,
3,5977,836.92,-868.7831163,-976.7279262,,,,,,,,
3,5978,837.06,-870.3346848,-980.4996662,,,,,,,,
3,5979,837.2,-871.7116714,-981.0440242,,,,,,,,
3,5980,837.34,-873.1468916,-988.1597944,,,,,,,,
3,5981,837.48,-874.4075894,-1010.790467,,,,,,,,
3,5982,837.62,-875.8233786,-1017.284114,,,,,,,,
3,5983,837.76,-877.4137497,-1031.904481,,,,,,,,2000
3,5984,837.9,-878.6743879,-1033.65432,,,,,,,,
3,5985,838.04,-880.1677823,-1035.054098,,,,,,,,
3,5986,838.18,-881.6611767,-1040.381263,,,,,,,,
3,5987,838.32,-883.0382228,-1041.470096,,,,,,,,
3,5988,838.46,-884.4540119,-1044.30865,,,,,,,,
3,5989,838.6,-885.6371045,-1068.922342,,,,,,,,
3,5990,838.74,-887.0723248,-1071.838546,,,,,,,,
3,5991,838.88,-888.72087,-1074.171625,,,,,,,,
3,5992,839.02,-889.8457289,-1075.882581,,,,,,,,
3,5993,839.16,-891.5525079,-1077.360124,,,,,,,,
3,5994,839.3,-892.7161694,-1080.315327,,,,,,,,
3,5995,839.44,-894.3647146,-1084.476011,,,,,,,,
3,5996,839.58,-895.5090046,-1083.814888,,,,,,,,
3,5997,839.72,-896.9054222,-1086.808974,,,,,,,,
3,5998,839.86,-898.3212709,-1089.530881,,,,,,,,
3,5999,840,-899.3103504,-1088.908757,,,,,,,,
