Segment,Point,Elapsed Time (s),Potential (V),Current (A),Frequency (Hz),|Z| (ohms),Zre (ohms),Zim (ohms),Phase of Z (deg),ActionId
0,1,0.29932,0.493656903505325,-1.93217559285586E-07,0,0,0,0,0,38
0,2,0.44898,0.492338061332703,-8.94631568826298E-08,0,0,0,0,0,38
0,3,0.59864,0.490844666957855,-2.05853538659539E-07,0,0,0,0,0,38
0,4,0.7483,0.489545226097107,-8.57689030908659E-08,0,0,0,0,0,38
0,5,0.89796,0.487819105386734,-5.26802281797245E-08,0,0,0,0,0,38
0,6,1.04762,0.486383885145187,-7.3409310630268E-08,0,0,0,0,0,38
0,7,1.19728,0.484948664903641,-1.8250072741921E-07,0,0,0,0,0,38
0,8,1.34694,0.483319520950317,-3.03745686380807E-08,0,0,0,0,0,38
0,9,1.4966,0.48198127746582,-5.59890942497532E-08,0,0,0,0,0,38
0,10,1.64626,0.480487883090973,-1.0651355353275E-07,0,0,0,0,0,38
0,11,1.79592,0.478994488716125,-1.21165996347372E-07,0,0,0,0,0,38
0,12,1.94558,0.477365344762802,-1.86380710864853E-09,0,0,0,0,0,38
0,13,2.09524,0.475910723209381,-2.64584247844368E-08,0,0,0,0,0,38
0,14,2.2449,0.474262177944183,-7.86412144293536E-08,0,0,0,0,0,38
0,15,2.39456,0.473020911216736,-9.79182885885166E-08,0,0,0,0,0,38
0,16,2.54422,0.471449941396713,-1.69366725089048E-08,0,0,0,0,0,38
0,17,2.69388,0.470169901847839,-6.83409027146809E-08,0,0,0,0,0,38
0,18,2.84354,0.468230426311493,-1.15194467298352E-07,0,0,0,0,0,38
0,19,2.9932,0.466775834560394,-1.02005706992259E-07,0,0,0,0,0,38
0,20,3.14286,0.465476363897324,1.88494531094818E-09,0,0,0,0,0,38
0,21,3.29252,0.463769644498825,-8.58350830412746E-08,0,0,0,0,0,38
0,22,3.44218,0.462295651435852,-1.32906635030849E-07,0,0,0,0,0,38
0,23,3.59184,0.46078285574913,-7.39309413688716E-08,0,0,0,0,0,38
0,24,3.7415,0.459367036819458,-1.88519226895778E-08,0,0,0,0,0,38
0,25,3.89116,0.457990020513535,-4.63972718023342E-08,0,0,0,0,0,38
0,26,4.04082,0.456593602895737,-1.30236188056188E-07,0,0,0,0,0,38
0,27,4.19048,0.455061405897141,1.24652843602746E-09,0,0,0,0,0,38
0,28,4.34014,0.453548640012741,-4.26173762946291E-08,0,0,0,0,0,38
0,29,4.4898,0.45209401845932,-1.03955997587946E-07,0,0,0,0,0,38
0,30,4.63946,0.450193345546722,-2.68399187319801E-08,0,0,0,0,0,38
0,31,4.78912,0.448932677507401,-2.17909761346391E-08,0,0,0,0,0,38
0,32,4.93878,0.447439283132553,-1.26643143971705E-07,0,0,0,0,0,38
0,33,5.08844,0.445926517248154,-1.54558307485786E-07,0,0,0,0,0,38
0,34,5.2381,0.444782227277756,-5.49691847595568E-08,0,0,0,0,0,38
0,35,5.38776,0.442920327186584,-6.27664320518306E-08,0,0,0,0,0,38
0,36,5.53742,0.441349357366562,-1.00833979388426E-07,0,0,0,0,0,38
0,37,5.68708,0.440146893262863,-1.30415259036454E-07,0,0,0,0,0,38
0,38,5.83674,0.438556522130966,-2.48779539191446E-08,0,0,0,0,0,38
0,39,5.9864,0.437082529067993,-8.74934045214104E-08,0,0,0,0,0,38
0,40,6.13606,0.435395181179047,-1.14194023126402E-07,0,0,0,0,0,38
0,41,6.28572,0.433940559625626,-1.24272446555551E-07,0,0,0,0,0,38
0,42,6.43538,0.432679921388626,1.52680901255309E-09,0,0,0,0,0,38
0,43,6.58504,0.431264102458954,-1.31754376297977E-07,0,0,0,0,0,38
0,44,6.7347,0.429615557193756,-1.47146451467961E-07,0,0,0,0,0,38
0,45,6.88436,0.428063958883286,-9.99542137947174E-08,0,0,0,0,0,38
0,46,7.03402,0.426686942577362,-4.60780640310077E-08,0,0,0,0,0,38
0,47,7.18368,0.42517414689064,-4.99786345642406E-08,0,0,0,0,0,38
0,48,7.33334,0.423700153827667,-1.95950292436464E-07,0,0,0,0,0,38
0,49,7.483,0.422071009874344,-7.18833348400949E-08,0,0,0,0,0,38
0,50,7.63266,0.420674592256546,-2.65557442702402E-08,0,0,0,0,0,38
0,51,7.78232,0.418987244367599,-1.10164990019257E-07,0,0,0,0,0,38
0,52,7.93198,0.417532652616501,-1.68728050198297E-07,0,0,0,0,0,38
0,53,8.08164,0.416310787200928,-3.42673516229297E-08,0,0,0,0,0,38
0,54,8.2313,0.414797991514206,-1.67731499800539E-07,0,0,0,0,0,38
0,55,8.38096,0.413033068180084,-1.13851456262637E-07,0,0,0,0,0,38
0,56,8.53062,0.411520272493362,-1.36511360437908E-07,0,0,0,0,0,38
0,57,8.68028,0.409929901361465,-7.90577416864835E-08,0,0,0,0,0,38
0,58,8.82994,0.408805012702942,-1.14770152492838E-07,0,0,0,0,0,38
0,59,8.9796,0.407175868749619,-1.88557905289599E-07,0,0,0,0,0,38
0,60,9.12926,0.405837625265121,-1.04824088964506E-07,0,0,0,0,0,38
0,61,9.27892,0.404189079999924,1.12704503507643E-08,0,0,0,0,0,38
0,62,9.42858,0.402521133422852,-1.40781750701535E-07,0,0,0,0,0,38
0,63,9.57824,0.401338040828705,-2.33017402706537E-07,0,0,0,0,0,38
0,64,9.7279,0.399650722742081,-1.27452850051668E-07,0,0,0,0,0,38
0,65,9.87756,0.398002147674561,-4.70084380310709E-08,0,0,0,0,0,38
0,66,10.02722,0.396916061639786,-1.32513463313444E-07,0,0,0,0,0,38
0,67,10.17688,0.395112335681915,-1.24361974940257E-07,0,0,0,0,0,38
0,68,10.32654,0.393599569797516,-9.04324579664717E-08,0,0,0,0,0,38
0,69,10.4762,0.392047971487045,-1.74139017872221E-07,0,0,0,0,0,38
0,70,10.62586,0.390593379735947,-1.69456001231083E-07,0,0,0,0,0,38
0,71,10.77552,0.389449089765549,-1.49053917652964E-07,0,0,0,0,0,38
0,72,10.92518,0.387645393610001,-7.36117371502587E-08,0,0,0,0,0,38
0,73,11.07484,0.38593864440918,-1.49458770692945E-07,0,0,0,0,0,38
0,74,11.2245,0.384852558374405,-1.9738284606774E-07,0,0,0,0,0,38
0,75,11.37416,0.38312640786171,-1.39578872904167E-07,0,0,0,0,0,38
0,76,11.52382,0.38186576962471,-1.28893177020473E-07,0,0,0,0,0,38
0,77,11.67348,0.380120247602463,-1.51268906734003E-07,0,0,0,0,0,38
0,78,11.82314,0.378685027360916,-2.46443619289494E-07,0,0,0,0,0,38
0,79,11.9728,0.37715283036232,-1.44417612091274E-07,0,0,0,0,0,38
0,80,12.12246,0.375795215368271,-1.2872189358859E-07,0,0,0,0,0,38
0,81,12.27212,0.3741854429245,-1.28282010791736E-07,0,0,0,0,0,38
0,82,12.42178,0.372789025306702,-2.03802045461998E-07,0,0,0,0,0,38
0,83,12.57144,0.371315032243729,-1.02021282089027E-07,0,0,0,0,0,38
0,84,12.7211,0.369491934776306,-1.79160721813787E-07,0,0,0,0,0,38
0,85,12.87076,0.368192493915558,-2.13861000020188E-07,0,0,0,0,0,38
0,86,13.02042,0.36669909954071,-1.94513859241852E-07,0,0,0,0,0,38
0,87,13.17008,0.365205705165863,-1.37212312623092E-08,0,0,0,0,0,38
0,88,13.31974,0.363615334033966,-2.02867781240457E-07,0,0,0,0,0,38
0,89,13.4694,0.362044364213943,-2.64268692262704E-07,0,0,0,0,0,38
0,90,13.61906,0.36066734790802,-2.19567823478428E-07,0,0,0,0,0,38
0,91,13.76872,0.359290301799774,-1.57637501274621E-07,0,0,0,0,0,38
0,92,13.91838,0.357796907424927,-2.37774386846468E-07,0,0,0,0,0,38
0,93,14.06804,0.356187164783478,-2.72256670541537E-07,0,0,0,0,0,38
0,94,14.2177,0.354848921298981,-1.59747401085042E-07,0,0,0,0,0,38
0,95,14.36736,0.353200376033783,-1.47870508726555E-07,0,0,0,0,0,38
0,96,14.51702,0.351765155792236,-2.74386025012063E-07,0,0,0,0,0,38
0,97,14.66668,0.350388139486313,-2.60371990634667E-07,0,0,0,0,0,38
0,98,14.81634,0.348758965730667,-1.94833063460464E-07,0,0,0,0,0,38
0,99,14.966,0.347595304250717,-2.1064946054139E-07,0,0,0,0,0,38
0,100,15.11566,0.345578253269196,-2.81225652543071E-07,0,0,0,0,0,38
0,101,15.26532,0.344298183917999,-2.20463164168905E-07,0,0,0,0,0,38
0,102,15.41498,0.342804789543152,-2.03097457074364E-07,0,0,0,0,0,38
0,103,15.56464,0.341175645589828,-2.1757082890872E-07,0,0,0,0,0,38
0,104,15.7143,0.33987620472908,-3.5346405979908E-07,0,0,0,0,0,38
0,105,15.86396,0.338208258152008,-2.14744673598943E-07,0,0,0,0,0,38
0,106,16.01362,0.336792439222336,-2.56311835755696E-07,0,0,0,0,0,38
0,107,16.16328,0.335143893957138,-3.17564797569503E-07,0,0,0,0,0,38
0,108,16.31294,0.333669900894165,-2.92666555878895E-07,0,0,0,0,0,38
0,109,16.4626,0.332370430231094,-2.24862020559158E-07,0,0,0,0,0,38
0,110,16.61226,0.330818861722946,-2.60266887153193E-07,0,0,0,0,0,38
0,111,16.76192,0.329422444105148,-3.63651480483895E-07,0,0,0,0,0,38
0,112,16.91158,0.327676922082901,-3.20258607189317E-07,0,0,0,0,0,38
0,113,17.06124,0.326222330331802,-2.8145922215117E-07,0,0,0,0,0,38
0,114,17.2109,0.324884086847305,-3.70315945019684E-07,0,0,0,0,0,38
0,115,17.36056,0.323274314403534,-3.96125102497535E-07,0,0,0,0,0,38
0,116,17.51022,0.321877896785736,-3.14524527311733E-07,0,0,0,0,0,38
0,117,17.65988,0.320015996694565,-3.15789691285318E-07,0,0,0,0,0,38
0,118,17.80954,0.31908506155014,-3.37386865112421E-07,0,0,0,0,0,38
0,119,17.9592,0.317436516284943,-4.16756876120417E-07,0,0,0,0,0,38
0,120,18.10886,0.315846145153046,-3.04551235785766E-07,0,0,0,0,0,38
0,121,18.25852,0.314507901668549,-3.24929942507879E-07,0,0,0,0,0,38
0,122,18.40818,0.312781780958176,-3.55819196329321E-07,0,0,0,0,0,38
0,123,18.55784,0.311559915542603,-4.54330034926898E-07,0,0,0,0,0,38
0,124,18.7075,0.309911370277405,-3.28635877622219E-07,0,0,0,0,0,38
0,125,18.85716,0.308514952659607,-3.81772395030566E-07,0,0,0,0,0,38
0,126,19.00682,0.306885778903961,-4.34543011351707E-07,0,0,0,0,0,38
0,127,19.15648,0.305566936731339,-4.17632747939933E-07,0,0,0,0,0,38
0,128,19.30614,0.30395719408989,-3.15556121677218E-07,0,0,0,0,0,38
0,129,19.4558,0.302463799715042,-4.85394480165269E-07,0,0,0,0,0,38
0,130,19.60546,0.301028579473495,-5.23189498835563E-07,0,0,0,0,0,38
0,131,19.75512,0.299496412277222,-4.56070097243355E-07,0,0,0,0,0,38
0,132,19.90478,0.297925442457199,-4.46528900965859E-07,0,0,0,0,0,38
0,133,20.05444,0.296587198972702,-4.95484584916994E-07,0,0,0,0,0,38
0,134,20.2041,0.29517138004303,-5.14730515988049E-07,0,0,0,0,0,38
0,135,20.35376,0.293484032154083,-4.67876930088096E-07,0,0,0,0,0,38
0,136,20.50342,0.29201003909111,-4.54337822475281E-07,0,0,0,0,0,38
0,137,20.65308,0.290633022785187,-5.65243283290329E-07,0,0,0,0,0,38
0,138,20.80274,0.288906872272491,-5.46476144336339E-07,0,0,0,0,0,38
0,139,20.9524,0.287335902452469,-4.90260447350011E-07,0,0,0,0,0,38
0,140,21.10206,0.286152839660645,-5.38889139534149E-07,0,0,0,0,0,38
0,141,21.25172,0.284329742193222,-6.11333859978913E-07,0,0,0,0,0,38
0,142,21.40138,0.282700568437576,-5.86743112762633E-07,0,0,0,0,0,38
0,143,21.55104,0.281556278467178,-5.44315639672277E-07,0,0,0,0,0,38
0,144,21.7007,0.280140489339828,-5.82507766466733E-07,0,0,0,0,0,38
0,145,21.85036,0.278356164693832,-6.80909579386935E-07,0,0,0,0,0,38
0,146,22.00002,0.277095496654511,-6.25663176379021E-07,0,0,0,0,0,38
0,147,22.14968,0.275505125522614,-6.14226166817389E-07,0,0,0,0,0,38
0,148,22.29934,0.27397295832634,-6.34998116311181E-07,0,0,0,0,0,38
0,149,22.449,0.272401988506317,-6.76674233091035E-07,0,0,0,0,0,38
0,150,22.59866,0.270889192819595,-6.33927584203775E-07,0,0,0,0,0,38
0,151,22.74832,0.269550949335098,-6.15950682458788E-07,0,0,0,0,0,38
0,152,22.89798,0.268193334341049,-7.197090212685E-07,0,0,0,0,0,38
0,153,23.04764,0.266447812318802,-7.53673532472021E-07,0,0,0,0,0,38
0,154,23.1973,0.265225946903229,-6.32312094239751E-07,0,0,0,0,0,38
0,155,23.34696,0.263344645500183,-7.30850160834962E-07,0,0,0,0,0,38
0,156,23.49662,0.26187065243721,-8.36056585740153E-07,0,0,0,0,0,38
0,157,23.64628,0.260493636131287,-7.5459223580765E-07,0,0,0,0,0,38
0,158,23.79594,0.259252369403839,-6.88691272898723E-07,0,0,0,0,0,38
0,159,23.9456,0.257526248693466,-7.98043515715108E-07,0,0,0,0,0,38
0,160,24.09526,0.256013453006744,-8.48318848056806E-07,0,0,0,0,0,38
0,161,24.24492,0.254520058631897,-7.77801005824585E-07,0,0,0,0,0,38
0,162,24.39458,0.253104239702225,-8.42452436700114E-07,0,0,0,0,0,38
0,163,24.54424,0.251397520303726,-8.83968994003226E-07,0,0,0,0,0,38
0,164,24.6939,0.249845921993256,-9.39363303587015E-07,0,0,0,0,0,38
0,165,24.84356,0.248565882444382,-8.21626031211053E-07,0,0,0,0,0,38
0,166,24.99322,0.247091874480248,-9.04577348137536E-07,0,0,0,0,0,38
0,167,25.14288,0.245307564735413,-9.30020632949891E-07,0,0,0,0,0,38
0,168,25.29254,0.244163274765015,-9.73269493442785E-07,0,0,0,0,0,38
0,169,25.4422,0.242650493979454,-9.0825216148005E-07,0,0,0,0,0,38
0,170,25.59186,0.241098910570145,-9.29467830701469E-07,0,0,0,0,0,38
0,171,25.74152,0.239644303917885,-1.04935008948814E-06,0,0,0,0,0,38
0,172,25.89118,0.238344863057137,-9.98428504317417E-07,0,0,0,0,0,38
0,173,26.04084,0.23650236427784,-9.97112806544465E-07,0,0,0,0,0,38
0,174,26.1905,0.234873205423355,-1.05801541394612E-06,0,0,0,0,0,38
0,175,26.34016,0.233573764562607,-1.16091337076796E-06,0,0,0,0,0,38
0,176,26.48982,0.232002794742584,-1.11080930764729E-06,0,0,0,0,0,38
0,177,26.63948,0.230936080217361,-1.08995573100401E-06,0,0,0,0,0,38
0,178,26.78914,0.229306921362877,-1.19448475288664E-06,0,0,0,0,0,38
0,179,26.9388,0.227445036172867,-1.2000942888335E-06,0,0,0,0,0,38
0,180,27.08846,0.225990429520607,-1.09542895643244E-06,0,0,0,0,0,38
0,181,27.23812,0.224787950515747,-1.19783646823635E-06,0,0,0,0,0,38
0,182,27.38778,0.223023042082787,-1.30204239212617E-06,0,0,0,0,0,38
0,183,27.53744,0.22158782184124,-1.2680973213719E-06,0,0,0,0,0,38
0,184,27.6871,0.219939276576042,-1.32570278310595E-06,0,0,0,0,0,38
0,185,27.83676,0.218581646680832,-1.27973680719151E-06,0,0,0,0,0,38
0,186,27.98642,0.216991275548935,-1.38824429996021E-06,0,0,0,0,0,38
0,187,28.13608,0.215905174612999,-1.29737884435599E-06,0,0,0,0,0,38
0,188,28.28574,0.213946312665939,-1.36084690893767E-06,0,0,0,0,0,38
0,189,28.4354,0.212666258215904,-1.38609550504043E-06,0,0,0,0,0,38
0,190,28.58506,0.211211651563644,-1.44152477332682E-06,0,0,0,0,0,38
0,191,28.73472,0.209524318575859,-1.37449103476683E-06,0,0,0,0,0,38
0,192,28.88438,0.208089098334312,-1.50210826177499E-06,0,0,0,0,0,38
0,193,29.03404,0.206906020641327,-1.55050338435103E-06,0,0,0,0,0,38
0,194,29.1837,0.20516049861908,-1.52532481934031E-06,0,0,0,0,0,38
0,196,29.48302,0.202115535736084,-1.80137499228294E-06,0,0,0,0,0,38
0,197,29.63268,0.200913056731224,-1.31679962578346E-06,0,0,0,0,0,38
0,198,29.78234,0.199206322431564,-1.79884636963834E-06,0,0,0,0,0,38
0,199,29.932,0.197518989443779,-1.95760935639555E-06,0,0,0,0,0,38
0,200,30.08166,0.196374699473381,-1.66828795045149E-06,0,0,0,0,0,38
0,201,30.23132,0.194726139307022,-1.82747896815272E-06,0,0,0,0,0,38
0,202,30.38098,0.193310335278511,-1.72240197571227E-06,0,0,0,0,0,38
0,203,30.53064,0.191700577735901,-1.36406674755563E-06,0,0,0,0,0,38
0,204,30.6803,0.190323546528816,-1.59196031290776E-06,0,0,0,0,0,38
0,205,30.82996,0.188791364431381,-2.01701413971023E-06,0,0,0,0,0,38
0,206,30.97962,0.187220394611359,-1.73986938989401E-06,0,0,0,0,0,38
0,207,31.12928,0.185765787959099,-2.09976087717223E-06,0,0,0,0,0,38
0,208,31.27894,0.183981478214264,-2.24584141506057E-06,0,0,0,0,0,38
0,209,31.4286,0.182934165000916,-2.10345660889288E-06,0,0,0,0,0,38
0,210,31.57826,0.181363180279732,-2.14364331441175E-06,0,0,0,0,0,38
0,211,31.72792,0.179695248603821,-2.18165155274619E-06,0,0,0,0,0,38
0,212,31.87758,0.178124263882637,-2.12150757761265E-06,0,0,0,0,0,38
0,213,32.02724,0.176592081785202,-1.89011268503236E-06,0,0,0,0,0,38
0,214,32.1769,0.175234451889992,-2.01098418983747E-06,0,0,0,0,0,38
0,215,32.32656,0.173702269792557,-2.4207104161178E-06,0,0,0,0,0,38
0,216,32.47622,0.172247678041458,-2.23370375351806E-06,0,0,0,0,0,38
0,217,32.62588,0.170754283666611,-2.17943397728959E-06,0,0,0,0,0,38
0,218,32.77554,0.169377252459526,-2.55080180977529E-06,0,0,0,0,0,38
0,219,32.9252,0.167806282639503,-2.33761352319561E-06,0,0,0,0,0,38
0,220,33.07486,0.166293486952782,-1.96052701539884E-06,0,0,0,0,0,38
0,221,33.22452,0.164897069334984,-2.75547040473612E-06,0,0,0,0,0,38
0,222,33.37418,0.163481265306473,-2.37916196965671E-06,0,0,0,0,0,38
0,223,33.52384,0.162007257342339,-2.5335289137729E-06,0,0,0,0,0,38
0,224,33.6735,0.160222947597504,-2.46183071794803E-06,0,0,0,0,0,38
0,225,33.82316,0.158535599708557,-2.53271196015703E-06,0,0,0,0,0,38
0,226,33.97282,0.157255560159683,-2.55936060966633E-06,0,0,0,0,0,38
0,227,34.12248,0.155917316675186,-2.45284422817349E-06,0,0,0,0,0,38
0,228,34.27214,0.154346346855164,-3.21468110087153E-06,0,0,0,0,0,38
0,229,34.4218,0.153008118271828,-2.74679496214958E-06,0,0,0,0,0,38
0,230,34.57146,0.151204407215118,-2.71567273557594E-06,0,0,0,0,0,38
0,231,34.72112,0.149866163730621,-2.81040138361277E-06,0,0,0,0,0,38
0,232,34.87078,0.148081853985786,-3.07050663650443E-06,0,0,0,0,0,38
0,233,35.02044,0.146627247333527,-3.25241694554279E-06,0,0,0,0,0,38
0,234,35.1701,0.145308405160904,-3.0538951705239E-06,0,0,0,0,0,38
0,235,35.31976,0.143989562988281,-2.86058616438822E-06,0,0,0,0,0,38
0,236,35.46942,0.142418593168259,-2.96496295959514E-06,0,0,0,0,0,38
0,237,35.61908,0.141235515475273,-3.43584451911738E-06,0,0,0,0,0,38
0,238,35.76874,0.139567568898201,-3.06152014672989E-06,0,0,0,0,0,38
0,239,35.9184,0.138016000390053,-3.16947580358828E-06,0,0,0,0,0,38
0,240,36.06806,0.136231690645218,-3.36963148583891E-06,0,0,0,0,0,38
0,241,36.21772,0.134874060750008,-3.31034334521974E-06,0,0,0,0,0,38
0,242,36.36738,0.133516415953636,-3.29645513374999E-06,0,0,0,0,0,38
0,243,36.51704,0.131596341729164,-3.49279844158445E-06,0,0,0,0,0,38
0,244,36.6667,0.130704194307327,-3.4773538573063E-06,0,0,0,0,0,38
0,245,36.81636,0.128725931048393,-3.59978162123298E-06,0,0,0,0,0,38
0,246,36.96602,0.127426475286484,-3.37181018039701E-06,0,0,0,0,0,38
0,247,37.11568,0.125719740986824,-3.90369177694083E-06,0,0,0,0,0,38
0,248,37.26534,0.124226354062557,-3.96278528569383E-06,0,0,0,0,0,38
0,249,37.415,0.123140253126621,-3.53127347807458E-06,0,0,0,0,0,38
0,250,37.56466,0.121317148208618,-3.28587339026853E-06,0,0,0,0,0,38
0,251,37.71432,0.120463781058788,-3.85556859328062E-06,0,0,0,0,0,38
0,252,37.86398,0.118097625672817,-3.89489969165879E-06,0,0,0,0,0,38
0,253,38.01364,0.116739995777607,-4.18671061197529E-06,0,0,0,0,0,38
0,254,38.1633,0.115770258009434,-4.06342724090791E-06,0,0,0,0,0,38
0,255,38.31296,0.114024735987186,-3.67147981705784E-06,0,0,0,0,0,38
0,256,38.46262,0.112259812653065,-4.20627884523128E-06,0,0,0,0,0,38
0,257,38.61228,0.111076734960079,-4.5945694182592E-06,0,0,0,0,0,38
0,258,38.76194,0.109544552862644,-4.03086551159504E-06,0,0,0,0,0,38
0,259,38.9116,0.108148135244846,-4.325710960984E-06,0,0,0,0,0,38
0,260,39.06126,0.106286242604256,-4.67941663373495E-06,0,0,0,0,0,38
0,261,39.21092,0.104967400431633,-4.28910334449029E-06,0,0,0,0,0,38
0,262,39.36058,0.103629164397717,-4.11547944167978E-06,0,0,0,0,0,38
0,263,39.51024,0.101825460791588,-4.69427777716191E-06,0,0,0,0,0,38
0,264,39.6599,0.100429035723209,-4.61553827335592E-06,0,0,0,0,0,38
0,265,39.80956,0.0990326181054115,-4.37644030171214E-06,0,0,0,0,0,38
0,266,39.95922,0.0973646715283394,-5.22503114552819E-06,0,0,0,0,0,38
0,267,40.10888,0.0956773310899735,-4.88474688609131E-06,0,0,0,0,0,38
0,268,40.25854,0.0945330411195755,-4.63674041384365E-06,0,0,0,0,0,38
0,269,40.4082,0.0930784419178963,-4.79036816614098E-06,0,0,0,0,0,38
0,270,40.55786,0.0916238352656364,-4.75815659228829E-06,0,0,0,0,0,38
0,271,40.70752,0.0900334715843201,-4.93139123136643E-06,0,0,0,0,0,38
0,272,40.85718,0.0884818956255913,-4.97811379318591E-06,0,0,0,0,0,38
0,273,41.00684,0.0869109183549881,-5.03821911479463E-06,0,0,0,0,0,38
0,274,41.1565,0.0856696590781212,-5.36453717359109E-06,0,0,0,0,0,38
0,275,41.30616,0.0839241370558739,-5.52228857486625E-06,0,0,0,0,0,38
0,276,41.45582,0.0823337659239769,-5.36488732905127E-06,0,0,0,0,0,38
0,277,41.60548,0.0809179544448853,-5.19888817507308E-06,0,0,0,0,0,38
0,278,41.75514,0.0792500078678131,-5.23619610248716E-06,0,0,0,0,0,38
0,279,41.9048,0.0782220885157585,-5.37737514605396E-06,0,0,0,0,0,38
0,280,42.05446,0.0767093002796173,-5.35679509994225E-06,0,0,0,0,0,38
0,281,42.20412,0.075351670384407,-5.2964178394177E-06,0,0,0,0,0,38
0,282,42.35378,0.0736643299460411,-5.52792926100665E-06,0,0,0,0,0,38
0,283,42.50344,0.0722097232937813,-5.7222496252507E-06,0,0,0,0,0,38
0,284,42.6531,0.0705999657511711,-5.49984133613179E-06,0,0,0,0,0,38
0,285,42.80276,0.0692229419946671,-5.39764323548297E-06,0,0,0,0,0,38
0,286,42.95242,0.0676131770014763,-5.76193087908905E-06,0,0,0,0,0,38
0,287,43.10208,0.0663331300020218,-6.31450848231907E-06,0,0,0,0,0,38
0,288,43.25174,0.0642966851592064,-5.69645726500312E-06,0,0,0,0,0,38
0,289,43.4014,0.0632299706339836,-5.82510938329506E-06,0,0,0,0,0,38
0,290,43.55106,0.061387475579977,-6.01336068939418E-06,0,0,0,0,0,38
0,291,43.70072,0.0599522665143013,-6.02005184191512E-06,0,0,0,0,0,38
0,292,43.85038,0.0582843199372292,-6.11221321378252E-06,0,0,0,0,0,38
0,293,44.00004,0.0573533736169338,-6.21468370809453E-06,0,0,0,0,0,38
0,294,44.1497,0.0556466393172741,-6.01841793468338E-06,0,0,0,0,0,38
0,295,44.29936,0.0540174841880798,-5.7968659348262E-06,0,0,0,0,0,38
0,296,44.44902,0.0526016689836979,-6.41052110950113E-06,0,0,0,0,0,38
0,297,44.59868,0.0513604059815407,-6.37858192931162E-06,0,0,0,0,0,38
0,298,44.74834,0.049653671681881,-6.33975650998764E-06,0,0,0,0,0,38
0,299,44.898,0.0479857251048088,-6.5697122408892E-06,0,0,0,0,0,38
0,300,45.04766,0.0466668866574764,-6.63643095322186E-06,0,0,0,0,0,38
0,301,45.19732,0.0453092567622662,-6.30069826002E-06,0,0,0,0,0,38
0,302,45.34698,0.043796468526125,-6.29365649729152E-06,0,0,0,0,0,38
0,303,45.49664,0.0423030741512775,-6.91205832481501E-06,0,0,0,0,0,38
0,304,45.6463,0.0405963398516178,-6.75002729622065E-06,0,0,0,0,0,38
0,305,45.79596,0.0390253700315952,-6.48813238512957E-06,0,0,0,0,0,38
0,306,45.94562,0.0375707633793354,-7.0002124630264E-06,0,0,0,0,0,38
0,307,46.09528,0.0360967665910721,-6.9292923399189E-06,0,0,0,0,0,38
0,308,46.24494,0.0349136888980865,-7.01546241543838E-06,0,0,0,0,0,38
0,309,46.3946,0.0329742170870304,-6.45650470687542E-06,0,0,0,0,0,38
0,310,46.54426,0.031752347946167,-7.01538465364138E-06,0,0,0,0,0,38
0,311,46.69392,0.0301231928169727,-7.11085249349708E-06,0,0,0,0,0,38
0,312,46.84358,0.0287073794752359,-7.11882739778957E-06,0,0,0,0,0,38
0,313,46.99324,0.0273303538560867,-7.02760007698089E-06,0,0,0,0,0,38
0,314,47.1429,0.0255072508007288,-6.89980379320332E-06,0,0,0,0,0,38
0,315,47.29256,0.0242078062146902,-7.39270444682916E-06,0,0,0,0,0,38
0,316,47.44222,0.022559255361557,-7.46743717172649E-06,0,0,0,0,0,38
0,317,47.59188,0.0212598089128733,-7.12637483957224E-06,0,0,0,0,0,38
0,318,47.74154,0.0195336788892746,-7.06720311427489E-06,0,0,0,0,0,38
0,319,47.8912,0.0182148385792971,-7.2689153967076E-06,0,0,0,0,0,38
0,320,48.04086,0.0166438668966293,-6.95597964295303E-06,0,0,0,0,0,38
0,321,48.19052,0.0153250256553292,-7.74559339333791E-06,0,0,0,0,0,38
0,322,48.34018,0.0137540539726615,-7.74672116676811E-06,0,0,0,0,0,38
0,323,48.48984,0.0122218709439039,-7.57776570026181E-06,0,0,0,0,0,38
0,324,48.6395,0.0106508992612362,-7.55811970520881E-06,0,0,0,0,0,38
0,325,48.78916,0.00900234840810299,-7.74936688685557E-06,0,0,0,0,0,38
0,326,48.93882,0.00756713934242725,-8.15539715404157E-06,0,0,0,0,0,38
0,327,49.08848,0.00648103514686227,-8.04467981652124E-06,0,0,0,0,0,38
0,328,49.23814,0.00504582608118653,-7.82565530244028E-06,0,0,0,0,0,38
0,329,49.3878,0.0034166700206697,-7.81203925726004E-06,0,0,0,0,0,38
0,330,49.53746,0.0017681191675365,-7.63892148825107E-06,0,0,0,0,0,38
0,331,49.68712,4.19895150116645E-05,-8.00958878244273E-06,0,0,0,0,0,38
0,332,49.83678,-0.000985930440947413,-8.16041574580595E-06,0,0,0,0,0,38
0,333,49.98644,-0.00298358616419137,-7.86000691732625E-06,0,0,0,0,0,38
0,334,50.1361,-0.00393392704427242,-7.97453776613111E-06,0,0,0,0,0,38
0,335,50.28576,-0.00575703056529164,-8.08124786999542E-06,0,0,0,0,0,38
0,336,50.43542,-0.00725042354315519,-8.34578804642661E-06,0,0,0,0,0,38
0,337,50.58508,-0.0087050274014473,-8.29642067401437E-06,0,0,0,0,0,38
0,338,50.73474,-0.00979113113135099,-8.67253402248025E-06,0,0,0,0,0,38
0,339,50.8844,-0.0118469716981053,-8.72610416990938E-06,0,0,0,0,0,38
0,340,51.03406,-0.0130494432523847,-8.38760934129823E-06,0,0,0,0,0,38
0,341,51.18372,-0.0147949680685997,-8.37663810671074E-06,0,0,0,0,0,38
0,342,51.33338,-0.0159586519002914,-8.89459261088632E-06,0,0,0,0,0,38
0,343,51.48304,-0.0176459904760122,-8.58103430800838E-06,0,0,0,0,0,38
0,344,51.6327,-0.0190230160951614,-8.63530385686317E-06,0,0,0,0,0,38
0,345,51.78236,-0.0205939877778292,-8.87237911229022E-06,0,0,0,0,0,38
0,346,51.93202,-0.0222425386309624,-9.17142642720137E-06,0,0,0,0,0,38
0,347,52.08168,-0.0235225893557072,-9.04993248695973E-06,0,0,0,0,0,38
0,348,52.23134,-0.0251323506236076,-8.68906772666378E-06,0,0,0,0,0,38
0,349,52.381,-0.0264705866575241,-8.457206604362E-06,0,0,0,0,0,38
0,350,52.53066,-0.0283712688833475,-8.61667012941325E-06,0,0,0,0,0,38
0,351,52.68032,-0.0293603986501694,-9.02927422430366E-06,0,0,0,0,0,38
0,352,52.82998,-0.0312998704612255,-9.11497772904113E-06,0,0,0,0,0,38
0,353,52.97964,-0.0325217396020889,-9.3217468020157E-06,0,0,0,0,0,38
0,354,53.1293,-0.0341896824538708,-9.38803805183852E-06,0,0,0,0,0,38
0,355,53.27896,-0.0355279184877872,-9.6256962933694E-06,0,0,0,0,0,38
0,356,53.42862,-0.0372152589261532,-9.56317944655893E-06,0,0,0,0,0,38
0,357,53.57828,-0.0388638116419315,-9.43853410717566E-06,0,0,0,0,0,38
0,358,53.72794,-0.0401632562279701,-9.41562029765919E-06,0,0,0,0,0,38
0,359,53.8776,-0.0414433069527149,-9.63966249400983E-06,0,0,0,0,0,38
0,360,54.02726,-0.0427621491253376,-9.98360337689519E-06,0,0,0,0,0,38
0,361,54.17692,-0.0448179878294468,-9.47257376537891E-06,0,0,0,0,0,38
0,362,54.32658,-0.0462338030338287,-9.74399972619722E-06,0,0,0,0,0,38
0,363,54.47624,-0.0476884059607983,-1.00219613159425E-05,0,0,0,0,0,38
0,364,54.6259,-0.0491430088877678,-9.86183749773772E-06,0,0,0,0,0,38
0,365,54.77556,-0.0509079284965992,-9.86175928119337E-06,0,0,0,0,0,38
0,366,54.92522,-0.0518776662647724,-9.89789987215772E-06,0,0,0,0,0,38
0,367,55.07488,-0.0534292422235012,-1.01166906461003E-05,0,0,0,0,0,38
0,368,55.22454,-0.0552135556936264,-1.04702021417324E-05,0,0,0,0,0,38
0,369,55.3742,-0.0567457377910614,-1.02097073977347E-05,0,0,0,0,0,38
0,370,55.52386,-0.0578318424522877,-1.02328158391174E-05,0,0,0,0,0,38
0,371,55.67352,-0.0594028159976006,-1.03829033832881E-05,0,0,0,0,0,38
0,372,55.82318,-0.0613616816699505,-1.02515277831117E-05,0,0,0,0,0,38
0,373,55.97284,-0.0625835508108139,-1.04717582871672E-05,0,0,0,0,0,38
0,374,56.1225,-0.0643096789717674,-1.04873188320198E-05,0,0,0,0,0,38
0,375,56.27216,-0.0654539689421654,-1.07123723864788E-05,0,0,0,0,0,38
0,376,56.42182,-0.0669085681438446,-1.07023361124448E-05,0,0,0,0,0,38
0,377,56.57148,-0.0682661980390549,-1.07862888398813E-05,0,0,0,0,0,38
0,378,56.72114,-0.0700117275118828,-1.05718163467827E-05,0,0,0,0,0,38
0,379,56.8708,-0.0715245082974434,-1.06339057310834E-05,0,0,0,0,0,38
0,380,57.02046,-0.073056697845459,-1.07051755549037E-05,0,0,0,0,0,38
0,381,57.17012,-0.0744531154632568,-1.06793049781118E-05,0,0,0,0,0,38
0,382,57.31978,-0.0762180313467979,-1.08593094410026E-05,0,0,0,0,0,38
0,383,57.46944,-0.0777308195829391,-1.13776131911436E-05,0,0,0,0,0,38
0,384,57.6191,-0.0791660323739052,-1.14425038191257E-05,0,0,0,0,0,38
0,385,57.76876,-0.0803491100668907,-1.13939531729557E-05,0,0,0,0,0,38
0,386,57.91842,-0.0820558443665504,-1.12211846499122E-05,0,0,0,0,0,38
0,387,58.06808,-0.0837625786662102,-1.12285761133535E-05,0,0,0,0,0,38
0,388,58.21774,-0.0849844440817833,-1.19934084068518E-05,0,0,0,0,0,38
0,389,58.3674,-0.0864972323179245,-1.12359293780173E-05,0,0,0,0,0,38
0,390,58.51706,-0.0880294144153595,-1.15489810923464E-05,0,0,0,0,0,38
0,391,58.66672,-0.0894064381718636,-1.15687053039437E-05,0,0,0,0,0,38
0,392,58.81638,-0.0910355970263481,-1.17325253086165E-05,0,0,0,0,0,38
0,393,58.96604,-0.092335045337677,-1.19335372801288E-05,0,0,0,0,0,38
0,394,59.1157,-0.093867227435112,-1.18943617053446E-05,0,0,0,0,0,38
0,395,59.26536,-0.0956515371799469,-1.15687826109934E-05,0,0,0,0,0,38
0,396,59.41502,-0.0969509854912758,-1.17626750579802E-05,0,0,0,0,0,38
0,397,59.56468,-0.0983861908316612,-1.18244142868207E-05,0,0,0,0,0,38
0,398,59.71434,-0.100092925131321,-1.20970071293414E-05,0,0,0,0,0,38
0,399,59.864,-0.1012953966856,-1.237329615833E-05,0,0,0,0,0,38
0,400,60.01366,-0.102943949401379,-1.21974162539118E-05,0,0,0,0,0,38
0,401,60.16332,-0.104127027094364,-1.2237369446666E-05,0,0,0,0,0,38
0,402,60.31298,-0.105969525873661,-1.19327978609363E-05,0,0,0,0,0,38
0,403,60.46264,-0.107676260173321,-1.21591356219142E-05,0,0,0,0,0,38
0,404,60.6123,-0.109053283929825,-1.22251540233265E-05,0,0,0,0,0,38
0,405,60.76196,-0.110701836645603,-1.24006064652349E-05,0,0,0,0,0,38
0,406,60.91162,-0.111749149858952,-1.22587271107477E-05,0,0,0,0,0,38
0,407,61.06128,-0.11364983767271,-1.23333429655759E-05,0,0,0,0,0,38
0,408,61.21094,-0.114968672394753,-1.22767005450442E-05,0,0,0,0,0,38
0,409,61.3606,-0.11671420186758,-1.24017733469373E-05,0,0,0,0,0,38
0,410,61.51026,-0.118033036589623,-1.29201553136227E-05,0,0,0,0,0,38
0,411,61.65992,-0.119313091039658,-1.27367666209466E-05,0,0,0,0,0,38
0,412,61.80958,-0.120612539350986,-1.30438274936751E-05,0,0,0,0,0,38
0,413,61.95924,-0.122532613575459,-1.29335376186646E-05,0,0,0,0,0,38
0,414,62.1089,-0.124006614089012,-1.31005090224789E-05,0,0,0,0,0,38
0,415,62.25856,-0.125073328614235,-1.30688422359526E-05,0,0,0,0,0,38
0,416,62.40822,-0.126741260290146,-1.32407549244817E-05,0,0,0,0,0,38
0,417,62.55788,-0.128273457288742,-1.32313789436012E-05,0,0,0,0,0,38
0,418,62.70754,-0.129650473594666,-1.28367473735125E-05,0,0,0,0,0,38
0,419,62.8572,-0.131046891212463,-1.30481075757416E-05,0,0,0,0,0,38
0,420,63.00686,-0.13298636674881,-1.31431861518649E-05,0,0,0,0,0,38
0,421,63.15652,-0.134421572089195,-1.35270029204548E-05,0,0,0,0,0,38
0,422,63.30618,-0.135682225227356,-1.35290647449438E-05,0,0,0,0,0,38
0,423,63.45584,-0.13725320994854,-1.35805721583893E-05,0,0,0,0,0,38
0,424,63.6055,-0.138959944248199,-1.35580858113826E-05,0,0,0,0,0,38
0,425,63.75516,-0.14031757414341,-1.34683368742117E-05,0,0,0,0,0,38
0,426,63.90482,-0.141985520720482,-1.36715661938069E-05,0,0,0,0,0,38
0,427,64.05448,-0.143071621656418,-1.3715643035539E-05,0,0,0,0,0,38
0,428,64.20414,-0.144952908158302,-1.34344136313302E-05,0,0,0,0,0,38
0,429,64.3538,-0.146407514810562,-1.38692712425836E-05,0,0,0,0,0,38
0,430,64.50346,-0.147997871041298,-1.38214199978393E-05,0,0,0,0,0,38
0,431,64.65312,-0.149297326803207,-1.38605955726234E-05,0,0,0,0,0,38
0,432,64.80278,-0.15061616897583,-1.40922629725537E-05,0,0,0,0,0,38
0,433,64.95244,-0.152284100651741,-1.41446262205136E-05,0,0,0,0,0,38
0,434,65.1021,-0.15402963757515,-1.41623659146717E-05,0,0,0,0,0,38
0,435,65.25176,-0.154941186308861,-1.41240461744019E-05,0,0,0,0,0,38
0,436,65.40142,-0.156783685088158,-1.44028645081562E-05,0,0,0,0,0,38
0,437,65.55108,-0.158024936914444,-1.41631053338642E-05,0,0,0,0,0,38
0,438,65.70074,-0.159770473837852,-1.42359313031193E-05,0,0,0,0,0,38
0,439,65.8504,-0.161360830068588,-1.46889569805353E-05,0,0,0,0,0,38
0,440,66.00006,-0.162505120038986,-1.48476028698497E-05,0,0,0,0,0,38
0,441,66.14972,-0.164619147777557,-1.48355429701041E-05,0,0,0,0,0,38
0,442,66.29938,-0.165802225470543,-1.46291240525898E-05,0,0,0,0,0,38
0,443,66.44904,-0.167625322937965,-1.45914655149681E-05,0,0,0,0,0,38
0,444,66.5987,-0.168866589665413,-1.48420785990311E-05,0,0,0,0,0,38
0,445,66.74836,-0.170166030526161,-1.51221411215374E-05,0,0,0,0,0,38
0,446,66.89802,-0.171581849455833,-1.46028251037933E-05,0,0,0,0,0,38
0,447,67.04768,-0.173443749547005,-1.5245696886268E-05,0,0,0,0,0,38
0,448,67.19734,-0.174685001373291,-1.52354268720956E-05,0,0,0,0,0,38
0,449,67.347,-0.176120206713676,-1.54125518747605E-05,0,0,0,0,0,38
0,450,67.49666,-0.177671790122986,-1.52555003296584E-05,0,0,0,0,0,38
0,451,67.64632,-0.179436713457108,-1.54233275679871E-05,0,0,0,0,0,38
0,452,67.79598,-0.180658578872681,-1.53707314893836E-05,0,0,0,0,0,38
0,453,67.94564,-0.181977421045303,-1.56723453983432E-05,0,0,0,0,0,38
0,454,68.0953,-0.183761730790138,-1.53291821334278E-05,0,0,0,0,0,38
0,455,68.24496,-0.185196936130524,-1.54674053192139E-05,0,0,0,0,0,38
0,456,68.39462,-0.186942458152771,-1.95086122403154E-05,0,0,0,0,0,38
0,457,68.54428,-0.188319489359856,-1.72880154423183E-05,0,0,0,0,0,38
0,458,68.69394,-0.189502567052841,-1.75137665792136E-05,0,0,0,0,0,38
0,459,68.8436,-0.190802007913589,-1.51676658788347E-05,0,0,0,0,0,38
0,460,68.99326,-0.192547544836998,-1.47324835779727E-05,0,0,0,0,0,38
0,461,69.14292,-0.194040924310684,-1.74986125784926E-05,0,0,0,0,0,38
0,462,69.29258,-0.195805847644806,-1.87330533663044E-05,0,0,0,0,0,38
0,463,69.44224,-0.197241052985191,-1.28083556774072E-05,0,0,0,0,0,38
0,464,69.5919,-0.198753848671913,-1.44841960718622E-05,0,0,0,0,0,38
0,465,69.74156,-0.200014501810074,-1.52263382915407E-05,0,0,0,0,0,38
0,466,69.89122,-0.201895788311958,-1.85648095794022E-05,0,0,0,0,0,38
0,467,70.04088,-0.203156441450119,-1.72961754287826E-05,0,0,0,0,0,38
0,468,70.19054,-0.204455897212029,-1.47864930113428E-05,0,0,0,0,0,38
0,469,70.3402,-0.206046253442764,-1.799013625714E-05,0,0,0,0,0,38
0,470,70.48986,-0.207811176776886,-2.06544627872063E-05,0,0,0,0,0,38
0,471,70.63952,-0.209110632538795,-1.78051832335768E-05,0,0,0,0,0,38
0,472,70.78918,-0.210662201046944,-1.75378572748741E-05,0,0,0,0,0,38
0,473,70.93884,-0.212155595421791,-1.70206894836156E-05,0,0,0,0,0,38
0,474,71.0885,-0.213765352964401,-1.94079748325748E-05,0,0,0,0,0,38
0,475,71.23816,-0.215258747339249,-1.95229877135716E-05,0,0,0,0,0,38
0,476,71.38782,-0.216655164957047,-1.64386328833643E-05,0,0,0,0,0,38
0,477,71.53748,-0.218226134777069,-1.58756156452E-05,0,0,0,0,0,38
0,478,71.68714,-0.219700142741203,-1.78463706106413E-05,0,0,0,0,0,38
0,479,71.8368,-0.221309900283813,-2.09004192583961E-05,0,0,0,0,0,38
0,480,71.98646,-0.22290027141571,-1.75176519405795E-05,0,0,0,0,0,38
0,481,72.13612,-0.223870009183884,-1.67603557201801E-05,0,0,0,0,0,38
0,482,72.28578,-0.225731894373894,-1.61254556587664E-05,0,0,0,0,0,38
0,483,72.43544,-0.226740419864655,-1.72608160937671E-05,0,0,0,0,0,38
0,484,72.5851,-0.228757470846176,-1.97304761968553E-05,0,0,0,0,0,38
0,485,72.73476,-0.230599969625473,-2.00626927835401E-05,0,0,0,0,0,38
0,486,72.88442,-0.231627896428108,-1.62249270942993E-05,0,0,0,0,0,38
0,487,73.03408,-0.233024314045906,-2.06560162041569E-05,0,0,0,0,0,38
0,488,73.18374,-0.234750434756279,-1.92898551176768E-05,0,0,0,0,0,38
0,489,73.3334,-0.235914126038551,-1.70649836945813E-05,0,0,0,0,0,38
0,490,73.48306,-0.237543284893036,-2.22366616071668E-05,0,0,0,0,0,38
0,491,73.63272,-0.239172428846359,-1.25810502140666E-05,0,0,0,0,0,38
0,492,73.78238,-0.240588247776031,-2.15057880268432E-05,0,0,0,0,0,38
0,493,73.93204,-0.242081642150879,-2.14995707210619E-05,0,0,0,0,0,38
0,494,74.0817,-0.24324531853199,-1.82757248694543E-05,0,0,0,0,0,38
0,495,74.23136,-0.245049029588699,-1.80534698301926E-05,0,0,0,0,0,38
0,496,74.38102,-0.246426060795784,-2.02627979888348E-05,0,0,0,0,0,38
0,497,74.53068,-0.248190984129906,-2.32484617299633E-05,0,0,0,0,0,38
0,498,74.68034,-0.249742552638054,-1.90182545338757E-05,0,0,0,0,0,38
0,499,74.83,-0.251022607088089,-1.85341141332174E-05,0,0,0,0,0,38
0,500,74.97966,-0.252360850572586,-1.965470801224E-05,0,0,0,0,0,38
0,501,75.12932,-0.253854244947433,-2.20866786548868E-05,0,0,0,0,0,38
0,502,75.27898,-0.255405813455582,-2.08052224479616E-05,0,0,0,0,0,38
0,503,75.42864,-0.256666481494904,-1.94207987078698E-05,0,0,0,0,0,38
0,504,75.5783,-0.258450776338577,-2.00984395632986E-05,0,0,0,0,0,38
0,505,75.72796,-0.260254502296448,-2.15034579014173E-05,0,0,0,0,0,38
0,506,75.87762,-0.261301815509796,-2.39486380451126E-05,0,0,0,0,0,38
0,507,76.02728,-0.263318866491318,-2.19565135921584E-05,0,0,0,0,0,38
0,508,76.17694,-0.264521330595016,-2.35060742852511E-05,0,0,0,0,0,38
0,509,76.3266,-0.265859574079514,-2.01951897906838E-05,0,0,0,0,0,38
0,510,76.47626,-0.267352968454361,-2.05005944735603E-05,0,0,0,0,0,38
0,511,76.62592,-0.268691182136536,-2.42081932810834E-05,0,0,0,0,0,38
0,512,76.77558,-0.270456105470657,-2.24429841182427E-05,0,0,0,0,0,38
0,513,76.92524,-0.271813750267029,-2.17731139855459E-05,0,0,0,0,0,38
0,514,77.0749,-0.273636847734451,-2.14455631066812E-05,0,0,0,0,0,38
0,515,77.22456,-0.274897515773773,-2.40061453951057E-05,0,0,0,0,0,38
0,516,77.37422,-0.276429682970047,-2.4149134333129E-05,0,0,0,0,0,38
0,517,77.52388,-0.278194606304169,-2.38033189816633E-05,0,0,0,0,0,38
0,518,77.67354,-0.279377669095993,-2.38448938034708E-05,0,0,0,0,0,38
0,519,77.8232,-0.280929267406464,-2.49856948357774E-05,0,0,0,0,0,38
0,520,77.97286,-0.282674789428711,-2.67986961262068E-05,0,0,0,0,0,38
0,521,78.12252,-0.28412938117981,-2.76970367849572E-05,0,0,0,0,0,38
0,522,78.27218,-0.285584002733231,-2.47840343945427E-05,0,0,0,0,0,38
0,523,78.42184,-0.287077397108078,-2.45547853410244E-05,0,0,0,0,0,38
0,524,78.5715,-0.288493186235428,-2.34940289374208E-05,0,0,0,0,0,38
0,525,78.72116,-0.289637476205826,-2.57290012086742E-05,0,0,0,0,0,38
0,526,78.87082,-0.291479974985123,-2.47964671871159E-05,0,0,0,0,0,38
0,527,79.02048,-0.292643666267395,-2.28039534704294E-05,0,0,0,0,0,38
0,528,79.17014,-0.294680118560791,-2.71588869509287E-05,0,0,0,0,0,38
0,529,79.3198,-0.295901983976364,-2.42260666709626E-05,0,0,0,0,0,38
0,530,79.46946,-0.297317802906036,-2.69366319116671E-05,0,0,0,0,0,38
0,531,79.61912,-0.29894694685936,-2.65220442088321E-05,0,0,0,0,0,38
0,532,79.76878,-0.300265789031982,-2.63778892986011E-05,0,0,0,0,0,38
0,533,79.91844,-0.301953136920929,-2.52277641266119E-05,0,0,0,0,0,38
0,534,80.0681,-0.303175002336502,-2.39766141021391E-05,0,0,0,0,0,38
0,535,80.21776,-0.304745972156525,-2.7242038413533E-05,0,0,0,0,0,38
0,536,80.36742,-0.306316941976547,-2.69731572188903E-05,0,0,0,0,0,38
0,537,80.51708,-0.307655185461044,-2.81131797237322E-05,0,0,0,0,0,38
0,538,80.66674,-0.309594660997391,-2.95597728836583E-05,0,0,0,0,0,38
0,539,80.8164,-0.310680747032166,-2.68266721832333E-05,0,0,0,0,0,38
0,540,80.96606,-0.312406867742538,-2.99432776955655E-05,0,0,0,0,0,38
0,541,81.11572,-0.31442391872406,-3.09111710521393E-05,0,0,0,0,0,38
0,542,81.26538,-0.315471231937408,-3.18677957693581E-05,0,0,0,0,0,38
0,543,81.41504,-0.317042231559753,-2.96736197924474E-05,0,0,0,0,0,38
0,544,81.5647,-0.318399846553802,-3.01713589578867E-05,0,0,0,0,0,38
0,545,81.71436,-0.319699287414551,-2.99024795822334E-05,0,0,0,0,0,38
0,546,81.86402,-0.321696937084198,-3.42772291332949E-05,0,0,0,0,0,38
0,547,82.01368,-0.322977006435394,-3.16474834107794E-05,0,0,0,0,0,38
0,548,82.16334,-0.324179470539093,-3.21700899803545E-05,0,0,0,0,0,38
0,549,82.313,-0.325750440359116,-3.36104676534887E-05,0,0,0,0,0,38
0,550,82.46266,-0.327398985624313,-3.54506664734799E-05,0,0,0,0,0,38
0,551,82.61232,-0.32867905497551,-3.07957707263995E-05,0,0,0,0,0,38
0,552,82.76198,-0.330327600240707,-3.19866921927314E-05,0,0,0,0,0,38
0,553,82.91164,-0.331627041101456,-3.06131478282623E-05,0,0,0,0,0,38
0,554,83.0613,-0.333566516637802,-3.60167941835243E-05,0,0,0,0,0,38
0,555,83.21096,-0.335176289081573,-3.7335939850891E-05,0,0,0,0,0,38
0,556,83.36062,-0.336184799671173,-3.42923813150264E-05,0,0,0,0,0,38
0,557,83.51028,-0.33793032169342,-3.56632081093267E-05,0,0,0,0,0,38
0,558,83.65994,-0.339055210351944,-2.98162194667384E-05,0,0,0,0,0,38
0,559,83.8096,-0.340975284576416,-3.56367854692508E-05,0,0,0,0,0,38
0,560,83.95926,-0.342061400413513,-3.24956999975257E-05,0,0,0,0,0,38
0,561,84.10892,-0.343477219343185,-3.21988445648458E-05,0,0,0,0,0,38
0,562,84.25858,-0.345261543989182,-3.48553985531908E-05,0,0,0,0,0,38
0,563,84.40824,-0.346483409404755,-3.61889251507819E-05,0,0,0,0,0,38
0,564,84.5579,-0.347996175289154,-3.35704462486319E-05,0,0,0,0,0,38
0,565,84.70756,-0.350013226270676,-3.60202902811579E-05,0,0,0,0,0,38
0,566,84.85722,-0.351332068443298,-3.81087775167543E-05,0,0,0,0,0,38
0,567,85.00688,-0.352786689996719,-3.70328671124298E-05,0,0,0,0,0,38
0,568,85.15654,-0.354144304990768,-3.78356235160027E-05,0,0,0,0,0,38
0,569,85.3062,-0.355618298053741,-3.53989889845252E-05,0,0,0,0,0,38
0,570,85.45586,-0.357189267873764,-3.69411682186183E-05,0,0,0,0,0,38
0,571,85.60552,-0.358934789896011,-4.12840563512873E-05,0,0,0,0,0,38
0,572,85.75518,-0.360098481178284,-3.88827793358359E-05,0,0,0,0,0,38
0,573,85.90484,-0.361999183893204,-4.0852370148059E-05,0,0,0,0,0,38
0,574,86.0545,-0.363201647996902,-4.29665014962666E-05,0,0,0,0,0,38
0,575,86.20416,-0.364888995885849,-4.16116090491414E-05,0,0,0,0,0,38
0,576,86.35382,-0.366169035434723,-3.85404637199827E-05,0,0,0,0,0,38
0,577,86.50348,-0.36760425567627,-4.17553746956401E-05,0,0,0,0,0,38
0,578,86.65314,-0.369039446115494,-4.27092782047112E-05,0,0,0,0,0,38
0,579,86.8028,-0.370940119028091,-4.78312213090248E-05,0,0,0,0,0,38
0,580,86.95246,-0.372258961200714,-4.54190667369403E-05,0,0,0,0,0,38
0,581,87.10212,-0.37363600730896,-4.40948679170106E-05,0,0,0,0,0,38
0,582,87.25178,-0.375342726707459,-4.39068062405568E-05,0,0,0,0,0,38
0,583,87.40144,-0.376487016677856,-4.3090451072203E-05,0,0,0,0,0,38
0,584,87.5511,-0.377767086029053,-4.09596104873344E-05,0,0,0,0,0,38
0,585,87.70076,-0.37960958480835,-4.60034534626175E-05,0,0,0,0,0,38
0,586,87.85042,-0.381510257720947,-4.90458478452638E-05,0,0,0,0,0,38
0,587,88.00008,-0.38292607665062,-4.48781975137535E-05,0,0,0,0,0,38
0,588,88.14974,-0.383953988552094,-4.29657266067807E-05,0,0,0,0,0,38
0,589,88.2994,-0.385680109262466,-4.78063520858996E-05,0,0,0,0,0,38
0,590,88.44906,-0.387173503637314,-4.7922530939104E-05,0,0,0,0,0,38
0,591,88.59872,-0.388647496700287,-5.01178728882223E-05,0,0,0,0,0,38
0,592,88.74838,-0.390082716941834,-4.70537197543308E-05,0,0,0,0,0,38
0,593,88.89804,-0.391847640275955,-4.71337625640444E-05,0,0,0,0,0,38
0,594,89.0477,-0.393341034650803,-5.01796530443244E-05,0,0,0,0,0,38
0,595,89.19736,-0.395028382539749,-5.157806299394E-05,0,0,0,0,0,38
0,596,89.34702,-0.396133869886398,-4.81043753097765E-05,0,0,0,0,0,38
0,597,89.49668,-0.397607862949371,-5.0884103984572E-05,0,0,0,0,0,38
0,598,89.64634,-0.399372786283493,-5.02709626744036E-05,0,0,0,0,0,38
0,599,89.796,-0.400381326675415,-5.3105475672055E-05,0,0,0,0,0,38
0,600,89.94566,-0.402456551790237,-5.3901629144093E-05,0,0,0,0,0,38
0,601,90.09532,-0.403659015893936,-5.38371277798433E-05,0,0,0,0,0,38
0,602,90.24498,-0.405404537916183,-5.43403075425886E-05,0,0,0,0,0,38
0,603,90.39464,-0.406781554222107,-5.48267780686729E-05,0,0,0,0,0,38
0,604,90.5443,-0.408042222261429,-5.23668313689996E-05,0,0,0,0,0,38
0,605,90.69396,-0.409942895174026,-5.66009257454425E-05,0,0,0,0,0,38
0,606,90.84362,-0.411203563213348,-5.76861602894496E-05,0,0,0,0,0,38
0,607,90.99328,-0.412677556276321,-6.01192987232935E-05,0,0,0,0,0,38
0,608,91.14294,-0.41422912478447,-5.65476948395371E-05,0,0,0,0,0,38
0,609,91.2926,-0.415334641933441,-5.38177009730134E-05,0,0,0,0,0,38
0,610,91.44226,-0.416963785886765,-5.78909312025644E-05,0,0,0,0,0,38
0,611,91.59192,-0.418554157018662,-6.00489693169948E-05,0,0,0,0,0,38
0,612,91.74158,-0.420047551393509,-5.79857369302772E-05,0,0,0,0,0,38
0,613,91.89124,-0.421482771635056,-6.0200116422493E-05,0,0,0,0,0,38
0,614,92.0409,-0.423228293657303,-6.23297892161645E-05,0,0,0,0,0,38
0,615,92.19056,-0.424411356449127,-6.17283076280728E-05,0,0,0,0,0,38
0,616,92.34022,-0.425943553447723,-6.23550513410009E-05,0,0,0,0,0,38
0,617,92.48988,-0.427650272846222,-6.37577322777361E-05,0,0,0,0,0,38
0,618,92.63954,-0.42894971370697,-6.44171159365214E-05,0,0,0,0,0,38
0,619,92.7892,-0.430792212486267,-6.41493970761076E-05,0,0,0,0,0,38
0,620,92.93886,-0.432305008172989,-6.24533495283686E-05,0,0,0,0,0,38
0,621,93.08852,-0.433313548564911,-6.42986051389016E-05,0,0,0,0,0,38
0,622,93.23818,-0.435020267963409,-6.591655255761E-05,0,0,0,0,0,38
0,623,93.38784,-0.436688214540482,-6.79269360261969E-05,0,0,0,0,0,38
0,624,93.5375,-0.438336759805679,-7.09433006704785E-05,0,0,0,0,0,38
0,625,93.68716,-0.439752578735352,-7.12972687324509E-05,0,0,0,0,0,38
0,626,93.83682,-0.440916270017624,-7.05360871506855E-05,0,0,0,0,0,38
0,627,93.98648,-0.442526042461395,-7.17499424354173E-05,0,0,0,0,0,38
0,628,94.13614,-0.443941831588745,-6.79541408317164E-05,0,0,0,0,0,38
0,629,94.2858,-0.445260673761368,-6.85544582665898E-05,0,0,0,0,0,38
0,630,94.43546,-0.447103172540665,-7.46167061151937E-05,0,0,0,0,0,38
0,631,94.58512,-0.448422014713287,-7.45184006518684E-05,0,0,0,0,0,38
0,632,94.73478,-0.450109362602234,-7.7947013778612E-05,0,0,0,0,0,38
0,633,94.88444,-0.45179671049118,-7.65505465096794E-05,0,0,0,0,0,38
0,634,95.0341,-0.452882796525955,-7.69289981690235E-05,0,0,0,0,0,38
0,635,95.18376,-0.454608947038651,-7.74978470872156E-05,0,0,0,0,0,38
0,636,95.33342,-0.455733835697174,-7.64188225730322E-05,0,0,0,0,0,38
0,637,95.48308,-0.457304805517197,-7.95871092122979E-05,0,0,0,0,0,38
0,638,95.63274,-0.458720624446869,-8.0778423580341E-05,0,0,0,0,0,38
0,639,95.7824,-0.460310995578766,-8.29924101708457E-05,0,0,0,0,0,38
0,640,95.93206,-0.46199831366539,-8.40356879052706E-05,0,0,0,0,0,38
0,641,96.08172,-0.463103830814362,-8.3763305156026E-05,0,0,0,0,0,38
0,642,96.23138,-0.465120881795883,-8.31773650133982E-05,0,0,0,0,0,38
0,643,96.38104,-0.466362148523331,-8.52646844577976E-05,0,0,0,0,0,38
0,644,96.5307,-0.468068867921829,-8.59081337694079E-05,0,0,0,0,0,38
0,645,96.68036,-0.469562262296677,-8.82460735738277E-05,0,0,0,0,0,38
0,646,96.83002,-0.470822930335999,-8.87776186573319E-05,0,0,0,0,0,38
0,647,96.97968,-0.472238719463348,-8.72296150191687E-05,0,0,0,0,0,38
0,648,97.12934,-0.473635166883469,-8.88273571035825E-05,0,0,0,0,0,38
0,649,97.279,-0.475613415241241,-9.2291331384331E-05,0,0,0,0,0,38
0,650,97.42866,-0.47691285610199,-9.34259151108563E-05,0,0,0,0,0,38
0,651,97.57832,-0.478658378124237,-9.85124934231862E-05,0,0,0,0,0,38
0,652,97.72798,-0.47997722029686,-9.71039844444022E-05,0,0,0,0,0,38
0,653,97.87764,-0.481334865093231,-9.57463707891293E-05,0,0,0,0,0,38
0,654,98.0273,-0.482808858156204,-9.86422746791504E-05,0,0,0,0,0,38
0,655,98.17696,-0.484554380178452,-9.62320627877489E-05,0,0,0,0,0,38
0,656,98.32662,-0.486183524131775,-0.000102746591437608,0,0,0,0,0,38
0,657,98.47628,-0.487308442592621,-0.00010215598740615,0,0,0,0,0,38
0,658,98.62594,-0.488879412412643,-0.000100850440503564,0,0,0,0,0,38
0,659,98.7756,-0.490489155054092,-0.000102224366855808,0,0,0,0,0,38
0,660,98.92526,-0.491904973983765,-0.000104479157016613,0,0,0,0,0,38
0,661,99.07492,-0.49378627538681,-0.000107465988548938,0,0,0,0,0,38
0,662,99.22458,-0.494406908750534,-0.000107122505141888,0,0,0,0,0,38
0,663,99.37424,-0.496482133865356,-0.000109360975329764,0,0,0,0,0,38
0,664,99.5239,-0.49801430106163,-0.00011103565338999,0,0,0,0,0,38
0,665,99.67356,-0.499236166477203,-0.000109516782686114,0,0,0,0,0,38
0,666,99.82322,-0.50117564201355,-0.000115465962153394,0,0,0,0,0,38
0,667,99.97288,-0.502494513988495,-0.000113576417788863,0,0,0,0,0,38
0,668,100.12254,-0.503813326358795,-0.000114627073344309,0,0,0,0,0,38
0,669,100.2722,-0.505345523357391,-0.000116035196697339,0,0,0,0,0,38
0,670,100.42186,-0.507013440132141,-0.000117291398055386,0,0,0,0,0,38
0,671,100.57152,-0.508468091487885,-0.00012174152652733,0,0,0,0,0,38
0,672,100.72118,-0.510000228881836,-0.000121945129649248,0,0,0,0,0,38
0,673,100.87084,-0.511629402637482,-0.000126382437883876,0,0,0,0,0,38
0,674,101.0205,-0.51283186674118,-0.000122670564451255,0,0,0,0,0,38
0,675,101.17016,-0.514538586139679,-0.000126778380945325,0,0,0,0,0,38
0,676,101.31982,-0.515644133090973,-0.00012362796405796,0,0,0,0,0,38
0,677,101.46948,-0.517331421375275,-0.000125366757856682,0,0,0,0,0,38
0,678,101.61914,-0.518611490726471,-0.000127396182506345,0,0,0,0,0,38
0,679,101.7688,-0.520434617996216,-0.000129825042677112,0,0,0,0,0,38
0,680,101.91846,-0.521889209747314,-0.000135483584017493,0,0,0,0,0,38
0,681,102.06812,-0.523401975631714,-0.000135812297230586,0,0,0,0,0,38
0,682,102.21778,-0.524662673473358,-0.000137603929033503,0,0,0,0,0,38
0,683,102.36744,-0.526543915271759,-0.000137488139444031,0,0,0,0,0,38
0,684,102.5171,-0.527746438980103,-0.000138939401949756,0,0,0,0,0,38
0,685,102.66676,-0.528948903083801,-0.000136066024424508,0,0,0,0,0,38
0,686,102.81642,-0.530771970748901,-0.000140510717756115,0,0,0,0,0,38
0,687,102.96608,-0.532207190990448,-0.00014313891006168,0,0,0,0,0,38
0,688,103.11574,-0.533952713012695,-0.000147928629303351,0,0,0,0,0,38
0,689,103.2654,-0.535349130630493,-0.000144753750646487,0,0,0,0,0,38
0,690,103.41506,-0.53678435087204,-0.000147915430716239,0,0,0,0,0,38
0,691,103.56472,-0.53820013999939,-0.000148061517393216,0,0,0,0,0,38
0,692,103.71438,-0.539848685264587,-0.00015149790851865,0,0,0,0,0,38
0,693,103.86404,-0.541342079639435,-0.000155514411744662,0,0,0,0,0,38
0,694,104.0137,-0.542486369609833,-0.00015399009862449,0,0,0,0,0,38
0,695,104.16336,-0.544425845146179,-0.000156472582602873,0,0,0,0,0,38
0,696,104.31302,-0.545822262763977,-0.000159316434292123,0,0,0,0,0,38
0,697,104.46268,-0.54727691411972,-0.000158549810294062,0,0,0,0,0,38
0,698,104.61234,-0.548925459384918,-0.000163778604473919,0,0,0,0,0,38
0,699,104.762,-0.549623668193817,-0.000148574166814797,0,0,0,0,0,38
0,700,104.91166,-0.551369190216064,-0.000160897950991057,0,0,0,0,0,38
0,701,105.06132,-0.55036062002182,-0.000103982150903903,0,0,0,0,0,38
0,702,105.21098,-0.554297804832459,-0.000169880164321512,0,0,0,0,0,38
0,703,105.36064,-0.557866394519806,-0.000212406550417654,0,0,0,0,0,38
0,704,105.5103,-0.560174345970154,-0.000220435671508312,0,0,0,0,0,38
0,705,105.65996,-0.560038626194,-0.000193146741366945,0,0,0,0,0,38
0,706,105.80962,-0.560814380645752,-0.00017692509572953,0,0,0,0,0,38
0,707,105.95928,-0.56591522693634,-0.000254820130066946,0,0,0,0,0,38
0,708,106.10894,-0.56641948223114,-0.000237812681007199,0,0,0,0,0,38
0,709,106.2586,-0.56702071428299,-0.000216323853237554,0,0,0,0,0,38
0,710,106.40826,-0.568766236305237,-0.000232775026233867,0,0,0,0,0,38
0,711,106.55792,-0.568029224872589,-0.000180060509592295,0,0,0,0,0,38
0,712,106.70758,-0.569968700408936,-0.000193831394426525,0,0,0,0,0,38
0,713,106.85724,-0.576058626174927,-0.000298805302008986,0,0,0,0,0,38
0,714,107.0069,-0.571074187755585,-0.00015732686733827,0,0,0,0,0,38
0,715,107.15656,-0.570589363574982,-0.000126723578432575,0,0,0,0,0,38
0,716,107.30622,-0.573944628238678,-0.000166355748660862,0,0,0,0,0,38
0,717,107.45588,-0.576795637607574,-0.00019654278003145,0,0,0,0,0,38
0,718,107.60554,-0.580306112766266,-0.000239119748584926,0,0,0,0,0,38
0,719,107.7552,-0.580887913703918,-0.0002307093818672,0,0,0,0,0,38
0,720,107.90486,-0.582439482212067,-0.000226399177336134,0,0,0,0,0,38
0,721,108.05452,-0.582808017730713,-0.000198588968487456,0,0,0,0,0,38
0,722,108.20418,-0.584010481834412,-0.000199748217710294,0,0,0,0,0,38
0,723,108.35384,-0.585290551185608,-0.000192827763385139,0,0,0,0,0,38
0,724,108.5035,-0.585251748561859,-0.000160100491484627,0,0,0,0,0,38
0,725,108.65316,-0.591516256332397,-0.000271563039859757,0,0,0,0,0,38
0,726,108.80282,-0.588568210601807,-0.00017126502643805,0,0,0,0,0,38
0,727,108.95248,-0.591012001037598,-0.000202642433578148,0,0,0,0,0,38
0,728,109.10214,-0.592621743679047,-0.000214997344301082,0,0,0,0,0,38
0,729,109.2518,-0.593610882759094,-0.000206816490390338,0,0,0,0,0,38
0,730,109.40146,-0.599565029144287,-0.00029929933953099,0,0,0,0,0,38
0,731,109.55112,-0.598517715930939,-0.000247055519139394,0,0,0,0,0,38
0,732,109.70078,-0.597528576850891,-0.000198056033696048,0,0,0,0,0,38
0,733,109.85044,-0.599080145359039,-0.000203455463633873,0,0,0,0,0,38
0,734,110.0001,-0.605538606643677,-0.000312840711558238,0,0,0,0,0,38
0,735,110.14976,-0.603560328483582,-0.000238182241446339,0,0,0,0,0,38
0,736,110.29942,-0.604782223701477,-0.000233673636103049,0,0,0,0,0,38
0,737,110.44908,-0.60916543006897,-0.000293740391498432,0,0,0,0,0,38
0,738,110.59874,-0.609184801578522,-0.000269485724857077,0,0,0,0,0,38
0,739,110.7484,-0.61032909154892,-0.000266770453890786,0,0,0,0,0,38
0,740,110.89806,-0.611628532409668,-0.000268023053649813,0,0,0,0,0,38
0,741,111.04772,-0.613393485546112,-0.000273834855761379,0,0,0,0,0,38
0,742,111.19738,-0.612675845623016,-0.000225632829824463,0,0,0,0,0,38
0,743,111.34704,-0.61403352022171,-0.000229009427130222,0,0,0,0,0,38
0,744,111.4967,-0.615565657615662,-0.000236073814448901,0,0,0,0,0,38
0,745,111.64636,-0.618339121341705,-0.000268657138803974,0,0,0,0,0,38
0,746,111.79602,-0.620200991630554,-0.000276087201200426,0,0,0,0,0,38
0,747,111.94568,-0.621384084224701,-0.000279603846138343,0,0,0,0,0,38
0,748,112.09534,-0.624254524707794,-0.000300054001854733,0,0,0,0,0,38
0,749,112.245,-0.623808443546295,-0.00026377898757346,0,0,0,0,0,38
0,750,112.39466,-0.62629097700119,-0.000298638013191521,0,0,0,0,0,38
0,751,112.54432,-0.628443777561188,-0.000309810333419591,0,0,0,0,0,38
0,752,112.69398,-0.630325078964233,-0.00032008794369176,0,0,0,0,0,38
0,753,112.84364,-0.632807612419128,-0.000340841535944492,0,0,0,0,0,38
0,754,112.9933,-0.633292436599731,-0.000326222594594583,0,0,0,0,0,38
0,755,113.14296,-0.635193109512329,-0.000340845406753942,0,0,0,0,0,38
0,756,113.29262,-0.634902238845825,-0.000304792134556919,0,0,0,0,0,38
0,757,113.44228,-0.640526711940765,-0.000391101406421512,0,0,0,0,0,38
0,758,113.59194,-0.640293955802917,-0.000365415180567652,0,0,0,0,0,38
0,759,113.7416,-0.642349779605865,-0.000380893819965422,0,0,0,0,0,38
0,760,113.89126,-0.642795860767365,-0.000360809324774891,0,0,0,0,0,38
0,761,114.04092,-0.643513441085815,-0.000348543893778697,0,0,0,0,0,38
0,762,114.19058,-0.644832313060761,-0.000356794742401689,0,0,0,0,0,38
0,763,114.34024,-0.646073579788208,-0.000349850946804509,0,0,0,0,0,38
0,764,114.4899,-0.646926939487457,-0.000339476100634784,0,0,0,0,0,38
0,765,114.63956,-0.648691833019257,-0.000350780697772279,0,0,0,0,0,38
0,766,114.78922,-0.65055376291275,-0.000364878360414878,0,0,0,0,0,38
0,767,114.93888,-0.652881145477295,-0.000385752529837191,0,0,0,0,0,38
0,768,115.08854,-0.654607236385345,-0.000385974271921441,0,0,0,0,0,38
0,769,115.2382,-0.654219329357147,-0.000352877454133704,0,0,0,0,0,38
0,770,115.38786,-0.660735964775085,-0.000465561490273103,0,0,0,0,0,38
0,771,115.53752,-0.659843802452087,-0.00042453667265363,0,0,0,0,0,38
0,772,115.68718,-0.660115361213684,-0.000392470712540671,0,0,0,0,0,38
0,773,115.83684,-0.662171185016632,-0.000416453083744273,0,0,0,0,0,38
0,774,115.9865,-0.663858532905579,-0.000423711957409978,0,0,0,0,0,38
0,775,116.13616,-0.663839101791382,-0.000391109177144244,0,0,0,0,0,38
0,776,116.28582,-0.666224658489227,-0.000416305236285552,0,0,0,0,0,38
0,777,116.43548,-0.67010360956192,-0.000469085905933753,0,0,0,0,0,38
0,778,116.58514,-0.666922867298126,-0.000377073767594993,0,0,0,0,0,38
0,779,116.7348,-0.671461224555969,-0.000446951307822019,0,0,0,0,0,38
0,780,116.88446,-0.672334015369415,-0.000442586635472253,0,0,0,0,0,38
0,781,117.03412,-0.672469794750214,-0.000411641027312726,0,0,0,0,0,38
0,782,117.18378,-0.675378978252411,-0.000445056852186099,0,0,0,0,0,38
0,783,117.33344,-0.676290512084961,-0.000438412593211979,0,0,0,0,0,38
0,784,117.4831,-0.679432511329651,-0.000480868940940127,0,0,0,0,0,38
0,785,117.63276,-0.678094267845154,-0.000421996432123706,0,0,0,0,0,38
0,786,117.78242,-0.683253228664398,-0.000504660711158067,0,0,0,0,0,38
0,787,117.93208,-0.680053114891052,-0.000406292179832235,0,0,0,0,0,38
0,788,118.08174,-0.682264089584351,-0.000429204752435908,0,0,0,0,0,38
0,789,118.2314,-0.683078706264496,-0.00041098750079982,0,0,0,0,0,38
0,790,118.38106,-0.688683748245239,-0.000500397174619138,0,0,0,0,0,38
0,791,118.53072,-0.686783075332642,-0.000435685651609674,0,0,0,0,0,38
0,792,118.68038,-0.689537107944489,-0.000463495845906436,0,0,0,0,0,38
0,793,118.83004,-0.692116618156433,-0.000494145788252354,0,0,0,0,0,38
0,794,118.9797,-0.68701583147049,-0.000364687730325386,0,0,0,0,0,38
0,795,119.12936,-0.695607662200928,-0.000513168284669518,0,0,0,0,0,38
0,796,119.27902,-0.696810126304626,-0.000510845915414393,0,0,0,0,0,38
0,797,119.42868,-0.697585940361023,-0.000500969006679952,0,0,0,0,0,38
0,798,119.57834,-0.699661195278168,-0.000517466862220317,0,0,0,0,0,38
0,799,119.728,-0.702221274375916,-0.000543363159522414,0,0,0,0,0,38
0,800,119.87766,-0.701794564723969,-0.000503050221595913,0,0,0,0,0,38
0,801,120.02732,-0.70514988899231,-0.000546864233911037,0,0,0,0,0,38
0,802,120.17698,-0.704199552536011,-0.000494445324875414,0,0,0,0,0,38
0,803,120.32664,-0.704917132854462,-0.000490022299345583,0,0,0,0,0,38
0,804,120.4763,-0.705227434635162,-0.000463628093712032,0,0,0,0,0,38
0,805,120.62596,-0.707302689552307,-0.00047093367902562,0,0,0,0,0,38
0,806,120.77562,-0.709727048873901,-0.000496888300403953,0,0,0,0,0,38
0,807,120.92528,-0.713179290294647,-0.000556982296984643,0,0,0,0,0,38
0,808,121.07494,-0.711918652057648,-0.000483794283354655,0,0,0,0,0,38
0,809,121.2246,-0.712442278862,-0.000473407766548917,0,0,0,0,0,38
0,810,121.37426,-0.71705824136734,-0.00053607311565429,0,0,0,0,0,38
0,811,121.52392,-0.718784332275391,-0.000552963872905821,0,0,0,0,0,38
0,812,121.67358,-0.717853426933289,-0.00049914454575628,0,0,0,0,0,38
0,813,121.82324,-0.721790552139282,-0.000549832358956337,0,0,0,0,0,38
0,814,121.9729,-0.71923041343689,-0.000464359443867579,0,0,0,0,0,38
0,815,122.12256,-0.721771121025085,-0.000486350094433874,0,0,0,0,0,38
0,816,122.27222,-0.726290106773376,-0.000557756458874792,0,0,0,0,0,38
0,817,122.42188,-0.727919280529022,-0.000560059386771172,0,0,0,0,0,38
0,818,122.57154,-0.728733837604523,-0.000551470089703798,0,0,0,0,0,38
0,819,122.7212,-0.729276895523071,-0.000531961326487362,0,0,0,0,0,38
0,820,122.87086,-0.729839324951172,-0.000510803132783622,0,0,0,0,0,38
0,821,123.02052,-0.732496440410614,-0.00053852389100939,0,0,0,0,0,38
0,822,123.17018,-0.733020067214966,-0.000526962568983436,0,0,0,0,0,38
0,823,123.31984,-0.735929310321808,-0.000550987722817808,0,0,0,0,0,38
0,824,123.4695,-0.738547563552856,-0.000578183273319155,0,0,0,0,0,38
0,825,123.61916,-0.736666262149811,-0.000514094135724008,0,0,0,0,0,38
0,826,123.76882,-0.743590176105499,-0.000625323271378875,0,0,0,0,0,38
0,827,123.91848,-0.742542862892151,-0.000567232666071504,0,0,0,0,0,38
0,828,124.06814,-0.743182897567749,-0.000559328065719455,0,0,0,0,0,38
0,829,124.2178,-0.744715094566345,-0.000562393397558481,0,0,0,0,0,38
0,830,124.36746,-0.745238780975342,-0.000542285561095923,0,0,0,0,0,38
0,831,124.51712,-0.746732175350189,-0.000532183039467782,0,0,0,0,0,38
0,832,124.66678,-0.74876856803894,-0.00055567134404555,0,0,0,0,0,38
0,833,124.81644,-0.750223219394684,-0.000557764200493693,0,0,0,0,0,38
0,834,124.9661,-0.751445055007935,-0.000544483482372016,0,0,0,0,0,38
0,835,125.11576,-0.751658380031586,-0.000528063450474292,0,0,0,0,0,38
0,836,125.26542,-0.756681621074677,-0.00060258578741923,0,0,0,0,0,38
0,837,125.41508,-0.754199087619781,-0.000515455671120435,0,0,0,0,0,38
0,838,125.56474,-0.760483026504517,-0.000621199782472104,0,0,0,0,0,38
0,839,125.7144,-0.760017514228821,-0.000583069224376231,0,0,0,0,0,38
0,840,125.86406,-0.762422442436218,-0.000599753751885146,0,0,0,0,0,38
0,841,126.01372,-0.761355757713318,-0.000546576338820159,0,0,0,0,0,38
0,842,126.16338,-0.763993442058563,-0.000575347396079451,0,0,0,0,0,38
0,843,126.31304,-0.76568078994751,-0.00057916744844988,0,0,0,0,0,38
0,844,126.4627,-0.770956158638,-0.000662819831632078,0,0,0,0,0,38
0,845,126.61236,-0.768648147583008,-0.000584084540605545,0,0,0,0,0,38
0,846,126.76202,-0.772274971008301,-0.000631644681561738,0,0,0,0,0,38
0,847,126.91168,-0.773942947387695,-0.000638685713056475,0,0,0,0,0,38
0,848,127.06134,-0.773729562759399,-0.000594167620874941,0,0,0,0,0,38
0,849,127.211,-0.773574411869049,-0.000565007561817765,0,0,0,0,0,38
0,850,127.36066,-0.772759854793549,-0.000516502128448337,0,0,0,0,0,38
0,851,127.51032,-0.774796307086945,-0.000526748597621918,0,0,0,0,0,38
0,852,127.65998,-0.77859765291214,-0.000574269855860621,0,0,0,0,0,38
0,853,127.80964,-0.783543288707733,-0.000658532953821123,0,0,0,0,0,38
0,854,127.9593,-0.783737242221832,-0.000626175198704004,0,0,0,0,0,38
0,855,128.10896,-0.785094916820526,-0.000626929919235408,0,0,0,0,0,38
0,856,128.25862,-0.782108128070831,-0.000530016259290278,0,0,0,0,0,38
0,857,128.40828,-0.787848949432373,-0.000629306712653488,0,0,0,0,0,38
0,858,128.55794,-0.788042902946472,-0.00059249100740999,0,0,0,0,0,38
0,859,128.7076,-0.790312051773071,-0.000613267940934747,0,0,0,0,0,38
0,860,128.85726,-0.789885401725769,-0.000571686832699925,0,0,0,0,0,38
0,861,129.00692,-0.795277118682861,-0.000656801857985556,0,0,0,0,0,38
0,862,129.15658,-0.795393466949463,-0.000630893919151276,0,0,0,0,0,38
0,863,129.30624,-0.795432269573212,-0.000605098728556186,0,0,0,0,0,38
0,864,129.4559,-0.799059092998505,-0.000649846391752362,0,0,0,0,0,38
0,865,129.60556,-0.801405847072601,-0.000667133892420679,0,0,0,0,0,38
0,866,129.75522,-0.800222754478455,-0.000612400413956493,0,0,0,0,0,38
0,867,129.90488,-0.799757301807404,-0.000562817440368235,0,0,0,0,0,38
0,868,130.05454,-0.803539276123047,-0.000619643775280565,0,0,0,0,0,38
0,869,130.2042,-0.802569508552551,-0.000567979586776346,0,0,0,0,0,38
0,870,130.35386,-0.805459320545197,-0.000600687402766198,0,0,0,0,0,38
0,871,130.50352,-0.812906920909882,-0.00073461519787088,0,0,0,0,0,38
0,872,130.65318,-0.809978306293488,-0.000636542274150997,0,0,0,0,0,38
0,873,130.80284,-0.810133457183838,-0.000608541478868574,0,0,0,0,0,38
0,874,130.9525,-0.811685025691986,-0.000609790207818151,0,0,0,0,0,38
0,875,131.10216,-0.812422037124634,-0.000594362150877714,0,0,0,0,0,38
0,876,131.25182,-0.81329482793808,-0.000581629865337163,0,0,0,0,0,38
0,877,131.40148,-0.815389454364777,-0.000594825018197298,0,0,0,0,0,38
0,878,131.55114,-0.816941022872925,-0.000595112913288176,0,0,0,0,0,38
0,879,131.7008,-0.822468519210815,-0.000678850861731917,0,0,0,0,0,38
0,880,131.85046,-0.822584867477417,-0.000654864590615034,0,0,0,0,0,38
0,881,132.00012,-0.820548415184021,-0.000575137324631214,0,0,0,0,0,38
0,882,132.14978,-0.825823783874512,-0.000651157344691455,0,0,0,0,0,38
0,883,132.29944,-0.828015387058258,-0.000672229914925992,0,0,0,0,0,38
0,884,132.4491,-0.826521992683411,-0.000609657960012555,0,0,0,0,0,38
0,885,132.59876,-0.828306317329407,-0.000612828356679529,0,0,0,0,0,38
0,886,132.74842,-0.830827653408051,-0.000638985249679536,0,0,0,0,0,38
0,887,132.89808,-0.827355980873108,-0.000535139522980899,0,0,0,0,0,38
0,888,133.04774,-0.833445906639099,-0.000627295579761267,0,0,0,0,0,38
0,889,133.1974,-0.836839973926544,-0.000665803498122841,0,0,0,0,0,38
0,890,133.34706,-0.837848544120789,-0.00066227518254891,0,0,0,0,0,38
0,891,133.49672,-0.835346579551697,-0.000577272963710129,0,0,0,0,0,38
0,892,133.64638,-0.83771276473999,-0.000590203620959073,0,0,0,0,0,38
0,893,133.79604,-0.842115342617035,-0.000657961121760309,0,0,0,0,0,38
0,894,133.9457,-0.844306945800781,-0.000666145817376673,0,0,0,0,0,38
0,895,134.09536,-0.84500515460968,-0.000651452981401235,0,0,0,0,0,38
0,896,134.24502,-0.845994293689728,-0.000643030973151326,0,0,0,0,0,38
0,897,134.39468,-0.847914397716522,-0.000649134512059391,0,0,0,0,0,38
0,898,134.54434,-0.849989593029022,-0.000660711375530809,0,0,0,0,0,38
0,899,134.694,-0.852297604084015,-0.000674696231726557,0,0,0,0,0,38
0,900,134.84366,-0.852491557598114,-0.000643357692752033,0,0,0,0,0,38
0,901,134.99332,-0.851599395275116,-0.000596727302763611,0,0,0,0,0,38
0,902,135.14298,-0.851987242698669,-0.000566882605198771,0,0,0,0,0,38
0,903,135.29264,-0.855672240257263,-0.000617978803347796,0,0,0,0,0,38
0,904,135.4423,-0.854877054691315,-0.000569197174627334,0,0,0,0,0,38
0,905,135.59196,-0.858387529850006,-0.000607121619395912,0,0,0,0,0,38
0,906,135.74162,-0.858775436878204,-0.0005811708397232,0,0,0,0,0,38
0,907,135.89128,-0.862130701541901,-0.00061955041019246,0,0,0,0,0,38
0,908,136.04094,-0.862809538841248,-0.000602620770223439,0,0,0,0,0,38
0,909,136.1906,-0.863721072673798,-0.000588476425036788,0,0,0,0,0,38
0,910,136.34026,-0.86804610490799,-0.00064571900293231,0,0,0,0,0,38
0,911,136.48992,-0.866300582885742,-0.000576246005948633,0,0,0,0,0,38
0,912,136.63958,-0.866552710533142,-0.000547296018339694,0,0,0,0,0,38
0,913,136.78924,-0.873302042484283,-0.000662835373077542,0,0,0,0,0,38
0,914,136.9389,-0.872448682785034,-0.000609766866546124,0,0,0,0,0,38
0,915,137.08856,-0.871537148952484,-0.00055700953816995,0,0,0,0,0,38
0,916,137.23822,-0.876812517642975,-0.000633301853667945,0,0,0,0,0,38
0,917,137.38788,-0.874349355697632,-0.000552963872905821,0,0,0,0,0,38
0,918,137.53754,-0.877374947071075,-0.00058376940432936,0,0,0,0,0,38
0,919,137.6872,-0.879663527011871,-0.000607662310358137,0,0,0,0,0,38
0,920,137.83686,-0.882068455219269,-0.00061940256273374,0,0,0,0,0,38
0,921,137.98652,-0.87995445728302,-0.000543044123332947,0,0,0,0,0,38
0,922,138.13618,-0.882650315761566,-0.000573468510992825,0,0,0,0,0,38
0,923,138.28584,-0.883193373680115,-0.000552454264834523,0,0,0,0,0,38
0,924,138.4355,-0.886451661586761,-0.000586698646657169,0,0,0,0,0,38
0,925,138.58516,-0.888992369174957,-0.000609537353739142,0,0,0,0,0,38
0,926,138.73482,-0.894287168979645,-0.000684145255945623,0,0,0,0,0,38
0,927,138.88448,-0.890757322311401,-0.00058651581639424,0,0,0,0,0,38
0,928,139.03414,-0.895004749298096,-0.000650888949166983,0,0,0,0,0,38
0,929,139.1838,-0.895353853702545,-0.000630586582701653,0,0,0,0,0,38
0,930,139.33346,-0.897952735424042,-0.000652055954560637,0,0,0,0,0,38
0,931,139.48312,-0.896129667758942,-0.00058800185797736,0,0,0,0,0,38
0,932,139.63278,-0.899116456508636,-0.000619165308307856,0,0,0,0,0,38
0,933,139.78244,-0.900590419769287,-0.000616306089796126,0,0,0,0,0,38
0,934,139.9321,-0.901657164096832,-0.000624743697699159,0,0,0,0,0,38
0,935,140.08176,-0.906680345535278,-0.00068795750848949,0,0,0,0,0,38
0,936,140.23142,-0.905594289302826,-0.000643178762402385,0,0,0,0,0,38
0,937,140.38108,-0.907494962215424,-0.000660271791275591,0,0,0,0,0,38
0,938,140.53074,-0.908231973648071,-0.000647866341751069,0,0,0,0,0,38
0,939,140.6804,-0.906971275806427,-0.000594852259382606,0,0,0,0,0,38
0,940,140.83006,-0.911839365959167,-0.000664364197291434,0,0,0,0,0,38
0,941,140.97972,-0.912110865116119,-0.00065499683842063,0,0,0,0,0,38
0,942,141.12938,-0.913681864738464,-0.000655358599033207,0,0,0,0,0,38
0,943,141.27904,-0.915931642055511,-0.00066965859150514,0,0,0,0,0,38
0,944,141.4287,-0.918006896972656,-0.000690412183757871,0,0,0,0,0,38
0,945,141.57836,-0.920237302780151,-0.000710671709384769,0,0,0,0,0,38
0,946,141.72802,-0.918259024620056,-0.000641237653326243,0,0,0,0,0,38
0,947,141.87768,-0.921497941017151,-0.000682348036207259,0,0,0,0,0,38
0,948,142.02734,-0.925784170627594,-0.000758228008635342,0,0,0,0,0,38
0,949,142.177,-0.921730637550354,-0.000640304002445191,0,0,0,0,0,38
0,950,142.32666,-0.922681033611298,-0.000643548322841525,0,0,0,0,0,38
0,951,142.47632,-0.924077451229095,-0.000643700070213526,0,0,0,0,0,38
0,952,142.62598,-0.929973423480988,-0.000737524940632284,0,0,0,0,0,38
0,953,142.77564,-0.934085071086884,-0.000796343025285751,0,0,0,0,0,38
0,954,142.9253,-0.926695704460144,-0.000628692097961903,0,0,0,0,0,38
0,955,143.07496,-0.93328994512558,-0.000737933441996574,0,0,0,0,0,38
0,956,143.22462,-0.937789499759674,-0.000808748474810272,0,0,0,0,0,38
0,957,143.37428,-0.936839163303375,-0.000756473571527749,0,0,0,0,0,38
0,958,143.52394,-0.941416323184967,-0.000831766112241894,0,0,0,0,0,38
0,959,143.6736,-0.942851483821869,-0.000837410625535995,0,0,0,0,0,38
0,960,143.82326,-0.942405462265015,-0.000808137760031968,0,0,0,0,0,38
0,961,143.97292,-0.942289054393768,-0.000783365685492754,0,0,0,0,0,38
0,962,144.12258,-0.942793309688568,-0.000770310580264777,0,0,0,0,0,38
0,963,144.27224,-0.943142414093018,-0.00075655133696273,0,0,0,0,0,38
0,964,144.4219,-0.950939118862152,-0.000890790368430316,0,0,0,0,0,38
0,965,144.57156,-0.948747515678406,-0.000828821328468621,0,0,0,0,0,38
0,966,144.72122,-0.947719573974609,-0.000783482391852885,0,0,0,0,0,38
0,967,144.87088,-0.945120692253113,-0.000716090609785169,0,0,0,0,0,38
0,968,145.02054,-0.954410791397095,-0.000879092840477824,0,0,0,0,0,38
0,969,145.1702,-0.951559722423553,-0.000806628377176821,0,0,0,0,0,38
0,970,145.31986,-0.958987891674042,-0.000925104774069041,0,0,0,0,0,38
0,971,145.46952,-0.9516761302948,-0.000762888288591057,0,0,0,0,0,38
0,972,145.61918,-0.955399870872498,-0.000814101251307875,0,0,0,0,0,38
0,973,145.76884,-0.964360237121582,-0.000968378037214279,0,0,0,0,0,38
0,974,145.9185,-0.959938228130341,-0.000864209432620555,0,0,0,0,0,38
0,975,146.06816,-0.960578262805939,-0.000849956122692674,0,0,0,0,0,38
0,976,146.21782,-0.967560350894928,-0.00096882542129606,0,0,0,0,0,38
0,977,146.36748,-0.972253918647766,-0.00103517470415682,0,0,0,0,0,38
0,978,146.51714,-0.973708510398865,-0.00104539003223181,0,0,0,0,0,38
0,979,146.6668,-0.963235378265381,-0.000827405310701579,0,0,0,0,0,38
0,980,146.81646,-0.968665897846222,-0.000906292349100113,0,0,0,0,0,38
0,981,146.96612,-0.969344675540924,-0.000911715091206133,0,0,0,0,0,38
0,982,147.11578,-0.975298881530762,-0.00100151763763279,0,0,0,0,0,38
0,983,147.26544,-0.980069994926453,-0.00107044214382768,0,0,0,0,0,38
0,984,147.4151,-0.977393507957459,-0.000996795133687556,0,0,0,0,0,38
0,985,147.56476,-0.98323130607605,-0.00108895113226026,0,0,0,0,0,38
0,986,147.71442,-0.980302691459656,-0.00102032616268843,0,0,0,0,0,38
0,987,147.86408,-0.975803136825562,-0.000915052776690573,0,0,0,0,0,38
0,988,148.01374,-0.979720890522003,-0.000970645982306451,0,0,0,0,0,38
0,989,148.1634,-0.982009470462799,-0.000994577771052718,0,0,0,0,0,38
0,990,148.31306,-0.981485784053802,-0.00096641352865845,0,0,0,0,0,38
0,991,148.46272,-0.989941895008087,-0.00110817595850676,0,0,0,0,0,38
0,992,148.61238,-0.989903092384338,-0.00109769217669964,0,0,0,0,0,38
0,993,148.76204,-0.997137308120728,-0.00121450750157237,0,0,0,0,0,38
0,994,148.9117,-0.990232825279236,-0.00106459145899862,0,0,0,0,0,38
0,995,149.06136,-0.989301860332489,-0.00103779265191406,0,0,0,0,0,38
0,996,149.21102,-0.985907793045044,-0.000955599127337337,0,0,0,0,0,38
0,997,149.36068,-0.994150519371033,-0.00109217606950551,0,0,0,0,0,38
0,998,149.51034,-0.999348342418671,-0.00116525124758482,0,0,0,0,0,38
0,999,149.66,-0.992133498191834,-0.00101115729194134,0,0,0,0,0,38
0,1000,149.80966,-1.00126838684082,-0.0011760073248297,0,0,0,0,0,38
1,1001,150.02966,-1.00000774860382,-0.00117248296737671,0,0,0,0,0,38
1,1002,150.24966,-0.993045032024384,-0.00107572879642248,0,0,0,0,0,38
1,1003,150.46966,-0.985073804855347,-0.000948172935750335,0,0,0,0,0,38
1,1004,150.68966,-0.985151410102844,-0.000973349553532898,0,0,0,0,0,38
1,1005,150.90966,-0.991008579730988,-0.00110510282684118,0,0,0,0,0,38
1,1006,151.12966,-0.985131978988647,-0.00101271725725383,0,0,0,0,0,38
1,1007,151.34966,-0.99052369594574,-0.00114500732161105,0,0,0,0,0,38
1,1008,151.56966,-0.980690598487854,-0.00099120510276407,0,0,0,0,0,38
1,1009,151.78966,-0.987730860710144,-0.00113592785783112,0,0,0,0,0,38
1,1010,152.00966,-0.97062474489212,-0.000861389096826315,0,0,0,0,0,38
1,1011,152.22966,-0.979313552379608,-0.00103720533661544,0,0,0,0,0,38
1,1012,152.44966,-0.980419099330902,-0.00107426615431905,0,0,0,0,0,38
1,1013,152.66966,-0.976559519767761,-0.00104514101985842,0,0,0,0,0,38
1,1014,152.88966,-0.974678218364716,-0.00104067521169782,0,0,0,0,0,38
1,1015,153.10966,-0.962362587451935,-0.000848186144139618,0,0,0,0,0,38
1,1016,153.32966,-0.969247698783875,-0.00098905770573765,0,0,0,0,0,38
1,1017,153.54966,-0.960907995700836,-0.000873541692271829,0,0,0,0,0,38
1,1018,153.76966,-0.960423111915588,-0.000889817834831774,0,0,0,0,0,38
1,1019,153.98966,-0.953266501426697,-0.000812724174465984,0,0,0,0,0,38
1,1020,154.20966,-0.955419301986694,-0.000910334114450961,0,0,0,0,0,38
1,1021,154.42966,-0.959298253059387,-0.000998677918687463,0,0,0,0,0,38
1,1022,154.64966,-0.947486877441406,-0.00081527215661481,0,0,0,0,0,38
1,1023,154.86966,-0.949988782405853,-0.000884846318513155,0,0,0,0,0,38
1,1024,155.08966,-0.946148633956909,-0.000843451940454543,0,0,0,0,0,38
1,1025,155.30966,-0.949329376220703,-0.000932616530917585,0,0,0,0,0,38
1,1026,155.52966,-0.94529527425766,-0.000881240179296583,0,0,0,0,0,38
1,1027,155.74966,-0.944325506687164,-0.000893307209480554,0,0,0,0,0,38
1,1028,155.96966,-0.943181216716766,-0.000910353555809706,0,0,0,0,0,38
1,1029,156.18966,-0.932727456092834,-0.000740084622520953,0,0,0,0,0,38
1,1030,156.40966,-0.928790330886841,-0.000692711211740971,0,0,0,0,0,38
1,1031,156.62966,-0.931098341941834,-0.000776293512899429,0,0,0,0,0,38
1,1032,156.84966,-0.921575486660004,-0.000631411268841475,0,0,0,0,0,38
1,1033,157.06966,-0.927374541759491,-0.000765658041927964,0,0,0,0,0,38
1,1034,157.28966,-0.922584056854248,-0.000708769483026117,0,0,0,0,0,38
1,1035,157.50966,-0.921905219554901,-0.000725566816981882,0,0,0,0,0,38
1,1036,157.72966,-0.924736857414246,-0.000814929837360978,0,0,0,0,0,38
1,1037,157.94966,-0.911529064178467,-0.000596264377236366,0,0,0,0,0,38
1,1038,158.16966,-0.915543735027313,-0.000695056922268122,0,0,0,0,0,38
1,1039,158.38966,-0.914321899414063,-0.000709033978637308,0,0,0,0,0,38
1,1040,158.60966,-0.908833205699921,-0.000644077372271568,0,0,0,0,0,38
1,1041,158.82966,-0.914321899414063,-0.000773691048379987,0,0,0,0,0,38
1,1042,159.04966,-0.908076763153076,-0.000691217428538948,0,0,0,0,0,38
1,1043,159.26966,-0.904178440570831,-0.000656346732284874,0,0,0,0,0,38
1,1044,159.48966,-0.903092324733734,-0.000689618580508977,0,0,0,0,0,38
1,1045,159.70966,-0.897894561290741,-0.000633134564850479,0,0,0,0,0,38
1,1046,159.92966,-0.894733250141144,-0.000611245108302683,0,0,0,0,0,38
1,1047,160.14966,-0.900435268878937,-0.000750459497794509,0,0,0,0,0,38
1,1048,160.36966,-0.892017960548401,-0.000623292697127908,0,0,0,0,0,38
1,1049,160.58966,-0.889845728874207,-0.000611322873737663,0,0,0,0,0,38
1,1050,160.80966,-0.883426129817963,-0.000521994894370437,0,0,0,0,0,38
1,1051,161.02966,-0.888429939746857,-0.000650044763460755,0,0,0,0,0,38
1,1052,161.24966,-0.881389677524567,-0.000541670946404338,0,0,0,0,0,38
1,1053,161.46966,-0.884550988674164,-0.000650196510832757,0,0,0,0,0,38
1,1054,161.68966,-0.883173942565918,-0.000660256249830127,0,0,0,0,0,38
1,1055,161.90966,-0.879760503768921,-0.000626906577963382,0,0,0,0,0,38
1,1056,162.12966,-0.877782225608826,-0.000624891486950219,0,0,0,0,0,38
1,1057,162.34966,-0.876153111457825,-0.000627334462478757,0,0,0,0,0,38
1,1058,162.56966,-0.869306743144989,-0.000534361461177468,0,0,0,0,0,38
1,1059,162.78966,-0.871381998062134,-0.000617718207649887,0,0,0,0,0,38
1,1060,163.00966,-0.866863012313843,-0.000559557578526437,0,0,0,0,0,38
1,1061,163.22966,-0.867076337337494,-0.000595603080000728,0,0,0,0,0,38
1,1062,163.44966,-0.858581483364105,-0.000468245649244636,0,0,0,0,0,38
1,1063,163.66966,-0.857398390769959,-0.00048388764844276,0,0,0,0,0,38
1,1064,163.88966,-0.856428682804108,-0.000493422267027199,0,0,0,0,0,38
1,1065,164.10966,-0.859551191329956,-0.000593486882280558,0,0,0,0,0,38
1,1066,164.32966,-0.853073358535767,-0.000502925715409219,0,0,0,0,0,38
1,1067,164.54966,-0.853616416454315,-0.000552819925360382,0,0,0,0,0,38
1,1068,164.76966,-0.845334887504578,-0.000432013388490304,0,0,0,0,0,38
1,1069,164.98966,-0.850144743919373,-0.000551559554878622,0,0,0,0,0,38
1,1070,165.20966,-0.847351908683777,-0.00053766806377098,0,0,0,0,0,38
1,1071,165.42966,-0.845664620399475,-0.000536395993549377,0,0,0,0,0,38
1,1072,165.64966,-0.845393061637878,-0.000567329931072891,0,0,0,0,0,38
1,1073,165.86966,-0.837673962116241,-0.000456240843050182,0,0,0,0,0,38
1,1074,166.08966,-0.834997475147247,-0.000443403550889343,0,0,0,0,0,38
1,1075,166.30966,-0.831971943378448,-0.000420261465478688,0,0,0,0,0,38
1,1076,166.52966,-0.827608108520508,-0.000373654387658462,0,0,0,0,0,38
1,1077,166.74966,-0.826037168502808,-0.000371312547940761,0,0,0,0,0,38
1,1078,166.96966,-0.824873447418213,-0.000382632686523721,0,0,0,0,0,38
1,1079,167.18966,-0.823418855667114,-0.000400243094190955,0,0,0,0,0,38
1,1080,167.40966,-0.818802893161774,-0.000346112588886172,0,0,0,0,0,38
1,1081,167.62966,-0.820509672164917,-0.000424077617935836,0,0,0,0,0,38
1,1082,167.84966,-0.819811463356018,-0.000435786787420511,0,0,0,0,0,38
1,1083,168.06966,-0.817309498786926,-0.000427866587415338,0,0,0,0,0,38
1,1084,168.28966,-0.813159048557281,-0.000384297629352659,0,0,0,0,0,38
1,1085,168.50966,-0.818492591381073,-0.000526231189724058,0,0,0,0,0,38
1,1086,168.72966,-0.811995387077332,-0.000433289358625188,0,0,0,0,0,38
1,1087,168.94966,-0.806254506111145,-0.000368667300790548,0,0,0,0,0,38
1,1088,169.16966,-0.800591289997101,-0.000299248757073656,0,0,0,0,0,38
1,1089,169.38966,-0.799136638641357,-0.000309292954625562,0,0,0,0,0,38
1,1090,169.60966,-0.797003269195557,-0.000297144229989499,0,0,0,0,0,38
1,1091,169.82966,-0.802569508552551,-0.000445200770627707,0,0,0,0,0,38
1,1092,170.04966,-0.792949736118317,-0.000305488443700597,0,0,0,0,0,38
1,1093,170.26966,-0.79481166601181,-0.000370281661162153,0,0,0,0,0,38
1,1094,170.48966,-0.790176331996918,-0.000318893668008968,0,0,0,0,0,38
1,1095,170.70966,-0.786142230033875,-0.000286294787656516,0,0,0,0,0,38
1,1096,170.92966,-0.786258578300476,-0.00032194351661019,0,0,0,0,0,38
1,1097,171.14966,-0.788159251213074,-0.000395936775021255,0,0,0,0,0,38
1,1098,171.36966,-0.784842789173126,-0.000371285306755453,0,0,0,0,0,38
1,1099,171.58966,-0.777996420860291,-0.000280257372651249,0,0,0,0,0,38
1,1100,171.80966,-0.781312942504883,-0.000378042401280254,0,0,0,0,0,38
1,1101,172.02966,-0.772139251232147,-0.000248716591158882,0,0,0,0,0,38
1,1102,172.24966,-0.772740483283997,-0.000297688849968836,0,0,0,0,0,38
1,1103,172.46966,-0.775203585624695,-0.000383834732929245,0,0,0,0,0,38
1,1104,172.68966,-0.772410750389099,-0.000364092556992546,0,0,0,0,0,38
1,1105,172.90966,-0.775319933891296,-0.000447900500148535,0,0,0,0,0,38
1,1106,173.12966,-0.768842101097107,-0.000378458615159616,0,0,0,0,0,38
1,1107,173.34966,-0.758407771587372,-0.000219377572648227,0,0,0,0,0,38
1,1108,173.56966,-0.762810349464417,-0.00033311580773443,0,0,0,0,0,38
1,1109,173.78966,-0.756119191646576,-0.000247600139118731,0,0,0,0,0,38
1,1110,174.00966,-0.76087087392807,-0.000381177786039189,0,0,0,0,0,38
1,1111,174.22966,-0.754548192024231,-0.000303403357975185,0,0,0,0,0,38
1,1112,174.44966,-0.753694832324982,-0.000318609701935202,0,0,0,0,0,38
1,1113,174.66966,-0.744637489318848,-0.00019763590535149,0,0,0,0,0,38
1,1114,174.88966,-0.753035426139832,-0.000387903739465401,0,0,0,0,0,38
1,1115,175.10966,-0.749505579471588,-0.000360634265234694,0,0,0,0,0,38
1,1116,175.32966,-0.74141800403595,-0.000252482190262526,0,0,0,0,0,38
1,1117,175.54966,-0.745975732803345,-0.000366807827958837,0,0,0,0,0,38
1,1118,175.76966,-0.735269844532013,-0.000212301514693536,0,0,0,0,0,38
1,1119,175.98966,-0.732709765434265,-0.00020624854369089,0,0,0,0,0,38
1,1120,176.20966,-0.740467667579651,-0.000391891080653295,0,0,0,0,0,38
1,1121,176.42966,-0.733349800109863,-0.000290441617835313,0,0,0,0,0,38
1,1122,176.64966,-0.729800581932068,-0.00026600799174048,0,0,0,0,0,38
1,1123,176.86966,-0.725844025611877,-0.000229756318731233,0,0,0,0,0,38
1,1124,177.08966,-0.733466148376465,-0.000402367091737688,0,0,0,0,0,38
1,1125,177.30966,-0.724020957946777,-0.000268727162620053,0,0,0,0,0,38
1,1126,177.52966,-0.726639211177826,-0.000354180607246235,0,0,0,0,0,38
1,1127,177.74966,-0.72237241268158,-0.000320998224196956,0,0,0,0,0,38
1,1128,177.96966,-0.72384637594223,-0.000382978905690834,0,0,0,0,0,38
1,1129,178.18966,-0.721460819244385,-0.000370771827874705,0,0,0,0,0,38
1,1130,178.40966,-0.709862768650055,-0.000201490969629958,0,0,0,0,0,38
1,1131,178.62966,-0.703714668750763,-0.000126424041809514,0,0,0,0,0,38
1,1132,178.84966,-0.710754930973053,-0.000300485815387219,0,0,0,0,0,38
1,1133,179.06966,-0.711394965648651,-0.000349496956914663,0,0,0,0,0,38
1,1134,179.28966,-0.706255376338959,-0.000304329209029675,0,0,0,0,0,38
1,1135,179.50966,-0.701212763786316,-0.000233774771913886,0,0,0,0,0,38
1,1136,179.72966,-0.701872169971466,-0.000295654317596927,0,0,0,0,0,38
1,1137,179.94966,-0.696267068386078,-0.000228694319957867,0,0,0,0,0,38
1,1138,180.16966,-0.694560348987579,-0.00023592209618073,0,0,0,0,0,38
1,1139,180.38966,-0.687345504760742,-0.000142669028718956,0,0,0,0,0,38
1,1140,180.60966,-0.689149260520935,-0.000224034010898322,0,0,0,0,0,38
1,1141,180.82966,-0.691224455833435,-0.000292775657726452,0,0,0,0,0,38
1,1142,181.04966,-0.691205084323883,-0.000329085683915764,0,0,0,0,0,38
1,1143,181.26966,-0.688373446464539,-0.000316330115310848,0,0,0,0,0,38
1,1144,181.48966,-0.677027523517609,-0.000148893159348518,0,0,0,0,0,38
1,1145,181.70966,-0.686996400356293,-0.00036477719550021,0,0,0,0,0,38
1,1146,181.92966,-0.678113639354706,-0.000241391549934633,0,0,0,0,0,38
1,1147,182.14966,-0.672469794750214,-0.00018158541934099,0,0,0,0,0,38
1,1148,182.36966,-0.675631105899811,-0.000275184691417962,0,0,0,0,0,38
1,1149,182.58966,-0.672120690345764,-0.000247370626311749,0,0,0,0,0,38
1,1150,182.80966,-0.664362788200378,-0.000143867175211199,0,0,0,0,0,38
1,1151,183.02966,-0.67070484161377,-0.000303893524687737,0,0,0,0,0,38
1,1152,183.24966,-0.667950809001923,-0.000291896489216015,0,0,0,0,0,38
1,1153,183.46966,-0.665778577327728,-0.000289982592221349,0,0,0,0,0,38
1,1154,183.68966,-0.657904326915741,-0.000183063646545634,0,0,0,0,0,38
1,1155,183.90966,-0.649506449699402,-6.86524217599072E-05,0,0,0,0,0,38
1,1156,184.12966,-0.65652734041214,-0.000243414397118613,0,0,0,0,0,38
1,1157,184.34966,-0.654646039009094,-0.000245386676397175,0,0,0,0,0,38
1,1158,184.56966,-0.655848503112793,-0.000303761247778311,0,0,0,0,0,38
1,1159,184.78966,-0.652667760848999,-0.000291421922156587,0,0,0,0,0,38
1,1160,185.00966,-0.649661600589752,-0.000262884248513728,0,0,0,0,0,38
1,1161,185.22966,-0.650030076503754,-0.000311537529341877,0,0,0,0,0,38
1,1162,185.44966,-0.642815232276917,-0.000225391646381468,0,0,0,0,0,38
1,1163,185.66966,-0.643998324871063,-0.000282863737083972,0,0,0,0,0,38
1,1164,185.88966,-0.635406494140625,-0.00016174599295482,0,0,0,0,0,38
1,1165,186.10966,-0.634107053279877,-0.000182954725460149,0,0,0,0,0,38
1,1166,186.32966,-0.628191649913788,-0.000107557141745929,0,0,0,0,0,38
1,1167,186.54966,-0.63342821598053,-0.000247724616201594,0,0,0,0,0,38
1,1168,186.76966,-0.632439076900482,-0.000259756634477526,0,0,0,0,0,38
1,1169,186.98966,-0.62638795375824,-0.000192528226762079,0,0,0,0,0,38
1,1170,187.20966,-0.624642431735992,-0.000200304493773729,0,0,0,0,0,38
1,1171,187.42966,-0.618979156017303,-0.000129835651023313,0,0,0,0,0,38
1,1172,187.64966,-0.617194831371307,-0.00014066175208427,0,0,0,0,0,38
1,1173,187.86966,-0.617000877857208,-0.000179792084963992,0,0,0,0,0,38
1,1174,188.08966,-0.617156028747559,-0.000229565703193657,0,0,0,0,0,38
1,1175,188.30966,-0.613858938217163,-0.000197258559637703,0,0,0,0,0,38
1,1176,188.52966,-0.611550986766815,-0.000197067944100127,0,0,0,0,0,38
1,1177,188.74966,-0.616341471672058,-0.000326456007314846,0,0,0,0,0,38
1,1178,188.96966,-0.610096395015717,-0.000250058656092733,0,0,0,0,0,38
1,1179,189.18966,-0.599642634391785,-8.71886659297161E-05,0,0,0,0,0,38
1,1180,189.40966,-0.597625553607941,-9.73612332018092E-05,0,0,0,0,0,38
1,1181,189.62966,-0.594367265701294,-7.85098891356029E-05,0,0,0,0,0,38
1,1182,189.84966,-0.595511555671692,-0.000140486692544073,0,0,0,0,0,38
1,1183,190.06966,-0.598440170288086,-0.000234677267144434,0,0,0,0,0,38
1,1184,190.28966,-0.601271748542786,-0.000329136266373098,0,0,0,0,0,38
1,1185,190.50966,-0.595821857452393,-0.000270878372248262,0,0,0,0,0,38
1,1186,190.72966,-0.592524766921997,-0.000249801902100444,0,0,0,0,0,38
1,1187,190.94966,-0.586279690265656,-0.000166332407388836,0,0,0,0,0,38
1,1188,191.16966,-0.589596152305603,-0.000274406687822193,0,0,0,0,0,38
1,1189,191.38966,-0.582458913326263,-0.000182095012860373,0,0,0,0,0,38
1,1190,191.60966,-0.578230857849121,-0.000139117386424914,0,0,0,0,0,38
1,1191,191.82966,-0.574894964694977,-0.000117729709018022,0,0,0,0,0,38
1,1192,192.04966,-0.575845301151276,-0.000179301932803355,0,0,0,0,0,38
1,1193,192.26966,-0.576659858226776,-0.000237233049119823,0,0,0,0,0,38
1,1194,192.48966,-0.574836790561676,-0.00023759483883623,0,0,0,0,0,38
1,1195,192.70966,-0.567195236682892,-0.000135180613142438,0,0,0,0,0,38
1,1196,192.92966,-0.56692373752594,-0.000177356894710101,0,0,0,0,0,38
1,1197,193.14966,-0.567971050739288,-0.00023403151135426,0,0,0,0,0,38
1,1198,193.36966,-0.566109180450439,-0.000240302324527875,0,0,0,0,0,38
1,1199,193.58966,-0.565139412879944,-0.00025999391800724,0,0,0,0,0,38
1,1200,193.80966,-0.554433524608612,-9.70928158494644E-05,0,0,0,0,0,38
1,1201,194.02966,-0.562055647373199,-0.000288391544017941,0,0,0,0,0,38
1,1202,194.24966,-0.556838512420654,-0.000226702599320561,0,0,0,0,0,38
1,1203,194.46966,-0.551524341106415,-0.000166200145031326,0,0,0,0,0,38
1,1204,194.68966,-0.549740016460419,-0.000176528308656998,0,0,0,0,0,38
1,1205,194.90966,-0.548867285251617,-0.000200055525056086,0,0,0,0,0,38
1,1206,195.12966,-0.543960392475128,-0.000148309642099775,0,0,0,0,0,38
1,1207,195.34966,-0.541536033153534,-0.000140653966809623,0,0,0,0,0,38
1,1208,195.56966,-0.543107032775879,-0.000216129352338612,0,0,0,0,0,38
1,1209,195.78966,-0.54382461309433,-0.000271582481218502,0,0,0,0,0,38
1,1210,196.00966,-0.533661782741547,-0.000114994974865112,0,0,0,0,0,38
1,1211,196.22966,-0.536958873271942,-0.000219408699194901,0,0,0,0,0,38
1,1212,196.44966,-0.52949196100235,-0.000114757684059441,0,0,0,0,0,38
1,1213,196.66966,-0.527552485466003,-0.000118538839160465,0,0,0,0,0,38
1,1214,196.88966,-0.525671184062958,-0.000124700731248595,0,0,0,0,0,38
1,1215,197.10966,-0.530170738697052,-0.000249805802013725,0,0,0,0,0,38
1,1216,197.32966,-0.519018769264221,-8.2645048678387E-05,0,0,0,0,0,38
1,1217,197.54966,-0.523072302341461,-0.000198503388673998,0,0,0,0,0,38
1,1218,197.76966,-0.514208912849426,-7.6537617132999E-05,0,0,0,0,0,38
1,1219,197.98966,-0.517312049865723,-0.000172688800375909,0,0,0,0,0,38
1,1220,198.20966,-0.512793064117432,-0.000123315869132057,0,0,0,0,0,38
1,1221,198.42966,-0.507944405078888,-7.41491021472029E-05,0,0,0,0,0,38
1,1222,198.64966,-0.510582089424133,-0.000168717029737309,0,0,0,0,0,38
1,1223,198.86966,-0.508797764778137,-0.00017094993381761,0,0,0,0,0,38
1,1224,199.08966,-0.502707839012146,-9.86877494142391E-05,0,0,0,0,0,38
1,1225,199.30966,-0.502862989902496,-0.000139953743200749,0,0,0,0,0,38
1,1226,199.52966,-0.50563645362854,-0.000234832870773971,0,0,0,0,0,38
1,1227,199.74966,-0.504627883434296,-0.00025446611107327,0,0,0,0,0,38
1,1228,199.96966,-0.498188853263855,-0.000173023348907009,0,0,0,0,0,38
1,1229,200.18966,-0.494154751300812,-0.000139241863507777,0,0,0,0,0,38
1,1230,200.40966,-0.494057774543762,-0.000184541888302192,0,0,0,0,0,38
1,1231,200.62966,-0.489732772111893,-0.000134188652737066,0,0,0,0,0,38
1,1232,200.84966,-0.48917031288147,-0.000160361130838282,0,0,0,0,0,38
1,1233,201.06966,-0.484030723571777,-0.000115901370008942,0,0,0,0,0,38
1,1234,201.28966,-0.485950797796249,-0.000183230920811184,0,0,0,0,0,38
1,1235,201.50966,-0.48831695318222,-0.000267890805844218,0,0,0,0,0,38
1,1236,201.72966,-0.476117670536041,-8.29445853014477E-05,0,0,0,0,0,38
1,1237,201.94966,-0.478115320205688,-0.000153106113430113,0,0,0,0,0,38
1,1238,202.16966,-0.472238719463348,-8.83673565112986E-05,0,0,0,0,0,38
1,1239,202.38966,-0.47334423661232,-0.000144859150168486,0,0,0,0,0,38
1,1240,202.60966,-0.474313974380493,-0.000207388337003067,0,0,0,0,0,38
1,1241,202.82966,-0.467409461736679,-0.000117570212751161,0,0,0,0,0,38
1,1242,203.04966,-0.465663939714432,-0.000122106052003801,0,0,0,0,0,38
1,1243,203.26966,-0.468185245990753,-0.000215611973544583,0,0,0,0,0,38
1,1244,203.48966,-0.459496408700943,-8.85151821421459E-05,0,0,0,0,0,38
1,1245,203.70966,-0.460272192955017,-0.000141463096952066,0,0,0,0,0,38
1,1246,203.92966,-0.453910738229752,-6.94926784490235E-05,0,0,0,0,0,38
1,1247,204.14966,-0.45877879858017,-0.000198966314201243,0,0,0,0,0,38
1,1248,204.36966,-0.457246631383896,-0.000219124718569219,0,0,0,0,0,38
1,1249,204.58966,-0.450186938047409,-0.000117461291665677,0,0,0,0,0,38
1,1250,204.80966,-0.450322717428207,-0.00016172653704416,0,0,0,0,0,38
1,1251,205.02966,-0.447510480880737,-0.000142972450703382,0,0,0,0,0,38
1,1252,205.24966,-0.440877467393875,-6.75904229865409E-05,0,0,0,0,0,38
1,1253,205.46966,-0.443030297756195,-0.000135390684590675,0,0,0,0,0,38
1,1254,205.68966,-0.438491940498352,-9.64353894232772E-05,0,0,0,0,0,38
1,1255,205.90966,-0.442176938056946,-0.000207886274438351,0,0,0,0,0,38
1,1256,206.12966,-0.43135467171669,-4.22543162130751E-05,0,0,0,0,0,38
1,1257,206.34966,-0.432595938444138,-0.000106576837424655,0,0,0,0,0,38
1,1258,206.56966,-0.434089332818985,-0.00017596036195755,0,0,0,0,0,38
1,1259,206.78966,-0.42728179693222,-8.77916245372035E-05,0,0,0,0,0,38
1,1260,207.00966,-0.429337620735168,-0.000171214458532631,0,0,0,0,0,38
1,1261,207.22966,-0.428426057100296,-0.000187618934432976,0,0,0,0,0,38
1,1262,207.44966,-0.419640272855759,-6.17864207015373E-05,0,0,0,0,0,38
1,1263,207.66966,-0.418263226747513,-8.37226034491323E-05,0,0,0,0,0,38
1,1264,207.88966,-0.423073142766953,-0.000211577964364551,0,0,0,0,0,38
1,1265,208.10966,-0.41578072309494,-0.000109887296275701,0,0,0,0,0,38
1,1266,208.32966,-0.414326101541519,-0.000121273573313374,0,0,0,0,0,38
1,1267,208.54966,-0.413860648870468,-0.000144956400617957,0,0,0,0,0,38
1,1268,208.76966,-0.409496814012527,-0.000111921814095695,0,0,0,0,0,38
1,1269,208.98966,-0.40478390455246,-6.47701162961312E-05,0,0,0,0,0,38
1,1270,209.20966,-0.408876210451126,-0.000176746150827967,0,0,0,0,0,38
1,1271,209.42966,-0.403736591339111,-0.000121382494398858,0,0,0,0,0,38
1,1272,209.64966,-0.401797115802765,-0.000132597604533657,0,0,0,0,0,38
1,1273,209.86966,-0.397918194532394,-0.000101340789115056,0,0,0,0,0,38
1,1274,210.08966,-0.394795626401901,-7.91945421951823E-05,0,0,0,0,0,38
1,1275,210.30966,-0.395435661077499,-0.00014194157847669,0,0,0,0,0,38
1,1276,210.52966,-0.392410069704056,-0.000119087344501168,0,0,0,0,0,38
1,1277,210.74966,-0.390296071767807,-0.000123078571050428,0,0,0,0,0,38
1,1278,210.96966,-0.388007491827011,-0.000116741626698058,0,0,0,0,0,38
1,1279,211.18966,-0.38604861497879,-0.000120709511975292,0,0,0,0,0,38
1,1280,211.40966,-0.383895814418793,-0.000125786071293987,0,0,0,0,0,38
1,1281,211.62966,-0.381490856409073,-0.000115096117951907,0,0,0,0,0,38
1,1282,211.84966,-0.380365967750549,-0.000136627728352323,0,0,0,0,0,38
1,1283,212.06966,-0.377282202243805,-0.000119499694847036,0,0,0,0,0,38
1,1284,212.28966,-0.374741494655609,-0.000112147434265353,0,0,0,0,0,38
1,1285,212.50966,-0.373403251171112,-0.000129084859509021,0,0,0,0,0,38
1,1286,212.72966,-0.366983622312546,-4.32307242590468E-05,0,0,0,0,0,38
1,1287,212.94966,-0.368360638618469,-0.000108626911242027,0,0,0,0,0,38
1,1288,213.16966,-0.367778807878494,-0.000140759002533741,0,0,0,0,0,38
1,1289,213.38966,-0.364132583141327,-0.000111688408651389,0,0,0,0,0,38
1,1290,213.60966,-0.365781128406525,-0.000188136313227005,0,0,0,0,0,38
1,1291,213.82966,-0.359245121479034,-0.000105238650576212,0,0,0,0,0,38
1,1292,214.04966,-0.358255982398987,-0.00012414445518516,0,0,0,0,0,38
1,1293,214.26966,-0.354183107614517,-8.87485875864513E-05,0,0,0,0,0,38
1,1294,214.48966,-0.349838674068451,-3.76251155103091E-05,0,0,0,0,0,38
1,1295,214.70966,-0.349664121866226,-7.89144542068243E-05,0,0,0,0,0,38
1,1296,214.92966,-0.347802251577377,-8.38237392599694E-05,0,0,0,0,0,38
1,1297,215.14966,-0.348616808652878,-0.000150087420479395,0,0,0,0,0,38
1,1298,215.36966,-0.345261543989182,-0.000124545127619058,0,0,0,0,0,38
1,1299,215.58966,-0.341751098632813,-9.61786427069455E-05,0,0,0,0,0,38
1,1300,215.80966,-0.34159591794014,-0.000134476518724114,0,0,0,0,0,38
1,1301,216.02966,-0.337503641843796,-9.64392820606008E-05,0,0,0,0,0,38
1,1302,216.24966,-0.334613829851151,-8.38081832625903E-05,0,0,0,0,0,38
1,1303,216.46966,-0.33189857006073,-6.91892491886392E-05,0,0,0,0,0,38
1,1304,216.68966,-0.330211222171783,-7.37484297133051E-05,0,0,0,0,0,38
1,1305,216.90966,-0.32858207821846,-9.31093672988936E-05,0,0,0,0,0,38
1,1306,217.12966,-0.326914131641388,-9.90495245787315E-05,0,0,0,0,0,38
1,1307,217.34966,-0.323345512151718,-7.38573507987894E-05,0,0,0,0,0,38
1,1308,217.56966,-0.320552676916122,-5.65114678465761E-05,0,0,0,0,0,38
1,1309,217.78966,-0.319175630807877,-6.89169464749284E-05,0,0,0,0,0,38
1,1310,218.00966,-0.317643463611603,-8.45006143208593E-05,0,0,0,0,0,38
1,1311,218.22966,-0.315645784139633,-9.15455602807924E-05,0,0,0,0,0,38
1,1312,218.44966,-0.31145653128624,-4.20909309468698E-05,0,0,0,0,0,38
1,1313,218.66966,-0.311883211135864,-0.000100368262792472,0,0,0,0,0,38
1,1314,218.88966,-0.307771533727646,-5.76551537960768E-05,0,0,0,0,0,38
1,1315,219.10966,-0.305269628763199,-5.46520095667802E-05,0,0,0,0,0,38
1,1316,219.32966,-0.30166220664978,-1.94039675989188E-05,0,0,0,0,0,38
1,1317,219.54966,-0.299819707870483,-2.44260645558825E-05,0,0,0,0,0,38
1,1318,219.76966,-0.299664556980133,-7.64942087698728E-05,0,0,0,0,0,38
1,1319,219.98966,-0.297725081443787,-7.8145953011699E-05,0,0,0,0,0,38
1,1320,220.20966,-0.29547530412674,-7.53487402107567E-05,0,0,0,0,0,38
1,1321,220.42966,-0.293341875076294,-7.36379297450185E-05,0,0,0,0,0,38
1,1322,220.64966,-0.291208446025848,-7.17507136869244E-05,0,0,0,0,0,38
1,1323,220.86966,-0.289094418287277,-7.25612408132292E-05,0,0,0,0,0,38
1,1324,221.08966,-0.286922216415405,-7.20941970939748E-05,0,0,0,0,0,38
1,1325,221.30966,-0.284633636474609,-6.70826048008166E-05,0,0,0,0,0,38
1,1326,221.52966,-0.282403260469437,-7.22593322279863E-05,0,0,0,0,0,38
1,1327,221.74966,-0.280405610799789,-6.96459101163782E-05,0,0,0,0,0,38
1,1328,221.96966,-0.277767926454544,-6.32483352092095E-05,0,0,0,0,0,38
1,1329,222.18966,-0.275673300027847,-6.42216691630892E-05,0,0,0,0,0,38
1,1330,222.40966,-0.273268342018127,-6.38051351415925E-05,0,0,0,0,0,38
1,1331,222.62966,-0.27127069234848,-6.64407125441357E-05,0,0,0,0,0,38
1,1332,222.84966,-0.26911786198616,-6.53049646643922E-05,0,0,0,0,0,38
1,1333,223.06966,-0.266965061426163,-6.35024553048424E-05,0,0,0,0,0,38
1,1334,223.28966,-0.264676481485367,-6.07394322287291E-05,0,0,0,0,0,38
1,1335,223.50966,-0.262950360774994,-6.38960627838969E-05,0,0,0,0,0,38
1,1336,223.72966,-0.259944170713425,-5.59423242521007E-05,0,0,0,0,0,38
1,1337,223.94966,-0.258547753095627,-6.25368920736946E-05,0,0,0,0,0,38
1,1338,224.16966,-0.255716115236282,-5.66304552194197E-05,0,0,0,0,0,38
1,1339,224.38966,-0.254009395837784,-5.98461447225418E-05,0,0,0,0,0,38
1,1340,224.60966,-0.251294136047363,-5.67932620469946E-05,0,0,0,0,0,38
1,1341,224.82966,-0.249238297343254,-5.41122244612779E-05,0,0,0,0,0,38
1,1342,225.04966,-0.247085481882095,-5.38542226422578E-05,0,0,0,0,0,38
1,1343,225.26966,-0.24495205283165,-5.42221860087011E-05,0,0,0,0,0,38
1,1344,225.48966,-0.243070766329765,-5.16394575242884E-05,0,0,0,0,0,38
1,1345,225.70966,-0.240568861365318,-5.55187980353367E-05,0,0,0,0,0,38
1,1346,225.92966,-0.237989351153374,-4.75848755741026E-05,0,0,0,0,0,38
1,1347,226.14966,-0.236185654997826,-5.17770058650058E-05,0,0,0,0,0,38
1,1348,226.36966,-0.233625546097755,-4.53188185929321E-05,0,0,0,0,0,38
1,1349,226.58966,-0.231918811798096,-4.8091165808728E-05,0,0,0,0,0,38
1,1350,226.80966,-0.229358702898026,-4.8156831326196E-05,0,0,0,0,0,38
1,1351,227.02966,-0.227458029985428,-4.82827235828154E-05,0,0,0,0,0,38
1,1352,227.24966,-0.225499153137207,-4.75001725135371E-05,0,0,0,0,0,38
1,1353,227.46966,-0.222919657826424,-4.26059232268017E-05,0,0,0,0,0,38
1,1354,227.68966,-0.220980197191238,-4.50763618573546E-05,0,0,0,0,0,38
1,1355,227.90966,-0.21873040497303,-4.34452012996189E-05,0,0,0,0,0,38
1,1356,228.12966,-0.216150909662247,-4.3928564991802E-05,0,0,0,0,0,38
1,1357,228.34966,-0.214075669646263,-4.14639580412768E-05,0,0,0,0,0,38
1,1358,228.56966,-0.21174830198288,-4.3253257899778E-05,0,0,0,0,0,38
1,1359,228.78966,-0.209343358874321,-4.04105812776834E-05,0,0,0,0,0,38
1,1360,229.00966,-0.207306921482086,-3.55408119503409E-05,0,0,0,0,0,38
1,1361,229.22966,-0.205716550350189,-4.20048272644635E-05,0,0,0,0,0,38
1,1362,229.44966,-0.203466758131981,-3.84433260478545E-05,0,0,0,0,0,38
1,1363,229.66966,-0.201081216335297,-3.78391196136363E-05,0,0,0,0,0,38
1,1364,229.88966,-0.198656871914864,-3.98172560380772E-05,0,0,0,0,0,38
1,1365,230.10966,-0.196542844176292,-3.63622202712577E-05,0,0,0,0,0,38
1,1366,230.32966,-0.194099113345146,-3.68793880625162E-05,0,0,0,0,0,38
1,1367,230.54966,-0.192489355802536,-3.57214921677951E-05,0,0,0,0,0,38
1,1368,230.76966,-0.190026223659515,-3.50982481904794E-05,0,0,0,0,0,38
1,1369,230.98966,-0.18738853931427,-3.37476267304737E-05,0,0,0,0,0,38
1,1370,231.20966,-0.185468465089798,-3.63404615200125E-05,0,0,0,0,0,38
1,1371,231.42966,-0.183315649628639,-3.40569167747162E-05,0,0,0,0,0,38
1,1372,231.64966,-0.180910706520081,-3.01892341667553E-05,0,0,0,0,0,38
1,1373,231.86966,-0.179145783185959,-3.4109762054868E-05,0,0,0,0,0,38
1,1374,232.08966,-0.176702052354813,-3.21941806760151E-05,0,0,0,0,0,38
1,1375,232.30966,-0.174723789095879,-3.05000776279485E-05,0,0,0,0,0,38
1,1376,232.52966,-0.172260671854019,-3.13183772959746E-05,0,0,0,0,0,38
1,1377,232.74966,-0.169875115156174,-2.8434127671062E-05,0,0,0,0,0,38
1,1378,232.96966,-0.168052017688751,-2.98877148452448E-05,0,0,0,0,0,38
1,1379,233.18966,-0.165666460990906,-3.17061567329802E-05,0,0,0,0,0,38
1,1380,233.40966,-0.163455471396446,-2.57258925557835E-05,0,0,0,0,0,38
1,1381,233.62966,-0.161128103733063,-2.54589558608131E-05,0,0,0,0,0,38
1,1382,233.84966,-0.159246817231178,-2.98706181638408E-05,0,0,0,0,0,38
1,1383,234.06966,-0.156686708331108,-2.53182970482158E-05,0,0,0,0,0,38
1,1384,234.28966,-0.154941186308861,-2.94074598059524E-05,0,0,0,0,0,38
1,1385,234.50966,-0.152516841888428,-3.12189076794311E-05,0,0,0,0,0,38
1,1386,234.72966,-0.150325238704681,-2.64983409579145E-05,0,0,0,0,0,38
1,1387,234.94966,-0.148094847798347,-2.55895101872738E-05,0,0,0,0,0,38
1,1388,235.16966,-0.146155372262001,-2.67108825937612E-05,0,0,0,0,0,38
1,1389,235.38966,-0.143866807222366,-2.61583554674871E-05,0,0,0,0,0,38
1,1390,235.60966,-0.141636416316032,-2.55926188401645E-05,0,0,0,0,0,38
1,1391,235.82966,-0.139250859618187,-2.43814902205486E-05,0,0,0,0,0,38
1,1392,236.04966,-0.137117445468903,-2.48151172854705E-05,0,0,0,0,0,38
1,1393,236.26966,-0.135061606764793,-2.36537252931157E-05,0,0,0,0,0,38
1,1394,236.48966,-0.132598474621773,-2.16802491195267E-05,0,0,0,0,0,38
1,1395,236.70966,-0.130697786808014,-2.0492434487096E-05,0,0,0,0,0,38
1,1396,236.92966,-0.127924337983131,-2.40671488427324E-05,0,0,0,0,0,38
1,1397,237.14966,-0.126101240515709,-2.01233069674345E-05,0,0,0,0,0,38
1,1398,237.36966,-0.124122977256775,-2.48967153311241E-05,0,0,0,0,0,38
1,1399,237.58966,-0.121931381523609,-1.94293461390771E-05,0,0,0,0,0,38
1,1400,237.80966,-0.119429461658001,-2.14055417018244E-05,0,0,0,0,0,38
1,1401,238.02966,-0.117431804537773,-2.24651321332203E-05,0,0,0,0,0,38
1,1402,238.24966,-0.115201413631439,-2.2531963622896E-05,0,0,0,0,0,38
1,1403,238.46966,-0.113320127129555,-2.19802150240866E-05,0,0,0,0,0,38
1,1404,238.68966,-0.11058546602726,-1.83009797183331E-05,0,0,0,0,0,38
1,1405,238.90966,-0.108742974698544,-2.10636117117247E-05,0,0,0,0,0,38
1,1406,239.12966,-0.106260448694229,-1.89055735972943E-05,0,0,0,0,0,38
1,1407,239.34966,-0.104165814816952,-1.89067377505125E-05,0,0,0,0,0,38
1,1408,239.56966,-0.101877242326736,-1.94740296137752E-05,0,0,0,0,0,38
1,1409,239.78966,-0.0998407974839211,-1.74601445905864E-05,0,0,0,0,0,38
1,1410,240.00966,-0.0978237465023994,-1.92389543371974E-05,0,0,0,0,0,38
1,1411,240.22966,-0.0950115099549294,-1.5107440049178E-05,0,0,0,0,0,38
1,1412,240.44966,-0.0934599339962006,-1.86945871973876E-05,0,0,0,0,0,38
1,1413,240.66966,-0.0907834619283676,-1.75848726939876E-05,0,0,0,0,0,38
1,1414,240.88966,-0.0884561017155647,-1.6713729564799E-05,0,0,0,0,0,38
1,1415,241.10966,-0.0866329967975616,-2.05246851692209E-05,0,0,0,0,0,38
1,1416,241.32966,-0.0841310769319534,-1.73847656697035E-05,0,0,0,0,0,38
1,1417,241.54966,-0.0819006860256195,-1.42133731060312E-05,0,0,0,0,0,38
1,1418,241.76966,-0.0799612104892731,-1.9107234038529E-05,0,0,0,0,0,38
1,1419,241.98966,-0.0777890011668205,-1.6788721040939E-05,0,0,0,0,0,38
1,1420,242.20966,-0.0759077146649361,-1.69752274814527E-05,0,0,0,0,0,38
1,1421,242.42966,-0.0734639838337898,-1.60197687364416E-05,0,0,0,0,0,38
1,1422,242.64966,-0.0712335929274559,-1.44057084980886E-05,0,0,0,0,0,38
1,1423,242.86966,-0.0692165419459343,-1.76213961822214E-05,0,0,0,0,0,38
1,1424,243.08966,-0.0670637264847755,-1.5738844012958E-05,0,0,0,0,0,38
1,1425,243.30966,-0.0648333355784416,-1.69849408848677E-05,0,0,0,0,0,38
1,1426,243.52966,-0.0620598904788494,-1.19197284220718E-05,0,0,0,0,0,38
1,1427,243.74966,-0.060023445636034,-1.40723277581856E-05,0,0,0,0,0,38
1,1428,243.96966,-0.057773657143116,-1.30453745441628E-05,0,0,0,0,0,38
1,1429,244.18966,-0.0554075017571449,-1.2090692507627E-05,0,0,0,0,0,38
1,1430,244.40966,-0.0536619797348976,-1.46403963299235E-05,0,0,0,0,0,38
1,1431,244.62966,-0.0512570329010487,-1.10474202301702E-05,0,0,0,0,0,38
1,1432,244.84966,-0.0490460358560085,-1.28083556774072E-05,0,0,0,0,0,38
1,1433,245.06966,-0.0470677763223648,-1.29835943880607E-05,0,0,0,0,0,38
1,1434,245.28966,-0.0451089069247246,-1.4054065104574E-05,0,0,0,0,0,38
1,1435,245.50966,-0.0424130447208881,-1.36010094138328E-05,0,0,0,0,0,38
1,1436,245.72966,-0.0405899398028851,-1.48436101881089E-05,0,0,0,0,0,38
1,1437,245.94966,-0.0379910469055176,-1.29664977066568E-05,0,0,0,0,0,38
1,1438,246.16966,-0.0356248915195465,-9.72943962551653E-06,0,0,0,0,0,38
1,1439,246.38966,-0.0339375510811806,-1.30978296510875E-05,0,0,0,0,0,38
1,1440,246.60966,-0.0315132141113281,-1.1524566616572E-05,0,0,0,0,0,38
1,1441,246.82966,-0.0298258736729622,-1.66659374372102E-05,0,0,0,0,0,38
1,1442,247.04966,-0.026916665956378,-1.06615843833424E-05,0,0,0,0,0,38
1,1443,247.26966,-0.0250353775918484,-1.02392241387861E-05,0,0,0,0,0,38
1,1444,247.48966,-0.0225916430354118,-1.0899380868068E-05,0,0,0,0,0,38
1,1445,247.70966,-0.0207879357039928,-1.34296560645453E-05,0,0,0,0,0,38
1,1446,247.92966,-0.0181502532213926,-8.73007411428262E-06,0,0,0,0,0,38
1,1447,248.14966,-0.0163853354752064,-1.32641316668014E-05,0,0,0,0,0,38
1,1448,248.36966,-0.0137670477852225,-1.33228031700128E-05,0,0,0,0,0,38
1,1449,248.58966,-0.0115754455327988,-7.81152812123764E-06,0,0,0,0,0,38
1,1450,248.80966,-0.0094032371416688,-1.02131907624425E-05,0,0,0,0,0,38
1,1451,249.02966,-0.00723102875053883,-1.181598418043E-05,0,0,0,0,0,38
1,1452,249.24966,-0.00556308357045054,-1.0882284186664E-05,0,0,0,0,0,38
1,1453,249.46966,-0.002964191371575,-8.6982117863954E-06,0,0,0,0,0,38
1,1454,249.68966,-0.000888956827111542,-1.08550857476075E-05,0,0,0,0,0,38
1,1455,249.90966,0.00134143547620624,-1.06448769656708E-05,0,0,0,0,0,38
1,1456,250.12966,0.00357182789593935,-1.10948240035214E-05,0,0,0,0,0,38
1,1457,250.34966,0.00568585190922022,-1.04350565379718E-05,0,0,0,0,0,38
1,1458,250.56966,0.00805200729519129,-9.17846682568779E-06,0,0,0,0,0,38
1,1459,250.78966,0.0103599783033133,-5.33526144863572E-06,0,0,0,0,0,38
1,1460,251.00966,0.0124352127313614,-9.88058764050948E-06,0,0,0,0,0,38
1,1461,251.22966,0.0147431837394834,-9.77606578089762E-06,0,0,0,0,0,38
1,1462,251.44966,0.0168378129601479,-7.34020977688488E-06,0,0,0,0,0,38
1,1463,251.66966,0.0189518369734287,-7.99286044639302E-06,0,0,0,0,0,38
1,1464,251.88966,0.0213761776685715,-7.71170925872866E-06,0,0,0,0,0,38
1,1465,252.10966,0.0235483851283789,-7.70700171415228E-06,0,0,0,0,0,38
1,1466,252.32966,0.0255460403859615,-7.20067964721238E-06,0,0,0,0,0,38
1,1467,252.54966,0.0281643271446228,-7.12505197952851E-06,0,0,0,0,0,38
1,1468,252.76966,0.0299874301999807,-7.09867572368239E-06,0,0,0,0,0,38
1,1469,252.98966,0.0321596376597881,-6.7919650064141E-06,0,0,0,0,0,38
1,1470,253.20966,0.0344870053231716,-6.31754301139154E-06,0,0,0,0,0,38
1,1471,253.42966,0.0368531607091427,-6.56519932817901E-06,0,0,0,0,0,38
1,1472,253.64966,0.0386180803179741,-5.82234724788577E-06,0,0,0,0,0,38
1,1473,253.86966,0.0412751547992229,-5.68688710700371E-06,0,0,0,0,0,38
1,1474,254.08966,0.0431564413011074,-5.46323371963808E-06,0,0,0,0,0,38
1,1475,254.30966,0.0450377315282822,-5.17371790920151E-06,0,0,0,0,0,38
1,1476,254.52966,0.0474814660847187,-4.78103129353258E-06,0,0,0,0,0,38
1,1477,254.74966,0.0501385405659676,-4.40441181126516E-06,0,0,0,0,0,38
1,1478,254.96966,0.051748301833868,-4.26296037403517E-06,0,0,0,0,0,38
1,1479,255.18966,0.0543665885925293,-4.24883864980075E-06,0,0,0,0,0,38
1,1480,255.40966,0.0564030334353447,-4.00993576477049E-06,0,0,0,0,0,38
1,1481,255.62966,0.0585558451712132,-3.37877372658113E-06,0,0,0,0,0,38
1,1482,255.84966,0.0604759231209755,-3.02685748465592E-06,0,0,0,0,0,38
1,1483,256.06966,0.0633657351136208,-2.39849669014802E-06,0,0,0,0,0,38
1,1484,256.28966,0.0653052106499672,-2.56974749390793E-06,0,0,0,0,0,38
1,1485,256.50966,0.0677101537585258,-2.15971022043959E-06,0,0,0,0,0,38
1,1486,256.72966,0.0699599385261536,-1.91213166544912E-06,0,0,0,0,0,38
1,1487,256.94966,0.0719769895076752,-1.69999384524999E-06,0,0,0,0,0,38
1,1488,257.16966,0.0741685926914215,-1.00826014204358E-06,0,0,0,0,0,38
1,1489,257.38966,0.0763020142912865,-8.52687151109421E-07,0,0,0,0,0,38
1,1490,257.60966,0.0782608762383461,-4.53380181397733E-07,0,0,0,0,0,38
1,1491,257.82966,0.0806852206587791,-1.6064663554971E-07,0,0,0,0,0,38
1,1492,258.04966,0.0828380286693573,2.04889815336173E-07,0,0,0,0,0,38
1,1493,258.26966,0.0849326625466347,5.5111411256803E-07,0,0,0,0,0,38
1,1494,258.48966,0.0871630534529686,9.44250416523573E-07,0,0,0,0,0,38
1,1495,258.70966,0.0892576798796654,1.1704679536706E-06,0,0,0,0,0,38
1,1496,258.92966,0.0916820243000984,1.43571458011138E-06,0,0,0,0,0,38
1,1497,259.14966,0.0938542261719704,1.9054167523791E-06,0,0,0,0,0,38
1,1498,259.36966,0.0960264354944229,1.81792393050273E-06,0,0,0,0,0,38
1,1499,259.58966,0.0980240926146507,1.06674644939631E-06,0,0,0,0,0,38
1,1500,259.80966,0.100176908075809,2.39442715610494E-06,0,0,0,0,0,38
1,1501,260.02966,0.102329723536968,2.99870703202032E-06,0,0,0,0,0,38
1,1502,260.24966,0.104831635951996,3.16116575049818E-06,0,0,0,0,0,38
1,1503,260.46966,0.107042632997036,3.47775812770124E-06,0,0,0,0,0,38
1,1504,260.68966,0.109195448458195,3.65087635145755E-06,0,0,0,0,0,38
1,1505,260.90966,0.111348263919353,3.52969345840393E-06,0,0,0,0,0,38
1,1506,261.12966,0.113695025444031,4.01325769416871E-06,0,0,0,0,0,38
1,1507,261.34966,0.11600299179554,4.12265262639266E-06,0,0,0,0,0,38
1,1508,261.56966,0.118097625672817,4.33249533671187E-06,0,0,0,0,0,38
1,1509,261.78966,0.120231039822102,4.42080499851727E-06,0,0,0,0,0,38
1,1510,262.00966,0.122597195208073,4.09938866141601E-06,0,0,0,0,0,38
1,1511,262.22966,0.124808199703693,4.04216234528576E-06,0,0,0,0,0,38
1,1512,262.44966,0.12690281867981,4.3733434722526E-06,0,0,0,0,0,38
1,1513,262.66966,0.129191398620605,4.49114168077358E-06,0,0,0,0,0,38
1,1514,262.88966,0.131266638636589,4.55023518952657E-06,0,0,0,0,0,38
1,1515,263.10966,0.133341863751411,4.26608812631457E-06,0,0,0,0,0,38
1,1516,263.32966,0.135475292801857,3.98225165554322E-06,0,0,0,0,0,38
1,1517,263.54966,0.137589320540428,3.67316761185066E-06,0,0,0,0,0,38
1,1518,263.76966,0.140226989984512,3.25733390127425E-06,0,0,0,0,0,38
1,1519,263.98966,0.142050102353096,3.57054159394465E-06,0,0,0,0,0,38
1,1520,264.20966,0.14443564414978,3.18835895996017E-06,0,0,0,0,0,38
1,1521,264.42966,0.146355718374252,3.14871681439399E-06,0,0,0,0,0,38
1,1522,264.64966,0.149032190442085,2.7547464469535E-06,0,0,0,0,0,38
1,1523,264.86966,0.150991067290306,2.44017701334087E-06,0,0,0,0,0,38
1,1524,265.08966,0.153182670474052,2.10880148188153E-06,0,0,0,0,0,38
1,1525,265.30966,0.155645787715912,1.96614428205066E-06,0,0,0,0,0,38
1,1526,265.52966,0.157624050974846,1.72455679603445E-06,0,0,0,0,0,38
1,1527,265.74966,0.159660503268242,1.32047171064187E-06,0,0,0,0,0,38
1,1528,265.96966,0.162007257342339,8.68847109813942E-07,0,0,0,0,0,38
1,1529,266.18966,0.16462554037571,9.89173940979526E-07,0,0,0,0,0,38
1,1530,266.40966,0.166099548339844,3.06582450093629E-07,0,0,0,0,0,38
1,1531,266.62966,0.168620854616165,4.4483331862466E-07,0,0,0,0,0,38
1,1532,266.84966,0.170773670077324,2.80826384368993E-07,0,0,0,0,0,38
1,1533,267.06966,0.173081636428833,3.15323980260018E-08,0,0,0,0,0,38
1,1534,267.28966,0.175098687410355,-1.00020386639699E-07,0,0,0,0,0,38
1,1535,267.50966,0.17732909321785,-2.39958239944826E-07,0,0,0,0,0,38
1,1536,267.72966,0.179792210459709,-3.1875600825515E-07,0,0,0,0,0,38
1,1537,267.94966,0.181925639510155,-4.3113681158502E-07,0,0,0,0,0,38
1,1538,268.16966,0.183729335665703,-5.00817691317934E-07,0,0,0,0,0,38
1,1539,268.38966,0.186211869120598,-5.90741024097952E-07,0,0,0,0,0,38
1,1540,268.60966,0.188461646437645,-6.0860111261718E-07,0,0,0,0,0,38
1,1541,268.82966,0.190730839967728,-7.06637024450174E-07,0,0,0,0,0,38
1,1542,269.04966,0.192844852805138,-7.10202812115313E-07,0,0,0,0,0,38
1,1543,269.26966,0.195152834057808,-7.42762097161176E-07,0,0,0,0,0,38
1,1544,269.48966,0.197111696004868,-7.5718094194599E-07,0,0,0,0,0,38
1,1545,269.70966,0.199516639113426,-7.58496696562361E-07,0,0,0,0,0,38
1,1546,269.92966,0.201553091406822,-8.23401137495239E-07,0,0,0,0,0,38
1,1547,270.14966,0.203667104244232,-8.34472189126245E-07,0,0,0,0,0,38
1,1548,270.36966,0.205858707427979,-8.17962927612825E-07,0,0,0,0,0,38
1,1549,270.58966,0.208030924201012,-7.79031154252152E-07,0,0,0,0,0,38
1,1550,270.80966,0.210377678275108,-7.48114644011366E-07,0,0,0,0,0,38
1,1551,271.02966,0.21249170601368,-7.76321769535571E-07,0,0,0,0,0,38
1,1552,271.24966,0.214857861399651,-7.59964279950509E-07,0,0,0,0,0,38
1,1553,271.46966,0.216952487826347,-7.8891105204093E-07,0,0,0,0,0,38
1,1554,271.68966,0.219279855489731,-7.37386130822415E-07,0,0,0,0,0,38
1,1555,271.90966,0.221316307783127,-7.28771397007222E-07,0,0,0,0,0,38
1,1556,272.12966,0.223740637302399,-7.15909663995262E-07,0,0,0,0,0,38
1,1557,272.34966,0.225796476006508,-7.17276009254419E-07,0,0,0,0,0,38
1,1558,272.56966,0.227891117334366,-7.30460897102603E-07,0,0,0,0,0,38
1,1559,272.78966,0.230063319206238,-6.47127990305307E-07,0,0,0,0,0,38
1,1560,273.00966,0.232468262314796,-6.48058403385221E-07,0,0,0,0,0,38
1,1561,273.22966,0.234892606735229,-5.69182759591058E-07,0,0,0,0,0,38
1,1562,273.44966,0.236793279647827,-5.62600064313301E-07,0,0,0,0,0,38
1,1563,273.66966,0.238810330629349,-5.73799638914352E-07,0,0,0,0,0,38
1,1564,273.88966,0.241448014974594,-5.45133161722333E-07,0,0,0,0,0,38
1,1565,274.10966,0.243271112442017,-5.42447139650903E-07,0,0,0,0,0,38
1,1566,274.32966,0.245617881417274,-5.15244323651132E-07,0,0,0,0,0,38
1,1567,274.54966,0.247964635491371,-4.96352640766418E-07,0,0,0,0,0,38
1,1568,274.76966,0.249884724617004,-4.6415931365118E-07,0,0,0,0,0,38
1,1569,274.98966,0.252056926488876,-4.17181183820503E-07,0,0,0,0,0,38
1,1570,275.20966,0.254461884498596,-3.9119294115153E-07,0,0,0,0,0,38
1,1571,275.42966,0.256634086370468,-3.68906739822705E-07,0,0,0,0,0,38
1,1572,275.64966,0.258922666311264,-3.92598252574317E-07,0,0,0,0,0,38
1,1573,275.86966,0.260920315980911,-3.55441613919538E-07,0,0,0,0,0,38
1,1574,276.08966,0.26287916302681,-3.63686524451623E-07,0,0,0,0,0,38
1,1575,276.30966,0.265575051307678,-3.1824603752284E-07,0,0,0,0,0,38
1,1576,276.52966,0.267514526844025,-2.69932684204832E-07,0,0,0,0,0,38
1,1577,276.74966,0.269958257675171,-2.22374524128099E-07,0,0,0,0,0,38
1,1578,276.96966,0.272188633680344,-2.39763608078647E-07,0,0,0,0,0,38
1,1579,277.18966,0.27447721362114,-2.19657366073989E-07,0,0,0,0,0,38
1,1580,277.40966,0.276203334331512,-2.13701397910882E-07,0,0,0,0,0,38
1,1581,277.62966,0.278550118207932,-1.73928810909274E-07,0,0,0,0,0,38
1,1582,277.84966,0.280955046415329,-1.92026377021648E-07,0,0,0,0,0,38
1,1583,278.06966,0.283049672842026,-1.64383706646731E-07,0,0,0,0,0,38
1,1584,278.28966,0.285086125135422,-1.75302972138525E-07,0,0,0,0,0,38
1,1585,278.50966,0.287316530942917,-1.6131230040628E-07,0,0,0,0,0,38
1,1586,278.72966,0.289430528879166,-1.40598785947077E-07,0,0,0,0,0,38
1,1587,278.94966,0.291641533374786,-8.54068744615688E-08,0,0,0,0,0,38
1,1588,279.16966,0.294007688760757,-1.1902886143389E-07,0,0,0,0,0,38
1,1589,279.38966,0.296063542366028,-6.08706471894038E-08,0,0,0,0,0,38
1,1590,279.60966,0.298352122306824,-7.66558940767936E-08,0,0,0,0,0,38
1,1591,279.82966,0.300427347421646,-5.5257249442775E-08,0,0,0,0,0,38
1,1592,280.04966,0.302832305431366,-3.14178336680015E-08,0,0,0,0,0,38
1,1593,280.26966,0.305101484060287,-3.67587347227527E-08,0,0,0,0,0,38
1,1594,280.48966,0.307351261377335,-1.87546032037744E-08,0,0,0,0,0,38
1,1595,280.70966,0.309348911046982,-2.08722781280812E-08,0,0,0,0,0,38
1,1596,280.92966,0.311598718166351,-2.0214397267182E-08,0,0,0,0,0,38
1,1597,281.14966,0.313693344593048,-1.68276734768824E-08,0,0,0,0,0,38
1,1598,281.36966,0.31596252322197,-5.02122006196259E-08,0,0,0,0,0,38
1,1599,281.58966,0.318057149648666,-1.18098739676498E-08,0,0,0,0,0,38
1,1600,281.80966,0.320462077856064,3.67173380588781E-09,0,0,0,0,0,38
1,1601,282.02966,0.322634309530258,1.08578150914695E-08,0,0,0,0,0,38
1,1602,282.24966,0.324612557888031,4.73993928551408E-08,0,0,0,0,0,38
1,1603,282.46966,0.326881736516953,1.90560207613544E-08,0,0,0,0,0,38
1,1604,282.68966,0.329131513834,3.07613756689307E-09,0,0,0,0,0,38
1,1605,282.90966,0.331458896398544,1.42640024236584E-08,0,0,0,0,0,38
1,1606,283.12966,0.33359232544899,4.60680595892882E-08,0,0,0,0,0,38
1,1607,283.34966,0.335880875587463,5.059147412112E-08,0,0,0,0,0,38
1,1608,283.56966,0.33782035112381,7.06471041667101E-08,0,0,0,0,0,38
1,1609,283.78966,0.340205907821655,5.49358247781129E-08,0,0,0,0,0,38
1,1610,284.00966,0.342494487762451,7.71130217458449E-08,0,0,0,0,0,38
1,1611,284.22966,0.344530940055847,4.43863754640006E-08,0,0,0,0,0,38
1,1612,284.44966,0.346722543239594,3.29883000915743E-08,0,0,0,0,0,38
1,1613,284.66966,0.34891414642334,4.64768028507478E-08,0,0,0,0,0,38
1,1614,284.88966,0.351280301809311,4.1719818710817E-08,0,0,0,0,0,38
1,1615,285.10966,0.353355526924133,8.92234766070032E-08,0,0,0,0,0,38
1,1616,285.32966,0.355682879686356,8.77753620898147E-08,0,0,0,0,0,38
1,1617,285.54966,0.357738733291626,8.83281359165267E-08,0,0,0,0,0,38
1,1618,285.76966,0.360007911920547,7.50342721289599E-08,0,0,0,0,0,38
1,1619,285.98966,0.362257689237595,1.26302253988797E-07,0,0,0,0,0,38
1,1620,286.20966,0.364565670490265,1.21802202102117E-07,0,0,0,0,0,38
1,1621,286.42966,0.366563320159912,8.91650842049785E-08,0,0,0,0,0,38
1,1622,286.64966,0.368910074234009,3.42339916414858E-08,0,0,0,0,0,38
1,1623,286.86966,0.371062904596329,1.37894971885544E-07,0,0,0,0,0,38
1,1624,287.08966,0.373157531023026,1.3234775053661E-07,0,0,0,0,0,38
1,1625,287.30966,0.375387936830521,1.26150439427875E-07,0,0,0,0,0,38
1,1626,287.52966,0.377385586500168,1.43804214758347E-07,0,0,0,0,0,38
1,1627,287.74966,0.37971293926239,1.46669307810043E-07,0,0,0,0,0,38
1,1628,287.96966,0.382195472717285,1.6915403477924E-07,0,0,0,0,0,38
1,1629,288.18966,0.384328901767731,1.41149342880453E-07,0,0,0,0,0,38
1,1630,288.40966,0.386307150125504,1.81346237582147E-07,0,0,0,0,0,38
1,1631,288.62966,0.388731479644775,1.04090027264192E-07,0,0,0,0,0,38
1,1632,288.84966,0.390729129314423,1.56101535253583E-07,0,0,0,0,0,38
1,1633,289.06966,0.392920732498169,1.82759322342463E-07,0,0,0,0,0,38
1,1634,289.28966,0.395267516374588,1.68083516882689E-07,0,0,0,0,0,38
1,1635,289.50966,0.39734274148941,1.69640642866398E-07,0,0,0,0,0,38
1,1636,289.72966,0.399592518806458,1.58036243647075E-07,0,0,0,0,0,38
1,1637,289.94966,0.401725947856903,1.86395183732202E-07,0,0,0,0,0,38
1,1638,290.16966,0.404130905866623,1.69017795315085E-07,0,0,0,0,0,38
1,1639,290.38966,0.406012177467346,1.73362138866651E-07,0,0,0,0,0,38
1,1640,290.60966,0.408436506986618,1.39401478804757E-07,0,0,0,0,0,38
1,1641,290.82966,0.410744488239288,1.83242022444574E-07,0,0,0,0,0,38
1,1642,291.04966,0.412722736597061,1.85546554121174E-07,0,0,0,0,0,38
1,1643,291.26966,0.414991945028305,1.71010896110602E-07,0,0,0,0,0,38
1,1644,291.48966,0.417008996009827,1.80883006350996E-07,0,0,0,0,0,38
1,1645,291.70966,0.419316947460175,1.792052159999E-07,0,0,0,0,0,38
1,1646,291.92966,0.421663701534271,1.91054851939043E-07,0,0,0,0,0,38
1,1647,292.14966,0.423622578382492,1.87021925057707E-07,0,0,0,0,0,38
1,1648,292.36966,0.426066309213638,2.10997583849348E-07,0,0,0,0,0,38
1,1649,292.58966,0.428141564130783,1.9045147325869E-07,0,0,0,0,0,38
1,1650,292.80966,0.43039134144783,1.56194957412481E-07,0,0,0,0,0,38
1,1651,293.02966,0.432641118764877,1.65903557558522E-07,0,0,0,0,0,38
1,1652,293.24966,0.434832721948624,1.05974130804043E-07,0,0,0,0,0,38
1,1653,293.46966,0.436752796173096,1.90576031400269E-07,0,0,0,0,0,38
1,1654,293.68966,0.439157754182816,1.50476452631665E-07,0,0,0,0,0,38
1,1655,293.90966,0.441485106945038,2.08323243100494E-07,0,0,0,0,0,38
1,1656,294.12966,0.443793088197708,1.80855749931652E-07,0,0,0,0,0,38
1,1657,294.34966,0.44571316242218,2.06104360245263E-07,0,0,0,0,0,38
1,1658,294.56966,0.447885364294052,1.57685889234926E-07,0,0,0,0,0,38
1,1659,294.78966,0.450115770101547,1.65810135399624E-07,0,0,0,0,0,38
1,1660,295.00966,0.452268570661545,1.73657994650966E-07,0,0,0,0,0,38
1,1661,295.22966,0.454537749290466,2.12239385177782E-07,0,0,0,0,0,38
1,1662,295.44966,0.456651777029037,2.41820657720382E-07,0,0,0,0,0,38
1,1663,295.66966,0.458959758281708,2.11920180959169E-07,0,0,0,0,0,38
1,1664,295.88966,0.461306512355804,2.05193444458018E-07,0,0,0,0,0,38
1,1665,296.10966,0.463090837001801,2.00732316102403E-07,0,0,0,0,0,38
1,1666,296.32966,0.465476363897324,2.05532117547591E-07,0,0,0,0,0,38
1,1667,296.54966,0.467900723218918,2.09171872711522E-07,0,0,0,0,0,38
1,1668,296.76966,0.47007292509079,2.20869694089743E-07,0,0,0,0,0,38
1,1669,296.98966,0.472245126962662,2.29118498396019E-07,0,0,0,0,0,38
1,1670,297.20966,0.474339753389359,2.05150627152761E-07,0,0,0,0,0,38
1,1671,297.42966,0.476802885532379,2.08183109862148E-07,0,0,0,0,0,38
1,1672,297.64966,0.478703588247299,1.87267175988382E-07,0,0,0,0,0,38
1,1673,297.86966,0.480817586183548,2.59945466041245E-07,0,0,0,0,0,38
1,1674,298.08966,0.483067393302917,2.62316177668254E-07,0,0,0,0,0,38
1,1675,298.30966,0.485336571931839,1.98746988644416E-07,0,0,0,0,0,38
1,1676,298.52966,0.487508773803711,2.20534914774362E-07,0,0,0,0,0,38
1,1677,298.74966,0.489894330501556,1.74405400343858E-07,0,0,0,0,0,38
1,1678,298.96966,0.491872578859329,2.20348056245712E-07,0,0,0,0,0,38
1,1679,299.18966,0.4942387342453,2.30255196242979E-07,0,0,0,0,0,38
1,1680,299.40966,0.496081233024597,2.63651401155585E-07,0,0,0,0,0,38
1,1681,299.62966,0.498660743236542,1.99852550508695E-07,0,0,0,0,0,38
1,1682,299.84966,0.500658392906189,1.61321750624666E-07,0,0,0,0,0,38
1,1683,300.06966,0.503102123737335,2.16813404563254E-07,0,0,0,0,0,38
1,1684,300.28966,0.505119204521179,1.9297010567243E-07,0,0,0,0,0,38
1,1685,300.50966,0.507718086242676,2.24357634692751E-07,0,0,0,0,0,38
1,1686,300.72966,0.509327828884125,2.14929301023403E-07,0,0,0,0,0,38
1,1687,300.94966,0.511849164962769,2.39952129277299E-07,0,0,0,0,0,38
1,1688,301.16966,0.514021337032318,2.1140243688933E-07,0,0,0,0,0,38
1,1689,301.38966,0.516290545463562,1.75257923729077E-07,0,0,0,0,0,38
1,1690,301.60966,0.518579125404358,2.21111051246226E-07,0,0,0,0,0,38
1,1691,301.82966,0.520557343959808,1.83775341611181E-07,0,0,0,0,0,38
1,1692,302.04966,0.522787749767303,1.99050631977116E-07,0,0,0,0,0,38
1,1693,302.26966,0.524959981441498,2.11425799534481E-07,0,0,0,0,0,38
1,1694,302.48966,0.527112782001495,2.14232500184153E-07,0,0,0,0,0,38
1,1695,302.70966,0.529362559318542,1.95881909803575E-07,0,0,0,0,0,38
1,1696,302.92966,0.531748116016388,1.9727552569293E-07,0,0,0,0,0,38
1,1697,303.14966,0.533959090709686,1.95453694118441E-07,0,0,0,0,0,38
1,1698,303.36966,0.536092519760132,1.80692254048154E-07,0,0,0,0,0,38
1,1699,303.58966,0.538206577301025,2.0847117809808E-07,0,0,0,0,0,38
1,1700,303.80966,0.540029644966125,2.34790292097387E-07,0,0,0,0,0,38
1,1701,304.02966,0.542531609535217,1.91681593264548E-07,0,0,0,0,0,38
1,1702,304.24966,0.544684410095215,2.02223247924849E-07,0,0,0,0,0,38
1,1703,304.46966,0.546837210655212,2.10207346640345E-07,0,0,0,0,0,38
1,1704,304.68966,0.549028813838959,2.15960895388889E-07,0,0,0,0,0,38
1,1705,304.90966,0.551278591156006,2.19001151435805E-07,0,0,0,0,0,38
1,1706,305.12966,0.553315043449402,2.23575185032132E-07,0,0,0,0,0,38
1,1707,305.34966,0.55562299489975,2.11507540370803E-07,0,0,0,0,0,38
1,1708,305.56966,0.557989180088043,1.9939319884088E-07,0,0,0,0,0,38
1,1709,305.78966,0.560045003890991,2.54919882536342E-07,0,0,0,0,0,38
1,1710,306.00966,0.562411189079285,2.3693522166468E-07,0,0,0,0,0,38
1,1711,306.22966,0.564525187015533,1.94838634115513E-07,0,0,0,0,0,38
1,1712,306.44966,0.566561639308929,2.39368205257051E-07,0,0,0,0,0,38
1,1713,306.66966,0.569238126277924,2.71355219183533E-07,0,0,0,0,0,38
1,1714,306.88966,0.570964217185974,2.12605314686698E-07,0,0,0,0,0,38
1,1715,307.10966,0.573369204998016,2.77143783478095E-07,0,0,0,0,0,38
1,1716,307.32966,0.575541377067566,2.12410668609664E-07,0,0,0,0,0,38
1,1717,307.54966,0.577732980251312,2.59816999914619E-07,0,0,0,0,0,38
1,1718,307.76966,0.580215513706207,2.30391449917988E-07,0,0,0,0,0,38
1,1719,307.98966,0.581980407238007,2.28585193440267E-07,0,0,0,0,0,38
1,1720,308.20966,0.584327220916748,2.40983723642785E-07,0,0,0,0,0,38
1,1721,308.42966,0.586557567119598,2.78066380587916E-07,0,0,0,0,0,38
1,1722,308.64966,0.588787972927094,2.80958715848101E-07,0,0,0,0,0,38
1,1723,308.86966,0.591037750244141,2.74492805374393E-07,0,0,0,0,0,38
1,1724,309.08966,0.593016028404236,2.32960687185368E-07,0,0,0,0,0,38
1,1725,309.30966,0.595459759235382,1.90755102380535E-07,0,0,0,0,0,38
1,1726,309.52966,0.597593188285828,2.12200461646717E-07,0,0,0,0,0,38
1,1727,309.74966,0.599862337112427,2.57788855151375E-07,0,0,0,0,0,38
1,1728,309.96966,0.601879417896271,2.65461551407498E-07,0,0,0,0,0,38
1,1729,310.18966,0.604167997837067,2.4597426317996E-07,0,0,0,0,0,38
1,1730,310.40966,0.606378972530365,2.20207923007365E-07,0,0,0,0,0,38
1,1731,310.62966,0.608745157718658,2.43015762180221E-07,0,0,0,0,0,38
1,1732,310.84966,0.610704004764557,2.56951921073778E-07,0,0,0,0,0,38
1,1733,311.06966,0.612973213195801,2.83403409184757E-07,0,0,0,0,0,38
1,1734,311.28966,0.615281164646149,2.04827529159957E-07,0,0,0,0,0,38
1,1735,311.50966,0.617395162582397,2.75065048072065E-07,0,0,0,0,0,38
1,1736,311.72966,0.619741976261139,2.52374007914113E-07,0,0,0,0,0,38
1,1737,311.94966,0.621758997440338,2.14660701658431E-07,0,0,0,0,0,38
1,1738,312.16966,0.623872995376587,2.47589781565694E-07,0,0,0,0,0,38
1,1739,312.38966,0.626025855541229,2.05473725145566E-07,0,0,0,0,0,38
1,1740,312.60966,0.628333806991577,2.37429603089367E-07,0,0,0,0,0,38
1,1741,312.82966,0.630409061908722,2.6017124810096E-07,0,0,0,0,0,38
1,1742,313.04966,0.63271701335907,2.38585755596432E-07,0,0,0,0,0,38
1,1743,313.26966,0.634869813919067,2.37713777551107E-07,0,0,0,0,0,38
1,1744,313.48966,0.637139022350311,2.33898845181102E-07,0,0,0,0,0,38
1,1745,313.70966,0.63925302028656,2.39905403986995E-07,0,0,0,0,0,38
1,1746,313.92966,0.641502797603607,2.79354907206653E-07,0,0,0,0,0,38
1,1747,314.14966,0.643849551677704,2.71343537860957E-07,0,0,0,0,0,38
1,1748,314.36966,0.645905435085297,2.36682183185621E-07,0,0,0,0,0,38
1,1749,314.58966,0.648329734802246,3.1947004686117E-07,0,0,0,0,0,38
1,1750,314.80966,0.650404989719391,2.37779957501516E-07,0,0,0,0,0,38
1,1751,315.02966,0.65251898765564,2.3508225410751E-07,0,0,0,0,0,38
1,1752,315.24966,0.654633045196533,2.8531087536976E-07,0,0,0,0,0,38
1,1753,315.46966,0.656805276870728,2.76855729453018E-07,0,0,0,0,0,38
1,1754,315.68966,0.659055054187775,2.806823431456E-07,0,0,0,0,0,38
1,1755,315.90966,0.661363005638123,2.94719711746438E-07,0,0,0,0,0,38
1,1756,316.12966,0.66376793384552,2.70086189857466E-07,0,0,0,0,0,38
1,1757,316.34966,0.665901362895966,2.78673667253315E-07,0,0,0,0,0,38
1,1758,316.56966,0.667879641056061,2.75259679938245E-07,0,0,0,0,0,38
1,1759,316.78966,0.670110046863556,2.89008994514006E-07,0,0,0,0,0,38
1,1760,317.00966,0.672650754451752,2.9535036105699E-07,0,0,0,0,0,38
1,1761,317.22966,0.674415647983551,2.91928586193535E-07,0,0,0,0,0,38
1,1762,317.44966,0.676743030548096,2.95618946211107E-07,0,0,0,0,0,38
1,1763,317.66966,0.678818225860596,2.88646987200991E-07,0,0,0,0,0,38
1,1764,317.88966,0.681320190429688,3.14915496346657E-07,0,0,0,0,0,38
1,1765,318.10966,0.682988107204437,3.27858998616648E-07,0,0,0,0,0,38
1,1766,318.32966,0.685509443283081,2.91558791332136E-07,0,0,0,0,0,38
1,1767,318.54966,0.687759220600128,3.278823612618E-07,0,0,0,0,0,38
1,1768,318.76966,0.689679265022278,3.13163752707624E-07,0,0,0,0,0,38
1,1769,318.98966,0.69233638048172,2.98398418863144E-07,0,0,0,0,0,38
1,1770,319.20966,0.69415944814682,2.94700271297188E-07,0,0,0,0,0,38
1,1771,319.42966,0.696351051330566,2.80507151728671E-07,0,0,0,0,0,38
1,1772,319.64966,0.698639631271362,3.21572144912352E-07,0,0,0,0,0,38
1,1773,319.86966,0.700908839702606,2.89215336124471E-07,0,0,0,0,0,38
1,1774,320.08966,0.703042268753052,2.92489147568631E-07,0,0,0,0,0,38
1,1775,320.30966,0.704884767532349,2.94143603696284E-07,0,0,0,0,0,38
1,1776,320.52966,0.707541823387146,3.09656343233655E-07,0,0,0,0,0,38
1,1777,320.74966,0.709578275680542,3.0196031275409E-07,0,0,0,0,0,38
1,1778,320.96966,0.712118983268738,3.09710827650633E-07,0,0,0,0,0,38
1,1779,321.18966,0.714155435562134,2.61078270114012E-07,0,0,0,0,0,38
1,1780,321.40966,0.716308236122131,3.07032593127587E-07,0,0,0,0,0,38
1,1781,321.62966,0.718461036682129,2.83383940313797E-07,0,0,0,0,0,38
1,1782,321.84966,0.720691442489624,3.04482824731167E-07,0,0,0,0,0,38
1,1783,322.06966,0.722902417182922,3.18531903076291E-07,0,0,0,0,0,38
1,1784,322.28966,0.724880695343018,2.99737536124667E-07,0,0,0,0,0,38
1,1785,322.50966,0.727382600307465,2.98445115731738E-07,0,0,0,0,0,38
1,1786,322.72966,0.729419052600861,2.9615617336276E-07,0,0,0,0,0,38
1,1787,322.94966,0.731727063655853,3.03431789916431E-07,0,0,0,0,0,38
1,1788,323.16966,0.7339768409729,3.48167674246724E-07,0,0,0,0,0,38
1,1789,323.38966,0.736110270023346,3.36898040131928E-07,0,0,0,0,0,38
1,1790,323.60966,0.738263070583344,3.34850454919433E-07,0,0,0,0,0,38
1,1791,323.82966,0.740435242652893,3.3202039162461E-07,0,0,0,0,0,38
1,1792,324.04966,0.74252986907959,3.33612547365192E-07,0,0,0,0,0,38
1,1793,324.26966,0.744973599910736,3.20890933380724E-07,0,0,0,0,0,38
1,1794,324.48966,0.74724280834198,2.59945466041245E-07,0,0,0,0,0,38
1,1795,324.70966,0.749337434768677,2.35553272887046E-07,0,0,0,0,0,38
1,1796,324.92966,0.751373887062073,1.90696709978511E-07,0,0,0,0,0,38
1,1797,325.14966,0.753740012645721,2.40353074332234E-07,0,0,0,0,0,38
1,1798,325.36966,0.756203174591064,2.89935485398019E-07,0,0,0,0,0,38
1,1799,325.58966,0.758065044879913,4.70510116201694E-07,0,0,0,0,0,38
1,1800,325.80966,0.760295450687408,-2.95115114568034E-07,0,0,0,0,0,38
1,1801,326.02966,0.762351274490356,3.63867258101891E-07,0,0,0,0,0,38
1,1802,326.24966,0.765299260616302,9.07646551695507E-07,0,0,0,0,0,38
1,1803,326.46966,0.766889631748199,5.55080873709812E-07,0,0,0,0,0,38
1,1804,326.68966,0.768829107284546,5.19306183832668E-07,0,0,0,0,0,38
1,1805,326.90966,0.771156489849091,5.45150385278248E-07,0,0,0,0,0,38
1,1806,327.12966,0.774046301841736,9.12563166366454E-07,0,0,0,0,0,38
1,1807,327.34966,0.776179730892181,1.01333955626615E-06,0,0,0,0,0,38
1,1808,327.56966,0.777614951133728,3.64547872777621E-07,0,0,0,0,0,38
1,1814,328.88966,0.791036069393158,4.98218469147105E-07,0,0,0,0,0,38
1,1816,329.32966,0.795283496379852,5.23894414072856E-07,0,0,0,0,0,38
1,1817,329.54966,0.797824203968048,1.28915473851521E-06,0,0,0,0,0,38
1,1818,329.76966,0.79997706413269,3.0895552072252E-07,0,0,0,0,0,38
1,1819,329.98966,0.802672922611237,2.63671472566784E-06,0,0,0,0,0,38
1,1820,330.20966,0.804379642009735,2.20590322896896E-06,0,0,0,0,0,38
1,1821,330.42966,0.806338489055634,5.41828683253698E-07,0,0,0,0,0,38
1,1822,330.64966,0.808452546596527,1.14727561140171E-06,0,0,0,0,0,38
1,1823,330.86966,0.810838103294373,1.0325896937502E-06,0,0,0,0,0,38
1,1824,331.08966,0.812602996826172,-6.26388612090523E-07,0,0,0,0,0,38
1,1825,331.30966,0.815318286418915,1.57973104819575E-07,0,0,0,0,0,38
1,1826,331.52966,0.81795597076416,3.30833563566557E-06,0,0,0,0,0,38
1,1827,331.74966,0.820516049861908,3.8530938581971E-06,0,0,0,0,0,38
1,1828,331.96966,0.821757316589355,1.97322469830397E-06,0,0,0,0,0,38
1,1829,332.18966,0.82468593120575,3.24605207424611E-06,0,0,0,0,0,38
1,1830,332.40966,0.825888395309448,-3.02642956739874E-06,0,0,0,0,0,38
1,1831,332.62966,0.829786717891693,1.58746274792065E-06,0,0,0,0,0,38
1,1832,332.84966,0.83096981048584,2.98874783766223E-06,0,0,0,0,0,38
1,1833,333.06966,0.833335936069489,3.27207817463204E-06,0,0,0,0,0,38
1,1834,333.28966,0.83750581741333,1.37187380460091E-05,0,0,0,0,0,38
1,1835,333.50966,0.836206376552582,6.74105285725091E-06,0,0,0,0,0,38
1,1836,333.72966,0.839270710945129,-1.85924147899641E-06,0,0,0,0,0,38
1,1837,333.94966,0.841908395290375,6.91007426212309E-06,0,0,0,0,0,38
1,1838,334.16966,0.843246638774872,-4.23875735577894E-06,0,0,0,0,0,38
1,1839,334.38966,0.850480854511261,1.61441021191422E-05,0,0,0,0,0,38
1,1840,334.60966,0.846311032772064,7.03013802194619E-06,0,0,0,0,0,38
1,1841,334.82966,0.848289251327515,-1.12075058495975E-05,0,0,0,0,0,38
1,1842,335.04966,0.850054204463959,2.83684403257212E-06,0,0,0,0,0,38
1,1843,335.26966,0.852323353290558,2.18562445297721E-06,0,0,0,0,0,38
1,1844,335.48966,0.8568035364151,5.70786539810797E-07,0,0,0,0,0,38
1,1845,335.70966,0.855950176715851,-2.06789582080091E-06,0,0,0,0,0,38
1,1846,335.92966,0.859693348407745,-1.08325493783923E-05,0,0,0,0,0,38
1,1847,336.14966,0.860663115978241,-3.65942037205969E-06,0,0,0,0,0,38
1,1848,336.36966,0.865182101726532,-5.74675993902929E-07,0,0,0,0,0,38
1,1849,336.58966,0.86764520406723,-1.92607308235893E-06,0,0,0,0,0,38
1,1850,336.80966,0.870438039302826,-3.10864081143336E-08,0,0,0,0,0,38
1,1851,337.02966,0.872416317462921,-2.42730993704754E-06,0,0,0,0,0,38
1,1852,337.24966,0.871252596378326,-3.875846232404E-06,0,0,0,0,0,38
1,1853,337.46966,0.875752210617065,-7.00877126291743E-06,0,0,0,0,0,38
1,1854,337.68966,0.878932952880859,1.97384395050904E-07,0,0,0,0,0,38
1,1855,337.90966,0.881376683712006,-1.05300564712252E-07,0,0,0,0,0,38
1,1856,338.12966,0.882986426353455,1.12253576389776E-06,0,0,0,0,0,38
1,1857,338.34966,0.894584476947784,7.52341147745028E-05,0,0,0,0,0,38
1,1858,338.56966,0.896116673946381,8.34361417219043E-05,0,0,0,0,0,38
1,1859,338.78966,0.886942923069,-7.72487965150503E-06,0,0,0,0,0,38
1,1860,339.00966,0.889697015285492,-1.36674525492708E-05,0,0,0,0,0,38
1,1861,339.22966,0.892800152301788,-8.79573963175062E-06,0,0,0,0,0,38
1,1862,339.44966,0.892722547054291,-6.70142389935791E-06,0,0,0,0,0,38
1,1863,339.66966,0.894875407218933,9.26315067317773E-07,0,0,0,0,0,38
1,1864,339.88966,0.900790750980377,1.40540441861958E-06,0,0,0,0,0,38
1,1865,340.10966,0.899006485939026,-2.91067340185691E-06,0,0,0,0,0,38
1,1866,340.32966,0.905561864376068,1.95948496184428E-06,0,0,0,0,0,38
1,1867,340.54966,0.907365560531616,-1.29428133277543E-06,0,0,0,0,0,38
1,1868,340.76966,0.908315896987915,-6.71230327498051E-06,0,0,0,0,0,38
1,1869,340.98966,0.911768198013306,-1.26467157315346E-05,0,0,0,0,0,38
1,1870,341.20966,0.912815511226654,-5.77024802623782E-05,0,0,0,0,0,38
1,1871,341.42966,0.9152592420578,-4.2455161747057E-05,0,0,0,0,0,38
1,1872,341.64966,0.918653309345245,-4.19642219640082E-07,0,0,0,0,0,38
1,1873,341.86966,0.92107766866684,3.23705648952455E-06,0,0,0,0,0,38
1,1874,342.08966,0.923443794250488,5.63522280572215E-06,0,0,0,0,0,38
1,1875,342.30966,0.924491107463837,-5.77666105527896E-06,0,0,0,0,0,38
1,1876,342.52966,0.927342116832733,2.07333187063341E-06,0,0,0,0,0,38
1,1877,342.74966,0.929301023483276,1.8429182091495E-06,0,0,0,0,0,38
1,1878,342.96966,0.930678009986877,-4.73766294817324E-06,0,0,0,0,0,38
1,1879,343.18966,0.9455925822258,9.37285949476063E-05,0,0,0,0,0,38
1,1880,343.40966,0.936341285705566,2.41564953284978E-06,0,0,0,0,0,38
1,1881,343.62966,0.93506121635437,-1.01894893305143E-05,0,0,0,0,0,38
1,1882,343.84966,0.93926990032196,-0.000138085742946714,0,0,0,0,0,38
1,1883,344.06966,0.942838490009308,2.21049208448676E-06,0,0,0,0,0,38
1,1884,344.28966,0.961030781269073,0.000103091231721919,0,0,0,0,0,38
1,1885,344.50966,0.946426510810852,-2.81704899407487E-07,0,0,0,0,0,38
1,1886,344.72966,0.949258148670197,3.50982259078592E-06,0,0,0,0,0,38
1,1887,344.94966,0.951391577720642,3.86962528864387E-06,0,0,0,0,0,38
1,1888,345.16966,0.958296120166779,-0.000113791291369125,0,0,0,0,0,38
1,1889,345.38966,0.955949366092682,1.52391385199735E-06,0,0,0,0,0,38
1,1890,345.60966,0.95825731754303,1.19092158001877E-06,0,0,0,0,0,38
1,1891,345.82966,0.957151830196381,-1.00084225778119E-05,0,0,0,0,0,38
1,1892,346.04966,0.962485373020172,-5.21014680998633E-06,0,0,0,0,0,38
1,1893,346.26966,0.961903512477875,-1.31254164443817E-05,0,0,0,0,0,38
1,1894,346.48966,0.966849148273468,3.49389188158966E-06,0,0,0,0,0,38
1,1895,346.70966,0.96403694152832,-1.11900208139559E-05,0,0,0,0,0,38
1,1896,346.92966,0.971290588378906,4.04874936066335E-06,0,0,0,0,0,38
1,1897,347.14966,0.986942112445831,0.000107459767605178,0,0,0,0,0,38
1,1898,347.36966,0.970650553703308,-6.74649618304102E-06,0,0,0,0,0,38
1,1899,347.58966,0.97513073682785,-1.45825015351875E-05,0,0,0,0,0,38
1,1900,347.80966,0.979998767375946,2.94602818939893E-06,0,0,0,0,0,38
1,1901,348.02966,0.978214502334595,1.7863461835077E-05,0,0,0,0,0,38
1,1902,348.24966,0.984362602233887,3.50982259078592E-06,0,0,0,0,0,38
1,1903,348.46966,0.985739648342133,-3.88116750400513E-05,0,0,0,0,0,38
1,1904,348.68966,0.989230692386627,2.68258736468852E-06,0,0,0,0,0,38
1,1905,348.90966,0.991984724998474,8.25047682155855E-05,0,0,0,0,0,38
1,1906,349.12966,0.99345874786377,3.41112945534405E-06,0,0,0,0,0,38
1,1907,349.34966,1.00751984119415,0.000110045220935717,0,0,0,0,0,38
1,1908,349.56966,0.997706174850464,3.27124939758505E-06,0,0,0,0,0,38
1,1909,349.78966,0.998229801654816,-1.30185644593439E-05,0,0,0,0,0,38
1,1910,350.00966,1.00249671936035,2.37096560340433E-06,0,0,0,0,0,38
1,1911,350.22966,1.00298154354095,-5.76422735321103E-06,0,0,0,0,0,38
1,1912,350.44966,1.02103805541992,0.000104377744719386,0,0,0,0,0,38
1,1913,350.66966,1.00899386405945,3.2253997233056E-06,0,0,0,0,0,38
1,1914,350.88966,1.01025450229645,-4.52589983979124E-06,0,0,0,0,0,38
1,1915,351.10966,1.01302802562714,-8.31237593956757E-06,0,0,0,0,0,38
1,1916,351.32966,1.01539409160614,2.33016726269852E-06,0,0,0,0,0,38
1,1917,351.54966,1.01523900032043,-1.24466096167453E-05,0,0,0,0,0,38
1,1918,351.76966,1.02800071239471,0.000113157548184972,0,0,0,0,0,38
1,1919,351.98966,1.02099919319153,-0.000147822560393251,0,0,0,0,0,38
1,1920,352.20966,1.02406358718872,3.14574572257698E-06,0,0,0,0,0,38
1,1921,352.42966,1.02454841136932,-0.000103445214335807,0,0,0,0,0,38
1,1922,352.64966,1.02873766422272,-2.05954027165944E-08,0,0,0,0,0,38
1,1923,352.86966,1.03083229064941,-1.39103167384746E-06,0,0,0,0,0,38
1,1924,353.08966,1.04658091068268,0.000104612430732232,0,0,0,0,0,38
1,1925,353.30966,1.02964925765991,-7.72216026234673E-06,0,0,0,0,0,38
1,1926,353.52966,1.04539775848389,0.000110066197521519,0,0,0,0,0,38
1,1927,353.74966,1.05013012886047,0.000107263935205992,0,0,0,0,0,38
1,1928,353.96966,1.0363404750824,-1.0553566426097E-05,0,0,0,0,0,38
1,1929,354.18966,1.04852032661438,0.000109625187178608,0,0,0,0,0,38
1,1930,354.40966,1.04233336448669,-1.56273272295948E-05,0,0,0,0,0,38
1,1931,354.62966,1.04751181602478,-2.30608065976412E-06,0,0,0,0,0,38
1,1932,354.84966,1.05053734779358,2.580008640507E-06,0,0,0,0,0,38
1,1933,355.06966,1.05298113822937,2.16619673665264E-06,0,0,0,0,0,38
1,1934,355.28966,1.05503690242767,2.3639715891477E-06,0,0,0,0,0,38
1,1935,355.50966,1.05532789230347,-0.0001245340827154,0,0,0,0,0,38
1,1936,355.72966,1.05433869361877,-1.32804507302353E-05,0,0,0,0,0,38
1,1937,355.94966,1.06056439876556,-4.1268531276728E-06,0,0,0,0,0,38
1,1938,356.16966,1.06372582912445,3.0633718779427E-06,0,0,0,0,0,38
1,1939,356.38966,1.06017649173737,-8.27934854896739E-06,0,0,0,0,0,38
1,1940,356.60966,1.06611132621765,-1.55173656821717E-05,0,0,0,0,0,38
1,1941,356.82966,1.07051396369934,2.0818799839617E-06,0,0,0,0,0,38
1,1942,357.04966,1.06783747673035,5.42501402378548E-06,0,0,0,0,0,38
1,1943,357.26966,1.07208490371704,-1.39608118843171E-05,0,0,0,0,0,38
1,1944,357.48966,1.07673966884613,1.7453907048548E-06,0,0,0,0,0,38
1,1945,357.70966,1.07854330539703,-2.13185048778541E-05,0,0,0,0,0,38
1,1946,357.92966,1.08023071289063,-6.77058487781323E-05,0,0,0,0,0,38
1,1947,358.14966,1.08197617530823,-8.87923815753311E-05,0,0,0,0,0,38
1,1948,358.36966,1.08203434944153,-1.64032735483488E-05,0,0,0,0,0,38
1,1949,358.58966,1.08818256855011,2.59865919360891E-06,0,0,0,0,0,38
1,1950,358.80966,1.08998620510101,-0.000148100763908587,0,0,0,0,0,38
1,1951,359.02966,1.09229421615601,3.31787600771349E-06,0,0,0,0,0,38
1,1952,359.24966,1.09429180622101,2.3783481992723E-06,0,0,0,0,0,38
1,1953,359.46966,1.0971622467041,8.62591946315661E-07,0,0,0,0,0,38
1,1954,359.68966,1.0934579372406,-9.44657040236052E-06,0,0,0,0,0,38
1,1955,359.90966,1.10061454772949,1.33546438974008E-06,0,0,0,0,0,38
1,1956,360.12966,1.10327160358429,3.09601068693155E-06,0,0,0,0,0,38
1,1957,360.34966,1.10538566112518,-2.60876549873501E-06,0,0,0,0,0,38
1,1958,360.56966,1.10212731361389,-9.15437703952193E-06,0,0,0,0,0,38
1,1959,360.78966,1.10980761051178,3.4709669307631E-06,0,0,0,0,0,38
1,1960,361.00966,1.11207675933838,-3.64620950676908E-06,0,0,0,0,0,38
1,1961,361.22966,1.11378359794617,-1.18276579996746E-06,0,0,0,0,0,38
1,1962,361.44966,1.11647939682007,3.35440017806832E-06,0,0,0,0,0,38
1,1963,361.66966,1.12640953063965,0.000113100046291947,0,0,0,0,0,38
1,1964,361.88966,1.12126994132996,4.67160452899407E-06,0,0,0,0,0,38
1,1965,362.10966,1.12315118312836,-5.13126997248037E-06,0,0,0,0,0,38
1,1966,362.32966,1.12522637844086,-2.83801341538492E-06,0,0,0,0,0,38
1,1967,362.54966,1.12596344947815,-1.18470679808524E-05,0,0,0,0,0,38
1,1968,362.76966,1.13019144535065,3.37732512889488E-06,0,0,0,0,0,38
1,1969,362.98966,1.12765073776245,1.45156654980383E-05,0,0,0,0,0,38
1,1970,363.20966,1.13405096530914,1.50953735555959E-06,0,0,0,0,0,38
1,1971,363.42966,1.14741396903992,6.18464082435821E-06,0,0,0,0,0,38
1,1972,363.64966,1.13820147514343,-1.89228614999593E-07,0,0,0,0,0,38
1,1973,363.86966,1.14070343971252,-9.13885173758899E-07,0,0,0,0,0,38
1,1974,364.08966,1.14182829856873,-0.000132889967062511,0,0,0,0,0,38
1,1975,364.30966,1.14543569087982,4.35376568930224E-06,0,0,0,0,0,38
1,1976,364.52966,1.14756917953491,1.41407090268331E-05,0,0,0,0,0,38
1,1977,364.74966,1.14621150493622,-1.09786460598116E-05,0,0,0,0,0,38
1,1978,364.96966,1.15150630474091,4.52783888249542E-06,0,0,0,0,0,38
1,1979,365.18966,1.15090501308441,-1.15401089715306E-05,0,0,0,0,0,38
1,1980,365.40966,1.1565877199173,4.54998644272564E-06,0,0,0,0,0,38
1,1981,365.62966,1.17260766029358,0.000110065418994054,0,0,0,0,0,38
1,1982,365.84966,1.17264652252197,3.11155454255641E-05,0,0,0,0,0,38
1,1983,366.06966,1.16273581981659,5.03373848914634E-06,0,0,0,0,0,38
1,1984,366.28966,1.16483044624329,3.72896806766221E-06,0,0,0,0,0,38
1,1985,366.50966,1.16172730922699,-1.38170462378184E-05,0,0,0,0,0,38
1,1986,366.72966,1.16929125785828,4.84334623251925E-06,0,0,0,0,0,38
1,1987,366.94966,1.17177379131317,-5.40597875442472E-06,0,0,0,0,0,38
1,1988,367.16966,1.17057132720947,-1.1736329724954E-05,0,0,0,0,0,38
1,1989,367.38966,1.17553627490997,4.65139964944683E-06,0,0,0,0,0,38
1,1990,367.60966,1.17334473133087,8.49381024181639E-07,0,0,0,0,0,38
1,1991,367.82966,1.18059837818146,5.31427576788701E-06,0,0,0,0,0,38
1,1992,368.04966,1.18081164360046,-0.000102893849543761,0,0,0,0,0,38
1,1993,368.26966,1.18116080760956,-1.41449872899102E-05,0,0,0,0,0,38
1,1994,368.48966,1.18701803684235,5.88545253776829E-06,0,0,0,0,0,38
1,1995,368.70966,1.18961691856384,8.28035699669272E-05,0,0,0,0,0,38
1,1996,368.92966,1.19083869457245,1.07707478491648E-06,0,0,0,0,0,38
1,1997,369.14966,1.19349586963654,5.14680823471281E-06,0,0,0,0,0,38
1,1998,369.36966,1.19510555267334,-3.85136518161744E-05,0,0,0,0,0,38
1,1999,369.58966,1.19450438022614,-6.48771811029292E-06,0,0,0,0,0,38
1,2000,369.80966,1.20020639896393,7.52630626266182E-07,0,0,0,0,0,38
1,2001,370.02966,1.19467890262604,-8.77631191542605E-06,0,0,0,0,0,38
1,2002,370.24966,1.19646322727203,2.59438502325793E-06,0,0,0,0,0,38
1,2003,370.46966,1.18926775455475,-8.2902288340847E-06,0,0,0,0,0,38
1,2004,370.68966,1.18969440460205,-1.09125912786112E-05,0,0,0,0,0,38
1,2005,370.90966,1.18928718566895,4.03398416892742E-06,0,0,0,0,0,38
1,2006,371.12966,1.18558275699615,-9.87697203527205E-05,0,0,0,0,0,38
1,2007,371.34966,1.18145167827606,-9.97811457636999E-06,0,0,0,0,0,38
1,2008,371.56966,1.18249905109406,5.54779762751423E-06,0,0,0,0,0,38
1,2009,371.78966,1.17957043647766,-4.18097733927425E-05,0,0,0,0,0,38
1,2010,372.00966,1.17460536956787,-1.56117857841309E-05,0,0,0,0,0,38
1,2011,372.22966,1.17619574069977,2.94369669973094E-06,0,0,0,0,0,38
1,2012,372.44966,1.18315839767456,0.000111341825686395,0,0,0,0,0,38
1,2013,372.66966,1.17173492908478,5.26959183844156E-06,0,0,0,0,0,38
1,2014,372.88966,1.16995060443878,2.37407402892131E-06,0,0,0,0,0,38
1,2015,373.10966,1.17638969421387,0.000111762630695011,0,0,0,0,0,38
1,2016,373.32966,1.16382193565369,-1.02291223811335E-05,0,0,0,0,0,38
1,2017,373.54966,1.16203761100769,-3.40647056873422E-06,0,0,0,0,0,38
1,2018,373.76966,1.16102910041809,3.36178277393628E-06,0,0,0,0,0,38
1,2019,373.98966,1.1584107875824,-8.00191992311738E-06,0,0,0,0,0,38
1,2020,374.20966,1.15076923370361,-2.07422763196519E-05,0,0,0,0,0,38
1,2021,374.42966,1.15445423126221,8.15188116121135E-07,0,0,0,0,0,38
1,2022,374.64966,1.15212690830231,-5.88118246014346E-06,0,0,0,0,0,38
1,2023,374.86966,1.14644420146942,-8.1907583080465E-06,0,0,0,0,0,38
1,2024,375.08966,1.14774370193481,3.33652678818908E-06,0,0,0,0,0,38
1,2025,375.30966,1.14529991149902,1.24920495636616E-06,0,0,0,0,0,38
1,2026,375.52966,1.13909363746643,-1.44550549521227E-05,0,0,0,0,0,38
1,2027,375.74966,1.14111065864563,2.97555834549712E-06,0,0,0,0,0,38
1,2028,375.96966,1.13595175743103,-1.31312453959254E-05,0,0,0,0,0,38
1,2029,376.18966,1.13653349876404,1.32089512661082E-08,0,0,0,0,0,38
1,2030,376.40966,1.13476860523224,3.16245382236957E-06,0,0,0,0,0,38
1,2031,376.62966,1.13246059417725,6.49663377316756E-07,0,0,0,0,0,38
1,2032,376.84966,1.12809681892395,-1.45467538459343E-05,0,0,0,0,0,38
1,2033,377.06966,1.12784469127655,1.51031440509541E-06,0,0,0,0,0,38
1,2034,377.28966,1.12542033195496,-7.94868810771732E-06,0,0,0,0,0,38
1,2035,377.50966,1.11890375614166,-1.35605996547383E-05,0,0,0,0,0,38
1,2036,377.72966,1.12105655670166,-1.25894018765393E-07,0,0,0,0,0,38
1,2037,377.94966,1.11896193027496,8.3267315176272E-07,0,0,0,0,0,38
1,2038,378.16966,1.11172771453857,-1.60994222824229E-05,0,0,0,0,0,38
1,2039,378.38966,1.11133980751038,-1.50953947013477E-05,0,0,0,0,0,38
1,2040,378.60966,1.11273622512817,2.61031595982786E-06,0,0,0,0,0,38
1,2041,378.82966,1.12159955501556,-8.39319545775652E-06,0,0,0,0,0,38
1,2042,379.04966,1.10342681407928,-1.20153126772493E-05,0,0,0,0,0,38
1,2043,379.26966,1.10618078708649,2.89124182017986E-06,0,0,0,0,0,38
1,2044,379.48966,1.10362076759338,6.32955448054418E-07,0,0,0,0,0,38
1,2045,379.70966,1.11062216758728,0.00010939322237391,0,0,0,0,0,38
1,2046,379.92966,1.09353542327881,-7.5034031397081E-06,0,0,0,0,0,38
1,2047,380.14966,1.0971816778183,2.00921999748971E-06,0,0,0,0,0,38
1,2048,380.36966,1.09456336498261,-3.47563354807789E-06,0,0,0,0,0,38
1,2049,380.58966,1.0926239490509,1.31253955260036E-06,0,0,0,0,0,38
1,2050,380.80966,1.08698010444641,2.67959712800803E-05,0,0,0,0,0,38
1,2051,381.02966,1.08857035636902,-8.78915159319149E-07,0,0,0,0,0,38
1,2052,381.24966,1.08213138580322,-1.53669952851487E-05,0,0,0,0,0,38
1,2053,381.46966,1.08374106884003,2.46342438003921E-07,0,0,0,0,0,38
1,2054,381.68966,1.08185982704163,-1.63621041338047E-06,0,0,0,0,0,38
1,2055,381.90966,1.09619247913361,0.000110058426798787,0,0,0,0,0,38
1,2056,382.12966,1.07720506191254,-9.0766832272493E-07,0,0,0,0,0,38
1,2057,382.34966,1.07536256313324,3.14574572257698E-06,0,0,0,0,0,38
1,2058,382.56966,1.07293832302094,1.09805671399954E-06,0,0,0,0,0,38
1,2059,382.78966,1.07078540325165,5.9448842648635E-07,0,0,0,0,0,38
1,2060,383.00966,1.06822538375854,-6.22777452008449E-06,0,0,0,0,0,38
1,2061,383.22966,1.06669318675995,2.55667771398294E-07,0,0,0,0,0,38
1,2062,383.44966,1.06399726867676,-9.28667844846132E-08,0,0,0,0,0,38
1,2063,383.66966,1.06211602687836,-1.01335547242343E-06,0,0,0,0,0,38
1,2064,383.88966,1.06258153915405,0.000103388869320042,0,0,0,0,0,38
1,2065,384.10966,1.05459082126617,-1.65664678206667E-05,0,0,0,0,0,38
1,2066,384.32966,1.05478477478027,-0.000159902760060504,0,0,0,0,0,38
1,2067,384.54966,1.06649923324585,0.000111579232907388,0,0,0,0,0,38
1,2068,384.76966,1.04733729362488,2.89407998934621E-05,0,0,0,0,0,38
1,2069,384.98966,1.04886937141418,-4.62498155684443E-06,0,0,0,0,0,38
1,2070,385.20966,1.05922615528107,0.000108511201688088,0,0,0,0,0,38
1,2071,385.42966,1.0385514497757,-1.0531806765357E-05,0,0,0,0,0,38
1,2072,385.64966,1.0380083322525,-1.81459472514689E-05,0,0,0,0,0,38
1,2073,385.86966,1.0374459028244,-1.67914404300973E-05,0,0,0,0,0,38
1,2074,386.08966,1.04359412193298,0.000113848014734685,0,0,0,0,0,38
1,2075,386.30966,1.03034746646881,-6.56661256925872E-07,0,0,0,0,0,38
1,2076,386.52966,1.03244209289551,-6.54561290502897E-06,0,0,0,0,0,38
1,2077,386.74966,1.03073537349701,-3.35945537699445E-06,0,0,0,0,0,38
1,2078,386.96966,1.02866017818451,6.34898242424242E-07,0,0,0,0,0,38
1,2079,387.18966,1.02648794651031,-6.7453481733537E-07,0,0,0,0,0,38
1,2080,387.40966,1.02470362186432,-4.35201954473996E-08,0,0,0,0,0,38
1,2081,387.62966,1.02148413658142,-4.37514017903595E-06,0,0,0,0,0,38
1,2082,387.84966,1.01896274089813,-7.94208244769834E-06,0,0,0,0,0,38
1,2083,388.06966,1.0336639881134,0.000274098914815113,0,0,0,0,0,38
1,2084,388.28966,1.01469588279724,-0.000178741771378554,0,0,0,0,0,38
1,2085,388.50966,1.01298916339874,-1.5805640941835E-05,0,0,0,0,0,38
1,2086,388.72966,1.01147639751434,-3.42135135724675E-05,0,0,0,0,0,38
1,2087,388.94966,1.00872242450714,-7.68314748711418E-06,0,0,0,0,0,38
1,2088,389.16966,1.00139117240906,-6.19070124230348E-05,0,0,0,0,0,38
1,2089,389.38966,1.00472700595856,-8.94952449925768E-07,0,0,0,0,0,38
1,2090,389.60966,1.00096452236176,0.000123046978842467,0,0,0,0,0,38
1,2091,389.82966,0.999839603900909,-1.00249772003735E-05,0,0,0,0,0,38
1,2092,390.04966,0.996872186660767,-6.47333172310027E-06,0,0,0,0,0,38
1,2093,390.26966,0.995844304561615,-2.38096413340827E-06,0,0,0,0,0,38
1,2094,390.48966,0.988338530063629,6.00393068452831E-05,0,0,0,0,0,38
1,2095,390.70966,0.983198940753937,-4.28728380938992E-05,0,0,0,0,0,38
1,2096,390.92966,0.98855185508728,-8.53507572173839E-06,0,0,0,0,0,38
1,2097,391.14966,0.987174808979034,-2.82111159322085E-05,0,0,0,0,0,38
1,2098,391.36966,0.985157787799835,4.01822217099834E-06,0,0,0,0,0,38
1,2099,391.58966,0.982442498207092,-2.19169614865677E-05,0,0,0,0,0,38
1,2100,391.80966,0.972512423992157,-3.61935672117397E-05,0,0,0,0,0,38
1,2101,392.02966,0.978214502334595,-1.20615914056543E-06,0,0,0,0,0,38
1,2102,392.24966,0.975693166255951,-9.99170151771978E-05,0,0,0,0,0,38
1,2103,392.46966,0.973967015743256,-1.15421098598745E-05,0,0,0,0,0,38
1,2104,392.68966,0.962427198886871,-3.64308616553899E-05,0,0,0,0,0,38
1,2105,392.90966,0.96874988079071,-9.74100112216547E-06,0,0,0,0,0,38
1,2106,393.12966,0.987911820411682,0.000155641988385469,0,0,0,0,0,38
1,2107,393.34966,0.963804185390472,-1.6354142644559E-05,0,0,0,0,0,38
1,2108,393.56966,0.962989628314972,-1.31876149680465E-05,0,0,0,0,0,38
1,2109,393.78966,0.969564437866211,0.000253329752013087,0,0,0,0,0,38
1,2110,394.00966,0.958742201328278,-1.14254071377218E-05,0,0,0,0,0,38
1,2111,394.22966,0.946290791034698,-4.19080970459618E-05,0,0,0,0,0,38
1,2112,394.44966,0.954475343227386,-1.16510318548535E-05,0,0,0,0,0,38
1,2113,394.66966,0.95162433385849,-2.69079373538261E-05,0,0,0,0,0,38
1,2114,394.88966,0.974296748638153,0.000217941662413068,0,0,0,0,0,38
1,2115,395.10966,0.941500306129456,-4.5366381527856E-05,0,0,0,0,0,38
1,2116,395.32966,0.964095115661621,0.000156030990183353,0,0,0,0,0,38
1,2117,395.54966,0.942722141742706,-7.0021727879066E-05,0,0,0,0,0,38
1,2118,395.76966,0.940840840339661,-6.41165825072676E-05,0,0,0,0,0,38
1,2119,395.98966,0.958140969276428,0.00020924344426021,0,0,0,0,0,38
1,2120,396.20966,0.935875833034515,-9.20805996429408E-06,0,0,0,0,0,38
1,2121,396.42966,0.933916926383972,-1.75855086581578E-06,0,0,0,0,0,38
1,2122,396.64966,0.92868036031723,8.71843076311052E-05,0,0,0,0,0,38
1,2123,396.86966,0.929048895835876,-0.000171587904333137,0,0,0,0,0,38
1,2124,397.08966,0.927943348884583,-4.82393625134137E-06,0,0,0,0,0,38
1,2125,397.30966,0.925189316272736,-0.000142882985528558,0,0,0,0,0,38
1,2126,397.52966,0.943226397037506,0.000165935140103102,0,0,0,0,0,38
1,2127,397.74966,0.919836401939392,-9.72933139564702E-06,0,0,0,0,0,38
1,2128,397.96966,0.9155113697052,-4.43004973931238E-05,0,0,0,0,0,38
1,2129,398.18966,0.907520711421967,-2.96660055028042E-05,0,0,0,0,0,38
1,2130,398.40966,0.913125813007355,-2.57214614975965E-05,0,0,0,0,0,38
1,2131,398.62966,0.912524580955505,-5.0690114221652E-06,0,0,0,0,0,38
1,2132,398.84966,0.910080850124359,-8.4417133621173E-06,0,0,0,0,0,38
1,2133,399.06966,0.915782868862152,0.000215222506085411,0,0,0,0,0,38
1,2134,399.28966,0.90507698059082,-0.000144439021823928,0,0,0,0,0,38
1,2135,399.50966,0.901682913303375,-2.6149371478823E-05,0,0,0,0,0,38
1,2136,399.72966,0.895883917808533,-5.56478698854335E-05,0,0,0,0,0,38
1,2137,399.94966,0.909576594829559,0.000239002576563507,0,0,0,0,0,38
1,2138,400.16966,0.900596797466278,0.000184945980436169,0,0,0,0,0,38
1,2139,400.38966,0.886147737503052,-5.73244979023002E-05,0,0,0,0,0,38
1,2140,400.60966,0.892897129058838,-9.90438456938136E-06,0,0,0,0,0,38
1,2141,400.82966,0.889406085014343,-1.62024298333563E-05,0,0,0,0,0,38
1,2142,401.04966,0.879844486713409,-3.03973411064362E-05,0,0,0,0,0,38
1,2143,401.26966,0.876915872097015,-2.94792826025514E-05,0,0,0,0,0,38
1,2144,401.48966,0.875655233860016,-2.77131839538924E-05,0,0,0,0,0,38
1,2145,401.70966,0.881396055221558,-2.01742041099351E-05,0,0,0,0,0,38
1,2146,401.92966,0.879805684089661,8.82247513800394E-06,0,0,0,0,0,38
1,2147,402.14966,0.876566767692566,-0.000192131439689547,0,0,0,0,0,38
1,2148,402.36966,0.87437516450882,-1.25535316328751E-05,0,0,0,0,0,38
1,2149,402.58966,0.872396886348724,-9.67098003457068E-06,0,0,0,0,0,38
1,2150,402.80966,0.880891799926758,0.00016223567945417,0,0,0,0,0,38
1,2151,403.02966,0.86764520406723,-5.64085394216818E-06,0,0,0,0,0,38
1,2152,403.24966,0.862195312976837,-4.29117390012834E-05,0,0,0,0,0,38
1,2153,403.46966,0.864076554775238,-3.53299656126183E-05,0,0,0,0,0,38
1,2154,403.68966,0.854262828826904,-5.080681603431E-06,0,0,0,0,0,38
1,2155,403.90966,0.859014570713043,-8.09938592283288E-06,0,0,0,0,0,38
1,2156,404.12966,0.856493234634399,-0.000179290262167342,0,0,0,0,0,38
1,2157,404.34966,0.857269048690796,0.000121669894724619,0,0,0,0,0,38
1,2158,404.56966,0.852284610271454,-5.2440650506469E-06,0,0,0,0,0,38
1,2159,404.78966,0.851120889186859,-2.69118281721603E-05,0,0,0,0,0,38
1,2160,405.00966,0.84834748506546,-5.78089657210512E-06,0,0,0,0,0,38
1,2161,405.22966,0.845942497253418,-5.56305212739971E-06,0,0,0,0,0,38
1,2162,405.44966,0.84530246257782,-0.000203529372811317,0,0,0,0,0,38
1,2163,405.66966,0.841695070266724,-5.81201720706304E-06,0,0,0,0,0,38
1,2164,405.88966,0.848890542984009,0.000103001380921341,0,0,0,0,0,38
1,2165,406.10966,0.831163763999939,-1.44674522744026E-05,0,0,0,0,0,38
1,2166,406.32966,0.834596633911133,-9.67098003457068E-06,0,0,0,0,0,38
1,2167,406.54966,0.843770325183868,8.46907641971484E-05,0,0,0,0,0,38
1,2168,406.76966,0.83081465959549,-1.62763408297906E-05,0,0,0,0,0,38
1,2169,406.98966,0.828875184059143,-3.98696938646026E-05,0,0,0,0,0,38
1,2170,407.20966,0.826896905899048,5.65594746149145E-06,0,0,0,0,0,38
1,2171,407.42966,0.82443380355835,-1.0311053983969E-06,0,0,0,0,0,38
1,2172,407.64966,0.816578924655914,-4.53858301625587E-05,0,0,0,0,0,38
1,2173,407.86966,0.820710003376007,9.74831436906243E-06,0,0,0,0,0,38
1,2174,408.08966,0.817917168140411,3.63699427907704E-06,0,0,0,0,0,38
1,2175,408.30966,0.812602996826172,-2.62933044723468E-05,0,0,0,0,0,38
1,2176,408.52966,0.81390243768692,2.20544370677089E-06,0,0,0,0,0,38
1,2177,408.74966,0.812952101230621,3.10465184156783E-05,0,0,0,0,0,38
1,2178,408.96966,0.808161616325378,-0.000124537356896326,0,0,0,0,0,38
1,2179,409.18966,0.80629974603653,-0.000116519891889766,0,0,0,0,0,38
1,2180,409.40966,0.804457247257233,6.05863021974073E-07,0,0,0,0,0,38
1,2181,409.62966,0.802440166473389,-1.4429620023293E-06,0,0,0,0,0,38
1,2182,409.84966,0.800849795341492,2.41811903833877E-06,0,0,0,0,0,38
1,2183,410.06966,0.798153936862946,4.67096100464914E-07,0,0,0,0,0,38
1,2184,410.28966,0.795962333679199,-1.39600604143197E-06,0,0,0,0,0,38
1,2185,410.50966,0.793557405471802,-5.96160987242911E-07,0,0,0,0,0,38
1,2186,410.72966,0.791617929935455,-2.84840962194721E-06,0,0,0,0,0,38
1,2187,410.94966,0.789019048213959,-1.30443611467967E-08,0,0,0,0,0,38
1,2188,411.16966,0.786866188049316,5.40895030098909E-07,0,0,0,0,0,38
1,2189,411.38966,0.784829795360565,3.20536685194384E-07,0,0,0,0,0,38
1,2190,411.60966,0.782735109329224,1.2064992915839E-07,0,0,0,0,0,38
1,2191,411.82966,0.780388355255127,1.15647701193211E-07,0,0,0,0,0,38
1,2192,412.04966,0.778254985809326,1.92047508562609E-07,0,0,0,0,0,38
1,2193,412.26966,0.776043951511383,1.22207040931244E-07,0,0,0,0,0,38
1,2194,412.48966,0.774143278598785,1.4197825137785E-08,0,0,0,0,0,38
1,2195,412.70966,0.772048652172089,-2.66413859861814E-08,0,0,0,0,0,38
1,2196,412.92966,0.769546747207642,-3.8638951593839E-08,0,0,0,0,0,38
1,2197,413.14966,0.767355144023895,-3.89581593651656E-08,0,0,0,0,0,38
1,2198,413.36966,0.765202343463898,-8.18255116996625E-08,0,0,0,0,0,38
1,2199,413.58966,0.763107657432556,-4.52995045918669E-08,0,0,0,0,0,38
1,2200,413.80966,0.760722160339355,-4.29093347520393E-08,0,0,0,0,0,38
1,2201,414.02966,0.758705079555511,-3.5941251752547E-08,0,0,0,0,0,38
1,2202,414.24966,0.756435930728912,-4.06320559420692E-08,0,0,0,0,0,38
1,2203,414.46966,0.754244327545166,-4.25083790389635E-08,0,0,0,0,0,38
1,2204,414.68966,0.751994490623474,-2.04362855527052E-08,0,0,0,0,0,38
1,2205,414.90966,0.749473214149475,-4.2461918425829E-09,0,0,0,0,0,38
1,2206,415.12966,0.747533738613129,-8.66450289294107E-09,0,0,0,0,0,38
1,2207,415.34966,0.745225787162781,-2.90159842819548E-08,0,0,0,0,0,38
1,2208,415.56966,0.743034183979034,-3.65446304328998E-08,0,0,0,0,0,38
1,2209,415.78966,0.740997731685638,-2.33325181397959E-08,0,0,0,0,0,38
1,2210,416.00966,0.738728523254395,-5.15902485176412E-08,0,0,0,0,0,38
1,2211,416.22966,0.736459374427795,-4.72264360951158E-08,0,0,0,0,0,38
1,2212,416.44966,0.734209537506104,-1.53639874156397E-08,0,0,0,0,0,38
1,2213,416.66966,0.732308864593506,-5.05978370313187E-09,0,0,0,0,0,38
1,2214,416.88966,0.730039715766907,-1.60802589022069E-08,0,0,0,0,0,38
1,2215,417.10966,0.727770507335663,-6.12093202789765E-08,0,0,0,0,0,38
1,2216,417.32966,0.725598335266113,-3.72336543819074E-08,0,0,0,0,0,38
1,2217,417.54966,0.723096370697021,-3.8705127991534E-08,0,0,0,0,0,38
1,2218,417.76966,0.721176326274872,-2.64194977006582E-08,0,0,0,0,0,38
1,2219,417.98966,0.718693792819977,-1.95604084041179E-08,0,0,0,0,0,38
1,2220,418.20966,0.716812491416931,-2.47027784894271E-08,0,0,0,0,0,38
1,2221,418.42966,0.714601516723633,-2.18026539045013E-08,0,0,0,0,0,38
1,2222,418.64966,0.712371110916138,-4.18001411262026E-09,0,0,0,0,0,38
1,2223,418.86966,0.710024356842041,-4.24499866369388E-08,0,0,0,0,0,38
1,2224,419.08966,0.707987904548645,-3.27141300715539E-08,0,0,0,0,0,38
1,2225,419.30966,0.705679953098297,-3.44542065988662E-08,0,0,0,0,0,38
1,2226,419.52966,0.703468918800354,-2.37607249431449E-08,0,0,0,0,0,38
1,2227,419.74966,0.701451897621155,-4.55369644214443E-08,0,0,0,0,0,38
1,2228,419.96966,0.699143886566162,-2.84709944509132E-08,0,0,0,0,0,38
1,2229,420.18966,0.696971714496613,4.34518554470742E-09,0,0,0,0,0,38
1,2230,420.40966,0.69450855255127,-2.10124184718552E-08,0,0,0,0,0,38
1,2231,420.62966,0.692452728748322,1.18855112418714E-08,0,0,0,0,0,38
1,2232,420.84966,0.690299928188324,-5.14617859437294E-08,0,0,0,0,0,38
1,2233,421.06966,0.687836766242981,-4.68955470012133E-08,0,0,0,0,0,38
1,2234,421.28966,0.68580037355423,-4.87562985540535E-08,0,0,0,0,0,38
1,2235,421.50966,0.683686316013336,-2.23165006474346E-08,0,0,0,0,0,38
1,2236,421.72966,0.681475341320038,-4.65451961417784E-08,0,0,0,0,0,38
1,2237,421.94966,0.679244935512543,-2.71746980473608E-08,0,0,0,0,0,38
1,2238,422.16966,0.677266657352448,-3.66614152369493E-08,0,0,0,0,0,38
1,2239,422.38966,0.6749587059021,-1.92450944069833E-08,0,0,0,0,0,38
1,2240,422.60966,0.672805905342102,-4.69461554075679E-08,0,0,0,0,0,38
1,2241,422.82966,0.670439720153809,-3.3586367020888E-09,0,0,0,0,0,38
1,2242,423.04966,0.668170571327209,-4.11770457731109E-08,0,0,0,0,0,38
1,2243,423.26966,0.666269898414612,-6.71536000140804E-08,0,0,0,0,0,38
1,2244,423.48966,0.663845539093018,-9.91756579082903E-08,0,0,0,0,0,38
1,2245,423.70966,0.66184788942337,-7.99063712975112E-08,0,0,0,0,0,38
1,2246,423.92966,0.659559309482574,-6.2665222344549E-08,0,0,0,0,0,38
1,2247,424.14966,0.656902194023132,-9.70387681320517E-09,0,0,0,0,0,38
1,2248,424.36966,0.654982149600983,-4.35905747053766E-08,0,0,0,0,0,38
1,2249,424.58966,0.653139650821686,-5.43813740705446E-08,0,0,0,0,0,38
1,2250,424.80966,0.650792896747589,-6.29727523460133E-08,0,0,0,0,0,38
1,2251,425.02966,0.648426711559296,-2.72727703531928E-07,0,0,0,0,0,38
1,2252,425.24966,0.646370887756348,2.67520583463465E-08,0,0,0,0,0,38
1,2253,425.46966,0.644082307815552,-7.28487492551722E-08,0,0,0,0,0,38
1,2254,425.68966,0.641910135746002,-6.1871091361354E-08,0,0,0,0,0,38
1,2255,425.90966,0.63991242647171,-8.68433147616088E-08,0,0,0,0,0,38
1,2256,426.12966,0.637371718883514,-7.22570447919679E-08,0,0,0,0,0,38
1,2257,426.34966,0.635296523571014,-8.38692244542472E-08,0,0,0,0,0,38
1,2258,426.56966,0.633066117763519,-2.91171975419502E-08,0,0,0,0,0,38
1,2259,426.78966,0.630583584308624,-6.88080348254516E-08,0,0,0,0,0,38
1,2260,427.00966,0.628508329391479,-2.78131135900139E-08,0,0,0,0,0,38
1,2261,427.22966,0.62623918056488,-3.61945318161361E-09,0,0,0,0,0,38
1,2262,427.44966,0.624202728271484,-1.38964066920266E-08,0,0,0,0,0,38
1,2263,427.66966,0.622302055358887,-4.59729569968204E-08,0,0,0,0,0,38
1,2264,427.88966,0.62011045217514,-3.43646711087331E-08,0,0,0,0,0,38
1,2265,428.10966,0.617686092853546,-3.34849019623107E-08,0,0,0,0,0,38
1,2266,428.32966,0.615475118160248,-4.08072331481435E-08,0,0,0,0,0,38
1,2267,428.54966,0.613225340843201,-8.88480968797012E-08,0,0,0,0,0,38
1,2268,428.76966,0.611227691173553,-3.27569509295245E-08,0,0,0,0,0,38
1,2269,428.98966,0.608919680118561,-6.01426961566176E-08,0,0,0,0,0,38
1,2270,429.20966,0.606747508049011,-7.03924030176495E-08,0,0,0,0,0,38
1,2271,429.42966,0.604711055755615,-2.78559344479845E-08,0,0,0,0,0,38
1,2272,429.64966,0.602422475814819,-9.43641751405266E-08,0,0,0,0,0,38
1,2273,429.86966,0.600017547607422,-4.51982948845853E-08,0,0,0,0,0,38
1,2274,430.08966,0.597806513309479,-4.33219717876909E-08,0,0,0,0,0,38
1,2275,430.30966,0.596002817153931,-4.92234342175379E-08,0,0,0,0,0,38
1,2276,430.52966,0.593559086322784,-3.18655040132398E-08,0,0,0,0,0,38
1,2277,430.74966,0.591328680515289,-5.06598709648642E-08,0,0,0,0,0,38
1,2278,430.96966,0.588904321193695,-9.04129962009392E-08,0,0,0,0,0,38
1,2279,431.18966,0.587061822414398,-6.53317826504463E-08,0,0,0,0,0,38
1,2280,431.40966,0.5848508477211,-4.53968240776703E-08,0,0,0,0,0,38
1,2281,431.62966,0.582445919513702,-3.82613514204877E-08,0,0,0,0,0,38
1,2282,431.84966,0.580293118953705,-9.39515345521613E-08,0,0,0,0,0,38
1,2283,432.06966,0.577926933765411,-3.92851511321624E-08,0,0,0,0,0,38
1,2284,432.28966,0.575909912586212,-7.71074581962239E-08,0,0,0,0,0,38
1,2285,432.50966,0.573582530021667,-9.16314348842207E-08,0,0,0,0,0,38
1,2286,432.72966,0.57183700799942,-5.37234932096453E-08,0,0,0,0,0,38
1,2287,432.94966,0.569296300411224,-1.27106389413711E-07,0,0,0,0,0,38
1,2288,433.16966,0.56722104549408,-4.54824657936115E-08,0,0,0,0,0,38
1,2289,433.38966,0.564893662929535,-9.30133765564278E-08,0,0,0,0,0,38
1,2290,433.60966,0.562760293483734,-1.05520896909184E-07,0,0,0,0,0,38
1,2291,433.82966,0.56049108505249,-8.32853075394269E-08,0,0,0,0,0,38
1,2292,434.04966,0.558183133602142,-4.62532376843683E-08,0,0,0,0,0,38
1,2293,434.26966,0.556030333042145,-6.47167226475176E-08,0,0,0,0,0,38
1,2294,434.48966,0.553916275501251,-1.04061101069419E-07,0,0,0,0,0,38
1,2295,434.70966,0.551394939422607,-7.17938064553891E-08,0,0,0,0,0,38
1,2296,434.92966,0.549668848514557,-1.03940422491178E-07,0,0,0,0,0,38
1,2297,435.14966,0.547380268573761,-1.01437365174206E-07,0,0,0,0,0,38
1,2298,435.36966,0.545169293880463,-9.6139281424712E-08,0,0,0,0,0,38
1,2299,435.58966,0.54301643371582,-6.99758757605196E-08,0,0,0,0,0,38
1,2300,435.80966,0.54078608751297,-9.37296462666382E-08,0,0,0,0,0,38
1,2301,436.02966,0.538575053215027,-8.42585023974607E-08,0,0,0,0,0,38
1,2302,436.24966,0.536053776741028,-1.0613206313792E-07,0,0,0,0,0,38
1,2303,436.46966,0.534250020980835,-9.98997151668846E-08,0,0,0,0,0,38
1,2304,436.68966,0.531786918640137,-5.5903452533812E-08,0,0,0,0,0,38
1,2305,436.90966,0.52969229221344,-1.09915852419817E-07,0,0,0,0,0,38
1,2306,437.12966,0.527364909648895,-1.3584958935553E-07,0,0,0,0,0,38
1,2307,437.34966,0.525464236736298,-3.81912812486007E-08,0,0,0,0,0,38
1,2308,437.56966,0.5233114361763,-5.79705208281212E-08,0,0,0,0,0,38
1,2309,437.78966,0.520809531211853,-6.03217671368839E-08,0,0,0,0,0,38
1,2310,438.00966,0.518947601318359,-1.24591650774164E-07,0,0,0,0,0,38
1,2311,438.22966,0.516600847244263,-4.73159680325352E-08,0,0,0,0,0,38
1,2312,438.44966,0.514506220817566,-5.29527213188885E-08,0,0,0,0,0,38
1,2313,438.66966,0.511984884738922,-9.7159194467622E-08,0,0,0,0,0,38
1,2314,438.88966,0.509987235069275,-1.1622605455841E-07,0,0,0,0,0,38
1,2315,439.10966,0.507679283618927,-7.90265985983751E-08,0,0,0,0,0,38
1,2316,439.32966,0.505662202835083,-5.30967554368544E-08,0,0,0,0,0,38
1,2317,439.54966,0.503296077251434,-6.62232295667309E-08,0,0,0,0,0,38
1,2318,439.76966,0.50112384557724,-1.18230836676503E-07,0,0,0,0,0,38
1,2319,439.98966,0.498835295438766,-9.94831879097546E-08,0,0,0,0,0,38
1,2320,440.20966,0.49674066901207,-7.49586348547382E-08,0,0,0,0,0,38
1,2321,440.42966,0.494568437337875,-7.10931047365193E-08,0,0,0,0,0,38
1,2322,440.64966,0.492493212223053,-1.07268753879453E-07,0,0,0,0,0,38
1,2323,440.86966,0.490068882703781,-1.25837345876789E-07,0,0,0,0,0,38
1,2324,441.08966,0.488090604543686,-1.20286230753663E-07,0,0,0,0,0,38
1,2325,441.30966,0.485976606607437,-1.35507022491765E-07,0,0,0,0,0,38
1,2326,441.52966,0.483571648597717,-1.13890386899129E-07,0,0,0,0,0,38
1,2327,441.74966,0.481224894523621,-1.11761032428603E-07,0,0,0,0,0,38
1,2328,441.96966,0.479285418987274,-8.2078543073294E-08,0,0,0,0,0,38
1,2329,442.18966,0.476899862289429,-1.71340104770934E-07,0,0,0,0,0,38
1,2330,442.40966,0.474805235862732,-9.21336038572917E-08,0,0,0,0,0,38
1,2331,442.62966,0.472555458545685,-8.79527561892246E-08,0,0,0,0,0,38
1,2332,442.84966,0.47038322687149,-1.13248077582284E-07,0,0,0,0,0,38
1,2333,443.06966,0.467939496040344,-9.09735575760351E-08,0,0,0,0,0,38
1,2334,443.28966,0.465806096792221,-1.04769590336673E-07,0,0,0,0,0,38
1,2335,443.50966,0.463886022567749,-1.94400968211994E-07,0,0,0,0,0,38
1,2336,443.72966,0.461578041315079,-1.42354423360302E-07,0,0,0,0,0,38
1,2337,443.94966,0.459347635507584,-1.57937250833129E-07,0,0,0,0,0,38
1,2338,444.16966,0.457253009080887,-1.27063572108455E-07,0,0,0,0,0,38
1,2339,444.38966,0.455138981342316,-1.32641929440069E-07,0,0,0,0,0,38
1,2340,444.60966,0.452540099620819,-1.66240567978093E-07,0,0,0,0,0,38
1,2341,444.82966,0.450561851263046,-1.36772172254496E-07,0,0,0,0,0,38
1,2342,445.04966,0.448292672634125,-1.19262423936561E-07,0,0,0,0,0,38
1,2343,445.26966,0.446159243583679,-1.03858674549429E-07,0,0,0,0,0,38
1,2344,445.48966,0.444239169359207,-9.69295186337149E-08,0,0,0,0,0,38
1,2345,445.70966,0.441582083702087,-1.12169772137349E-07,0,0,0,0,0,38
1,2346,445.92966,0.439526259899139,-1.54176817090956E-07,0,0,0,0,0,38
1,2347,446.14966,0.437586784362793,-1.2533907067791E-07,0,0,0,0,0,38
1,2348,446.36966,0.435162425041199,-1.98173083276743E-07,0,0,0,0,0,38
1,2349,446.58966,0.433126002550125,-1.31875054876218E-07,0,0,0,0,0,38
1,2350,446.80966,0.43079861998558,-1.52074719039774E-07,0,0,0,0,0,38
1,2351,447.02966,0.428471267223358,-1.79783555154245E-07,0,0,0,0,0,38
1,2352,447.24966,0.426376640796661,-1.56313959109866E-07,0,0,0,0,0,38
1,2353,447.46966,0.424165636301041,-1.49851928199496E-07,0,0,0,0,0,38
1,2354,447.68966,0.42185765504837,-1.54200179736108E-07,0,0,0,0,0,38
1,2355,447.90966,0.419918179512024,-1.70923584619231E-07,0,0,0,0,0,38
1,2356,448.12966,0.417358100414276,-1.61526401143419E-07,0,0,0,0,0,38
1,2357,448.34966,0.415244072675705,-1.74835832922327E-07,0,0,0,0,0,38
1,2358,448.56966,0.41316881775856,-1.84131806690857E-07,0,0,0,0,0,38
1,2359,448.78966,0.410919040441513,-1.87043610822002E-07,0,0,0,0,0,38
1,2360,449.00966,0.408649861812592,-2.02968990947738E-07,0,0,0,0,0,38
1,2361,449.22966,0.40678796172142,-2.08142509450227E-07,0,0,0,0,0,38
1,2362,449.44966,0.404305458068848,-1.88207550877451E-07,0,0,0,0,0,38
1,2363,449.66966,0.402249604463577,-1.6471459218792E-07,0,0,0,0,0,38
1,2364,449.88966,0.399864047765732,-1.85120569540231E-07,0,0,0,0,0,38
1,2365,450.10966,0.39769184589386,-2.45816892174844E-07,0,0,0,0,0,38
1,2366,450.32966,0.395558416843414,-1.61592581093828E-07,0,0,0,0,0,38
1,2367,450.54966,0.393366813659668,-2.34850901392747E-07,0,0,0,0,0,38
1,2368,450.76966,0.391272187232971,-2.34134631682537E-07,0,0,0,0,0,38
1,2369,450.98966,0.38900300860405,-1.99543336520946E-07,0,0,0,0,0,38
1,2370,451.20966,0.386811405420303,-2.23635794327492E-07,0,0,0,0,0,38
1,2371,451.42966,0.384484052658081,-2.35816315807824E-07,0,0,0,0,0,38
1,2372,451.64966,0.382350623607636,-2.64229754520784E-07,0,0,0,0,0,38
1,2373,451.86966,0.380275398492813,-1.80908571678629E-07,0,0,0,0,0,38
1,2374,452.08966,0.377986818552017,-2.27723219836662E-07,0,0,0,0,0,38
1,2375,452.30966,0.375698238611221,-2.66884626398678E-07,0,0,0,0,0,38
1,2376,452.52966,0.373719990253448,-2.40222959746461E-07,0,0,0,0,0,38
1,2377,452.74966,0.371353834867477,-2.98026918699179E-07,0,0,0,0,0,38
1,2378,452.96966,0.369201004505157,-2.631047379964E-07,0,0,0,0,0,38
1,2379,453.18966,0.367028802633286,-2.85122325749398E-07,0,0,0,0,0,38
1,2380,453.40966,0.364449292421341,-2.72233307896386E-07,0,0,0,0,0,38
1,2381,453.62966,0.362374067306519,-2.83864977745907E-07,0,0,0,0,0,38
1,2382,453.84966,0.360395818948746,-2.96477594474709E-07,0,0,0,0,0,38
1,2383,454.06966,0.358184814453125,-2.99646302437395E-07,0,0,0,0,0,38
1,2384,454.28966,0.35595440864563,-3.22687725429205E-07,0,0,0,0,0,38
1,2385,454.50966,0.353568881750107,-3.08366168155771E-07,0,0,0,0,0,38
1,2386,454.72966,0.35172638297081,-2.8588920031325E-07,0,0,0,0,0,38
1,2387,454.94966,0.349146872758865,-3.05368700992403E-07,0,0,0,0,0,38
1,2388,455.16966,0.347459524869919,-3.09615728610879E-07,0,0,0,0,0,38
1,2389,455.38966,0.344860643148422,-3.30329243070082E-07,0,0,0,0,0,38
1,2390,455.60966,0.34268844127655,-3.16361933982989E-07,0,0,0,0,0,38
1,2391,455.82966,0.340555012226105,-3.56811881374597E-07,0,0,0,0,0,38
1,2392,456.04966,0.338499188423157,-3.49625793205632E-07,0,0,0,0,0,38
1,2393,456.26966,0.335977852344513,-3.82274578214492E-07,0,0,0,0,0,38
1,2394,456.48966,0.33399960398674,-3.95046811263455E-07,0,0,0,0,0,38
1,2395,456.70966,0.331749826669693,-3.74668076119633E-07,0,0,0,0,0,38
1,2396,456.92966,0.329655170440674,-3.87335205687123E-07,0,0,0,0,0,38
1,2397,457.14966,0.327289015054703,-4.46369284645698E-07,0,0,0,0,0,38
1,2398,457.36966,0.325271964073181,-4.28415773967572E-07,0,0,0,0,0,38
1,2399,457.58966,0.323041588068008,-4.21992666588267E-07,0,0,0,0,0,38
1,2400,457.80966,0.320753008127213,-4.7060964902812E-07,0,0,0,0,0,38
1,2401,458.02966,0.318658381700516,-4.44543559297017E-07,0,0,0,0,0,38
1,2402,458.24966,0.316078871488571,-4.57821869304098E-07,0,0,0,0,0,38
1,2403,458.46966,0.314139425754547,-4.3486221557032E-07,0,0,0,0,0,38
1,2404,458.68966,0.311947822570801,-4.9419992365074E-07,0,0,0,0,0,38
1,2405,458.90966,0.309930771589279,-5.45740419966023E-07,0,0,0,0,0,38
1,2406,459.12966,0.307661563158035,-5.35864444373146E-07,0,0,0,0,0,38
1,2407,459.34966,0.305217832326889,-5.84119391078275E-07,0,0,0,0,0,38
1,2408,459.56966,0.303045630455017,-5.46659123301652E-07,0,0,0,0,0,38
1,2409,459.78966,0.300989806652069,-5.83601661219291E-07,0,0,0,0,0,38
1,2410,460.00966,0.298914551734924,-5.85641487305111E-07,0,0,0,0,0,38
1,2411,460.22966,0.296528995037079,-6.48369791633741E-07,0,0,0,0,0,38
1,2412,460.44966,0.294589549303055,-6.03007208610507E-07,0,0,0,0,0,38
1,2413,460.66966,0.29226216673851,-6.34122216069954E-07,0,0,0,0,0,38
1,2414,460.88966,0.290148138999939,-6.85993597926426E-07,0,0,0,0,0,38
1,2415,461.10966,0.287956535816193,-6.7623437871589E-07,0,0,0,0,0,38
1,2416,461.32966,0.285454630851746,-6.96636448083154E-07,0,0,0,0,0,38
1,2417,461.54966,0.283437579870224,-6.98287010436616E-07,0,0,0,0,0,38
1,2418,461.76966,0.281148999929428,-7.28008387795853E-07,0,0,0,0,0,38
1,2419,461.98966,0.279073774814606,-7.32823764337809E-07,0,0,0,0,0,38
1,2420,462.20966,0.276765793561935,-7.3670878464327E-07,0,0,0,0,0,38
1,2421,462.42966,0.274612993001938,-7.9294784427475E-07,0,0,0,0,0,38
1,2422,462.64966,0.272208034992218,-8.06996922619874E-07,0,0,0,0,0,38
1,2423,462.86966,0.270365536212921,-8.14576196717098E-07,0,0,0,0,0,38
1,2424,463.08966,0.267883002758026,-8.40455413708696E-07,0,0,0,0,0,38
1,2425,463.30966,0.265982329845428,-8.79052379332279E-07,0,0,0,0,0,38
1,2426,463.52966,0.263480424880981,-9.06297998426453E-07,0,0,0,0,0,38
1,2427,463.74966,0.261308193206787,-9.58344571699854E-07,0,0,0,0,0,38
1,2428,463.96966,0.259252369403839,-9.3968640157982E-07,0,0,0,0,0,38
1,2429,464.18966,0.257177144289017,-9.73561441242055E-07,0,0,0,0,0,38
1,2430,464.40966,0.254675209522247,-1.0100368399435E-06,0,0,0,0,0,38
1,2431,464.62966,0.252755135297775,-1.0718464409365E-06,0,0,0,0,0,38
1,2432,464.84966,0.25027260184288,-1.08155893485673E-06,0,0,0,0,0,38
1,2433,465.06966,0.248100399971008,-1.06333300209371E-06,0,0,0,0,0,38
1,2434,465.28966,0.246238514780998,-1.14767794912041E-06,0,0,0,0,0,38
1,2435,465.50966,0.24373659491539,-1.18676143756602E-06,0,0,0,0,0,38
1,2436,465.72966,0.241583779454231,-1.16825515306118E-06,0,0,0,0,0,38
1,2437,465.94966,0.239430963993073,-1.21960101751029E-06,0,0,0,0,0,38
1,2438,466.16966,0.237103596329689,-1.28124713683064E-06,0,0,0,0,0,38
1,2439,466.38966,0.234834417700768,-1.28209194372175E-06,0,0,0,0,0,38
1,2440,466.60966,0.232720389962196,-1.2945449725521E-06,0,0,0,0,0,38
1,2441,466.82966,0.230567574501038,-1.42813757975091E-06,0,0,0,0,0,38
1,2442,467.04966,0.228395372629166,-1.45176670685032E-06,0,0,0,0,0,38
1,2443,467.26966,0.225951641798019,-1.48962408275111E-06,0,0,0,0,0,38
1,2444,467.48966,0.224167332053185,-1.71726685493923E-06,0,0,0,0,0,38
1,2445,467.70966,0.221936926245689,-1.81631378382008E-06,0,0,0,0,0,38
1,2446,467.92966,0.21947380900383,-1.33776836719335E-06,0,0,0,0,0,38
1,2447,468.14966,0.217204615473747,-1.29135707993555E-06,0,0,0,0,0,38
1,2448,468.36966,0.215187564492226,-1.67182815857814E-06,0,0,0,0,0,38
1,2449,468.58966,0.213054150342941,-2.29256397688005E-06,0,0,0,0,0,38
1,2450,468.80966,0.210649207234383,-1.75395234691678E-06,0,0,0,0,0,38
1,2451,469.02966,0.208573967218399,-2.15099612432823E-06,0,0,0,0,0,38
1,2452,469.24966,0.206343576312065,-2.12010695577192E-06,0,0,0,0,0,38
1,2453,469.46966,0.204151973128319,-2.30166733672377E-06,0,0,0,0,0,38
1,2454,469.68966,0.202018558979034,-1.97126428247429E-06,0,0,0,0,0,38
1,2455,469.90966,0.199613615870476,-1.78849813892157E-06,0,0,0,0,0,38
1,2456,470.12966,0.197635352611542,-1.81195662207756E-06,0,0,0,0,0,38
1,2457,470.34966,0.195327386260033,-2.32255820264982E-06,0,0,0,0,0,38
1,2458,470.56966,0.193135783076286,-2.21409663936356E-06,0,0,0,0,0,38
1,2459,470.78966,0.190905392169952,-2.38519191952946E-06,0,0,0,0,0,38
1,2460,471.00966,0.188849553465843,-2.22463927457284E-06,0,0,0,0,0,38
1,2461,471.22966,0.186754912137985,-2.33135028793185E-06,0,0,0,0,0,38
1,2462,471.44966,0.184194818139076,-2.55515897151781E-06,0,0,0,0,0,38
1,2463,471.66966,0.182216554880142,-2.535785370128E-06,0,0,0,0,0,38
1,2464,471.88966,0.180063739418983,-2.78060178970918E-06,0,0,0,0,0,38
1,2465,472.10966,0.177620008587837,-2.74866238214599E-06,0,0,0,0,0,38
1,2466,472.32966,0.175409004092216,-2.4475923510181E-06,0,0,0,0,0,38
1,2467,472.54966,0.17321740090847,-2.46447621066181E-06,0,0,0,0,0,38
1,2468,472.76966,0.171239152550697,-2.93975381282507E-06,0,0,0,0,0,38
1,2469,472.98966,0.169066935777664,-3.02090529658017E-06,0,0,0,0,0,38
1,2470,473.20966,0.166914120316505,-2.71108206106874E-06,0,0,0,0,0,38
1,2471,473.42966,0.16462554037571,-3.10225141220144E-06,0,0,0,0,0,38
1,2472,473.64966,0.162181809544563,-3.24922689287632E-06,0,0,0,0,0,38
1,2473,473.86966,0.160242348909378,-3.16566320179845E-06,0,0,0,0,0,38
1,2474,474.08966,0.158128321170807,-3.23790618494968E-06,0,0,0,0,0,38
1,2475,474.30966,0.155917316675186,-3.56165674020303E-06,0,0,0,0,0,38
1,2476,474.52966,0.153842091560364,-2.62001026385406E-06,0,0,0,0,0,38
1,2477,474.74966,0.151262581348419,-3.36714174409281E-06,0,0,0,0,0,38
1,2478,474.96966,0.14930371940136,-3.64405309483118E-06,0,0,0,0,0,38
1,2479,475.18966,0.147131517529488,-3.85051134799141E-06,0,0,0,0,0,38
1,2480,475.40966,0.144823536276817,-3.29458771375357E-06,0,0,0,0,0,38
1,2481,475.62966,0.142767697572708,-4.10695975006092E-06,0,0,0,0,0,38
1,2482,475.84966,0.140517920255661,-3.98138081436628E-06,0,0,0,0,0,38
1,2483,476.06966,0.138171151280403,-4.16916554968338E-06,0,0,0,0,0,38
1,2484,476.28966,0.136018335819244,-4.00962426283513E-06,0,0,0,0,0,38
1,2485,476.50966,0.13388492166996,-3.99966529585072E-06,0,0,0,0,0,38
1,2486,476.72966,0.131383001804352,-3.9881110751594E-06,0,0,0,0,0,38
1,2487,476.94966,0.129676267504692,-4.36582013207953E-06,0,0,0,0,0,38
1,2488,477.16966,0.127213135361671,-4.34839148510946E-06,0,0,0,0,0,38
1,2489,477.38966,0.124866381287575,-4.48373475592234E-06,0,0,0,0,0,38
1,2490,477.60966,0.122868724167347,-4.34450112152263E-06,0,0,0,0,0,38
1,2491,477.82966,0.120580151677132,-4.45008390670409E-06,0,0,0,0,0,38
1,2492,478.04966,0.11831096559763,-5.02351349496166E-06,0,0,0,0,0,38
1,2493,478.26966,0.116313308477402,-4.99258567288052E-06,0,0,0,0,0,38
1,2494,478.48966,0.113966546952724,-4.65689208795084E-06,0,0,0,0,0,38
1,2495,478.70966,0.112124055624008,-4.91034461447271E-06,0,0,0,0,0,38
1,2496,478.92966,0.109505765140057,-4.98737290399731E-06,0,0,0,0,0,38
1,2497,479.14966,0.107585690915585,-5.25619225300034E-06,0,0,0,0,0,38
1,2498,479.36966,0.105219535529613,-5.15068722961587E-06,0,0,0,0,0,38
1,2499,479.58966,0.102989137172699,-5.40266182724736E-06,0,0,0,0,0,38
1,2500,479.80966,0.100797541439533,-5.25716495758388E-06,0,0,0,0,0,38
1,2501,480.02966,0.0984119847416878,-5.38597259946982E-06,0,0,0,0,0,38
1,2502,480.24966,0.0964143350720406,-5.77733635509503E-06,0,0,0,0,0,38
1,2503,480.46966,0.0940869674086571,-5.28011742062517E-06,0,0,0,0,0,38
1,2504,480.68966,0.0922250747680664,-6.01721194470883E-06,0,0,0,0,0,38
1,2505,480.90966,0.0896649733185768,-5.78663411943126E-06,0,0,0,0,0,38
1,2506,481.12966,0.0876867100596428,-5.84806184633635E-06,0,0,0,0,0,38
1,2507,481.34966,0.0853399485349655,-5.48249090570607E-06,0,0,0,0,0,38
1,2508,481.56966,0.0833035036921501,-6.33652780379634E-06,0,0,0,0,0,38
1,2509,481.78966,0.0811506882309914,-6.11754285273491E-06,0,0,0,0,0,38
1,2510,482.00966,0.0790560618042946,-6.17403020441998E-06,0,0,0,0,0,38
1,2511,482.22966,0.0766317248344421,-6.57150167171494E-06,0,0,0,0,0,38
1,2512,482.44966,0.0746146738529205,-6.43417433821014E-06,0,0,0,0,0,38
1,2513,482.66966,0.0722097232937813,-6.30497743259184E-06,0,0,0,0,0,38
1,2514,482.88966,0.0701150968670845,-6.59986199025298E-06,0,0,0,0,0,38
1,2515,483.10966,0.0679622814059258,-6.61114381728112E-06,0,0,0,0,0,38
1,2516,483.32966,0.0655767321586609,-6.45595991954906E-06,0,0,0,0,0,38
1,2517,483.54966,0.0632105767726898,-6.61651256450568E-06,0,0,0,0,0,38
1,2518,483.76966,0.0610577650368214,-6.72995338391047E-06,0,0,0,0,0,38
1,2519,483.98966,0.0590019263327122,-7.15224541636417E-06,0,0,0,0,0,38
1,2520,484.20966,0.0565387979149818,-7.10723452357342E-06,0,0,0,0,0,38
1,2521,484.42966,0.055084191262722,-6.90373326506233E-06,0,0,0,0,0,38
1,2522,484.64966,0.0522525645792484,-6.82491554471198E-06,0,0,0,0,0,38
1,2523,484.86966,0.0501579344272614,-7.49007858757977E-06,0,0,0,0,0,38
1,2524,485.08966,0.047966331243515,-7.83261930337176E-06,0,0,0,0,0,38
1,2525,485.30966,0.0458135195076466,-7.20161324352375E-06,0,0,0,0,0,38
1,2526,485.52966,0.0436801016330719,-7.38375683795311E-06,0,0,0,0,0,38
1,2527,485.74966,0.0413527339696884,-7.78153935243608E-06,0,0,0,0,0,38
1,2528,485.96966,0.0391611307859421,-7.94236439105589E-06,0,0,0,0,0,38
1,2529,486.18966,0.0369307398796082,-7.98827022663318E-06,0,0,0,0,0,38
1,2530,486.40966,0.0352046079933643,-7.67611254559597E-06,0,0,0,0,0,38
1,2531,486.62966,0.0327026918530464,-7.86611508374335E-06,0,0,0,0,0,38
1,2532,486.84966,0.0304335094988346,-7.83164705353556E-06,0,0,0,0,0,38
1,2533,487.06966,0.0285134315490723,-8.22857327875681E-06,0,0,0,0,0,38
1,2534,487.28966,0.0259533300995827,-8.30513454275206E-06,0,0,0,0,0,38
1,2535,487.50966,0.0236065685749054,-8.6212603491731E-06,0,0,0,0,0,38
1,2536,487.72966,0.0216864924877882,-8.33543981570983E-06,0,0,0,0,0,38
1,2537,487.94966,0.0194173101335764,-8.51587174111046E-06,0,0,0,0,0,38
1,2538,488.16966,0.0169541817158461,-9.17270972422557E-06,0,0,0,0,0,38
1,2539,488.38966,0.0150147099047899,-8.60620457387995E-06,0,0,0,0,0,38
1,2540,488.60966,0.0126097649335861,-8.74641136761056E-06,0,0,0,0,0,38
1,2541,488.82966,0.0106121096760035,-9.06304285308579E-06,0,0,0,0,0,38
1,2542,489.04966,0.00857566483318806,-9.19153899303637E-06,0,0,0,0,0,38
1,2543,489.26966,0.0064616403542459,-9.12711584533099E-06,0,0,0,0,0,38
1,2544,489.48966,0.00394032755866647,-9.3009730335325E-06,0,0,0,0,0,38
1,2545,489.70966,0.00196206639520824,-9.23347670322983E-06,0,0,0,0,0,38
1,2546,489.92966,-9.37734948820435E-05,-9.40212066780077E-06,0,0,0,0,0,38
1,2547,490.14966,-0.00257629714906216,-9.49933928495739E-06,0,0,0,0,0,38
1,2548,490.36966,-0.00488426815718412,-9.61667046794901E-06,0,0,0,0,0,38
1,2549,490.58966,-0.00703708175569773,-9.70198470895411E-06,0,0,0,0,0,38
1,2550,490.80966,-0.0094032371416688,-9.95722712104907E-06,0,0,0,0,0,38
1,2551,491.02966,-0.0111681558191776,-1.00049219327047E-05,0,0,0,0,0,38
1,2552,491.24966,-0.0136312851682305,-9.85277256404515E-06,0,0,0,0,0,38
1,2553,491.46966,-0.0156095465645194,-1.03764068626333E-05,0,0,0,0,0,38
1,2554,491.68966,-0.0182278323918581,-1.03703378044884E-05,0,0,0,0,0,38
1,2555,491.90966,-0.0200315415859222,-1.0114395081473E-05,0,0,0,0,0,38
1,2556,492.12966,-0.0222619343549013,-1.05127619463019E-05,0,0,0,0,0,38
1,2557,492.34966,-0.0248220358043909,-1.06325824162923E-05,0,0,0,0,0,38
1,2558,492.56966,-0.0266839284449816,-1.06987181425211E-05,0,0,0,0,0,38
1,2559,492.78966,-0.0290112942457199,-1.06291199699626E-05,0,0,0,0,0,38
1,2560,493.00966,-0.0312222931534052,-1.10606706584804E-05,0,0,0,0,0,38
1,2561,493.22966,-0.0334138944745064,-1.09310076368274E-05,0,0,0,0,0,38
1,2562,493.44966,-0.0352563932538033,-1.10405972009175E-05,0,0,0,0,0,38
1,2563,493.66966,-0.0376419425010681,-1.14200565803912E-05,0,0,0,0,0,38
1,2564,493.88966,-0.0396202057600021,-1.13170808617724E-05,0,0,0,0,0,38
1,2565,494.10966,-0.0421997010707855,-1.16418032121146E-05,0,0,0,0,0,38
1,2566,494.32966,-0.0443331189453602,-1.14435542855063E-05,0,0,0,0,0,38
1,2567,494.54966,-0.0463501699268818,-1.17357540148078E-05,0,0,0,0,0,38
1,2568,494.76966,-0.0490654297173023,-1.17126455734251E-05,0,0,0,0,0,38
1,2569,494.98966,-0.0510049015283585,-1.20124323075288E-05,0,0,0,0,0,38
1,2570,495.20966,-0.0529831647872925,-1.22081528388662E-05,0,0,0,0,0,38
1,2571,495.42966,-0.0550971888005733,-1.21931752801174E-05,0,0,0,0,0,38
1,2572,495.64966,-0.0573275797069073,-1.20118484119303E-05,0,0,0,0,0,38
1,2573,495.86966,-0.0596937350928783,-1.25124906844576E-05,0,0,0,0,0,38
1,2574,496.08966,-0.0620792843401432,-1.24167900139582E-05,0,0,0,0,0,38
1,2575,496.30966,-0.0643290728330612,-1.22842084238073E-05,0,0,0,0,0,38
1,2576,496.52966,-0.066326729953289,-1.28459669213044E-05,0,0,0,0,0,38
1,2577,496.74966,-0.0684795379638672,-1.27908806462074E-05,0,0,0,0,0,38
1,2578,496.96966,-0.0709426701068878,-1.26572103908984E-05,0,0,0,0,0,38
1,2579,497.18966,-0.0730954855680466,-1.31074730234104E-05,0,0,0,0,0,38
1,2580,497.40966,-0.0752676948904991,-1.29981553982361E-05,0,0,0,0,0,38
1,2581,497.62966,-0.0774592980742455,-1.32646409838344E-05,0,0,0,0,0,38
1,2582,497.84966,-0.0796509012579918,-1.33384010041482E-05,0,0,0,0,0,38
1,2583,498.06966,-0.0817649215459824,-1.3606403626909E-05,0,0,0,0,0,38
1,2584,498.28966,-0.0839371308684349,-1.35154486997635E-05,0,0,0,0,0,38
1,2585,498.50966,-0.086245097219944,-1.38667810460902E-05,0,0,0,0,0,38
1,2586,498.72966,-0.0884561017155647,-1.40035645017633E-05,0,0,0,0,0,38
1,2587,498.94966,-0.0905119404196739,-1.37167326101917E-05,0,0,0,0,0,38
1,2588,499.16966,-0.092878095805645,-1.41613936648355E-05,0,0,0,0,0,38
1,2589,499.38966,-0.094953328371048,-1.47106648000772E-05,0,0,0,0,0,38
1,2590,499.60966,-0.0973000898957253,-1.42186972880154E-05,0,0,0,0,0,38
1,2591,499.82966,-0.0992783531546593,-1.46964257510263E-05,0,0,0,0,0,38
1,2592,500.04966,-0.101586319506168,-1.48502485899371E-05,0,0,0,0,0,38
1,2593,500.26966,-0.103913687169552,-1.45177054946544E-05,0,0,0,0,0,38
1,2594,500.48966,-0.105872556567192,-1.51689800986787E-05,0,0,0,0,0,38
1,2595,500.70966,-0.107889600098133,-1.49651286847075E-05,0,0,0,0,0,38
1,2596,500.92966,-0.110372126102448,-1.50837831824902E-05,0,0,0,0,0,38
1,2597,501.14966,-0.112001284956932,-1.55876150529366E-05,0,0,0,0,0,38
1,2598,501.36966,-0.11475533246994,-1.54370609379839E-05,0,0,0,0,0,38
1,2599,501.58966,-0.116849958896637,-1.55786292452831E-05,0,0,0,0,0,38
1,2600,501.80966,-0.119332484900951,-1.74500437424285E-05,0,0,0,0,0,38
1,2601,502.02966,-0.121349535882473,-1.33636012833449E-05,0,0,0,0,0,38
1,2602,502.24966,-0.123851455748081,-2.04271582333604E-05,0,0,0,0,0,38
1,2603,502.46966,-0.125926688313484,-1.66585541592212E-05,0,0,0,0,0,38
1,2604,502.68966,-0.127943739295006,-1.54645222210092E-05,0,0,0,0,0,38
1,2605,502.90966,-0.13017413020134,-1.73400821950054E-05,0,0,0,0,0,38
1,2606,503.12966,-0.132210582494736,-1.73937023646431E-05,0,0,0,0,0,38
1,2607,503.34966,-0.134460359811783,-1.3842301996192E-05,0,0,0,0,0,38
1,2608,503.56966,-0.136613175272942,-1.49415263877017E-05,0,0,0,0,0,38
1,2609,503.78966,-0.13861083984375,-1.79722610482713E-05,0,0,0,0,0,38
1,2610,504.00966,-0.141267910599709,-1.819101817091E-05,0,0,0,0,0,38
1,2611,504.22966,-0.143653452396393,-1.75988589035114E-05,0,0,0,0,0,38
1,2612,504.44966,-0.145515352487564,-1.83134143298958E-05,0,0,0,0,0,38
1,2613,504.66966,-0.14795908331871,-2.05394499062095E-05,0,0,0,0,0,38
1,2614,504.88966,-0.149937346577644,-1.69833874679171E-05,0,0,0,0,0,38
1,2615,505.10966,-0.152051374316216,-1.67261641763616E-05,0,0,0,0,0,38
1,2616,505.32966,-0.1544369161129,-1.57349568326026E-05,0,0,0,0,0,38
1,2617,505.54966,-0.156201839447021,-1.70121402334189E-05,0,0,0,0,0,38
1,2618,505.76966,-0.15835465490818,-1.5173883184616E-05,0,0,0,0,0,38
1,2619,505.98966,-0.160837173461914,-1.70653729583137E-05,0,0,0,0,0,38
1,2620,506.20966,-0.162893012166023,-1.58903803821886E-05,0,0,0,0,0,38
1,2621,506.42966,-0.165239781141281,-1.8608716345625E-05,0,0,0,0,0,38
1,2622,506.64966,-0.167567148804665,-1.85667522600852E-05,0,0,0,0,0,38
1,2623,506.86966,-0.169816926121712,-2.05211872525979E-05,0,0,0,0,0,38
1,2624,507.08966,-0.171853378415108,-2.11051865335321E-05,0,0,0,0,0,38
1,2625,507.30966,-0.174161344766617,-2.11708538699895E-05,0,0,0,0,0,38
1,2626,507.52966,-0.176275372505188,-2.18721961573465E-05,0,0,0,0,0,38
1,2627,507.74966,-0.178835481405258,-2.23104871110991E-05,0,0,0,0,0,38
1,2628,507.96966,-0.18100768327713,-2.5287214157288E-05,0,0,0,0,0,38
1,2629,508.18966,-0.182656228542328,-1.96857927221572E-05,0,0,0,0,0,38
1,2630,508.40966,-0.185041785240173,-2.1339874365367E-05,0,0,0,0,0,38
1,2631,508.62966,-0.187524303793907,-2.18671448237728E-05,0,0,0,0,0,38
1,2632,508.84966,-0.189638331532478,-2.10597263503587E-05,0,0,0,0,0,38
1,2633,509.06966,-0.191655382514,-2.11607512028422E-05,0,0,0,0,0,38
1,2634,509.28966,-0.193536669015884,-2.4016635506996E-05,0,0,0,0,0,38
1,2635,509.50966,-0.195631295442581,-2.1903670130996E-05,0,0,0,0,0,38
1,2636,509.72966,-0.198230192065239,-2.18951208807994E-05,0,0,0,0,0,38
1,2637,509.94966,-0.200635135173798,-2.72109537036158E-05,0,0,0,0,0,38
1,2638,510.16966,-0.20280733704567,-2.24752348003676E-05,0,0,0,0,0,38
1,2639,510.38966,-0.204727426171303,-2.43212634813972E-05,0,0,0,0,0,38
1,2640,510.60966,-0.206802651286125,-2.17812739720102E-05,0,0,0,0,0,38
1,2641,510.82966,-0.209420934319496,-2.66285078396322E-05,0,0,0,0,0,38
1,2642,511.04966,-0.211185857653618,-2.20093570533209E-05,0,0,0,0,0,38
1,2643,511.26966,-0.213532626628876,-2.58179807133274E-05,0,0,0,0,0,38
1,2644,511.48966,-0.215937569737434,-2.52549634751631E-05,0,0,0,0,0,38
1,2645,511.70966,-0.218284323811531,-2.62092562479666E-05,0,0,0,0,0,38
1,2646,511.92966,-0.220398351550102,-2.6190993594355E-05,0,0,0,0,0,38
1,2647,512.14966,-0.22299724817276,-3.30120928992983E-05,0,0,0,0,0,38
1,2648,512.36966,-0.224839746952057,-2.97054812108399E-05,0,0,0,0,0,38
1,2649,512.58966,-0.227167099714279,-2.8565458705998E-05,0,0,0,0,0,38
1,2650,512.80966,-0.229397490620613,-3.16739060508553E-05,0,0,0,0,0,38
1,2651,513.02966,-0.23123998939991,-2.80968597508036E-05,0,0,0,0,0,38
1,2652,513.24966,-0.233567357063293,-3.31780029227957E-05,0,0,0,0,0,38
1,2653,513.46966,-0.236011102795601,-3.10289033222944E-05,0,0,0,0,0,38
1,2654,513.68966,-0.237892389297485,-3.09671231661923E-05,0,0,0,0,0,38
1,2655,513.90966,-0.239890038967133,-3.27210618706886E-05,0,0,0,0,0,38
1,2656,514.12966,-0.242624700069427,-3.39539510605391E-05,0,0,0,0,0,38
1,2657,514.34966,-0.24444779753685,-3.16941113851499E-05,0,0,0,0,0,38
1,2658,514.56966,-0.247027292847633,-3.22365340252873E-05,0,0,0,0,0,38
1,2659,514.78966,-0.248675838112831,-3.19253013003618E-05,0,0,0,0,0,38
1,2660,515.00966,-0.250867456197739,-2.99968978652032E-05,0,0,0,0,0,38
1,2661,515.22966,-0.253194808959961,-3.64737352356315E-05,0,0,0,0,0,38
1,2662,515.44966,-0.255483388900757,-3.48647263308521E-05,0,0,0,0,0,38
1,2663,515.66966,-0.257771968841553,-3.38641948474105E-05,0,0,0,0,0,38
1,2664,515.88966,-0.259556293487549,-3.56725322490092E-05,0,0,0,0,0,38
1,2665,516.10966,-0.262252151966095,-3.67694265150931E-05,0,0,0,0,0,38
1,2666,516.32966,-0.264210999011993,-3.6647808883572E-05,0,0,0,0,0,38
1,2667,516.54966,-0.266712933778763,-3.66485837730579E-05,0,0,0,0,0,38
1,2668,516.76966,-0.268904536962509,-4.11430082749575E-05,0,0,0,0,0,38
1,2669,516.98966,-0.270785808563232,-3.92231559089851E-05,0,0,0,0,0,38
1,2670,517.20966,-0.273151963949203,-3.90032328141388E-05,0,0,0,0,0,38
1,2671,517.42966,-0.275013864040375,-4.12036242778413E-05,0,0,0,0,0,38
1,2672,517.64966,-0.277554571628571,-3.81845457013696E-05,0,0,0,0,0,38
1,2673,517.86966,-0.279377669095993,-4.21656877733767E-05,0,0,0,0,0,38
1,2674,518.08966,-0.282015353441238,-4.30912295996677E-05,0,0,0,0,0,38
1,2675,518.30966,-0.284090608358383,-4.0776991227176E-05,0,0,0,0,0,38
1,2676,518.52966,-0.28643736243248,-4.31195949204266E-05,0,0,0,0,0,38
1,2677,518.74966,-0.288667738437653,-4.43913377239369E-05,0,0,0,0,0,38
1,2678,518.96966,-0.290801167488098,-4.61654817627277E-05,0,0,0,0,0,38
1,2679,519.18966,-0.29297336935997,-4.52364438388031E-05,0,0,0,0,0,38
1,2680,519.40966,-0.295242547988892,-4.85057535115629E-05,0,0,0,0,0,38
1,2681,519.62966,-0.296968698501587,-4.72176907351241E-05,0,0,0,0,0,38
1,2682,519.84966,-0.299393028020859,-4.70987943117507E-05,0,0,0,0,0,38
1,2683,520.06966,-0.301681607961655,-4.72961801278871E-05,0,0,0,0,0,38
1,2684,520.28966,-0.30422231554985,-5.20816320204176E-05,0,0,0,0,0,38
1,2685,520.50966,-0.305851459503174,-4.94118648930453E-05,0,0,0,0,0,38
1,2686,520.72966,-0.308586120605469,-5.24841780134011E-05,0,0,0,0,0,38
1,2687,520.94966,-0.310467422008514,-5.12505102960858E-05,0,0,0,0,0,38
1,2688,521.16966,-0.313046902418137,-5.39121174369939E-05,0,0,0,0,0,38
1,2689,521.38966,-0.314695447683334,-5.41374829481356E-05,0,0,0,0,0,38
1,2690,521.60966,-0.31698402762413,-5.24227834830526E-05,0,0,0,0,0,38
1,2691,521.82966,-0.319330781698227,-5.8188565162709E-05,0,0,0,0,0,38
1,2692,522.04966,-0.321522384881973,-5.51683187950403E-05,0,0,0,0,0,38
1,2693,522.26966,-0.323617041110992,-5.52642923139501E-05,0,0,0,0,0,38
1,2694,522.48966,-0.326002568006516,-6.27809058642015E-05,0,0,0,0,0,38
1,2695,522.70966,-0.328058421611786,-5.91160460317042E-05,0,0,0,0,0,38
1,2696,522.92966,-0.330443978309631,-6.12301810178906E-05,0,0,0,0,0,38
1,2697,523.14966,-0.332693755626678,-6.30672730039805E-05,0,0,0,0,0,38
1,2698,523.36966,-0.334730207920074,-6.32953524473123E-05,0,0,0,0,0,38
1,2699,523.58966,-0.336727857589722,-6.35875476291403E-05,0,0,0,0,0,38
1,2700,523.80966,-0.339132785797119,-6.33998715784401E-05,0,0,0,0,0,38
1,2701,524.02966,-0.340800732374191,-6.41295846435241E-05,0,0,0,0,0,38
1,2702,524.24966,-0.343574196100235,-6.79708464303985E-05,0,0,0,0,0,38
1,2703,524.46966,-0.345630019903183,-7.20370808267035E-05,0,0,0,0,0,38
1,2704,524.68966,-0.347627699375153,-6.91368986736052E-05,0,0,0,0,0,38
1,2705,524.90966,-0.350090801715851,-7.08721927367151E-05,0,0,0,0,0,38
1,2706,525.12966,-0.352534562349319,-7.32808475731872E-05,0,0,0,0,0,38
1,2707,525.34966,-0.354415833950043,-7.3130868258886E-05,0,0,0,0,0,38
1,2708,525.56966,-0.356917768716812,-7.66507946536876E-05,0,0,0,0,0,38
1,2709,525.78966,-0.358799040317535,-7.634810754098E-05,0,0,0,0,0,38
1,2710,526.00966,-0.361087620258331,-7.62117269914597E-05,0,0,0,0,0,38
1,2711,526.22966,-0.362755566835403,-7.93244471424259E-05,0,0,0,0,0,38
1,2712,526.44966,-0.36545142531395,-7.79326364863664E-05,0,0,0,0,0,38
1,2713,526.66966,-0.367487877607346,-7.97161119407974E-05,0,0,0,0,0,38
1,2714,526.88966,-0.370047986507416,-8.59030842548236E-05,0,0,0,0,0,38
1,2715,527.10966,-0.372103810310364,-8.52211669553071E-05,0,0,0,0,0,38
1,2716,527.32966,-0.374159663915634,-8.6318061221391E-05,0,0,0,0,0,38
1,2717,527.54966,-0.376583993434906,-9.12507748580538E-05,0,0,0,0,0,38
1,2718,527.76966,-0.379085928201675,-9.14944030228071E-05,0,0,0,0,0,38
1,2719,527.98966,-0.381102979183197,-9.38677039812319E-05,0,0,0,0,0,38
1,2720,528.20966,-0.383352756500244,-9.29231246118434E-05,0,0,0,0,0,38
1,2721,528.42966,-0.384981900453568,-9.26639550016262E-05,0,0,0,0,0,38
1,2722,528.64966,-0.387270480394363,-9.82622659648769E-05,0,0,0,0,0,38
1,2723,528.86966,-0.389403909444809,-9.79483156697825E-05,0,0,0,0,0,38
1,2724,529.08966,-0.392157942056656,-0.000102147045254242,0,0,0,0,0,38
1,2725,529.30966,-0.394233196973801,-0.000105034407170024,0,0,0,0,0,38
1,2726,529.52966,-0.396385997533798,-0.000106512859929353,0,0,0,0,0,38
1,2727,529.74966,-0.398577600717545,-0.00011097698006779,0,0,0,0,0,38
1,2728,529.96966,-0.400691628456116,-0.00010849488171516,0,0,0,0,0,38
1,2729,530.18966,-0.402902632951736,-0.000111621593532618,0,0,0,0,0,38
1,2730,530.40966,-0.404880881309509,-0.000112325265945401,0,0,0,0,0,38
1,2731,530.62966,-0.407402187585831,-0.00011401082156226,0,0,0,0,0,38
1,2732,530.84966,-0.409632593393326,-0.000120388962386642,0,0,0,0,0,38
1,2733,531.06966,-0.411397516727448,-0.000119206204544753,0,0,0,0,0,38
1,2734,531.28966,-0.413783073425293,-0.000120017895824276,0,0,0,0,0,38
1,2735,531.50966,-0.41603285074234,-0.000126154744066298,0,0,0,0,0,38
1,2736,531.72966,-0.418166279792786,-0.000127800667542033,0,0,0,0,0,38
1,2737,531.94966,-0.420416057109833,-0.000134782632812858,0,0,0,0,0,38
1,2738,532.16966,-0.42251068353653,-0.000129039384773932,0,0,0,0,0,38
1,2739,532.38966,-0.425206542015076,-0.000137758193886839,0,0,0,0,0,38
1,2740,532.60966,-0.426952064037323,-0.000135093476274051,0,0,0,0,0,38
1,2741,532.82966,-0.429221242666245,-0.000140767166158184,0,0,0,0,0,38
1,2742,533.04966,-0.431897729635239,-0.000145986239658669,0,0,0,0,0,38
1,2743,533.26966,-0.433643251657486,-0.000140559670398943,0,0,0,0,0,38
1,2744,533.48966,-0.436164557933807,-0.000148330786032602,0,0,0,0,0,38
1,2745,533.70966,-0.43798765540123,-0.000150184583617374,0,0,0,0,0,38
1,2746,533.92966,-0.440179258584976,-0.000155552101205103,0,0,0,0,0,38
1,2747,534.14966,-0.442176938056946,-0.00015272457676474,0,0,0,0,0,38
1,2748,534.36966,-0.444523692131042,-0.000160228373715654,0,0,0,0,0,38
1,2749,534.58966,-0.44683164358139,-0.000157112910528667,0,0,0,0,0,38
1,2750,534.80966,-0.450186938047409,-0.000189291677088477,0,0,0,0,0,38
1,2751,535.02966,-0.45214581489563,-0.000188466976396739,0,0,0,0,0,38
1,2752,535.24966,-0.450691193342209,-0.000112703717604745,0,0,0,0,0,38
1,2753,535.46966,-0.457576334476471,-0.000209710720810108,0,0,0,0,0,38
1,2754,535.68966,-0.455636858940125,-0.000134519301354885,0,0,0,0,0,38
1,2755,535.90966,-0.46083465218544,-0.00019324010645505,0,0,0,0,0,38
1,2756,536.12966,-0.463860213756561,-0.000217833206988871,0,0,0,0,0,38
1,2757,536.34966,-0.464519649744034,-0.000185895623872057,0,0,0,0,0,38
1,2758,536.56966,-0.468476146459579,-0.000224041781621054,0,0,0,0,0,38
1,2759,536.78966,-0.471870243549347,-0.000250961165875196,0,0,0,0,0,38
1,2760,537.00966,-0.472005993127823,-0.000219447596464306,0,0,0,0,0,38
1,2761,537.22966,-0.473053306341171,-0.000197873188881204,0,0,0,0,0,38
1,2762,537.44966,-0.476738303899765,-0.000234673381783068,0,0,0,0,0,38
1,2763,537.66966,-0.475322484970093,-0.000165927835041657,0,0,0,0,0,38
1,2764,537.88966,-0.481974869966507,-0.00024915614631027,0,0,0,0,0,38
1,2765,538.10966,-0.486164152622223,-0.000296603509923443,0,0,0,0,0,38
1,2766,538.32966,-0.482479155063629,-0.000182165036676452,0,0,0,0,0,38
1,2767,538.54966,-0.485485315322876,-0.000210251440876164,0,0,0,0,0,38
1,2768,538.76966,-0.48891818523407,-0.000231137295486405,0,0,0,0,0,38
1,2769,538.98966,-0.493107438087463,-0.000271076773060486,0,0,0,0,0,38
1,2770,539.20966,-0.491187363862991,-0.00019726634491235,0,0,0,0,0,38
1,2771,539.42966,-0.493514746427536,-0.000203004208742641,0,0,0,0,0,38
1,2772,539.64966,-0.495473593473434,-0.000200036083697341,0,0,0,0,0,38
1,2773,539.86966,-0.498887062072754,-0.000229005527216941,0,0,0,0,0,38
1,2774,540.08966,-0.507071614265442,-0.000350204965798184,0,0,0,0,0,38
1,2775,540.30966,-0.504686117172241,-0.000262289075180888,0,0,0,0,0,38
1,2776,540.52966,-0.509457170963287,-0.000317921163514256,0,0,0,0,0,38
1,2777,540.74966,-0.506509184837341,-0.000226029616896994,0,0,0,0,0,38
1,2778,540.96966,-0.514111936092377,-0.000329455244354904,0,0,0,0,0,38
1,2779,541.18966,-0.512482762336731,-0.000259857770288363,0,0,0,0,0,38
1,2780,541.40966,-0.515372574329376,-0.000281965127214789,0,0,0,0,0,38
1,2781,541.62966,-0.515275597572327,-0.000237789339735173,0,0,0,0,0,38
1,2782,541.84966,-0.517952084541321,-0.000254470010986552,0,0,0,0,0,38
1,2783,542.06966,-0.521035850048065,-0.000275853788480163,0,0,0,0,0,38
1,2784,542.28966,-0.522975325584412,-0.000272134871920571,0,0,0,0,0,38
1,2785,542.50966,-0.528716146945953,-0.000353484298102558,0,0,0,0,0,38
1,2786,542.72966,-0.526660323143005,-0.000268956675427035,0,0,0,0,0,38
1,2787,542.94966,-0.528347671031952,-0.000262744229985401,0,0,0,0,0,38
1,2788,543.16966,-0.532129645347595,-0.000295568752335384,0,0,0,0,0,38
1,2789,543.38966,-0.535930991172791,-0.000336017808876932,0,0,0,0,0,38
1,2790,543.60966,-0.535329759120941,-0.000281031505437568,0,0,0,0,0,38
1,2791,543.82966,-0.537928640842438,-0.000299758365144953,0,0,0,0,0,38
1,2792,544.04966,-0.54322338104248,-0.000363874714821577,0,0,0,0,0,38
1,2793,544.26966,-0.545764088630676,-0.00036763641401194,0,0,0,0,0,38
1,2794,544.48966,-0.542447626590729,-0.000261732784565538,0,0,0,0,0,38
1,2795,544.70966,-0.545899868011475,-0.000294397817924619,0,0,0,0,0,38
1,2796,544.92966,-0.548983633518219,-0.000319321581628174,0,0,0,0,0,38
1,2797,545.14966,-0.549720644950867,-0.000292709533823654,0,0,0,0,0,38
1,2798,545.36966,-0.55476325750351,-0.000354110612533987,0,0,0,0,0,38
1,2799,545.58966,-0.553192257881165,-0.000290931755444035,0,0,0,0,0,38
1,2800,545.80966,-0.557206988334656,-0.000327658024616539,0,0,0,0,0,38
1,2801,546.02966,-0.563820600509644,-0.000418036332121119,0,0,0,0,0,38
1,2802,546.24966,-0.565585494041443,-0.00040991383139044,0,0,0,0,0,38
1,2803,546.46966,-0.563995122909546,-0.000344863859936595,0,0,0,0,0,38
1,2804,546.68966,-0.565895795822144,-0.000338172918418422,0,0,0,0,0,38
1,2805,546.90966,-0.569115340709686,-0.000363793020369485,0,0,0,0,0,38
1,2806,547.12966,-0.576698660850525,-0.000478056434076279,0,0,0,0,0,38
1,2807,547.34966,-0.574526488780975,-0.000401499593863264,0,0,0,0,0,38
1,2808,547.56966,-0.576970219612122,-0.000406338862376288,0,0,0,0,0,38
1,2809,547.78966,-0.577455043792725,-0.000375906733097509,0,0,0,0,0,38
1,2810,548.00966,-0.583603203296661,-0.000450615771114826,0,0,0,0,0,38
1,2811,548.22966,-0.579472124576569,-0.000335562683176249,0,0,0,0,0,38
1,2812,548.44966,-0.585077166557312,-0.000407855986850336,0,0,0,0,0,38
1,2813,548.66966,-0.588451862335205,-0.000438350340118632,0,0,0,0,0,38
1,2814,548.88966,-0.593203604221344,-0.00049160560593009,0,0,0,0,0,38
1,2815,549.10966,-0.593572080135345,-0.000461387418908998,0,0,0,0,0,38
1,2816,549.32966,-0.595783054828644,-0.000460792245576158,0,0,0,0,0,38
1,2817,549.54966,-0.597295880317688,-0.000453696731710806,0,0,0,0,0,38
1,2818,549.76966,-0.594580590724945,-0.000367177388397977,0,0,0,0,0,38
1,2819,549.98966,-0.601504504680634,-0.000461243471363559,0,0,0,0,0,38
1,2820,550.20966,-0.601834237575531,-0.00042925143497996,0,0,0,0,0,38
1,2821,550.42966,-0.60800176858902,-0.000508099561557174,0,0,0,0,0,38
1,2822,550.64966,-0.613218903541565,-0.000577662023715675,0,0,0,0,0,38
1,2823,550.86966,-0.60856419801712,-0.000445858197053894,0,0,0,0,0,38
1,2824,551.08966,-0.611007928848267,-0.00045686712837778,0,0,0,0,0,38
1,2825,551.30966,-0.611104905605316,-0.000417421688325703,0,0,0,0,0,38
1,2826,551.52966,-0.618319749832153,-0.000523644324857742,0,0,0,0,0,38
1,2827,551.74966,-0.618610680103302,-0.000484821270219982,0,0,0,0,0,38
1,2828,551.96966,-0.621597468852997,-0.000510309124365449,0,0,0,0,0,38
1,2829,552.18966,-0.621713817119598,-0.000469638296635821,0,0,0,0,0,38
1,2830,552.40966,-0.624894559383392,-0.000493791827466339,0,0,0,0,0,38
1,2831,552.62966,-0.629704415798187,-0.000553119461983442,0,0,0,0,0,38
1,2832,552.84966,-0.634669482707977,-0.000614147109445184,0,0,0,0,0,38
1,2833,553.06966,-0.630616009235382,-0.000495919666718692,0,0,0,0,0,38
1,2834,553.28966,-0.633699715137482,-0.000511137710418552,0,0,0,0,0,38
1,2835,553.50966,-0.637268364429474,-0.000547556672245264,0,0,0,0,0,38
1,2836,553.72966,-0.63864541053772,-0.000541892659384757,0,0,0,0,0,38
1,2837,553.94966,-0.64072060585022,-0.000542534573469311,0,0,0,0,0,38
1,2838,554.16966,-0.646519660949707,-0.000616516161244363,0,0,0,0,0,38
1,2839,554.38966,-0.645782649517059,-0.000568784831557423,0,0,0,0,0,38
1,2840,554.60966,-0.650922238826752,-0.000631543516647071,0,0,0,0,0,38
1,2841,554.82966,-0.647469997406006,-0.000522695132531226,0,0,0,0,0,38
1,2842,555.04966,-0.652590215206146,-0.000591825810261071,0,0,0,0,0,38
1,2843,555.26966,-0.652648389339447,-0.00055251648882404,0,0,0,0,0,38
1,2844,555.48966,-0.653967201709747,-0.000539309694431722,0,0,0,0,0,38
1,2845,555.70966,-0.657167375087738,-0.000564731366466731,0,0,0,0,0,38
1,2846,555.92966,-0.659824430942535,-0.000584675814025104,0,0,0,0,0,38
1,2847,556.14966,-0.663955509662628,-0.000623681698925793,0,0,0,0,0,38
1,2848,556.36966,-0.664246439933777,-0.000597365258727223,0,0,0,0,0,38
1,2849,556.58966,-0.668513238430023,-0.000640868092887104,0,0,0,0,0,38
1,2850,556.80966,-0.672120690345764,-0.000670996785629541,0,0,0,0,0,38
1,2851,557.02966,-0.670413911342621,-0.00060370221035555,0,0,0,0,0,38
1,2852,557.24966,-0.673420131206512,-0.000627770146820694,0,0,0,0,0,38
1,2853,557.46966,-0.67541778087616,-0.000623953994363546,0,0,0,0,0,38
1,2854,557.68966,-0.680247068405151,-0.00068294710945338,0,0,0,0,0,38
1,2855,557.90966,-0.6826131939888,-0.000690062064677477,0,0,0,0,0,38
1,2856,558.12966,-0.684804797172546,-0.000692423316650093,0,0,0,0,0,38
1,2857,558.34966,-0.681352555751801,-0.000586309644859284,0,0,0,0,0,38
1,2858,558.56966,-0.687597632408142,-0.000671654182951897,0,0,0,0,0,38
1,2859,558.78966,-0.690157771110535,-0.000684958242345601,0,0,0,0,0,38
1,2860,559.00966,-0.687248528003693,-0.000586029549594969,0,0,0,0,0,38
1,2861,559.22966,-0.693939745426178,-0.000675964402034879,0,0,0,0,0,38
1,2862,559.44966,-0.696499824523926,-0.000692625646479428,0,0,0,0,0,38
1,2863,559.66966,-0.695277988910675,-0.000627069966867566,0,0,0,0,0,38
1,2864,559.88966,-0.696965277194977,-0.000612657167948782,0,0,0,0,0,38
1,2865,560.10966,-0.699137508869171,-0.000613096752204001,0,0,0,0,0,38
1,2866,560.32966,-0.706779003143311,-0.000723419536370784,0,0,0,0,0,38
1,2867,560.54966,-0.707748770713806,-0.000693158537615091,0,0,0,0,0,38
1,2868,560.76966,-0.7121901512146,-0.000737824477255344,0,0,0,0,0,38
1,2869,560.98966,-0.712422907352448,-0.000699705560691655,0,0,0,0,0,38
1,2870,561.20966,-0.714944183826447,-0.000709290732629597,0,0,0,0,0,38
1,2871,561.42966,-0.713722348213196,-0.000632496608886868,0,0,0,0,0,38
1,2872,561.64966,-0.715002417564392,-0.000613688083831221,0,0,0,0,0,38
1,2873,561.86966,-0.719308018684387,-0.000652818416710943,0,0,0,0,0,38
1,2874,562.08966,-0.71923041343689,-0.000608996604569256,0,0,0,0,0,38
1,2875,562.30966,-0.723516643047333,-0.000645742344204336,0,0,0,0,0,38
1,2876,562.52966,-0.725494921207428,-0.000633239629678428,0,0,0,0,0,38
1,2877,562.74966,-0.728365361690521,-0.000642431899905205,0,0,0,0,0,38
1,2878,562.96966,-0.729800581932068,-0.000623518310021609,0,0,0,0,0,38
1,2879,563.18966,-0.733543753623962,-0.000651974231004715,0,0,0,0,0,38
1,2880,563.40966,-0.734164357185364,-0.000612941163126379,0,0,0,0,0,38
1,2881,563.62966,-0.733854055404663,-0.000556480488739908,0,0,0,0,0,38
1,2882,563.84966,-0.738954842090607,-0.000611455121543258,0,0,0,0,0,38
1,2883,564.06966,-0.740545213222504,-0.00059264269657433,0,0,0,0,0,38
1,2884,564.28966,-0.740021586418152,-0.000533536775037646,0,0,0,0,0,38
1,2885,564.50966,-0.745122373104095,-0.000578490609768778,0,0,0,0,0,38
1,2886,564.72966,-0.749583184719086,-0.000629155023489147,0,0,0,0,0,38
1,2887,564.94966,-0.750475347042084,-0.000589748495258391,0,0,0,0,0,38
1,2888,565.16966,-0.752841472625732,-0.00058981851907447,0,0,0,0,0,38
1,2889,565.38966,-0.754024565219879,-0.000564116751775146,0,0,0,0,0,38
1,2890,565.60966,-0.757069528102875,-0.000572126416955143,0,0,0,0,0,38
1,2891,565.82966,-0.758853852748871,-0.000561098044272512,0,0,0,0,0,38
1,2892,566.04966,-0.764148592948914,-0.000617192999925464,0,0,0,0,0,38
1,2893,566.26966,-0.762267291545868,-0.000531871861312538,0,0,0,0,0,38
1,2894,566.48966,-0.761782467365265,-0.000473777326988056,0,0,0,0,0,38
1,2895,566.70966,-0.767116010189056,-0.000528895936440676,0,0,0,0,0,38
1,2896,566.92966,-0.768512427806854,-0.000509694451466203,0,0,0,0,0,38
1,2897,567.14966,-0.770723402500153,-0.000504232768435031,0,0,0,0,0,38
1,2898,567.36966,-0.772391378879547,-0.000492702587507665,0,0,0,0,0,38
1,2899,567.58966,-0.776134550571442,-0.000519839813932776,0,0,0,0,0,38
1,2900,567.80966,-0.780692279338837,-0.00056116416817531,0,0,0,0,0,38
1,2901,568.02966,-0.782515406608582,-0.000546012306585908,0,0,0,0,0,38
1,2902,568.24966,-0.788799285888672,-0.000631644681561738,0,0,0,0,0,38
1,2903,568.46966,-0.784454882144928,-0.000495277810841799,0,0,0,0,0,38
1,2904,568.68966,-0.787635624408722,-0.000511176593136042,0,0,0,0,0,38
1,2905,568.90966,-0.79110723733902,-0.000532813253812492,0,0,0,0,0,38
1,2906,569.12966,-0.789710819721222,-0.000461161806015298,0,0,0,0,0,38
1,2907,569.34966,-0.795878350734711,-0.000534894410520792,0,0,0,0,0,38
1,2908,569.56966,-0.793628573417664,-0.000445142417447641,0,0,0,0,0,38
1,2909,569.78966,-0.791883051395416,-0.000366080377716571,0,0,0,0,0,38
1,2910,570.00966,-0.801270067691803,-0.000503812683746219,0,0,0,0,0,38
1,2911,570.22966,-0.802472531795502,-0.000485054682940245,0,0,0,0,0,38
1,2912,570.44966,-0.802530765533447,-0.00043930730316788,0,0,0,0,0,38
1,2913,570.66966,-0.805304169654846,-0.000452222389867529,0,0,0,0,0,38
1,2914,570.88966,-0.810870468616486,-0.000515440129674971,0,0,0,0,0,38
1,2915,571.10966,-0.810366213321686,-0.000463908188976347,0,0,0,0,0,38
1,2916,571.32966,-0.813003897666931,-0.000469898921437562,0,0,0,0,0,38
1,2917,571.54966,-0.814885199069977,-0.000459636881714687,0,0,0,0,0,38
1,2918,571.76966,-0.818453788757324,-0.000485089694848284,0,0,0,0,0,38
1,2919,571.98966,-0.819481730461121,-0.000463441392639652,0,0,0,0,0,38
1,2920,572.20966,-0.824621319770813,-0.000519450812134892,0,0,0,0,0,38
1,2921,572.42966,-0.82504802942276,-0.000485365890199319,0,0,0,0,0,38
1,2922,572.64966,-0.827433586120605,-0.000484611227875575,0,0,0,0,0,38
1,2923,572.86966,-0.828209340572357,-0.000461803661892191,0,0,0,0,0,38
1,2924,573.08966,-0.832515001296997,-0.000502361683174968,0,0,0,0,0,38
1,2925,573.30966,-0.831719815731049,-0.00044520857045427,0,0,0,0,0,38
1,2926,573.52966,-0.836316347122192,-0.000486653501866385,0,0,0,0,0,38
1,2927,573.74966,-0.840117692947388,-0.000518322689458728,0,0,0,0,0,38
1,2928,573.96966,-0.841591715812683,-0.000504493422340602,0,0,0,0,0,38
1,2929,574.18966,-0.842891156673431,-0.000487925572087988,0,0,0,0,0,38
1,2930,574.40966,-0.843104481697083,-0.000448943028459325,0,0,0,0,0,38
1,2931,574.62966,-0.84535425901413,-0.000454435852589086,0,0,0,0,0,38
1,2932,574.84966,-0.848651349544525,-0.000479340145830065,0,0,0,0,0,38
1,2933,575.06966,-0.853189766407013,-0.000518427696079016,0,0,0,0,0,38
1,2934,575.28966,-0.852064847946167,-0.000453334941994399,0,0,0,0,0,38
1,2935,575.50966,-0.857786297798157,-0.000526270130649209,0,0,0,0,0,38
1,2936,575.72966,-0.859182715415955,-0.000515914696734399,0,0,0,0,0,38
1,2937,575.94966,-0.860540330410004,-0.000498755543958396,0,0,0,0,0,38
1,2938,576.16966,-0.863313794136047,-0.000516642176080495,0,0,0,0,0,38
1,2939,576.38966,-0.864690780639648,-0.000502159353345633,0,0,0,0,0,38
1,2940,576.60966,-0.867813348770142,-0.000523278664331883,0,0,0,0,0,38
1,2941,576.82966,-0.870082557201386,-0.000522737915161997,0,0,0,0,0,38
1,2942,577.04966,-0.871478974819183,-0.000517708016559482,0,0,0,0,0,38
1,2943,577.26966,-0.871381998062134,-0.000474139116704464,0,0,0,0,0,38
1,2944,577.48966,-0.878170132637024,-0.000566925387829542,0,0,0,0,0,38
1,2945,577.70966,-0.878208935260773,-0.000527102616615593,0,0,0,0,0,38
1,2946,577.92966,-0.882747292518616,-0.000581166939809918,0,0,0,0,0,38
1,2947,578.14966,-0.880691468715668,-0.000503322517033666,0,0,0,0,0,38
1,2948,578.36966,-0.884221315383911,-0.000537753629032522,0,0,0,0,0,38
1,2949,578.58966,-0.88658744096756,-0.000543265894521028,0,0,0,0,0,38
1,2950,578.80966,-0.892813146114349,-0.000626148015726358,0,0,0,0,0,38
1,2951,579.02966,-0.893007099628448,-0.000597785401623696,0,0,0,0,0,38
1,2952,579.24966,-0.892929494380951,-0.000560063286684453,0,0,0,0,0,38
1,2953,579.46966,-0.896769642829895,-0.000600049446802586,0,0,0,0,0,38
1,2954,579.68966,-0.894519865512848,-0.000520831788890064,0,0,0,0,0,38
1,2955,579.90966,-0.902704477310181,-0.000638915225863457,0,0,0,0,0,38
1,2956,580.12966,-0.906719148159027,-0.000683896301779896,0,0,0,0,0,38
1,2957,580.34966,-0.907941043376923,-0.000677411502692848,0,0,0,0,0,38
1,2958,580.56966,-0.907010078430176,-0.000624105683527887,0,0,0,0,0,38
1,2959,580.78966,-0.906486392021179,-0.000585951784159988,0,0,0,0,0,38
1,2960,581.00966,-0.910578727722168,-0.000631053408142179,0,0,0,0,0,38
1,2961,581.22966,-0.908522844314575,-0.000559997104573995,0,0,0,0,0,38
1,2962,581.44966,-0.909744739532471,-0.000548416341189295,0,0,0,0,0,38
1,2963,581.66966,-0.918006896972656,-0.000668180349748582,0,0,0,0,0,38
1,2964,581.88966,-0.919267535209656,-0.000659824465401471,0,0,0,0,0,38
1,2965,582.10966,-0.91779351234436,-0.000606355257332325,0,0,0,0,0,38
1,2966,582.32966,-0.924620449542999,-0.000702778750564903,0,0,0,0,0,38
1,2967,582.54966,-0.926191449165344,-0.000704256992321461,0,0,0,0,0,38
1,2968,582.76966,-0.926947832107544,-0.000686385901644826,0,0,0,0,0,38
1,2969,582.98966,-0.931428015232086,-0.000739777344278991,0,0,0,0,0,38
1,2970,583.20966,-0.937440395355225,-0.000823207956273109,0,0,0,0,0,38
1,2971,583.42966,-0.931990444660187,-0.000691073480993509,0,0,0,0,0,38
1,2972,583.64966,-0.937867045402527,-0.00076683284714818,0,0,0,0,0,38
1,2973,583.86966,-0.933522641658783,-0.000662963720969856,0,0,0,0,0,38
1,2974,584.08966,-0.943026065826416,-0.000803500763140619,0,0,0,0,0,38
1,2975,584.30966,-0.944616436958313,-0.00080190971493721,0,0,0,0,0,38
1,2976,584.52966,-0.94215327501297,-0.000729853694792837,0,0,0,0,0,38
1,2977,584.74966,-0.950609385967255,-0.00085357780335471,0,0,0,0,0,38
1,2978,584.96966,-0.947603225708008,-0.000770221115089953,0,0,0,0,0,38
1,2979,585.18966,-0.950667560100555,-0.000798614812083542,0,0,0,0,0,38
1,2980,585.40966,-0.961586833000183,-0.00096088572172448,0,0,0,0,0,38
1,2981,585.62966,-0.949659049510956,-0.000720820971764624,0,0,0,0,0,38
1,2982,585.84966,-0.96560150384903,-0.000974038091953844,0,0,0,0,0,38
1,2983,586.06966,-0.966706991195679,-0.000972287554759532,0,0,0,0,0,38
1,2984,586.28966,-0.966900944709778,-0.000953953596763313,0,0,0,0,0,38
1,2985,586.50966,-0.968064665794373,-0.000946959247812629,0,0,0,0,0,38
1,2986,586.72966,-0.968879222869873,-0.000936315977014601,0,0,0,0,0,38
1,2987,586.94966,-0.974910974502563,-0.00101280666422099,0,0,0,0,0,38
1,2988,587.16966,-0.974542498588562,-0.000979702104814351,0,0,0,0,0,38
1,2989,587.38966,-0.9813112616539,-0.00107573659624904,0,0,0,0,0,38
1,2990,587.60966,-0.972719371318817,-0.000900402723345906,0,0,0,0,0,38
1,2991,587.82966,-0.984860479831696,-0.00108367227949202,0,0,0,0,0,38
1,2992,588.04966,-0.983871340751648,-0.00104293541517109,0,0,0,0,0,38
1,2993,588.26966,-0.98191249370575,-0.00098356488160789,0,0,0,0,0,38
1,2994,588.48966,-0.992579579353333,-0.00114078260958195,0,0,0,0,0,38
1,2995,588.70966,-0.99482935667038,-0.00115674361586571,0,0,0,0,0,38
1,2996,588.92966,-0.994616031646729,-0.00111969839781523,0,0,0,0,0,38
1,2997,589.14966,-0.987129628658295,-0.000974127615336329,0,0,0,0,0,38
1,2998,589.36966,-1.00249028205872,-0.00120341684669256,0,0,0,0,0,38
1,2999,589.58966,-1.00167572498322,-0.00116351631004363,0,0,0,0,0,38
1,3000,589.80966,-0.991803765296936,-0.000977916526608169,0,0,0,0,0,38
2,3001,590.02966,-0.98753696680069,-0.000925415952224284,0,0,0,0,0,38
2,3002,590.24966,-1.00022113323212,-0.0011510563781485,0,0,0,0,0,38
2,3003,590.46966,-0.995333611965179,-0.00109596503898501,0,0,0,0,0,38
2,3004,590.68966,-0.990872800350189,-0.00104069465305656,0,0,0,0,0,38
2,3005,590.90966,-0.978343844413757,-0.000860486587043852,0,0,0,0,0,38
2,3006,591.12966,-0.991803765296936,-0.0011175744002685,0,0,0,0,0,38
2,3007,591.34966,-0.990329802036285,-0.00111066945828497,0,0,0,0,0,38
2,3008,591.56966,-0.976811647415161,-0.00090342533076182,0,0,0,0,0,38
2,3009,591.78966,-0.986431419849396,-0.0010862514609471,0,0,0,0,0,38
2,3010,592.00966,-0.968374967575073,-0.000811514328233898,0,0,0,0,0,38
2,3011,592.22966,-0.982746422290802,-0.00106699555180967,0,0,0,0,0,38
2,3012,592.44966,-0.966900944709778,-0.00082469783956185,0,0,0,0,0,38
2,3013,592.66966,-0.977703809738159,-0.00102200289256871,0,0,0,0,0,38
2,3014,592.88966,-0.960520088672638,-0.000764405413065106,0,0,0,0,0,38
2,3015,593.10966,-0.972874522209167,-0.000985474907793105,0,0,0,0,0,38
2,3016,593.32966,-0.95811516046524,-0.000769046309869736,0,0,0,0,0,38
2,3017,593.54966,-0.962692320346832,-0.000860050902701914,0,0,0,0,0,38
2,3018,593.76966,-0.970915675163269,-0.0010103170061484,0,0,0,0,0,38
2,3019,593.98966,-0.955167174339294,-0.000788131030276418,0,0,0,0,0,38
2,3020,594.20966,-0.964049935340881,-0.000954128685407341,0,0,0,0,0,38
2,3021,594.42966,-0.959860682487488,-0.000905203109141439,0,0,0,0,0,38
2,3022,594.64966,-0.94033020734787,-0.000623693340457976,0,0,0,0,0,38
2,3023,594.86966,-0.958425462245941,-0.000925388711038977,0,0,0,0,0,38
2,3024,595.08966,-0.945275843143463,-0.000740897667128593,0,0,0,0,0,38
2,3025,595.30966,-0.941028416156769,-0.000700561387930065,0,0,0,0,0,38
2,3026,595.52966,-0.95283979177475,-0.000910991569980979,0,0,0,0,0,38
2,3027,595.74966,-0.937770068645477,-0.000702490855474025,0,0,0,0,0,38
2,3028,595.96966,-0.930671632289886,-0.000616142700891942,0,0,0,0,0,38
2,3029,596.18966,-0.94605165719986,-0.000879886443726718,0,0,0,0,0,38
2,3030,596.40966,-0.93941867351532,-0.000799097178969532,0,0,0,0,0,38
2,3031,596.62966,-0.927161157131195,-0.000636970216874033,0,0,0,0,0,38
2,3032,596.84966,-0.932863235473633,-0.000751031329855323,0,0,0,0,0,38
2,3033,597.06966,-0.921905219554901,-0.000600605737417936,0,0,0,0,0,38
2,3034,597.28966,-0.932029247283936,-0.000794868683442473,0,0,0,0,0,38
2,3035,597.50966,-0.917812943458557,-0.000597108504734933,0,0,0,0,0,38
2,3036,597.72966,-0.930497050285339,-0.000829797703772783,0,0,0,0,0,38
2,3037,597.94966,-0.912556946277618,-0.000563004170544446,0,0,0,0,0,38
2,3038,598.16966,-0.909783542156219,-0.000545436574611813,0,0,0,0,0,38
2,3039,598.38966,-0.906660974025726,-0.000517392938490957,0,0,0,0,0,38
2,3040,598.60966,-0.902685046195984,-0.000480728922411799,0,0,0,0,0,38
2,3041,598.82966,-0.916901409626007,-0.000735233712475747,0,0,0,0,0,38
2,3042,599.04966,-0.901133477687836,-0.000507761084008962,0,0,0,0,0,38
2,3043,599.26966,-0.901928663253784,-0.000545868359040469,0,0,0,0,0,38
2,3044,599.48966,-0.906602799892426,-0.00064519775332883,0,0,0,0,0,38
2,3045,599.70966,-0.900532245635986,-0.000569236057344824,0,0,0,0,0,38
2,3046,599.92966,-0.896692097187042,-0.000529751763679087,0,0,0,0,0,38
2,3047,600.14966,-0.889108777046204,-0.0004390116664581,0,0,0,0,0,38
2,3048,600.36966,-0.88724684715271,-0.000439120572991669,0,0,0,0,0,38
2,3049,600.58966,-0.887945055961609,-0.000477504043374211,0,0,0,0,0,38
2,3050,600.80966,-0.891416728496552,-0.000563412613701075,0,0,0,0,0,38
2,3051,601.02966,-0.881156921386719,-0.000425085163442418,0,0,0,0,0,38
2,3052,601.24966,-0.886781394481659,-0.000540235487278551,0,0,0,0,0,38
2,3053,601.46966,-0.882049083709717,-0.000483844865811989,0,0,0,0,0,38
2,3054,601.68966,-0.888488113880157,-0.000623362720943987,0,0,0,0,0,38
2,3055,601.90966,-0.88071084022522,-0.000526375137269497,0,0,0,0,0,38
2,3056,602.12966,-0.88542377948761,-0.000627027126029134,0,0,0,0,0,38
2,3057,602.34966,-0.87894594669342,-0.000546444091014564,0,0,0,0,0,38
2,3058,602.56966,-0.864399909973145,-0.000345070060575381,0,0,0,0,0,38
2,3059,602.78966,-0.861587643623352,-0.000333757692715153,0,0,0,0,0,38
2,3060,603.00966,-0.860831260681152,-0.00035211886279285,0,0,0,0,0,38
2,3061,603.22966,-0.864690780639648,-0.000442084827227518,0,0,0,0,0,38
2,3062,603.44966,-0.86977219581604,-0.000568500836379826,0,0,0,0,0,38
2,3063,603.66966,-0.861064016819,-0.000455882953247055,0,0,0,0,0,38
2,3064,603.88966,-0.862964689731598,-0.000512720958795398,0,0,0,0,0,38
2,3065,604.10966,-0.863100469112396,-0.000545739952940494,0,0,0,0,0,38
2,3066,604.32966,-0.862285852432251,-0.000565260415896773,0,0,0,0,0,38
2,3067,604.54966,-0.851308465003967,-0.000414554699091241,0,0,0,0,0,38
2,3068,604.76966,-0.84981507062912,-0.000422004231950268,0,0,0,0,0,38
2,3069,604.98966,-0.851851522922516,-0.000487100856844336,0,0,0,0,0,38
2,3070,605.20966,-0.838818252086639,-0.000303912966046482,0,0,0,0,0,38
2,3071,605.42966,-0.84890353679657,-0.00050107017159462,0,0,0,0,0,38
2,3072,605.64966,-0.840951681137085,-0.000390502333175391,0,0,0,0,0,38
2,3073,605.86966,-0.83208829164505,-0.000277861079666764,0,0,0,0,0,38
2,3074,606.08966,-0.831661581993103,-0.000306406524032354,0,0,0,0,0,38
2,3075,606.30966,-0.824175238609314,-0.00020894048793707,0,0,0,0,0,38
2,3076,606.52966,-0.830847024917603,-0.000351640395820141,0,0,0,0,0,38
2,3077,606.74966,-0.825978934764862,-0.000300244631944224,0,0,0,0,0,38
2,3078,606.96966,-0.833562314510345,-0.000456310866866261,0,0,0,0,0,38
2,3079,607.18966,-0.828791201114655,-0.000408330583013594,0,0,0,0,0,38
2,3080,607.40966,-0.813624501228333,-0.000192804422113113,0,0,0,0,0,38
2,3081,607.62966,-0.828209340572357,-0.000459384027635679,0,0,0,0,0,38
2,3082,607.84966,-0.82702624797821,-0.000475776847451925,0,0,0,0,0,38
2,3083,608.06966,-0.824097692966461,-0.000465767661808059,0,0,0,0,0,38
2,3084,608.28966,-0.808097004890442,-0.000236836262047291,0,0,0,0,0,38
2,3085,608.50966,-0.816553115844727,-0.000408034917199984,0,0,0,0,0,38
2,3086,608.72966,-0.807553946971893,-0.000294148863758892,0,0,0,0,0,38
2,3087,608.94966,-0.809124946594238,-0.000351399212377146,0,0,0,0,0,38
2,3088,609.16966,-0.811956584453583,-0.000429796054959297,0,0,0,0,0,38
2,3089,609.38966,-0.809978306293488,-0.000430239510023966,0,0,0,0,0,38
2,3090,609.60966,-0.805808424949646,-0.000391031382605433,0,0,0,0,0,38
2,3091,609.82966,-0.80732125043869,-0.000450506864581257,0,0,0,0,0,38
2,3092,610.04966,-0.791844248771667,-0.000232459919061512,0,0,0,0,0,38
2,3093,610.26966,-0.799796104431152,-0.000395777286030352,0,0,0,0,0,38
2,3094,610.48966,-0.793977677822113,-0.000329657545080408,0,0,0,0,0,38
2,3095,610.70966,-0.795490443706512,-0.000383364036679268,0,0,0,0,0,38
2,3096,610.92966,-0.781254768371582,-0.000186926496098749,0,0,0,0,0,38
2,3097,611.14966,-0.788101077079773,-0.00033010879997164,0,0,0,0,0,38
2,3098,611.36966,-0.788139879703522,-0.00036759753129445,0,0,0,0,0,38
2,3099,611.58966,-0.777220666408539,-0.000216401662328281,0,0,0,0,0,38
2,3100,611.80966,-0.77753096818924,-0.000248374242801219,0,0,0,0,0,38
2,3101,612.02966,-0.782282650470734,-0.000366220425348729,0,0,0,0,0,38
2,3102,612.24966,-0.769540309906006,-0.000189108832273632,0,0,0,0,0,38
2,3103,612.46966,-0.774486005306244,-0.000302893779007718,0,0,0,0,0,38
2,3104,612.68966,-0.763217628002167,-0.000147558865137398,0,0,0,0,0,38
2,3105,612.90966,-0.770878553390503,-0.000308040354866534,0,0,0,0,0,38
2,3106,613.12966,-0.763586163520813,-0.000226869873586111,0,0,0,0,0,38
2,3107,613.34966,-0.769404590129852,-0.000355705531546846,0,0,0,0,0,38
2,3108,613.56966,-0.758601725101471,-0.000211764679988846,0,0,0,0,0,38
2,3109,613.78966,-0.765622615814209,-0.00036251317942515,0,0,0,0,0,38
2,3110,614.00966,-0.756584644317627,-0.000241088127950206,0,0,0,0,0,38
2,3111,614.22966,-0.760735154151917,-0.000350667862221599,0,0,0,0,0,38
2,3112,614.44966,-0.75879567861557,-0.000353029143298045,0,0,0,0,0,38
2,3113,614.66966,-0.754916727542877,-0.000318271253490821,0,0,0,0,0,38
2,3114,614.88966,-0.748981952667236,-0.000257496489211917,0,0,0,0,0,38
2,3115,615.10966,-0.751115381717682,-0.000327335146721452,0,0,0,0,0,38
2,3116,615.32966,-0.75342333316803,-0.000400083605200052,0,0,0,0,0,38
2,3117,615.54966,-0.737092971801758,-0.00016196773503907,0,0,0,0,0,38
2,3118,615.76966,-0.744016885757446,-0.000316088931867853,0,0,0,0,0,38
2,3119,615.98966,-0.738314867019653,-0.000254081009188667,0,0,0,0,0,38
2,3120,616.20966,-0.740933120250702,-0.000331789313349873,0,0,0,0,0,38
2,3121,616.42966,-0.743396282196045,-0.000412173976656049,0,0,0,0,0,38
2,3122,616.64966,-0.738295435905457,-0.000361455080565065,0,0,0,0,0,38
2,3123,616.86966,-0.722159028053284,-0.000130703134345822,0,0,0,0,0,38
2,3124,617.08966,-0.725494921207428,-0.00021775541245006,0,0,0,0,0,38
2,3125,617.30966,-0.724913120269775,-0.000243853981373832,0,0,0,0,0,38
2,3126,617.52966,-0.720762610435486,-0.000206719239940867,0,0,0,0,0,38
2,3127,617.74966,-0.728636860847473,-0.000382173660909757,0,0,0,0,0,38
2,3128,617.96966,-0.72359424829483,-0.000332971889292821,0,0,0,0,0,38
2,3129,618.18966,-0.71639883518219,-0.000245021015871316,0,0,0,0,0,38
2,3130,618.40966,-0.715816974639893,-0.000272893434157595,0,0,0,0,0,38
2,3131,618.62966,-0.712384104728699,-0.000254831800702959,0,0,0,0,0,38
2,3132,618.84966,-0.713024139404297,-0.00030624313512817,0,0,0,0,0,38
2,3133,619.06966,-0.70505291223526,-0.000208014636882581,0,0,0,0,0,38
2,3134,619.28966,-0.702900111675262,-0.000208726531127468,0,0,0,0,0,38
2,3135,619.50966,-0.694579780101776,-0.000101352452475112,0,0,0,0,0,38
2,3136,619.72966,-0.703035831451416,-0.000285014946712181,0,0,0,0,0,38
2,3137,619.94966,-0.697004079818726,-0.000214452724321745,0,0,0,0,0,38
2,3138,620.16966,-0.701135158538818,-0.000324347580317408,0,0,0,0,0,38
2,3139,620.38966,-0.689614713191986,-0.000169098246260546,0,0,0,0,0,38
2,3140,620.60966,-0.685173332691193,-0.000127038671053015,0,0,0,0,0,38
2,3141,620.82966,-0.693687617778778,-0.000308612186927348,0,0,0,0,0,38
2,3142,621.04966,-0.684106588363647,-0.000174816668732092,0,0,0,0,0,38
2,3143,621.26966,-0.685522437095642,-0.000240411260165274,0,0,0,0,0,38
2,3144,621.48966,-0.685968518257141,-0.000279195373877883,0,0,0,0,0,38
2,3145,621.70966,-0.674641966819763,-0.000127552164485678,0,0,0,0,0,38
2,3146,621.92966,-0.680557370185852,-0.000264790403889492,0,0,0,0,0,38
2,3147,622.14966,-0.672702491283417,-0.000163523756782524,0,0,0,0,0,38
2,3148,622.36966,-0.673652827739716,-0.000210862184758298,0,0,0,0,0,38
2,3149,622.58966,-0.668978750705719,-0.000177808149601333,0,0,0,0,0,38
2,3150,622.80966,-0.665177345275879,-0.00014756663586013,0,0,0,0,0,38
2,3151,623.02966,-0.672334015369415,-0.000304383662296459,0,0,0,0,0,38
2,3152,623.24966,-0.673109829425812,-0.000347555818734691,0,0,0,0,0,38
2,3153,623.46966,-0.65825343132019,-0.000134406494908035,0,0,0,0,0,38
2,3154,623.68966,-0.666263461112976,-0.000303671782603487,0,0,0,0,0,38
2,3155,623.90966,-0.659417152404785,-0.000223427152377553,0,0,0,0,0,38
2,3156,624.12966,-0.648943960666656,-8.69319192133844E-05,0,0,0,0,0,38
2,3157,624.34966,-0.653404772281647,-0.000193469619262032,0,0,0,0,0,38
2,3158,624.56966,-0.656643688678741,-0.000284618145087734,0,0,0,0,0,38
2,3159,624.78966,-0.652163505554199,-0.000248650438152254,0,0,0,0,0,38
2,3160,625.00966,-0.65004950761795,-0.000243702263105661,0,0,0,0,0,38
2,3161,625.22966,-0.640798211097717,-0.00012260397488717,0,0,0,0,0,38
2,3162,625.44966,-0.640255153179169,-0.000154716617544182,0,0,0,0,0,38
2,3163,625.66966,-0.648982763290405,-0.000335648277541623,0,0,0,0,0,38
2,3164,625.88966,-0.644134104251862,-0.000288998387986794,0,0,0,0,0,38
2,3165,626.10966,-0.634999215602875,-0.000172809392097406,0,0,0,0,0,38
2,3166,626.32966,-0.640429735183716,-0.000297486549243331,0,0,0,0,0,38
2,3167,626.54966,-0.631682693958282,-0.000185210970812477,0,0,0,0,0,38
2,3168,626.76966,-0.634727656841278,-0.00027439501718618,0,0,0,0,0,38
2,3169,626.98966,-0.624778151512146,-0.000144225065014325,0,0,0,0,0,38
2,3170,627.20966,-0.620705306529999,-0.000108883657958359,0,0,0,0,0,38
2,3171,627.42966,-0.62720251083374,-0.00025438831653446,0,0,0,0,0,38
2,3172,627.64966,-0.614906251430511,-8.48157142172568E-05,0,0,0,0,0,38
2,3173,627.86966,-0.611298859119415,-5.82075444981456E-05,0,0,0,0,0,38
2,3174,628.08966,-0.610658824443817,-9.01723542483523E-05,0,0,0,0,0,38
2,3175,628.30966,-0.610852777957916,-0.000125011938507669,0,0,0,0,0,38
2,3176,628.52966,-0.610309720039368,-0.00015159287431743,0,0,0,0,0,38
2,3177,628.74966,-0.606954455375671,-0.000133842433569953,0,0,0,0,0,38
2,3178,628.96966,-0.611764311790466,-0.000247919117100537,0,0,0,0,0,38
2,3179,629.18966,-0.598595321178436,-6.25566608505324E-05,0,0,0,0,0,38
2,3180,629.40966,-0.604297339916229,-0.00020357605535537,0,0,0,0,0,38
2,3181,629.62966,-0.596035182476044,-9.72211855696514E-05,0,0,0,0,0,38
2,3182,629.84966,-0.600573539733887,-0.000208742087124847,0,0,0,0,0,38
2,3183,630.06966,-0.601155400276184,-0.000253579171840101,0,0,0,0,0,38
2,3184,630.28966,-0.593455731868744,-0.000154677720274776,0,0,0,0,0,38
2,3185,630.50966,-0.598420739173889,-0.000283668981865048,0,0,0,0,0,38
2,3186,630.72966,-0.59209805727005,-0.000209617355722003,0,0,0,0,0,38
2,3187,630.94966,-0.585794806480408,-0.000136970062158071,0,0,0,0,0,38
2,3188,631.16966,-0.583040773868561,-0.00013383076293394,0,0,0,0,0,38
2,3189,631.38966,-0.579413950443268,-0.000108078413177282,0,0,0,0,0,38
2,3190,631.60966,-0.583118319511414,-0.000202848605113104,0,0,0,0,0,38
2,3191,631.82966,-0.58430141210556,-0.000261464389041066,0,0,0,0,0,38
2,3192,632.04966,-0.571365118026733,-7.87471872172318E-05,0,0,0,0,0,38
2,3193,632.26966,-0.57138454914093,-0.00011530229676282,0,0,0,0,0,38
2,3194,632.48966,-0.573576152324677,-0.000185833385330625,0,0,0,0,0,38
2,3195,632.70966,-0.573828279972076,-0.000229464552830905,0,0,0,0,0,38
2,3196,632.92966,-0.573149442672729,-0.000252960657235235,0,0,0,0,0,38
2,3197,633.14966,-0.571229338645935,-0.000260017259279266,0,0,0,0,0,38
2,3198,633.36966,-0.56692373752594,-0.000223633323912509,0,0,0,0,0,38
2,3199,633.58966,-0.55988347530365,-0.000136981732794084,0,0,0,0,0,38
2,3200,633.80966,-0.565275192260742,-0.000269038369879127,0,0,0,0,0,38
2,3201,634.02966,-0.552164375782013,-8.11084610177204E-05,0,0,0,0,0,38
2,3202,634.24966,-0.553580164909363,-0.000145559359225445,0,0,0,0,0,38
2,3203,634.46966,-0.557575464248657,-0.000239613786106929,0,0,0,0,0,38
2,3204,634.68966,-0.552009224891663,-0.000187587822438218,0,0,0,0,0,38
2,3205,634.90966,-0.551407992839813,-0.000213305160286836,0,0,0,0,0,38
2,3206,635.12966,-0.544619798660278,-0.000136421556817368,0,0,0,0,0,38
2,3207,635.34966,-0.543300986289978,-0.00015578638704028,0,0,0,0,0,38
2,3208,635.56966,-0.547296285629272,-0.00025320184067823,0,0,0,0,0,38
2,3209,635.78966,-0.545124053955078,-0.000253120146226138,0,0,0,0,0,38
2,3210,636.00966,-0.540876626968384,-0.000217537570279092,0,0,0,0,0,38
2,3211,636.22966,-0.537889838218689,-0.000206178519874811,0,0,0,0,0,38
2,3212,636.44966,-0.533215701580048,-0.000163621021783911,0,0,0,0,0,38
2,3213,636.66966,-0.537133455276489,-0.000261028704699129,0,0,0,0,0,38
2,3214,636.88966,-0.532129645347595,-0.000213122315471992,0,0,0,0,0,38
2,3215,637.10966,-0.525302648544312,-0.000136872797156684,0,0,0,0,0,38
2,3216,637.32966,-0.516827166080475,-3.38750760420226E-05,0,0,0,0,0,38
2,3217,637.54966,-0.516536235809326,-6.67968488414772E-05,0,0,0,0,0,38
2,3218,637.76966,-0.526505172252655,-0.000266299757640809,0,0,0,0,0,38
2,3219,637.98966,-0.510989367961884,-4.47167367383372E-05,0,0,0,0,0,38
2,3220,638.20966,-0.520260035991669,-0.000233210710575804,0,0,0,0,0,38
2,3221,638.42966,-0.515876829624176,-0.000194449923583306,0,0,0,0,0,38
2,3222,638.64966,-0.505655825138092,-6.31946313660592E-05,0,0,0,0,0,38
2,3223,638.86966,-0.511687576770782,-0.000199265850824304,0,0,0,0,0,38
2,3224,639.08966,-0.504821836948395,-0.000120565578981768,0,0,0,0,0,38
2,3225,639.30966,-0.508758962154388,-0.000219727677176706,0,0,0,0,0,38
2,3226,639.52966,-0.504899442195892,-0.000193570769624785,0,0,0,0,0,38
2,3227,639.74966,-0.503832697868347,-0.000217541455640458,0,0,0,0,0,38
2,3228,639.96966,-0.499197393655777,-0.000168724800460041,0,0,0,0,0,38
2,3229,640.18966,-0.492816537618637,-0.000106242288893554,0,0,0,0,0,38
2,3230,640.40966,-0.491303741931915,-0.000114878275780939,0,0,0,0,0,38
2,3231,640.62966,-0.494891762733459,-0.000201988907065243,0,0,0,0,0,38
2,3232,640.84966,-0.48882120847702,-0.000140568386996165,0,0,0,0,0,38
2,3233,641.06966,-0.483797997236252,-9.68671884038486E-05,0,0,0,0,0,38
2,3234,641.28966,-0.491284340620041,-0.000252108729910105,0,0,0,0,0,38
2,3235,641.50966,-0.484709531068802,-0.000183040305273607,0,0,0,0,0,38
2,3236,641.72966,-0.479046285152435,-0.000118667216156609,0,0,0,0,0,38
2,3237,641.94966,-0.484147101640701,-0.000234580016694963,0,0,0,0,0,38
2,3238,642.16966,-0.472044795751572,-8.48079362185672E-05,0,0,0,0,0,38
2,3239,642.38966,-0.477572292089462,-0.000210803831578232,0,0,0,0,0,38
2,3240,642.60966,-0.47600132226944,-0.000217704844544642,0,0,0,0,0,38
2,3241,642.82966,-0.466303944587708,-8.69591458467767E-05,0,0,0,0,0,38
2,3242,643.04966,-0.468728303909302,-0.000164072262123227,0,0,0,0,0,38
2,3243,643.26966,-0.461164355278015,-7.69227335695177E-05,0,0,0,0,0,38
2,3244,643.48966,-0.468030095100403,-0.0002270721597597,0,0,0,0,0,38
2,3245,643.70966,-0.457518130540848,-8.6048872617539E-05,0,0,0,0,0,38
2,3246,643.92966,-0.455016225576401,-7.85021111369133E-05,0,0,0,0,0,38
2,3247,644.14966,-0.454492568969727,-0.000112007393909153,0,0,0,0,0,38
2,3248,644.36966,-0.446715295314789,-1.67003599926829E-05,0,0,0,0,0,38
2,3249,644.58966,-0.455753237009048,-0.000200615701032802,0,0,0,0,0,38
2,3250,644.80966,-0.446657091379166,-8.65623587742448E-05,0,0,0,0,0,38
2,3251,645.02966,-0.449217200279236,-0.000163998352945782,0,0,0,0,0,38
2,3252,645.24966,-0.44892629981041,-0.000192411520401947,0,0,0,0,0,38
2,3253,645.46966,-0.450671821832657,-0.000259064196143299,0,0,0,0,0,38
2,3254,645.68966,-0.437871307134628,-8.22677102405578E-05,0,0,0,0,0,38
2,3255,645.90966,-0.442157536745071,-0.000188358055311255,0,0,0,0,0,38
2,3256,646.12966,-0.441653281450272,-0.000216607833863236,0,0,0,0,0,38
2,3257,646.34966,-0.440256834030151,-0.000233245722483844,0,0,0,0,0,38
2,3258,646.56966,-0.433526873588562,-0.000156844485900365,0,0,0,0,0,38
2,3259,646.78966,-0.423984676599503,-3.40851402143016E-05,0,0,0,0,0,38
2,3260,647.00966,-0.426758140325546,-0.000115080561954528,0,0,0,0,0,38
2,3261,647.22966,-0.431587398052216,-0.000234292150707915,0,0,0,0,0,38
2,3262,647.44966,-0.426292657852173,-0.000179710405063815,0,0,0,0,0,38
2,3263,647.66966,-0.418922662734985,-9.0584704594221E-05,0,0,0,0,0,38
2,3264,647.88966,-0.427223592996597,-0.000267280061962083,0,0,0,0,0,38
2,3265,648.10966,-0.410136848688126,-2.35546867770609E-05,0,0,0,0,0,38
2,3266,648.32966,-0.410951435565948,-6.21909930487163E-05,0,0,0,0,0,38
2,3267,648.54966,-0.407790094614029,-4.89335870952345E-05,0,0,0,0,0,38
2,3268,648.76966,-0.40693673491478,-7.3301067459397E-05,0,0,0,0,0,38
2,3269,648.98966,-0.403852969408035,-5.58190331503283E-05,0,0,0,0,0,38
2,3270,649.20966,-0.403969347476959,-9.56262520048767E-05,0,0,0,0,0,38
2,3271,649.42966,-0.400070995092392,-6.56337142572738E-05,0,0,0,0,0,38
2,3272,649.64966,-0.401855319738388,-0.000126128390547819,0,0,0,0,0,38
2,3273,649.86966,-0.40020677447319,-0.000141552576678805,0,0,0,0,0,38
2,3274,650.08966,-0.400381326675415,-0.00017497617227491,0,0,0,0,0,38
2,3275,650.30966,-0.401273459196091,-0.00022857372823637,0,0,0,0,0,38
2,3276,650.52966,-0.389016002416611,-6.1844773881603E-05,0,0,0,0,0,38
2,3277,650.74966,-0.389132380485535,-9.87538805929944E-05,0,0,0,0,0,38
2,3278,650.96966,-0.389946967363358,-0.000143878845847212,0,0,0,0,0,38
2,3279,651.18966,-0.389597862958908,-0.000177757581695914,0,0,0,0,0,38
2,3280,651.40966,-0.381258130073547,-7.62225172366016E-05,0,0,0,0,0,38
2,3281,651.62966,-0.378891974687576,-7.00139498803765E-05,0,0,0,0,0,38
2,3282,651.84966,-0.375323325395584,-5.01823051308747E-05,0,0,0,0,0,38
2,3283,652.06966,-0.372239589691162,-3.54038784280419E-05,0,0,0,0,0,38
2,3284,652.28966,-0.369272202253342,-2.01780931092799E-05,0,0,0,0,0,38
2,3285,652.50966,-0.377553731203079,-0.000191870800335892,0,0,0,0,0,38
2,3286,652.72966,-0.374004513025284,-0.000163018048624508,0,0,0,0,0,38
2,3287,652.94966,-0.375459104776382,-0.000224053452257067,0,0,0,0,0,38
2,3288,653.16966,-0.367487877607346,-0.000130847067339346,0,0,0,0,0,38
2,3289,653.38966,-0.359051167964935,-2.98799604934175E-05,0,0,0,0,0,38
2,3290,653.60966,-0.365063548088074,-0.00016265238809865,0,0,0,0,0,38
2,3291,653.82966,-0.361514300107956,-0.000136370988911949,0,0,0,0,0,38
2,3292,654.04966,-0.356471687555313,-8.99233928066678E-05,0,0,0,0,0,38
2,3293,654.26966,-0.353038817644119,-7.18928567948751E-05,0,0,0,0,0,38
2,3294,654.48966,-0.358508110046387,-0.000192991137737408,0,0,0,0,0,38
2,3295,654.70966,-0.350304156541824,-9.54278584686108E-05,0,0,0,0,0,38
2,3296,654.92966,-0.34339964389801,-1.90655300684739E-05,0,0,0,0,0,38
2,3297,655.14966,-0.343089312314987,-5.02756665810011E-05,0,0,0,0,0,38
2,3298,655.36966,-0.347588896751404,-0.000152328109834343,0,0,0,0,0,38
2,3299,655.58966,-0.3357193171978,4.39945051766699E-06,0,0,0,0,0,38
2,3300,655.80966,-0.342488080263138,-0.000140171599923633,0,0,0,0,0,38
2,3301,656.02966,-0.331510663032532,7.38882363293669E-07,0,0,0,0,0,38
2,3302,656.24966,-0.331937372684479,-4.00953176722396E-05,0,0,0,0,0,38
2,3303,656.46966,-0.329280287027359,-2.67328832705971E-05,0,0,0,0,0,38
2,3304,656.68966,-0.338085472583771,-0.000210986661841162,0,0,0,0,0,38
2,3305,656.90966,-0.333993196487427,-0.000175229026353918,0,0,0,0,0,38
2,3306,657.12966,-0.327942043542862,-0.00011230303789489,0,0,0,0,0,38
2,3307,657.34966,-0.31673189997673,3.34428114001639E-05,0,0,0,0,0,38
2,3308,657.56966,-0.318632572889328,-3.42368548444938E-05,0,0,0,0,0,38
2,3309,657.78966,-0.323830366134644,-0.000154782741446979,0,0,0,0,0,38
2,3310,658.00966,-0.32194909453392,-0.000157855916768312,0,0,0,0,0,38
2,3311,658.22966,-0.315781563520432,-9.01762468856759E-05,0,0,0,0,0,38
2,3312,658.44966,-0.316693127155304,-0.000139693118399009,0,0,0,0,0,38
2,3313,658.66966,-0.313337832689285,-0.000128532468806952,0,0,0,0,0,38
2,3314,658.88966,-0.315490633249283,-0.000189657337614335,0,0,0,0,0,38
2,3315,659.10966,-0.302360415458679,-1.19311180242221E-05,0,0,0,0,0,38
2,3316,659.32966,-0.307693958282471,-0.000131228298414499,0,0,0,0,0,38
2,3317,659.54966,-0.298054784536362,-7.6092355811852E-06,0,0,0,0,0,38
2,3318,659.76966,-0.302961647510529,-0.000128894243971445,0,0,0,0,0,38
2,3319,659.98966,-0.290995121002197,3.27153647958767E-05,0,0,0,0,0,38
2,3320,660.20966,-0.299276649951935,-0.000141077980515547,0,0,0,0,0,38
2,3321,660.42966,-0.29828754067421,-0.000157501912326552,0,0,0,0,0,38
2,3322,660.64966,-0.290490865707397,-6.27200424787588E-05,0,0,0,0,0,38
2,3323,660.86966,-0.286495536565781,-3.37661549565382E-05,0,0,0,0,0,38
2,3324,661.08966,-0.29246911406517,-0.000172863845364191,0,0,0,0,0,38
2,3325,661.30966,-0.280134081840515,1.67250232152583E-06,0,0,0,0,0,38
2,3326,661.52966,-0.279203116893768,-2.26599677262129E-05,0,0,0,0,0,38
2,3327,661.74966,-0.278446733951569,-4.30362233601045E-05,0,0,0,0,0,38
2,3328,661.96966,-0.274955689907074,-2.22476173803443E-05,0,0,0,0,0,38
2,3329,662.18966,-0.273384720087051,-2.99149724014569E-05,0,0,0,0,0,38
2,3330,662.40966,-0.278873413801193,-0.000160127718118019,0,0,0,0,0,38
2,3331,662.62966,-0.270611256361008,-6.06971989327576E-05,0,0,0,0,0,38
2,3332,662.84966,-0.273384720087051,-0.000136830014525913,0,0,0,0,0,38
2,3333,663.06966,-0.270107001066208,-0.000119947049824987,0,0,0,0,0,38
2,3334,663.28966,-0.261941820383072,-2.43793838308193E-05,0,0,0,0,0,38
2,3335,663.50966,-0.268225729465485,-0.000155938105308451,0,0,0,0,0,38
2,3336,663.72966,-0.264501929283142,-0.000132729866891168,0,0,0,0,0,38
2,3337,663.94966,-0.260933309793472,-0.000110789798782207,0,0,0,0,0,38
2,3338,664.16966,-0.258121073246002,-9.65287545113824E-05,0,0,0,0,0,38
2,3339,664.38966,-0.256588876247406,-0.00011277762678219,0,0,0,0,0,38
2,3340,664.60966,-0.25439727306366,-0.000106086685264017,0,0,0,0,0,38
2,3341,664.82966,-0.245572686195374,-8.94952449925768E-07,0,0,0,0,0,38
2,3342,665.04966,-0.250615328550339,-0.00011396410263842,0,0,0,0,0,38
2,3343,665.26966,-0.242062240839005,-1.17054933070904E-05,0,0,0,0,0,38
2,3344,665.48966,-0.240859776735306,-1.75678487721598E-05,0,0,0,0,0,38
2,3345,665.70966,-0.238357856869698,-2.34535436902661E-05,0,0,0,0,0,38
2,3346,665.92966,-0.234187990427017,9.32040529733058E-06,0,0,0,0,0,38
2,3347,666.14966,-0.232326105237007,8.36733488540631E-06,0,0,0,0,0,38
2,3348,666.36966,-0.235623195767403,-8.39521162561141E-05,0,0,0,0,0,38
2,3349,666.58966,-0.232326105237007,-6.44394604023546E-05,0,0,0,0,0,38
2,3350,666.80966,-0.226197376847267,-1.95694519788958E-06,0,0,0,0,0,38
2,3351,667.02966,-0.230231463909149,-0.000102383324701805,0,0,0,0,0,38
2,3352,667.24966,-0.221368089318275,8.5773999671801E-06,0,0,0,0,0,38
2,3353,667.46966,-0.228718683123589,-0.000144699646625668,0,0,0,0,0,38
2,3354,667.68966,-0.221465066075325,-6.44939209450968E-05,0,0,0,0,0,38
2,3355,667.90966,-0.215297535061836,8.28354302484513E-07,0,0,0,0,0,38
2,3356,668.12966,-0.217702478170395,-7.31843683752231E-05,0,0,0,0,0,38
2,3357,668.34966,-0.220708668231964,-0.000153425105963834,0,0,0,0,0,38
2,3358,668.56966,-0.206919029355049,3.46059459843673E-05,0,0,0,0,0,38
2,3359,668.78966,-0.212213784456253,-8.35319879115559E-05,0,0,0,0,0,38
2,3360,669.00966,-0.203195244073868,1.85087810677942E-05,0,0,0,0,0,38
2,3361,669.22966,-0.205212280154228,-4.21415024902672E-05,0,0,0,0,0,38
2,3362,669.44966,-0.209498524665833,-0.000147586091770791,0,0,0,0,0,38
2,3363,669.66966,-0.207617238163948,-0.000152440916281193,0,0,0,0,0,38
2,3364,669.88966,-0.197978064417839,-2.80516214843374E-05,0,0,0,0,0,38
2,3365,670.10966,-0.190705046057701,4.85518939967733E-05,0,0,0,0,0,38
2,3366,670.32966,-0.191364467144012,7.46483601687942E-06,0,0,0,0,0,38
2,3367,670.54966,-0.188707381486893,1.31132364913356E-05,0,0,0,0,0,38
2,3368,670.76966,-0.190142586827278,-4.72037027066108E-05,0,0,0,0,0,38
2,3369,670.98966,-0.188067361712456,-4.93660154461395E-05,0,0,0,0,0,38
2,3370,671.20966,-0.186321839690208,-4.61786949017551E-05,0,0,0,0,0,38
2,3371,671.42966,-0.183296263217926,-4.51711675850675E-05,0,0,0,0,0,38
2,3372,671.64966,-0.18151193857193,-4.37486669397913E-05,0,0,0,0,0,38
2,3373,671.86966,-0.179203972220421,-4.15669237554539E-05,0,0,0,0,0,38
2,3374,672.08966,-0.177031770348549,-4.46691556135193E-05,0,0,0,0,0,38
2,3375,672.30966,-0.174898341298103,-3.97671356040519E-05,0,0,0,0,0,38
2,3376,672.52966,-0.172687351703644,-4.11181426898111E-05,0,0,0,0,0,38
2,3377,672.74966,-0.170476347208023,-4.38621245848481E-05,0,0,0,0,0,38
2,3378,672.96966,-0.168284744024277,-4.11146465921775E-05,0,0,0,0,0,38
2,3379,673.18966,-0.16609314084053,-4.27687264163978E-05,0,0,0,0,0,38
2,3380,673.40966,-0.164037302136421,-4.17204028053675E-05,0,0,0,0,0,38
2,3381,673.62966,-0.161632359027863,-3.89597153116483E-05,0,0,0,0,0,38
2,3382,673.84966,-0.159595921635628,-4.13940178987104E-05,0,0,0,0,0,38
2,3383,674.06966,-0.157268553972244,-3.93653681385331E-05,0,0,0,0,0,38
2,3384,674.28966,-0.155173927545547,-3.87611617043149E-05,0,0,0,0,0,38
2,3385,674.50966,-0.152536243200302,-3.59293699148111E-05,0,0,0,0,0,38
2,3386,674.72966,-0.15077131986618,-3.79455850634258E-05,0,0,0,0,0,38
2,3387,674.94966,-0.148754268884659,-3.89107553928625E-05,0,0,0,0,0,38
2,3388,675.16966,-0.146717831492424,-3.77334326913115E-05,0,0,0,0,0,38
2,3389,675.38966,-0.144293487071991,-3.68191613233648E-05,0,0,0,0,0,38
2,3390,675.60966,-0.14192733168602,-3.50702721334528E-05,0,0,0,0,0,38
2,3391,675.82966,-0.139871492981911,-3.75274976249784E-05,0,0,0,0,0,38
2,3392,676.04966,-0.137602314352989,-3.42609091603663E-05,0,0,0,0,0,38
2,3393,676.26966,-0.135274946689606,-3.3819509553723E-05,0,0,0,0,0,38
2,3394,676.48966,-0.133277282118797,-3.07402042381E-05,0,0,0,0,0,38
2,3395,676.70966,-0.130949914455414,-3.10716422973201E-05,0,0,0,0,0,38
2,3396,676.92966,-0.128758311271667,-2.83766203210689E-05,0,0,0,0,0,38
2,3397,677.14966,-0.126954615116119,-3.24471293424722E-05,0,0,0,0,0,38
2,3398,677.36966,-0.124375112354755,-3.40631340804975E-05,0,0,0,0,0,38
2,3399,677.58966,-0.122435636818409,-3.08703711198177E-05,0,0,0,0,0,38
2,3400,677.80966,-0.120088882744312,-3.18126185447909E-05,0,0,0,0,0,38
2,3401,678.02966,-0.11791667342186,-2.94261099043069E-05,0,0,0,0,0,38
2,3402,678.24966,-0.115725070238113,-2.90360003418755E-05,0,0,0,0,0,38
2,3403,678.46966,-0.113242544233799,-2.45186492975336E-05,0,0,0,0,0,38
2,3404,678.68966,-0.110915176570416,-2.66016977548134E-05,0,0,0,0,0,38
2,3405,678.90966,-0.108781762421131,-2.58583895629272E-05,0,0,0,0,0,38
2,3406,679.12966,-0.106958657503128,-2.70104592345888E-05,0,0,0,0,0,38
2,3407,679.34966,-0.104534320533276,-2.59687403740827E-05,0,0,0,0,0,38
2,3408,679.56966,-0.102381505072117,-2.68076328211464E-05,0,0,0,0,0,38
2,3409,679.78966,-0.100345060229301,-2.50645716732834E-05,0,0,0,0,0,38
2,3410,680.00966,-0.0973776653409004,-2.18166333070258E-05,0,0,0,0,0,38
2,3411,680.22966,-0.0957679077982903,-2.33366627071518E-05,0,0,0,0,0,38
2,3412,680.44966,-0.0933241695165634,-2.33246173593216E-05,0,0,0,0,0,38
2,3413,680.66966,-0.09134591370821,-2.48768992605619E-05,0,0,0,0,0,38
2,3414,680.88966,-0.0890379399061203,-2.19872090383433E-05,0,0,0,0,0,38
2,3415,681.10966,-0.0869045183062553,-2.01780931092799E-05,0,0,0,0,0,38
2,3416,681.32966,-0.0844995751976967,-1.89988259080565E-05,0,0,0,0,0,38
2,3417,681.54966,-0.0825795009732246,-2.22871749429032E-05,0,0,0,0,0,38
2,3418,681.76966,-0.0804848670959473,-2.15193886106135E-05,0,0,0,0,0,38
2,3419,681.98966,-0.0784678235650063,-2.22051894525066E-05,0,0,0,0,0,38
2,3420,682.20966,-0.0760240852832794,-1.95097763935337E-05,0,0,0,0,0,38
2,3421,682.42966,-0.0736773237586021,-1.7907761503011E-05,0,0,0,0,0,38
2,3422,682.64966,-0.0716796666383743,-1.66033805726329E-05,0,0,0,0,0,38
2,3423,682.86966,-0.0691389590501785,-1.78867794602411E-05,0,0,0,0,0,38
2,3424,683.08966,-0.0672770664095879,-2.03035961021669E-05,0,0,0,0,0,38
2,3425,683.30966,-0.0650272816419601,-1.95902084669797E-05,0,0,0,0,0,38
2,3426,683.52966,-0.0625835508108139,-1.79042654053774E-05,0,0,0,0,0,38
2,3427,683.74966,-0.060566496104002,-1.68073711392935E-05,0,0,0,0,0,38
2,3428,683.96966,-0.0583554990589619,-1.73342541529564E-05,0,0,0,0,0,38
2,3429,684.18966,-0.0559893436729908,-1.38446339406073E-05,0,0,0,0,0,38
2,3430,684.40966,-0.0537783466279507,-1.48327308124863E-05,0,0,0,0,0,38
2,3431,684.62966,-0.0515091642737389,-1.45766725836438E-05,0,0,0,0,0,38
2,3432,684.84966,-0.0496278777718544,-1.39312815008452E-05,0,0,0,0,0,38
2,3433,685.06966,-0.047319907695055,-1.71201591001591E-05,0,0,0,0,0,38
2,3434,685.28966,-0.0451283045113087,-1.40719384944532E-05,0,0,0,0,0,38
2,3435,685.50966,-0.0426845699548721,-1.47973723869654E-05,0,0,0,0,0,38
2,3436,685.72966,-0.0407063066959381,-1.49356983456528E-05,0,0,0,0,0,38
2,3437,685.94966,-0.0384371280670166,-1.21159491754952E-05,0,0,0,0,0,38
2,3438,686.16966,-0.0361097604036331,-1.41531472763745E-05,0,0,0,0,0,38
2,3439,686.38966,-0.0342478677630425,-1.2509555745055E-05,0,0,0,0,0,38
2,3440,686.60966,-0.0315713956952095,-1.14165486593265E-05,0,0,0,0,0,38
2,3441,686.82966,-0.0298646613955498,-1.38050008899882E-05,0,0,0,0,0,38
2,3442,687.04966,-0.0274403225630522,-1.41150685522007E-05,0,0,0,0,0,38
2,3443,687.26966,-0.0251905359327793,-1.17246736408561E-05,0,0,0,0,0,38
2,3444,687.48966,-0.0230183266103268,-1.22228020700277E-05,0,0,0,0,0,38
2,3445,687.70966,-0.0208655148744583,-1.26350596474367E-05,0,0,0,0,0,38
2,3446,687.92966,-0.0186157263815403,-1.23980407806812E-05,0,0,0,0,0,38
2,3447,688.14966,-0.0165986772626638,-1.23448080557864E-05,0,0,0,0,0,38
2,3448,688.36966,-0.0142907053232193,-1.2860033166362E-05,0,0,0,0,0,38
2,3449,688.58966,-0.0117693925276399,-1.19912228910835E-05,0,0,0,0,0,38
2,3450,688.80966,-0.0099074998870492,-1.43956058309413E-05,0,0,0,0,0,38
2,3451,689.02966,-0.00765771279111505,-1.27652256196598E-05,0,0,0,0,0,38
2,3452,689.24966,-0.00552429398521781,-1.27865960166673E-05,0,0,0,0,0,38
2,3453,689.46966,-0.00325511209666729,-1.04983910205192E-05,0,0,0,0,0,38
2,3454,689.68966,-0.000675614981446415,-1.08787871795357E-05,0,0,0,0,0,38
2,3455,689.90966,0.00105051475111395,-9.30202804738656E-06,0,0,0,0,0,38
2,3456,690.12966,0.00345545960590243,-1.07187024696032E-05,0,0,0,0,0,38
2,3457,690.34966,0.00520098395645618,-1.11791405288386E-05,0,0,0,0,0,38
2,3458,690.56966,0.00756713934242725,-1.12020652522915E-05,0,0,0,0,0,38
2,3459,690.78966,0.00944842677563429,-1.43567503982922E-05,0,0,0,0,0,38
2,3460,691.00966,0.0121830813586712,-1.16287001219462E-05,0,0,0,0,0,38
2,3461,691.22966,0.0142195271328092,-1.32660743474844E-05,0,0,0,0,0,38
2,3462,691.44966,0.0162947606295347,-1.21093435154762E-05,0,0,0,0,0,38
2,3463,691.66966,0.0184087846428156,-1.16255914690555E-05,0,0,0,0,0,38
2,3464,691.88966,0.0205615982413292,-1.32054592540953E-05,0,0,0,0,0,38
2,3465,692.10966,0.0231410954147577,-1.33884695969755E-05,0,0,0,0,0,38
2,3466,692.32966,0.0253714881837368,-8.47634692036081E-06,0,0,0,0,0,38
2,3467,692.54966,0.0275436956435442,-1.0185992323386E-05,0,0,0,0,0,38
2,3468,692.76966,0.0294249840080738,-1.19457617984153E-05,0,0,0,0,0,38
2,3469,692.98966,0.0318299271166325,-1.19267224363284E-05,0,0,0,0,0,38
2,3470,693.20966,0.0339051634073257,-1.26653667393839E-05,0,0,0,0,0,38
2,3471,693.42966,0.0364264771342278,-9.10425296751782E-06,0,0,0,0,0,38
2,3472,693.64966,0.0386180803179741,-9.61636942520272E-06,0,0,0,0,0,38
2,3473,693.86966,0.040732104331255,-8.78913397173164E-06,0,0,0,0,0,38
2,3474,694.08966,0.0429043099284172,-8.42505778564373E-06,0,0,0,0,0,38
2,3475,694.30966,0.0451540984213352,-7.9940273280954E-06,0,0,0,0,0,38
2,3476,694.52966,0.0474620684981346,-7.90299509390024E-06,0,0,0,0,0,38
2,3477,694.74966,0.0494209341704845,-8.07047217676882E-06,0,0,0,0,0,38
2,3478,694.96966,0.0514185912907124,-7.75142871134449E-06,0,0,0,0,0,38
2,3479,695.18966,0.0535908006131649,-7.67124947742559E-06,0,0,0,0,0,38
2,3480,695.40966,0.0563060604035854,-7.36698939363123E-06,0,0,0,0,0,38
2,3481,695.62966,0.0579934008419514,-7.11509301254409E-06,0,0,0,0,0,38
2,3482,695.84966,0.0604759231209755,-6.61993590256316E-06,0,0,0,0,0,38
2,3483,696.06966,0.0627257078886032,-6.03534090259927E-06,0,0,0,0,0,38
2,3484,696.28966,0.0646263957023621,-6.03549642619328E-06,0,0,0,0,0,38
2,3485,696.50966,0.067244678735733,-6.3180877987179E-06,0,0,0,0,0,38
2,3486,696.72966,0.0691841542720795,-5.20834146300331E-06,0,0,0,0,0,38
2,3487,696.94966,0.0713175684213638,-5.49198330190848E-06,0,0,0,0,0,38
2,3488,697.16966,0.0736449360847473,-5.16282489115838E-06,0,0,0,0,0,38
2,3489,697.38966,0.0759335085749626,-5.0462331273593E-06,0,0,0,0,0,38
2,3490,697.60966,0.0783384591341019,-4.79838217870565E-06,0,0,0,0,0,38
2,3491,697.82966,0.0803361162543297,-4.36920436186483E-06,0,0,0,0,0,38
2,3492,698.04966,0.0826634764671326,-3.74049363927043E-06,0,0,0,0,0,38
2,3493,698.26966,0.0847193151712418,-3.51193853020959E-06,0,0,0,0,0,38
2,3494,698.48966,0.0866393968462944,-3.12586553263827E-06,0,0,0,0,0,38
2,3495,698.70966,0.0889667645096779,-2.47315142587468E-06,0,0,0,0,0,38
2,3496,698.92966,0.0911583676934242,-2.22495054913452E-06,0,0,0,0,0,38
2,3497,699.14966,0.0934081524610519,-2.07929792850337E-06,0,0,0,0,0,38
2,3498,699.36966,0.0956385433673859,-1.55585837546823E-06,0,0,0,0,0,38
2,3499,699.58966,0.0977331697940826,-1.15515774723463E-06,0,0,0,0,0,38
2,3500,699.80966,0.099982962012291,-6.78309220347728E-07,0,0,0,0,0,38
2,3501,700.02966,0.102135770022869,-1.94782458606824E-07,0,0,0,0,0,38
2,3502,700.24966,0.104579508304596,2.87755540284707E-07,0,0,0,0,0,38
2,3503,700.46966,0.106771111488342,7.55753944758908E-07,0,0,0,0,0,38
2,3504,700.68966,0.108710579574108,1.27556927509431E-06,0,0,0,0,0,38
2,3505,700.90966,0.111057341098785,2.04947446036385E-06,0,0,0,0,0,38
2,3506,701.12966,0.113113179802895,2.12510190067405E-06,0,0,0,0,0,38
2,3507,701.34966,0.115673281252384,2.50483367381094E-06,0,0,0,0,0,38
2,3508,701.56966,0.117380023002625,3.25313226312574E-06,0,0,0,0,0,38
2,3509,701.78966,0.119687989354134,3.89682099921629E-06,0,0,0,0,0,38
2,3510,702.00966,0.122306279838085,4.28666771767894E-06,0,0,0,0,0,38
2,3511,702.22966,0.124148778617382,4.75817159895087E-06,0,0,0,0,0,38
2,3512,702.44966,0.126340374350548,4.99085035698954E-06,0,0,0,0,0,38
2,3513,702.66966,0.128745317459106,5.3926792134007E-06,0,0,0,0,0,38
2,3514,702.88966,0.13072358071804,6.25854227109812E-06,0,0,0,0,0,38
2,3515,703.10966,0.132973372936249,6.38987876300234E-06,0,0,0,0,0,38
2,3516,703.32966,0.135223165154457,6.22461902821669E-06,0,0,0,0,0,38
2,3517,703.54966,0.137589320540428,6.73144677421078E-06,0,0,0,0,0,38
2,3518,703.76966,0.139528781175613,6.96241386322072E-06,0,0,0,0,0,38
2,3519,703.98966,0.141914337873459,6.77575735608116E-06,0,0,0,0,0,38
2,3520,704.20966,0.144396856427193,7.35498360882048E-06,0,0,0,0,0,38
2,3521,704.42966,0.146258756518364,7.27756696505821E-06,0,0,0,0,0,38
2,3522,704.64966,0.148586124181747,7.170039225457E-06,0,0,0,0,0,38
2,3523,704.86966,0.150641962885857,6.85255190546741E-06,0,0,0,0,0,38
2,3524,705.08966,0.153008118271828,7.19100762580638E-06,0,0,0,0,0,38
2,3525,705.30966,0.154753640294075,7.26904727343936E-06,0,0,0,0,0,38
2,3526,705.52966,0.157003417611122,6.93475385560305E-06,0,0,0,0,0,38
2,3527,705.74966,0.15935018658638,6.94724167260574E-06,0,0,0,0,0,38
2,3528,705.96966,0.161890894174576,6.76976651448058E-06,0,0,0,0,0,38
2,3529,706.18966,0.164101883769035,7.0382748162956E-06,0,0,0,0,0,38
2,3530,706.40966,0.165672868490219,7.30973943063873E-06,0,0,0,0,0,38
2,3531,706.62966,0.168116599321365,7.40617997507798E-06,0,0,0,0,0,38
2,3532,706.84966,0.170424565672874,7.0952673922875E-06,0,0,0,0,0,38
2,3533,707.06966,0.172383427619934,7.27632186681149E-06,0,0,0,0,0,38
2,3534,707.28966,0.174943536520004,7.21765627531568E-06,0,0,0,0,0,38
2,3535,707.50966,0.177135139703751,7.42500924388878E-06,0,0,0,0,0,38
2,3536,707.72966,0.179365530610085,6.62485263092094E-06,0,0,0,0,0,38
2,3537,707.94966,0.181266218423843,6.68491884425748E-06,0,0,0,0,0,38
2,3538,708.16966,0.183380231261253,6.45990439807065E-06,0,0,0,0,0,38
2,3539,708.38966,0.185707598924637,6.09149310548673E-06,0,0,0,0,0,38
2,3540,708.60966,0.187744051218033,5.5917453209986E-06,0,0,0,0,0,38
2,3541,708.82966,0.190148994326591,5.36995958100306E-06,0,0,0,0,0,38
2,3542,709.04966,0.192204833030701,5.08048287883867E-06,0,0,0,0,0,38
2,3543,709.26966,0.194823116064072,4.45247223979095E-06,0,0,0,0,0,38
2,3544,709.48966,0.196937143802643,4.04231786887976E-06,0,0,0,0,0,38
2,3545,709.70966,0.198837831616402,3.51047560798179E-06,0,0,0,0,0,38
2,3546,709.92966,0.201300948858261,2.99493331112899E-06,0,0,0,0,0,38
2,3547,710.14966,0.203221037983894,2.8430561087589E-06,0,0,0,0,0,38
2,3548,710.36966,0.205703556537628,2.82200971923885E-06,0,0,0,0,0,38
2,3549,710.58966,0.20797273516655,2.12856411963003E-06,0,0,0,0,0,38
2,3550,710.80966,0.209873422980309,1.48973845170985E-06,0,0,0,0,0,38
2,3551,711.02966,0.21223957836628,1.53288192450418E-06,0,0,0,0,0,38
2,3552,711.24966,0.214372992515564,1.44854027439578E-06,0,0,0,0,0,38
2,3553,711.46966,0.216777935624123,9.2086037284389E-07,0,0,0,0,0,38
2,3554,711.68966,0.218814387917519,3.778527002396E-07,0,0,0,0,0,38
2,3555,711.90966,0.221122354269028,4.77061689707625E-07,0,0,0,0,0,38
2,3556,712.12966,0.223372146487236,2.75866966603644E-07,0,0,0,0,0,38
2,3557,712.34966,0.225156456232071,1.84799148428283E-07,0,0,0,0,0,38
2,3558,712.56966,0.227522611618042,5.53289964955184E-08,0,0,0,0,0,38
2,3559,712.78966,0.229869365692139,-2.18571525323341E-08,0,0,0,0,0,38
2,3560,713.00966,0.232293710112572,-1.47224298530091E-07,0,0,0,0,0,38
2,3561,713.22966,0.234271973371506,-2.44773616486782E-07,0,0,0,0,0,38
2,3562,713.44966,0.236521765589714,-2.55229622325714E-07,0,0,0,0,0,38
2,3563,713.66966,0.23871336877346,-2.86399171045559E-07,0,0,0,0,0,38
2,3564,713.88966,0.240788593888283,-3.34568483140174E-07,0,0,0,0,0,38
2,3565,714.10966,0.242922008037567,-3.68568066733133E-07,0,0,0,0,0,38
2,3566,714.32966,0.245210587978363,-3.81394812620783E-07,0,0,0,0,0,38
2,3567,714.54966,0.247382804751396,-3.97254012796111E-07,0,0,0,0,0,38
2,3568,714.76966,0.249690771102905,-4.42659455757166E-07,0,0,0,0,0,38
2,3569,714.98966,0.251765996217728,-4.50421680397994E-07,0,0,0,0,0,38
2,3570,715.20966,0.254093378782272,-4.24814942334706E-07,0,0,0,0,0,38
2,3571,715.42966,0.256381958723068,-4.97975918278826E-07,0,0,0,0,0,38
2,3572,715.64966,0.258418381214142,-4.22483168449617E-07,0,0,0,0,0,38
2,3573,715.86966,0.260687559843063,-4.44103676500163E-07,0,0,0,0,0,38
2,3574,716.08966,0.262859791517258,-4.04475144932803E-07,0,0,0,0,0,38
2,3575,716.30966,0.265128970146179,-4.07495946319614E-07,0,0,0,0,0,38
2,3576,716.52966,0.26724299788475,-4.03564229145559E-07,0,0,0,0,0,38
2,3577,716.74966,0.269531577825546,-3.99064163048024E-07,0,0,0,0,0,38
2,3578,716.96966,0.271548628807068,-3.9429161802218E-07,0,0,0,0,0,38
2,3579,717.18966,0.273914784193039,-3.57430820940863E-07,0,0,0,0,0,38
2,3580,717.40966,0.276009410619736,-3.89359456676175E-07,0,0,0,0,0,38
2,3581,717.62966,0.278336763381958,-2.9787119615321E-07,0,0,0,0,0,38
2,3582,717.84966,0.28010168671608,-2.8794849527003E-07,0,0,0,0,0,38
2,3583,718.06966,0.282370865345001,-2.82265034456941E-07,0,0,0,0,0,38
2,3584,718.28966,0.284833997488022,-3.01098310728776E-07,0,0,0,0,0,38
2,3585,718.50966,0.286967426538467,-2.69512270278938E-07,0,0,0,0,0,38
2,3586,718.72966,0.28904265165329,-2.38128635032808E-07,0,0,0,0,0,38
2,3587,718.94966,0.291137278079987,-2.54287584766644E-07,0,0,0,0,0,38
2,3588,719.16966,0.293581008911133,-2.34815871635874E-07,0,0,0,0,0,38
2,3589,719.38966,0.295811414718628,-2.10696171620839E-07,0,0,0,0,0,38
2,3590,719.60966,0.298041790723801,-1.72488483940469E-07,0,0,0,0,0,38
2,3591,719.82966,0.300233393907547,-2.19283649016688E-07,0,0,0,0,0,38
2,3592,720.04966,0.302366822957993,-1.6683226533587E-07,0,0,0,0,0,38
2,3593,720.26966,0.304558426141739,-1.59494362605983E-07,0,0,0,0,0,38
2,3594,720.48966,0.306808203458786,-1.28297585888504E-07,0,0,0,0,0,38
2,3595,720.70966,0.308902829885483,-7.15018444452653E-08,0,0,0,0,0,38
2,3596,720.92966,0.311075031757355,-1.01865566648485E-07,0,0,0,0,0,38
2,3597,721.14966,0.313324838876724,-1.19153426680896E-07,0,0,0,0,0,38
2,3598,721.36966,0.315574616193771,-9.15496869424715E-08,0,0,0,0,0,38
2,3599,721.58966,0.317630469799042,-7.06376468428971E-08,0,0,0,0,0,38
2,3600,721.80966,0.320112973451614,-4.43340937295034E-08,0,0,0,0,0,38
2,3601,722.02966,0.32209125161171,-3.08767376111518E-08,0,0,0,0,0,38
2,3602,722.24966,0.32455438375473,-6.01193406168932E-08,0,0,0,0,0,38
2,3603,722.46966,0.326629608869553,9.50312628589245E-09,0,0,0,0,0,38
2,3604,722.68966,0.328607857227325,1.97837213278262E-09,0,0,0,0,0,38
2,3605,722.90966,0.330915838479996,2.03133918574849E-08,0,0,0,0,0,38
2,3606,723.12966,0.333553522825241,1.21891483573222E-08,0,0,0,0,0,38
2,3607,723.34966,0.335492998361588,5.61309079216699E-08,0,0,0,0,0,38
2,3608,723.56966,0.337529450654984,9.62966666406828E-08,0,0,0,0,0,38
2,3609,723.78966,0.339779227972031,1.13950449076583E-07,0,0,0,0,0,38
2,3610,724.00966,0.341951429843903,1.06382877618216E-07,0,0,0,0,0,38
2,3611,724.22966,0.344104260206223,1.1578395486822E-07,0,0,0,0,0,38
2,3612,724.44966,0.346237659454346,1.44454318729004E-07,0,0,0,0,0,38
2,3613,724.66966,0.348642617464066,1.23608444368983E-07,0,0,0,0,0,38
2,3614,724.88966,0.350737243890762,1.49690109196854E-07,0,0,0,0,0,38
2,3615,725.10966,0.352928847074509,1.61714922342071E-07,0,0,0,0,0,38
2,3616,725.32966,0.355275601148605,2.40769622905646E-07,0,0,0,0,0,38
2,3617,725.54966,0.357389628887177,1.6952775183654E-07,0,0,0,0,0,38
2,3618,725.76966,0.359387278556824,2.34015629985151E-07,0,0,0,0,0,38
2,3619,725.98966,0.361850410699844,2.88576899265536E-07,0,0,0,0,0,38
2,3620,726.20966,0.363809287548065,2.47243320927737E-07,0,0,0,0,0,38
2,3621,726.42966,0.366311192512512,2.78934464859049E-07,0,0,0,0,0,38
2,3622,726.64966,0.368502795696259,2.7640805910778E-07,0,0,0,0,0,38
2,3623,726.86966,0.370442271232605,3.19952761174136E-07,0,0,0,0,0,38
2,3624,727.08966,0.372575700283051,3.46918085369907E-07,0,0,0,0,0,38
2,3625,727.30966,0.375038832426071,3.4464858345018E-07,0,0,0,0,0,38
2,3626,727.52966,0.377191632986069,3.51153431665807E-07,0,0,0,0,0,38
2,3627,727.74966,0.379422038793564,4.21889239987649E-07,0,0,0,0,0,38
2,3628,727.96966,0.381497263908386,4.20740860818114E-07,0,0,0,0,0,38
2,3629,728.18966,0.383727639913559,4.29083115704998E-07,0,0,0,0,0,38
2,3630,728.40966,0.38609379529953,4.41384315763571E-07,0,0,0,0,0,38
2,3631,728.62966,0.388188421726227,4.42914171117081E-07,0,0,0,0,0,38
2,3632,728.84966,0.390496402978897,4.5587324848384E-07,0,0,0,0,0,38
2,3633,729.06966,0.392649233341217,4.47207924025861E-07,0,0,0,0,0,38
2,3634,729.28966,0.394802033901215,5.0517149929874E-07,0,0,0,0,0,38
2,3635,729.50966,0.396896660327911,5.09729943587445E-07,0,0,0,0,0,38
2,3636,729.72966,0.399068862199783,5.14296175424533E-07,0,0,0,0,0,38
2,3637,729.94966,0.401454418897629,4.96587915677082E-07,0,0,0,0,0,38
2,3638,730.16966,0.403646022081375,5.17667331223493E-07,0,0,0,0,0,38
2,3639,730.38966,0.405721247196198,5.1350593821553E-07,0,0,0,0,0,38
2,3640,730.60966,0.408087402582169,4.6097281369839E-07,0,0,0,0,0,38
2,3641,730.82966,0.41010445356369,5.09733808939927E-07,0,0,0,0,0,38
2,3642,731.04966,0.412199079990387,5.26768644704134E-07,0,0,0,0,0,38
2,3643,731.26966,0.414332509040833,5.26075723428221E-07,0,0,0,0,0,38
2,3644,731.48966,0.416815042495728,4.86268106669741E-07,0,0,0,0,0,38
2,3645,731.70966,0.419006645679474,4.55234840046614E-07,0,0,0,0,0,38
2,3646,731.92966,0.421217650175095,4.67497102363268E-07,0,0,0,0,0,38
2,3647,732.14966,0.422982543706894,4.43206118916351E-07,0,0,0,0,0,38
2,3648,732.36966,0.42552325129509,4.46468277459644E-07,0,0,0,0,0,38
2,3649,732.58966,0.427540302276611,4.35412772503696E-07,0,0,0,0,0,38
2,3650,732.80966,0.430042237043381,4.50890496495049E-07,0,0,0,0,0,38
2,3651,733.02966,0.432350218296051,4.08412404340197E-07,0,0,0,0,0,38
2,3652,733.24966,0.434173315763474,3.89435086844969E-07,0,0,0,0,0,38
2,3653,733.46966,0.436461895704269,3.64019086873668E-07,0,0,0,0,0,38
2,3654,733.68966,0.438595294952393,4.25957182415004E-07,0,0,0,0,0,38
2,3655,733.90966,0.441058427095413,4.0806594370224E-07,0,0,0,0,0,38
2,3656,734.12966,0.443017303943634,3.22171644029368E-07,0,0,0,0,0,38
2,3657,734.34966,0.44546103477478,3.29100799945081E-07,0,0,0,0,0,38
2,3658,734.56966,0.447749614715576,3.07106574837235E-07,0,0,0,0,0,38
2,3659,734.78966,0.449902415275574,3.37980253561909E-07,0,0,0,0,0,38
2,3660,735.00966,0.45193886756897,2.20180666588021E-07,0,0,0,0,0,38
2,3661,735.22966,0.45440199971199,3.12447468786559E-07,0,0,0,0,0,38
2,3662,735.44966,0.456225097179413,3.02688249576022E-07,0,0,0,0,0,38
2,3663,735.66966,0.458455502986908,3.22198900448711E-07,0,0,0,0,0,38
2,3664,735.88966,0.46087983250618,3.12922395551141E-07,0,0,0,0,0,38
2,3665,736.10966,0.463032633066177,2.96179507586203E-07,0,0,0,0,0,38
2,3666,736.32966,0.465030312538147,2.49364887849879E-07,0,0,0,0,0,38
2,3667,736.54966,0.46766796708107,2.90772447897325E-07,0,0,0,0,0,38
2,3668,736.76966,0.469607442617416,2.69743622993701E-07,0,0,0,0,0,38
2,3669,736.98966,0.471992999315262,2.5436710870963E-07,0,0,0,0,0,38
2,3670,737.20966,0.473971277475357,2.80826384368993E-07,0,0,0,0,0,38
2,3671,737.42966,0.476162880659103,2.86307425767518E-07,0,0,0,0,0,38
2,3672,737.64966,0.478315681219101,2.53051354093259E-07,0,0,0,0,0,38
2,3673,737.86966,0.480487883090973,2.72990206440227E-07,0,0,0,0,0,38
2,3674,738.08966,0.482640713453293,2.56663867048701E-07,0,0,0,0,0,38
2,3675,738.30966,0.485006868839264,2.40185698885398E-07,0,0,0,0,0,38
2,3676,738.52966,0.487295418977737,2.65547186018011E-07,0,0,0,0,0,38
2,3677,738.74966,0.489564627408981,2.41688297819564E-07,0,0,0,0,0,38
2,3678,738.96966,0.491639852523804,2.70191293338939E-07,0,0,0,0,0,38
2,3679,739.18966,0.493850857019424,2.27382315642899E-07,0,0,0,0,0,38
2,3680,739.40966,0.495887279510498,2.6221107418678E-07,0,0,0,0,0,38
2,3681,739.62966,0.498137086629868,2.50085037123426E-07,0,0,0,0,0,38
2,3682,739.84966,0.500251114368439,2.08658022415875E-07,0,0,0,0,0,38
2,3683,740.06966,0.502520263195038,2.68392824409602E-07,0,0,0,0,0,38
2,3684,740.28966,0.504614889621735,2.92134927804E-07,0,0,0,0,0,38
2,3685,740.50966,0.507078051567078,2.90636194222316E-07,0,0,0,0,0,38
2,3686,740.72966,0.509211480617523,3.06242355918585E-07,0,0,0,0,0,38
2,3687,740.94966,0.511441826820374,2.31177793352799E-07,0,0,0,0,0,38
2,3688,741.16966,0.513342559337616,2.77116555480461E-07,0,0,0,0,0,38
2,3689,741.38966,0.515611708164215,2.38908853589237E-07,0,0,0,0,0,38
2,3690,741.60966,0.517822742462158,2.2935596177831E-07,0,0,0,0,0,38
2,3691,741.82966,0.520072519779205,2.78455672741984E-07,0,0,0,0,0,38
2,3692,742.04966,0.522244691848755,3.41958667604558E-07,0,0,0,0,0,38
2,3693,742.26966,0.524707853794098,2.39788619182946E-07,0,0,0,0,0,38
2,3694,742.48966,0.526666700839996,2.2890439765888E-07,0,0,0,0,0,38
2,3695,742.70966,0.529226779937744,2.75053366749489E-07,0,0,0,0,0,38
2,3696,742.92966,0.531282663345337,2.13671938809057E-07,0,0,0,0,0,38
2,3697,743.14966,0.533338487148285,2.42447413256741E-07,0,0,0,0,0,38
2,3698,743.36966,0.535530090332031,1.32701998722951E-07,0,0,0,0,0,38
2,3699,743.58966,0.53764408826828,2.83103645415395E-07,0,0,0,0,0,38
2,3700,743.80966,0.540184795856476,2.61331308593071E-07,0,0,0,0,0,38
2,3701,744.02966,0.542066097259521,2.5179787144225E-07,0,0,0,0,0,38
2,3702,744.24966,0.544335305690765,2.78366144357278E-07,0,0,0,0,0,38
2,3703,744.46966,0.546468734741211,2.48718691864269E-07,0,0,0,0,0,38
2,3704,744.68966,0.548951208591461,2.57964046568304E-07,0,0,0,0,0,38
2,3705,744.90966,0.550968289375305,2.73854396937168E-07,0,0,0,0,0,38
2,3706,745.12966,0.552927136421204,2.49271465690981E-07,0,0,0,0,0,38
2,3707,745.34966,0.555235147476196,2.93906140313993E-07,0,0,0,0,0,38
2,3708,745.56966,0.557504296302795,2.70012208147818E-07,0,0,0,0,0,38
2,3709,745.78966,0.55967652797699,2.6489709625821E-07,0,0,0,0,0,38
2,3710,746.00966,0.562139630317688,2.88779347101809E-07,0,0,0,0,0,38
2,3711,746.22966,0.564040303230286,2.71966399623125E-07,0,0,0,0,0,38
2,3712,746.44966,0.566251337528229,2.54958820278262E-07,0,0,0,0,0,38
2,3713,746.66966,0.568695068359375,2.95708503017522E-07,0,0,0,0,0,38
2,3714,746.88966,0.570673286914825,2.82566446685451E-07,0,0,0,0,0,38
2,3715,747.10966,0.572787344455719,2.80071162706008E-07,0,0,0,0,0,38
2,3716,747.32966,0.575328052043915,2.58326082303029E-07,0,0,0,0,0,38
2,3717,747.54966,0.577616631984711,2.872922948427E-07,0,0,0,0,0,38
2,3718,747.76966,0.579730629920959,2.64383260173418E-07,0,0,0,0,0,38
2,3719,747.98966,0.581825256347656,3.14580717031276E-07,0,0,0,0,0,38
2,3720,748.20966,0.583919882774353,3.08418435679414E-07,0,0,0,0,0,38
2,3721,748.42966,0.586150288581848,2.99924380442462E-07,0,0,0,0,0,38
2,3722,748.64966,0.588574647903442,3.06795129745296E-07,0,0,0,0,0,38
2,3723,748.86966,0.590494692325592,3.01574914374214E-07,0,0,0,0,0,38
2,3724,749.08966,0.592783272266388,2.68058045094222E-07,0,0,0,0,0,38
2,3725,749.30966,0.594722747802734,2.47508012307662E-07,0,0,0,0,0,38
2,3726,749.52966,0.597147107124329,2.81429748838491E-07,0,0,0,0,0,38
2,3727,749.74966,0.599493861198425,3.25188551641986E-07,0,0,0,0,0,38
2,3728,749.96966,0.601220011711121,3.27489203755249E-07,0,0,0,0,0,38
2,3729,750.18966,0.603566765785217,3.01905799915403E-07,0,0,0,0,0,38
2,3730,750.40966,0.606010496616364,3.20645682450049E-07,0,0,0,0,0,38
2,3731,750.62966,0.608163297176361,2.88183741758985E-07,0,0,0,0,0,38
2,3732,750.84966,0.610277354717255,2.54616253414497E-07,0,0,0,0,0,38
2,3733,751.06966,0.612527132034302,3.00111224760258E-07,0,0,0,0,0,38
2,3734,751.28966,0.614641129970551,2.93656995609126E-07,0,0,0,0,0,38
2,3735,751.50966,0.617007315158844,2.81573790061884E-07,0,0,0,0,0,38
2,3736,751.72966,0.619004964828491,2.88576899265536E-07,0,0,0,0,0,38
2,3737,751.94966,0.621429264545441,3.3037375146705E-07,0,0,0,0,0,38
2,3738,752.16966,0.623737275600433,2.85450994397252E-07,0,0,0,0,0,38
2,3739,752.38966,0.625812470912933,2.70086189857466E-07,0,0,0,0,0,38
2,3740,752.60966,0.627945899963379,2.76384696462628E-07,0,0,0,0,0,38
2,3741,752.82966,0.630176305770874,3.16114466158979E-07,0,0,0,0,0,38
2,3742,753.04966,0.632329106330872,3.0168391162988E-07,0,0,0,0,0,38
2,3743,753.26966,0.634462535381317,3.01835740401657E-07,0,0,0,0,0,38
2,3744,753.48966,0.636867463588715,3.03186538985756E-07,0,0,0,0,0,38
2,3745,753.70966,0.638806939125061,3.01290754123329E-07,0,0,0,0,0,38
2,3746,753.92966,0.641095519065857,2.76229002338368E-07,0,0,0,0,0,38
2,3747,754.14966,0.643500447273254,3.07760558371228E-07,0,0,0,0,0,38
2,3748,754.36966,0.645595133304596,2.99258715585893E-07,0,0,0,0,0,38
2,3749,754.58966,0.647689759731293,3.06219021695142E-07,0,0,0,0,0,38
2,3750,754.80966,0.64984256029129,3.21630551525232E-07,0,0,0,0,0,38
2,3751,755.02966,0.652150511741638,2.6901565775006E-07,0,0,0,0,0,38
2,3752,755.24966,0.654322743415833,3.28326137832846E-07,0,0,0,0,0,38
2,3753,755.46966,0.656397938728333,3.37232819447308E-07,0,0,0,0,0,38
2,3754,755.68966,0.658570170402527,2.82340664625735E-07,0,0,0,0,0,38
2,3755,755.90966,0.660839378833771,3.2113615588969E-07,0,0,0,0,0,38
2,3756,756.12966,0.663186132907867,3.31782928242319E-07,0,0,0,0,0,38
2,3757,756.34966,0.665280759334564,2.88405630044508E-07,0,0,0,0,0,38
2,3758,756.56966,0.66756933927536,3.25309230220228E-07,0,0,0,0,0,38
2,3759,756.78966,0.669528186321259,3.52122725644222E-07,0,0,0,0,0,38
2,3760,757.00966,0.671991288661957,3.06363034496826E-07,0,0,0,0,0,38
2,3761,757.22966,0.674415647983551,3.46365311543195E-07,0,0,0,0,0,38
2,3762,757.44966,0.676393926143646,3.35465500711507E-07,0,0,0,0,0,38
2,3763,757.66966,0.678566098213196,3.34675263502504E-07,0,0,0,0,0,38
2,3764,757.88966,0.681029260158539,3.10940947656491E-07,0,0,0,0,0,38
2,3765,758.10966,0.682852327823639,3.19536241022433E-07,0,0,0,0,0,38
2,3766,758.32966,0.685179710388184,3.26142298945342E-07,0,0,0,0,0,38
2,3767,758.54966,0.687332510948181,3.5508125506567E-07,0,0,0,0,0,38
2,3768,758.76966,0.689679265022278,3.25749113017082E-07,0,0,0,0,0,38
2,3769,758.98966,0.69192910194397,3.23682058933628E-07,0,0,0,0,0,38
2,3770,759.20966,0.694043099880219,3.52796178049175E-07,0,0,0,0,0,38
2,3771,759.42966,0.696021378040314,3.3202039162461E-07,0,0,0,0,0,38
2,3772,759.64966,0.697902679443359,3.35613435709092E-07,0,0,0,0,0,38
2,3773,759.86966,0.700559735298157,3.26204570910704E-07,0,0,0,0,0,38
2,3774,760.08966,0.702518582344055,3.43317253737041E-07,0,0,0,0,0,38
2,3775,760.30966,0.705117464065552,3.40779166663197E-07,0,0,0,0,0,38
2,3776,760.52966,0.707173347473145,3.4358976108706E-07,0,0,0,0,0,38
2,3777,760.74966,0.709345519542694,3.58911762532443E-07,0,0,0,0,0,38
2,3778,760.96966,0.711517751216888,3.37108275516584E-07,0,0,0,0,0,38
2,3779,761.18966,0.713554203510284,3.46575518506143E-07,0,0,0,0,0,38
2,3780,761.40966,0.71568763256073,3.49070802485585E-07,0,0,0,0,0,38
2,3781,761.62966,0.718053758144379,3.70185261999723E-07,0,0,0,0,0,38
2,3782,761.84966,0.720284163951874,3.67191717032256E-07,0,0,0,0,0,38
2,3783,762.06966,0.72257274389267,3.63326165597755E-07,0,0,0,0,0,38
2,3784,762.28966,0.724938869476318,3.44543479968706E-07,0,0,0,0,0,38
2,3785,762.50966,0.726994752883911,3.48175461795108E-07,0,0,0,0,0,38
2,3786,762.72966,0.72926390171051,3.60694656365013E-07,0,0,0,0,0,38
2,3787,762.94966,0.731242179870605,3.55092936388246E-07,0,0,0,0,0,38
2,3788,763.16966,0.73356956243515,3.51274110244049E-07,0,0,0,0,0,38
2,3789,763.38966,0.735974490642548,3.82260679998581E-07,0,0,0,0,0,38
2,3790,763.60966,0.737913966178894,3.930047682843E-07,0,0,0,0,0,38
2,3791,763.82966,0.740435242652893,3.84031892508574E-07,0,0,0,0,0,38
2,3792,764.04966,0.742103219032288,3.69593550431091E-07,0,0,0,0,0,38
2,3793,764.26966,0.744294822216034,3.9594772260898E-07,0,0,0,0,0,38
2,3794,764.48966,0.746680378913879,3.4925764680338E-07,0,0,0,0,0,38
2,3795,764.70966,0.748930156230927,3.09504514461878E-07,0,0,0,0,0,38
2,3796,764.92966,0.750927805900574,3.16585499149369E-07,0,0,0,0,0,38
2,3797,765.14966,0.753546118736267,3.25418227475893E-07,0,0,0,0,0,38
2,3798,765.36966,0.755640745162964,3.31638887018926E-07,0,0,0,0,0,38
2,3799,765.58966,0.757502615451813,3.80567314550717E-07,0,0,0,0,0,38
2,3800,765.80966,0.760198473930359,5.97243626998534E-07,0,0,0,0,0,38
2,3801,766.02966,0.762215554714203,6.22095171820547E-07,0,0,0,0,0,38
2,3802,766.24966,0.76421320438385,1.3151469602235E-07,0,0,0,0,0,38
2,3803,766.46966,0.766113877296448,1.38829236107085E-07,0,0,0,0,0,38
2,3804,766.68966,0.768712759017944,8.14426016404468E-07,0,0,0,0,0,38
2,3805,766.90966,0.77109831571579,-9.96104517980712E-07,0,0,0,0,0,38
2,3806,767.12966,0.772998988628387,8.90997114311176E-07,0,0,0,0,0,38
2,3807,767.34966,0.774977266788483,-3.54628014065383E-07,0,0,0,0,0,38
2,3808,767.56966,0.777673125267029,1.01935779639462E-06,0,0,0,0,0,38
2,3809,767.78966,0.779787123203278,2.6209428938273E-07,0,0,0,0,0,38
2,3810,768.00966,0.781804203987122,2.78393372354913E-07,0,0,0,0,0,38
2,3812,768.44966,0.787098944187164,1.04739365269779E-06,0,0,0,0,0,38
2,3814,768.88966,0.791113674640656,1.00233467037469E-06,0,0,0,0,0,38
2,3815,769.10966,0.793576776981354,1.20107688417193E-06,0,0,0,0,0,38
2,3818,769.76966,0.799647331237793,-4.04097022510541E-07,0,0,0,0,0,38
2,3819,769.98966,0.80174195766449,9.83143991106772E-07,0,0,0,0,0,38
2,3820,770.20966,0.804379642009735,2.84663519778405E-06,0,0,0,0,0,38
2,3821,770.42966,0.80595064163208,5.17047510584234E-07,0,0,0,0,0,38
2,3822,770.64966,0.808200418949127,3.09150038901862E-07,0,0,0,0,0,38
2,3823,770.86966,0.810896277427673,-5.1617649887703E-07,0,0,0,0,0,38
2,3824,771.08966,0.812350869178772,-1.62976405704285E-07,0,0,0,0,0,38
2,3825,771.30966,0.815318286418915,1.37509141495684E-06,0,0,0,0,0,38
2,3826,771.52966,0.818188667297363,3.83885526389349E-06,0,0,0,0,0,38
2,3827,771.74966,0.818983852863312,-5.66280596103752E-06,0,0,0,0,0,38
2,3828,771.96966,0.820981502532959,3.44901877724624E-07,0,0,0,0,0,38
2,3829,772.18966,0.823813140392303,1.83624729288567E-06,0,0,0,0,0,38
2,3830,772.40966,0.8266641497612,3.24647999150329E-06,0,0,0,0,0,38
2,3831,772.62966,0.828642427921295,3.19186005981464E-06,0,0,0,0,0,38
2,3832,772.84966,0.83081465959549,2.31101921599475E-06,0,0,0,0,0,38
2,3834,773.28966,0.834131121635437,6.24497545231861E-07,0,0,0,0,0,38
2,3835,773.50966,0.836982131004334,2.17092951970699E-06,0,0,0,0,0,38
2,3836,773.72966,0.839309513568878,2.81251732303645E-06,0,0,0,0,0,38
2,3837,773.94966,0.840802907943726,-9.83950667432509E-06,0,0,0,0,0,38
2,3838,774.16966,0.842276930809021,3.11562018850964E-07,0,0,0,0,0,38
2,3839,774.38966,0.847843170166016,1.97413519344991E-05,0,0,0,0,0,38
2,3840,774.60966,0.845030963420868,-3.19006261406685E-07,0,0,0,0,0,38
2,3841,774.82966,0.85001540184021,-8.18688988601934E-07,0,0,0,0,0,38
2,3842,775.04966,0.84986025094986,-3.75228523807891E-06,0,0,0,0,0,38
2,3843,775.26966,0.851741552352905,-1.94783206097782E-06,0,0,0,0,0,38
2,3844,775.48966,0.856512665748596,-5.03181695421517E-07,0,0,0,0,0,38
2,3845,775.70966,0.858568489551544,-2.02828076112382E-07,0,0,0,0,0,38
2,3846,775.92966,0.860585510730743,-1.20841048101283E-06,0,0,0,0,0,38
2,3847,776.14966,0.862874090671539,-3.77289637754075E-07,0,0,0,0,0,38
2,3848,776.36966,0.865220844745636,-2.68356088781729E-05,0,0,0,0,0,38
2,3849,776.58966,0.867470681667328,1.80561687557201E-06,0,0,0,0,0,38
2,3850,776.80966,0.869681656360626,-7.52555069993832E-06,0,0,0,0,0,38
2,3851,777.02966,0.874724268913269,4.73917607450858E-05,0,0,0,0,0,38
2,3852,777.24966,0.871039271354675,-4.717458068626E-06,0,0,0,0,0,38
2,3853,777.46966,0.876586139202118,-2.28199019147723E-06,0,0,0,0,0,38
2,3854,777.68966,0.875247955322266,-1.68322571880708E-06,0,0,0,0,0,38
2,3855,777.90966,0.877633512020111,-7.71905160945607E-06,0,0,0,0,0,38
2,3856,778.12966,0.893653512001038,2.91560590994777E-05,0,0,0,0,0,38
2,3857,778.34966,0.882423996925354,-8.48023228172679E-06,0,0,0,0,0,38
2,3858,778.56966,0.8848677277565,-4.97351629746845E-06,0,0,0,0,0,38
2,3859,778.78966,0.885701656341553,-6.42284703644691E-07,0,0,0,0,0,38
2,3860,779.00966,0.89712518453598,7.04498306731693E-05,0,0,0,0,0,38
2,3861,779.22966,0.89342075586319,-4.05458149543847E-06,0,0,0,0,0,38
2,3862,779.44966,0.895457208156586,2.50616551511484E-07,0,0,0,0,0,38
2,3863,779.66966,0.895496010780334,-1.00733113868046E-05,0,0,0,0,0,38
2,3864,779.88966,0.911283314228058,6.94209302309901E-05,0,0,0,0,0,38
2,3865,780.10966,0.89838582277298,-7.30640522306203E-06,0,0,0,0,0,38
2,3866,780.32966,0.904184877872467,-2.44790339820611E-06,0,0,0,0,0,38
2,3867,780.54966,0.90309876203537,-5.70089287066367E-06,0,0,0,0,0,38
2,3868,780.76966,0.906551003456116,-1.13497171696508E-05,0,0,0,0,0,38
2,3869,780.98966,0.911710023880005,2.07177754418808E-06,0,0,0,0,0,38
2,3870,781.20966,0.909188687801361,-3.71498390450142E-06,0,0,0,0,0,38
2,3871,781.42966,0.916015625,3.7860856991756E-06,0,0,0,0,0,38
2,3872,781.64966,0.927400350570679,7.45339348213747E-05,0,0,0,0,0,38
2,3873,781.86966,0.933063566684723,7.60085094952956E-05,0,0,0,0,0,38
2,3874,782.08966,0.922066748142242,-3.2996162190102E-05,0,0,0,0,0,38
2,3875,782.30966,0.924626886844635,2.44284842665365E-06,0,0,0,0,0,38
2,3876,782.52966,0.92660516500473,3.14924272970529E-06,0,0,0,0,0,38
2,3877,782.74966,0.926042675971985,-1.04618666227907E-05,0,0,0,0,0,38
2,3878,782.96966,0.931318044662476,-1.14546446638997E-06,0,0,0,0,0,38
2,3879,783.18966,0.943653106689453,8.12792641227134E-05,0,0,0,0,0,38
2,3880,783.40966,0.932850241661072,-1.28837355077849E-05,0,0,0,0,0,38
2,3881,783.62966,0.937970459461212,3.90886953027803E-06,0,0,0,0,0,38
2,3882,783.84966,0.940317213535309,2.66277106675261E-06,0,0,0,0,0,38
2,3883,784.06966,0.942625164985657,2.8100334930059E-06,0,0,0,0,0,38
2,3884,784.28966,0.944390118122101,3.93995378544787E-06,0,0,0,0,0,38
2,3885,784.50966,0.9466592669487,1.52741085912567E-06,0,0,0,0,0,38
2,3886,784.72966,0.948986649513245,4.60593855677871E-06,0,0,0,0,0,38
2,3887,784.94966,0.951158821582794,2.59283092418627E-06,0,0,0,0,0,38
2,3888,785.16966,0.953408658504486,4.56125462733326E-06,0,0,0,0,0,38
2,3889,785.38966,0.955231726169586,2.76962373391143E-06,0,0,0,0,0,38
2,3890,785.60966,0.954494714736938,-1.2786984370905E-05,0,0,0,0,0,38
2,3891,785.82966,0.954494714736938,-1.04366108644172E-05,0,0,0,0,0,38
2,3892,786.04966,0.964735150337219,7.69810649217106E-05,0,0,0,0,0,38
2,3893,786.26966,0.964463651180267,4.09459926231648E-06,0,0,0,0,0,38
2,3894,786.48966,0.963998138904572,-1.35427253553644E-05,0,0,0,0,0,38
2,3895,786.70966,0.968478322029114,-2.09159770747647E-06,0,0,0,0,0,38
2,3896,786.92966,0.970999658107758,2.6989066554961E-06,0,0,0,0,0,38
2,3897,787.14966,0.969215333461761,1.43975448736455E-05,0,0,0,0,0,38
2,3898,787.36966,0.975615561008453,3.31515616380784E-06,0,0,0,0,0,38
2,3899,787.58966,0.973520934581757,-1.12572406578693E-05,0,0,0,0,0,38
2,3900,787.80966,0.976352572441101,-9.39528126764344E-06,0,0,0,0,0,38
2,3901,788.02966,0.981821894645691,2.78244624496438E-06,0,0,0,0,0,38
2,3902,788.24966,0.979223012924194,-1.11068693513516E-05,0,0,0,0,0,38
2,3903,788.46966,0.986418426036835,4.47499542133301E-06,0,0,0,0,0,38
2,3904,788.68966,0.992896258831024,8.79080253071152E-05,0,0,0,0,0,38
2,3905,788.90966,0.990859806537628,4.02193927584449E-06,0,0,0,0,0,38
2,3906,789.12966,0.99295449256897,1.74577928646613E-06,0,0,0,0,0,38
2,3907,789.34966,0.993846595287323,4.71963176096324E-05,0,0,0,0,0,38
2,3908,789.56966,0.996872186660767,3.18225261253247E-07,0,0,0,0,0,38
2,3909,789.78966,0.999723196029663,-1.28328347273055E-05,0,0,0,0,0,38
2,3910,790.00966,1.00098383426666,1.12564418941474E-06,0,0,0,0,0,38
2,3911,790.22966,1.00399005413055,2.9642901608895E-06,0,0,0,0,0,38
2,3912,790.44966,1.00639498233795,3.65669666280155E-06,0,0,0,0,0,38
2,3913,790.66966,1.00286519527435,-7.63900879974244E-06,0,0,0,0,0,38
2,3914,790.88966,1.01064240932465,1.98862653633114E-06,0,0,0,0,0,38
2,3915,791.10966,1.00837326049805,-1.27481289382558E-05,0,0,0,0,0,38
2,3916,791.32966,1.01475417613983,3.16517366627522E-06,0,0,0,0,0,38
2,3917,791.54966,1.01739180088043,2.43624299400835E-06,0,0,0,0,0,38
2,3918,791.76966,1.01849734783173,-3.38043741976435E-06,0,0,0,0,0,38
2,3919,791.98966,1.02148413658142,3.26464396493975E-06,0,0,0,0,0,38
2,3920,792.20966,1.02286112308502,-9.45892461459152E-05,0,0,0,0,0,38
2,3921,792.42966,1.02152287960052,-1.05302524389117E-05,0,0,0,0,0,38
2,3922,792.64966,1.02798128128052,4.61681793240132E-06,0,0,0,0,0,38
2,3923,792.86966,1.02681767940521,-1.46450583997648E-05,0,0,0,0,0,38
2,3924,793.08966,1.03269422054291,1.28339786442666E-06,0,0,0,0,0,38
2,3925,793.30966,1.0347888469696,-1.07427931652637E-05,0,0,0,0,0,38
2,3926,793.52966,1.0336058139801,2.02853298105765E-05,0,0,0,0,0,38
2,3927,793.74966,1.03913331031799,3.36683410750993E-06,0,0,0,0,0,38
2,3928,793.96966,1.04149949550629,2.23535948862263E-06,0,0,0,0,0,38
2,3929,794.18966,1.03926908969879,-1.186921599583E-05,0,0,0,0,0,38
2,3930,794.40966,1.04473841190338,-9.75617003859952E-05,0,0,0,0,0,38
2,3931,794.62966,1.04442799091339,-1.67770649568411E-05,0,0,0,0,0,38
2,3932,794.84966,1.04980039596558,3.62600076186936E-06,0,0,0,0,0,38
2,3933,795.06966,1.05137133598328,-6.57599593978375E-05,0,0,0,0,0,38
2,3934,795.28966,1.05007195472717,-1.36728922370821E-05,0,0,0,0,0,38
2,3935,795.50966,1.05623936653137,-3.56313466909342E-05,0,0,0,0,0,38
2,3936,795.72966,1.05404782295227,-1.09168659037095E-05,0,0,0,0,0,38
2,3937,795.94966,1.06097173690796,1.66962229286582E-06,0,0,0,0,0,38
2,3938,796.16966,1.07187151908875,0.00010108628339367,0,0,0,0,0,38
2,3939,796.38966,1.06370639801025,-8.73395947564859E-06,0,0,0,0,0,38
2,3940,796.60966,1.06791508197784,1.91208118849318E-06,0,0,0,0,0,38
2,3941,796.82966,1.08065736293793,9.34313502511941E-05,0,0,0,0,0,38
2,3942,797.04966,1.07165825366974,1.42988335483096E-06,0,0,0,0,0,38
2,3943,797.26966,1.07435405254364,-5.94840275880415E-06,0,0,0,0,0,38
2,3944,797.48966,1.07218182086945,-1.56976566358935E-05,0,0,0,0,0,38
2,3945,797.70966,1.07854330539703,-6.50209449304384E-06,0,0,0,0,0,38
2,3946,797.92966,1.08021128177643,-7.23492860288388E-07,0,0,0,0,0,38
2,3947,798.14966,1.08279073238373,2.38417646869493E-06,0,0,0,0,0,38
2,3948,798.36966,1.0985780954361,9.63552301982418E-05,0,0,0,0,0,38
2,3949,798.58966,1.08732914924622,3.00392298413499E-06,0,0,0,0,0,38
2,3950,798.80966,1.08955955505371,-2.41856578213628E-05,0,0,0,0,0,38
2,3951,799.02966,1.08794975280762,-1.31522274386953E-05,0,0,0,0,0,38
2,3952,799.24966,1.0941948890686,1.50448613567278E-06,0,0,0,0,0,38
2,3953,799.46966,1.10111880302429,9.59554090513848E-05,0,0,0,0,0,38
2,3954,799.68966,1.09859752655029,4.1664820855658E-06,0,0,0,0,0,38
2,3955,799.90966,1.09968364238739,-7.97984830569476E-05,0,0,0,0,0,38
2,3956,800.12966,1.0975114107132,-1.10338205558946E-05,0,0,0,0,0,38
2,3957,800.34966,1.10524988174438,-8.71921145062515E-07,0,0,0,0,0,38
2,3958,800.56966,1.10484254360199,-1.16112150863046E-05,0,0,0,0,0,38
2,3959,800.78966,1.11004030704498,4.78972560813418E-06,0,0,0,0,0,38
2,3960,801.00966,1.11157250404358,-1.94977496903448E-06,0,0,0,0,0,38
2,3961,801.22966,1.10945856571198,-1.45234407682437E-05,0,0,0,0,0,38
2,3962,801.44966,1.11628544330597,-3.48690173268551E-06,0,0,0,0,0,38
2,3963,801.66966,1.11541271209717,-1.14833801490022E-05,0,0,0,0,0,38
2,3964,801.88966,1.12035834789276,2.98993495562172E-06,0,0,0,0,0,38
2,3965,802.10966,1.11810851097107,-1.34284900923376E-05,0,0,0,0,0,38
2,3966,802.32966,1.12499368190765,2.63479500972608E-06,0,0,0,0,0,38
2,3967,802.54966,1.12677800655365,-2.02468672796385E-05,0,0,0,0,0,38
2,3968,802.76966,1.12474155426025,-1.5369714674307E-05,0,0,0,0,0,38
2,3969,802.98966,1.13147151470184,3.25609562423779E-06,0,0,0,0,0,38
2,3970,803.20966,1.12827134132385,-9.08404763322324E-06,0,0,0,0,0,38
2,3971,803.42966,1.13566076755524,4.18785248257336E-06,0,0,0,0,0,38
2,3972,803.64966,1.15119600296021,8.91568488441408E-05,0,0,0,0,0,38
2,3973,803.86966,1.14023792743683,2.28898034038139E-06,0,0,0,0,0,38
2,3974,804.08966,1.15152561664581,9.22750041354448E-05,0,0,0,0,0,38
2,3975,804.30966,1.14407813549042,-7.04065030276979E-07,0,0,0,0,0,38
2,3976,804.52966,1.14673519134521,3.97181565858773E-06,0,0,0,0,0,38
2,3977,804.74966,1.14912068843842,2.52522227128793E-06,0,0,0,0,0,38
2,3978,804.96966,1.14609515666962,-9.50252251641359E-06,0,0,0,0,0,38
2,3979,805.18966,1.1530966758728,3.05054959426343E-06,0,0,0,0,0,38
2,3980,805.40966,1.15509426593781,-4.81851966469549E-05,0,0,0,0,0,38
2,3981,805.62966,1.15387237071991,-6.72434862281079E-06,0,0,0,0,0,38
2,3982,805.84966,1.1598459482193,4.13345469496562E-06,0,0,0,0,0,38
2,3983,806.06966,1.1619987487793,-3.30847506120335E-05,0,0,0,0,0,38
2,3984,806.28966,1.16426801681519,2.59244234257494E-06,0,0,0,0,0,38
2,3985,806.50966,1.16692507266998,1.04210471363331E-06,0,0,0,0,0,38
2,3986,806.72966,1.16898095607758,-8.75649584486382E-06,0,0,0,0,0,38
2,3987,806.94966,1.16758453845978,-1.66581667144783E-05,0,0,0,0,0,38
2,3988,807.16966,1.17311203479767,4.34949151895125E-06,0,0,0,0,0,38
2,3989,807.38966,1.17080402374268,7.32310900275479E-06,0,0,0,0,0,38
2,3990,807.60966,1.17745637893677,2.38728489421192E-06,0,0,0,0,0,38
2,3991,807.82966,1.18998539447784,9.4888819148764E-05,0,0,0,0,0,38
2,3992,808.04966,1.18156802654266,1.39102780849498E-06,0,0,0,0,0,38
2,3993,808.26966,1.18145167827606,-7.84338953963015E-06,0,0,0,0,0,38
2,3994,808.48966,1.18639731407166,-2.80677195405588E-05,0,0,0,0,0,38
2,3995,808.70966,1.18802654743195,-5.54624739379506E-06,0,0,0,0,0,38
2,3996,808.92966,1.19062542915344,3.73907050743583E-06,0,0,0,0,0,38
2,3997,809.14966,1.19219636917114,-6.66299383738078E-05,0,0,0,0,0,38
2,3998,809.36966,1.19208002090454,-1.12957077362807E-05,0,0,0,0,0,38
2,3999,809.58966,1.20914733409882,9.24918203963898E-05,0,0,0,0,0,38
2,4000,809.80966,1.19945001602173,2.72804822998296E-06,0,0,0,0,0,38
2,4001,810.02966,1.19869363307953,1.65718859079789E-06,0,0,0,0,0,38
2,4002,810.24966,1.19696748256683,6.62946113152429E-05,0,0,0,0,0,38
2,4003,810.46966,1.19266188144684,-6.98118401487591E-06,0,0,0,0,0,38
2,4004,810.68966,1.19219636917114,1.7811378256738E-06,0,0,0,0,0,38
2,4005,810.90966,1.19782090187073,9.48340384638868E-05,0,0,0,0,0,38
2,4006,811.12966,1.18754160404205,3.34585206474003E-06,0,0,0,0,0,38
2,4007,811.34966,1.18022978305817,-1.77181641447532E-06,0,0,0,0,0,38
2,4008,811.56966,1.18339121341705,5.1491397243808E-06,0,0,0,0,0,38
2,4009,811.78966,1.19652140140533,9.86247832770459E-05,0,0,0,0,0,38
2,4010,812.00966,1.17367446422577,-9.24724099604646E-06,0,0,0,0,0,38
2,4011,812.22966,1.17427563667297,-1.37261240524822E-05,0,0,0,0,0,38
2,4012,812.44966,1.17489624023438,2.63518359133741E-06,0,0,0,0,0,38
2,4013,812.66966,1.17922127246857,9.83764984994195E-05,0,0,0,0,0,38
2,4014,812.88966,1.16748750209808,-1.13850755951717E-05,0,0,0,0,0,38
2,4015,813.10966,1.16797232627869,2.0608979411918E-06,0,0,0,0,0,38
2,4016,813.32966,1.16558682918549,-1.72856834979029E-05,0,0,0,0,0,38
2,4017,813.54966,1.1581974029541,-1.11022063720156E-05,0,0,0,0,0,38
2,4018,813.76966,1.15585064888,-1.08368230939959E-05,0,0,0,0,0,38
2,4019,813.98966,1.153853058815,-3.18071965921263E-06,0,0,0,0,0,38
2,4020,814.20966,1.15152561664581,-1.0037952051789E-05,0,0,0,0,0,38
2,4021,814.42966,1.14935350418091,-4.00756653107237E-06,0,0,0,0,0,38
2,4022,814.64966,1.15179717540741,-2.36514119933418E-06,0,0,0,0,0,38
2,4023,814.86966,1.15049779415131,3.13020359499205E-06,0,0,0,0,0,38
2,4024,815.08966,1.14824795722961,1.00985459994263E-06,0,0,0,0,0,38
2,4025,815.30966,1.14533877372742,-2.83016288449289E-05,0,0,0,0,0,38
2,4026,815.52966,1.15647125244141,8.75260811881162E-05,0,0,0,0,0,38
2,4027,815.74966,1.14147925376892,-1.51556225347349E-08,0,0,0,0,0,38
2,4028,815.96966,1.13922941684723,1.0922284445769E-06,0,0,0,0,0,38
2,4029,816.18966,1.13705718517303,-1.30010960219806E-06,0,0,0,0,0,38
2,4030,816.40966,1.13482677936554,-1.09965194496908E-05,0,0,0,0,0,38
2,4031,816.62966,1.13463282585144,7.61328410590068E-05,0,0,0,0,0,38
2,4032,816.84966,1.12772834300995,-1.06518709799275E-05,0,0,0,0,0,38
2,4033,817.06966,1.12549793720245,-1.75945860974025E-05,0,0,0,0,0,38
2,4034,817.28966,1.12619614601135,-4.54629756063696E-08,0,0,0,0,0,38
2,4035,817.50966,1.12287962436676,-5.58626879865187E-06,0,0,0,0,0,38
2,4036,817.72966,1.12177419662476,9.98586415335012E-07,0,0,0,0,0,38
2,4037,817.94966,1.11954379081726,-6.82420750308665E-06,0,0,0,0,0,38
2,4038,818.16966,1.11723577976227,-1.80833885679021E-05,0,0,0,0,0,38
2,4039,818.38966,1.11550962924957,1.96764472093491E-06,0,0,0,0,0,38
2,4040,818.60966,1.11316287517548,-1.82234614953813E-07,0,0,0,0,0,38
2,4041,818.82966,1.11108767986298,9.11549989268678E-07,0,0,0,0,0,38
2,4042,819.04966,1.10866332054138,-6.46246189717203E-06,0,0,0,0,0,38
2,4043,819.26966,1.10641360282898,-7.12883502274053E-06,0,0,0,0,0,38
2,4044,819.48966,1.10532748699188,-0.000105828228697646,0,0,0,0,0,38
2,4045,819.70966,1.1008278131485,-6.28100460744463E-05,0,0,0,0,0,38
2,4046,819.92966,1.10364007949829,9.1834386694245E-05,0,0,0,0,0,38
2,4047,820.14966,1.10594809055328,9.86034137895331E-05,0,0,0,0,0,38
2,4048,820.36966,1.10656869411469,9.06551140360534E-05,0,0,0,0,0,38
2,4049,820.58966,1.10420250892639,1.38356926981942E-05,0,0,0,0,0,38
2,4050,820.80966,1.09097540378571,9.27480755308352E-07,0,0,0,0,0,38
2,4051,821.02966,1.08853161334991,-4.39087521897363E-08,0,0,0,0,0,38
2,4052,821.24966,1.08688306808472,4.17306978306442E-07,0,0,0,0,0,38
2,4053,821.46966,1.09392333030701,8.9744346041698E-05,0,0,0,0,0,38
2,4054,821.68966,1.0954749584198,4.33748718933202E-05,0,0,0,0,0,38
2,4055,821.90966,1.07491648197174,-1.12995930976467E-05,0,0,0,0,0,38
2,4056,822.12966,1.08818256855011,9.14341726456769E-05,0,0,0,0,0,38
2,4057,822.34966,1.08765888214111,8.72307718964294E-05,0,0,0,0,0,38
2,4058,822.56966,1.08758127689362,8.87356509338133E-05,0,0,0,0,0,38
2,4059,822.78966,1.07132852077484,-4.07595234719338E-06,0,0,0,0,0,38
2,4060,823.00966,1.06907868385315,-3.7919180613244E-06,0,0,0,0,0,38
2,4061,823.22966,1.06686770915985,2.21457341353926E-08,0,0,0,0,0,38
2,4062,823.44966,1.06454038619995,1.60860153641806E-07,0,0,0,0,0,38
2,4063,823.66966,1.05666613578796,-1.58499697135994E-05,0,0,0,0,0,38
2,4064,823.88966,1.05490124225616,-1.02186313597485E-05,0,0,0,0,0,38
2,4065,824.10966,1.05827581882477,2.37794210988795E-07,0,0,0,0,0,38
2,4066,824.32966,1.05561876296997,6.13527674886427E-07,0,0,0,0,0,38
2,4067,824.54966,1.05371809005737,-8.90960393462592E-07,0,0,0,0,0,38
2,4068,824.76966,1.04658091068268,-1.74558717844775E-05,0,0,0,0,0,38
2,4069,824.98966,1.04828763008118,-5.47611125512049E-05,0,0,0,0,0,38
2,4070,825.20966,1.05011069774628,-9.429005876882E-05,0,0,0,0,0,38
2,4071,825.42966,1.04481589794159,-6.89299952227884E-07,0,0,0,0,0,38
2,4072,825.64966,1.04231405258179,1.29505451695877E-06,0,0,0,0,0,38
2,4073,825.86966,1.04045212268829,8.56763620049605E-07,0,0,0,0,0,38
2,4074,826.08966,1.03409063816071,1.2745405001624E-05,0,0,0,0,0,38
2,4075,826.30966,1.0357973575592,-2.20427909880527E-06,0,0,0,0,0,38
2,4076,826.52966,1.04652261734009,8.79247381817549E-05,0,0,0,0,0,38
2,4077,826.74966,1.03153049945831,-6.69483597448561E-07,0,0,0,0,0,38
2,4078,826.96966,1.02912557125092,-4.76602735943743E-06,0,0,0,0,0,38
2,4079,827.18966,1.02706980705261,4.21969645003628E-07,0,0,0,0,0,38
2,4080,827.40966,1.02524662017822,4.3906609903388E-07,0,0,0,0,0,38
2,4081,827.62966,1.01762449741364,-1.26498243844253E-05,0,0,0,0,0,38
2,4082,827.84966,1.02706980705261,9.24424748518504E-05,0,0,0,0,0,38
2,4083,828.06966,1.01857483386993,1.5619748694462E-07,0,0,0,0,0,38
2,4084,828.28966,1.01436626911163,-1.36080034280894E-05,0,0,0,0,0,38
2,4085,828.50966,1.00920724868774,-1.08508111225092E-05,0,0,0,0,0,38
2,4086,828.72966,1.01244616508484,-0.000113098882138729,0,0,0,0,0,38
2,4087,828.94966,1.00837326049805,-6.13999800407328E-05,0,0,0,0,0,38
2,4088,829.16966,1.00687992572784,-2.50276589213172E-05,0,0,0,0,0,38
2,4089,829.38966,1.00532829761505,-1.42601919606022E-07,0,0,0,0,0,38
2,4090,829.60966,1.00335001945496,8.98339067134657E-07,0,0,0,0,0,38
2,4091,829.82966,1.00080931186676,1.58841419306555E-06,0,0,0,0,0,38
2,4092,830.04966,0.998385012149811,-8.42390932120907E-07,0,0,0,0,0,38
2,4093,830.26966,0.995805501937866,1.06619518192019E-06,0,0,0,0,0,38
2,4094,830.48966,0.993342339992523,-3.44182922162872E-06,0,0,0,0,0,38
2,4095,830.70966,0.997609198093414,8.68021961650811E-05,0,0,0,0,0,38
2,4096,830.92966,0.984323799610138,-1.29210366139887E-05,0,0,0,0,0,38
2,4097,831.14966,0.987194240093231,-1.60730014613364E-05,0,0,0,0,0,38
2,4098,831.36966,0.984905660152435,-2.711109482334E-05,0,0,0,0,0,38
2,4099,831.58966,0.982888579368591,5.75043124229069E-08,0,0,0,0,0,38
2,4100,831.80966,0.980910360813141,-1.14237352022428E-07,0,0,0,0,0,38
2,4101,832.02966,0.979106664657593,1.10777068584866E-06,0,0,0,0,0,38
2,4102,832.24966,0.975945293903351,-2.31346325563209E-06,0,0,0,0,0,38
2,4103,832.46966,0.974238574504852,-2.33638797908498E-06,0,0,0,0,0,38
2,4104,832.68966,0.972357273101807,-2.7432233196123E-07,0,0,0,0,0,38
2,4105,832.90966,0.970068693161011,8.03531463589025E-07,0,0,0,0,0,38
2,4106,833.12966,0.967896461486816,3.23276481140056E-07,0,0,0,0,0,38
2,4107,833.34966,0.965355753898621,4.59659560192449E-07,0,0,0,0,0,38
2,4108,833.56966,0.96337753534317,-4.30910318982569E-07,0,0,0,0,0,38
2,4109,833.78966,0.959033131599426,3.59456826117821E-05,0,0,0,0,0,38
2,4110,834.00966,0.95856761932373,5.17571861564647E-05,0,0,0,0,0,38
2,4111,834.22966,0.954436540603638,-1.38640616569319E-05,0,0,0,0,0,38
2,4112,834.44966,0.951895833015442,-1.3771973499388E-05,0,0,0,0,0,38
2,4113,834.66966,0.952109217643738,-4.70502391181071E-06,0,0,0,0,0,38
2,4114,834.88966,0.949956357479095,-7.86514829087537E-06,0,0,0,0,0,38
2,4115,835.10966,0.942993700504303,-8.52880202728556E-06,0,0,0,0,0,38
2,4116,835.32966,0.942411839962006,-1.15731363621308E-05,0,0,0,0,0,38
2,4117,835.54966,0.942082107067108,-1.00115303212078E-05,0,0,0,0,0,38
2,4118,835.76966,0.941480875015259,-2.69657925855427E-06,0,0,0,0,0,38
2,4119,835.98966,0.935119450092316,-1.46539950947044E-05,0,0,0,0,0,38
2,4120,836.20966,0.936690390110016,-4.1808797845988E-07,0,0,0,0,0,38
2,4121,836.42966,0.931318044662476,-1.61577063408913E-05,0,0,0,0,0,38
2,4122,836.64966,0.932462334632874,-2.32006868827739E-06,0,0,0,0,0,38
2,4123,836.86966,0.92827308177948,-1.40723277581856E-05,0,0,0,0,0,38
2,4124,837.08966,0.923676550388336,1.3731543049289E-06,0,0,0,0,0,38
2,4125,837.30966,0.925926327705383,6.09642086146778E-07,0,0,0,0,0,38
2,4126,837.52966,0.923928678035736,2.34297203860478E-07,0,0,0,0,0,38
2,4127,837.74966,0.921698272228241,-4.38681439618449E-07,0,0,0,0,0,38
2,4128,837.96966,0.919370889663696,-5.09398603298905E-07,0,0,0,0,0,38
2,4129,838.18966,0.9168301820755,-2.44273396674544E-05,0,0,0,0,0,38
2,4130,838.40966,0.92047643661499,7.58616297389381E-05,0,0,0,0,0,38
2,4131,838.62966,0.911225140094757,3.22221530950628E-05,0,0,0,0,0,38
2,4132,838.84966,0.907307386398315,-1.54206154547865E-05,0,0,0,0,0,38
2,4133,839.06966,0.908025026321411,-3.44400323228911E-05,0,0,0,0,0,38
2,4134,839.28966,0.906085550785065,-6.80363143601426E-07,0,0,0,0,0,38
2,4135,839.50966,0.900267124176025,-4.95564245284186E-06,0,0,0,0,0,38
2,4136,839.72966,0.898191869258881,-1.15004768304061E-05,0,0,0,0,0,38
2,4137,839.94966,0.899568915367126,-3.43600095220609E-06,0,0,0,0,0,38
2,4138,840.16966,0.893188059329987,-8.83109805727145E-06,0,0,0,0,0,38
2,4139,840.38966,0.895127534866333,-1.72363547790155E-06,0,0,0,0,0,38
2,4140,840.60966,0.889444887638092,-7.16341673978604E-06,0,0,0,0,0,38
2,4141,840.82966,0.888882398605347,2.11778442462673E-05,0,0,0,0,0,38
2,4142,841.04966,0.888533294200897,-6.81915616951301E-06,0,0,0,0,0,38
2,4143,841.26966,0.895185708999634,6.35381948086433E-05,0,0,0,0,0,38
2,4144,841.48966,0.882714927196503,-1.1533892575244E-05,0,0,0,0,0,38
2,4145,841.70966,0.881842136383057,-9.78772277449025E-06,0,0,0,0,0,38
2,4146,841.92966,0.878855347633362,-3.80668302568665E-06,0,0,0,0,0,38
2,4147,842.14966,0.873987257480621,-6.71426391818386E-07,0,0,0,0,0,38
2,4148,842.36966,0.875306129455566,-3.6574776913767E-06,0,0,0,0,0,38
2,4149,842.58966,0.871756911277771,-9.51845322560985E-06,0,0,0,0,0,38
2,4150,842.80966,0.87245512008667,4.94425585202407E-05,0,0,0,0,0,38
2,4151,843.02966,0.865123867988586,-1.34440506371902E-06,0,0,0,0,0,38
2,4152,843.24966,0.866714239120483,-1.77881042873196E-06,0,0,0,0,0,38
2,4153,843.46966,0.86101222038269,-7.35808316676412E-06,0,0,0,0,0,38
2,4154,843.68966,0.862331032752991,-4.16533765701388E-07,0,0,0,0,0,38
2,4155,843.90966,0.859344244003296,-4.80818380310666E-05,0,0,0,0,0,38
2,4156,844.12966,0.855426549911499,-6.62138154439162E-06,0,0,0,0,0,38
2,4157,844.34966,0.858374536037445,-6.60991718177684E-05,0,0,0,0,0,38
2,4158,844.56966,0.853254318237305,-1.87828072739649E-06,0,0,0,0,0,38
2,4159,844.78966,0.858587861061096,2.96829421131406E-05,0,0,0,0,0,38
2,4160,845.00966,0.846737682819366,1.96609039448958E-06,0,0,0,0,0,38
2,4161,845.22966,0.847649276256561,1.86518427653937E-05,0,0,0,0,0,38
2,4162,845.44966,0.844022452831268,-3.31818919221405E-05,0,0,0,0,0,38
2,4163,845.66966,0.842257499694824,-7.84649819252081E-06,0,0,0,0,0,38
2,4164,845.88966,0.837680339813232,-5.48019306734204E-06,0,0,0,0,0,38
2,4165,846.10966,0.840977489948273,1.40649408422178E-05,0,0,0,0,0,38
2,4166,846.32966,0.835818469524384,1.01840282695775E-06,0,0,0,0,0,38
2,4167,846.54966,0.834519028663635,8.82060339790769E-06,0,0,0,0,0,38
2,4168,846.76966,0.835488736629486,1.26350560094579E-05,0,0,0,0,0,38
2,4169,846.98966,0.829224288463593,-7.35149512820499E-07,0,0,0,0,0,38
2,4170,847.20966,0.825810790061951,-7.66543053032365E-06,0,0,0,0,0,38
2,4171,847.42966,0.824395000934601,8.18686839920701E-06,0,0,0,0,0,38
2,4172,847.64966,0.820806980133057,-4.54960172646679E-06,0,0,0,0,0,38
2,4173,847.86966,0.819972991943359,-2.77934168479987E-06,0,0,0,0,0,38
2,4174,848.08966,0.818479597568512,-3.39632752002217E-05,0,0,0,0,0,38
2,4175,848.30966,0.815667390823364,-2.88619435195869E-06,0,0,0,0,0,38
2,4176,848.52966,0.81374728679657,-7.417549454658E-07,0,0,0,0,0,38
2,4177,848.74966,0.811633288860321,5.39198708793265E-06,0,0,0,0,0,38
2,4178,848.96966,0.809131324291229,4.9734950380298E-07,0,0,0,0,0,38
2,4179,849.18966,0.810857474803925,1.89836682693567E-05,0,0,0,0,0,38
2,4180,849.40966,0.804961502552032,8.52878031309956E-07,0,0,0,0,0,38
2,4181,849.62966,0.802750468254089,-9.44210043485327E-08,0,0,0,0,0,38
2,4182,849.84966,0.800810992717743,5.66123844691901E-07,0,0,0,0,0,38
2,4183,850.06966,0.798444867134094,-6.06149001214362E-07,0,0,0,0,0,38
2,4184,850.28966,0.796059310436249,2.33055828857687E-07,0,0,0,0,0,38
2,4185,850.50966,0.794003486633301,6.17378304923477E-07,0,0,0,0,0,38
2,4186,850.72966,0.791734278202057,5.59101636099513E-07,0,0,0,0,0,38
2,4187,850.94966,0.789406895637512,-1.35044075477708E-07,0,0,0,0,0,38
2,4188,851.16966,0.787700176239014,3.6965195704397E-07,0,0,0,0,0,38
2,4189,851.38966,0.785178899765015,-1.91555589168502E-08,0,0,0,0,0,38
2,4190,851.60966,0.783045470714569,5.39898756812818E-08,0,0,0,0,0,38
2,4191,851.82966,0.781086564064026,1.13117394562323E-07,0,0,0,0,0,38
2,4192,852.04966,0.778701066970825,1.1471343697167E-07,0,0,0,0,0,38
2,4193,852.26966,0.776664614677429,2.61759254271965E-08,0,0,0,0,0,38
2,4194,852.48966,0.774317860603333,-1.10858158208771E-08,0,0,0,0,0,38
2,4195,852.70966,0.772087454795837,-2.76496177065155E-08,0,0,0,0,0,38
2,4196,852.92966,0.769895851612091,-5.63005180254095E-08,0,0,0,0,0,38
2,4197,853.14966,0.767859399318695,-4.58289264315681E-08,0,0,0,0,0,38
2,4198,853.36966,0.765396237373352,-3.92501178225757E-08,0,0,0,0,0,38
2,4199,853.58966,0.763301610946655,-3.63655630053472E-08,0,0,0,0,0,38
2,4200,853.80966,0.761129438877106,-7.4382757730973E-09,0,0,0,0,0,38
2,4201,854.02966,0.758899033069611,-1.81862560566515E-08,0,0,0,0,0,38
2,4202,854.24966,0.756901383399963,-2.22970371055453E-08,0,0,0,0,0,38
2,4203,854.46966,0.754418849945068,-3.18346127237135E-09,0,0,0,0,0,38
2,4204,854.68966,0.752324223518372,-3.01996427864992E-09,0,0,0,0,0,38
2,4205,854.90966,0.749996840953827,-1.78865118272142E-08,0,0,0,0,0,38
2,4206,855.12966,0.748115599155426,-5.70987879200402E-09,0,0,0,0,0,38
2,4207,855.34966,0.745613634586334,-9.5715222414583E-09,0,0,0,0,0,38
2,4208,855.56966,0.743674159049988,-8.30247426364394E-09,0,0,0,0,0,38
2,4209,855.78966,0.741405010223389,-2.53100527203287E-08,0,0,0,0,0,38
2,4210,856.00966,0.739019453525543,-1.50331000980941E-08,0,0,0,0,0,38
2,4211,856.22966,0.736983001232147,-2.2624030648899E-08,0,0,0,0,0,38
2,4212,856.44966,0.73488837480545,-4.53423254498375E-08,0,0,0,0,0,38
2,4213,856.66966,0.732871353626251,-3.3928678533357E-08,0,0,0,0,0,38
2,4214,856.88966,0.730078458786011,-1.10352091908794E-08,0,0,0,0,0,38
2,4215,857.10966,0.727983832359314,-3.41544605930721E-08,0,0,0,0,0,38
2,4216,857.32966,0.725908637046814,-1.94202698367008E-08,0,0,0,0,0,38
2,4217,857.54966,0.723872184753418,-3.33720109324531E-08,0,0,0,0,0,38
2,4218,857.76966,0.721331477165222,-8.4776496933614E-09,0,0,0,0,0,38
2,4219,857.98966,0.719333827495575,-1.12687761344432E-08,0,0,0,0,0,38
2,4220,858.20966,0.717181026935577,-2.67270277021225E-08,0,0,0,0,0,38
2,4221,858.42966,0.714911818504334,-1.54574131272511E-08,0,0,0,0,0,38
2,4222,858.64966,0.712875366210938,-2.09501340719953E-08,0,0,0,0,0,38
2,4223,858.86966,0.710664391517639,-4.20256718314249E-08,0,0,0,0,0,38
2,4224,859.08966,0.708356380462646,-2.2635710195118E-08,0,0,0,0,0,38
2,4225,859.30966,0.705970883369446,-5.16642089110064E-08,0,0,0,0,0,38
2,4226,859.52966,0.70393443107605,-2.22152891637961E-08,0,0,0,0,0,38
2,4227,859.74966,0.701471269130707,-2.85722077109085E-08,0,0,0,0,0,38
2,4228,859.96966,0.69962877035141,-2.54930139220733E-08,0,0,0,0,0,38
2,4229,860.18966,0.697534143924713,-2.93235142834192E-08,0,0,0,0,0,38
2,4230,860.40966,0.695051610469818,-5.51755015010258E-08,0,0,0,0,0,38
2,4231,860.62966,0.692860007286072,-2.16819771026167E-08,0,0,0,0,0,38
2,4232,860.84966,0.690765380859375,-1.40599034637034E-08,0,0,0,0,0,38
2,4233,861.06966,0.688438057899475,-2.95492963431343E-08,0,0,0,0,0,38
2,4234,861.28966,0.68636280298233,-2.4835133061174E-08,0,0,0,0,0,38
2,4235,861.50966,0.684074223041534,-6.42184403432111E-08,0,0,0,0,0,38
2,4236,861.72966,0.681960225105286,-5.67481883706478E-08,0,0,0,0,0,38
2,4237,861.94966,0.679884970188141,-3.44931336826448E-08,0,0,0,0,0,38
2,4238,862.16966,0.677557587623596,-3.64823478093967E-08,0,0,0,0,0,38
2,4239,862.38966,0.675404787063599,-2.9529832801245E-08,0,0,0,0,0,38
2,4240,862.60966,0.672883450984955,-9.18611107181277E-08,0,0,0,0,0,38
2,4241,862.82966,0.670750021934509,-1.96616216641132E-08,0,0,0,0,0,38
2,4242,863.04966,0.669004499912262,-5.22014147463779E-08,0,0,0,0,0,38
2,4243,863.26966,0.666560769081116,-1.77658350253296E-08,0,0,0,0,0,38
2,4244,863.48966,0.664155840873718,-4.66658747200199E-08,0,0,0,0,0,38
2,4245,863.70966,0.66210001707077,-1.96071230362804E-08,0,0,0,0,0,38
2,4246,863.92966,0.659714460372925,-1.92660891684682E-07,0,0,0,0,0,38
2,4247,864.14966,0.657930135726929,-4.51905073362013E-08,0,0,0,0,0,38
2,4248,864.36966,0.655602753162384,-1.95059097762851E-08,0,0,0,0,0,38
2,4249,864.58966,0.653372406959534,-3.69144466105809E-08,0,0,0,0,0,38
2,4250,864.80966,0.651083827018738,-3.35082575020351E-08,0,0,0,0,0,38
2,4251,865.02966,0.649008572101593,-3.4372458657117E-08,0,0,0,0,0,38
2,4252,865.24966,0.646778166294098,-3.12076231523406E-08,0,0,0,0,0,38
2,4253,865.46966,0.644605994224548,-4.07138038838184E-08,0,0,0,0,0,38
2,4254,865.68966,0.642394959926605,-3.74750079856767E-08,0,0,0,0,0,38
2,4255,865.90966,0.640203356742859,-4.72497916348402E-08,0,0,0,0,0,38
2,4256,866.12966,0.637992382049561,-1.53639874156397E-08,0,0,0,0,0,38
2,4257,866.34966,0.635820150375366,-5.43229816685198E-08,0,0,0,0,0,38
2,4258,866.56966,0.633454024791718,-6.2392729205385E-08,0,0,0,0,0,38
2,4259,866.78966,0.631436944007874,-2.99152169702666E-08,0,0,0,0,0,38
2,4260,867.00966,0.629167795181274,-3.9830140963204E-08,0,0,0,0,0,38
2,4261,867.22966,0.627111911773682,-4.41355645364183E-08,0,0,0,0,0,38
2,4262,867.44966,0.624745786190033,-1.2109618197087E-08,0,0,0,0,0,38
2,4263,867.66966,0.622476577758789,-3.18304671509395E-08,0,0,0,0,0,38
2,4264,867.88966,0.620478928089142,-7.47289661262585E-08,0,0,0,0,0,38
2,4265,868.10966,0.618035197257996,-1.46593928107563E-08,0,0,0,0,0,38
2,4266,868.32966,0.615824222564697,-5.0792227312968E-08,0,0,0,0,0,38
2,4267,868.54966,0.613710165023804,-7.35767002879584E-08,0,0,0,0,0,38
2,4268,868.76966,0.611460387706757,-6.34087413686757E-08,0,0,0,0,0,38
2,4269,868.98966,0.60926878452301,-1.04403667933184E-07,0,0,0,0,0,38
2,4270,869.20966,0.607057809829712,-5.75773526634293E-08,0,0,0,0,0,38
2,4271,869.42966,0.604866206645966,-8.53095514230517E-08,0,0,0,0,0,38
2,4272,869.64966,0.602616429328918,-1.12843476784974E-08,0,0,0,0,0,38
2,4273,869.86966,0.600424826145172,-8.14128782167245E-08,0,0,0,0,0,38
2,4274,870.08966,0.598407745361328,-5.20106695489631E-08,0,0,0,0,0,38
2,4275,870.30966,0.596022188663483,-7.99024775233192E-08,0,0,0,0,0,38
2,4276,870.52966,0.594024538993835,-7.28487492551722E-08,0,0,0,0,0,38
2,4277,870.74966,0.591658413410187,-4.89275819859358E-08,0,0,0,0,0,38
2,4278,870.96966,0.589621961116791,-7.15174124366058E-08,0,0,0,0,0,38
2,4279,871.18966,0.587391555309296,-6.06370775813048E-08,0,0,0,0,0,38
2,4280,871.40966,0.585316300392151,-7.72865220710628E-08,0,0,0,0,0,38
2,4281,871.62966,0.582853198051453,-1.58389070747944E-08,0,0,0,0,0,38
2,4282,871.84966,0.580564618110657,-8.46905976459311E-08,0,0,0,0,0,38
2,4283,872.06966,0.578838467597961,-7.8150719673431E-08,0,0,0,0,0,38
2,4284,872.28966,0.576433539390564,-7.11748526782685E-08,0,0,0,0,0,38
2,4285,872.50966,0.574338912963867,-6.01115530685092E-08,0,0,0,0,0,38
2,4286,872.72966,0.572050333023071,-4.60041000849287E-08,0,0,0,0,0,38
2,4287,872.94966,0.569936335086823,-4.76390695780538E-08,0,0,0,0,0,38
2,4288,873.16966,0.567511975765228,-1.23684628761112E-07,0,0,0,0,0,38
2,4289,873.38966,0.56530100107193,-8.05876041454212E-08,0,0,0,0,0,38
2,4290,873.60966,0.563186943531036,-7.27319644511226E-08,0,0,0,0,0,38
2,4291,873.82966,0.560956537723541,-1.27931656379587E-07,0,0,0,0,0,38
2,4292,874.04966,0.558706760406494,1.3367130691222E-07,0,0,0,0,0,38
2,4293,874.26966,0.556456983089447,-9.39593221005453E-08,0,0,0,0,0,38
2,4294,874.48966,0.554323554039001,-8.85133175643205E-08,0,0,0,0,0,38
2,4295,874.70966,0.552209556102753,-8.01632893399074E-08,0,0,0,0,0,38
2,4296,874.92966,0.550153732299805,-5.37896696073403E-08,0,0,0,0,0,38
2,4297,875.14966,0.547593593597412,-6.87496424234268E-08,0,0,0,0,0,38
2,4298,875.36966,0.545498967170715,-7.45460013718002E-08,0,0,0,0,0,38
2,4299,875.58966,0.543540120124817,-7.76835875626603E-08,0,0,0,0,0,38
2,4300,875.80966,0.540960609912872,-6.15402058201653E-08,0,0,0,0,0,38
2,4301,876.02966,0.538827180862427,-8.07394258117711E-08,0,0,0,0,0,38
2,4302,876.24966,0.536693751811981,-5.30656123487461E-08,0,0,0,0,0,38
2,4303,876.46966,0.534637928009033,-1.31042000361958E-07,0,0,0,0,0,38
2,4304,876.68966,0.532504498958588,-6.56237375551427E-08,0,0,0,0,0,38
2,4305,876.90966,0.530021965503693,-1.07739779764415E-07,0,0,0,0,0,38
2,4306,877.12966,0.528179466724396,-9.33092252353163E-08,0,0,0,0,0,38
2,4307,877.34966,0.525580585002899,-7.0921821304637E-08,0,0,0,0,0,38
2,4308,877.56966,0.523796260356903,-1.19967026535051E-07,0,0,0,0,0,38
2,4309,877.78966,0.521507740020752,-8.14985199326657E-08,0,0,0,0,0,38
2,4310,878.00966,0.519296705722809,-7.74461241803692E-08,0,0,0,0,0,38
2,4311,878.22966,0.517046928405762,-1.26179912740554E-07,0,0,0,0,0,38
2,4312,878.44966,0.514603197574615,-7.64729293223354E-08,0,0,0,0,0,38
2,4313,878.66966,0.512527942657471,-8.8392638986079E-08,0,0,0,0,0,38
2,4314,878.88966,0.510142385959625,-1.05007046613537E-07,0,0,0,0,0,38
2,4315,879.10966,0.508028388023376,-8.12454885590341E-08,0,0,0,0,0,38
2,4316,879.32966,0.505701005458832,-9.64001003467274E-08,0,0,0,0,0,38
2,4317,879.54966,0.503683984279633,-7.8150719673431E-08,0,0,0,0,0,38
2,4318,879.76966,0.501395404338837,-1.22473977626214E-07,0,0,0,0,0,38
2,4319,879.98966,0.499397724866867,-8.45426768592006E-08,0,0,0,0,0,38
2,4320,880.20966,0.497225522994995,-1.22921647971452E-07,0,0,0,0,0,38
2,4321,880.42966,0.494607239961624,-9.89810189366835E-08,0,0,0,0,0,38
2,4322,880.64966,0.492745339870453,-1.18861471776199E-07,0,0,0,0,0,38
2,4323,880.86966,0.490495562553406,-8.09496327747183E-08,0,0,0,0,0,38
2,4324,881.08966,0.488323360681534,-1.01752682724054E-07,0,0,0,0,0,38
2,4325,881.30966,0.486189931631088,-6.84148631080461E-08,0,0,0,0,0,38
2,4326,881.52966,0.484114706516266,-9.3608974793824E-08,0,0,0,0,0,38
2,4327,881.74966,0.481554597616196,-1.38547292749536E-07,0,0,0,0,0,38
2,4328,881.96966,0.479459971189499,-1.4063381570395E-07,0,0,0,0,0,38
2,4329,882.18966,0.477171391248703,-1.1864737103906E-07,0,0,0,0,0,38
2,4330,882.40966,0.475173741579056,-1.47321628674035E-07,0,0,0,0,0,38
2,4331,882.62966,0.47288516163826,-1.16833327012955E-07,0,0,0,0,0,38
2,4332,882.84966,0.470771133899689,-1.46628707398122E-07,0,0,0,0,0,38
2,4333,883.06966,0.468501955270767,-9.19778955221773E-08,0,0,0,0,0,38
2,4334,883.28966,0.466193974018097,-1.24685072933062E-07,0,0,0,0,0,38
2,4335,883.50966,0.4640993475914,-1.15902956565606E-07,0,0,0,0,0,38
2,4336,883.72966,0.461849570274353,-1.40505363788179E-07,0,0,0,0,0,38
2,4337,883.94966,0.459871292114258,-1.33295912974063E-07,0,0,0,0,0,38
2,4338,884.16966,0.45746636390686,-1.42233758992916E-07,0,0,0,0,0,38
2,4339,884.38966,0.455274760723114,-1.41459096880681E-07,0,0,0,0,0,38
2,4340,884.60966,0.453141331672668,-1.13427141457123E-07,0,0,0,0,0,38
2,4341,884.82966,0.451124280691147,-1.2375080871152E-07,0,0,0,0,0,38
2,4342,885.04966,0.448738723993301,-1.50575999668945E-07,0,0,0,0,0,38
2,4343,885.26966,0.446430772542953,-1.50303492318926E-07,0,0,0,0,0,38
2,4344,885.48966,0.444471895694733,-1.59233550789395E-07,0,0,0,0,0,38
2,4345,885.70966,0.442047566175461,-1.50848492808109E-07,0,0,0,0,0,38
2,4346,885.92966,0.439875364303589,-1.39360878392836E-07,0,0,0,0,0,38
2,4347,886.14966,0.437877684831619,-1.41252769481071E-07,0,0,0,0,0,38
2,4348,886.36966,0.435666710138321,-1.8418630531869E-07,0,0,0,0,0,38
2,4349,886.58966,0.433494478464127,-1.70261813536854E-07,0,0,0,0,0,38
2,4350,886.80966,0.431167125701904,-1.03920960725645E-07,0,0,0,0,0,38
2,4351,887.02966,0.429014325141907,-2.06546459935453E-07,0,0,0,0,0,38
2,4352,887.24966,0.426706343889236,-1.72741508208674E-07,0,0,0,0,0,38
2,4353,887.46966,0.42476686835289,-1.34273008711716E-07,0,0,0,0,0,38
2,4354,887.68966,0.422575265169144,-1.68545085443839E-07,0,0,0,0,0,38
2,4355,887.90966,0.419743627309799,-1.33159673509908E-07,0,0,0,0,0,38
2,4356,888.12966,0.418036907911301,-1.53067375663341E-07,0,0,0,0,0,38
2,4357,888.34966,0.415748327970505,-1.36273897055617E-07,0,0,0,0,0,38
2,4358,888.56966,0.413537323474884,-1.43549513609287E-07,0,0,0,0,0,38
2,4359,888.78966,0.411306947469711,-1.56345095092547E-07,0,0,0,0,0,38
2,4360,889.00966,0.40919291973114,-2.13094125456337E-07,0,0,0,0,0,38
2,4361,889.22966,0.406923741102219,-1.98585709654253E-07,0,0,0,0,0,38
2,4362,889.44966,0.404790312051773,-1.14544370433123E-07,0,0,0,0,0,38
2,4363,889.66966,0.402462959289551,-1.86366264642857E-07,0,0,0,0,0,38
2,4364,889.88966,0.400717437267303,-1.65236215821096E-07,0,0,0,0,0,38
2,4365,890.10966,0.39794397354126,-1.76786116412586E-07,0,0,0,0,0,38
2,4366,890.32966,0.396062701940537,-1.85338564051563E-07,0,0,0,0,0,38
2,4367,890.54966,0.393735319375992,-1.86043166650052E-07,0,0,0,0,0,38
2,4368,890.76966,0.391582518815994,-1.97301091020563E-07,0,0,0,0,0,38
2,4369,890.98966,0.389332711696625,-1.42280470072365E-07,0,0,0,0,0,38
2,4370,891.20966,0.387102335691452,-2.02575819230333E-07,0,0,0,0,0,38
2,4371,891.42966,0.384871929883957,-1.91847306041382E-07,0,0,0,0,0,38
2,4372,891.64966,0.38302943110466,-2.04919274437998E-07,0,0,0,0,0,38
2,4373,891.86966,0.380352973937988,-1.97846091509746E-07,0,0,0,0,0,38
2,4374,892.08966,0.378141969442368,-1.90480932360515E-07,0,0,0,0,0,38
2,4375,892.30966,0.375969767570496,-2.15480397969259E-07,0,0,0,0,0,38
2,4376,892.52966,0.373913913965225,-2.0456114668832E-07,0,0,0,0,0,38
2,4377,892.74966,0.371683537960052,-2.79867066410588E-07,0,0,0,0,0,38
2,4378,892.96966,0.369647085666656,-2.12455702808256E-07,0,0,0,0,0,38
2,4379,893.18966,0.367591261863709,-2.74728591875828E-07,0,0,0,0,0,38
2,4380,893.40966,0.365069925785065,-2.50916428967685E-07,0,0,0,0,0,38
2,4381,893.62966,0.363014101982117,-2.31285113727608E-07,0,0,0,0,0,38
2,4382,893.84966,0.360880672931671,-2.47689314392119E-07,0,0,0,0,0,38
2,4383,894.06966,0.358592092990875,-2.66433062279248E-07,0,0,0,0,0,38
2,4384,894.28966,0.356575042009354,-2.27380652972897E-07,0,0,0,0,0,38
2,4385,894.50966,0.354247689247131,-2.80719604006663E-07,0,0,0,0,0,38
2,4386,894.72966,0.351997882127762,-2.47120965468639E-07,0,0,0,0,0,38
2,4387,894.94966,0.349399000406265,-3.3387559028597E-07,0,0,0,0,0,38
2,4388,895.16966,0.347498327493668,-3.14742550244773E-07,0,0,0,0,0,38
2,4389,895.38966,0.345384299755096,-3.0408799034376E-07,0,0,0,0,0,38
2,4390,895.60966,0.343367248773575,-3.43140413860965E-07,0,0,0,0,0,38
2,4391,895.82966,0.341059267520905,-3.12811721414619E-07,0,0,0,0,0,38
2,4392,896.04966,0.338731914758682,-4.18294519022311E-07,0,0,0,0,0,38
2,4393,896.26966,0.336423933506012,-3.52109395862499E-07,0,0,0,0,0,38
2,4394,896.48966,0.334426283836365,-3.80631831831124E-07,0,0,0,0,0,38
2,4395,896.70966,0.332254081964493,-3.72052113561949E-07,0,0,0,0,0,38
2,4396,896.92966,0.329907327890396,-3.67513138144204E-07,0,0,0,0,0,38
2,4397,897.14966,0.327832072973251,-3.79319942567236E-07,0,0,0,0,0,38
2,4398,897.36966,0.325601696968079,-3.67664966915981E-07,0,0,0,0,0,38
2,4399,897.58966,0.323293715715408,-3.50918185176852E-07,0,0,0,0,0,38
2,4400,897.80966,0.321296066045761,-3.98227200548718E-07,0,0,0,0,0,38
2,4401,898.02966,0.319240212440491,-4.21957622620539E-07,0,0,0,0,0,38
2,4402,898.24966,0.316505581140518,-4.56615111943393E-07,0,0,0,0,0,38
2,4403,898.46966,0.314585477113724,-4.32004924277862E-07,0,0,0,0,0,38
2,4404,898.68966,0.312355101108551,-4.59951223774624E-07,0,0,0,0,0,38
2,4405,898.90966,0.310338050127029,-4.80477865494322E-07,0,0,0,0,0,38
2,4406,899.12966,0.308030068874359,-4.86270323563076E-07,0,0,0,0,0,38
2,4407,899.34966,0.305838465690613,-4.97473763516609E-07,0,0,0,0,0,38
2,4408,899.56966,0.303646862506866,-4.90314960188698E-07,0,0,0,0,0,38
2,4409,899.78966,0.30120313167572,-5.21912681961112E-07,0,0,0,0,0,38
2,4410,900.00966,0.299302458763123,-5.52763026462344E-07,0,0,0,0,0,38
2,4411,900.22966,0.296819925308228,-5.71358839351888E-07,0,0,0,0,0,38
2,4412,900.44966,0.294958025217056,-6.0301499615889E-07,0,0,0,0,0,38
2,4413,900.66966,0.292727649211884,-5.49465823951323E-07,0,0,0,0,0,38
2,4414,900.88966,0.290555447340012,-5.73756778976531E-07,0,0,0,0,0,38
2,4415,901.10966,0.288131088018417,-5.91675302530348E-07,0,0,0,0,0,38
2,4416,901.32966,0.286094665527344,-6.45948489363946E-07,0,0,0,0,0,38
2,4417,901.54966,0.283728510141373,-6.72178089189401E-07,0,0,0,0,0,38
2,4418,901.76966,0.281459301710129,-6.83237487919541E-07,0,0,0,0,0,38
2,4419,901.98966,0.279519855976105,-6.79414768001152E-07,0,0,0,0,0,38
2,4420,902.20966,0.277153700590134,-7.32971727757104E-07,0,0,0,0,0,38
2,4421,902.42966,0.274865120649338,-7.39511619940458E-07,0,0,0,0,0,38
2,4422,902.64966,0.272770494222641,-6.97854886766436E-07,0,0,0,0,0,38
2,4423,902.86966,0.270540088415146,-7.82098652507557E-07,0,0,0,0,0,38
2,4424,903.08966,0.268290311098099,-8.24432731860725E-07,0,0,0,0,0,38
2,4425,903.30966,0.266253858804703,-8.18426144633122E-07,0,0,0,0,0,38
2,4426,903.52966,0.264101058244705,-8.3895281477453E-07,0,0,0,0,0,38
2,4427,903.74966,0.261812478303909,-9.22153276405879E-07,0,0,0,0,0,38
2,4428,903.96966,0.259271770715714,-9.53108724388585E-07,0,0,0,0,0,38
2,4429,904.18966,0.257506847381592,-9.56405870056187E-07,0,0,0,0,0,38
2,4430,904.40966,0.255218267440796,-9.66106767918973E-07,0,0,0,0,0,38
2,4431,904.62966,0.253162413835526,-9.76083924797422E-07,0,0,0,0,0,38
2,4432,904.84966,0.251087188720703,-1.07955418116035E-06,0,0,0,0,0,38
2,4433,905.06966,0.248643457889557,-1.12491295567452E-06,0,0,0,0,0,38
2,4434,905.28966,0.246296688914299,-1.10685039089731E-06,0,0,0,0,0,38
2,4435,905.50966,0.244066298007965,-1.07633877632907E-06,0,0,0,0,0,38
2,4436,905.72966,0.242107436060905,-1.16368505587161E-06,0,0,0,0,0,38
2,4437,905.94966,0.239450365304947,-1.14799718176073E-06,0,0,0,0,0,38
2,4438,906.16966,0.237452700734138,-1.19286926292261E-06,0,0,0,0,0,38
2,4439,906.38966,0.235493838787079,-1.22041853956034E-06,0,0,0,0,0,38
2,4440,906.60966,0.23334102332592,-1.31219087506906E-06,0,0,0,0,0,38
2,4441,906.82966,0.230703338980675,-1.30917010210396E-06,0,0,0,0,0,38
2,4442,907.04966,0.22876387834549,-1.37727442961477E-06,0,0,0,0,0,38
2,4443,907.26966,0.226940765976906,-1.37758581786329E-06,0,0,0,0,0,38
2,4444,907.48966,0.22430308163166,-1.45571016219037E-06,0,0,0,0,0,38
2,4446,907.92966,0.220133230090141,-1.29361342260381E-06,0,0,0,0,0,38
2,4447,908.14966,0.217941626906395,-1.87470709533955E-06,0,0,0,0,0,38
2,4448,908.36966,0.215497881174088,-1.32862612645113E-06,0,0,0,0,0,38
2,4449,908.58966,0.213286891579628,-1.61611910698412E-06,0,0,0,0,0,38
2,4450,908.80966,0.211056500673294,-1.92870447790483E-06,0,0,0,0,0,38
2,4451,909.02966,0.20898126065731,-1.78184575361229E-06,0,0,0,0,0,38
2,4452,909.24966,0.206770271062851,-2.07077800951083E-06,0,0,0,0,0,38
2,4453,909.46966,0.204520478844643,-1.64140601555118E-06,0,0,0,0,0,38
2,4454,909.68966,0.202619791030884,-2.33068885790999E-06,0,0,0,0,0,38
2,4455,909.90966,0.199962720274925,-2.01277384803689E-06,0,0,0,0,0,38
2,4456,910.12966,0.198139622807503,-2.00903900804406E-06,0,0,0,0,0,38
2,4457,910.34966,0.19561830163002,-1.89271918316081E-06,0,0,0,0,0,38
2,4458,910.56966,0.193368509411812,-2.29104671234381E-06,0,0,0,0,0,38
2,4459,910.78966,0.191157519817352,-1.78857590071857E-06,0,0,0,0,0,38
2,4460,911.00966,0.189101681113243,-2.22631206270307E-06,0,0,0,0,0,38
2,4461,911.22966,0.187123417854309,-2.31711169362825E-06,0,0,0,0,0,38
2,4462,911.44966,0.184602111577988,-2.09995528166473E-06,0,0,0,0,0,38
2,4463,911.66966,0.182352319359779,-2.58351929005585E-06,0,0,0,0,0,38
2,4464,911.88966,0.18054860830307,-2.41285192714713E-06,0,0,0,0,0,38
2,4465,912.10966,0.178240641951561,-2.28964631787676E-06,0,0,0,0,0,38
2,4466,912.32966,0.176087826490402,-2.52672089118278E-06,0,0,0,0,0,38
2,4467,912.54966,0.173993200063705,-2.50092830356152E-06,0,0,0,0,0,38
2,4468,912.76966,0.171336114406586,-2.7094092729385E-06,0,0,0,0,0,38
2,4469,912.98966,0.169474229216576,-2.74593912763521E-06,0,0,0,0,0,38
2,4470,913.20966,0.167224436998367,-2.68688449978072E-06,0,0,0,0,0,38
2,4471,913.42966,0.164994046092033,-2.6824495762412E-06,0,0,0,0,0,38
2,4472,913.64966,0.162647292017937,-3.08451171804336E-06,0,0,0,0,0,38
2,4473,913.86966,0.160319924354553,-2.96247299047536E-06,0,0,0,0,0,38
2,4474,914.08966,0.15814770758152,-2.98313057101041E-06,0,0,0,0,0,38
2,4475,914.30966,0.156266421079636,-2.93123389383254E-06,0,0,0,0,0,38
2,4476,914.52966,0.154036030173302,-3.29303156831884E-06,0,0,0,0,0,38
2,4477,914.74966,0.15201897919178,-3.05039384329575E-06,0,0,0,0,0,38
2,4478,914.96966,0.149536460638046,-3.20880667459278E-06,0,0,0,0,0,38
2,4479,915.18966,0.147267282009125,-3.39698044626857E-06,0,0,0,0,0,38
2,4480,915.40966,0.145211443305016,-3.39025018547545E-06,0,0,0,0,0,38
2,4481,915.62966,0.143407732248306,-3.25829137182154E-06,0,0,0,0,0,38
2,4482,915.84966,0.140828236937523,-3.87116870115278E-06,0,0,0,0,0,38
2,4483,916.06966,0.138442680239677,-3.69303188563208E-06,0,0,0,0,0,38
2,4484,916.28966,0.13679413497448,-3.77970786757942E-06,0,0,0,0,0,38
2,4485,916.50966,0.134040087461472,-3.70104589819675E-06,0,0,0,0,0,38
2,4486,916.72966,0.132100611925125,-3.70828183804406E-06,0,0,0,0,0,38
2,4487,916.94966,0.129773244261742,-3.9730557546136E-06,0,0,0,0,0,38
2,4488,917.16966,0.127794981002808,-3.99176769860787E-06,0,0,0,0,0,38
2,4489,917.38966,0.125467613339424,-4.02821979150758E-06,0,0,0,0,0,38
2,4490,917.60966,0.123314805328846,-3.93442496715579E-06,0,0,0,0,0,38
2,4491,917.82966,0.1211232021451,-3.96671430280549E-06,0,0,0,0,0,38
2,4492,918.04966,0.118582494556904,-4.25514099333668E-06,0,0,0,0,0,38
2,4493,918.26966,0.116584837436676,-4.26280485044117E-06,0,0,0,0,0,38
2,4494,918.48966,0.114257469773293,-4.5017468437436E-06,0,0,0,0,0,38
2,4495,918.70966,0.112395577132702,-4.51909772891668E-06,0,0,0,0,0,38
2,4496,918.92966,0.110048815608025,-4.75197066407418E-06,0,0,0,0,0,38
2,4497,919.14966,0.107643872499466,-4.85712553199846E-06,0,0,0,0,0,38
2,4498,919.36966,0.106014713644981,-4.59865441371221E-06,0,0,0,0,0,38
2,4499,919.58966,0.103687353432179,-4.81102551930235E-06,0,0,0,0,0,38
2,4500,919.80966,0.100972093641758,-4.77920275443466E-06,0,0,0,0,0,38
2,4501,920.02966,0.0987804904580116,-5.3185535762168E-06,0,0,0,0,0,38
2,4502,920.24966,0.0965306982398033,-4.90738830194459E-06,0,0,0,0,0,38
2,4503,920.46966,0.0945718362927437,-5.11365169586497E-06,0,0,0,0,0,38
2,4504,920.68966,0.0924190208315849,-5.05529715155717E-06,0,0,0,0,0,38
2,4505,920.90966,0.0904795527458191,-5.28583632330992E-06,0,0,0,0,0,38
2,4506,921.12966,0.0879194438457489,-5.13353097630898E-06,0,0,0,0,0,38
2,4507,921.34966,0.0857860296964645,-5.5825103117968E-06,0,0,0,0,0,38
2,4508,921.56966,0.083613820374012,-5.29719591213507E-06,0,0,0,0,0,38
2,4509,921.78966,0.0817325338721275,-5.57223984287702E-06,0,0,0,0,0,38
2,4510,922.00966,0.0795991122722626,-5.72376711716061E-06,0,0,0,0,0,38
2,4511,922.22966,0.0770777985453606,-5.28147938894108E-06,0,0,0,0,0,38
2,4512,922.44966,0.0749443843960762,-5.92014930589357E-06,0,0,0,0,0,38
2,4513,922.66966,0.0729467272758484,-5.84440522288787E-06,0,0,0,0,0,38
2,4514,922.88966,0.0705805718898773,-5.72905764784082E-06,0,0,0,0,0,38
2,4515,923.10966,0.0678847059607506,-6.12380608799867E-06,0,0,0,0,0,38
2,4516,923.32966,0.0662167593836784,-5.87397153140046E-06,0,0,0,0,0,38
2,4517,923.54966,0.0640445500612259,-6.32901947028586E-06,0,0,0,0,0,38
2,4518,923.76966,0.0615232400596142,-6.02156933382503E-06,0,0,0,0,0,38
2,4519,923.98966,0.0595449768006802,-6.43954263068736E-06,0,0,0,0,0,38
2,4520,924.20966,0.0574115589261055,-6.59881152387243E-06,0,0,0,0,0,38
2,4521,924.42966,0.0551035888493061,-6.57924329061643E-06,0,0,0,0,0,38
2,4522,924.64966,0.0528344064950943,-6.40316829958465E-06,0,0,0,0,0,38
2,4523,924.86966,0.0508561432361603,-6.85152508594911E-06,0,0,0,0,0,38
2,4524,925.08966,0.0482766479253769,-6.95831386110513E-06,0,0,0,0,0,38
2,4525,925.30966,0.0460656508803368,-6.99476595400483E-06,0,0,0,0,0,38
2,4526,925.52966,0.0442231521010399,-7.23005132385879E-06,0,0,0,0,0,38
2,4527,925.74966,0.0415854714810848,-6.89447415425093E-06,0,0,0,0,0,38
2,4528,925.96966,0.0398981310427189,-7.12505197952851E-06,0,0,0,0,0,38
2,4529,926.18966,0.0374543964862823,-6.96282677381532E-06,0,0,0,0,0,38
2,4530,926.40966,0.0351076349616051,-7.3692849582585E-06,0,0,0,0,0,38
2,4531,926.62966,0.0329354256391525,-7.37550953999744E-06,0,0,0,0,0,38
2,4532,926.84966,0.0308795869350433,-7.75940407038433E-06,0,0,0,0,0,38
2,4533,927.06966,0.0285328272730112,-7.66813718655612E-06,0,0,0,0,0,38
2,4534,927.28966,0.0266515389084816,-7.38255084797856E-06,0,0,0,0,0,38
2,4535,927.50966,0.0244405418634415,-7.42884549254086E-06,0,0,0,0,0,38
2,4536,927.72966,0.0218804385513067,-8.13123824627837E-06,0,0,0,0,0,38
2,4537,927.94966,0.020037941634655,-7.80538721301127E-06,0,0,0,0,0,38
2,4538,928.16966,0.017516627907753,-8.09031280368799E-06,0,0,0,0,0,38
2,4539,928.38966,0.0153832100331783,-8.45786780701019E-06,0,0,0,0,0,38
2,4540,928.60966,0.0129394754767418,-8.43378711579135E-06,0,0,0,0,0,38
2,4541,928.82966,0.0110969776287675,-7.94886091171065E-06,0,0,0,0,0,38
2,4542,929.04966,0.00890537444502115,-8.41172914078925E-06,0,0,0,0,0,38
2,4543,929.26966,0.006519824732095,-8.72481996339047E-06,0,0,0,0,0,38
2,4544,929.48966,0.00458035292103887,-8.71840074978536E-06,0,0,0,0,0,38
2,4545,929.70966,0.00244693434797227,-8.84658675204264E-06,0,0,0,0,0,38
2,4546,929.92966,0.000216541957342997,-9.15944383450551E-06,0,0,0,0,0,38
2,4547,930.14966,-0.00244053406640887,-9.01655312190996E-06,0,0,0,0,0,38
2,4548,930.36966,-0.00451576849445701,-8.77212642080849E-06,0,0,0,0,0,38
2,4549,930.58966,-0.00631947722285986,-9.16998669708846E-06,0,0,0,0,0,38
2,4550,930.80966,-0.00889897439628839,-9.2320760813891E-06,0,0,0,0,0,38
2,4551,931.02966,-0.0108190514147282,-9.44755902310135E-06,0,0,0,0,0,38
2,4552,931.24966,-0.013068838045001,-9.5522864285158E-06,0,0,0,0,0,38
2,4553,931.46966,-0.0153962038457394,-9.79959258984309E-06,0,0,0,0,0,38
2,4554,931.68966,-0.0175102278590202,-9.52614300331334E-06,0,0,0,0,0,38
2,4555,931.90966,-0.019915172830224,-9.39056644710945E-06,0,0,0,0,0,38
2,4556,932.12966,-0.0221843551844358,-9.88786359812366E-06,0,0,0,0,0,38
2,4557,932.34966,-0.0239880625158548,-1.03050197139964E-05,0,0,0,0,0,38
2,4558,932.56966,-0.0266645345836878,-1.00915594885009E-05,0,0,0,0,0,38
2,4559,932.78966,-0.0285458210855722,-9.84588677965803E-06,0,0,0,0,0,38
2,4560,933.00966,-0.0306016616523266,-1.0507159458939E-05,0,0,0,0,0,38
2,4561,933.22966,-0.0328708440065384,-1.05863273347495E-05,0,0,0,0,0,38
2,4562,933.44966,-0.0353145785629749,-1.03420943560195E-05,0,0,0,0,0,38
2,4563,933.66966,-0.0374673902988434,-1.08893427750445E-05,0,0,0,0,0,38
2,4564,933.88966,-0.0396589934825897,-1.10360842882073E-05,0,0,0,0,0,38
2,4565,934.10966,-0.041734229773283,-1.07769901660504E-05,0,0,0,0,0,38
2,4566,934.32966,-0.0439258329570293,-1.10769715320203E-05,0,0,0,0,0,38
2,4567,934.54966,-0.0460786446928978,-1.08880585685256E-05,0,0,0,0,0,38
2,4568,934.76966,-0.0480375103652477,-1.08565864138654E-05,0,0,0,0,0,38
2,4569,934.98966,-0.0505588240921497,-1.1336182069499E-05,0,0,0,0,0,38
2,4570,935.20966,-0.0528086125850677,-1.14315716928104E-05,0,0,0,0,0,38
2,4571,935.42966,-0.0548450574278831,-1.17518211482093E-05,0,0,0,0,0,38
2,4572,935.64966,-0.0570560544729233,-1.14337117338437E-05,0,0,0,0,0,38
2,4573,935.86966,-0.0593834184110165,-1.17593299364671E-05,0,0,0,0,0,38
2,4574,936.08966,-0.0617107860743999,-1.21050215966534E-05,0,0,0,0,0,38
2,4575,936.30966,-0.0639217793941498,-1.21093007692252E-05,0,0,0,0,0,38
2,4576,936.52966,-0.0660552009940147,-1.21671491797315E-05,0,0,0,0,0,38
2,4577,936.74966,-0.0676455721259117,-1.23079007607885E-05,0,0,0,0,0,38
2,4578,936.96966,-0.0705935657024384,-1.24665075418307E-05,0,0,0,0,0,38
2,4579,937.18966,-0.0723972767591476,-1.21569564726087E-05,0,0,0,0,0,38
2,4580,937.40966,-0.0751707181334496,-1.27094954223139E-05,0,0,0,0,0,38
2,4581,937.62966,-0.0771295875310898,-1.29663330881158E-05,0,0,0,0,0,38
2,4582,937.84966,-0.0791660323739052,-1.28491574287182E-05,0,0,0,0,0,38
2,4583,938.06966,-0.0814546048641205,-1.3181193935452E-05,0,0,0,0,0,38
2,4584,938.28966,-0.0837237909436226,-1.33102357722237E-05,0,0,0,0,0,38
2,4585,938.50966,-0.0859929695725441,-1.34699712361908E-05,0,0,0,0,0,38
2,4586,938.72966,-0.0877384915947914,-1.32671311803279E-05,0,0,0,0,0,38
2,4587,938.94966,-0.0903179943561554,-1.36437893161201E-05,0,0,0,0,0,38
2,4588,939.16966,-0.0923932269215584,-1.37235792863066E-05,0,0,0,0,0,38
2,4589,939.38966,-0.0945266410708427,-1.36113831104012E-05,0,0,0,0,0,38
2,4590,939.60966,-0.096931591629982,-1.40136007757974E-05,0,0,0,0,0,38
2,4591,939.82966,-0.0987740904092789,-1.41557138704229E-05,0,0,0,0,0,38
2,4592,940.04966,-0.101237215101719,-1.46365155160311E-05,0,0,0,0,0,38
2,4593,940.26966,-0.103234872221947,-1.42776352731744E-05,0,0,0,0,0,38
2,4594,940.48966,-0.10591134428978,-1.46885677168029E-05,0,0,0,0,0,38
2,4595,940.70966,-0.107656866312027,-1.49224524648162E-05,0,0,0,0,0,38
2,4596,940.92966,-0.110178180038929,-1.49200013765949E-05,0,0,0,0,0,38
2,4597,941.14966,-0.112234018743038,-1.55340458150022E-05,0,0,0,0,0,38
2,4598,941.36966,-0.11399894207716,-1.5173883184616E-05,0,0,0,0,0,38
2,4599,941.58966,-0.116520255804062,-1.40715501402156E-05,0,0,0,0,0,38
2,4600,941.80966,-0.118498511612415,-1.33437852127827E-05,0,0,0,0,0,38
2,4601,942.02966,-0.120825879275799,-1.69620161614148E-05,0,0,0,0,0,38
2,4602,942.24966,-0.122648984193802,-1.34824995257077E-05,0,0,0,0,0,38
2,4603,942.46966,-0.125752136111259,-1.95191023522057E-05,0,0,0,0,0,38
2,4604,942.68966,-0.127478271722794,-1.90738173841964E-05,0,0,0,0,0,38
2,4605,942.90966,-0.129902601242065,-1.63418826559791E-05,0,0,0,0,0,38
2,4606,943.12966,-0.132055416703224,-2.02297705982346E-05,0,0,0,0,0,38
2,4607,943.34966,-0.133936703205109,-1.6839232557686E-05,0,0,0,0,0,38
2,4608,943.56966,-0.136244684457779,-1.8743545297184E-05,0,0,0,0,0,38
2,4609,943.78966,-0.138785392045975,-2.19728317460977E-05,0,0,0,0,0,38
2,4610,944.00966,-0.140686064958572,-1.86677771125687E-05,0,0,0,0,0,38
2,4611,944.22966,-0.143013432621956,-1.87163459486328E-05,0,0,0,0,0,38
2,4612,944.44966,-0.144836530089378,-1.90407899935963E-05,0,0,0,0,0,38
2,4613,944.66966,-0.147086322307587,-1.63170134328539E-05,0,0,0,0,0,38
2,4614,944.88966,-0.149898558855057,-2.13216135307448E-05,0,0,0,0,0,38
2,4615,945.10966,-0.151663482189178,-2.2818330762675E-05,0,0,0,0,0,38
2,4616,945.32966,-0.15402963757515,-2.13188923225971E-05,0,0,0,0,0,38
2,4617,945.54966,-0.156492754817009,-2.16926837310893E-05,0,0,0,0,0,38
2,4618,945.76966,-0.158412843942642,-2.39824421441881E-05,0,0,0,0,0,38
2,4619,945.98966,-0.160138964653015,-1.874743065855E-05,0,0,0,0,0,38
2,4620,946.20966,-0.163009390234947,-2.36513933487004E-05,0,0,0,0,0,38
2,4621,946.42966,-0.164813101291656,-2.5133345843642E-05,0,0,0,0,0,38
2,4622,946.64966,-0.166946515440941,-2.11413225770229E-05,0,0,0,0,0,38
2,4623,946.86966,-0.169622987508774,-2.49305194301996E-05,0,0,0,0,0,38
2,4624,947.08966,-0.171426698565483,-2.27336240641307E-05,0,0,0,0,0,38
2,4625,947.30966,-0.17392860352993,-2.37807817029534E-05,0,0,0,0,0,38
2,4626,947.52966,-0.176178395748138,-2.60266351688188E-05,0,0,0,0,0,38
2,4627,947.74966,-0.177729979157448,-2.22145135921892E-05,0,0,0,0,0,38
2,4628,947.96966,-0.180348262190819,-2.5052913770196E-05,0,0,0,0,0,38
2,4629,948.18966,-0.182520464062691,-2.603129723866E-05,0,0,0,0,0,38
2,4630,948.40966,-0.184615105390549,-2.44180137087824E-05,0,0,0,0,0,38
2,4631,948.62966,-0.187039434909821,-3.01938962365966E-05,0,0,0,0,0,38
2,4632,948.84966,-0.189424991607666,-2.8576727345353E-05,0,0,0,0,0,38
2,4633,949.06966,-0.191674768924713,-3.13855962303933E-05,0,0,0,0,0,38
2,4634,949.28966,-0.193323329091072,-2.73275200015632E-05,0,0,0,0,0,38
2,4635,949.50966,-0.195999801158905,-3.32417293975595E-05,0,0,0,0,0,38
2,4636,949.72966,-0.197881087660789,-2.8364964236971E-05,0,0,0,0,0,38
2,4637,949.94966,-0.200150266289711,-2.86800823232625E-05,0,0,0,0,0,38
2,4638,950.16966,-0.202186718583107,-2.8651718821493E-05,0,0,0,0,0,38
2,4639,950.38966,-0.204591661691666,-3.1802905141376E-05,0,0,0,0,0,38
2,4640,950.60966,-0.206569910049438,-3.24012798955664E-05,0,0,0,0,0,38
2,4641,950.82966,-0.209226995706558,-3.52521165041253E-05,0,0,0,0,0,38
2,4642,951.04966,-0.210817366838455,-3.33987045451067E-05,0,0,0,0,0,38
2,4643,951.26966,-0.213338673114777,-3.79238263121806E-05,0,0,0,0,0,38
2,4644,951.48966,-0.215316936373711,-3.66136155207641E-05,0,0,0,0,0,38
2,4645,951.70966,-0.21752792596817,-3.45942899002694E-05,0,0,0,0,0,38
2,4646,951.92966,-0.220378950238228,-4.00538883695845E-05,0,0,0,0,0,38
2,4647,952.14966,-0.222085684537888,-3.6587971408153E-05,0,0,0,0,0,38
2,4648,952.36966,-0.224277287721634,-4.03250996896531E-05,0,0,0,0,0,38
2,4649,952.58966,-0.226410716772079,-4.04634265578352E-05,0,0,0,0,0,38
2,4650,952.80966,-0.228292003273964,-3.96940849896055E-05,0,0,0,0,0,38
2,4651,953.02966,-0.230793923139572,-4.41150732513051E-05,0,0,0,0,0,38
2,4652,953.24966,-0.233024314045906,-4.38714487245306E-05,0,0,0,0,0,38
2,4653,953.46966,-0.235371068120003,-4.45533660240471E-05,0,0,0,0,0,38
2,4654,953.68966,-0.2374656945467,-4.38189927081112E-05,0,0,0,0,0,38
2,4655,953.90966,-0.239502146840096,-4.43210083176382E-05,0,0,0,0,0,38
2,4656,954.12966,-0.242198005318642,-4.77379689982627E-05,0,0,0,0,0,38
2,4657,954.34966,-0.243924140930176,-4.72204119432718E-05,0,0,0,0,0,38
2,4658,954.56966,-0.246173933148384,-4.84614574816078E-05,0,0,0,0,0,38
2,4659,954.78966,-0.248656451702118,-5.49767610209528E-05,0,0,0,0,0,38
2,4660,955.00966,-0.250615328550339,-4.88974183099344E-05,0,0,0,0,0,38
2,4661,955.22966,-0.252787530422211,-5.17843873240054E-05,0,0,0,0,0,38
2,4662,955.44966,-0.254882156848907,-5.49616088392213E-05,0,0,0,0,0,38
2,4663,955.66966,-0.25711253285408,-5.41891604370903E-05,0,0,0,0,0,38
2,4664,955.88966,-0.259536892175674,-5.76201055082493E-05,0,0,0,0,0,38
2,4665,956.10966,-0.26182547211647,-6.00513012614101E-05,0,0,0,0,0,38
2,4666,956.32966,-0.263803720474243,-5.62135355721693E-05,0,0,0,0,0,38
2,4667,956.54966,-0.266344428062439,-6.2719511333853E-05,0,0,0,0,0,38
2,4668,956.76966,-0.268070548772812,-6.04686101723928E-05,0,0,0,0,0,38
2,4669,956.98966,-0.270553082227707,-6.25753600616008E-05,0,0,0,0,0,38
2,4670,957.20966,-0.272938638925552,-6.57246055197902E-05,0,0,0,0,0,38
2,4671,957.42966,-0.274761736392975,-6.56950724078342E-05,0,0,0,0,0,38
2,4672,957.64966,-0.277050316333771,-6.58396165817976E-05,0,0,0,0,0,38
2,4673,957.86966,-0.279280692338943,-7.18824376235716E-05,0,0,0,0,0,38
2,4674,958.08966,-0.281957179307938,-7.35769281163812E-05,0,0,0,0,0,38
2,4675,958.30966,-0.283489346504211,-7.06305072526447E-05,0,0,0,0,0,38
2,4676,958.52966,-0.285622775554657,-7.27368678781204E-05,0,0,0,0,0,38
2,4677,958.74966,-0.288551390171051,-7.78265603003092E-05,0,0,0,0,0,38
2,4678,958.96966,-0.290452063083649,-7.808611553628E-05,0,0,0,0,0,38
2,4679,959.18966,-0.29215881228447,-7.63119751354679E-05,0,0,0,0,0,38
2,4680,959.40966,-0.294350415468216,-7.79396359575912E-05,0,0,0,0,0,38
2,4681,959.62966,-0.297123849391937,-8.38464547996409E-05,0,0,0,0,0,38
2,4682,959.84966,-0.29935422539711,-8.6292413470801E-05,0,0,0,0,0,38
2,4683,960.06966,-0.300963997840881,-8.47183764562942E-05,0,0,0,0,0,38
2,4684,960.28966,-0.303136199712753,-8.47848205012269E-05,0,0,0,0,0,38
2,4685,960.50966,-0.305657505989075,-9.01344537851401E-05,0,0,0,0,0,38
2,4686,960.72966,-0.307810336351395,-8.86692141648382E-05,0,0,0,0,0,38
2,4687,960.94966,-0.309963136911392,-9.17504585231654E-05,0,0,0,0,0,38
2,4688,961.16966,-0.312212944030762,-9.36225187615491E-05,0,0,0,0,0,38
2,4689,961.38966,-0.314346343278885,-9.52408590819687E-05,0,0,0,0,0,38
2,4690,961.60966,-0.316964626312256,-9.99738549580798E-05,0,0,0,0,0,38
2,4691,961.82966,-0.318729549646378,-9.870055509964E-05,0,0,0,0,0,38
2,4692,962.04966,-0.321076333522797,-0.000104129845567513,0,0,0,0,0,38
2,4693,962.26966,-0.323384284973145,-0.000103134370874614,0,0,0,0,0,38
2,4694,962.48966,-0.325401335954666,-0.000106502367998473,0,0,0,0,0,38
2,4695,962.70966,-0.327748090028763,-0.000109872315078974,0,0,0,0,0,38
2,4696,962.92966,-0.329978495836258,-0.000113587295345496,0,0,0,0,0,38
2,4697,963.14966,-0.331956744194031,-0.000111625478893984,0,0,0,0,0,38
2,4698,963.36966,-0.33430352807045,-0.000112380832433701,0,0,0,0,0,38
2,4699,963.58966,-0.336533904075623,-0.000119318108772859,0,0,0,0,0,38
2,4700,963.80966,-0.338977634906769,-0.00012298219371587,0,0,0,0,0,38
2,4701,964.02966,-0.340781360864639,-0.000121351033158135,0,0,0,0,0,38
2,4702,964.24966,-0.343322068452835,-0.000124584199511446,0,0,0,0,0,38
2,4703,964.46966,-0.345261543989182,-0.000128972940729,0,0,0,0,0,38
2,4704,964.68966,-0.347802251577377,-0.000134082059958018,0,0,0,0,0,38
2,4705,964.90966,-0.349644750356674,-0.000132374363602139,0,0,0,0,0,38
2,4706,965.12966,-0.351681172847748,-0.000136491100420244,0,0,0,0,0,38
2,4707,965.34966,-0.354163706302643,-0.000141325523145497,0,0,0,0,0,38
2,4708,965.56966,-0.35651046037674,-0.000141913013067096,0,0,0,0,0,38
2,4709,965.78966,-0.358915418386459,-0.000145210302434862,0,0,0,0,0,38
2,4710,966.00966,-0.360874265432358,-0.000144174802699126,0,0,0,0,0,38
2,4711,966.22966,-0.362871944904327,-0.000148962193634361,0,0,0,0,0,38
2,4712,966.44966,-0.365141123533249,-0.000149935527588241,0,0,0,0,0,38
2,4713,966.66966,-0.367487877607346,-0.00015342203550972,0,0,0,0,0,38
2,4714,966.88966,-0.369388550519943,-0.000156622569193132,0,0,0,0,0,38
2,4715,967.10966,-0.371696531772614,-0.000159491275553592,0,0,0,0,0,38
2,4716,967.32966,-0.373771756887436,-0.000161703326739371,0,0,0,0,0,38
2,4717,967.54966,-0.379628956317902,-0.000221007518121041,0,0,0,0,0,38
2,4718,967.76966,-0.375420302152634,-0.000125194768770598,0,0,0,0,0,38
2,4719,967.98966,-0.384671598672867,-0.000230892226682045,0,0,0,0,0,38
2,4720,968.20966,-0.391071856021881,-0.000296883576083928,0,0,0,0,0,38
2,4721,968.42966,-0.378057986497879,-7.36356159904972E-05,0,0,0,0,0,38
2,4722,968.64966,-0.38820144534111,-0.000195511922356673,0,0,0,0,0,38
2,4723,968.86966,-0.390082716941834,-0.00019344239262864,0,0,0,0,0,38
2,4724,969.08966,-0.386417120695114,-0.000105133614852093,0,0,0,0,0,38
2,4725,969.30966,-0.395998120307922,-0.000219155845115893,0,0,0,0,0,38
2,4726,969.52966,-0.402262598276138,-0.000284225272480398,0,0,0,0,0,38
2,4727,969.74966,-0.40493905544281,-0.000295315898256376,0,0,0,0,0,38
2,4728,969.96966,-0.39840304851532,-0.000167297141160816,0,0,0,0,0,38
2,4729,970.18966,-0.397627264261246,-0.000123732097563334,0,0,0,0,0,38
2,4730,970.40966,-0.400323122739792,-0.000143839948577806,0,0,0,0,0,38
2,4731,970.62966,-0.412696957588196,-0.00029566598823294,0,0,0,0,0,38
2,4732,970.84966,-0.403329312801361,-0.000125459293485619,0,0,0,0,0,38
2,4733,971.06966,-0.400226145982742,-4.82567120343447E-05,0,0,0,0,0,38
2,4734,971.28966,-0.413686096668243,-0.00021626939997077,0,0,0,0,0,38
2,4735,971.50966,-0.409302890300751,-0.000119060110591818,0,0,0,0,0,38
2,4736,971.72966,-0.425051391124725,-0.000328895082930103,0,0,0,0,0,38
2,4737,971.94966,-0.429880678653717,-0.000368476670701057,0,0,0,0,0,38
2,4738,972.16966,-0.414636433124542,-0.000116053081001155,0,0,0,0,0,38
2,4739,972.38966,-0.428076952695847,-0.000283326662611216,0,0,0,0,0,38
2,4740,972.60966,-0.419291168451309,-0.000122152734547853,0,0,0,0,0,38
2,4741,972.82966,-0.42241370677948,-0.000138852861709893,0,0,0,0,0,38
2,4742,973.04966,-0.43457418680191,-0.000286574853817001,0,0,0,0,0,38
2,4743,973.26966,-0.43366265296936,-0.000250089768087491,0,0,0,0,0,38
2,4744,973.48966,-0.427301168441772,-0.000123557052575052,0,0,0,0,0,38
2,4745,973.70966,-0.431024968624115,-0.000148694773088209,0,0,0,0,0,38
2,4746,973.92966,-0.44657951593399,-0.000351457565557212,0,0,0,0,0,38
2,4747,974.14966,-0.452029436826706,-0.000405101804062724,0,0,0,0,0,38
2,4748,974.36966,-0.436261534690857,-0.000140323303639889,0,0,0,0,0,38
2,4749,974.58966,-0.441517502069473,-0.000184748059837148,0,0,0,0,0,38
2,4750,974.80966,-0.453037977218628,-0.000329124595737085,0,0,0,0,0,38
2,4751,975.02966,-0.450923949480057,-0.000266622635535896,0,0,0,0,0,38
2,4752,975.24966,-0.453503429889679,-0.00027239162591286,0,0,0,0,0,38
2,4753,975.46966,-0.446036487817764,-0.000130030151922256,0,0,0,0,0,38
2,4754,975.68966,-0.450439065694809,-0.000170451996382326,0,0,0,0,0,38
2,4755,975.90966,-0.453387081623077,-0.000179936017957516,0,0,0,0,0,38
2,4756,976.12966,-0.466187596321106,-0.000340623693773523,0,0,0,0,0,38
2,4757,976.34966,-0.456432044506073,-0.000164157841936685,0,0,0,0,0,38
2,4758,976.56966,-0.475865542888641,-0.000426030455855653,0,0,0,0,0,38
2,4759,976.78966,-0.474837630987167,-0.000383441831218079,0,0,0,0,0,38
2,4760,977.00966,-0.462812900543213,-0.000174427666934207,0,0,0,0,0,38
2,4761,977.22966,-0.464597225189209,-0.00016898155445233,0,0,0,0,0,38
2,4762,977.44966,-0.468282222747803,-0.000190859369467944,0,0,0,0,0,38
2,4763,977.66966,-0.468883454799652,-0.000169522274518386,0,0,0,0,0,38
2,4764,977.88966,-0.481877893209457,-0.000336764729581773,0,0,0,0,0,38
2,4765,978.10966,-0.486998111009598,-0.000387557520298287,0,0,0,0,0,38
2,4766,978.32966,-0.487521767616272,-0.000359132682206109,0,0,0,0,0,38
2,4767,978.54966,-0.477087408304214,-0.000174878921825439,0,0,0,0,0,38
2,4768,978.76966,-0.496792435646057,-0.00043889886001125,0,0,0,0,0,38
2,4769,978.98966,-0.498091876506805,-0.000429515959694982,0,0,0,0,0,38
2,4770,979.20966,-0.493922024965286,-0.000327856425428763,0,0,0,0,0,38
2,4771,979.42966,-0.486202925443649,-0.000186805904377252,0,0,0,0,0,38
2,4772,979.64966,-0.490314602851868,-0.000225352749112062,0,0,0,0,0,38
2,4773,979.86966,-0.493068665266037,-0.000226006275624968,0,0,0,0,0,38
2,4774,980.08966,-0.498867690563202,-0.000283952947938815,0,0,0,0,0,38
2,4775,980.30966,-0.503153920173645,-0.000316660763928667,0,0,0,0,0,38
2,4776,980.52966,-0.51292884349823,-0.000439532945165411,0,0,0,0,0,38
2,4777,980.74966,-0.499565899372101,-0.000204171243240125,0,0,0,0,0,38
2,4778,980.96966,-0.504104256629944,-0.000239637127378955,0,0,0,0,0,38
2,4779,981.18966,-0.521210372447968,-0.000465261953650042,0,0,0,0,0,38
2,4780,981.40966,-0.504996418952942,-0.000197612564079463,0,0,0,0,0,38
2,4781,981.62966,-0.526175439357758,-0.000481433002278209,0,0,0,0,0,38
2,4782,981.84966,-0.514286458492279,-0.000270170392468572,0,0,0,0,0,38
2,4783,982.06966,-0.514208912849426,-0.000241461573750712,0,0,0,0,0,38
2,4784,982.28966,-0.514577388763428,-0.000214363259146921,0,0,0,0,0,38
2,4785,982.50966,-0.516710817813873,-0.000218926317756996,0,0,0,0,0,38
2,4786,982.72966,-0.52999621629715,-0.000384204293368384,0,0,0,0,0,38
2,4787,982.94966,-0.541070580482483,-0.000516941712703556,0,0,0,0,0,38
2,4788,983.16966,-0.540663301944733,-0.000480884511489421,0,0,0,0,0,38
2,4789,983.38966,-0.527649462223053,-0.000254298851359636,0,0,0,0,0,38
2,4790,983.60966,-0.546055018901825,-0.000501871516462415,0,0,0,0,0,38
2,4791,983.82966,-0.538335919380188,-0.000349477515555918,0,0,0,0,0,38
2,4792,984.04966,-0.549681842327118,-0.000489516591187567,0,0,0,0,0,38
2,4793,984.26966,-0.536900699138641,-0.000258963060332462,0,0,0,0,0,38
2,4794,984.48966,-0.534786701202393,-0.000202549068490043,0,0,0,0,0,38
2,4795,984.70966,-0.552707433700562,-0.000433810608228669,0,0,0,0,0,38
2,4796,984.92966,-0.556605756282806,-0.00046755321091041,0,0,0,0,0,38
2,4797,985.14966,-0.551776468753815,-0.00036099215503782,0,0,0,0,0,38
2,4798,985.36966,-0.559301614761353,-0.000436592032201588,0,0,0,0,0,38
2,4799,985.58966,-0.562443554401398,-0.000448534585302696,0,0,0,0,0,38
2,4800,985.80966,-0.551563143730164,-0.000256753497524187,0,0,0,0,0,38
2,4801,986.02966,-0.556062698364258,-0.000287710776319727,0,0,0,0,0,38
2,4802,986.24966,-0.565954029560089,-0.000409536500228569,0,0,0,0,0,38
2,4803,986.46966,-0.563781797885895,-0.000335943914251402,0,0,0,0,0,38
2,4804,986.68966,-0.559573113918304,-0.000241142595768906,0,0,0,0,0,38
2,4805,986.90966,-0.572218477725983,-0.000397306081140414,0,0,0,0,0,38
2,4806,987.12966,-0.569483816623688,-0.00032008794369176,0,0,0,0,0,38
2,4807,987.34966,-0.580131530761719,-0.000445465295342729,0,0,0,0,0,38
2,4808,987.56966,-0.580732762813568,-0.000426582846557722,0,0,0,0,0,38
2,4809,987.78966,-0.573498547077179,-0.000278833613265306,0,0,0,0,0,38
2,4810,988.00966,-0.57138454914093,-0.000213639708817936,0,0,0,0,0,38
2,4811,988.22966,-0.581023693084717,-0.000325257860822603,0,0,0,0,0,38
2,4812,988.44966,-0.592738091945648,-0.000462515541585162,0,0,0,0,0,38
2,4813,988.66966,-0.590061604976654,-0.000392988091334701,0,0,0,0,0,38
2,4814,988.88966,-0.58581417798996,-0.000289165676804259,0,0,0,0,0,38
2,4815,989.10966,-0.586686968803406,-0.000269427371677011,0,0,0,0,0,38
2,4816,989.32966,-0.594289660453796,-0.000349605892552063,0,0,0,0,0,38
2,4817,989.54966,-0.605558037757874,-0.000486851902678609,0,0,0,0,0,38
2,4818,989.76966,-0.605984687805176,-0.000455746805528179,0,0,0,0,0,38
2,4819,989.98966,-0.608699977397919,-0.000462056515971199,0,0,0,0,0,38
2,4820,990.20966,-0.603715538978577,-0.000354818592313677,0,0,0,0,0,38
2,4821,990.42966,-0.599293529987335,-0.000253081263508648,0,0,0,0,0,38
2,4822,990.64966,-0.602629423141479,-0.00026927178259939,0,0,0,0,0,38
2,4823,990.86966,-0.609921813011169,-0.000348999019479379,0,0,0,0,0,38
2,4824,991.08966,-0.603366434574127,-0.000218156084883958,0,0,0,0,0,38
2,4825,991.30966,-0.603560328483582,-0.000183635493158363,0,0,0,0,0,38
2,4826,991.52966,-0.623575687408447,-0.000451934523880482,0,0,0,0,0,38
2,4827,991.74966,-0.625903069972992,-0.0004596485523507,0,0,0,0,0,38
2,4828,991.96966,-0.621888339519501,-0.00036047087633051,0,0,0,0,0,38
2,4829,992.18966,-0.626737058162689,-0.000403833633754402,0,0,0,0,0,38
2,4830,992.40966,-0.616535425186157,-0.000215759791899472,0,0,0,0,0,38
2,4831,992.62966,-0.631566345691681,-0.000405210739700124,0,0,0,0,0,38
2,4832,992.84966,-0.633622169494629,-0.000403137324610725,0,0,0,0,0,38
2,4833,993.06966,-0.631255984306335,-0.000341603968990967,0,0,0,0,0,38
2,4834,993.28966,-0.623459339141846,-0.000194169842870906,0,0,0,0,0,38
2,4835,993.50966,-0.623730838298798,-0.000163150310982019,0,0,0,0,0,38
2,4836,993.72966,-0.644754707813263,-0.000446811289293692,0,0,0,0,0,38
2,4837,993.94966,-0.643823802471161,-0.000399239448597655,0,0,0,0,0,38
2,4838,994.16966,-0.648808240890503,-0.00044673346565105,0,0,0,0,0,38
2,4839,994.38966,-0.645123243331909,-0.000358533638063818,0,0,0,0,0,38
2,4840,994.60966,-0.642000675201416,-0.000278802472166717,0,0,0,0,0,38
2,4841,994.82966,-0.653443574905396,-0.00042204701458104,0,0,0,0,0,38
2,4842,995.04966,-0.660018384456635,-0.000487715500639752,0,0,0,0,0,38
2,4843,995.26966,-0.658078908920288,-0.000430138374213129,0,0,0,0,0,38
2,4844,995.48966,-0.650747716426849,-0.000285236688796431,0,0,0,0,0,38
2,4845,995.70966,-0.652997493743896,-0.000288788316538557,0,0,0,0,0,38
2,4846,995.92966,-0.659126222133636,-0.000348672270774841,0,0,0,0,0,38
2,4847,996.14966,-0.663296103477478,-0.000381726305931807,0,0,0,0,0,38
2,4848,996.36966,-0.667718052864075,-0.000413940084399655,0,0,0,0,0,38
2,4849,996.58966,-0.659591674804688,-0.000264343048911542,0,0,0,0,0,38
2,4850,996.80966,-0.674137711524963,-0.000446118850959465,0,0,0,0,0,38
2,4851,997.02966,-0.671073377132416,-0.000370721245417371,0,0,0,0,0,38
2,4852,997.24966,-0.668067157268524,-0.000292896263999864,0,0,0,0,0,38
2,4853,997.46966,-0.674952328205109,-0.00036232644924894,0,0,0,0,0,38
2,4854,997.68966,-0.673769235610962,-0.000314307282678783,0,0,0,0,0,38
2,4855,997.90966,-0.672043085098267,-0.000261732784565538,0,0,0,0,0,38
2,4856,998.12966,-0.686395168304443,-0.000441104522906244,0,0,0,0,0,38
2,4857,998.34966,-0.681895613670349,-0.000340401951689273,0,0,0,0,0,38
2,4858,998.56966,-0.691496014595032,-0.000449522660346702,0,0,0,0,0,38
2,4859,998.78966,-0.686181843280792,-0.000331007409840822,0,0,0,0,0,38
2,4860,999.00966,-0.699893891811371,-0.00050645403098315,0,0,0,0,0,38
2,4861,999.22966,-0.685774564743042,-0.000261246546870098,0,0,0,0,0,38
2,4862,999.44966,-0.70099937915802,-0.000457396206911653,0,0,0,0,0,38
2,4863,999.66966,-0.687946736812592,-0.000225197145482525,0,0,0,0,0,38
2,4864,999.88966,-0.700204193592072,-0.000374156195903197,0,0,0,0,0,38
2,4865,1000.10966,-0.704490482807159,-0.000401227298425511,0,0,0,0,0,38
2,4866,1000.32966,-0.699350833892822,-0.000294821831630543,0,0,0,0,0,38
2,4867,1000.54966,-0.69791567325592,-0.000239224784309044,0,0,0,0,0,38
2,4868,1000.76966,-0.701212763786316,-0.000254267739364877,0,0,0,0,0,38
2,4869,1000.98966,-0.702434599399567,-0.000236824591411278,0,0,0,0,0,38
2,4870,1001.20966,-0.717853426933289,-0.000429267005529255,0,0,0,0,0,38
2,4871,1001.42966,-0.712578058242798,-0.000317283178446814,0,0,0,0,0,38
2,4872,1001.64966,-0.727589547634125,-0.000505952222738415,0,0,0,0,0,38
2,4873,1001.86966,-0.711860418319702,-0.000234381630434655,0,0,0,0,0,38
2,4874,1002.08966,-0.729606628417969,-0.000466837431304157,0,0,0,0,0,38
2,4875,1002.30966,-0.731643080711365,-0.000463021249743178,0,0,0,0,0,38
2,4876,1002.52966,-0.731778800487518,-0.00042757872142829,0,0,0,0,0,38
2,4877,1002.74966,-0.73503714799881,-0.000440135889220983,0,0,0,0,0,38
2,4878,1002.96966,-0.720510482788086,-0.000187027646461502,0,0,0,0,0,38
2,4879,1003.18966,-0.734881997108459,-0.000366333231795579,0,0,0,0,0,38
2,4880,1003.40966,-0.726445257663727,-0.000208738201763481,0,0,0,0,0,38
2,4881,1003.62966,-0.740273714065552,-0.000378022930817679,0,0,0,0,0,38
2,4882,1003.84966,-0.739459156990051,-0.000332030496792868,0,0,0,0,0,38
2,4883,1004.06966,-0.739071249961853,-0.000289815303403884,0,0,0,0,0,38
2,4884,1004.28966,-0.754645168781281,-0.000487256475025788,0,0,0,0,0,38
2,4885,1004.50966,-0.753151774406433,-0.000431830558227375,0,0,0,0,0,38
2,4886,1004.72966,-0.742310166358948,-0.00023555253574159,0,0,0,0,0,38
2,4887,1004.94966,-0.756487667560577,-0.000416137976571918,0,0,0,0,0,38
2,4888,1005.16966,-0.75970721244812,-0.000426380574936047,0,0,0,0,0,38
2,4889,1005.38966,-0.764555871486664,-0.000464285520138219,0,0,0,0,0,38
2,4890,1005.60966,-0.764982581138611,-0.00043567008106038,0,0,0,0,0,38
2,4891,1005.82966,-0.760483026504517,-0.000335636606905609,0,0,0,0,0,38
2,4892,1006.04966,-0.764594674110413,-0.000359471130650491,0,0,0,0,0,38
2,4893,1006.26966,-0.76734870672226,-0.000366757245501503,0,0,0,0,0,38
2,4894,1006.48966,-0.77262407541275,-0.000414430222008377,0,0,0,0,0,38
2,4895,1006.70966,-0.775572061538696,-0.000422459357650951,0,0,0,0,0,38
2,4896,1006.92966,-0.778539478778839,-0.000434059591498226,0,0,0,0,0,38
2,4897,1007.14966,-0.771247088909149,-0.00028902172925882,0,0,0,0,0,38
2,4898,1007.36966,-0.777259409427643,-0.000345525186276063,0,0,0,0,0,38
2,4899,1007.58966,-0.784803986549377,-0.000430628540925682,0,0,0,0,0,38
2,4900,1007.80966,-0.769656717777252,-0.000167098754900508,0,0,0,0,0,38
2,4901,1008.02966,-0.772953808307648,-0.000185351018444635,0,0,0,0,0,38
2,4902,1008.24966,-0.786917984485626,-0.000360902689862996,0,0,0,0,0,38
2,4903,1008.46966,-0.781914174556732,-0.000252377154538408,0,0,0,0,0,38
2,4904,1008.68966,-0.795393466949463,-0.00042223374475725,0,0,0,0,0,38
2,4905,1008.90966,-0.787945926189423,-0.000277059734798968,0,0,0,0,0,38
2,4906,1009.12966,-0.792910993099213,-0.000317053665639833,0,0,0,0,0,38
2,4907,1009.34966,-0.78843080997467,-0.00021528521028813,0,0,0,0,0,38
2,4908,1009.56966,-0.789109587669373,-0.00019527850963641,0,0,0,0,0,38
2,4909,1009.78966,-0.789749622344971,-0.000170385872479528,0,0,0,0,0,38
2,4910,1010.00966,-0.808717668056488,-0.000426357233664021,0,0,0,0,0,38
2,4911,1010.22966,-0.798341512680054,-0.000232502716244198,0,0,0,0,0,38
2,4912,1010.44966,-0.81476879119873,-0.000450923107564449,0,0,0,0,0,38
2,4913,1010.66966,-0.806196331977844,-0.000288329290924594,0,0,0,0,0,38
2,4914,1010.88966,-0.801968276500702,-0.000193524087080732,0,0,0,0,0,38
2,4915,1011.10966,-0.821925461292267,-0.000460683309938759,0,0,0,0,0,38
2,4916,1011.32966,-0.824873447418213,-0.000469902821350843,0,0,0,0,0,38
2,4917,1011.54966,-0.809532225131989,-0.000210216428968124,0,0,0,0,0,38
2,4918,1011.76966,-0.82787960767746,-0.000454731489298865,0,0,0,0,0,38
2,4919,1011.98966,-0.820761799812317,-0.000313817115966231,0,0,0,0,0,38
2,4920,1012.20966,-0.821828484535217,-0.000299758365144953,0,0,0,0,0,38
2,4921,1012.42966,-0.823321878910065,-0.000292798998998478,0,0,0,0,0,38
2,4922,1012.64966,-0.818511962890625,-0.000187976824236102,0,0,0,0,0,38
2,4923,1012.86966,-0.837693333625793,-0.000442656659288332,0,0,0,0,0,38
2,4924,1013.08966,-0.841921389102936,-0.000470645813038573,0,0,0,0,0,38
2,4925,1013.30966,-0.822798192501068,-0.000157509697601199,0,0,0,0,0,38
2,4926,1013.52966,-0.838585495948792,-0.000359867932274938,0,0,0,0,0,38
2,4927,1013.74966,-0.830362141132355,-0.000207014891202562,0,0,0,0,0,38
2,4928,1013.96966,-0.828830003738403,-0.00015393081412185,0,0,0,0,0,38
2,4929,1014.18966,-0.850590825080872,-0.000449370942078531,0,0,0,0,0,38
2,4930,1014.40966,-0.851036906242371,-0.000422004231950268,0,0,0,0,0,38
2,4931,1014.62966,-0.847332537174225,-0.000337484379997477,0,0,0,0,0,38
2,4932,1014.84966,-0.848942279815674,-0.000333392003085464,0,0,0,0,0,38
2,4933,1015.06966,-0.853635847568512,-0.000370729045243934,0,0,0,0,0,38
2,4934,1015.28966,-0.848205327987671,-0.000260192318819463,0,0,0,0,0,38
2,4935,1015.50966,-0.8633913397789,-0.000454280234407634,0,0,0,0,0,38
2,4936,1015.72966,-0.848088920116425,-0.000200502894585952,0,0,0,0,0,38
2,4937,1015.94966,-0.858290553092957,-0.000323063839459792,0,0,0,0,0,38
2,4938,1016.16966,-0.855614066123962,-0.000255563121754676,0,0,0,0,0,38
2,4939,1016.38966,-0.862305283546448,-0.000324444816214964,0,0,0,0,0,38
2,4940,1016.60966,-0.87549364566803,-0.000489882251713425,0,0,0,0,0,38
2,4941,1016.82966,-0.860327005386353,-0.000239516535657458,0,0,0,0,0,38
2,4942,1017.04966,-0.869132220745087,-0.00033660521148704,0,0,0,0,0,38
2,4943,1017.26966,-0.864768385887146,-0.000246775423875079,0,0,0,0,0,38
2,4944,1017.48966,-0.875008821487427,-0.000371149159036577,0,0,0,0,0,38
2,4945,1017.70966,-0.878751993179321,-0.000391731591662392,0,0,0,0,0,38
2,4946,1017.92966,-0.867367267608643,-0.000203047005925328,0,0,0,0,0,38
2,4947,1018.14966,-0.871168613433838,-0.000230880556046031,0,0,0,0,0,38
2,4948,1018.36966,-0.895567178726196,-0.000554313708562404,0,0,0,0,0,38
2,4949,1018.58966,-0.878926515579224,-0.000290122610749677,0,0,0,0,0,38
2,4950,1018.80966,-0.893821656703949,-0.000478597154142335,0,0,0,0,0,38
2,4951,1019.02966,-0.899872839450836,-0.000536851119250059,0,0,0,0,0,38
2,4952,1019.24966,-0.889399647712708,-0.000362198072252795,0,0,0,0,0,38
2,4953,1019.46966,-0.891668856143951,-0.000373296497855335,0,0,0,0,0,38
2,4954,1019.68966,-0.887576580047607,-0.000287489034235477,0,0,0,0,0,38
2,4955,1019.90966,-0.894597470760345,-0.000365154555765912,0,0,0,0,0,38
2,4956,1020.12966,-0.913759410381317,-0.00061216315953061,0,0,0,0,0,38
2,4957,1020.34966,-0.898689746856689,-0.000371522619388998,0,0,0,0,0,38
2,4958,1020.56966,-0.897235155105591,-0.000328692811308429,0,0,0,0,0,38
2,4959,1020.78966,-0.901792883872986,-0.000366737804142758,0,0,0,0,0,38
2,4960,1021.00966,-0.917250514030457,-0.000564027286600322,0,0,0,0,0,38
2,4961,1021.22966,-0.92351496219635,-0.000625965185463429,0,0,0,0,0,38
2,4962,1021.44966,-0.90563303232193,-0.000345630222000182,0,0,0,0,0,38
2,4963,1021.66966,-0.921963393688202,-0.000555644102860242,0,0,0,0,0,38
2,4964,1021.88966,-0.91150963306427,-0.000382325379177928,0,0,0,0,0,38
2,4965,1022.10966,-0.929624319076538,-0.000616446137428284,0,0,0,0,0,38
2,4966,1022.32966,-0.930438876152039,-0.000611657451372594,0,0,0,0,0,38
2,4967,1022.54966,-0.93420147895813,-0.000639887759461999,0,0,0,0,0,38
2,4968,1022.76966,-0.915951013565063,-0.000360186910256743,0,0,0,0,0,38
2,4969,1022.98966,-0.933095991611481,-0.000579447543714195,0,0,0,0,0,38
2,4970,1023.20966,-0.934279024600983,-0.000573312863707542,0,0,0,0,0,38
2,4971,1023.42966,-0.926385402679443,-0.000441929209046066,0,0,0,0,0,38
2,4972,1023.64966,-0.934822082519531,-0.000538045365829021,0,0,0,0,0,38
2,4973,1023.86966,-0.93014794588089,-0.000451059255283326,0,0,0,0,0,38
2,4974,1024.08966,-0.930904388427734,-0.000437599548604339,0,0,0,0,0,38
2,4975,1024.30966,-0.954430162906647,-0.000749825383536518,0,0,0,0,0,38
2,4976,1024.52966,-0.956117510795593,-0.000749840983189642,0,0,0,0,0,38
2,4977,1024.74966,-0.956059336662292,-0.000726982834748924,0,0,0,0,0,38
2,4978,1024.96966,-0.938138604164124,-0.000457917456515133,0,0,0,0,0,38
2,4979,1025.18966,-0.948825061321259,-0.000584061199333519,0,0,0,0,0,38
2,4980,1025.40966,-0.960694670677185,-0.00072752742562443,0,0,0,0,0,38
2,4981,1025.62966,-0.958793997764587,-0.000679562741424888,0,0,0,0,0,38
2,4982,1025.84966,-0.95107489824295,-0.000557631952688098,0,0,0,0,0,38
2,4983,1026.06966,-0.950473606586456,-0.000528370728716254,0,0,0,0,0,38
2,4984,1026.28966,-0.975357055664063,-0.000845852075144649,0,0,0,0,0,38
2,4985,1026.50966,-0.970799326896667,-0.000762670475523919,0,0,0,0,0,38
2,4986,1026.72966,-0.959802508354187,-0.000599749910179526,0,0,0,0,0,38
2,4987,1026.94966,-0.982261598110199,-0.000886491790879518,0,0,0,0,0,38
2,4988,1027.16966,-0.969829559326172,-0.000696854142006487,0,0,0,0,0,38
2,4989,1027.38966,-0.979701459407806,-0.000813218182884157,0,0,0,0,0,38
2,4990,1027.60966,-0.987110257148743,-0.00089098874013871,0,0,0,0,0,38
2,4991,1027.82966,-0.975454032421112,-0.000714375055395067,0,0,0,0,0,38
2,4992,1028.04966,-0.994150519371033,-0.000942392274737358,0,0,0,0,0,38
2,4993,1028.26966,-0.992986857891083,-0.000906408997252584,0,0,0,0,0,38
2,4994,1028.48966,-0.977296531200409,-0.000680924276821315,0,0,0,0,0,38
2,4995,1028.70966,-0.997951924800873,-0.000932581489905715,0,0,0,0,0,38
2,4996,1028.92966,-0.982591271400452,-0.000713021319825202,0,0,0,0,0,38
2,4997,1029.14966,-0.980516076087952,-0.000668798864353448,0,0,0,0,0,38
2,4998,1029.36966,-0.997117936611176,-0.000867045251652598,0,0,0,0,0,38
2,4999,1029.58966,-0.987110257148743,-0.000717549410182983,0,0,0,0,0,38
2,5000,1029.80966,-0.997835516929626,-0.000834636972285807,0,0,0,0,0,38
3,5001,1030.02966,-1.0089099407196,-0.000981347635388374,0,0,0,0,0,38
3,5002,1030.24966,-1.00776565074921,-0.000975033966824412,0,0,0,0,0,38
3,5003,1030.46966,-0.999988317489624,-0.000889817834831774,0,0,0,0,0,38
3,5004,1030.68966,-0.981893062591553,-0.000677952251862735,0,0,0,0,0,38
3,5005,1030.90966,-0.991415858268738,-0.000807433621957898,0,0,0,0,0,38
3,5006,1031.12966,-0.990446150302887,-0.00080628995783627,0,0,0,0,0,38
3,5007,1031.34966,-0.973165452480316,-0.000614645017776638,0,0,0,0,0,38
3,5008,1031.56966,-0.991144359111786,-0.000857281149365008,0,0,0,0,0,38
3,5009,1031.78966,-0.973883032798767,-0.000659423763863742,0,0,0,0,0,38
3,5010,1032.00966,-0.970256268978119,-0.000626404711510986,0,0,0,0,0,38
3,5011,1032.22966,-0.986101746559143,-0.000841390166897327,0,0,0,0,0,38
3,5012,1032.44966,-0.979488134384155,-0.000783641880843788,0,0,0,0,0,38
3,5013,1032.66966,-0.960481286048889,-0.000565921713132411,0,0,0,0,0,38
3,5014,1032.88966,-0.973126649856567,-0.000744157528970391,0,0,0,0,0,38
3,5015,1033.10966,-0.95861941576004,-0.000578899052925408,0,0,0,0,0,38
3,5016,1033.32966,-0.954488337039948,-0.000544106122106314,0,0,0,0,0,38
3,5017,1033.54966,-0.970391988754272,-0.000755267625208944,0,0,0,0,0,38
3,5018,1033.76966,-0.969732582569122,-0.000759044894948602,0,0,0,0,0,38
3,5019,1033.98966,-0.949038445949554,-0.000527409894857556,0,0,0,0,0,38
3,5020,1034.20966,-0.959259450435638,-0.000671027868520468,0,0,0,0,0,38
3,5021,1034.42966,-0.954527139663696,-0.000623623316641897,0,0,0,0,0,38
3,5022,1034.64966,-0.946071028709412,-0.000542452849913388,0,0,0,0,0,38
3,5023,1034.86966,-0.945004343986511,-0.000548890966456383,0,0,0,0,0,38
3,5024,1035.08966,-0.958658218383789,-0.000734319561161101,0,0,0,0,0,38
3,5025,1035.30966,-0.936684012413025,-0.000481382448924705,0,0,0,0,0,38
3,5026,1035.52966,-0.95953094959259,-0.000783509633038193,0,0,0,0,0,38
3,5027,1035.74966,-0.944461286067963,-0.000615699216723442,0,0,0,0,0,38
3,5028,1035.96966,-0.941959381103516,-0.000601620995439589,0,0,0,0,0,38
3,5029,1036.18966,-0.945896506309509,-0.000670121517032385,0,0,0,0,0,38
3,5030,1036.40966,-0.947583794593811,-0.000718525785487145,0,0,0,0,0,38
3,5031,1036.62966,-0.920334219932556,-0.000393310969229788,0,0,0,0,0,38
3,5032,1036.84966,-0.91773533821106,-0.000377229356672615,0,0,0,0,0,38
3,5033,1037.06966,-0.942773938179016,-0.000709917047061026,0,0,0,0,0,38
3,5034,1037.28966,-0.938468277454376,-0.000674700131639838,0,0,0,0,0,38
3,5035,1037.50966,-0.91100537776947,-0.00035386552917771,0,0,0,0,0,38
3,5036,1037.72966,-0.915078282356262,-0.000426473910920322,0,0,0,0,0,38
3,5037,1037.94966,-0.917696595191956,-0.000481386348837987,0,0,0,0,0,38
3,5038,1038.16966,-0.926249623298645,-0.000607650668825954,0,0,0,0,0,38
3,5039,1038.38966,-0.902762651443481,-0.0003320382675156,0,0,0,0,0,38
3,5040,1038.60966,-0.89742910861969,-0.000284057983662933,0,0,0,0,0,38
3,5041,1038.82966,-0.904915452003479,-0.000397862371755764,0,0,0,0,0,38
3,5042,1039.04966,-0.899853408336639,-0.000349979323800653,0,0,0,0,0,38
3,5043,1039.26966,-0.888914823532104,-0.000237248619669117,0,0,0,0,0,38
3,5044,1039.48966,-0.913061201572418,-0.000555846432689577,0,0,0,0,0,38
3,5045,1039.70966,-0.900803744792938,-0.000419689604314044,0,0,0,0,0,38
3,5046,1039.92966,-0.912110865116119,-0.00058414286468178,0,0,0,0,0,38
3,5047,1040.14966,-0.89818549156189,-0.000430340674938634,0,0,0,0,0,38
3,5048,1040.36966,-0.883348524570465,-0.000273889309028164,0,0,0,0,0,38
3,5049,1040.58966,-0.887188673019409,-0.000342697108862922,0,0,0,0,0,38
3,5050,1040.80966,-0.877762854099274,-0.000244184629991651,0,0,0,0,0,38
3,5051,1041.02966,-0.893007099628448,-0.000458003050880507,0,0,0,0,0,38
3,5052,1041.24966,-0.894345343112946,-0.000495845801196992,0,0,0,0,0,38
3,5053,1041.46966,-0.878286480903625,-0.000313435884891078,0,0,0,0,0,38
3,5054,1041.68966,-0.888565719127655,-0.000468689104309306,0,0,0,0,0,38
3,5055,1041.90966,-0.884415209293365,-0.000436767091741785,0,0,0,0,0,38
3,5056,1042.12966,-0.888992369174957,-0.000516813306603581,0,0,0,0,0,38
3,5057,1042.34966,-0.8625767827034,-0.000209870209801011,0,0,0,0,0,38
3,5058,1042.56966,-0.860617935657501,-0.000205447184271179,0,0,0,0,0,38
3,5059,1042.78966,-0.862499177455902,-0.000249619071837515,0,0,0,0,0,38
3,5060,1043.00966,-0.880769014358521,-0.000499696936458349,0,0,0,0,0,38
3,5061,1043.22966,-0.855206787586212,-0.000222555769141763,0,0,0,0,0,38
3,5062,1043.44966,-0.860365808010101,-0.00039554777322337,0,0,0,0,0,38
3,5063,1043.66966,-0.857728123664856,-0.000366644439054653,0,0,0,0,0,38
3,5064,1043.88966,-0.86754184961319,-0.000545817776583135,0,0,0,0,0,38
3,5065,1044.10966,-0.863604724407196,-0.000512106344103813,0,0,0,0,0,38
3,5066,1044.32966,-0.845994293689728,-0.000264774833340198,0,0,0,0,0,38
3,5067,1044.54966,-0.846867084503174,-0.000308962306007743,0,0,0,0,0,38
3,5068,1044.76966,-0.859609365463257,-0.000528565258719027,0,0,0,0,0,38
3,5069,1044.98966,-0.850299954414368,-0.000415161572163925,0,0,0,0,0,38
3,5070,1045.20966,-0.85113388299942,-0.000455408357083797,0,0,0,0,0,38
3,5071,1045.42966,-0.839555263519287,-0.000304021901683882,0,0,0,0,0,38
3,5072,1045.64966,-0.847991943359375,-0.000459049479104579,0,0,0,0,0,38
3,5073,1045.86966,-0.837033927440643,-0.00031722872518003,0,0,0,0,0,38
3,5074,1046.08966,-0.829411804676056,-0.000232961741858162,0,0,0,0,0,38
3,5075,1046.30966,-0.836859405040741,-0.000378411961719394,0,0,0,0,0,38
3,5076,1046.52966,-0.829780340194702,-0.00029670464573428,0,0,0,0,0,38
3,5077,1046.74966,-0.830633699893951,-0.000341926846886054,0,0,0,0,0,38
3,5078,1046.96966,-0.826909899711609,-0.000312214397126809,0,0,0,0,0,38
3,5079,1047.18966,-0.833969593048096,-0.000454171327874064,0,0,0,0,0,38
3,5080,1047.40966,-0.817658603191376,-0.000228394783334807,0,0,0,0,0,38
3,5081,1047.62966,-0.819287776947021,-0.000284890469629318,0,0,0,0,0,38
3,5082,1047.84966,-0.826735377311707,-0.000427481456426904,0,0,0,0,0,38
3,5083,1048.06966,-0.811045050621033,-0.000216697313589975,0,0,0,0,0,38
3,5084,1048.28966,-0.820664823055267,-0.000394610251532868,0,0,0,0,0,38
3,5085,1048.50966,-0.82017993927002,-0.000414578040363267,0,0,0,0,0,38
3,5086,1048.72966,-0.816339790821075,-0.000385379098588601,0,0,0,0,0,38
3,5087,1048.94966,-0.811161398887634,-0.000336111173965037,0,0,0,0,0,38
3,5088,1049.16966,-0.810036480426788,-0.00035055895568803,0,0,0,0,0,38
3,5089,1049.38966,-0.812228083610535,-0.000415060407249257,0,0,0,0,0,38
3,5090,1049.60966,-0.803384125232697,-0.000310775067191571,0,0,0,0,0,38
3,5091,1049.82966,-0.806118786334991,-0.00038055150071159,0,0,0,0,0,38
3,5092,1050.04966,-0.79050600528717,-0.000178473346750252,0,0,0,0,0,38
3,5093,1050.26966,-0.802123427391052,-0.000381874124286696,0,0,0,0,0,38
3,5094,1050.48966,-0.784765183925629,-0.000149301617057063,0,0,0,0,0,38
3,5095,1050.70966,-0.792930364608765,-0.000307122274534777,0,0,0,0,0,38
3,5096,1050.92966,-0.780692279338837,-0.000150402513099834,0,0,0,0,0,38
3,5097,1051.14966,-0.788236856460571,-0.000297144229989499,0,0,0,0,0,38
3,5098,1051.36966,-0.783446371555328,-0.000255994935287163,0,0,0,0,0,38
3,5099,1051.58966,-0.787111937999725,-0.000340164639055729,0,0,0,0,0,38
3,5100,1051.80966,-0.781254768371582,-0.000292483891826123,0,0,0,0,0,38
3,5101,1052.02966,-0.768376648426056,-0.000143509285408072,0,0,0,0,0,38
3,5102,1052.24966,-0.785424590110779,-0.000407614803407341,0,0,0,0,0,38
3,5103,1052.46966,-0.766146242618561,-0.000167052072356455,0,0,0,0,0,38
3,5104,1052.68966,-0.768105149269104,-0.000223104274482466,0,0,0,0,0,38
3,5105,1052.90966,-0.768706381320953,-0.000257251434959471,0,0,0,0,0,38
3,5106,1053.12966,-0.779644966125488,-0.000437373935710639,0,0,0,0,0,38
3,5107,1053.34966,-0.767212986946106,-0.000289585790596902,0,0,0,0,0,38
3,5108,1053.56966,-0.763334035873413,-0.000263323832768947,0,0,0,0,0,38
3,5109,1053.78966,-0.758271992206573,-0.000218206652789377,0,0,0,0,0,38
3,5110,1054.00966,-0.768279671669006,-0.000388911284971982,0,0,0,0,0,38
3,5111,1054.22966,-0.746751546859741,-0.000113944654003717,0,0,0,0,0,38
3,5112,1054.44966,-0.760405421257019,-0.000339468329912052,0,0,0,0,0,38
3,5113,1054.66966,-0.761995792388916,-0.00039135426050052,0,0,0,0,0,38
3,5114,1054.88966,-0.757942318916321,-0.000362116377800703,0,0,0,0,0,38
3,5115,1055.10966,-0.741398572921753,-0.000155564659507945,0,0,0,0,0,38
3,5116,1055.32966,-0.751910507678986,-0.000333753792801872,0,0,0,0,0,38
3,5117,1055.54966,-0.745432674884796,-0.000267054419964552,0,0,0,0,0,38
3,5118,1055.76966,-0.73063451051712,-9.31482718442567E-05,0,0,0,0,0,38
3,5119,1055.98966,-0.738450586795807,-0.000230966135859489,0,0,0,0,0,38
3,5120,1056.20966,-0.746247291564941,-0.000367060682037845,0,0,0,0,0,38
3,5121,1056.42966,-0.741495549678802,-0.000333959964336827,0,0,0,0,0,38
3,5122,1056.64966,-0.7413210272789,-0.000357261567842215,0,0,0,0,0,38
3,5123,1056.86966,-0.726484060287476,-0.000174482120200992,0,0,0,0,0,38
3,5124,1057.08966,-0.737868785858154,-0.000366158172255382,0,0,0,0,0,38
3,5125,1057.30966,-0.717795252799988,-0.00011195293336641,0,0,0,0,0,38
3,5126,1057.52966,-0.725863456726074,-0.000259783875662833,0,0,0,0,0,38
3,5127,1057.74966,-0.722488760948181,-0.000233315746299922,0,0,0,0,0,38
3,5128,1057.96966,-0.720219552516937,-0.000233412996749394,0,0,0,0,0,38
3,5129,1058.18966,-0.720510482788086,-0.000267069990513846,0,0,0,0,0,38
3,5130,1058.40966,-0.721654772758484,-0.000318457983667031,0,0,0,0,0,38
3,5131,1058.62966,-0.719055891036987,-0.0003157077007927,0,0,0,0,0,38
3,5132,1058.84966,-0.714886009693146,-0.000280572479823604,0,0,0,0,0,38
3,5133,1059.06966,-0.702085494995117,-0.000126136175822467,0,0,0,0,0,38
3,5134,1059.28966,-0.707826375961304,-0.00024173388374038,0,0,0,0,0,38
3,5135,1059.50966,-0.693978548049927,-6.9978937972337E-05,0,0,0,0,0,38
3,5136,1059.72966,-0.702376425266266,-0.000223781142267399,0,0,0,0,0,38
3,5137,1059.94966,-0.706449329853058,-0.000315836077788845,0,0,0,0,0,38
3,5138,1060.16966,-0.702570378780365,-0.000287745788227767,0,0,0,0,0,38
3,5139,1060.38966,-0.700068473815918,-0.000286586524453014,0,0,0,0,0,38
3,5140,1060.60966,-0.694928884506226,-0.00024095198023133,0,0,0,0,0,38
3,5141,1060.82966,-0.691942095756531,-0.00022991192236077,0,0,0,0,0,38
3,5142,1061.04966,-0.69446337223053,-0.000297338730888441,0,0,0,0,0,38
3,5143,1061.26966,-0.690681397914886,-0.000272784527624026,0,0,0,0,0,38
3,5144,1061.48966,-0.681236207485199,-0.000164745244546793,0,0,0,0,0,38
3,5145,1061.70966,-0.674040734767914,-9.17984143598005E-05,0,0,0,0,0,38
3,5146,1061.92966,-0.685076355934143,-0.000283276080153883,0,0,0,0,0,38
3,5147,1062.14966,-0.680654346942902,-0.000251805293373764,0,0,0,0,0,38
3,5148,1062.36966,-0.678773045539856,-0.000253186299232766,0,0,0,0,0,38
3,5149,1062.58966,-0.667446553707123,-0.000119394659122918,0,0,0,0,0,38
3,5150,1062.80966,-0.672508597373962,-0.000224263523705304,0,0,0,0,0,38
3,5151,1063.02966,-0.66473126411438,-0.000140078234835528,0,0,0,0,0,38
3,5152,1063.24966,-0.667873203754425,-0.000221910013351589,0,0,0,0,0,38
3,5153,1063.46966,-0.671519458293915,-0.000304072455037385,0,0,0,0,0,38
3,5154,1063.68966,-0.654956340789795,-9.27436994970776E-05,0,0,0,0,0,38
3,5155,1063.90966,-0.649234890937805,-3.88193730032071E-05,0,0,0,0,0,38
3,5156,1064.12966,-0.652803540229797,-0.000125253121950664,0,0,0,0,0,38
3,5157,1064.34966,-0.654801189899445,-0.000180258895852603,0,0,0,0,0,38
3,5158,1064.56966,-0.648982763290405,-0.000130345244542696,0,0,0,0,0,38
3,5159,1064.78966,-0.652687191963196,-0.000215930966078304,0,0,0,0,0,38
3,5160,1065.00966,-0.641690373420715,-8.69435898493975E-05,0,0,0,0,0,38
3,5161,1065.22966,-0.637404143810272,-5.29987228219397E-05,0,0,0,0,0,38
3,5162,1065.44966,-0.647043287754059,-0.00022527105465997,0,0,0,0,0,38
3,5163,1065.66966,-0.63864541053772,-0.000134075831738301,0,0,0,0,0,38
3,5164,1065.88966,-0.634727656841278,-0.000109766704554204,0,0,0,0,0,38
3,5165,1066.10966,-0.632322728633881,-0.000106821913504973,0,0,0,0,0,38
3,5166,1066.32966,-0.640138804912567,-0.000251143996138126,0,0,0,0,0,38
3,5167,1066.54966,-0.640332758426666,-0.000282906519714743,0,0,0,0,0,38
3,5168,1066.76966,-0.628831684589386,-0.000144936944707297,0,0,0,0,0,38
3,5169,1066.98966,-0.628152847290039,-0.000166888683452271,0,0,0,0,0,38
3,5170,1067.20966,-0.618707656860352,-6.40426733298227E-05,0,0,0,0,0,38
3,5171,1067.42966,-0.622605979442596,-0.0001507409469923,0,0,0,0,0,38
3,5172,1067.64966,-0.617446959018707,-0.000101795922091696,0,0,0,0,0,38
3,5173,1067.86966,-0.621849596500397,-0.000197740926523693,0,0,0,0,0,38
3,5174,1068.08966,-0.60982483625412,-5.53133249923121E-05,0,0,0,0,0,38
3,5175,1068.30966,-0.621791362762451,-0.000259885011473671,0,0,0,0,0,38
3,5176,1068.52966,-0.617757260799408,-0.000234611143241636,0,0,0,0,0,38
3,5177,1068.74966,-0.60328882932663,-5.41385197720956E-05,0,0,0,0,0,38
3,5178,1068.96966,-0.60740053653717,-0.000143338125781156,0,0,0,0,0,38
3,5179,1069.18966,-0.605267107486725,-0.000143571523949504,0,0,0,0,0,38
3,5180,1069.40966,-0.595821857452393,-4.18147355958354E-05,0,0,0,0,0,38
3,5181,1069.62966,-0.598692297935486,-0.000113073278043885,0,0,0,0,0,38
3,5182,1069.84966,-0.599855959415436,-0.00015795705257915,0,0,0,0,0,38
3,5183,1070.06966,-0.604976177215576,-0.000263082649325952,0,0,0,0,0,38
3,5184,1070.28966,-0.59747040271759,-0.000185401586350054,0,0,0,0,0,38
3,5185,1070.50966,-0.585368096828461,-4.2452709749341E-05,0,0,0,0,0,38
3,5186,1070.72966,-0.589945256710052,-0.000140019881655462,0,0,0,0,0,38
3,5187,1070.94966,-0.589091897010803,-0.000159695919137448,0,0,0,0,0,38
3,5188,1071.16966,-0.587947607040405,-0.000176038156496361,0,0,0,0,0,38
3,5189,1071.38966,-0.576446533203125,-3.54816802428104E-05,0,0,0,0,0,38
3,5190,1071.60966,-0.586919665336609,-0.000222730828681961,0,0,0,0,0,38
3,5191,1071.82966,-0.57214093208313,-3.88466032745782E-05,0,0,0,0,0,38
3,5192,1072.04966,-0.574778616428375,-0.000108090076537337,0,0,0,0,0,38
3,5193,1072.26966,-0.568785607814789,-5.44847353012301E-05,0,0,0,0,0,38
3,5194,1072.48966,-0.57229608297348,-0.000134013593196869,0,0,0,0,0,38
3,5195,1072.70966,-0.579491496086121,-0.000270839489530772,0,0,0,0,0,38
3,5196,1072.92966,-0.573595523834229,-0.000217560911551118,0,0,0,0,0,38
3,5197,1073.14966,-0.567912876605988,-0.000168063488672487,0,0,0,0,0,38
3,5198,1073.36966,-0.56591522693634,-0.000167079298989847,0,0,0,0,0,38
3,5199,1073.58966,-0.562656879425049,-0.000152954409713857,0,0,0,0,0,38
3,5200,1073.80966,-0.564092099666595,-0.000202747469302267,0,0,0,0,0,38
3,5201,1074.02966,-0.557517290115356,-0.000141754862852395,0,0,0,0,0,38
3,5202,1074.24966,-0.563859343528748,-0.000266019662376493,0,0,0,0,0,38
3,5203,1074.46966,-0.546539902687073,-4.45650257461239E-05,0,0,0,0,0,38
3,5204,1074.68966,-0.556159675121307,-0.00021357745572459,0,0,0,0,0,38
3,5205,1074.90966,-0.542971253395081,-5.15282736159861E-05,0,0,0,0,0,38
3,5206,1075.12966,-0.553347408771515,-0.000240636873058975,0,0,0,0,0,38
3,5207,1075.34966,-0.551369190216064,-0.000236622305237688,0,0,0,0,0,38
3,5208,1075.56966,-0.534961223602295,-3.33226853399538E-05,0,0,0,0,0,38
3,5209,1075.78966,-0.536202490329742,-8.07544638519175E-05,0,0,0,0,0,38
3,5210,1076.00966,-0.539034128189087,-0.00015730741142761,0,0,0,0,0,38
3,5211,1076.22966,-0.5296471118927,-5.07891563756857E-05,0,0,0,0,0,38
3,5212,1076.44966,-0.526873648166656,-4.18419658672065E-05,0,0,0,0,0,38
3,5213,1076.66966,-0.534592747688293,-0.000183631607796997,0,0,0,0,0,38
3,5214,1076.88966,-0.533622980117798,-0.00020472751930356,0,0,0,0,0,38
3,5215,1077.10966,-0.536978304386139,-0.000282564200460911,0,0,0,0,0,38
3,5216,1077.32966,-0.532730877399445,-0.000252902304055169,0,0,0,0,0,38
3,5217,1077.54966,-0.52528327703476,-0.000179091875907034,0,0,0,0,0,38
3,5218,1077.76966,-0.513277947902679,-3.60185113095213E-05,0,0,0,0,0,38
3,5219,1077.98966,-0.516128957271576,-0.000104577331512701,0,0,0,0,0,38
3,5220,1078.20966,-0.507401347160339,-1.39150606628391E-05,0,0,0,0,0,38
3,5221,1078.42966,-0.521016418933868,-0.000241411005845293,0,0,0,0,0,38
3,5222,1078.64966,-0.513724029064178,-0.00016957672778517,0,0,0,0,0,38
3,5223,1078.86966,-0.511726379394531,-0.000168717029737309,0,0,0,0,0,38
3,5224,1079.08966,-0.506218254566193,-0.000120705619337969,0,0,0,0,0,38
3,5225,1079.30966,-0.510814845561981,-0.000216607833863236,0,0,0,0,0,38
3,5226,1079.52966,-0.49735489487648,-5.76084712520242E-05,0,0,0,0,0,38
3,5227,1079.74966,-0.502048432826996,-0.000157708083861507,0,0,0,0,0,38
3,5228,1079.96966,-0.492545008659363,-4.61755189462565E-05,0,0,0,0,0,38
3,5229,1080.18966,-0.494891762733459,-0.000112699824967422,0,0,0,0,0,38
3,5230,1080.40966,-0.498130679130554,-0.000193652449524961,0,0,0,0,0,38
3,5231,1080.62966,-0.487017512321472,-6.26150067546405E-05,0,0,0,0,0,38
3,5232,1080.84966,-0.493941426277161,-0.000196348279132508,0,0,0,0,0,38
3,5233,1081.06966,-0.495396018028259,-0.000242881462327205,0,0,0,0,0,38
3,5234,1081.28966,-0.482323974370956,-8.44033638713881E-05,0,0,0,0,0,38
3,5235,1081.50966,-0.4856016933918,-0.00016658914682921,0,0,0,0,0,38
3,5236,1081.72966,-0.47922083735466,-0.000107323736301623,0,0,0,0,0,38
3,5237,1081.94966,-0.472083568572998,-3.61157653969713E-05,0,0,0,0,0,38
3,5238,1082.16966,-0.483972549438477,-0.000239520421018824,0,0,0,0,0,38
3,5239,1082.38966,-0.469639837741852,-6.44277897663414E-05,0,0,0,0,0,38
3,5240,1082.60966,-0.465625137090683,-3.85976381949149E-05,0,0,0,0,0,38
3,5241,1082.82966,-0.477940768003464,-0.00024444138398394,0,0,0,0,0,38
3,5242,1083.04966,-0.460175216197968,-2.12089653359726E-05,0,0,0,0,0,38
3,5243,1083.26966,-0.457382380962372,-9.56205713009695E-06,0,0,0,0,0,38
3,5244,1083.48966,-0.463937789201736,-0.000136063667014241,0,0,0,0,0,38
3,5245,1083.70966,-0.459903687238693,-0.000105880513729062,0,0,0,0,0,38
3,5246,1083.92966,-0.452436715364456,-3.24201864714269E-05,0,0,0,0,0,38
3,5247,1084.14966,-0.448965072631836,-1.42496073749498E-05,0,0,0,0,0,38
3,5248,1084.36966,-0.458080589771271,-0.000176967892912216,0,0,0,0,0,38
3,5249,1084.58966,-0.448945671319962,-7.59229806135409E-05,0,0,0,0,0,38
3,5250,1084.80966,-0.45230096578598,-0.000158466660650447,0,0,0,0,0,38
3,5251,1085.02966,-0.455035626888275,-0.000228954959311523,0,0,0,0,0,38
3,5252,1085.24966,-0.452436715364456,-0.000219793815631419,0,0,0,0,0,38
3,5253,1085.46966,-0.444290935993195,-0.000132158020278439,0,0,0,0,0,38
3,5254,1085.68966,-0.445318877696991,-0.000175493551068939,0,0,0,0,0,38
3,5255,1085.90966,-0.444232761859894,-0.000196861772565171,0,0,0,0,0,38
3,5256,1086.12966,-0.436086982488632,-0.00010447230306454,0,0,0,0,0,38
3,5257,1086.34966,-0.424838036298752,1.80575316335307E-05,0,0,0,0,0,38
3,5258,1086.56966,-0.426389634609222,-3.13543023366947E-05,0,0,0,0,0,38
3,5259,1086.78966,-0.425109565258026,-4.666177846957E-05,0,0,0,0,0,38
3,5260,1087.00966,-0.43119952082634,-0.00016378439613618,0,0,0,0,0,38
3,5261,1087.22966,-0.431180119514465,-0.000193749714526348,0,0,0,0,0,38
3,5262,1087.44966,-0.418825685977936,-4.62844400317408E-05,0,0,0,0,0,38
3,5263,1087.66966,-0.419039040803909,-8.51463701110333E-05,0,0,0,0,0,38
3,5264,1087.88966,-0.411552667617798,-6.64838535158196E-06,0,0,0,0,0,38
3,5265,1088.10966,-0.417661994695663,-0.000124930244055577,0,0,0,0,0,38
3,5266,1088.32966,-0.423984676599503,-0.000247405609115958,0,0,0,0,0,38
3,5267,1088.54966,-0.40478390455246,-2.91001538244018E-06,0,0,0,0,0,38
3,5268,1088.76966,-0.412289679050446,-0.000136619943077676,0,0,0,0,0,38
3,5269,1088.98966,-0.410582929849625,-0.00014762110367883,0,0,0,0,0,38
3,5270,1089.20966,-0.403154760599136,-6.85746199451387E-05,0,0,0,0,0,38
3,5271,1089.42966,-0.400924354791641,-6.75943156238645E-05,0,0,0,0,0,38
3,5272,1089.64966,-0.405191212892532,-0.000160878509632312,0,0,0,0,0,38
3,5273,1089.86966,-0.403949946165085,-0.000175264038261957,0,0,0,0,0,38
3,5274,1090.08966,-0.397937566041946,-0.000120596698252484,0,0,0,0,0,38
3,5275,1090.30966,-0.389772415161133,-3.16227196890395E-05,0,0,0,0,0,38
3,5276,1090.52966,-0.399178832769394,-0.000199592614080757,0,0,0,0,0,38
3,5277,1090.74966,-0.393593162298203,-0.000150192441651598,0,0,0,0,0,38
3,5278,1090.96966,-0.383294582366943,-3.06657566397917E-05,0,0,0,0,0,38
3,5279,1091.18966,-0.39277857542038,-0.000202241761144251,0,0,0,0,0,38
3,5280,1091.40966,-0.392700999975204,-0.000233774771913886,0,0,0,0,0,38
3,5281,1091.62966,-0.390877902507782,-0.000235350249568,0,0,0,0,0,38
3,5282,1091.84966,-0.375362128019333,-4.01847901230212E-05,0,0,0,0,0,38
3,5283,1092.06966,-0.369291573762894,1.51438598550158E-05,0,0,0,0,0,38
3,5284,1092.28966,-0.372142612934113,-5.64959082112182E-05,0,0,0,0,0,38
3,5285,1092.50966,-0.379784137010574,-0.000198126057512127,0,0,0,0,0,38
3,5286,1092.72966,-0.378213137388229,-0.000208563142223284,0,0,0,0,0,38
3,5287,1092.94966,-0.369175225496292,-0.000105868843093049,0,0,0,0,0,38
3,5288,1093.16966,-0.371521979570389,-0.000173719672602601,0,0,0,0,0,38
3,5289,1093.38966,-0.361242771148682,-5.75851336179767E-05,0,0,0,0,0,38
3,5290,1093.60966,-0.359788179397583,-6.5166903368663E-05,0,0,0,0,0,38
3,5291,1093.82966,-0.357014715671539,-5.7371176808374E-05,0,0,0,0,0,38
3,5292,1094.04966,-0.357208669185638,-9.10787493921816E-05,0,0,0,0,0,38
3,5293,1094.26966,-0.347744047641754,1.22301871670061E-05,0,0,0,0,0,38
3,5294,1094.48966,-0.34927624464035,-4.01342185796238E-05,0,0,0,0,0,38
3,5295,1094.70966,-0.354726165533066,-0.000147302111145109,0,0,0,0,0,38
3,5296,1094.92966,-0.3501877784729,-0.000116267037810758,0,0,0,0,0,38
3,5297,1095.14966,-0.342274755239487,-3.25563378282823E-05,0,0,0,0,0,38
3,5298,1095.36966,-0.33752304315567,6.43396379018668E-06,0,0,0,0,0,38
3,5299,1095.58966,-0.343011736869812,-0.000105829938547686,0,0,0,0,0,38
3,5300,1095.80966,-0.33230584859848,1.98002890101634E-05,0,0,0,0,0,38
3,5301,1096.02966,-0.343690544366837,-0.000176123736309819,0,0,0,0,0,38
3,5302,1096.24966,-0.335641741752625,-8.89819930307567E-05,0,0,0,0,0,38
3,5303,1096.46966,-0.333120435476303,-8.59788488014601E-05,0,0,0,0,0,38
3,5304,1096.68966,-0.331316739320755,-9.05574779608287E-05,0,0,0,0,0,38
3,5305,1096.90966,-0.339520692825317,-0.000240457928157412,0,0,0,0,0,38
3,5306,1097.12966,-0.320203542709351,7.79938272899017E-06,0,0,0,0,0,38
3,5307,1097.34966,-0.332596778869629,-0.000198184396140277,0,0,0,0,0,38
3,5308,1097.56966,-0.328116595745087,-0.000166698067914695,0,0,0,0,0,38
3,5309,1097.78966,-0.315568208694458,-1.81163504748838E-05,0,0,0,0,0,38
3,5310,1098.00966,-0.325110405683517,-0.00018713268218562,0,0,0,0,0,38
3,5311,1098.22966,-0.308663696050644,2.13718831219012E-05,0,0,0,0,0,38
3,5312,1098.44966,-0.315141528844833,-0.000103087433672044,0,0,0,0,0,38
3,5313,1098.66966,-0.309420108795166,-5.37845226062927E-05,0,0,0,0,0,38
3,5314,1098.88966,-0.303659856319427,-1.14002773443644E-06,0,0,0,0,0,38
3,5315,1099.10966,-0.298384487628937,4.3066876969533E-05,0,0,0,0,0,38
3,5316,1099.32966,-0.310157090425491,-0.00015727239951957,0,0,0,0,0,38
3,5317,1099.54966,-0.294331014156342,3.98108750232495E-05,0,0,0,0,0,38
3,5318,1099.76966,-0.299431830644608,-6.52058079140261E-05,0,0,0,0,0,38
3,5319,1099.98966,-0.292915195226669,-5.86258829571307E-06,0,0,0,0,0,38
3,5320,1100.20966,-0.296871721744537,-9.14833144634031E-05,0,0,0,0,0,38
3,5321,1100.42966,-0.295998960733414,-0.000106187828350812,0,0,0,0,0,38
3,5322,1100.64966,-0.284400910139084,2.87552593363216E-05,0,0,0,0,0,38
3,5323,1100.86966,-0.280017703771591,5.95997298660222E-05,0,0,0,0,0,38
3,5324,1101.08966,-0.294932246208191,-0.000178971284185536,0,0,0,0,0,38
3,5325,1101.30966,-0.286068856716156,-8.83673565112986E-05,0,0,0,0,0,38
3,5326,1101.52966,-0.290742993354797,-0.000186304081580602,0,0,0,0,0,38
3,5327,1101.74966,-0.278214007616043,-3.97957810491789E-05,0,0,0,0,0,38
3,5328,1101.96966,-0.283722102642059,-0.000145462108775973,0,0,0,0,0,38
3,5329,1102.18966,-0.270747035741806,6.7646210482053E-06,0,0,0,0,0,38
3,5330,1102.40966,-0.272201627492905,-4.40243020420894E-05,0,0,0,0,0,38
3,5331,1102.62966,-0.275925427675247,-0.000126941420603544,0,0,0,0,0,38
3,5332,1102.84966,-0.265665620565414,-9.94717538560508E-06,0,0,0,0,0,38
3,5333,1103.06966,-0.264579504728317,-2.80477324849926E-05,0,0,0,0,0,38
3,5334,1103.28966,-0.260487228631973,-1.05265627325934E-07,0,0,0,0,0,38
3,5335,1103.50966,-0.260739356279373,-3.53922077920288E-05,0,0,0,0,0,38
3,5336,1103.72966,-0.266518980264664,-0.000145874451845884,0,0,0,0,0,38
3,5337,1103.94966,-0.266208678483963,-0.000172338695847429,0,0,0,0,0,38
3,5338,1104.16966,-0.262775808572769,-0.00015580584295094,0,0,0,0,0,38
3,5339,1104.38966,-0.25067350268364,-9.40256359172054E-06,0,0,0,0,0,38
3,5340,1104.60966,-0.258819282054901,-0.000158108770847321,0,0,0,0,0,38
3,5341,1104.82966,-0.252302646636963,-9.84232246992178E-05,0,0,0,0,0,38
3,5342,1105.04966,-0.242294982075691,1.39379344545887E-05,0,0,0,0,0,38
3,5343,1105.26966,-0.237698435783386,4.56498892162927E-05,0,0,0,0,0,38
3,5344,1105.48966,-0.236495956778526,3.67182583431713E-05,0,0,0,0,0,38
3,5345,1105.70966,-0.238862112164497,-2.49434451689012E-05,0,0,0,0,0,38
3,5346,1105.92966,-0.248229771852493,-0.000194792242837138,0,0,0,0,0,38
3,5347,1106.14966,-0.242547109723091,-0.000142237229738384,0,0,0,0,0,38
3,5348,1106.36966,-0.234944388270378,-6.66334672132507E-05,0,0,0,0,0,38
3,5349,1106.58966,-0.230076313018799,-2.51768506132066E-05,0,0,0,0,0,38
3,5350,1106.80966,-0.240064591169357,-0.000195908709429204,0,0,0,0,0,38
3,5351,1107.02966,-0.230619370937347,-9.67193700489588E-05,0,0,0,0,0,38
3,5352,1107.24966,-0.233218252658844,-0.000162959695444442,0,0,0,0,0,38
3,5353,1107.46966,-0.229707807302475,-0.000141922137117945,0,0,0,0,0,38
3,5354,1107.68966,-0.229552656412125,-0.000169658422237262,0,0,0,0,0,38
3,5355,1107.90966,-0.211457386612892,5.53284189663827E-05,0,0,0,0,0,38
3,5356,1108.12966,-0.216480612754822,-4.70896884507965E-05,0,0,0,0,0,38
3,5357,1108.34966,-0.220960795879364,-0.000141140219056979,0,0,0,0,0,38
3,5358,1108.56966,-0.21004156768322,-1.69376544363331E-05,0,0,0,0,0,38
3,5359,1108.78966,-0.213377460837364,-9.3821254267823E-05,0,0,0,0,0,38
3,5360,1109.00966,-0.214482963085175,-0.000140564487082884,0,0,0,0,0,38
3,5361,1109.22966,-0.195864036679268,9.10510498215444E-05,0,0,0,0,0,38
3,5362,1109.44966,-0.197202265262604,4.15808644902427E-05,0,0,0,0,0,38
3,5363,1109.66966,-0.199102953076363,-1.58289803948719E-05,0,0,0,0,0,38
3,5364,1109.88966,-0.198482319712639,-3.71310743503273E-05,0,0,0,0,0,38
3,5365,1110.10966,-0.192023873329163,2.24688865273492E-05,0,0,0,0,0,38
3,5366,1110.32966,-0.1997429728508,-0.000116247581900097,0,0,0,0,0,38
3,5367,1110.54966,-0.192857846617699,-4.96904613100924E-05,0,0,0,0,0,38
3,5368,1110.76966,-0.190685644745827,-4.97479668410961E-05,0,0,0,0,0,38
3,5369,1110.98966,-0.188629806041718,-4.92288563691545E-05,0,0,0,0,0,38
3,5370,1111.20966,-0.186535179615021,-4.93423140142113E-05,0,0,0,0,0,38
3,5371,1111.42966,-0.183955684304237,-4.25367579737213E-05,0,0,0,0,0,38
3,5372,1111.64966,-0.181783467531204,-4.41636439063586E-05,0,0,0,0,0,38
3,5373,1111.86966,-0.179999157786369,-4.94507221446838E-05,0,0,0,0,0,38
3,5374,1112.08966,-0.177477836608887,-4.48871323897038E-05,0,0,0,0,0,38
3,5375,1112.30966,-0.17513108253479,-4.44006618636195E-05,0,0,0,0,0,38
3,5376,1112.52966,-0.173114031553268,-4.19115749537013E-05,0,0,0,0,0,38
3,5377,1112.74966,-0.171058192849159,-4.56331617897376E-05,0,0,0,0,0,38
3,5378,1112.96966,-0.168633848428726,-4.43532589997631E-05,0,0,0,0,0,38
3,5379,1113.18966,-0.166500434279442,-4.44096003775485E-05,0,0,0,0,0,38
3,5380,1113.40966,-0.164793699979782,-4.40801049990114E-05,0,0,0,0,0,38
3,5381,1113.62966,-0.161865100264549,-3.93509908462875E-05,0,0,0,0,0,38
3,5382,1113.84966,-0.15980926156044,-3.80166893592104E-05,0,0,0,0,0,38
3,5383,1114.06966,-0.157772809267044,-3.88264415960293E-05,0,0,0,0,0,38
3,5384,1114.28966,-0.155212715268135,-3.78826371161267E-05,0,0,0,0,0,38
3,5385,1114.50966,-0.153505980968475,-4.10983266192488E-05,0,0,0,0,0,38
3,5386,1114.72966,-0.151178613305092,-3.93509908462875E-05,0,0,0,0,0,38
3,5387,1114.94966,-0.14890943467617,-3.52672686858568E-05,0,0,0,0,0,38
3,5388,1115.16966,-0.146485090255737,-3.46653978340328E-05,0,0,0,0,0,38
3,5389,1115.38966,-0.144448637962341,-3.42309904226568E-05,0,0,0,0,0,38
3,5390,1115.60966,-0.142063096165657,-3.61384118150454E-05,0,0,0,0,0,38
3,5391,1115.82966,-0.140065431594849,-3.6001638363814E-05,0,0,0,0,0,38
3,5392,1116.04966,-0.137990206480026,-3.60921731044073E-05,0,0,0,0,0,38
3,5393,1116.26966,-0.13570162653923,-3.31655719492119E-05,0,0,0,0,0,38
3,5394,1116.48966,-0.133917316794395,-3.34496035065968E-05,0,0,0,0,0,38
3,5395,1116.70966,-0.1314347833395,-3.53578034264501E-05,0,0,0,0,0,38
3,5396,1116.92966,-0.129107415676117,-3.29258327838033E-05,0,0,0,0,0,38
3,5397,1117.14966,-0.126644298434258,-3.11757758026943E-05,0,0,0,0,0,38
3,5398,1117.36966,-0.124491482973099,-3.04895875160582E-05,0,0,0,0,0,38
3,5399,1117.58966,-0.122687771916389,-2.89287581836106E-05,0,0,0,0,0,38
3,5400,1117.80966,-0.120224639773369,-2.95073186862282E-05,0,0,0,0,0,38
3,5401,1118.02966,-0.118246383965015,-3.16641926474404E-05,0,0,0,0,0,38
3,5402,1118.24966,-0.115899622440338,-3.19559949275572E-05,0,0,0,0,0,38
3,5403,1118.46966,-0.113475285470486,-2.90876778308302E-05,0,0,0,0,0,38
3,5404,1118.68966,-0.111477628350258,-2.82701566902688E-05,0,0,0,0,0,38
3,5405,1118.90966,-0.109402388334274,-3.10191899188794E-05,0,0,0,0,0,38
3,5406,1119.12966,-0.107036232948303,-2.56481816904852E-05,0,0,0,0,0,38
3,5407,1119.34966,-0.104747660458088,-2.6606749088387E-05,0,0,0,0,0,38
3,5408,1119.56966,-0.10284698009491,-3.0756913474761E-05,0,0,0,0,0,38
3,5409,1119.78966,-0.100674770772457,-2.77611488854745E-05,0,0,0,0,0,38
3,5410,1120.00966,-0.0981922447681427,-2.39614619204076E-05,0,0,0,0,0,38
3,5411,1120.22966,-0.0965630933642387,-2.82122618955327E-05,0,0,0,0,0,38
3,5412,1120.44966,-0.0939060151576996,-2.52421414188575E-05,0,0,0,0,0,38
3,5413,1120.66966,-0.0919665396213531,-2.55728027696023E-05,0,0,0,0,0,38
3,5414,1120.88966,-0.0894258320331573,-2.46616382355569E-05,0,0,0,0,0,38
3,5415,1121.10966,-0.0877384915947914,-2.88393912342144E-05,0,0,0,0,0,38
3,5416,1121.32966,-0.0856050774455071,-2.76558494078927E-05,0,0,0,0,0,38
3,5417,1121.54966,-0.0828704237937927,-2.20509318751283E-05,0,0,0,0,0,38
3,5418,1121.76966,-0.0803491100668907,-1.82893236342352E-05,0,0,0,0,0,38
3,5419,1121.98966,-0.0787781327962875,-2.28735043492634E-05,0,0,0,0,0,38
3,5420,1122.20966,-0.0761792436242104,-2.26465890591498E-05,0,0,0,0,0,38
3,5421,1122.42966,-0.0741621926426888,-2.21515674638795E-05,0,0,0,0,0,38
3,5422,1122.64966,-0.0716990604996681,-2.1896286853007E-05,0,0,0,0,0,38
3,5423,1122.86966,-0.0698565691709518,-2.10764337680303E-05,0,0,0,0,0,38
3,5424,1123.08966,-0.0675679892301559,-2.32573984249029E-05,0,0,0,0,0,38
3,5425,1123.30966,-0.0654733628034592,-2.07108023460023E-05,0,0,0,0,0,38
3,5426,1123.52966,-0.0629908367991447,-1.97541794477729E-05,0,0,0,0,0,38
3,5427,1123.74966,-0.0608380250632763,-2.11976639548084E-05,0,0,0,0,0,38
3,5428,1123.96966,-0.0588015764951706,-2.09730787901208E-05,0,0,0,0,0,38
3,5429,1124.18966,-0.0565323978662491,-1.92770330613712E-05,0,0,0,0,0,38
3,5430,1124.40966,-0.0543601885437965,-1.96667533600703E-05,0,0,0,0,0,38
3,5431,1124.62966,-0.0519940331578255,-1.87458772415994E-05,0,0,0,0,0,38
3,5432,1124.84966,-0.0502291135489941,-1.97168774320744E-05,0,0,0,0,0,38
3,5433,1125.06966,-0.0476108267903328,-1.87085752259009E-05,0,0,0,0,0,38
3,5434,1125.28966,-0.0454774089157581,-1.90166992979357E-05,0,0,0,0,0,38
3,5435,1125.50966,-0.0434215702116489,-1.5956435163389E-05,0,0,0,0,0,38
3,5436,1125.72966,-0.0410360172390938,-1.63236200023675E-05,0,0,0,0,0,38
3,5437,1125.94966,-0.0395620204508305,-1.92801398952724E-05,0,0,0,0,0,38
3,5438,1126.16966,-0.0365364439785481,-1.21516959552537E-05,0,0,0,0,0,38
3,5439,1126.38966,-0.0345969721674919,-1.58822203957243E-05,0,0,0,0,0,38
3,5440,1126.60966,-0.0321920290589333,-1.30247808556305E-05,0,0,0,0,0,38
3,5441,1126.82966,-0.0301943719387054,-1.51474614540348E-05,0,0,0,0,0,38
3,5442,1127.04966,-0.028177322819829,-1.62117157742614E-05,0,0,0,0,0,38
3,5443,1127.26966,-0.0255590360611677,-1.39270077852416E-05,0,0,0,0,0,38
3,5444,1127.48966,-0.023270457983017,-1.29299733089283E-05,0,0,0,0,0,38
3,5445,1127.70966,-0.0212728027254343,-1.2292742212594E-05,0,0,0,0,0,38
3,5446,1127.92966,-0.0189648326486349,-1.36899880089913E-05,0,0,0,0,0,38
3,5447,1128.14966,-0.0171417277306318,-1.67459802469239E-05,0,0,0,0,0,38
3,5448,1128.36966,-0.0146592054516077,-1.19049627755885E-05,0,0,0,0,0,38
3,5449,1128.58966,-0.0124676022678614,-1.28860665427055E-05,0,0,0,0,0,38
3,5450,1128.80966,-0.0105863148346543,-1.26261229524971E-05,0,0,0,0,0,38
3,5451,1129.02966,-0.00808439683169127,-1.00989554994158E-05,0,0,0,0,0,38
3,5452,1129.24966,-0.00577642535790801,-9.96840117295505E-06,0,0,0,0,0,38
3,5453,1129.46966,-0.00362361175939441,-1.16830979095539E-05,0,0,0,0,0,38
3,5454,1129.68966,-0.00135442998725921,-1.14161603050889E-05,0,0,0,0,0,38
3,5455,1129.90966,0.000875962316058576,-1.48906256072223E-05,0,0,0,0,0,38
3,5456,1130.12966,0.00267967092804611,-1.6779395082267E-05,0,0,0,0,0,38
3,5457,1130.34966,0.0045609581284225,-1.65225610544439E-05,0,0,0,0,0,38
3,5458,1130.56966,0.0074119814671576,-1.16193741632742E-05,0,0,0,0,0,38
3,5459,1130.78966,0.00954539980739355,-1.48471071952372E-05,0,0,0,0,0,38
3,5460,1131.00966,0.0112715298309922,-1.4110017218627E-05,0,0,0,0,0,38
3,5461,1131.22966,0.0141419479623437,-1.05694971352932E-05,0,0,0,0,0,38
3,5462,1131.44966,0.0160038396716118,-8.56687984196469E-06,0,0,0,0,0,38
3,5463,1131.66966,0.0181566532701254,-1.05508461274439E-05,0,0,0,0,0,38
3,5464,1131.88966,0.0205228086560965,-9.08288257051026E-06,0,0,0,0,0,38
3,5465,1132.10966,0.0226174388080835,-1.28441024571657E-05,0,0,0,0,0,38
3,5466,1132.32966,0.0250417776405811,-1.10454775494873E-05,0,0,0,0,0,38
3,5467,1132.54966,0.0272139869630337,-6.88015961713973E-06,0,0,0,0,0,38
3,5468,1132.76966,0.0292116422206163,-1.14146059786435E-05,0,0,0,0,0,38
3,5469,1132.98966,0.0311899036169052,-9.82852088782238E-06,0,0,0,0,0,38
3,5470,1133.20966,0.033730611205101,-8.23427672003163E-06,0,0,0,0,0,38
3,5471,1133.42966,0.0360773727297783,-7.87719363870565E-06,0,0,0,0,0,38
3,5472,1133.64966,0.0379004739224911,-8.53618439577986E-06,0,0,0,0,0,38
3,5473,1133.86966,0.0401308685541153,-1.16271457955008E-05,0,0,0,0,0,38
3,5474,1134.08966,0.042109128087759,-1.2928418982483E-05,0,0,0,0,0,38
3,5475,1134.30966,0.0447274148464203,-1.04789633041946E-05,0,0,0,0,0,38
3,5476,1134.52966,0.0470159910619259,-8.1441312431707E-06,0,0,0,0,0,38
3,5477,1134.74966,0.0491882003843784,-8.61389526107814E-06,0,0,0,0,0,38
3,5478,1134.96966,0.0515349581837654,-8.65041965880664E-06,0,0,0,0,0,38
3,5479,1135.18966,0.0532029047608376,-9.39994424697943E-06,0,0,0,0,0,38
3,5480,1135.40966,0.0553169287741184,-1.0187935004069E-05,0,0,0,0,0,38
3,5481,1135.62966,0.0579352155327797,-1.02481608337257E-05,0,0,0,0,0,38
3,5482,1135.84966,0.0600880309939384,-9.46172440308146E-06,0,0,0,0,0,38
3,5483,1136.06966,0.062376607209444,-7.70108817960136E-06,0,0,0,0,0,38
3,5484,1136.28966,0.0642384961247444,-7.90820740803611E-06,0,0,0,0,0,38
3,5485,1136.50966,0.0665464699268341,-7.89264686318347E-06,0,0,0,0,0,38
3,5486,1136.72966,0.0687186792492867,-7.67031633586157E-06,0,0,0,0,0,38
3,5487,1136.94966,0.0709684640169144,-7.11797156327521E-06,0,0,0,0,0,38
3,5488,1137.16966,0.0730243027210236,-6.92917546984972E-06,0,0,0,0,0,38
3,5489,1137.38966,0.0749443843960762,-6.38204437564127E-06,0,0,0,0,0,38
3,5490,1137.60966,0.0778729841113091,-6.40406324237119E-06,0,0,0,0,0,38
3,5491,1137.82966,0.080103375017643,-5.88007924307021E-06,0,0,0,0,0,38
3,5492,1138.04966,0.0820428505539894,-5.95574556427891E-06,0,0,0,0,0,38
3,5493,1138.26966,0.0842538475990295,-5.7001138884516E-06,0,0,0,0,0,38
3,5494,1138.48966,0.0865424200892448,-5.31497471456532E-06,0,0,0,0,0,38
3,5495,1138.70966,0.0886758416891098,-4.89610647491645E-06,0,0,0,0,0,38
3,5496,1138.92966,0.0907510742545128,-4.36103482570616E-06,0,0,0,0,0,38
3,5497,1139.14966,0.0929620712995529,-4.02856994696776E-06,0,0,0,0,0,38
3,5498,1139.36966,0.0955027788877487,-3.36270682055329E-06,0,0,0,0,0,38
3,5499,1139.58966,0.0973258838057518,-3.26350436807843E-06,0,0,0,0,0,38
3,5500,1139.80966,0.0995174869894981,-2.41880411522288E-06,0,0,0,0,0,38
3,5501,1140.02966,0.101806059479713,-1.87112800631439E-06,0,0,0,0,0,38
3,5502,1140.24966,0.104114033281803,-1.6237829640886E-06,0,0,0,0,0,38
3,5503,1140.46966,0.106266848742962,-1.21397908969811E-06,0,0,0,0,0,38
3,5504,1140.68966,0.108400262892246,-8.30240139748639E-07,0,0,0,0,0,38
3,5505,1140.90966,0.110533684492111,-9.81907817276806E-08,0,0,0,0,0,38
3,5506,1141.12966,0.112802870571613,4.75232070584752E-07,0,0,0,0,0,38
3,5507,1141.34966,0.115091443061829,1.12281247766077E-06,0,0,0,0,0,38
3,5508,1141.56966,0.117302440106869,1.50743937865627E-06,0,0,0,0,0,38
3,5509,1141.78966,0.119455255568028,2.11012411455158E-06,0,0,0,0,0,38
3,5510,1142.00966,0.121685646474361,2.90028242488916E-06,0,0,0,0,0,38
3,5511,1142.22966,0.123974226415157,3.59715136255545E-06,0,0,0,0,0,38
3,5512,1142.44966,0.12614643573761,4.46776084572775E-06,0,0,0,0,0,38
3,5513,1142.66966,0.127969533205032,4.85048849441228E-06,0,0,0,0,0,38
3,5514,1142.88966,0.130646005272865,5.56731447431957E-06,0,0,0,0,0,38
3,5515,1143.10966,0.1324303150177,5.91693560636486E-06,0,0,0,0,0,38
3,5516,1143.32966,0.134641319513321,6.63092168906587E-06,0,0,0,0,0,38
3,5517,1143.54966,0.137182027101517,7.06931905369856E-06,0,0,0,0,0,38
3,5518,1143.76966,0.139160290360451,7.7923696153448E-06,0,0,0,0,0,38
3,5519,1143.98966,0.141584619879723,8.25333154352847E-06,0,0,0,0,0,38
3,5520,1144.20966,0.143679261207581,8.52304583531804E-06,0,0,0,0,0,38
3,5521,1144.42966,0.145851463079453,8.9133591245627E-06,0,0,0,0,0,38
3,5522,1144.64966,0.147946089506149,8.86900943442015E-06,0,0,0,0,0,38
3,5523,1144.86966,0.150370433926582,8.63197419675998E-06,0,0,0,0,0,38
3,5524,1145.08966,0.152445659041405,8.62485467223451E-06,0,0,0,0,0,38
3,5525,1145.30966,0.154637262225151,8.68114693730604E-06,0,0,0,0,0,38
3,5526,1145.52966,0.156848266720772,8.79914023244055E-06,0,0,0,0,0,38
3,5527,1145.74966,0.159388974308968,8.49690241011558E-06,0,0,0,0,0,38
3,5528,1145.96966,0.161347836256027,8.32674140838208E-06,0,0,0,0,0,38
3,5529,1146.18966,0.163423076272011,8.08320874057245E-06,0,0,0,0,0,38
3,5530,1146.40966,0.165828019380569,8.09565699455561E-06,0,0,0,0,0,38
3,5531,1146.62966,0.167942047119141,7.88593115430558E-06,0,0,0,0,0,38
3,5532,1146.84966,0.170133650302887,8.35735772852786E-06,0,0,0,0,0,38
3,5533,1147.06966,0.172305852174759,8.56393216963625E-06,0,0,0,0,0,38
3,5534,1147.28966,0.174361690878868,8.4360199252842E-06,0,0,0,0,0,38
3,5535,1147.50966,0.176786035299301,8.8280448835576E-06,0,0,0,0,0,38
3,5536,1147.72966,0.17909400165081,8.54957761475816E-06,0,0,0,0,0,38
3,5537,1147.94966,0.181072264909744,9.19419926503906E-06,0,0,0,0,0,38
3,5538,1148.16966,0.18336084485054,9.41279540711548E-06,0,0,0,0,0,38
3,5539,1148.38966,0.185649424791336,9.16809585760348E-06,0,0,0,0,0,38
3,5540,1148.60966,0.187841027975082,9.53288872551639E-06,0,0,0,0,0,38
3,5541,1148.82966,0.189916253089905,9.21761875360971E-06,0,0,0,0,0,38
3,5542,1149.04966,0.192107856273651,9.19809008337324E-06,0,0,0,0,0,38
3,5543,1149.26966,0.194493412971497,9.2553163995035E-06,0,0,0,0,0,38
3,5544,1149.48966,0.196432888507843,8.65838865138358E-06,0,0,0,0,0,38
3,5545,1149.70966,0.198760241270065,8.60314685269259E-06,0,0,0,0,0,38
3,5546,1149.92966,0.201048821210861,8.22948368295329E-06,0,0,0,0,0,38
3,5547,1150.14966,0.203182235360146,7.77054538048105E-06,0,0,0,0,0,38
3,5548,1150.36966,0.204985946416855,7.54984876039089E-06,0,0,0,0,0,38
3,5549,1150.58966,0.207429692149162,7.05640331943869E-06,0,0,0,0,0,38
3,5550,1150.80966,0.209698870778084,6.28371253696969E-06,0,0,0,0,0,38
3,5551,1151.02966,0.211754709482193,5.79271818423877E-06,0,0,0,0,0,38
3,5552,1151.24966,0.213810548186302,5.1997981245222E-06,0,0,0,0,0,38
3,5553,1151.46966,0.216487020254135,4.9484847295389E-06,0,0,0,0,0,38
3,5554,1151.68966,0.21852345764637,4.45013802163885E-06,0,0,0,0,0,38
3,5555,1151.90966,0.220404744148254,4.1045627767744E-06,0,0,0,0,0,38
3,5556,1152.12966,0.22269332408905,3.76388948097883E-06,0,0,0,0,0,38
3,5557,1152.34966,0.224632799625397,3.44912541550002E-06,0,0,0,0,0,38
3,5558,1152.56966,0.226940765976906,3.00271403830266E-06,0,0,0,0,0,38
3,5559,1152.78966,0.229306921362877,2.74801618616038E-06,0,0,0,0,0,38
3,5560,1153.00966,0.231576099991798,2.51623237090826E-06,0,0,0,0,0,38
3,5561,1153.22966,0.233825892210007,2.17622027776088E-06,0,0,0,0,0,38
3,5562,1153.44966,0.235998094081879,1.88962212632759E-06,0,0,0,0,0,38
3,5563,1153.66966,0.238131523132324,1.57073452555778E-06,0,0,0,0,0,38
3,5564,1153.88966,0.240090385079384,1.54050690071017E-06,0,0,0,0,0,38
3,5565,1154.10966,0.24288322031498,1.38563416385296E-06,0,0,0,0,0,38
3,5566,1154.32966,0.244764506816864,1.16563785468315E-06,0,0,0,0,0,38
3,5567,1154.54966,0.247072488069534,9.87112116490607E-07,0,0,0,0,0,38
3,5568,1154.76966,0.248914986848831,6.25975815182755E-07,0,0,0,0,0,38
3,5569,1154.98966,0.251319915056229,5.80068672206835E-07,0,0,0,0,0,38
3,5570,1155.20966,0.253880023956299,4.98588804020983E-07,0,0,0,0,0,38
3,5571,1155.42966,0.25589707493782,3.8643764810331E-07,0,0,0,0,0,38
3,5572,1155.64966,0.258263230323792,3.22237809768922E-07,0,0,0,0,0,38
3,5573,1155.86966,0.260183304548264,2.37608674069634E-07,0,0,0,0,0,38
3,5574,1156.08966,0.262491285800934,1.70430865864546E-07,0,0,0,0,0,38
3,5575,1156.30966,0.26468288898468,1.63229216809668E-07,0,0,0,0,0,38
3,5576,1156.52966,0.266758114099503,9.33303638817051E-08,0,0,0,0,0,38
3,5577,1156.74966,0.269007921218872,4.74227483948653E-08,0,0,0,0,0,38
3,5578,1156.96966,0.27121889591217,1.82266068904369E-09,0,0,0,0,0,38
3,5579,1157.18966,0.273294150829315,-8.15065526182934E-09,0,0,0,0,0,38
3,5580,1157.40966,0.275543928146362,-2.98295752543254E-08,0,0,0,0,0,38
3,5581,1157.62966,0.277968257665634,-5.32485735504906E-08,0,0,0,0,0,38
3,5582,1157.84966,0.279830157756805,-6.4093875096205E-08,0,0,0,0,0,38
3,5583,1158.06966,0.282273888587952,-6.66241817270929E-08,0,0,0,0,0,38
3,5584,1158.28966,0.284543067216873,-9.13200111085644E-08,0,0,0,0,0,38
3,5585,1158.50966,0.286676496267319,-1.0568049901849E-07,0,0,0,0,0,38
3,5586,1158.72966,0.28863537311554,-9.06582400261868E-08,0,0,0,0,0,38
3,5587,1158.94966,0.290846347808838,-1.54686773612411E-07,0,0,0,0,0,38
3,5588,1159.16966,0.293231904506683,-1.02192565520909E-07,0,0,0,0,0,38
3,5589,1159.38966,0.295404106378555,-1.51673759773985E-07,0,0,0,0,0,38
3,5590,1159.60966,0.29757633805275,-9.42785334245855E-08,0,0,0,0,0,38
3,5591,1159.82966,0.299748539924622,-1.38558959861257E-07,0,0,0,0,0,38
3,5592,1160.04966,0.302056491374969,-1.48633489516214E-07,0,0,0,0,0,38
3,5593,1160.26966,0.30401536822319,-1.4776151147089E-07,0,0,0,0,0,38
3,5594,1160.48966,0.306303948163986,-1.23092931403335E-07,0,0,0,0,0,38
3,5595,1160.70966,0.308611929416656,-1.01153190712466E-07,0,0,0,0,0,38
3,5596,1160.92966,0.310687154531479,-1.11145972425675E-07,0,0,0,0,0,38
3,5597,1161.14966,0.313092082738876,-6.21046609694531E-08,0,0,0,0,0,38
3,5598,1161.36966,0.315147936344147,-7.77653355044095E-08,0,0,0,0,0,38
3,5599,1161.58966,0.317223161458969,-7.70023476093229E-08,0,0,0,0,0,38
3,5600,1161.80966,0.319569945335388,-8.1700939347229E-08,0,0,0,0,0,38
3,5601,1162.02966,0.321722745895386,-6.95048427701295E-08,0,0,0,0,0,38
3,5602,1162.24966,0.323991924524307,-7.69205996675737E-08,0,0,0,0,0,38
3,5603,1162.46966,0.326105952262878,-1.04268066403179E-10,0,0,0,0,0,38
3,5604,1162.68966,0.328588485717773,-5.0990756506053E-08,0,0,0,0,0,38
3,5605,1162.90966,0.330566734075546,-6.41058051087384E-09,0,0,0,0,0,38
3,5606,1163.12966,0.332777738571167,2.04454941865606E-09,0,0,0,0,0,38
3,5607,1163.34966,0.335066318511963,1.63108538231427E-07,0,0,0,0,0,38
3,5608,1163.56966,0.337180346250534,4.36895675193227E-08,0,0,0,0,0,38
3,5609,1163.78966,0.339488297700882,5.58778765480383E-08,0,0,0,0,0,38
3,5610,1164.00966,0.341544151306152,7.25545703517128E-08,0,0,0,0,0,38
3,5611,1164.22966,0.34369695186615,1.08302018020368E-07,0,0,0,0,0,38
3,5612,1164.44966,0.346179485321045,1.34601677359569E-07,0,0,0,0,0,38
3,5613,1164.66966,0.348021984100342,1.49141229144334E-07,0,0,0,0,0,38
3,5614,1164.88966,0.350388139486313,1.80349687184389E-07,0,0,0,0,0,38
3,5615,1165.10966,0.352463364601135,1.61415186994418E-07,0,0,0,0,0,38
3,5616,1165.32966,0.354771345853806,1.95204563624429E-07,0,0,0,0,0,38
3,5617,1165.54966,0.357098698616028,2.48321612161817E-07,0,0,0,0,0,38
3,5618,1165.76966,0.359057575464249,2.52167694725358E-07,0,0,0,0,0,38
3,5619,1165.98966,0.36107462644577,2.80359245152795E-07,0,0,0,0,0,38
3,5620,1166.20966,0.363576531410217,3.2529365512346E-07,0,0,0,0,0,38
3,5621,1166.42966,0.365884512662888,3.35442138066355E-07,0,0,0,0,0,38
3,5622,1166.64966,0.368076115846634,3.36886387231061E-07,0,0,0,0,0,38
3,5623,1166.86966,0.370422869920731,4.18658231637892E-07,0,0,0,0,0,38
3,5624,1167.08966,0.372381746768951,4.0700712133912E-07,0,0,0,0,0,38
3,5625,1167.30966,0.374476373195648,4.14309994312134E-07,0,0,0,0,0,38
3,5626,1167.52966,0.376726150512695,4.56776376722701E-07,0,0,0,0,0,38
3,5627,1167.74966,0.37895655632019,4.70763154680753E-07,0,0,0,0,0,38
3,5628,1167.96966,0.381225734949112,4.82994266803871E-07,0,0,0,0,0,38
3,5629,1168.18966,0.383436739444733,4.95828828661615E-07,0,0,0,0,0,38
3,5630,1168.40966,0.385570138692856,5.70091458484967E-07,0,0,0,0,0,38
3,5631,1168.62966,0.38774237036705,6.0974724647167E-07,0,0,0,0,0,38
3,5632,1168.84966,0.390186101198196,5.98465987877717E-07,0,0,0,0,0,38
3,5633,1169.06966,0.392261326313019,6.48375362288789E-07,0,0,0,0,0,38
3,5634,1169.28966,0.394336551427841,6.92764785981126E-07,0,0,0,0,0,38
3,5635,1169.50966,0.396508783102036,6.96404583777621E-07,0,0,0,0,0,38
3,5636,1169.72966,0.398855537176132,7.2036465326164E-07,0,0,0,0,0,38
3,5637,1169.94966,0.400930762290955,7.16308363735152E-07,0,0,0,0,0,38
3,5638,1170.16966,0.403180539608002,7.99216934410651E-07,0,0,0,0,0,38
3,5639,1170.38966,0.405391544103622,8.40690631775942E-07,0,0,0,0,0,38
3,5640,1170.60966,0.40764132142067,8.14219731637422E-07,0,0,0,0,0,38
3,5641,1170.82966,0.409677773714066,8.47884507493291E-07,0,0,0,0,0,38
3,5642,1171.04966,0.41210213303566,8.48982267598331E-07,0,0,0,0,0,38
3,5643,1171.26966,0.414138555526733,8.24928747533704E-07,0,0,0,0,0,38
3,5644,1171.48966,0.41623318195343,8.17731006463873E-07,0,0,0,0,0,38
3,5645,1171.70966,0.418715715408325,8.24523908704577E-07,0,0,0,0,0,38
3,5646,1171.92966,0.420887917280197,8.92962987109058E-07,0,0,0,0,0,38
3,5647,1172.14966,0.422885596752167,8.89739737885975E-07,0,0,0,0,0,38
3,5648,1172.36966,0.425038397312164,7.86491398230282E-07,0,0,0,0,0,38
3,5649,1172.58966,0.427346378564835,7.52624146116432E-07,0,0,0,0,0,38
3,5650,1172.80966,0.429537981748581,7.41630969969265E-07,0,0,0,0,0,38
3,5651,1173.02966,0.431962311267853,7.23615130482358E-07,0,0,0,0,0,38
3,5652,1173.24966,0.433998763561249,6.94722871230624E-07,0,0,0,0,0,38
3,5653,1173.46966,0.436073988676071,6.48484387966164E-07,0,0,0,0,0,38
3,5654,1173.68966,0.438226789236069,6.27763085958577E-07,0,0,0,0,0,38
3,5655,1173.90966,0.440651148557663,5.90376771469892E-07,0,0,0,0,0,38
3,5656,1174.12966,0.442823350429535,5.62146283300535E-07,0,0,0,0,0,38
3,5657,1174.34966,0.444976150989532,5.32308092715539E-07,0,0,0,0,0,38
3,5658,1174.56966,0.447225958108902,4.97853022807249E-07,0,0,0,0,0,38
3,5659,1174.78966,0.449262410402298,4.99776092510729E-07,0,0,0,0,0,38
3,5660,1175.00966,0.45158976316452,4.57259091035667E-07,0,0,0,0,0,38
3,5661,1175.22966,0.453703790903091,4.65449517150773E-07,0,0,0,0,0,38
3,5662,1175.44966,0.456069946289063,4.14485157307354E-07,0,0,0,0,0,38
3,5663,1175.66966,0.45797061920166,3.84584666335286E-07,0,0,0,0,0,38
3,5664,1175.88966,0.460298001766205,4.1337960965393E-07,0,0,0,0,0,38
3,5665,1176.10966,0.462411999702454,4.18584249928244E-07,0,0,0,0,0,38
3,5666,1176.32966,0.464642405509949,3.36096150022058E-07,0,0,0,0,0,38
3,5667,1176.54966,0.46700856089592,3.3519691555739E-07,0,0,0,0,0,38
3,5668,1176.76966,0.468967437744141,3.59359432877682E-07,0,0,0,0,0,38
3,5669,1176.98966,0.471275389194489,3.14222575070744E-07,0,0,0,0,0,38
3,5670,1177.20966,0.473505795001984,3.77013208208155E-07,0,0,0,0,0,38
3,5671,1177.42966,0.475988328456879,3.44714777611443E-07,0,0,0,0,0,38
3,5672,1177.64966,0.478044152259827,3.54894410747875E-07,0,0,0,0,0,38
3,5673,1177.86966,0.480080604553223,3.07791708564764E-07,0,0,0,0,0,38
3,5674,1178.08966,0.482563108205795,3.12560359816416E-07,0,0,0,0,0,38
3,5675,1178.30966,0.484599560499191,3.15184109922484E-07,0,0,0,0,0,38
3,5676,1178.52966,0.486868739128113,3.10427111571698E-07,0,0,0,0,0,38
3,5677,1178.74966,0.488982766866684,2.95708503017522E-07,0,0,0,0,0,38
3,5678,1178.96966,0.49111619591713,5.67993254207977E-07,0,0,0,0,0,38
3,5679,1179.18966,0.493443548679352,3.49966143176061E-07,0,0,0,0,0,38
3,5680,1179.40966,0.495673954486847,2.87237782004013E-07,0,0,0,0,0,38
3,5681,1179.62966,0.497729778289795,3.1625461360818E-07,0,0,0,0,0,38
3,5682,1179.84966,0.499902009963989,2.95151835416618E-07,0,0,0,0,0,38
3,5683,1180.06966,0.502132415771484,3.17932403959276E-07,0,0,0,0,0,38
3,5684,1180.28966,0.504265785217285,2.82130457662788E-07,0,0,0,0,0,38
3,5685,1180.50966,0.506399214267731,2.71974187171509E-07,0,0,0,0,0,38
3,5686,1180.72966,0.508590817451477,2.48259340196455E-07,0,0,0,0,0,38
3,5687,1180.94966,0.511131525039673,2.96436439839454E-07,0,0,0,0,0,38
3,5688,1181.16966,0.51328432559967,2.80125675544696E-07,0,0,0,0,0,38
3,5689,1181.38966,0.515223801136017,2.64145796791126E-07,0,0,0,0,0,38
3,5690,1181.60966,0.517415404319763,3.05888136153953E-07,0,0,0,0,0,38
3,5691,1181.82966,0.519839763641357,2.86642205082899E-07,0,0,0,0,0,38
3,5692,1182.04966,0.522011995315552,2.93197643941312E-07,0,0,0,0,0,38
3,5693,1182.26966,0.5243781208992,2.63892758312068E-07,0,0,0,0,0,38
3,5694,1182.48966,0.526317596435547,2.96985319891974E-07,0,0,0,0,0,38
3,5695,1182.70966,0.528509199619293,1.8854790084788E-07,0,0,0,0,0,38
3,5696,1182.92966,0.53101110458374,2.20250740312622E-07,0,0,0,0,0,38
3,5697,1183.14966,0.532931208610535,3.11003248043562E-07,0,0,0,0,0,38
3,5698,1183.36966,0.535394310951233,2.85213531014961E-07,0,0,0,0,0,38
3,5699,1183.58966,0.537081658840179,2.66855153085999E-07,0,0,0,0,0,38
3,5700,1183.80966,0.539583563804626,2.64262581595176E-07,0,0,0,0,0,38
3,5701,1184.02966,0.541581213474274,2.63044142911895E-07,0,0,0,0,0,38
3,5702,1184.24966,0.543889224529266,2.62117652027882E-07,0,0,0,0,0,38
3,5703,1184.46966,0.546235978603363,2.97417415140444E-07,0,0,0,0,0,38
3,5704,1184.68966,0.548252999782562,2.73651977522604E-07,0,0,0,0,0,38
3,5705,1184.90966,0.550677359104156,2.94283722723776E-07,0,0,0,0,0,38
3,5706,1185.12966,0.552849590778351,2.91150030307108E-07,0,0,0,0,0,38
3,5707,1185.34966,0.555002391338348,2.98433434409162E-07,0,0,0,0,0,38
3,5708,1185.56966,0.557174623012543,2.99465028774648E-07,0,0,0,0,0,38
3,5709,1185.78966,0.559540748596191,8.12588396570391E-08,0,0,0,0,0,38
3,5710,1186.00966,0.561286270618439,2.60836912957529E-07,0,0,0,0,0,38
3,5711,1186.22966,0.563710629940033,2.63355559582124E-07,0,0,0,0,0,38
3,5712,1186.44966,0.565824627876282,2.87728283865363E-07,0,0,0,0,0,38
3,5713,1186.66966,0.568229556083679,3.00944293485372E-07,0,0,0,0,0,38
3,5714,1186.88966,0.570343613624573,2.61160010950334E-07,0,0,0,0,0,38
3,5715,1187.10966,0.572166681289673,3.10162391770064E-07,0,0,0,0,0,38
3,5716,1187.32966,0.574901342391968,2.91589913103962E-07,0,0,0,0,0,38
3,5717,1187.54966,0.576705098152161,3.12221686726843E-07,0,0,0,0,0,38
3,5718,1187.76966,0.579110026359558,3.04027366837545E-07,0,0,0,0,0,38
3,5719,1187.98966,0.581262826919556,2.82017566632931E-07,0,0,0,0,0,38
3,5720,1188.20966,0.583473801612854,2.95868090915974E-07,0,0,0,0,0,38
3,5721,1188.42966,0.585820615291595,3.11715638190435E-07,0,0,0,0,0,38
3,5722,1188.64966,0.587895810604095,3.09235929307761E-07,0,0,0,0,0,38
3,5723,1188.86966,0.590106844902039,3.15141278406372E-07,0,0,0,0,0,38
3,5724,1189.08966,0.592531144618988,3.12369621724429E-07,0,0,0,0,0,38
3,5725,1189.30966,0.594664573669434,3.29793721220994E-07,0,0,0,0,0,38
3,5726,1189.52966,0.596681654453278,2.97596500331565E-07,0,0,0,0,0,38
3,5727,1189.74966,0.598737478256226,3.16340248218694E-07,0,0,0,0,0,38
3,5728,1189.96966,0.601336359977722,3.41464300390726E-07,0,0,0,0,0,38
3,5729,1190.18966,0.603275835514069,2.92275046831492E-07,0,0,0,0,0,38
3,5730,1190.40966,0.605428636074066,2.9364531428655E-07,0,0,0,0,0,38
3,5731,1190.62966,0.607581436634064,3.45174100857548E-07,0,0,0,0,0,38
3,5732,1190.84966,0.610005795955658,2.96533755772543E-07,0,0,0,0,0,38
3,5733,1191.06966,0.612333178520203,2.98530750342252E-07,0,0,0,0,0,38
3,5734,1191.28966,0.614369630813599,3.04696925468306E-07,0,0,0,0,0,38
3,5735,1191.50966,0.616406083106995,3.46875253853796E-07,0,0,0,0,0,38
3,5736,1191.72966,0.618985533714294,3.05218577523192E-07,0,0,0,0,0,38
3,5737,1191.94966,0.620905637741089,3.10781359758039E-07,0,0,0,0,0,38
3,5738,1192.16966,0.623194217681885,3.25250852029058E-07,0,0,0,0,0,38
3,5739,1192.38966,0.62542462348938,3.02762231285669E-07,0,0,0,0,0,38
3,5740,1192.60966,0.627674400806427,2.9519463851102E-07,0,0,0,0,0,38
3,5741,1192.82966,0.629788398742676,2.98608625826091E-07,0,0,0,0,0,38
3,5742,1193.04966,0.632076978683472,3.00111224760258E-07,0,0,0,0,0,38
3,5743,1193.26966,0.634307384490967,2.8536925356093E-07,0,0,0,0,0,38
3,5744,1193.48966,0.636576533317566,3.34574053795222E-07,0,0,0,0,0,38
3,5745,1193.70966,0.638457834720612,3.1001837896838E-07,0,0,0,0,0,38
3,5746,1193.92966,0.640785217285156,3.23682058933628E-07,0,0,0,0,0,38
3,5747,1194.14966,0.642802238464355,4.13912914609682E-07,0,0,0,0,0,38
3,5748,1194.36966,0.644935667514801,3.19396093573232E-07,0,0,0,0,0,38
3,5749,1194.58966,0.647379398345947,3.26609409739831E-07,0,0,0,0,0,38
3,5750,1194.80966,0.64953225851059,2.92528085310551E-07,0,0,0,0,0,38
3,5751,1195.02966,0.651568651199341,3.13315553057691E-07,0,0,0,0,0,38
3,5752,1195.24966,0.653934836387634,2.90005573333474E-07,0,0,0,0,0,38
3,5753,1195.46966,0.656262218952179,3.29859886960548E-07,0,0,0,0,0,38
3,5754,1195.68966,0.658473193645477,3.13946202368243E-07,0,0,0,0,0,38
3,5755,1195.90966,0.660393297672272,2.96416970968494E-07,0,0,0,0,0,38
3,5756,1196.12966,0.662837028503418,3.74953913251375E-07,0,0,0,0,0,38
3,5757,1196.34966,0.665067374706268,3.44344954328335E-07,0,0,0,0,0,38
3,5758,1196.56966,0.666909873485565,3.42643801332088E-07,0,0,0,0,0,38
3,5759,1196.78966,0.66923725605011,3.59149225914734E-07,0,0,0,0,0,38
3,5760,1197.00966,0.671293079853058,3.5619848404167E-07,0,0,0,0,0,38
3,5761,1197.22966,0.67385321855545,4.13944064803218E-07,0,0,0,0,0,38
3,5762,1197.44966,0.676025390625,3.30813634263905E-07,0,0,0,0,0,38
3,5763,1197.66966,0.678236424922943,3.37088806645625E-07,0,0,0,0,0,38
3,5764,1197.88966,0.680292248725891,3.50557826322984E-07,0,0,0,0,0,38
3,5765,1198.10966,0.682677805423737,3.54839897909187E-07,0,0,0,0,0,38
3,5766,1198.32966,0.684636652469635,3.15367060466087E-07,0,0,0,0,0,38
3,5767,1198.54966,0.686673104763031,3.13817736241617E-07,0,0,0,0,0,38
3,5768,1198.76966,0.689019858837128,3.60005628863291E-07,0,0,0,0,0,38
3,5769,1198.98966,0.691308438777924,3.59312707587378E-07,0,0,0,0,0,38
3,5770,1199.20966,0.693577647209167,3.31693399857613E-07,0,0,0,0,0,38
3,5771,1199.42966,0.695672273635864,3.40763591566429E-07,0,0,0,0,0,38
3,5772,1199.64966,0.697844445705414,3.25620646890457E-07,0,0,0,0,0,38
3,5773,1199.86966,0.700094282627106,3.59550170969669E-07,0,0,0,0,0,38
3,5774,1200.08966,0.702227652072906,3.66973722520925E-07,0,0,0,0,0,38
3,5775,1200.30966,0.704361081123352,3.46633896697313E-07,0,0,0,0,0,38
3,5776,1200.52966,0.706630289554596,3.21459253882495E-07,0,0,0,0,0,38
3,5777,1200.74966,0.709015846252441,3.59491792778499E-07,0,0,0,0,0,38
3,5778,1200.96966,0.711110472679138,3.62014304755576E-07,0,0,0,0,0,38
3,5779,1201.18966,0.713399052619934,3.3725618209246E-07,0,0,0,0,0,38
3,5780,1201.40966,0.71568763256073,3.51908624907082E-07,0,0,0,0,0,38
3,5781,1201.62966,0.717549502849579,3.68332308653407E-07,0,0,0,0,0,38
3,5782,1201.84966,0.719857454299927,3.79590233023919E-07,0,0,0,0,0,38
3,5783,1202.06966,0.72222363948822,3.46626109148929E-07,0,0,0,0,0,38
3,5784,1202.28966,0.724260091781616,3.55015089326116E-07,0,0,0,0,0,38
3,5785,1202.50966,0.726509869098663,3.69784316944788E-07,0,0,0,0,0,38
3,5786,1202.72966,0.728779017925262,3.6557230487233E-07,0,0,0,0,0,38
3,5787,1202.94966,0.730737924575806,3.59791528126152E-07,0,0,0,0,0,38
3,5788,1203.16966,0.733026504516602,3.76787426148439E-07,0,0,0,0,0,38
3,5789,1203.38966,0.735101699829102,3.99941711748397E-07,0,0,0,0,0,38
3,5790,1203.60966,0.737584233283997,3.90186386312052E-07,0,0,0,0,0,38
3,5791,1203.82966,0.739717662334442,3.89512933907099E-07,0,0,0,0,0,38
3,5792,1204.04966,0.742006242275238,3.80388257781306E-07,0,0,0,0,0,38
3,5793,1204.26966,0.744062066078186,3.84051361379534E-07,0,0,0,0,0,38
3,5794,1204.48966,0.746311843395233,3.46575518506143E-07,0,0,0,0,0,38
3,5795,1204.70966,0.748639225959778,3.11236817651661E-07,0,0,0,0,0,38
3,5796,1204.92966,0.750830829143524,2.95393164151392E-07,0,0,0,0,0,38
3,5797,1205.14966,0.752944827079773,3.09150266275537E-07,0,0,0,0,0,38
3,5798,1205.36966,0.755349814891815,1.92491285133656E-07,0,0,0,0,0,38
3,5799,1205.58966,0.757289290428162,3.09080206761791E-07,0,0,0,0,0,38
3,5800,1205.80966,0.75924813747406,2.05520436225015E-07,0,0,0,0,0,38
3,5801,1206.02966,0.761517345905304,3.2366648383686E-07,0,0,0,0,0,38
3,5802,1206.24966,0.763786494731903,-3.71234648355312E-07,0,0,0,0,0,38
3,5803,1206.46966,0.766346633434296,8.26894620331586E-07,0,0,0,0,0,38
3,5804,1206.68966,0.768053352832794,5.83124517561373E-07,0,0,0,0,0,38
3,5805,1206.90966,0.770458281040192,8.04082901595393E-07,0,0,0,0,0,38
3,5806,1207.12966,0.773134768009186,1.01494731552521E-06,0,0,0,0,0,38
3,5807,1207.34966,0.775442719459534,4.8436453425893E-07,0,0,0,0,0,38
3,5808,1207.56966,0.776800334453583,-5.7232426797782E-07,0,0,0,0,0,38
3,5809,1207.78966,0.779185891151428,8.56004874094651E-07,0,0,0,0,0,38
3,5810,1208.00966,0.781804203987122,1.0693645435822E-06,0,0,0,0,0,38
3,5811,1208.22966,0.783549726009369,-9.79244873633434E-07,0,0,0,0,0,38
3,5812,1208.44966,0.785683155059814,8.13970586932555E-07,0,0,0,0,0,38
3,5814,1208.88966,0.790105104446411,4.7553805870848E-07,0,0,0,0,0,38
3,5816,1209.32966,0.794798672199249,9.92147306533298E-07,0,0,0,0,0,38
3,5818,1209.76966,0.799666702747345,1.0771851748359E-06,0,0,0,0,0,38
3,5819,1209.98966,0.80164498090744,1.07487721834332E-06,0,0,0,0,0,38
3,5820,1210.20966,0.803468108177185,-1.45988474287151E-06,0,0,0,0,0,38
3,5821,1210.42966,0.805310606956482,3.83727041253223E-07,0,0,0,0,0,38
3,5822,1210.64966,0.807676732540131,2.67640558604398E-07,0,0,0,0,0,38
3,5823,1210.86966,0.810527741909027,-4.39818722952623E-06,0,0,0,0,0,38
3,5824,1211.08966,0.81258362531662,7.74040529449849E-07,0,0,0,0,0,38
3,5825,1211.30966,0.81430971622467,9.2416712504928E-07,0,0,0,0,0,38
3,5826,1211.52966,0.816656470298767,7.15802798367804E-07,0,0,0,0,0,38
3,5827,1211.74966,0.818692922592163,6.50718106953718E-07,0,0,0,0,0,38
3,5828,1211.96966,0.820845782756805,9.48092406360956E-07,0,0,0,0,0,38
3,5829,1212.18966,0.823037385940552,6.98218627803726E-07,0,0,0,0,0,38
3,5830,1212.40966,0.826605975627899,4.36062191511155E-06,0,0,0,0,0,38
3,5831,1212.62966,0.826993882656097,2.36907226280891E-07,0,0,0,0,0,38
3,5832,1212.84966,0.829185485839844,4.21346214807272E-07,0,0,0,0,0,38
3,5833,1213.06966,0.831920146942139,3.41634034839444E-07,0,0,0,0,0,38
3,5834,1213.28966,0.833801448345184,-1.02132162282942E-07,0,0,0,0,0,38
3,5835,1213.50966,0.835663318634033,-1.00767658750556E-06,0,0,0,0,0,38
3,5836,1213.72966,0.83649730682373,-1.09844916096336E-06,0,0,0,0,0,38
3,5837,1213.94966,0.838688910007477,1.61677871801658E-06,0,0,0,0,0,38
3,5838,1214.16966,0.844856441020966,1.29738764371723E-05,0,0,0,0,0,38
3,5839,1214.38966,0.845030963420868,-5.16818272444652E-06,0,0,0,0,0,38
3,5840,1214.60966,0.851392447948456,1.49030556713114E-05,0,0,0,0,0,38
3,5841,1214.82966,0.849162042140961,-6.9124268975429E-07,0,0,0,0,0,38
3,5842,1215.04966,0.849685668945313,-1.00748657132499E-05,0,0,0,0,0,38
3,5843,1215.26966,0.860566139221191,2.65224280155962E-05,0,0,0,0,0,38
3,5844,1215.48966,0.856124758720398,-7.38646519948816E-07,0,0,0,0,0,38
3,5845,1215.70966,0.865492403507233,3.35106051352341E-05,0,0,0,0,0,38
3,5846,1215.92966,0.857734501361847,-3.92713536712108E-06,0,0,0,0,0,38
3,5847,1216.14966,0.860585510730743,-1.38904833875131E-05,0,0,0,0,0,38
3,5848,1216.36966,0.865279078483582,1.51575420659356E-06,0,0,0,0,0,38
3,5849,1216.58966,0.864386916160584,-1.59191506554635E-06,0,0,0,0,0,38
3,5850,1216.80966,0.869429528713226,2.41564953284978E-06,0,0,0,0,0,38
3,5851,1217.02966,0.871388375759125,-1.32110912431926E-07,0,0,0,0,0,38
3,5852,1217.24966,0.879669904708862,5.21045549248811E-05,0,0,0,0,0,38
3,5853,1217.46966,0.885992586612701,5.22063564858399E-05,0,0,0,0,0,38
3,5854,1217.68966,0.878137767314911,1.59305926672459E-07,0,0,0,0,0,38
3,5855,1217.90966,0.876721918582916,-1.45048079502885E-06,0,0,0,0,0,38
3,5856,1218.12966,0.882443368434906,-5.36401466888492E-06,0,0,0,0,0,38
3,5857,1218.34966,0.885061681270599,-6.97459597631678E-07,0,0,0,0,0,38
3,5858,1218.56966,0.885798633098602,-6.52229982733843E-06,0,0,0,0,0,38
3,5859,1218.78966,0.885818064212799,-5.22996288054856E-06,0,0,0,0,0,38
3,5860,1219.00966,0.887427806854248,-1.96803716789873E-06,0,0,0,0,0,38
3,5861,1219.22966,0.893459558486938,6.65205561745097E-07,0,0,0,0,0,38
3,5862,1219.44966,0.895806312561035,-2.22953508455248E-06,0,0,0,0,0,38
3,5863,1219.66966,0.897610068321228,-8.43873276608065E-05,0,0,0,0,0,38
3,5864,1219.88966,0.900073170661926,-8.50529249873944E-05,0,0,0,0,0,38
3,5865,1220.10966,0.902187168598175,-7.58227997721406E-06,0,0,0,0,0,38
3,5866,1220.32966,0.912873685359955,6.45713662379421E-05,0,0,0,0,0,38
3,5867,1220.54966,0.906919479370117,2.67947893917153E-06,0,0,0,0,0,38
3,5868,1220.76966,0.90542608499527,9.01954354048939E-06,0,0,0,0,0,38
3,5869,1220.98966,0.911360919475555,-3.5203350989832E-07,0,0,0,0,0,38
3,5870,1221.20966,0.912602126598358,-7.87555982242338E-05,0,0,0,0,0,38
3,5871,1221.42966,0.929456174373627,7.11084285285324E-05,0,0,0,0,0,38
3,5872,1221.64966,0.9170241355896,-4.70890809083357E-05,0,0,0,0,0,38
3,5873,1221.86966,0.919526040554047,-2.81823431578232E-05,0,0,0,0,0,38
3,5874,1222.08966,0.917877495288849,-3.36256380251143E-06,0,0,0,0,0,38
3,5875,1222.30966,0.921368539333344,-1.59070877998602E-05,0,0,0,0,0,38
3,5876,1222.52966,0.926682710647583,-1.16663895823876E-05,0,0,0,0,0,38
3,5877,1222.74966,0.926256060600281,2.49235217779642E-05,0,0,0,0,0,38
3,5878,1222.96966,0.935449123382568,7.57100933697075E-05,0,0,0,0,0,38
3,5879,1223.18966,0.932966589927673,-1.28918945847545E-05,0,0,0,0,0,38
3,5880,1223.40966,0.935274600982666,4.88801276787854E-07,0,0,0,0,0,38
3,5881,1223.62966,0.937369227409363,5.26376334164524E-06,0,0,0,0,0,38
3,5882,1223.84966,0.939386248588562,-1.18900018719614E-07,0,0,0,0,0,38
3,5883,1224.06966,0.942547619342804,5.46014125575311E-05,0,0,0,0,0,38
3,5884,1224.28966,0.943517327308655,-1.01024704690644E-06,0,0,0,0,0,38
3,5885,1224.50966,0.94625198841095,2.90717252937611E-06,0,0,0,0,0,38
3,5886,1224.72966,0.948831498622894,-2.29908664550749E-06,0,0,0,0,0,38
3,5887,1224.94966,0.950499415397644,-1.27873909150367E-06,0,0,0,0,0,38
3,5888,1225.16966,0.950266718864441,-1.31561128000612E-05,0,0,0,0,0,38
3,5889,1225.38966,0.954746901988983,-2.97719252557727E-05,0,0,0,0,0,38
3,5890,1225.60966,0.957442760467529,1.40812426252523E-06,0,0,0,0,0,38
3,5891,1225.82966,0.954417169094086,-1.00678716989933E-05,0,0,0,0,0,38
3,5892,1226.04966,0.961903512477875,-6.08750588071416E-06,0,0,0,0,0,38
3,5893,1226.26966,0.963552057743073,2.01699117496901E-06,0,0,0,0,0,38
3,5894,1226.48966,0.960642874240875,-1.01758896562387E-05,0,0,0,0,0,38
3,5895,1226.70966,0.968264997005463,2.07216612579941E-06,0,0,0,0,0,38
3,5896,1226.92966,0.972687005996704,6.89068692736328E-05,0,0,0,0,0,38
3,5897,1227.14966,0.972997307777405,3.5976361232315E-06,0,0,0,0,0,38
3,5898,1227.36966,0.974413096904755,-3.22652886097785E-05,0,0,0,0,0,38
3,5899,1227.58966,0.977225363254547,2.72299712378299E-06,0,0,0,0,0,38
3,5900,1227.80966,0.978990256786346,-1.43524757731939E-05,0,0,0,0,0,38
3,5901,1228.02966,0.986360251903534,8.44526002765633E-05,0,0,0,0,0,38
3,5902,1228.24966,0.983373463153839,1.23558791642608E-07,0,0,0,0,0,38
3,5903,1228.46966,0.986166298389435,-9.36438908638593E-08,0,0,0,0,0,38
3,5904,1228.68966,0.985623240470886,-1.33814755827188E-05,0,0,0,0,0,38
3,5905,1228.90966,0.990316808223724,4.24652444053208E-06,0,0,0,0,0,38
3,5906,1229.12966,0.992527782917023,-1.56828918989049E-05,0,0,0,0,0,38
3,5907,1229.34966,0.98915308713913,-1.08267204268486E-05,0,0,0,0,0,38
3,5908,1229.56966,0.996406733989716,-5.77784419419913E-07,0,0,0,0,0,38
3,5909,1229.78966,0.998792290687561,2.71483736469236E-06,0,0,0,0,0,38
3,5910,1230.00966,1.00141060352325,-1.33235982957558E-06,0,0,0,0,0,38
3,5911,1230.22966,1.00497913360596,6.79599615978077E-05,0,0,0,0,0,38
3,5912,1230.44966,1.00575494766235,1.3813139503327E-06,0,0,0,0,0,38
3,5913,1230.66966,1.00823748111725,3.43716260431393E-06,0,0,0,0,0,38
3,5914,1230.88966,1.01033210754395,2.94019969260262E-06,0,0,0,0,0,38
3,5915,1231.10966,1.01246559619904,3.11038729705615E-06,0,0,0,0,0,38
3,5916,1231.32966,1.01452136039734,2.33910395763814E-06,0,0,0,0,0,38
3,5917,1231.54966,1.01634454727173,1.33352159537026E-06,0,0,0,0,0,38
3,5918,1231.76966,1.01907908916473,3.41579220730637E-06,0,0,0,0,0,38
3,5919,1231.98966,1.02078592777252,1.83864415248536E-06,0,0,0,0,0,38
3,5920,1232.20966,1.02319085597992,2.03758463612758E-06,0,0,0,0,0,38
3,5921,1232.42966,1.02518844604492,3.28212900058134E-06,0,0,0,0,0,38
3,5922,1232.64966,1.02755463123322,3.63493745680898E-06,0,0,0,0,0,38
3,5923,1232.86966,1.02703094482422,-7.74780437495792E-06,0,0,0,0,0,38
3,5924,1233.08966,1.02714729309082,3.38548466061184E-06,0,0,0,0,0,38
3,5925,1233.30966,1.04200375080109,8.92862371983938E-05,0,0,0,0,0,38
3,5926,1233.52966,1.0366119146347,-9.46405543800211E-06,0,0,0,0,0,38
3,5927,1233.74966,1.03868722915649,-8.62904926179908E-06,0,0,0,0,0,38
3,5928,1233.96966,1.05094468593597,8.29430646263063E-05,0,0,0,0,0,38
3,5929,1234.18966,1.04320621490479,-4.9840073188534E-06,0,0,0,0,0,38
3,5930,1234.40966,1.04502928256989,-1.09887487269589E-05,0,0,0,0,0,38
3,5931,1234.62966,1.04731786251068,6.60350263359533E-09,0,0,0,0,0,38
3,5932,1234.84966,1.04972279071808,-3.6757572274837E-07,0,0,0,0,0,38
3,5933,1235.06966,1.05210828781128,-4.18476531649503E-07,0,0,0,0,0,38
3,5934,1235.28966,1.05383443832397,-5.63950061405194E-06,0,0,0,0,0,38
3,5935,1235.50966,1.05585157871246,-7.36158017389243E-06,0,0,0,0,0,38
3,5936,1235.72966,1.05878007411957,-8.36951130622765E-07,0,0,0,0,0,38
3,5937,1235.94966,1.06070017814636,1.4353231563291E-06,0,0,0,0,0,38
3,5938,1236.16966,1.06265902519226,-7.31652505692182E-07,0,0,0,0,0,38
3,5939,1236.38966,1.06545186042786,2.56835187428806E-06,0,0,0,0,0,38
3,5940,1236.60966,1.06717801094055,2.10053076443728E-06,0,0,0,0,0,38
3,5941,1236.82966,1.06653797626495,-1.42063790917746E-05,0,0,0,0,0,38
3,5942,1237.04966,1.06686770915985,-7.72293697082205E-06,0,0,0,0,0,38
3,5943,1237.26966,1.07363653182983,-2.18757099901268E-06,0,0,0,0,0,38
3,5944,1237.48966,1.07582807540894,2.65344556282798E-06,0,0,0,0,0,38
3,5945,1237.70966,1.07790327072144,1.0238426284559E-06,0,0,0,0,0,38
3,5946,1237.92966,1.08034706115723,1.63931497354497E-06,0,0,0,0,0,38
3,5947,1238.14966,1.08114218711853,-7.39460756449262E-06,0,0,0,0,0,38
3,5948,1238.36966,1.08230590820313,-1.28110750665655E-05,0,0,0,0,0,38
3,5949,1238.58966,1.08211195468903,-1.19877258839551E-05,0,0,0,0,0,38
3,5950,1238.80966,1.08967590332031,-1.37529341373011E-05,0,0,0,0,0,38
3,5951,1239.02966,1.10656869411469,8.42874651425518E-05,0,0,0,0,0,38
3,5952,1239.24966,1.0934385061264,-1.20646768664301E-06,0,0,0,0,0,38
3,5953,1239.46966,1.11060285568237,8.45936447149143E-05,0,0,0,0,0,38
3,5954,1239.68966,1.0980544090271,-6.07274068897823E-06,0,0,0,0,0,38
3,5955,1239.90966,1.10003268718719,1.13108399091288E-06,0,0,0,0,0,38
3,5956,1240.12966,1.10247647762299,2.0980067461096E-08,0,0,0,0,0,38
3,5957,1240.34966,1.10476505756378,1.8864365074478E-06,0,0,0,0,0,38
3,5958,1240.56966,1.10404741764069,-1.25153846965986E-05,0,0,0,0,0,38
3,5959,1240.78966,1.10912883281708,-8.49367424962111E-05,0,0,0,0,0,38
3,5960,1241.00966,1.12276327610016,3.67402790288907E-05,0,0,0,0,0,38
3,5961,1241.22966,1.11360895633698,1.12447855826758E-06,0,0,0,0,0,38
3,5962,1241.44966,1.11543214321136,2.44867669607629E-06,0,0,0,0,0,38
3,5963,1241.66966,1.11737155914307,9.46520003708429E-07,0,0,0,0,0,38
3,5964,1241.88966,1.12631249427795,8.66491100168787E-05,0,0,0,0,0,38
3,5965,1242.10966,1.12220084667206,-6.10034533110593E-07,0,0,0,0,0,38
3,5966,1242.32966,1.12491607666016,2.69774091066211E-06,0,0,0,0,0,38
3,5967,1242.54966,1.12668097019196,1.64980599492992E-06,0,0,0,0,0,38
3,5968,1242.76966,1.12871742248535,1.60823049100145E-06,0,0,0,0,0,38
3,5969,1242.98966,1.13228607177734,5.98954866291024E-05,0,0,0,0,0,38
3,5970,1243.20966,1.14301133155823,8.38522828416899E-05,0,0,0,0,0,38
3,5971,1243.42966,1.13048243522644,-1.02283447631635E-05,0,0,0,0,0,38
3,5972,1243.64966,1.13265454769135,-1.37715851451503E-05,0,0,0,0,0,38
3,5973,1243.86966,1.14848065376282,8.18679254734889E-05,0,0,0,0,0,38
3,5974,1244.08966,1.13699901103973,-7.02781062500435E-06,0,0,0,0,0,38
3,5975,1244.30966,1.15100204944611,8.21134963189252E-05,0,0,0,0,0,38
3,5976,1244.52966,1.14958620071411,7.58309397497214E-05,0,0,0,0,0,38
3,5977,1244.74966,1.16172730922699,8.04803930805065E-05,0,0,0,0,0,38
3,5978,1244.96966,1.1584689617157,8.8968787167687E-05,0,0,0,0,0,38
3,5979,1245.18966,1.15286386013031,-1.04948940133909E-05,0,0,0,0,0,38
3,5980,1245.40966,1.15526878833771,-7.21938647529896E-07,0,0,0,0,0,38
3,5981,1245.62966,1.1574410200119,5.33292632098892E-06,0,0,0,0,0,38
3,5982,1245.84966,1.15932238101959,2.59127659774094E-06,0,0,0,0,0,38
3,5983,1246.06966,1.16205704212189,4.38485039921943E-06,0,0,0,0,0,38
3,5984,1246.28966,1.17303442955017,8.70357180247083E-05,0,0,0,0,0,38
3,5985,1246.50966,1.18067586421967,8.64536632434465E-05,0,0,0,0,0,38
3,5986,1246.72966,1.16331768035889,-8.19270098872948E-06,0,0,0,0,0,38
3,5987,1246.94966,1.16554808616638,-5.34147875441704E-06,0,0,0,0,0,38
3,5988,1247.16966,1.18247961997986,8.26866162242368E-05,0,0,0,0,0,38
3,5989,1247.38966,1.18608701229095,8.01310816314071E-05,0,0,0,0,0,38
3,5990,1247.60966,1.18614518642426,8.40232460177504E-05,0,0,0,0,0,38
3,5991,1247.82966,1.17448902130127,-1.02718631751486E-05,0,0,0,0,0,38
3,5992,1248.04966,1.17660307884216,-7.59704516894999E-06,0,0,0,0,0,38
3,5993,1248.26966,1.17947340011597,-7.19100398782757E-06,0,0,0,0,0,38
3,5994,1248.48966,1.18139350414276,-9.67892719927477E-06,0,0,0,0,0,38
3,5995,1248.70966,1.18486511707306,-7.33049546397524E-06,0,0,0,0,0,38
3,5996,1248.92966,1.18579614162445,-9.61054138315376E-06,0,0,0,0,0,38
3,5997,1249.14966,1.19047021865845,-1.12086709123105E-05,0,0,0,0,0,38
3,5998,1249.36966,1.19116842746735,-6.57320060781785E-06,0,0,0,0,0,38
3,5999,1249.58966,1.19630801677704,-6.46558817152254E-07,0,0,0,0,0,38
3,6000,1249.80966,1.19436860084534,-5.48718708159868E-06,0,0,0,0,0,38
3,6001,1250.02966,1.20637392997742,8.55075268191285E-05,0,0,0,0,0,38
3,6002,1250.24966,1.19659900665283,-5.03579976793844E-05,0,0,0,0,0,38
3,6003,1250.46966,1.19361221790314,-8.44333726490731E-07,0,0,0,0,0,38
3,6004,1250.68966,1.19068360328674,-8.67140170157654E-06,0,0,0,0,0,38
3,6005,1250.90966,1.18771624565125,3.93467125832103E-05,0,0,0,0,0,38
3,6006,1251.12966,1.18641674518585,-8.3057702795486E-06,0,0,0,0,0,38
3,6007,1251.34966,1.18131589889526,-5.62473587706336E-06,0,0,0,0,0,38
3,6008,1251.56966,1.18391478061676,-1.39340017994982E-05,0,0,0,0,0,38
3,6009,1251.78966,1.18154871463776,2.42963756136305E-06,0,0,0,0,0,38
3,6010,1252.00966,1.17908549308777,1.42677492931398E-06,0,0,0,0,0,38
3,6011,1252.22966,1.17735946178436,3.24171901411319E-06,0,0,0,0,0,38
3,6012,1252.44966,1.17470228672028,2.81469624496822E-06,0,0,0,0,0,38
3,6013,1252.66966,1.16812753677368,-1.03328666227753E-05,0,0,0,0,0,38
3,6014,1252.88966,1.18156802654266,8.42606532387435E-05,0,0,0,0,0,38
3,6015,1253.10966,1.16874814033508,-3.73404077436135E-07,0,0,0,0,0,38
3,6016,1253.32966,1.16653716564178,1.62802933800776E-07,0,0,0,0,0,38
3,6017,1253.54966,1.16131997108459,-1.57007652887842E-05,0,0,0,0,0,38
3,6018,1253.76966,1.16587769985199,8.17385371192358E-05,0,0,0,0,0,38
3,6019,1253.98966,1.15924477577209,-1.44332952913828E-05,0,0,0,0,0,38
3,6020,1254.20966,1.1570143699646,7.80218101681385E-07,0,0,0,0,0,38
3,6021,1254.42966,1.1549779176712,-2.56757857641787E-06,0,0,0,0,0,38
3,6022,1254.64966,1.14696788787842,-1.19162314149435E-05,0,0,0,0,0,38
3,6023,1254.86966,1.15026497840881,-7.05057827872224E-05,0,0,0,0,0,38
3,6024,1255.08966,1.14884912967682,6.16636100403412E-07,0,0,0,0,0,38
3,6025,1255.30966,1.14586246013641,9.44577209338604E-07,0,0,0,0,0,38
3,6026,1255.52966,1.14398109912872,-7.84028088673949E-06,0,0,0,0,0,38
3,6027,1255.74966,1.14192521572113,2.30685373026063E-06,0,0,0,0,0,38
3,6028,1255.96966,1.13944280147552,3.36217135554762E-06,0,0,0,0,0,38
3,6029,1256.18966,1.13457465171814,-1.37094166348106E-05,0,0,0,0,0,38
3,6030,1256.40966,1.13063752651215,-1.24986763694324E-05,0,0,0,0,0,38
3,6031,1256.62966,1.13333344459534,-7.35186631573015E-06,0,0,0,0,0,38
3,6032,1256.84966,1.13108360767365,1.79706864855689E-06,0,0,0,0,0,38
3,6033,1257.06966,1.12877571582794,2.12926636322663E-07,0,0,0,0,0,38
3,6034,1257.28966,1.12671983242035,1.27601526855869E-06,0,0,0,0,0,38
3,6035,1257.50966,1.12268567085266,-1.02730291473563E-05,0,0,0,0,0,38
3,6036,1257.72966,1.12210392951965,1.02073408925207E-06,0,0,0,0,0,38
3,6037,1257.94966,1.11568427085876,-1.77286383404862E-05,0,0,0,0,0,38
3,6038,1258.16966,1.12761199474335,8.50195065140724E-05,0,0,0,0,0,38
3,6039,1258.38966,1.11556780338287,-4.20030772829705E-07,0,0,0,0,0,38
3,6040,1258.60966,1.11081612110138,-1.19865599117475E-05,0,0,0,0,0,38
3,6041,1258.82966,1.10585105419159,-2.16775470107677E-06,0,0,0,0,0,38
3,6042,1259.04966,1.10850822925568,-3.11314797727391E-05,0,0,0,0,0,38
3,6043,1259.26966,1.10654926300049,-4.66268915033652E-07,0,0,0,0,0,38
3,6044,1259.48966,1.10420250892639,-4.93485323715959E-08,0,0,0,0,0,38
3,6045,1259.70966,1.0970653295517,-2.56485873251222E-06,0,0,0,0,0,38
3,6046,1259.92966,1.10003268718719,1.53089033005926E-07,0,0,0,0,0,38
3,6047,1260.14966,1.0980738401413,2.98797459663547E-07,0,0,0,0,0,38
3,6048,1260.36966,1.09353542327881,-1.32478116938728E-05,0,0,0,0,0,38
3,6049,1260.58966,1.09289538860321,-1.22511835343175E-06,0,0,0,0,0,38
3,6050,1260.80966,1.09993577003479,9.08319125301205E-05,0,0,0,0,0,38
3,6051,1261.02966,1.10486197471619,8.58786006574519E-05,0,0,0,0,0,38
3,6052,1261.24966,1.08672785758972,-9.60354736889713E-06,0,0,0,0,0,38
3,6053,1261.46966,1.08465266227722,4.7403614189534E-07,0,0,0,0,0,38
3,6054,1261.68966,1.07666206359863,-1.42125963975559E-05,0,0,0,0,0,38
3,6055,1261.90966,1.08040523529053,-2.78594711744518E-06,0,0,0,0,0,38
3,6056,1262.12966,1.07703053951263,-6.89142780174734E-06,0,0,0,0,0,38
3,6057,1262.34966,1.07022297382355,-8.04699266154785E-06,0,0,0,0,0,38
3,6058,1262.56966,1.07408261299133,3.10028485728253E-06,0,0,0,0,0,38
3,6059,1262.78966,1.07807791233063,8.44766909722239E-05,0,0,0,0,0,38
3,6060,1263.00966,1.06911754608154,-3.52422063087943E-07,0,0,0,0,0,38
3,6061,1263.22966,1.07621598243713,8.78547944012098E-05,0,0,0,0,0,38
3,6062,1263.44966,1.06419122219086,-7.8235323599074E-05,0,0,0,0,0,38
3,6063,1263.66966,1.06281423568726,-1.21501591365814E-06,0,0,0,0,0,38
3,6064,1263.88966,1.05544424057007,-1.02936219263938E-05,0,0,0,0,0,38
3,6065,1264.10966,1.05831468105316,-2.03478921321221E-05,0,0,0,0,0,38
3,6066,1264.32966,1.05627822875977,-2.26529976998791E-07,0,0,0,0,0,38
3,6067,1264.54966,1.05346596240997,-4.45378209406044E-05,0,0,0,0,0,38
3,6068,1264.76966,1.05195319652557,3.45892181030649E-06,0,0,0,0,0,38
3,6069,1264.98966,1.04419529438019,-1.08504227682715E-05,0,0,0,0,0,38
3,6070,1265.20966,1.04737603664398,-2.41215639107395E-06,0,0,0,0,0,38
3,6071,1265.42966,1.0395987033844,-7.27337783246185E-06,0,0,0,0,0,38
3,6072,1265.64966,1.04291522502899,-2.18446257349569E-06,0,0,0,0,0,38
3,6073,1265.86966,1.04045212268829,-1.70848181824113E-06,0,0,0,0,0,38
3,6074,1266.08966,1.05377626419067,8.08802215033211E-05,0,0,0,0,0,38
3,6075,1266.30966,1.036088347435,-2.16196349356323E-05,0,0,0,0,0,38
3,6076,1266.52966,1.03383851051331,-2.6394613996672E-06,0,0,0,0,0,38
3,6077,1266.74966,1.04411768913269,3.00454630632885E-05,0,0,0,0,0,38
3,6078,1266.96966,1.02922260761261,-4.78351239507901E-06,0,0,0,0,0,38
3,6079,1267.18966,1.02241504192352,-1.54660774569493E-05,0,0,0,0,0,38
3,6080,1267.40966,1.02571213245392,-4.98130475534708E-07,0,0,0,0,0,38
3,6081,1267.62966,1.02792310714722,-5.49755968677346E-05,0,0,0,0,0,38
3,6082,1267.84966,1.01615059375763,-1.36849375849124E-05,0,0,0,0,0,38
3,6083,1268.06966,1.01873004436493,4.51888439556569E-07,0,0,0,0,0,38
3,6084,1268.28966,1.01657724380493,-2.82946348306723E-05,0,0,0,0,0,38
3,6085,1268.50966,1.01378440856934,1.32107032868589E-07,0,0,0,0,0,38
3,6086,1268.72966,1.02580916881561,7.83002105890773E-05,0,0,0,0,0,38
3,6087,1268.94966,1.00571620464325,-1.80818351509515E-05,0,0,0,0,0,38
3,6088,1269.16966,1.00777196884155,6.39560880699719E-07,0,0,0,0,0,38
3,6089,1269.38966,1.01343524456024,8.23031077743508E-05,0,0,0,0,0,38
3,6090,1269.60966,1.00172090530396,-1.08535314211622E-05,0,0,0,0,0,38
3,6091,1269.82966,1.00121665000916,-1.02388357845484E-05,0,0,0,0,0,38
3,6092,1270.04966,0.995999455451965,-1.44212508530472E-05,0,0,0,0,0,38
3,6093,1270.26966,1.01040971279144,7.21734613762237E-05,0,0,0,0,0,38
3,6094,1270.48966,0.994719386100769,1.41395264563471E-06,0,0,0,0,0,38
3,6095,1270.70966,0.991461098194122,-5.31431687704753E-05,0,0,0,0,0,38
3,6096,1270.92966,0.990239202976227,2.20697742747689E-07,0,0,0,0,0,38
3,6097,1271.14966,0.998094081878662,8.14028244349174E-05,0,0,0,0,0,38
3,6098,1271.36966,0.985739648342133,-8.23311074782396E-06,0,0,0,0,0,38
3,6099,1271.58966,0.983257114887238,6.29847022537433E-07,0,0,0,0,0,38
3,6100,1271.80966,0.985002636909485,7.22915792721324E-05,0,0,0,0,0,38
3,6101,1272.02966,0.978757560253143,-3.25881933349592E-06,0,0,0,0,0,38
3,6102,1272.24966,0.972357273101807,9.68279096014157E-07,0,0,0,0,0,38
3,6103,1272.46966,0.969777762889862,-1.04540959000587E-05,0,0,0,0,0,38
3,6104,1272.68966,0.981317639350891,7.63306161388755E-05,0,0,0,0,0,38
3,6105,1272.90966,0.970398426055908,-6.15085752997402E-07,0,0,0,0,0,38
3,6106,1273.12966,0.968555927276611,-5.23851122125052E-06,0,0,0,0,0,38
3,6107,1273.34966,0.965995788574219,-2.8170315999887E-06,0,0,0,0,0,38
3,6108,1273.56966,0.964735150337219,-9.34869167394936E-05,0,0,0,0,0,38
3,6109,1273.78966,0.961670815944672,5.71952170957957E-07,0,0,0,0,0,38
3,6110,1274.00966,0.959517955780029,-1.35996472749866E-07,0,0,0,0,0,38
3,6111,1274.22966,0.957268178462982,-1.14950371425948E-05,0,0,0,0,0,38
3,6112,1274.44966,0.950053334236145,-6.99322936270619E-06,0,0,0,0,0,38
3,6113,1274.66966,0.95288497209549,-4.9696478754413E-07,0,0,0,0,0,38
3,6114,1274.88966,0.950770974159241,-9.50403627939522E-05,0,0,0,0,0,38
3,6115,1275.10966,0.94473922252655,-1.5808394891792E-05,0,0,0,0,0,38
3,6116,1275.32966,0.960041642189026,7.21684118616395E-05,0,0,0,0,0,38
3,6117,1275.54966,0.943536698818207,-9.88876422525209E-07,0,0,0,0,0,38
3,6118,1275.76966,0.937485575675964,3.02179660138791E-06,0,0,0,0,0,38
3,6119,1275.98966,0.938455283641815,-8.81994492374361E-05,0,0,0,0,0,38
3,6120,1276.20966,0.937369227409363,-8.86686279955029E-07,0,0,0,0,0,38
3,6121,1276.42966,0.935274600982666,-1.06037077785004E-06,0,0,0,0,0,38
3,6122,1276.64966,0.938513517379761,-5.22288937645499E-05,0,0,0,0,0,38
3,6123,1276.86966,0.929727673530579,-8.7948443251662E-05,0,0,0,0,0,38
3,6124,1277.08966,0.928447663784027,8.26067662273999E-07,0,0,0,0,0,38
3,6125,1277.30966,0.926391780376434,-2.95061527140206E-05,0,0,0,0,0,38
3,6126,1277.52966,0.924045026302338,-1.15945249490323E-06,0,0,0,0,0,38
3,6127,1277.74966,0.921911597251892,-1.43532702168159E-06,0,0,0,0,0,38
3,6128,1277.96966,0.919138193130493,-2.18757099901268E-06,0,0,0,0,0,38
3,6129,1278.18966,0.913339138031006,-8.62943761603674E-06,0,0,0,0,0,38
3,6130,1278.40966,0.924064457416534,6.50951405987144E-05,0,0,0,0,0,38
3,6131,1278.62966,0.908296525478363,-1.08593594632111E-05,0,0,0,0,0,38
3,6132,1278.84966,0.911128163337708,2.12306690627884E-06,0,0,0,0,0,38
3,6133,1279.06966,0.909208059310913,-9.61636942520272E-06,0,0,0,0,0,38
3,6134,1279.28966,0.905833423137665,-6.03271928412141E-06,0,0,0,0,0,38
3,6135,1279.50966,0.901139855384827,-6.92251205691719E-06,0,0,0,0,0,38
3,6136,1279.72966,0.897803962230682,-6.47916976959095E-06,0,0,0,0,0,38
3,6137,1279.94966,0.900092542171478,-8.40213215269614E-06,0,0,0,0,0,38
3,6138,1280.16966,0.903467237949371,6.59670622553676E-05,0,0,0,0,0,38
3,6139,1280.38966,0.893246233463287,-1.33923549583415E-05,0,0,0,0,0,38
3,6140,1280.60966,0.889464259147644,-8.6271065811161E-06,0,0,0,0,0,38
3,6141,1280.82966,0.887175679206848,-5.9534540923778E-06,0,0,0,0,0,38
3,6142,1281.04966,0.886108994483948,-1.14239310278208E-05,0,0,0,0,0,38
3,6143,1281.26966,0.882831275463104,-1.1650847227429E-05,0,0,0,0,0,38
3,6144,1281.48966,0.894681453704834,5.55922306375578E-05,0,0,0,0,0,38
3,6145,1281.70966,0.881822764873505,-3.63944709533826E-05,0,0,0,0,0,38
3,6146,1281.92966,0.876702547073364,-1.98785346583463E-06,0,0,0,0,0,38
3,6147,1282.14966,0.878060162067413,-1.79862672666786E-06,0,0,0,0,0,38
3,6148,1282.36966,0.875519454479218,-2.14486699405825E-05,0,0,0,0,0,38
3,6149,1282.58966,0.870263516902924,-1.12249908852391E-05,0,0,0,0,0,38
3,6150,1282.80966,0.871485352516174,-8.98418875294738E-06,0,0,0,0,0,38
3,6151,1283.02966,0.86880886554718,-1.40062729769852E-05,0,0,0,0,0,38
3,6152,1283.24966,0.863999009132385,-4.71901194032398E-06,0,0,0,0,0,38
3,6153,1283.46966,0.86211770772934,-8.56882343214238E-06,0,0,0,0,0,38
3,6154,1283.68966,0.862466812133789,-1.25658962133457E-05,0,0,0,0,0,38
3,6155,1283.90966,0.863242626190186,-6.22151710558683E-05,0,0,0,0,0,38
3,6156,1284.12966,0.865104496479034,3.88757835025899E-05,0,0,0,0,0,38
3,6157,1284.34966,0.858510315418243,3.8982634578133E-05,0,0,0,0,0,38
3,6158,1284.56966,0.852245807647705,-9.61326077231206E-06,0,0,0,0,0,38
3,6159,1284.78966,0.860488533973694,3.06131441902835E-05,0,0,0,0,0,38
3,6160,1285.00966,0.847125589847565,4.44546503786114E-06,0,0,0,0,0,38
3,6161,1285.22966,0.844740033149719,2.53454754783888E-06,0,0,0,0,0,38
3,6162,1285.44966,0.842451453208923,-4.37164317190764E-06,0,0,0,0,0,38
3,6163,1285.66966,0.847532868385315,2.71709286607802E-05,0,0,0,0,0,38
3,6164,1285.88966,0.839910745620728,-5.31466821485083E-06,0,0,0,0,0,38
3,6165,1286.10966,0.83857250213623,-2.63557603830122E-06,0,0,0,0,0,38
3,6166,1286.32966,0.840919315814972,1.60768831847236E-05,0,0,0,0,0,38
3,6167,1286.54966,0.833491086959839,-2.40415029111318E-05,0,0,0,0,0,38
3,6168,1286.76966,0.83031040430069,-8.33724334370345E-06,0,0,0,0,0,38
3,6169,1286.98966,0.827672719955444,-7.1871186264616E-06,0,0,0,0,0,38
3,6170,1287.20966,0.825267732143402,-4.48626724391943E-06,0,0,0,0,0,38
3,6171,1287.42966,0.825306534767151,2.07138896257675E-06,0,0,0,0,0,38
3,6172,1287.64966,0.823017954826355,-1.57637282427459E-06,0,0,0,0,0,38
3,6173,1287.86966,0.82600474357605,1.83359461516375E-05,0,0,0,0,0,38
3,6174,1288.08966,0.817199528217316,-1.07746723188029E-06,0,0,0,0,0,38
3,6175,1288.30966,0.815298855304718,3.74954396420435E-07,0,0,0,0,0,38
3,6176,1288.52966,0.81440669298172,4.04484637783753E-07,0,0,0,0,0,38
3,6177,1288.74966,0.811982393264771,-8.69976611284073E-06,0,0,0,0,0,38
3,6178,1288.96966,0.809596836566925,-1.32692002807744E-06,0,0,0,0,0,38
3,6179,1289.18966,0.807890057563782,1.47262448990659E-06,0,0,0,0,0,38
3,6180,1289.40966,0.805698454380035,2.24857058128691E-06,0,0,0,0,0,38
3,6181,1289.62966,0.803487479686737,2.55514100899745E-06,0,0,0,0,0,38
3,6182,1289.84966,0.801043748855591,-7.46763873848977E-07,0,0,0,0,0,38
3,6183,1290.06966,0.798658192157745,3.12871776486645E-07,0,0,0,0,0,38
3,6184,1290.28966,0.796641170978546,-7.59415399897989E-07,0,0,0,0,0,38
3,6185,1290.50966,0.794158637523651,-3.52989388829883E-08,0,0,0,0,0,38
3,6186,1290.72966,0.792083382606506,-1.76217767489106E-07,0,0,0,0,0,38
3,6187,1290.94966,0.78979480266571,5.84393298197483E-08,0,0,0,0,0,38
3,6188,1291.16966,0.787932932376862,1.61430747880331E-07,0,0,0,0,0,38
3,6189,1291.38966,0.785760700702667,4.946646114945E-08,0,0,0,0,0,38
3,6190,1291.60966,0.783375144004822,1.17617453554431E-07,0,0,0,0,0,38
3,6191,1291.82966,0.781241774559021,1.15219499718933E-07,0,0,0,0,0,38
3,6192,1292.04966,0.779244065284729,9.7301004586825E-08,0,0,0,0,0,38
3,6193,1292.26966,0.777013719081879,4.04118409846888E-08,0,0,0,0,0,38
3,6194,1292.48966,0.774841487407684,1.82774648749273E-08,0,0,0,0,0,38
3,6195,1292.70966,0.772746860980988,-2.59017571835329E-08,0,0,0,0,0,38
3,6196,1292.92966,0.77034193277359,-3.36990062521636E-08,0,0,0,0,0,38
3,6197,1293.14966,0.768150329589844,-4.54204318600659E-09,0,0,0,0,0,38
3,6198,1293.36966,0.76603627204895,-2.28422791792582E-09,0,0,0,0,0,38
3,6199,1293.58966,0.763631343841553,8.4131466238091E-09,0,0,0,0,0,38
3,6200,1293.80966,0.761594891548157,5.365095478993E-09,0,0,0,0,0,38
3,6201,1294.02966,0.759364485740662,2.34040120616896E-09,0,0,0,0,0,38
3,6202,1294.24966,0.757308661937714,3.34473981844496E-09,0,0,0,0,0,38
3,6203,1294.46966,0.755020081996918,1.09707061213271E-08,0,0,0,0,0,38
3,6204,1294.68966,0.752906084060669,-9.37324107219695E-10,0,0,0,0,0,38
3,6205,1294.90966,0.750442922115326,-3.14064063644537E-09,0,0,0,0,0,38
3,6206,1295.12966,0.748037993907928,9.7405861154698E-09,0,0,0,0,0,38
3,6207,1295.34966,0.746292471885681,9.62380219959869E-09,0,0,0,0,0,38
3,6208,1295.56966,0.743809938430786,-1.80383299408504E-08,0,0,0,0,0,38
3,6209,1295.78966,0.741734683513641,-1.30983854873534E-08,0,0,0,0,0,38
3,6210,1296.00966,0.739504337310791,-1.76607297674991E-08,0,0,0,0,0,38
3,6211,1296.22966,0.737138152122498,-7.38377670117529E-09,0,0,0,0,0,38
3,6212,1296.44966,0.735295653343201,-1.05719681897654E-08,0,0,0,0,0,38
3,6213,1296.66966,0.732948899269104,-2.04868921827028E-08,0,0,0,0,0,38
3,6214,1296.88966,0.730660319328308,-9.59098578334761E-09,0,0,0,0,0,38
3,6215,1297.10966,0.72844934463501,2.93210455915016E-09,0,0,0,0,0,38
3,6216,1297.32966,0.726529240608215,-2.50336658069727E-08,0,0,0,0,0,38
3,6217,1297.54966,0.724221289157867,-1.2923210057636E-08,0,0,0,0,0,38
3,6218,1297.76966,0.72171938419342,-1.75517325118335E-08,0,0,0,0,0,38
3,6219,1297.98966,0.719799280166626,-1.83186106283983E-08,0,0,0,0,0,38
3,6220,1298.20966,0.717530131340027,2.55450438579885E-09,0,0,0,0,0,38
3,6221,1298.42966,0.715357899665833,-2.35660859715381E-08,0,0,0,0,0,38
3,6222,1298.64966,0.713263273239136,-4.13405416566093E-08,0,0,0,0,0,38
3,6223,1298.86966,0.711149215698242,-1.56248027849415E-08,0,0,0,0,0,38
3,6224,1299.08966,0.708666741847992,-1.01320827283757E-08,0,0,0,0,0,38
3,6225,1299.30966,0.706804811954498,-5.03523409633999E-08,0,0,0,0,0,38
3,6226,1299.52966,0.704380512237549,-3.36211485318927E-08,0,0,0,0,0,38
3,6227,1299.74966,0.702188909053802,-3.05499936459341E-09,0,0,0,0,0,38
3,6228,1299.96966,0.699977874755859,-2.45587461478181E-08,0,0,0,0,0,38
3,6229,1300.18966,0.69770872592926,-2.59640415833928E-08,0,0,0,0,0,38
3,6230,1300.40966,0.695478320121765,-3.56103626586446E-08,0,0,0,0,0,38
3,6231,1300.62966,0.693364262580872,-4.25589838926044E-08,0,0,0,0,0,38
3,6232,1300.84966,0.691405415534973,-4.63700224884178E-08,0,0,0,0,0,38
3,6233,1301.06966,0.688864707946777,-4.41277769880344E-08,0,0,0,0,0,38
3,6234,1301.28966,0.686789453029633,-2.51504488346654E-08,0,0,0,0,0,38
3,6235,1301.50966,0.684656083583832,-1.77541572554674E-08,0,0,0,0,0,38
3,6236,1301.72966,0.681960225105286,2.78028577938017E-09,0,0,0,0,0,38
3,6237,1301.94966,0.680137097835541,-1.64150382175876E-08,0,0,0,0,0,38
3,6238,1302.16966,0.677848517894745,-8.42315017735018E-09,0,0,0,0,0,38
3,6239,1302.38966,0.675676286220551,-2.78559344479845E-08,0,0,0,0,0,38
3,6240,1302.60966,0.67379504442215,-3.40532508857905E-08,0,0,0,0,0,38
3,6241,1302.82966,0.671196103096008,-4.8296950438953E-08,0,0,0,0,0,38
3,6242,1303.04966,0.668946325778961,-5.63589104274342E-08,0,0,0,0,0,38
3,6243,1303.26966,0.666735351085663,-2.92184090255887E-08,0,0,0,0,0,38
3,6244,1303.48966,0.664660096168518,-4.24850234992391E-08,0,0,0,0,0,38
3,6245,1303.70966,0.662584900856018,-2.62871431289113E-08,0,0,0,0,0,38
3,6246,1303.92966,0.660335063934326,-4.67086955779905E-08,0,0,0,0,0,38
3,6247,1304.14966,0.658279240131378,-1.25495027702982E-08,0,0,0,0,0,38
3,6248,1304.36966,0.655893683433533,-6.66553248152013E-08,0,0,0,0,0,38
3,6249,1304.58966,0.653837859630585,-3.54549034575768E-09,0,0,0,0,0,38
3,6250,1304.80966,0.651432931423187,-2.68593822738694E-08,0,0,0,0,0,38
3,6251,1305.02966,0.649241328239441,-1.04364737296692E-07,0,0,0,0,0,38
3,6252,1305.24966,0.647379398345947,-5.46694387537627E-08,0,0,0,0,0,38
3,6253,1305.46966,0.644838690757751,-4.95582135329187E-08,0,0,0,0,0,38
3,6254,1305.68966,0.642588913440704,-4.81178830114004E-08,0,0,0,0,0,38
3,6255,1305.90966,0.640591263771057,-5.11853990303734E-08,0,0,0,0,0,38
3,6256,1306.12966,0.638457834720612,-5.65146223152624E-08,0,0,0,0,0,38
3,6257,1306.34966,0.636266231536865,-2.25306049372875E-08,0,0,0,0,0,38
3,6258,1306.56966,0.633919477462769,-2.19116511601669E-08,0,0,0,0,0,38
3,6259,1306.78966,0.63180547952652,-4.38436025262945E-08,0,0,0,0,0,38
3,6260,1307.00966,0.629594445228577,-5.1707029768977E-08,0,0,0,0,0,38
3,6261,1307.22966,0.626956760883331,-3.47305935122222E-08,0,0,0,0,0,38
3,6262,1307.44966,0.624900937080383,-2.64078181544392E-08,0,0,0,0,0,38
3,6263,1307.66966,0.622806310653687,-1.29920877611767E-07,0,0,0,0,0,38
3,6264,1307.88966,0.620653510093689,5.23663334917046E-09,0,0,0,0,0,38
3,6265,1308.10966,0.618520081043243,-5.06559771906723E-08,0,0,0,0,0,38
3,6266,1308.32966,0.616173326969147,-1.39303138468883E-10,0,0,0,0,0,38
3,6267,1308.54966,0.614020526409149,-4.55058248860496E-08,0,0,0,0,0,38
3,6268,1308.76966,0.611809492111206,-8.23704979779905E-08,0,0,0,0,0,38
3,6269,1308.98966,0.60977303981781,-7.9077203452016E-08,0,0,0,0,0,38
3,6270,1309.20966,0.607600867748261,-3.6793771585053E-08,0,0,0,0,0,38
3,6271,1309.42966,0.605351090431213,-5.33303214922398E-08,0,0,0,0,0,38
3,6272,1309.64966,0.602907359600067,-5.20495966327417E-08,0,0,0,0,0,38
3,6273,1309.86966,0.600890278816223,-8.12532690019907E-08,0,0,0,0,0,38
3,6274,1310.08966,0.598853826522827,-1.37331612748426E-09,0,0,0,0,0,38
3,6275,1310.30966,0.596565246582031,-4.1539074402408E-08,0,0,0,0,0,38
3,6276,1310.52966,0.594140946865082,-5.71919649416941E-08,0,0,0,0,0,38
3,6277,1310.74966,0.592007517814636,-2.51660203787196E-08,0,0,0,0,0,38
3,6278,1310.96966,0.590242564678192,-2.07243520122802E-08,0,0,0,0,0,38
3,6279,1311.18966,0.587857007980347,-4.86901221563585E-08,0,0,0,0,0,38
3,6280,1311.40966,0.5856072306633,-4.56459652298236E-08,0,0,0,0,0,38
3,6281,1311.62966,0.5835320353508,-9.18688982665117E-08,0,0,0,0,0,38
3,6282,1311.84966,0.581301629543304,-5.97067071339552E-08,0,0,0,0,0,38
3,6283,1312.06966,0.578916072845459,-1.21504669436945E-07,0,0,0,0,0,38
3,6284,1312.28966,0.576879620552063,-5.85661190655173E-08,0,0,0,0,0,38
3,6285,1312.50966,0.574571669101715,-1.08907620699483E-07,0,0,0,0,0,38
3,6286,1312.72966,0.572477042675018,-3.24455271538682E-08,0,0,0,0,0,38
3,6287,1312.94966,0.570285439491272,-7.72475985399979E-08,0,0,0,0,0,38
3,6288,1313.16966,0.56762832403183,-6.76129516818946E-08,0,0,0,0,0,38
3,6289,1313.38966,0.565669476985931,-4.91806133595674E-08,0,0,0,0,0,38
3,6290,1313.60966,0.563613653182983,-7.98324037987186E-08,0,0,0,0,0,38
3,6291,1313.82966,0.56124746799469,-7.37791268079491E-08,0,0,0,0,0,38
3,6292,1314.04966,0.559288620948792,-7.36156238190233E-08,0,0,0,0,0,38
3,6293,1314.26966,0.557155191898346,-1.19628353445478E-07,0,0,0,0,0,38
3,6294,1314.48966,0.554789066314697,-3.69845167824678E-08,0,0,0,0,0,38
3,6295,1314.70966,0.552345335483551,-9.41033562185112E-08,0,0,0,0,0,38
3,6296,1314.92966,0.550250709056854,-8.235492998665E-08,0,0,0,0,0,38
3,6297,1315.14966,0.54807847738266,-6.91350336978758E-08,0,0,0,0,0,38
3,6298,1315.36966,0.546080827713013,-8.96188652177443E-08,0,0,0,0,0,38
3,6299,1315.58966,0.54377281665802,-7.54880531417257E-08,0,0,0,0,0,38
3,6300,1315.80966,0.541620016098022,-8.26196426828574E-08,0,0,0,0,0,38
3,6301,1316.02966,0.539409041404724,-1.0749842971336E-07,0,0,0,0,0,38
3,6302,1316.24966,0.53723680973053,-6.49736406899137E-08,0,0,0,0,0,38
3,6303,1316.46966,0.534851253032684,-5.80094514646134E-08,0,0,0,0,0,38
3,6304,1316.68966,0.532640278339386,-6.09173582688527E-08,0,0,0,0,0,38
3,6305,1316.90966,0.530584454536438,-6.21358040575615E-08,0,0,0,0,0,38
3,6306,1317.12966,0.52868378162384,-4.76585348962999E-08,0,0,0,0,0,38
3,6307,1317.34966,0.526065468788147,-6.00726295374443E-08,0,0,0,0,0,38
3,6308,1317.56966,0.524009644985199,-6.29143599439885E-08,0,0,0,0,0,38
3,6309,1317.78966,0.521837413311005,-7.57410845153572E-08,0,0,0,0,0,38
3,6310,1318.00966,0.519374310970306,-6.30506065135705E-08,0,0,0,0,0,38
3,6311,1318.22966,0.51758998632431,-8.88519906538932E-08,0,0,0,0,0,38
3,6312,1318.44966,0.514991104602814,-6.9212887865433E-08,0,0,0,0,0,38
3,6313,1318.66966,0.51287704706192,-9.19973572877097E-08,0,0,0,0,0,38
3,6314,1318.88966,0.510743618011475,-5.77213832286816E-08,0,0,0,0,0,38
3,6315,1319.10966,0.508416295051575,-9.88447652616742E-08,0,0,0,0,0,38
3,6316,1319.32966,0.50649619102478,-8.47645651447237E-08,0,0,0,0,0,38
3,6317,1319.54966,0.504440367221832,-1.35074927243295E-07,0,0,0,0,0,38
3,6318,1319.76966,0.501763880252838,-1.24361974940257E-07,0,0,0,0,0,38
3,6319,1319.98966,0.499843806028366,-9.41695361689199E-08,0,0,0,0,0,38
3,6320,1320.20966,0.497438877820969,-1.31186027374497E-07,0,0,0,0,0,38
3,6321,1320.42966,0.495169699192047,-5.27658698956657E-08,0,0,0,0,0,38
3,6322,1320.64966,0.493288397789001,-5.33653583545401E-08,0,0,0,0,0,38
3,6323,1320.86966,0.491096794605255,-7.38647614184629E-08,0,0,0,0,0,38
3,6324,1321.08966,0.488653063774109,-9.57928278921827E-08,0,0,0,0,0,38
3,6325,1321.30966,0.486558437347412,-7.72047741293136E-08,0,0,0,0,0,38
3,6326,1321.52966,0.484347432851791,-8.41222558278787E-08,0,0,0,0,0,38
3,6327,1321.74966,0.482117056846619,-5.6829936312397E-08,0,0,0,0,0,38
3,6328,1321.96966,0.479983627796173,-1.59058373583321E-07,0,0,0,0,0,38
3,6329,1322.18966,0.477598071098328,-1.2006434246814E-07,0,0,0,0,0,38
3,6330,1322.40966,0.475328892469406,-9.53879748522013E-08,0,0,0,0,0,38
3,6331,1322.62966,0.473428219556808,-1.04972009751236E-07,0,0,0,0,0,38
3,6332,1322.84966,0.471042662858963,-7.18521917519865E-08,0,0,0,0,0,38
3,6333,1323.06966,0.469045013189316,-1.20114947321781E-07,0,0,0,0,0,38
3,6334,1323.28966,0.466853410005569,-9.60769952484952E-08,0,0,0,0,0,38
3,6335,1323.50966,0.464409679174423,-1.1930913501601E-07,0,0,0,0,0,38
3,6336,1323.72966,0.462470203638077,-1.01484076253655E-07,0,0,0,0,0,38
3,6337,1323.94966,0.460181623697281,-1.03084012437193E-07,0,0,0,0,0,38
3,6338,1324.16966,0.458145171403885,-1.29535493442745E-07,0,0,0,0,0,38
3,6339,1324.38966,0.455779016017914,-1.09635571732269E-07,0,0,0,0,0,38
3,6340,1324.60966,0.453432261943817,-8.56637996093923E-08,0,0,0,0,0,38
3,6341,1324.82966,0.45143461227417,-1.13466072093615E-07,0,0,0,0,0,38
3,6342,1325.04966,0.448990881443024,-1.39286910894043E-07,0,0,0,0,0,38
3,6343,1325.26966,0.447090178728104,-8.27909190093123E-08,0,0,0,0,0,38
3,6344,1325.48966,0.444898575544357,-1.2690786377334E-07,0,0,0,0,0,38
3,6345,1325.70966,0.442590624094009,-1.56707130827272E-07,0,0,0,0,0,38
3,6346,1325.92966,0.440476596355438,-1.2857397280186E-07,0,0,0,0,0,38
3,6347,1326.14966,0.438498318195343,-1.01939534147277E-07,0,0,0,0,0,38
3,6348,1326.36966,0.435957610607147,-1.48248105347193E-07,0,0,0,0,0,38
3,6349,1326.58966,0.433766007423401,-1.69973745300922E-07,0,0,0,0,0,38
3,6350,1326.80966,0.431535631418228,-1.38648502456817E-07,0,0,0,0,0,38
3,6351,1327.02966,0.429441004991531,-9.06699213487627E-08,0,0,0,0,0,38
3,6352,1327.24966,0.426997274160385,-1.2955494810285E-07,0,0,0,0,0,38
3,6353,1327.46966,0.425038397312164,-1.48131320543143E-07,0,0,0,0,0,38
3,6354,1327.68966,0.422866195440292,-1.5246789075718E-07,0,0,0,0,0,38
3,6355,1327.90966,0.420732766389847,-1.40022649475213E-07,0,0,0,0,0,38
3,6356,1328.12966,0.418463587760925,-1.20955789384425E-07,0,0,0,0,0,38
3,6357,1328.34966,0.41598105430603,-9.87708048683089E-08,0,0,0,0,0,38
3,6358,1328.56966,0.414002805948257,-1.45951361218977E-07,0,0,0,0,0,38
3,6359,1328.78966,0.411888778209686,-1.59073948680089E-07,0,0,0,0,0,38
3,6360,1329.00966,0.409464448690414,-1.29737912857308E-07,0,0,0,0,0,38
3,6361,1329.22966,0.407563745975494,-1.68552872992223E-07,0,0,0,0,0,38
3,6362,1329.44966,0.405352771282196,-1.18117945646645E-07,0,0,0,0,0,38
3,6363,1329.66966,0.402986615896225,-1.87351133718039E-07,0,0,0,0,0,38
3,6364,1329.88966,0.400484681129456,-1.87024141951042E-07,0,0,0,0,0,38
3,6365,1330.10966,0.398603409528732,-1.92112011632162E-07,0,0,0,0,0,38
3,6366,1330.32966,0.396373003721237,-1.67521292837591E-07,0,0,0,0,0,38
3,6367,1330.54966,0.394084423780441,-1.87024141951042E-07,0,0,0,0,0,38
3,6368,1330.76966,0.392009198665619,-1.83723059876684E-07,0,0,0,0,0,38
3,6369,1330.98966,0.389778792858124,-2.28349946951312E-07,0,0,0,0,0,38
3,6370,1331.20966,0.387315660715103,-2.18602423274206E-07,0,0,0,0,0,38
3,6371,1331.42966,0.385221034288406,-2.03404979970401E-07,0,0,0,0,0,38
3,6372,1331.64966,0.383165210485458,-2.10809062650696E-07,0,0,0,0,0,38
3,6373,1331.86966,0.380993008613586,-2.24928186298712E-07,0,0,0,0,0,38
3,6374,1332.08966,0.378568649291992,-1.87382283911575E-07,0,0,0,0,0,38
3,6375,1332.30966,0.376784354448318,-2.40222959746461E-07,0,0,0,0,0,38
3,6376,1332.52966,0.374418199062347,-2.26002597969455E-07,0,0,0,0,0,38
3,6377,1332.74966,0.372439920902252,-2.20354166913239E-07,0,0,0,0,0,38
3,6378,1332.96966,0.370073765516281,-2.36053779190115E-07,0,0,0,0,0,38
3,6379,1333.18966,0.367610633373261,-2.8765654747076E-07,0,0,0,0,0,38
3,6380,1333.40966,0.365496605634689,-2.25753467475442E-07,0,0,0,0,0,38
3,6381,1333.62966,0.363285630941391,-2.83942824808037E-07,0,0,0,0,0,38
3,6382,1333.84966,0.36107462644577,-2.62551964169688E-07,0,0,0,0,0,38
3,6383,1334.06966,0.359057575464249,-3.01822382198225E-07,0,0,0,0,0,38
3,6384,1334.28966,0.356962949037552,-2.65479343397601E-07,0,0,0,0,0,38
3,6385,1334.50966,0.354499816894531,-2.7992936679766E-07,0,0,0,0,0,38
3,6386,1334.72966,0.35223063826561,-2.47654270424391E-07,0,0,0,0,0,38
3,6387,1334.94966,0.350039035081863,-3.04177518728466E-07,0,0,0,0,0,38
3,6388,1335.16966,0.348235309123993,-3.23119820677675E-07,0,0,0,0,0,38
3,6389,1335.38966,0.345636427402496,-3.51607212678573E-07,0,0,0,0,0,38
3,6390,1335.60966,0.3435999751091,-3.34852671812769E-07,0,0,0,0,0,38
3,6391,1335.82966,0.341408371925354,-3.53452406898214E-07,0,0,0,0,0,38
3,6392,1336.04966,0.33937194943428,-3.25798055200721E-07,0,0,0,0,0,38
3,6393,1336.26966,0.336870014667511,-3.4122905390177E-07,0,0,0,0,0,38
3,6394,1336.48966,0.334581434726715,-3.7019137266725E-07,0,0,0,0,0,38
3,6395,1336.70966,0.332486808300018,-3.66290805686731E-07,0,0,0,0,0,38
3,6396,1336.92966,0.330353379249573,-3.70802524685132E-07,0,0,0,0,0,38
3,6397,1337.14966,0.328064829111099,-3.90795889870788E-07,0,0,0,0,0,38
3,6398,1337.36966,0.326164126396179,-4.07258482937323E-07,0,0,0,0,0,38
3,6399,1337.58966,0.323914349079132,-4.04299953515874E-07,0,0,0,0,0,38
3,6400,1337.80966,0.321683943271637,-4.37178414358641E-07,0,0,0,0,0,38
3,6401,1338.02966,0.31943416595459,-4.70126963136863E-07,0,0,0,0,0,38
3,6402,1338.24966,0.317087411880493,-4.71855344130745E-07,0,0,0,0,0,38
3,6403,1338.46966,0.315264314413071,-4.86145779632352E-07,0,0,0,0,0,38
3,6404,1338.68966,0.312587827444077,-4.58082666909831E-07,0,0,0,0,0,38
3,6405,1338.90966,0.310473799705505,-4.49876694119666E-07,0,0,0,0,0,38
3,6406,1339.12966,0.308340400457382,-5.01105716921302E-07,0,0,0,0,0,38
3,6407,1339.34966,0.305974245071411,-4.96313703024498E-07,0,0,0,0,0,38
3,6408,1339.56966,0.30426749587059,-5.03309081523184E-07,0,0,0,0,0,38
3,6409,1339.78966,0.301959544420242,-5.04227784858813E-07,0,0,0,0,0,38
3,6410,1340.00966,0.299593389034271,-5.60116461656435E-07,0,0,0,0,0,38
3,6411,1340.22966,0.297518134117126,-5.94458640534867E-07,0,0,0,0,0,38
3,6412,1340.44966,0.295307129621506,-5.92352648709493E-07,0,0,0,0,0,38
3,6413,1340.66966,0.292785823345184,-6.07285358000809E-07,0,0,0,0,0,38
3,6414,1340.88966,0.290768772363663,-6.01212605033652E-07,0,0,0,0,0,38
3,6415,1341.10966,0.28863537311554,-6.38672872810275E-07,0,0,0,0,0,38
3,6416,1341.32966,0.286346793174744,-6.5990025177598E-07,0,0,0,0,0,38
3,6417,1341.54966,0.284484893083572,-6.36753725302697E-07,0,0,0,0,0,38
3,6418,1341.76966,0.282138139009476,-6.89325815983466E-07,0,0,0,0,0,38
3,6419,1341.98966,0.279616802930832,-7.19027752893453E-07,0,0,0,0,0,38
3,6420,1342.20966,0.277522176504135,-7.35969138077053E-07,0,0,0,0,0,38
3,6421,1342.42966,0.275679677724838,-7.61408500693506E-07,0,0,0,0,0,38
3,6422,1342.64966,0.273294150829315,-7.80514312737068E-07,0,0,0,0,0,38
3,6423,1342.86966,0.270869791507721,-8.32265016015299E-07,0,0,0,0,0,38
3,6424,1343.08966,0.268775165081024,-8.56279598338006E-07,0,0,0,0,0,38
3,6425,1343.30966,0.266622364521027,-8.57844497659244E-07,0,0,0,0,0,38
3,6426,1343.52966,0.264391958713531,-8.97706627256412E-07,0,0,0,0,0,38
3,6427,1343.74966,0.26227793097496,-9.40924337555771E-07,0,0,0,0,0,38
3,6428,1343.96966,0.25981479883194,-9.14013469355268E-07,0,0,0,0,0,38
3,6429,1344.18966,0.257758975028992,-9.7194197223871E-07,0,0,0,0,0,38
3,6430,1344.40966,0.255528569221497,-1.02235355825542E-06,0,0,0,0,0,38
3,6431,1344.62966,0.253860622644424,-1.02793580936122E-06,0,0,0,0,0,38
3,6432,1344.84966,0.251203566789627,-1.08069866655569E-06,0,0,0,0,0,38
3,6433,1345.06966,0.248953774571419,-1.11560916593589E-06,0,0,0,0,0,38
3,6434,1345.28966,0.246878534555435,-1.14195552214369E-06,0,0,0,0,0,38
3,6435,1345.50966,0.244454190135002,-1.15967156943952E-06,0,0,0,0,0,38
3,6436,1345.72966,0.24228198826313,-1.22338872188266E-06,0,0,0,0,0,38
3,6437,1345.94966,0.240303725004196,-1.2551655572679E-06,0,0,0,0,0,38
3,6438,1346.16966,0.237995758652687,-1.28466115256742E-06,0,0,0,0,0,38
3,6439,1346.38966,0.23590113222599,-1.30808018639073E-06,0,0,0,0,0,38
3,6440,1346.60966,0.233748316764832,-1.34898937176331E-06,0,0,0,0,0,38
3,6441,1346.82966,0.231653690338135,-1.37750021167449E-06,0,0,0,0,0,38
3,6442,1347.04966,0.229093581438065,-1.41908685691305E-06,0,0,0,0,0,38
3,6443,1347.26966,0.22705714404583,-1.48841343161621E-06,0,0,0,0,0,38
3,6445,1347.70966,0.222809702157974,-1.54002486851823E-06,0,0,0,0,0,38
3,6446,1347.92966,0.220404744148254,-1.60332001541974E-06,0,0,0,0,0,38
3,6447,1348.14966,0.21827132999897,-1.68972349001706E-06,0,0,0,0,0,38
3,6448,1348.36966,0.216370642185211,-1.47116656989965E-06,0,0,0,0,0,38
3,6449,1348.58966,0.213558420538902,-1.27984174014273E-06,0,0,0,0,0,38
3,6450,1348.80966,0.211541369557381,-1.66276367963292E-06,0,0,0,0,0,38
3,6451,1349.02966,0.209291577339172,-1.8160025092584E-06,0,0,0,0,0,38
3,6452,1349.24966,0.207216337323189,-1.82374424184673E-06,0,0,0,0,0,38
3,6453,1349.46966,0.205005347728729,-1.8404724642096E-06,0,0,0,0,0,38
3,6454,1349.68966,0.202503427863121,-1.89275806405931E-06,0,0,0,0,0,38
3,6455,1349.90966,0.20064152777195,-2.04055049835006E-06,0,0,0,0,0,38
3,6456,1350.12966,0.198217198252678,-2.21316304305219E-06,0,0,0,0,0,38
3,6457,1350.34966,0.196083769202232,-2.23463734982943E-06,0,0,0,0,0,38
3,6458,1350.56966,0.194124907255173,-2.42600117417169E-06,0,0,0,0,0,38
3,6459,1350.78966,0.191875129938126,-2.37320978158095E-06,0,0,0,0,0,38
3,6460,1351.00966,0.18933442234993,-2.30684122470848E-06,0,0,0,0,0,38
3,6461,1351.22966,0.187841027975082,-2.46579884333187E-06,0,0,0,0,0,38
3,6462,1351.44966,0.185397282242775,-2.08217670660815E-06,0,0,0,0,0,38
3,6463,1351.66966,0.183011740446091,-2.39853557104652E-06,0,0,0,0,0,38
3,6464,1351.88966,0.180839523673058,-2.32699312618934E-06,0,0,0,0,0,38
3,6465,1352.10966,0.178550958633423,-2.48525043389236E-06,0,0,0,0,0,38
3,6466,1352.32966,0.176165401935577,-2.47587468038546E-06,0,0,0,0,0,38
3,6467,1352.54966,0.17441987991333,-2.63996753346873E-06,0,0,0,0,0,38
3,6468,1352.76966,0.172247678041458,-2.9317786811589E-06,0,0,0,0,0,38
3,6469,1352.98966,0.169842720031738,-2.88847968477057E-06,0,0,0,0,0,38
3,6470,1353.20966,0.167476564645767,-2.68614530796185E-06,0,0,0,0,0,38
3,6471,1353.42966,0.165459513664246,-2.8290749014559E-06,0,0,0,0,0,38
3,6472,1353.64966,0.163364887237549,-2.98600934911519E-06,0,0,0,0,0,38
3,6473,1353.86966,0.160979345440865,-3.0246790174715E-06,0,0,0,0,0,38
3,6474,1354.08966,0.158651977777481,-2.81927123069181E-06,0,0,0,0,0,38
3,6475,1354.30966,0.156751289963722,-3.4111799323E-06,0,0,0,0,0,38
3,6476,1354.52966,0.154501512646675,-3.19978130391974E-06,0,0,0,0,0,38
3,6477,1354.74966,0.15201897919178,-3.21705419992213E-06,0,0,0,0,0,38
3,6478,1354.96966,0.150234669446945,-3.61538172910514E-06,0,0,0,0,0,38
3,6479,1355.18966,0.148081853985786,-3.77017659047851E-06,0,0,0,0,0,38
3,6480,1355.40966,0.145133852958679,-3.27085695062124E-06,0,0,0,0,0,38
3,6481,1355.62966,0.143291354179382,-3.60966282642039E-06,0,0,0,0,0,38
3,6482,1355.84966,0.141293704509735,-3.61756019628956E-06,0,0,0,0,0,38
3,6483,1356.06966,0.138811185956001,-3.96033419747255E-06,0,0,0,0,0,38
3,6484,1356.28966,0.13669715821743,-3.90622017221176E-06,0,0,0,0,0,38
3,6485,1356.50966,0.134854659438133,-3.61608181265183E-06,0,0,0,0,0,38
3,6486,1356.72966,0.132313951849937,-3.76624734599318E-06,0,0,0,0,0,38
3,6487,1356.94966,0.130258113145828,-4.16718148699147E-06,0,0,0,0,0,38
3,6488,1357.16966,0.128182873129845,-3.86743386115995E-06,0,0,0,0,0,38
3,6489,1357.38966,0.125467613339424,-4.02129535359563E-06,0,0,0,0,0,38
3,6490,1357.60966,0.12358632683754,-4.17787987316842E-06,0,0,0,0,0,38
3,6491,1357.82966,0.121511094272137,-4.530729711405E-06,0,0,0,0,0,38
3,6492,1358.04966,0.119144938886166,-4.59772036265349E-06,0,0,0,0,0,38
3,6493,1358.26966,0.117147281765938,-4.66101573692868E-06,0,0,0,0,0,38
3,6494,1358.48966,0.114839315414429,-4.46245485363761E-06,0,0,0,0,0,38
3,6495,1358.70966,0.11268649995327,-4.54061091659241E-06,0,0,0,0,0,38
3,6496,1358.92966,0.110320344567299,-4.59495822724421E-06,0,0,0,0,0,38
3,6497,1359.14966,0.108361475169659,-4.91248465550598E-06,0,0,0,0,0,38
3,6498,1359.36966,0.106189265847206,-4.9614632189332E-06,0,0,0,0,0,38
3,6499,1359.58966,0.103978268802166,-5.35679509994225E-06,0,0,0,0,0,38
3,6500,1359.80966,0.10143756121397,-5.11812550030299E-06,0,0,0,0,0,38
3,6501,1360.02966,0.0994011163711548,-4.96539269079221E-06,0,0,0,0,0,38
3,6502,1360.24966,0.0971707254648209,-5.25545328855515E-06,0,0,0,0,0,38
3,6503,1360.46966,0.0950954928994179,-5.03113869854133E-06,0,0,0,0,0,38
3,6504,1360.68966,0.0929426774382591,-5.62378636459471E-06,0,0,0,0,0,38
3,6505,1360.90966,0.0904989466071129,-5.65206892133574E-06,0,0,0,0,0,38
3,6506,1361.12966,0.0881327912211418,-5.54380176254199E-06,0,0,0,0,0,38
3,6507,1361.34966,0.0861545279622078,-5.41180406798958E-06,0,0,0,0,0,38
3,6508,1361.56966,0.0842732414603233,-5.59713771508541E-06,0,0,0,0,0,38
3,6509,1361.78966,0.0817519277334213,-5.95846859141602E-06,0,0,0,0,0,38
3,6510,1362.00966,0.0794827416539192,-6.32707451586612E-06,0,0,0,0,0,38
3,6511,1362.22966,0.0772717446088791,-5.74784780837945E-06,0,0,0,0,0,38
3,6512,1362.44966,0.075060747563839,-5.87078147873399E-06,0,0,0,0,0,38
3,6513,1362.66966,0.0730243027210236,-6.12376743447385E-06,0,0,0,0,0,38
3,6514,1362.88966,0.0708133056759834,-6.29669102636399E-06,0,0,0,0,0,38
3,6515,1363.10966,0.0685247331857681,-6.51182472211076E-06,0,0,0,0,0,38
3,6516,1363.32966,0.0664688944816589,-6.22238621872384E-06,0,0,0,0,0,38
3,6517,1363.54966,0.0641997084021568,-6.66451887809671E-06,0,0,0,0,0,38
3,6518,1363.76966,0.0621244758367538,-6.85269242239883E-06,0,0,0,0,0,38
3,6519,1363.98966,0.0600686334073544,-6.40499683868256E-06,0,0,0,0,0,38
3,6520,1364.20966,0.0577412694692612,-6.75547380524222E-06,0,0,0,0,0,38
3,6521,1364.42966,0.0554720871150494,-7.16372142051114E-06,0,0,0,0,0,38
3,6522,1364.64966,0.0532222986221313,-7.034019290586E-06,0,0,0,0,0,38
3,6523,1364.86966,0.0508367493748665,-6.9886191340629E-06,0,0,0,0,0,38
3,6524,1365.08966,0.048839095979929,-6.94349182595033E-06,0,0,0,0,0,38
3,6525,1365.30966,0.0468608327209949,-7.15648548066383E-06,0,0,0,0,0,38
3,6526,1365.52966,0.0446886233985424,-6.96741699357517E-06,0,0,0,0,0,38
3,6527,1365.74966,0.042380653321743,-7.23444736649981E-06,0,0,0,0,0,38
3,6528,1365.96966,0.0400338917970657,-7.77084096625913E-06,0,0,0,0,0,38
3,6529,1366.18966,0.0379974469542503,-7.60853799874894E-06,0,0,0,0,0,38
3,6530,1366.40966,0.0359222143888474,-7.55391829443397E-06,0,0,0,0,0,38
3,6531,1366.62966,0.0333815068006516,-7.90245030657388E-06,0,0,0,0,0,38
3,6532,1366.84966,0.0309571661055088,-7.78986486693611E-06,0,0,0,0,0,38
3,6533,1367.06966,0.0289207212626934,-8.13030510471435E-06,0,0,0,0,0,38
3,6534,1367.28966,0.0268260911107063,-7.82561710366281E-06,0,0,0,0,0,38
3,6535,1367.50966,0.0243241731077433,-7.99682857177686E-06,0,0,0,0,0,38
3,6536,1367.72966,0.0226756222546101,-8.01694113761187E-06,0,0,0,0,0,38
3,6537,1367.94966,0.020037941634655,-8.39048789202934E-06,0,0,0,0,0,38
3,6538,1368.16966,0.0180208906531334,-8.28840620670235E-06,0,0,0,0,0,38
3,6539,1368.38966,0.0160232353955507,-8.56769111123867E-06,0,0,0,0,0,38
3,6540,1368.60966,0.0137540539726615,-8.4559223978431E-06,0,0,0,0,0,38
3,6541,1368.82966,0.0115624507889152,-8.78430273587583E-06,0,0,0,0,0,38
3,6542,1369.04966,0.00939024239778519,-8.79686831467552E-06,0,0,0,0,0,38
3,6543,1369.26966,0.00714045530185103,-8.94687855179654E-06,0,0,0,0,0,38
3,6544,1369.48966,0.00496824737638235,-8.93575179361505E-06,0,0,0,0,0,38
3,6545,1369.70966,0.00236935541033745,-8.99185033631511E-06,0,0,0,0,0,38
3,6546,1369.92966,0.000565646856557578,-9.2042209871579E-06,0,0,0,0,0,38
3,6547,1370.14966,-0.00174232432618737,-9.46428735915106E-06,0,0,0,0,0,38
3,6548,1370.36966,-0.00422484800219536,-9.24619780562352E-06,0,0,0,0,0,38
3,6549,1370.58966,-0.00616431934759021,-9.6302092060796E-06,0,0,0,0,0,38
3,6550,1370.80966,-0.00798742286860943,-9.40379322855733E-06,0,0,0,0,0,38
3,6551,1371.02966,-0.01070268265903,-9.62515150604304E-06,0,0,0,0,0,38
3,6552,1371.24966,-0.0122154708951712,-9.96271228359547E-06,0,0,0,0,0,38
3,6553,1371.46966,-0.015105283819139,-9.97037659544731E-06,0,0,0,0,0,38
3,6554,1371.68966,-0.0171611234545708,-9.91186607279815E-06,0,0,0,0,0,38
3,6555,1371.90966,-0.0195078831166029,-9.88996362139005E-06,0,0,0,0,0,38
3,6556,1372.12966,-0.0216606967151165,-1.02725744000054E-05,0,0,0,0,0,38
3,6557,1372.34966,-0.0236777476966381,-1.02521898952546E-05,0,0,0,0,0,38
3,6558,1372.56966,-0.025927534326911,-1.04782156995498E-05,0,0,0,0,0,38
3,6559,1372.78966,-0.0279639791697264,-1.09067705125199E-05,0,0,0,0,0,38
3,6560,1373.00966,-0.0302719511091709,-1.07212426883052E-05,0,0,0,0,0,38
3,6561,1373.22966,-0.0323083959519863,-1.09560996861546E-05,0,0,0,0,0,38
3,6562,1373.44966,-0.0347133427858353,-1.04759201349225E-05,0,0,0,0,0,38
3,6563,1373.66966,-0.0369825214147568,-1.09935635919101E-05,0,0,0,0,0,38
3,6564,1373.88966,-0.0391353368759155,-1.13366486402811E-05,0,0,0,0,0,38
3,6565,1374.10966,-0.0411911755800247,-1.11373874460696E-05,0,0,0,0,0,38
3,6566,1374.32966,-0.0436930954456329,-1.13349369712523E-05,0,0,0,0,0,38
3,6567,1374.54966,-0.0458265133202076,-1.14984850370092E-05,0,0,0,0,0,38
3,6568,1374.76966,-0.0478047728538513,-1.15061493488611E-05,0,0,0,0,0,38
3,6569,1374.98966,-0.0502097196877003,-1.15627526611206E-05,0,0,0,0,0,38
3,6570,1375.20966,-0.0523819290101528,-1.19571122922935E-05,0,0,0,0,0,38
3,6571,1375.42966,-0.0549032390117645,-1.22322726383572E-05,0,0,0,0,0,38
3,6572,1375.64966,-0.0566487647593021,-1.19702999654692E-05,0,0,0,0,0,38
3,6573,1375.86966,-0.0592282600700855,-1.24200969366939E-05,0,0,0,0,0,38
3,6574,1376.08966,-0.0612259171903133,-1.25424849102274E-05,0,0,0,0,0,38
3,6575,1376.30966,-0.0634563118219376,-1.29173540699412E-05,0,0,0,0,0,38
3,6576,1376.52966,-0.0655121505260468,-1.30998478198308E-05,0,0,0,0,0,38
3,6577,1376.74966,-0.0679170936346054,-1.2742096259899E-05,0,0,0,0,0,38
3,6578,1376.96966,-0.0697401985526085,-1.26058193927747E-05,0,0,0,0,0,38
3,6579,1377.18966,-0.0722809061408043,-1.33234625536716E-05,0,0,0,0,0,38
3,6580,1377.40966,-0.0743367448449135,-1.31145925479359E-05,0,0,0,0,0,38
3,6581,1377.62966,-0.0764701664447784,-1.32392760860967E-05,0,0,0,0,0,38
3,6582,1377.84966,-0.0788945034146309,-1.3850325558451E-05,0,0,0,0,0,38
3,6583,1378.06966,-0.0812412649393082,-1.36438675326644E-05,0,0,0,0,0,38
3,6584,1378.28966,-0.0829092115163803,-1.38131345011061E-05,0,0,0,0,0,38
3,6585,1378.50966,-0.0855662822723389,-1.44961923069786E-05,0,0,0,0,0,38
3,6586,1378.72966,-0.0877190977334976,-1.39483217935776E-05,0,0,0,0,0,38
3,6587,1378.94966,-0.0895034149289131,-1.40577558340738E-05,0,0,0,0,0,38
3,6588,1379.16966,-0.0917531996965408,-1.48503650052589E-05,0,0,0,0,0,38
3,6589,1379.38966,-0.0940611734986305,-1.4693352568429E-05,0,0,0,0,0,38
3,6590,1379.60966,-0.0965436920523643,-1.4985047528171E-05,0,0,0,0,0,38
3,6591,1379.82966,-0.0986383259296417,-1.49389079524553E-05,0,0,0,0,0,38
3,6592,1380.04966,-0.100946292281151,-1.55198849824956E-05,0,0,0,0,0,38
3,6593,1380.26966,-0.103118501603603,-1.54328208736843E-05,0,0,0,0,0,38
3,6594,1380.48966,-0.104999788105488,-1.64355242304737E-05,0,0,0,0,0,38
3,6595,1380.70966,-0.107462920248508,-1.8524398910813E-05,0,0,0,0,0,38
3,6596,1380.92966,-0.109402388334274,-1.40583397296723E-05,0,0,0,0,0,38
3,6597,1381.14966,-0.111652180552483,-1.59750852617435E-05,0,0,0,0,0,38
3,6598,1381.36966,-0.113727413117886,-1.59987866936717E-05,0,0,0,0,0,38
3,6599,1381.58966,-0.115996591746807,-1.57955728354864E-05,0,0,0,0,0,38
3,6600,1381.80966,-0.118188194930553,-1.81179711944424E-05,0,0,0,0,0,38
3,6601,1382.02966,-0.120205245912075,-1.55939123942517E-05,0,0,0,0,0,38
3,6602,1382.24966,-0.123133853077888,-2.14156425499823E-05,0,0,0,0,0,38
3,6603,1382.46966,-0.12480179220438,-1.83355623448733E-05,0,0,0,0,0,38
3,6604,1382.68966,-0.127187341451645,-1.85500448424136E-05,0,0,0,0,0,38
3,6605,1382.90966,-0.129010453820229,-2.03327381314011E-05,0,0,0,0,0,38
3,6606,1383.12966,-0.131473571062088,-1.85236222023377E-05,0,0,0,0,0,38
3,6607,1383.34966,-0.133607000112534,-1.87194546015235E-05,0,0,0,0,0,38
3,6608,1383.56966,-0.135856777429581,-1.93213272723369E-05,0,0,0,0,0,38
3,6609,1383.78966,-0.138184145092964,-2.02153951249784E-05,0,0,0,0,0,38
3,6610,1384.00966,-0.140492126345634,-2.31334488489665E-05,0,0,0,0,0,38
3,6611,1384.22966,-0.142703115940094,-1.9946903194068E-05,0,0,0,0,0,38
3,6612,1384.44966,-0.145069271326065,-2.34893650485901E-05,0,0,0,0,0,38
3,6613,1384.66966,-0.146620854735374,-2.18135246541351E-05,0,0,0,0,0,38
3,6614,1384.88966,-0.149219736456871,-2.40601548284758E-05,0,0,0,0,0,38
3,6615,1385.10966,-0.151508316397667,-2.44685270445189E-05,0,0,0,0,0,38
3,6616,1385.32966,-0.153758108615875,-2.43729409703519E-05,0,0,0,0,0,38
3,6617,1385.54966,-0.155445441603661,-2.45291412284132E-05,0,0,0,0,0,38
3,6618,1385.76966,-0.157908573746681,-2.24324940063525E-05,0,0,0,0,0,38
3,6619,1385.98966,-0.160255342721939,-2.32744951063069E-05,0,0,0,0,0,38
3,6620,1386.20966,-0.162737861275673,-2.93818138743518E-05,0,0,0,0,0,38
3,6621,1386.42966,-0.164425194263458,-2.36848100030329E-05,0,0,0,0,0,38
3,6622,1386.64966,-0.166752561926842,-2.74996509688208E-05,0,0,0,0,0,38
3,6623,1386.86966,-0.168633848428726,-2.73570494755404E-05,0,0,0,0,0,38
3,6624,1387.08966,-0.171271532773972,-2.9201135475887E-05,0,0,0,0,0,38
3,6625,1387.30966,-0.173327371478081,-2.52868248935556E-05,0,0,0,0,0,38
3,6626,1387.52966,-0.175460800528526,-2.81100710708415E-05,0,0,0,0,0,38
3,6627,1387.74966,-0.177807554602623,-3.30198636220302E-05,0,0,0,0,0,38
3,6628,1387.96966,-0.17955307662487,-2.8790433134418E-05,0,0,0,0,0,38
3,6629,1388.18966,-0.182248950004578,-3.4096938179573E-05,0,0,0,0,0,38
3,6630,1388.40966,-0.184110835194588,-2.97645419777837E-05,0,0,0,0,0,38
3,6631,1388.62966,-0.186515778303146,-3.41408449457958E-05,0,0,0,0,0,38
3,6632,1388.84966,-0.188397064805031,-3.29518661601469E-05,0,0,0,0,0,38
3,6633,1389.06966,-0.190860196948051,-3.43961255566683E-05,0,0,0,0,0,38
3,6634,1389.28966,-0.193245753645897,-3.64846127922647E-05,0,0,0,0,0,38
3,6635,1389.50966,-0.195592507719994,-3.72360809706151E-05,0,0,0,0,0,38
3,6636,1389.72966,-0.197415605187416,-3.71206806448754E-05,0,0,0,0,0,38
3,6637,1389.94966,-0.199975714087486,-3.86181745852809E-05,0,0,0,0,0,38
3,6638,1390.16966,-0.202264294028282,-3.86309984605759E-05,0,0,0,0,0,38
3,6639,1390.38966,-0.203951627016068,-3.85971907235216E-05,0,0,0,0,0,38
3,6640,1390.60966,-0.206647500395775,-4.17017545260023E-05,0,0,0,0,0,38
3,6641,1390.82966,-0.20893606543541,-4.42662203568034E-05,0,0,0,0,0,38
3,6642,1391.04966,-0.210817366838455,-4.27959275839385E-05,0,0,0,0,0,38
3,6643,1391.26966,-0.213164120912552,-4.42487362306565E-05,0,0,0,0,0,38
3,6644,1391.48966,-0.215142384171486,-4.63651995232794E-05,0,0,0,0,0,38
3,6645,1391.70966,-0.217198222875595,-4.69515289296396E-05,0,0,0,0,0,38
3,6646,1391.92966,-0.219370424747467,-4.69915503344964E-05,0,0,0,0,0,38
3,6647,1392.14966,-0.221930533647537,-4.92447870783508E-05,0,0,0,0,0,38
3,6648,1392.36966,-0.223714843392372,-4.49310391559266E-05,0,0,0,0,0,38
3,6649,1392.58966,-0.225887060165405,-4.98843510285951E-05,0,0,0,0,0,38
3,6650,1392.80966,-0.228292003273964,-5.23679991601966E-05,0,0,0,0,0,38
3,6651,1393.02966,-0.230561181902885,-5.3272167860996E-05,0,0,0,0,0,38
3,6652,1393.24966,-0.233004912734032,-5.62725945201237E-05,0,0,0,0,0,38
3,6653,1393.46966,-0.234575882554054,-5.43935384484939E-05,0,0,0,0,0,38
3,6654,1393.68966,-0.237252354621887,-5.70372721995227E-05,0,0,0,0,0,38
3,6655,1393.90966,-0.239250019192696,-5.66518247069325E-05,0,0,0,0,0,38
3,6656,1394.12966,-0.241654962301254,-6.14718592260033E-05,0,0,0,0,0,38
3,6657,1394.34966,-0.243807777762413,-6.25951724941842E-05,0,0,0,0,0,38
3,6658,1394.56966,-0.245766639709473,-6.00213825237006E-05,0,0,0,0,0,38
3,6659,1394.78966,-0.248229771852493,-6.47054257569835E-05,0,0,0,0,0,38
3,6660,1395.00966,-0.250363171100616,-6.6155509557575E-05,0,0,0,0,0,38
3,6661,1395.22966,-0.252302646636963,-6.72189926262945E-05,0,0,0,0,0,38
3,6662,1395.44966,-0.254979133605957,-7.10396561771631E-05,0,0,0,0,0,38
3,6663,1395.66966,-0.25645312666893,-6.81503588566557E-05,0,0,0,0,0,38
3,6664,1395.88966,-0.25936233997345,-7.32555927243084E-05,0,0,0,0,0,38
3,6665,1396.10966,-0.261263012886047,-7.44636126910336E-05,0,0,0,0,0,38
3,6666,1396.32966,-0.263551592826843,-7.59657705202699E-05,0,0,0,0,0,38
3,6667,1396.54966,-0.26580137014389,-7.70214755902998E-05,0,0,0,0,0,38
3,6668,1396.76966,-0.267837822437286,-7.72468411014415E-05,0,0,0,0,0,38
3,6669,1396.98966,-0.270397931337357,-8.25525639811531E-05,0,0,0,0,0,38
3,6670,1397.20966,-0.272201627492905,-7.96026506577618E-05,0,0,0,0,0,38
3,6671,1397.42966,-0.274470806121826,-8.23746086098254E-05,0,0,0,0,0,38
3,6672,1397.64966,-0.276739984750748,-8.57426130096428E-05,0,0,0,0,0,38
3,6673,1397.86966,-0.278970390558243,-8.77965139807202E-05,0,0,0,0,0,38
3,6674,1398.08966,-0.281045615673065,-8.78606297192164E-05,0,0,0,0,0,38
3,6675,1398.30966,-0.283508747816086,-9.20492602745071E-05,0,0,0,0,0,38
3,6676,1398.52966,-0.285312473773956,-9.20760721783154E-05,0,0,0,0,0,38
3,6677,1398.74966,-0.287542849779129,-9.47524458752014E-05,0,0,0,0,0,38
3,6678,1398.96966,-0.2899090051651,-9.72139459918253E-05,0,0,0,0,0,38
3,6679,1399.18966,-0.292255759239197,-0.000100055840448476,0,0,0,0,0,38
3,6680,1399.40966,-0.294292211532593,-0.000100037577794865,0,0,0,0,0,38
3,6681,1399.62966,-0.296716570854187,-0.000103717589809094,0,0,0,0,0,38
3,6682,1399.84966,-0.298656016588211,-0.000103735466836952,0,0,0,0,0,38
3,6683,1400.06966,-0.30115795135498,-0.000109188848000485,0,0,0,0,0,38
3,6684,1400.28966,-0.303097426891327,-0.000106999330455437,0,0,0,0,0,38
3,6685,1400.50966,-0.305192053318024,-0.000111932822619565,0,0,0,0,0,38
3,6686,1400.72966,-0.30748063325882,-0.000111962741357274,0,0,0,0,0,38
3,6687,1400.94966,-0.309420108795166,-0.000116756360512227,0,0,0,0,0,38
3,6688,1401.16966,-0.311495333909988,-0.000114704780571628,0,0,0,0,0,38
3,6689,1401.38966,-0.314133018255234,-0.000118519623356406,0,0,0,0,0,38
3,6690,1401.60966,-0.316537946462631,-0.000123794656246901,0,0,0,0,0,38
3,6691,1401.82966,-0.318554997444153,-0.000125300313811749,0,0,0,0,0,38
3,6692,1402.04966,-0.320824176073074,-0.000127378691104241,0,0,0,0,0,38
3,6693,1402.26966,-0.323015779256821,-0.000129291162011214,0,0,0,0,0,38
3,6694,1402.48966,-0.325032830238342,-0.000130963511765003,0,0,0,0,0,38
3,6695,1402.70966,-0.327806293964386,-0.000137365743285045,0,0,0,0,0,38
3,6696,1402.92966,-0.329416036605835,-0.000137007504235953,0,0,0,0,0,38
3,6697,1403.14966,-0.331665843725204,-0.000139993542688899,0,0,0,0,0,38
3,6698,1403.36966,-0.333702266216278,-0.000140546850161627,0,0,0,0,0,38
3,6699,1403.58966,-0.336475729942322,-0.000146415215567686,0,0,0,0,0,38
3,6700,1403.80966,-0.338201850652695,-0.000147076149005443,0,0,0,0,0,38
3,6701,1404.02966,-0.340451627969742,-0.000149867133586667,0,0,0,0,0,38
3,6702,1404.24966,-0.342817783355713,-0.000152443259139545,0,0,0,0,0,38
3,6703,1404.46966,-0.344951212406158,-0.000155544330482371,0,0,0,0,0,38
3,6704,1404.68966,-0.346948862075806,-0.000154339810251258,0,0,0,0,0,38
3,6705,1404.90966,-0.349062889814377,-0.000157803006004542,0,0,0,0,0,38
3,6706,1405.12966,-0.351681172847748,-0.000164516473887488,0,0,0,0,0,38
3,6707,1405.34966,-0.354066729545593,-0.000167053745826706,0,0,0,0,0,38
3,6708,1405.56966,-0.355637699365616,-0.00016749554197304,0,0,0,0,0,38
3,6709,1405.78966,-0.364636838436127,-0.00025294121587649,0,0,0,0,0,38
3,6710,1406.00966,-0.362988293170929,-0.000210165861062706,0,0,0,0,0,38
3,6711,1406.22966,-0.360660940408707,-0.000149916246300563,0,0,0,0,0,38
3,6712,1406.44966,-0.365567803382874,-0.000195006199646741,0,0,0,0,0,38
3,6713,1406.66966,-0.37679734826088,-0.000308600516291335,0,0,0,0,0,38
3,6714,1406.88966,-0.3643459379673,-0.00012392271310091,0,0,0,0,0,38
3,6715,1407.10966,-0.360311836004257,-4.41059928562026E-05,0,0,0,0,0,38
3,6716,1407.32966,-0.372006833553314,-0.00017007855058182,0,0,0,0,0,38
3,6717,1407.54966,-0.375032424926758,-0.000185098164365627,0,0,0,0,0,38
3,6718,1407.76966,-0.373868733644485,-0.000143991652294062,0,0,0,0,0,38
3,6719,1407.98966,-0.371308624744415,-8.59321662574075E-05,0,0,0,0,0,38
3,6720,1408.20966,-0.374741494655609,-0.000102118799986783,0,0,0,0,0,38
3,6721,1408.42966,-0.391498535871506,-0.000296611280646175,0,0,0,0,0,38
3,6722,1408.64966,-0.396851480007172,-0.000340308586601168,0,0,0,0,0,38
3,6723,1408.86966,-0.393418610095978,-0.000268205883912742,0,0,0,0,0,38
3,6724,1409.08966,-0.386203765869141,-0.000150620355270803,0,0,0,0,0,38
3,6725,1409.30966,-0.390276670455933,-0.000177979309228249,0,0,0,0,0,38
3,6726,1409.52966,-0.386436522006989,-0.000100239893072285,0,0,0,0,0,38
3,6727,1409.74966,-0.399954617023468,-0.000245822360739112,0,0,0,0,0,38
3,6728,1409.96966,-0.407208263874054,-0.000318652484565973,0,0,0,0,0,38
3,6729,1410.18966,-0.395396858453751,-0.000137425202410668,0,0,0,0,0,38
3,6730,1410.40966,-0.413143038749695,-0.00034551351564005,0,0,0,0,0,38
3,6731,1410.62966,-0.399644315242767,-0.000139494717586786,0,0,0,0,0,38
3,6732,1410.84966,-0.399062484502792,-0.000105829938547686,0,0,0,0,0,38
3,6733,1411.06966,-0.402514725923538,-0.000125751059385948,0,0,0,0,0,38
3,6734,1411.28966,-0.414617031812668,-0.000258577929344028,0,0,0,0,0,38
3,6735,1411.50966,-0.40718886256218,-0.000131967404740863,0,0,0,0,0,38
3,6736,1411.72966,-0.411882370710373,-0.000175730849150568,0,0,0,0,0,38
3,6737,1411.94966,-0.414112776517868,-0.000171864099684171,0,0,0,0,0,38
3,6738,1412.16966,-0.431412845849991,-0.000376217940356582,0,0,0,0,0,38
3,6739,1412.38966,-0.419872999191284,-0.000197196321096271,0,0,0,0,0,38
3,6740,1412.60966,-0.415547966957092,-0.000110793684143573,0,0,0,0,0,38
3,6741,1412.82966,-0.422394305467606,-0.000174847795278765,0,0,0,0,0,38
3,6742,1413.04966,-0.434244483709335,-0.000306527101201937,0,0,0,0,0,38
3,6743,1413.26966,-0.426816314458847,-0.000185098164365627,0,0,0,0,0,38
3,6744,1413.48966,-0.425652623176575,-0.000138436618726701,0,0,0,0,0,38
3,6745,1413.70966,-0.429240643978119,-0.000159898205311038,0,0,0,0,0,38
3,6746,1413.92966,-0.449003875255585,-0.000393233174690977,0,0,0,0,0,38
3,6747,1414.14966,-0.434709966182709,-0.000177524168975651,0,0,0,0,0,38
3,6748,1414.36966,-0.435097843408585,-0.000156933965627104,0,0,0,0,0,38
3,6749,1414.58966,-0.451428204774857,-0.000343860243447125,0,0,0,0,0,38
3,6750,1414.80966,-0.438104033470154,-0.000138743940624408,0,0,0,0,0,38
3,6751,1415.02966,-0.451059699058533,-0.000286325899651274,0,0,0,0,0,38
3,6752,1415.24966,-0.457343578338623,-0.000343848572811112,0,0,0,0,0,38
3,6753,1415.46966,-0.458158165216446,-0.00032769693643786,0,0,0,0,0,38
3,6754,1415.68966,-0.447529852390289,-0.000161037998623215,0,0,0,0,0,38
3,6755,1415.90966,-0.457149654626846,-0.000258795771514997,0,0,0,0,0,38
3,6756,1416.12966,-0.460737675428391,-0.000279339321423322,0,0,0,0,0,38
3,6757,1416.34966,-0.464073568582535,-0.000294378376565874,0,0,0,0,0,38
3,6758,1416.56966,-0.474372148513794,-0.000404245976824313,0,0,0,0,0,38
3,6759,1416.78966,-0.468573123216629,-0.000300878717098385,0,0,0,0,0,38
3,6760,1417.00966,-0.464286893606186,-0.000218747387407348,0,0,0,0,0,38
3,6761,1417.22966,-0.472122371196747,-0.000291215750621632,0,0,0,0,0,38
3,6762,1417.44966,-0.465722113847733,-0.000186973178642802,0,0,0,0,0,38
3,6763,1417.66966,-0.479395389556885,-0.000333687668899074,0,0,0,0,0,38
3,6764,1417.88966,-0.469853192567825,-0.000182048344868235,0,0,0,0,0,38
3,6765,1418.10966,-0.47656375169754,-0.000241558824200183,0,0,0,0,0,38
3,6766,1418.32966,-0.483060985803604,-0.000299824489047751,0,0,0,0,0,38
3,6767,1418.54966,-0.477940768003464,-0.000210216428968124,0,0,0,0,0,38
3,6768,1418.76966,-0.483526468276978,-0.000251595251029357,0,0,0,0,0,38
3,6769,1418.98966,-0.499081015586853,-0.000428240018663928,0,0,0,0,0,38
3,6770,1419.20966,-0.498499184846878,-0.000395314360503107,0,0,0,0,0,38
3,6771,1419.42966,-0.498634934425354,-0.000371219182852656,0,0,0,0,0,38
3,6772,1419.64966,-0.497568219900131,-0.000328194873873144,0,0,0,0,0,38
3,6773,1419.86966,-0.508506834506989,-0.000441999232862145,0,0,0,0,0,38
3,6774,1420.08966,-0.493650496006012,-0.000221746638999321,0,0,0,0,0,38
3,6775,1420.30966,-0.504938244819641,-0.000339861231623217,0,0,0,0,0,38
3,6776,1420.52966,-0.500108957290649,-0.000248179741902277,0,0,0,0,0,38
3,6777,1420.74966,-0.511241495609283,-0.000364660518243909,0,0,0,0,0,38
3,6778,1420.96966,-0.517525374889374,-0.000420035823481157,0,0,0,0,0,38
3,6779,1421.18966,-0.516478061676025,-0.000382430414902046,0,0,0,0,0,38
3,6780,1421.40966,-0.516555666923523,-0.000351278606103733,0,0,0,0,0,38
3,6781,1421.62966,-0.526136636734009,-0.000447406462626532,0,0,0,0,0,38
3,6782,1421.84966,-0.527397334575653,-0.000432783650467172,0,0,0,0,0,38
3,6783,1422.06966,-0.511707007884979,-0.000198627865756862,0,0,0,0,0,38
3,6784,1422.28966,-0.528890669345856,-0.000400565972086042,0,0,0,0,0,38
3,6785,1422.50966,-0.53501945734024,-0.000446356134489179,0,0,0,0,0,38
3,6786,1422.72966,-0.519135177135468,-0.000205653355806135,0,0,0,0,0,38
3,6787,1422.94966,-0.523401975631714,-0.000235785948461853,0,0,0,0,0,38
3,6788,1423.16966,-0.543669462203979,-0.000473773456178606,0,0,0,0,0,38
3,6789,1423.38966,-0.534495770931244,-0.000320974882924929,0,0,0,0,0,38
3,6790,1423.60966,-0.540139615535736,-0.000369285815395415,0,0,0,0,0,38
3,6791,1423.82966,-0.538626849651337,-0.000317613827064633,0,0,0,0,0,38
3,6792,1424.04966,-0.550574004650116,-0.000440750533016399,0,0,0,0,0,38
3,6793,1424.26966,-0.533351480960846,-0.000188140213140287,0,0,0,0,0,38
3,6794,1424.48966,-0.552978932857513,-0.000414947600802407,0,0,0,0,0,38
3,6795,1424.70966,-0.545337438583374,-0.000286100286757573,0,0,0,0,0,38
3,6796,1424.92966,-0.552513480186462,-0.000348497211234644,0,0,0,0,0,38
3,6797,1425.14966,-0.562327206134796,-0.000446854071924463,0,0,0,0,0,38
3,6798,1425.36966,-0.552125573158264,-0.000282957102172077,0,0,0,0,0,38
3,6799,1425.58966,-0.562870264053345,-0.000387685897294432,0,0,0,0,0,38
3,6800,1425.80966,-0.544736206531525,-0.0001237904507434,0,0,0,0,0,38
3,6801,1426.02966,-0.551892817020416,-0.000185491066076793,0,0,0,0,0,38
3,6802,1426.24966,-0.566846132278442,-0.000346952845575288,0,0,0,0,0,38
3,6803,1426.46966,-0.568940758705139,-0.000345567968906835,0,0,0,0,0,38
3,6804,1426.68966,-0.557265162467957,-0.000162201133207418,0,0,0,0,0,38
3,6805,1426.90966,-0.560348927974701,-0.000173451247974299,0,0,0,0,0,38
3,6806,1427.12966,-0.561357438564301,-0.00015760694805067,0,0,0,0,0,38
3,6807,1427.34966,-0.575651347637177,-0.000310895673464984,0,0,0,0,0,38
3,6808,1427.56966,-0.56793224811554,-0.000179375856532715,0,0,0,0,0,38
3,6809,1427.78966,-0.582361936569214,-0.000338771991664544,0,0,0,0,0,38
3,6810,1428.00966,-0.591671407222748,-0.000431410444434732,0,0,0,0,0,38
3,6811,1428.22966,-0.582575261592865,-0.000279607716947794,0,0,0,0,0,38
3,6812,1428.44966,-0.58515477180481,-0.000285812420770526,0,0,0,0,0,38
3,6813,1428.66966,-0.583254098892212,-0.000230133649893105,0,0,0,0,0,38
3,6814,1428.88966,-0.579801797866821,-0.000156276539200917,0,0,0,0,0,38
3,6815,1429.10966,-0.581314623355865,-0.000147212645970285,0,0,0,0,0,38
3,6816,1429.32966,-0.588238537311554,-0.000207956283702515,0,0,0,0,0,38
3,6817,1429.54966,-0.587831258773804,-0.000173315100255422,0,0,0,0,0,38
3,6818,1429.76966,-0.599177122116089,-0.000291064032353461,0,0,0,0,0,38
3,6819,1429.98966,-0.590992569923401,-0.000151834057760425,0,0,0,0,0,38
3,6820,1430.20966,-0.599681437015533,-0.000236213847529143,0,0,0,0,0,38
3,6821,1430.42966,-0.61463475227356,-0.000407221901696175,0,0,0,0,0,38
3,6822,1430.64966,-0.594464242458344,-0.000113890193460975,0,0,0,0,0,38
3,6823,1430.86966,-0.617757260799408,-0.000387320236768574,0,0,0,0,0,38
3,6824,1431.08966,-0.605092525482178,-0.0001970990706468,0,0,0,0,0,38
3,6825,1431.30966,-0.630557775497437,-0.000494861567858607,0,0,0,0,0,38
3,6826,1431.52966,-0.611609160900116,-0.000222310700337403,0,0,0,0,0,38
3,6827,1431.74966,-0.609883010387421,-0.000172681015101261,0,0,0,0,0,38
3,6828,1431.96966,-0.61023211479187,-0.000150635911268182,0,0,0,0,0,38
3,6829,1432.18966,-0.613412857055664,-0.000161695425049402,0,0,0,0,0,38
3,6830,1432.40966,-0.616225123405457,-0.000167658916325308,0,0,0,0,0,38
3,6831,1432.62966,-0.621384084224701,-0.000207431134185754,0,0,0,0,0,38
3,6832,1432.84966,-0.619134306907654,-0.000151787375216372,0,0,0,0,0,38
3,6833,1433.06966,-0.638063549995422,-0.000376280193449929,0,0,0,0,0,38
3,6834,1433.28966,-0.640933990478516,-0.000387051812140271,0,0,0,0,0,38
3,6835,1433.50966,-0.623284757137299,-0.000128964267787524,0,0,0,0,0,38
3,6836,1433.72966,-0.641651570796967,-0.000340857077389956,0,0,0,0,0,38
3,6837,1433.94966,-0.639692723751068,-0.000286699360003695,0,0,0,0,0,38
3,6838,1434.16966,-0.651232540607452,-0.000409952743211761,0,0,0,0,0,38
3,6839,1434.38966,-0.634378552436829,-0.000164200639119372,0,0,0,0,0,38
3,6840,1434.60966,-0.646965742111206,-0.000299233186524361,0,0,0,0,0,38
3,6841,1434.82966,-0.651853203773499,-0.000341518403729424,0,0,0,0,0,38
3,6842,1435.04966,-0.657807350158691,-0.00039138927240856,0,0,0,0,0,38
3,6843,1435.26966,-0.643164336681366,-0.000173945300048217,0,0,0,0,0,38
3,6844,1435.48966,-0.646112382411957,-0.000183794982149266,0,0,0,0,0,38
3,6845,1435.70966,-0.662966370582581,-0.000377921795006841,0,0,0,0,0,38
3,6846,1435.92966,-0.652551412582397,-0.000213176783290692,0,0,0,0,0,38
3,6847,1436.14966,-0.664304614067078,-0.00033697477192618,0,0,0,0,0,38
3,6848,1436.36966,-0.667485356330872,-0.000353464856743813,0,0,0,0,0,38
3,6849,1436.58966,-0.660910546779633,-0.00024056296388153,0,0,0,0,0,38
3,6850,1436.80966,-0.663897335529327,-0.000250210374360904,0,0,0,0,0,38
3,6851,1437.02966,-0.678501546382904,-0.000417052156990394,0,0,0,0,0,38
3,6852,1437.24966,-0.674797117710114,-0.000339752295985818,0,0,0,0,0,38
3,6853,1437.46966,-0.683292031288147,-0.000421210628701374,0,0,0,0,0,38
3,6854,1437.68966,-0.680518567562103,-0.000358300225343555,0,0,0,0,0,38
3,6855,1437.90966,-0.68044102191925,-0.000328630558215082,0,0,0,0,0,38
3,6856,1438.12966,-0.672974050045013,-0.000200856884475797,0,0,0,0,0,38
3,6857,1438.34966,-0.681585311889648,-0.000290048716124147,0,0,0,0,0,38
3,6858,1438.56966,-0.684203565120697,-0.000292445009108633,0,0,0,0,0,38
3,6859,1438.78966,-0.697372615337372,-0.000433577224612236,0,0,0,0,0,38
3,6860,1439.00966,-0.681779265403748,-0.000202821378479712,0,0,0,0,0,38
3,6861,1439.22966,-0.690778374671936,-0.000292102689854801,0,0,0,0,0,38
3,6862,1439.44966,-0.687384307384491,-0.000218066619709134,0,0,0,0,0,38
3,6863,1439.66966,-0.688451051712036,-0.000198211637325585,0,0,0,0,0,38
3,6864,1439.88966,-0.690526247024536,-0.000195924265426584,0,0,0,0,0,38
3,6865,1440.10966,-0.689866840839386,-0.000159015151439235,0,0,0,0,0,38
3,6866,1440.32966,-0.701387286186218,-0.000278436811640859,0,0,0,0,0,38
3,6867,1440.54966,-0.697605311870575,-0.000194943961105309,0,0,0,0,0,38
3,6868,1440.76966,-0.714245975017548,-0.00038808659883216,0,0,0,0,0,38
3,6869,1440.98966,-0.713315069675446,-0.000340421393048018,0,0,0,0,0,38
3,6870,1441.20966,-0.713140487670898,-0.000308717222651467,0,0,0,0,0,38
3,6871,1441.42966,-0.706662654876709,-0.000193142856005579,0,0,0,0,0,38
3,6872,1441.64966,-0.715564846992493,-0.000272014294750988,0,0,0,0,0,38
3,6873,1441.86966,-0.710192501544952,-0.000177356894710101,0,0,0,0,0,38
3,6874,1442.08966,-0.726251304149628,-0.000353274226654321,0,0,0,0,0,38
3,6875,1442.30966,-0.720219552516937,-0.000248490949161351,0,0,0,0,0,38
3,6876,1442.52966,-0.722973644733429,-0.000251564109930769,0,0,0,0,0,38
3,6877,1442.74966,-0.728617489337921,-0.00029833847656846,0,0,0,0,0,38
3,6878,1442.96966,-0.726678013801575,-0.000240002787904814,0,0,0,0,0,38
3,6879,1443.18966,-0.722333610057831,-0.000154996698256582,0,0,0,0,0,38
3,6880,1443.40966,-0.742620468139648,-0.000387036270694807,0,0,0,0,0,38
3,6881,1443.62966,-0.739110052585602,-0.000313097465550527,0,0,0,0,0,38
3,6882,1443.84966,-0.729024767875671,-0.000151351690874435,0,0,0,0,0,38
3,6883,1444.06966,-0.738877296447754,-0.000245351664489135,0,0,0,0,0,38
3,6884,1444.28966,-0.732302486896515,-0.000135608526761644,0,0,0,0,0,38
3,6885,1444.50966,-0.736530542373657,-0.000157381320605055,0,0,0,0,0,38
3,6886,1444.72966,-0.751522660255432,-0.000321492261718959,0,0,0,0,0,38
3,6887,1444.94966,-0.739963412284851,-0.00014233059482649,0,0,0,0,0,38
3,6888,1445.16966,-0.757709562778473,-0.000343226158292964,0,0,0,0,0,38
3,6889,1445.38966,-0.746053338050842,-0.000163706601597369,0,0,0,0,0,38
3,6890,1445.60966,-0.756836771965027,-0.000271769211394712,0,0,0,0,0,38
3,6891,1445.82966,-0.748225510120392,-0.000128695843159221,0,0,0,0,0,38
3,6892,1446.04966,-0.766010522842407,-0.000332139403326437,0,0,0,0,0,38
3,6893,1446.26966,-0.770451903343201,-0.000362727121682838,0,0,0,0,0,38
3,6894,1446.48966,-0.767212986946106,-0.000291363568976521,0,0,0,0,0,38
3,6895,1446.70966,-0.75854355096817,-0.000148562496178783,0,0,0,0,0,38
3,6896,1446.92966,-0.770238518714905,-0.000269299023784697,0,0,0,0,0,38
3,6897,1447.14966,-0.782166302204132,-0.000398259144276381,0,0,0,0,0,38
3,6898,1447.36966,-0.779858291149139,-0.000333314208546653,0,0,0,0,0,38
3,6899,1447.58966,-0.775921165943146,-0.000258422340266407,0,0,0,0,0,38
3,6900,1447.80966,-0.777627944946289,-0.000251851975917816,0,0,0,0,0,38
3,6901,1448.02966,-0.770781576633453,-0.000136048111016862,0,0,0,0,0,38
3,6902,1448.24966,-0.781952977180481,-0.000247911346377805,0,0,0,0,0,38
3,6903,1448.46966,-0.782845079898834,-0.000236174950259738,0,0,0,0,0,38
3,6904,1448.68966,-0.792018830776215,-0.000323865213431418,0,0,0,0,0,38
3,6905,1448.90966,-0.778927385807037,-0.000124969155876897,0,0,0,0,0,38
3,6906,1449.12966,-0.802336812019348,-0.000401067780330777,0,0,0,0,0,38
3,6907,1449.34966,-0.791669726371765,-0.00023206313198898,0,0,0,0,0,38
3,6908,1449.56966,-0.788585960865021,-0.000165842255228199,0,0,0,0,0,38
3,6909,1449.78966,-0.798399686813354,-0.000264541449723765,0,0,0,0,0,38
3,6910,1450.00966,-0.798263907432556,-0.000235358034842648,0,0,0,0,0,38
3,6911,1450.22966,-0.806176960468292,-0.000310160452499986,0,0,0,0,0,38
3,6912,1450.44966,-0.80908614397049,-0.00031874974956736,0,0,0,0,0,38
3,6913,1450.66966,-0.816553115844727,-0.000387541978852823,0,0,0,0,0,38
3,6914,1450.88966,-0.817464649677277,-0.000375945644918829,0,0,0,0,0,38
3,6915,1451.10966,-0.820781171321869,-0.000388868502341211,0,0,0,0,0,38
3,6916,1451.32966,-0.820296287536621,-0.000355098687577993,0,0,0,0,0,38
3,6917,1451.54966,-0.821964263916016,-0.000347271823557094,0,0,0,0,0,38
3,6918,1451.76966,-0.810560166835785,-0.000176135406945832,0,0,0,0,0,38
3,6919,1451.98966,-0.813159048557281,-0.000181188632268459,0,0,0,0,0,38
3,6920,1452.20966,-0.825338900089264,-0.000313980504870415,0,0,0,0,0,38
3,6921,1452.42966,-0.829799711704254,-0.000343031657394022,0,0,0,0,0,38
3,6922,1452.64966,-0.836490869522095,-0.000404670019634068,0,0,0,0,0,38
3,6923,1452.86966,-0.836025416851044,-0.000371989415725693,0,0,0,0,0,38
3,6924,1453.08966,-0.8322434425354,-0.000293650926323608,0,0,0,0,0,38
3,6925,1453.30966,-0.839031577110291,-0.000354596850229427,0,0,0,0,0,38
3,6926,1453.52966,-0.838488519191742,-0.000320760911563411,0,0,0,0,0,38
3,6927,1453.74966,-0.846168875694275,-0.000396504736272618,0,0,0,0,0,38
3,6928,1453.96966,-0.840214669704437,-0.000290585536276922,0,0,0,0,0,38
3,6929,1454.18966,-0.836452126502991,-0.000219307548832148,0,0,0,0,0,38
3,6930,1454.40966,-0.857243239879608,-0.000460372102679685,0,0,0,0,0,38
3,6931,1454.62966,-0.855555891990662,-0.000413838919484988,0,0,0,0,0,38
3,6932,1454.84966,-0.842561423778534,-0.000217490887735039,0,0,0,0,0,38
3,6933,1455.06966,-0.853887975215912,-0.000337243196554482,0,0,0,0,0,38
3,6934,1455.28966,-0.845315515995026,-0.000202210634597577,0,0,0,0,0,38
3,6935,1455.50966,-0.852142453193665,-0.000268544332357123,0,0,0,0,0,38
3,6936,1455.72966,-0.853403091430664,-0.000257811596384272,0,0,0,0,0,38
3,6937,1455.94966,-0.866572082042694,-0.000402491568820551,0,0,0,0,0,38
3,6938,1456.16966,-0.8608118891716,-0.000304550951113924,0,0,0,0,0,38
3,6939,1456.38966,-0.853112161159515,-0.000181344235897996,0,0,0,0,0,38
3,6940,1456.60966,-0.860133051872253,-0.000245581177296117,0,0,0,0,0,38
3,6941,1456.82966,-0.863468945026398,-0.000261736684478819,0,0,0,0,0,38
3,6942,1457.04966,-0.869345545768738,-0.000316582969389856,0,0,0,0,0,38
3,6943,1457.26966,-0.863818049430847,-0.000221073656575754,0,0,0,0,0,38
3,6944,1457.48966,-0.87970232963562,-0.000402592704631388,0,0,0,0,0,38
3,6945,1457.70966,-0.875862181186676,-0.000328303780406713,0,0,0,0,0,38
3,6946,1457.92966,-0.885094046592712,-0.000417425588238984,0,0,0,0,0,38
3,6947,1458.14966,-0.87473726272583,-0.000269205658696592,0,0,0,0,0,38
3,6948,1458.36966,-0.87291419506073,-0.000221941139898263,0,0,0,0,0,38
3,6949,1458.58966,-0.890543937683105,-0.000417269999161363,0,0,0,0,0,38
3,6950,1458.80966,-0.885598301887512,-0.000336613011313602,0,0,0,0,0,38
3,6951,1459.02966,-0.89413195848465,-0.000417542294599116,0,0,0,0,0,38
3,6952,1459.24966,-0.880090236663818,-0.000221606591367163,0,0,0,0,0,38
3,6953,1459.46966,-0.906874299049377,-0.000534470425918698,0,0,0,0,0,38
3,6954,1459.68966,-0.902801394462585,-0.000466732395580038,0,0,0,0,0,38
3,6955,1459.90966,-0.90462452173233,-0.000464861252112314,0,0,0,0,0,38
3,6956,1460.12966,-0.908755600452423,-0.000494807143695652,0,0,0,0,0,38
3,6957,1460.34966,-0.895567178726196,-0.000309934810502455,0,0,0,0,0,38
3,6958,1460.56966,-0.906428217887878,-0.000418627634644508,0,0,0,0,0,38
3,6959,1460.78966,-0.909143507480621,-0.000436903239460662,0,0,0,0,0,38
3,6960,1461.00966,-0.907281577587128,-0.000390428409446031,0,0,0,0,0,38
3,6961,1461.22966,-0.908910751342773,-0.000394602480810136,0,0,0,0,0,38
3,6962,1461.44966,-0.922331929206848,-0.000539438042324036,0,0,0,0,0,38
3,6963,1461.66966,-0.922021567821503,-0.000514934421516955,0,0,0,0,0,38
3,6964,1461.88966,-0.908833205699921,-0.000333267526002601,0,0,0,0,0,38
3,6965,1462.10966,-0.913662493228912,-0.000367290194844827,0,0,0,0,0,38
3,6966,1462.32966,-0.91191691160202,-0.000330676732119173,0,0,0,0,0,38
3,6967,1462.54966,-0.914612829685211,-0.000343019986758009,0,0,0,0,0,38
3,6968,1462.76966,-0.937964022159576,-0.000613244599662721,0,0,0,0,0,38
3,6969,1462.98966,-0.942502379417419,-0.00064813083736226,0,0,0,0,0,38
3,6970,1463.20966,-0.926075100898743,-0.000428944127634168,0,0,0,0,0,38
3,6971,1463.42966,-0.942095100879669,-0.000603196502197534,0,0,0,0,0,38
3,6972,1463.64966,-0.934550583362579,-0.000490146805532277,0,0,0,0,0,38
3,6973,1463.86966,-0.938507080078125,-0.000524033326655626,0,0,0,0,0,38
3,6974,1464.08966,-0.92964369058609,-0.000395279348595068,0,0,0,0,0,38
3,6975,1464.30966,-0.942715764045715,-0.000532225822098553,0,0,0,0,0,38
3,6976,1464.52966,-0.938216149806976,-0.000460854469565675,0,0,0,0,0,38
3,6977,1464.74966,-0.939011335372925,-0.000450635241577402,0,0,0,0,0,38
3,6978,1464.96966,-0.958735764026642,-0.000672482769005001,0,0,0,0,0,38
3,6979,1465.18966,-0.940524160861969,-0.000437311682617292,0,0,0,0,0,38
3,6980,1465.40966,-0.952374339103699,-0.000557865365408361,0,0,0,0,0,38
3,6981,1465.62966,-0.967967689037323,-0.000727029517292976,0,0,0,0,0,38
3,6982,1465.84966,-0.951462745666504,-0.000518976186867803,0,0,0,0,0,38
3,6983,1466.06966,-0.971206605434418,-0.000734066648874432,0,0,0,0,0,38
3,6984,1466.28966,-0.966590642929077,-0.000659517128951848,0,0,0,0,0,38
3,6985,1466.50966,-0.959007322788239,-0.000558133760932833,0,0,0,0,0,38
3,6986,1466.72966,-0.97122597694397,-0.000686487066559494,0,0,0,0,0,38
3,6987,1466.94966,-0.968122839927673,-0.00063038821099326,0,0,0,0,0,38
3,6988,1467.16966,-0.966648817062378,-0.000596980156842619,0,0,0,0,0,38
3,6989,1467.38966,-0.955671429634094,-0.000456190260592848,0,0,0,0,0,38
3,6990,1467.60966,-0.957067847251892,-0.000456349749583751,0,0,0,0,0,38
3,6991,1467.82966,-0.980128169059753,-0.000714581226930022,0,0,0,0,0,38
3,6992,1468.04966,-0.973844289779663,-0.000620678532868624,0,0,0,0,0,38
3,6993,1468.26966,-0.972738742828369,-0.00059393810806796,0,0,0,0,0,38
3,6994,1468.48966,-0.99331659078598,-0.000816734856925905,0,0,0,0,0,38
3,6995,1468.70966,-0.99488753080368,-0.000819072767626494,0,0,0,0,0,38
3,6996,1468.92966,-0.999018609523773,-0.000843996531330049,0,0,0,0,0,38
3,6997,1469.14966,-0.987517535686493,-0.000703268917277455,0,0,0,0,0,38
3,6998,1469.36966,-1.00501155853271,-0.000879505183547735,0,0,0,0,0,38
3,6999,1469.58966,-0.986082315444946,-0.000653837632853538,0,0,0,0,0,38
3,7000,1469.80966,-1.0108106136322,-0.000918207631912082,0,0,0,0,0,38
4,7001,1470.02966,-0.995760321617126,-0.000743970857001841,0,0,0,0,0,38
4,7002,1470.24966,-0.991590440273285,-0.000711815373506397,0,0,0,0,0,38
4,7003,1470.46966,-0.991687417030334,-0.000718833121936768,0,0,0,0,0,38
4,7004,1470.68966,-0.997777342796326,-0.000803640810772777,0,0,0,0,0,38
4,7005,1470.90966,-0.996923983097076,-0.000801034446340054,0,0,0,0,0,38
4,7006,1471.12966,-0.982649445533752,-0.000657712109386921,0,0,0,0,0,38
4,7007,1471.34966,-0.97700560092926,-0.000606678135227412,0,0,0,0,0,38
4,7008,1471.56966,-0.985927164554596,-0.000716366805136204,0,0,0,0,0,38
4,7009,1471.78966,-0.974193394184113,-0.000598687911406159,0,0,0,0,0,38
4,7010,1472.00966,-0.990058243274689,-0.000782062532380223,0,0,0,0,0,38
4,7011,1472.22966,-0.986062943935394,-0.000758570327889174,0,0,0,0,0,38
4,7012,1472.44966,-0.976656496524811,-0.000663932354655117,0,0,0,0,0,38
4,7013,1472.66966,-0.977626264095306,-0.000691092922352254,0,0,0,0,0,38
4,7014,1472.88966,-0.959977030754089,-0.000521882087923586,0,0,0,0,0,38
4,7015,1473.10966,-0.95947277545929,-0.000532712088897824,0,0,0,0,0,38
4,7016,1473.32966,-0.956932067871094,-0.000524293922353536,0,0,0,0,0,38
4,7017,1473.54966,-0.966105759143829,-0.000643295468762517,0,0,0,0,0,38
4,7018,1473.76966,-0.954468965530396,-0.000530378019902855,0,0,0,0,0,38
4,7019,1473.98966,-0.950454235076904,-0.000502171053085476,0,0,0,0,0,38
4,7020,1474.20966,-0.94702136516571,-0.000477795780170709,0,0,0,0,0,38
4,7021,1474.42966,-0.956932067871094,-0.000599648745264858,0,0,0,0,0,38
4,7022,1474.64966,-0.94033020734787,-0.000437012145994231,0,0,0,0,0,38
4,7023,1474.86966,-0.937343418598175,-0.00041700157453306,0,0,0,0,0,38
4,7024,1475.08966,-0.93586939573288,-0.000417184404795989,0,0,0,0,0,38
4,7025,1475.30966,-0.958600044250488,-0.000688716070726514,0,0,0,0,0,38
4,7026,1475.52966,-0.950279712677002,-0.000610922230407596,0,0,0,0,0,38
4,7027,1475.74966,-0.935481548309326,-0.000465899909613654,0,0,0,0,0,38
4,7028,1475.96966,-0.951133072376251,-0.000649978639557958,0,0,0,0,0,38
4,7029,1476.18966,-0.944325506687164,-0.000591553514823318,0,0,0,0,0,38
4,7030,1476.40966,-0.947816550731659,-0.000646037980914116,0,0,0,0,0,38
4,7031,1476.62966,-0.939302265644073,-0.000566034519579262,0,0,0,0,0,38
4,7032,1476.84966,-0.919034779071808,-0.000363789120456204,0,0,0,0,0,38
4,7033,1477.06966,-0.929954051971436,-0.00049888005014509,0,0,0,0,0,38
4,7034,1477.28966,-0.937808871269226,-0.000604328524786979,0,0,0,0,0,38
4,7035,1477.50966,-0.926133275032043,-0.000492943800054491,0,0,0,0,0,38
4,7036,1477.72966,-0.921497941017151,-0.000457824091427028,0,0,0,0,0,38
4,7037,1477.94966,-0.91019082069397,-0.000355561613105237,0,0,0,0,0,38
4,7038,1478.16966,-0.916203200817108,-0.000434452493209392,0,0,0,0,0,38
4,7039,1478.38966,-0.922991335391998,-0.000524414528626949,0,0,0,0,0,38
4,7040,1478.60966,-0.907436788082123,-0.000369686487829313,0,0,0,0,0,38
4,7041,1478.82966,-0.918957233428955,-0.000514382030814886,0,0,0,0,0,38
4,7042,1479.04966,-0.906273066997528,-0.000392770249163732,0,0,0,0,0,38
4,7043,1479.26966,-0.912906050682068,-0.000477239518659189,0,0,0,0,0,38
4,7044,1479.48966,-0.896459341049194,-0.000317905592964962,0,0,0,0,0,38
4,7045,1479.70966,-0.90563303232193,-0.000434281333582476,0,0,0,0,0,38
4,7046,1479.92966,-0.906311869621277,-0.000459399598184973,0,0,0,0,0,38
4,7047,1480.14966,-0.908387124538422,-0.000500533322338015,0,0,0,0,0,38
4,7048,1480.36966,-0.892173111438751,-0.00034187629353255,0,0,0,0,0,38
4,7049,1480.58966,-0.903072953224182,-0.000473143241833895,0,0,0,0,0,38
4,7050,1480.80966,-0.883523046970367,-0.000281618908047676,0,0,0,0,0,38
4,7051,1481.02966,-0.898515164852142,-0.000464553944766521,0,0,0,0,0,38
4,7052,1481.24966,-0.875804007053375,-0.00023776211310178,0,0,0,0,0,38
4,7053,1481.46966,-0.869694650173187,-0.000192178107681684,0,0,0,0,0,38
4,7054,1481.68966,-0.890621542930603,-0.000431390973972157,0,0,0,0,0,38
4,7055,1481.90966,-0.880478084087372,-0.000340740371029824,0,0,0,0,0,38
4,7056,1482.12966,-0.872312903404236,-0.000273998215561733,0,0,0,0,0,38
4,7057,1482.34966,-0.875707030296326,-0.000330509472405538,0,0,0,0,0,38
4,7058,1482.56966,-0.866649687290192,-0.000252816738793626,0,0,0,0,0,38
4,7059,1482.78966,-0.879644155502319,-0.000410789099987596,0,0,0,0,0,38
4,7060,1483.00966,-0.860734283924103,-0.000227375581744127,0,0,0,0,0,38
4,7061,1483.22966,-0.876812517642975,-0.000417553965235129,0,0,0,0,0,38
4,7062,1483.44966,-0.864225327968597,-0.000303628999972716,0,0,0,0,0,38
4,7063,1483.66966,-0.854392230510712,-0.000214336032513529,0,0,0,0,0,38
4,7064,1483.88966,-0.846905827522278,-0.000155023924889974,0,0,0,0,0,38
4,7065,1484.10966,-0.869423091411591,-0.00041035731555894,0,0,0,0,0,38
4,7066,1484.32966,-0.852123022079468,-0.000244472495978698,0,0,0,0,0,38
4,7067,1484.54966,-0.860889434814453,-0.000356191798346117,0,0,0,0,0,38
4,7068,1484.76966,-0.857960820198059,-0.000345011707395315,0,0,0,0,0,38
4,7069,1484.98966,-0.838178217411041,-0.000155206769704819,0,0,0,0,0,38
4,7070,1485.20966,-0.836374521255493,-0.000156093708937988,0,0,0,0,0,38
4,7071,1485.42966,-0.846925258636475,-0.000285380607238039,0,0,0,0,0,38
4,7072,1485.64966,-0.834667801856995,-0.000178251619217917,0,0,0,0,0,38
4,7073,1485.86966,-0.839516460895538,-0.000247798510827124,0,0,0,0,0,38
4,7074,1486.08966,-0.827200829982758,-0.000139665877213702,0,0,0,0,0,38
4,7075,1486.30966,-0.83234041929245,-0.000211869715712965,0,0,0,0,0,38
4,7076,1486.52966,-0.834667801856995,-0.000258507905527949,0,0,0,0,0,38
4,7077,1486.74966,-0.825125575065613,-0.000178485017386265,0,0,0,0,0,38
4,7078,1486.96966,-0.838410973548889,-0.000338258512783796,0,0,0,0,0,38
4,7079,1487.18966,-0.838779449462891,-0.000359323312295601,0,0,0,0,0,38
4,7080,1487.40966,-0.833542883396149,-0.000322114676237106,0,0,0,0,0,38
4,7081,1487.62966,-0.822138786315918,-0.00022313540102914,0,0,0,0,0,38
4,7082,1487.84966,-0.826347470283508,-0.000288033654214814,0,0,0,0,0,38
4,7083,1488.06966,-0.815699756145477,-0.000197818735614419,0,0,0,0,0,38
4,7084,1488.28966,-0.805110216140747,-0.000103562022559345,0,0,0,0,0,38
4,7085,1488.50966,-0.818376243114471,-0.000264712609350681,0,0,0,0,0,38
4,7086,1488.72966,-0.816204011440277,-0.000262215180555359,0,0,0,0,0,38
4,7087,1488.94966,-0.820160567760468,-0.000323880754876882,0,0,0,0,0,38
4,7088,1489.16966,-0.818686544895172,-0.000328720023389906,0,0,0,0,0,38
4,7089,1489.38966,-0.811510503292084,-0.00027302181115374,0,0,0,0,0,38
4,7090,1489.60966,-0.800862789154053,-0.000183452662895434,0,0,0,0,0,38
4,7091,1489.82966,-0.8017937541008,-0.000213993698707782,0,0,0,0,0,38
4,7092,1490.04966,-0.800513684749603,-0.00022038898896426,0,0,0,0,0,38
4,7093,1490.26966,-0.806409657001495,-0.000305655732518062,0,0,0,0,0,38
4,7094,1490.48966,-0.789167761802673,-0.000148037346662022,0,0,0,0,0,38
4,7095,1490.70966,-0.797294199466705,-0.000253835925832391,0,0,0,0,0,38
4,7096,1490.92966,-0.799737930297852,-0.000302426953567192,0,0,0,0,0,38
4,7097,1491.14966,-0.785366415977478,-0.000171498439158313,0,0,0,0,0,38
4,7098,1491.36966,-0.78265118598938,-0.000163278687978163,0,0,0,0,0,38
4,7099,1491.58966,-0.77733701467514,-0.000128454659716226,0,0,0,0,0,38
4,7100,1491.80966,-0.772274971008301,-0.000100333250884432,0,0,0,0,0,38
4,7101,1492.02966,-0.787344694137573,-0.000279378204140812,0,0,0,0,0,38
4,7102,1492.24966,-0.771537959575653,-0.000135449037770741,0,0,0,0,0,38
4,7103,1492.46966,-0.774389028549194,-0.000184043950866908,0,0,0,0,0,38
4,7104,1492.68966,-0.766825079917908,-0.000126863626064733,0,0,0,0,0,38
4,7105,1492.90966,-0.762306094169617,-0.000109190972580109,0,0,0,0,0,38
4,7106,1493.12966,-0.763178884983063,-0.000136654954985715,0,0,0,0,0,38
4,7107,1493.34966,-0.774582982063293,-0.000286975555354729,0,0,0,0,0,38
4,7108,1493.56966,-0.759920537471771,-0.000148508042911999,0,0,0,0,0,38
4,7109,1493.78966,-0.751852333545685,-8.22560396045446E-05,0,0,0,0,0,38
4,7110,1494.00966,-0.754722774028778,-0.000136394330183975,0,0,0,0,0,38
4,7111,1494.22966,-0.756061017513275,-0.000170463667018339,0,0,0,0,0,38
4,7112,1494.44966,-0.764187395572662,-0.000288671610178426,0,0,0,0,0,38
4,7113,1494.66966,-0.757690131664276,-0.000241142595768906,0,0,0,0,0,38
4,7114,1494.88966,-0.758194446563721,-0.000268081406829879,0,0,0,0,0,38
4,7115,1495.10966,-0.734998345375061,-3.38634054060094E-05,0,0,0,0,0,38
4,7116,1495.32966,-0.742775619029999,-0.000144404009915888,0,0,0,0,0,38
4,7117,1495.54966,-0.741282224655151,-0.000151371146785095,0,0,0,0,0,38
4,7118,1495.76966,-0.748594045639038,-0.000254820130066946,0,0,0,0,0,38
4,7119,1495.98966,-0.737189948558807,-0.000150581458001398,0,0,0,0,0,38
4,7120,1496.20966,-0.731584846973419,-0.000114668211608659,0,0,0,0,0,38
4,7121,1496.42966,-0.729742348194122,-0.000110334658529609,0,0,0,0,0,38
4,7122,1496.64966,-0.7425816655159,-0.000279191503068432,0,0,0,0,0,38
4,7123,1496.86966,-0.734241962432861,-0.000210453727049753,0,0,0,0,0,38
4,7124,1497.08966,-0.722624540328979,-0.000104997467133217,0,0,0,0,0,38
4,7125,1497.30966,-0.720219552516937,-9.9901451903861E-05,0,0,0,0,0,38
4,7126,1497.52966,-0.711666524410248,-3.16421683237422E-05,0,0,0,0,0,38
4,7127,1497.74966,-0.71746551990509,-0.000113477843115106,0,0,0,0,0,38
4,7128,1497.96966,-0.717000067234039,-0.000134033049107529,0,0,0,0,0,38
4,7129,1498.18966,-0.704218924045563,-6.45388126940816E-06,0,0,0,0,0,38
4,7130,1498.40966,-0.707884550094604,-7.39001407055184E-05,0,0,0,0,0,38
4,7131,1498.62966,-0.710910081863403,-0.000136647184262984,0,0,0,0,0,38
4,7132,1498.84966,-0.699040532112122,-2.25277035497129E-05,0,0,0,0,0,38
4,7133,1499.06966,-0.69876903295517,-4.27133454650175E-05,0,0,0,0,0,38
4,7134,1499.28966,-0.713489592075348,-0.00024338327057194,0,0,0,0,0,38
4,7135,1499.50966,-0.710347652435303,-0.000229978046263568,0,0,0,0,0,38
4,7136,1499.72966,-0.708505153656006,-0.000234148217714392,0,0,0,0,0,38
4,7137,1499.94966,-0.691243886947632,-5.56906634301413E-05,0,0,0,0,0,38
4,7138,1500.16966,-0.690623223781586,-7.18617375241593E-05,0,0,0,0,0,38
4,7139,1500.38966,-0.700107276439667,-0.000210531521588564,0,0,0,0,0,38
4,7140,1500.60966,-0.684203565120697,-4.53274806204718E-05,0,0,0,0,0,38
4,7141,1500.82966,-0.68591034412384,-9.11059760255739E-05,0,0,0,0,0,38
4,7142,1501.04966,-0.69867205619812,-0.000270551623543724,0,0,0,0,0,38
4,7143,1501.26966,-0.681914985179901,-9.52294649323449E-05,0,0,0,0,0,38
4,7144,1501.48966,-0.686453342437744,-0.000174396540387534,0,0,0,0,0,38
4,7145,1501.70966,-0.672353386878967,-3.47503446391784E-05,0,0,0,0,0,38
4,7146,1501.92966,-0.672469794750214,-6.07205402047839E-05,0,0,0,0,0,38
4,7147,1502.14966,-0.685832738876343,-0.000238785200053826,0,0,0,0,0,38
4,7148,1502.36966,-0.690700829029083,-0.000325028348015621,0,0,0,0,0,38
4,7149,1502.58966,-0.675243198871613,-0.00016788842913229,0,0,0,0,0,38
4,7150,1502.80966,-0.676348745822906,-0.000206746481126174,0,0,0,0,0,38
4,7151,1503.02966,-0.668590843677521,-0.000139222407597117,0,0,0,0,0,38
4,7152,1503.24966,-0.674797117710114,-0.000237454791204073,0,0,0,0,0,38
4,7153,1503.46966,-0.675088047981262,-0.000265440059592947,0,0,0,0,0,38
4,7154,1503.68966,-0.669909656047821,-0.000231362922932021,0,0,0,0,0,38
4,7155,1503.90966,-0.657981932163239,-0.000113318354124203,0,0,0,0,0,38
4,7156,1504.12966,-0.668067157268524,-0.000257449806667864,0,0,0,0,0,38
4,7157,1504.34966,-0.651639878749847,-9.82287165243179E-05,0,0,0,0,0,38
4,7158,1504.56966,-0.63980907201767,-1.06824008980766E-05,0,0,0,0,0,38
4,7159,1504.78966,-0.654083609580994,-0.000180577888386324,0,0,0,0,0,38
4,7160,1505.00966,-0.635658621788025,-1.37555671244627E-05,0,0,0,0,0,38
4,7161,1505.22966,-0.638257503509521,-5.29053613718133E-05,0,0,0,0,0,38
4,7162,1505.44966,-0.630984485149384,1.91757749234966E-06,0,0,0,0,0,38
4,7163,1505.66966,-0.630034148693085,-6.12711392022902E-06,0,0,0,0,0,38
4,7164,1505.88966,-0.65105801820755,-0.000233996499446221,0,0,0,0,0,38
4,7165,1506.10966,-0.648148834705353,-0.00022102307411842,0,0,0,0,0,38
4,7166,1506.32966,-0.64477413892746,-0.000207804579986259,0,0,0,0,0,38
4,7167,1506.54966,-0.631546914577484,-9.48832457652316E-05,0,0,0,0,0,38
4,7168,1506.76966,-0.617737889289856,2.51258134085219E-05,0,0,0,0,0,38
4,7169,1506.98966,-0.633971273899078,-0.000156961192260496,0,0,0,0,0,38
4,7170,1507.20966,-0.635658621788025,-0.00019574532052502,0,0,0,0,0,38
4,7171,1507.42966,-0.629956543445587,-0.000158879003720358,0,0,0,0,0,38
4,7172,1507.64966,-0.61991012096405,-8.12212747405283E-05,0,0,0,0,0,38
4,7173,1507.86966,-0.612481951713562,-2.5227422156604E-05,0,0,0,0,0,38
4,7174,1508.08966,-0.619735538959503,-0.000116659932245966,0,0,0,0,0,38
4,7175,1508.30966,-0.628676533699036,-0.000230223129619844,0,0,0,0,0,38
4,7176,1508.52966,-0.624681174755096,-0.000210531521588564,0,0,0,0,0,38
4,7177,1508.74966,-0.621597468852997,-0.000198981870198622,0,0,0,0,0,38
4,7178,1508.96966,-0.603424608707428,-4.14296191593166E-05,0,0,0,0,0,38
4,7179,1509.18966,-0.613238334655762,-0.000161014657351188,0,0,0,0,0,38
4,7180,1509.40966,-0.602648794651031,-7.31571344658732E-05,0,0,0,0,0,38
4,7181,1509.62966,-0.598789274692535,-5.49282049178146E-05,0,0,0,0,0,38
4,7182,1509.84966,-0.592020511627197,-1.1016948519682E-05,0,0,0,0,0,38
4,7183,1510.06966,-0.602416038513184,-0.00013813708210364,0,0,0,0,0,38
4,7184,1510.28966,-0.585639655590057,9.78332536760718E-06,0,0,0,0,0,38
4,7185,1510.50966,-0.582575261592865,2.00959348148899E-05,0,0,0,0,0,38
4,7186,1510.72966,-0.588393688201904,-5.86587957513984E-05,0,0,0,0,0,38
4,7187,1510.94966,-0.597741961479187,-0.000173396794707514,0,0,0,0,0,38
4,7188,1511.16966,-0.593649625778198,-0.000156832815264352,0,0,0,0,0,38
4,7189,1511.38966,-0.592912673950195,-0.000171023842995055,0,0,0,0,0,38
4,7190,1511.60966,-0.590507686138153,-0.00016827744548209,0,0,0,0,0,38
4,7191,1511.82966,-0.593106627464294,-0.000215701453271322,0,0,0,0,0,38
4,7192,1512.04966,-0.579123020172119,-9.40235404414125E-05,0,0,0,0,0,38
4,7193,1512.26966,-0.563762426376343,3.69983463315293E-05,0,0,0,0,0,38
4,7194,1512.48966,-0.578211486339569,-0.000128758096252568,0,0,0,0,0,38
4,7195,1512.70966,-0.581760704517365,-0.000188863763469271,0,0,0,0,0,38
4,7196,1512.92966,-0.568184375762939,-7.04846461303532E-05,0,0,0,0,0,38
4,7197,1513.14966,-0.557536721229553,1.30043144963565E-05,0,0,0,0,0,38
4,7198,1513.36966,-0.565178215503693,-8.96783167263493E-05,0,0,0,0,0,38
4,7199,1513.58966,-0.574778616428375,-0.000204299605684355,0,0,0,0,0,38
4,7200,1513.80966,-0.570744514465332,-0.000187498342711478,0,0,0,0,0,38
4,7201,1514.02966,-0.547044157981873,2.90392363240244E-05,0,0,0,0,0,38
4,7202,1514.24966,-0.564576983451843,-0.000170354745932855,0,0,0,0,0,38
4,7203,1514.46966,-0.54894483089447,-2.98760714940727E-05,0,0,0,0,0,38
4,7204,1514.68966,-0.559262812137604,-0.000159793169586919,0,0,0,0,0,38
4,7205,1514.90966,-0.551000654697418,-9.77152303676121E-05,0,0,0,0,0,38
4,7206,1515.12966,-0.53628009557724,3.09064744214993E-05,0,0,0,0,0,38
4,7207,1515.34966,-0.535077631473541,1.9714707377716E-05,0,0,0,0,0,38
4,7208,1515.56966,-0.530073761940002,4.68324760731775E-05,0,0,0,0,0,38
4,7209,1515.78966,-0.531993865966797,5.67539791518357E-06,0,0,0,0,0,38
4,7210,1516.00966,-0.541710615158081,-0.000112182446173392,0,0,0,0,0,38
4,7211,1516.22966,-0.53552371263504,-7.29120583855547E-05,0,0,0,0,0,38
4,7212,1516.44966,-0.541594266891479,-0.000156844485900365,0,0,0,0,0,38
4,7213,1516.66966,-0.541225731372833,-0.000173330656252801,0,0,0,0,0,38
4,7214,1516.88966,-0.535756409168243,-0.000143485944136046,0,0,0,0,0,38
4,7215,1517.10966,-0.519173920154572,6.68681923343684E-06,0,0,0,0,0,38
4,7216,1517.32966,-0.512560367584229,5.19362656632438E-05,0,0,0,0,0,38
4,7217,1517.54966,-0.51956182718277,-4.40087424067315E-05,0,0,0,0,0,38
4,7218,1517.76966,-0.508758962154388,4.25689431722276E-05,0,0,0,0,0,38
4,7219,1517.98966,-0.515004098415375,-4.0920014725998E-05,0,0,0,0,0,38
4,7220,1518.20966,-0.520318210124969,-0.000115695191198029,0,0,0,0,0,38
4,7221,1518.42966,-0.51374340057373,-7.2698101575952E-05,0,0,0,0,0,38
4,7222,1518.64966,-0.516924142837524,-0.000131173830595799,0,0,0,0,0,38
4,7223,1518.86966,-0.519096374511719,-0.000170720421010628,0,0,0,0,0,38
4,7224,1519.08966,-0.51292884349823,-0.000128201805637218,0,0,0,0,0,38
4,7225,1519.30966,-0.494115978479385,3.85038074455224E-05,0,0,0,0,0,38
4,7226,1519.52966,-0.500865340232849,-5.05713142047171E-05,0,0,0,0,0,38
4,7227,1519.74966,-0.500070154666901,-6.50074071018025E-05,0,0,0,0,0,38
4,7228,1519.96966,-0.500593781471252,-9.29265370359644E-05,0,0,0,0,0,38
4,7229,1520.18966,-0.506664335727692,-0.000177625319338404,0,0,0,0,0,38
4,7230,1520.40966,-0.498033702373505,-0.000110556393337902,0,0,0,0,0,38
4,7231,1520.62966,-0.492971688508987,-7.96535750851035E-05,0,0,0,0,0,38
4,7232,1520.84966,-0.503250896930695,-0.000205591117264703,0,0,0,0,0,38
4,7233,1521.06966,-0.494193553924561,-0.000140183270559646,0,0,0,0,0,38
4,7234,1521.28966,-0.476466774940491,2.37214935623342E-05,0,0,0,0,0,38
4,7235,1521.50966,-0.474973380565643,1.56106689246371E-05,0,0,0,0,0,38
4,7236,1521.72966,-0.480054795742035,-6.78238284308463E-05,0,0,0,0,0,38
4,7237,1521.94966,-0.470648378133774,1.5696252376074E-05,0,0,0,0,0,38
4,7238,1522.16966,-0.478910505771637,-0.000102111021988094,0,0,0,0,0,38
4,7239,1522.38966,-0.476621925830841,-9.85866063274443E-05,0,0,0,0,0,38
4,7240,1522.60966,-0.474624276161194,-0.000101683115644846,0,0,0,0,0,38
4,7241,1522.82966,-0.466885805130005,-4.13907182519324E-05,0,0,0,0,0,38
4,7242,1523.04966,-0.476195245981216,-0.0001717668492347,0,0,0,0,0,38
4,7243,1523.26966,-0.470900505781174,-0.000134768270072527,0,0,0,0,0,38
4,7244,1523.48966,-0.468340396881104,-0.000132185246911831,0,0,0,0,0,38
4,7245,1523.70966,-0.465683311223984,-0.000128548024804331,0,0,0,0,0,38
4,7246,1523.92966,-0.46671125292778,-0.000163652133778669,0,0,0,0,0,38
4,7247,1524.14966,-0.455404132604599,-6.1801983974874E-05,0,0,0,0,0,38
4,7248,1524.36966,-0.454977422952652,-8.18320186226629E-05,0,0,0,0,0,38
4,7249,1524.58966,-0.457712084054947,-0.000134721587528475,0,0,0,0,0,38
4,7250,1524.80966,-0.456276893615723,-0.00014429897419177,0,0,0,0,0,38
4,7251,1525.02966,-0.445377051830292,-4.92214530822821E-05,0,0,0,0,0,38
4,7252,1525.24966,-0.437017917633057,2.029821916949E-05,0,0,0,0,0,38
4,7253,1525.46966,-0.455326527357101,-0.000205956792342477,0,0,0,0,0,38
4,7254,1525.68966,-0.433740228414536,8.61630087456433E-06,0,0,0,0,0,38
4,7255,1525.90966,-0.448266863822937,-0.000175120105268434,0,0,0,0,0,38
4,7256,1526.12966,-0.436843365430832,-7.48532111174427E-05,0,0,0,0,0,38
4,7257,1526.34966,-0.424915641546249,3.28320675180294E-05,0,0,0,0,0,38
4,7258,1526.56966,-0.434399634599686,-9.28759618545882E-05,0,0,0,0,0,38
4,7259,1526.78966,-0.424178630113602,-8.59342708281474E-06,0,0,0,0,0,38
4,7260,1527.00966,-0.430094003677368,-9.48560191318393E-05,0,0,0,0,0,38
4,7261,1527.22966,-0.423383444547653,-4.56503585155588E-05,0,0,0,0,0,38
4,7262,1527.44966,-0.425613850355148,-9.51205438468605E-05,0,0,0,0,0,38
4,7263,1527.66966,-0.412599980831146,2.60672131844331E-05,0,0,0,0,0,38
4,7264,1527.88966,-0.41005927324295,2.92181794065982E-05,0,0,0,0,0,38
4,7265,1528.10966,-0.411494493484497,-8.08382628747495E-06,0,0,0,0,0,38
4,7266,1528.32966,-0.417468070983887,-0.000101251316664275,0,0,0,0,0,38
4,7267,1528.54966,-0.419523894786835,-0.000143968311022036,0,0,0,0,0,38
4,7268,1528.76966,-0.404240846633911,-2.54823771683732E-06,0,0,0,0,0,38
4,7269,1528.98966,-0.401913493871689,-2.68439066530846E-06,0,0,0,0,0,38
4,7270,1529.20966,-0.412037521600723,-0.000137483541038819,0,0,0,0,0,38
4,7271,1529.42966,-0.408274948596954,-0.00011683109914884,0,0,0,0,0,38
4,7272,1529.64966,-0.40683975815773,-0.000125575999845751,0,0,0,0,0,38
4,7273,1529.86966,-0.399333983659744,-6.76993513479829E-05,0,0,0,0,0,38
4,7274,1530.08966,-0.392817378044128,-1.95323409570847E-05,0,0,0,0,0,38
4,7275,1530.30966,-0.401855319738388,-0.000141183016239665,0,0,0,0,0,38
4,7276,1530.52966,-0.401932895183563,-0.000166775877005421,0,0,0,0,0,38
4,7277,1530.74966,-0.396696329116821,-0.000135666879941709,0,0,0,0,0,38
4,7278,1530.96966,-0.387910515069962,-5.92617579968646E-05,0,0,0,0,0,38
4,7279,1531.18966,-0.377262800931931,2.97705719276564E-05,0,0,0,0,0,38
4,7280,1531.40966,-0.378251940011978,-4.09649101129617E-06,0,0,0,0,0,38
4,7281,1531.62966,-0.390897303819656,-0.000166452999110334,0,0,0,0,0,38
4,7282,1531.84966,-0.385447382926941,-0.000130014581372961,0,0,0,0,0,38
4,7283,1532.06966,-0.387270480394363,-0.000176018715137616,0,0,0,0,0,38
4,7284,1532.28966,-0.373480826616287,-4.71519306302071E-05,0,0,0,0,0,38
4,7285,1532.50966,-0.365625977516174,1.88433295988943E-05,0,0,0,0,0,38
4,7286,1532.72966,-0.381393879652023,-0.000181013572728261,0,0,0,0,0,38
4,7287,1532.94966,-0.374741494655609,-0.000131648426759057,0,0,0,0,0,38
4,7288,1533.16966,-0.375711232423782,-0.000167098754900508,0,0,0,0,0,38
4,7289,1533.38966,-0.357674151659012,9.21537321119104E-06,0,0,0,0,0,38
4,7290,1533.60966,-0.354726165533066,1.60191284521716E-05,0,0,0,0,0,38
4,7291,1533.82966,-0.35284486413002,1.43347224366153E-05,0,0,0,0,0,38
4,7292,1534.04966,-0.369834631681442,-0.000197573652258143,0,0,0,0,0,38
4,7293,1534.26966,-0.358546912670136,-9.18022997211665E-05,0,0,0,0,0,38
4,7294,1534.48966,-0.347200989723206,4.81957931697252E-06,0,0,0,0,0,38
4,7295,1534.70966,-0.353834003210068,-9.25842105061747E-05,0,0,0,0,0,38
4,7296,1534.92966,-0.345106363296509,-1.89760576176923E-05,0,0,0,0,0,38
4,7297,1535.14966,-0.350401133298874,-9.96719390968792E-05,0,0,0,0,0,38
4,7298,1535.36966,-0.354338258504868,-0.000165748890140094,0,0,0,0,0,38
4,7299,1535.58966,-0.344097852706909,-7.81286580604501E-05,0,0,0,0,0,38
4,7300,1535.80966,-0.347705274820328,-0.000141708180308342,0,0,0,0,0,38
4,7301,1536.02966,-0.341285616159439,-9.54317511059344E-05,0,0,0,0,0,38
4,7302,1536.24966,-0.344990015029907,-0.000163391494425014,0,0,0,0,0,38
4,7303,1536.46966,-0.340199500322342,-0.000132095781737007,0,0,0,0,0,38
4,7304,1536.68966,-0.329532414674759,-3.88232620025519E-05,0,0,0,0,0,38
4,7305,1536.90966,-0.332131296396255,-8.84334876900539E-05,0,0,0,0,0,38
4,7306,1537.12966,-0.336087822914124,-0.000156241527292877,0,0,0,0,0,38
4,7307,1537.34966,-0.325284957885742,-6.36847835266963E-05,0,0,0,0,0,38
4,7308,1537.56966,-0.331859767436981,-0.000159478076966479,0,0,0,0,0,38
4,7309,1537.78966,-0.31120440363884,4.53036736871582E-05,0,0,0,0,0,38
4,7310,1538.00966,-0.323384284973145,-0.000110295753984246,0,0,0,0,0,38
4,7311,1538.22966,-0.318380445241928,-7.74323343648575E-05,0,0,0,0,0,38
4,7312,1538.44966,-0.320203542709351,-0.000125887207104824,0,0,0,0,0,38
4,7313,1538.66966,-0.313648134469986,-7.69305115682073E-05,0,0,0,0,0,38
4,7314,1538.88966,-0.315296679735184,-0.000119087344501168,0,0,0,0,0,38
4,7315,1539.10966,-0.303039222955704,-7.83486029831693E-06,0,0,0,0,0,38
4,7316,1539.32966,-0.302748322486877,-2.88179689960089E-05,0,0,0,0,0,38
4,7317,1539.54966,-0.30804306268692,-0.00010914818267338,0,0,0,0,0,38
4,7318,1539.76966,-0.29502922296524,9.75998500507558E-06,0,0,0,0,0,38
4,7319,1539.98966,-0.295727431774139,-2.33718528761528E-05,0,0,0,0,0,38
4,7320,1540.20966,-0.297860831022263,-7.1235430368688E-05,0,0,0,0,0,38
4,7321,1540.42966,-0.290723592042923,-1.27558159874752E-05,0,0,0,0,0,38
4,7322,1540.64966,-0.288221657276154,-9.09913796931505E-06,0,0,0,0,0,38
4,7323,1540.86966,-0.288667738437653,-3.8243641029112E-05,0,0,0,0,0,38
4,7324,1541.08966,-0.297957807779312,-0.000168549755471759,0,0,0,0,0,38
4,7325,1541.30966,-0.291829079389572,-0.00012226942635607,0,0,0,0,0,38
4,7326,1541.52966,-0.272899836301804,6.27234621788375E-05,0,0,0,0,0,38
4,7327,1541.74966,-0.272259831428528,4.70153099740855E-05,0,0,0,0,0,38
4,7328,1541.96966,-0.290626615285873,-0.000177983194589615,0,0,0,0,0,38
4,7329,1542.18966,-0.279280692338943,-7.5285010098014E-05,0,0,0,0,0,38
4,7330,1542.40966,-0.280929267406464,-0.00012025825708406,0,0,0,0,0,38
4,7331,1542.62966,-0.262193948030472,6.20621503912844E-05,0,0,0,0,0,38
4,7332,1542.84966,-0.253020256757736,0.000137090188218281,0,0,0,0,0,38
4,7333,1543.06966,-0.274975091218948,-0.000126439597806893,0,0,0,0,0,38
4,7334,1543.28966,-0.258916258811951,2.71292046818417E-05,0,0,0,0,0,38
4,7335,1543.50966,-0.257170736789703,2.24260948016308E-05,0,0,0,0,0,38
4,7336,1543.72966,-0.269311815500259,-0.000131298322230577,0,0,0,0,0,38
4,7337,1543.94966,-0.268846362829208,-0.000151795160491019,0,0,0,0,0,38
4,7338,1544.16966,-0.265044987201691,-0.00013433258573059,0,0,0,0,0,38
4,7339,1544.38966,-0.258256822824478,-8.65351321408525E-05,0,0,0,0,0,38
4,7340,1544.60966,-0.249024957418442,-6.28660745860543E-06,0,0,0,0,0,38
4,7341,1544.82966,-0.242469534277916,4.12190856877714E-05,0,0,0,0,0,38
4,7342,1545.04966,-0.239153042435646,5.56707454961725E-05,0,0,0,0,0,38
4,7343,1545.26966,-0.246872141957283,-5.31154255440924E-05,0,0,0,0,0,38
4,7344,1545.48966,-0.244215056300163,-4.77548928756732E-05,0,0,0,0,0,38
4,7345,1545.70966,-0.244098693132401,-6.99205847922713E-05,0,0,0,0,0,38
4,7346,1545.92966,-0.233412206172943,2.28189928748179E-05,0,0,0,0,0,38
4,7347,1546.14966,-0.232112765312195,1.64664888870902E-05,0,0,0,0,0,38
4,7348,1546.36966,-0.232830360531807,-1.79685266630258E-05,0,0,0,0,0,38
4,7349,1546.58966,-0.222725719213486,6.71892776153982E-05,0,0,0,0,0,38
4,7350,1546.80966,-0.227729558944702,-7.03739351592958E-06,0,0,0,0,0,38
4,7351,1547.02966,-0.229959949851036,-5.55778497073334E-05,0,0,0,0,0,38
4,7352,1547.24966,-0.216112121939659,6.92510220687836E-05,0,0,0,0,0,38
4,7353,1547.46966,-0.228621706366539,-8.85852059582248E-05,0,0,0,0,0,38
4,7354,1547.68966,-0.23259761929512,-0.000153339526150376,0,0,0,0,0,38
4,7355,1547.90966,-0.222725719213486,-7.21029209671542E-05,0,0,0,0,0,38
4,7356,1548.12966,-0.213590800762177,4.81957931697252E-06,0,0,0,0,0,38
4,7357,1548.34966,-0.208237856626511,4.22888588218484E-05,0,0,0,0,0,38
4,7358,1548.56966,-0.207423284649849,2.45228493440663E-05,0,0,0,0,0,38
4,7359,1548.78966,-0.202923715114594,4.88825498905499E-05,0,0,0,0,0,38
4,7360,1549.00966,-0.208916679024696,-3.76001589756925E-05,0,0,0,0,0,38
4,7361,1549.22966,-0.206375971436501,-3.51281669281889E-05,0,0,0,0,0,38
4,7362,1549.44966,-0.204591661691666,-3.89375672966708E-05,0,0,0,0,0,38
4,7363,1549.66966,-0.201973363757133,-3.63163708243519E-05,0,0,0,0,0,38
4,7364,1549.88966,-0.199762374162674,-3.37604506057687E-05,0,0,0,0,0,38
4,7365,1550.10966,-0.197958663105965,-3.68844375771005E-05,0,0,0,0,0,38
4,7366,1550.32966,-0.194777935743332,-2.86952363239834E-05,0,0,0,0,0,38
4,7367,1550.54966,-0.193556070327759,-3.40506994689349E-05,0,0,0,0,0,38
4,7368,1550.76966,-0.191073536872864,-3.29009635606781E-05,0,0,0,0,0,38
4,7369,1550.98966,-0.188881933689117,-3.29670183418784E-05,0,0,0,0,0,38
4,7370,1551.20966,-0.187000647187233,-3.37888159265276E-05,0,0,0,0,0,38
4,7371,1551.42966,-0.184731468558311,-3.43366773449816E-05,0,0,0,0,0,38
4,7372,1551.64966,-0.18211318552494,-3.29670183418784E-05,0,0,0,0,0,38
4,7373,1551.86966,-0.179979756474495,-3.16136793117039E-05,0,0,0,0,0,38
4,7374,1552.08966,-0.177749365568161,-2.95900808851002E-05,0,0,0,0,0,38
4,7375,1552.30966,-0.176023244857788,-3.27991619997192E-05,0,0,0,0,0,38
4,7376,1552.52966,-0.17367647588253,-3.03030810755445E-05,0,0,0,0,0,38
4,7377,1552.74966,-0.171232745051384,-2.97400620183907E-05,0,0,0,0,0,38
4,7378,1552.96966,-0.169196307659149,-2.91440173896262E-05,0,0,0,0,0,38
4,7379,1553.18966,-0.166791349649429,-2.43791582761332E-05,0,0,0,0,0,38
4,7380,1553.40966,-0.164910063147545,-2.88475494016893E-05,0,0,0,0,0,38
4,7381,1553.62966,-0.162408143281937,-2.76869341178099E-05,0,0,0,0,0,38
4,7382,1553.84966,-0.160507470369339,-2.87488564936211E-05,0,0,0,0,0,38
4,7383,1554.06966,-0.158218890428543,-2.75276270258473E-05,0,0,0,0,0,38
4,7384,1554.28966,-0.155910924077034,-2.68830117420293E-05,0,0,0,0,0,38
4,7385,1554.50966,-0.154242977499962,-2.88172432192368E-05,0,0,0,0,0,38
4,7386,1554.72966,-0.151934996247292,-2.86929043795681E-05,0,0,0,0,0,38
4,7387,1554.94966,-0.149045184254646,-2.57515384873841E-05,0,0,0,0,0,38
4,7388,1555.16966,-0.146814793348312,-2.30106652452378E-05,0,0,0,0,0,38
4,7389,1555.38966,-0.144681379199028,-2.38631564570824E-05,0,0,0,0,0,38
4,7390,1555.60966,-0.142800092697144,-2.35033530771034E-05,0,0,0,0,0,38
4,7391,1555.82966,-0.140608489513397,-2.16569369513309E-05,0,0,0,0,0,38
4,7392,1556.04966,-0.138688415288925,-2.58210893662181E-05,0,0,0,0,0,38
4,7393,1556.26966,-0.136516198515892,-2.60821980191395E-05,0,0,0,0,0,38
4,7394,1556.48966,-0.134014278650284,-2.37726235354785E-05,0,0,0,0,0,38
4,7395,1556.70966,-0.1316287368536,-2.08806013688445E-05,0,0,0,0,0,38
4,7396,1556.92966,-0.129728049039841,-2.29780271183699E-05,0,0,0,0,0,38
4,7397,1557.14966,-0.127303719520569,-2.31447174883215E-05,0,0,0,0,0,38
4,7398,1557.36966,-0.125461220741272,-2.34380768233677E-05,0,0,0,0,0,38
4,7399,1557.58966,-0.123153246939182,-2.19118282984709E-05,0,0,0,0,0,38
4,7400,1557.80966,-0.120922856032848,-2.21115460590227E-05,0,0,0,0,0,38
4,7401,1558.02966,-0.118110619485378,-1.68936312547885E-05,0,0,0,0,0,38
4,7402,1558.24966,-0.116171143949032,-1.79644903255394E-05,0,0,0,0,0,38
4,7403,1558.46966,-0.114619567990303,-2.34322487813188E-05,0,0,0,0,0,38
4,7404,1558.68966,-0.111981891095638,-2.11673559533665E-05,0,0,0,0,0,38
4,7405,1558.90966,-0.10998423397541,-2.212320396211E-05,0,0,0,0,0,38
4,7406,1559.12966,-0.107540495693684,-2.19755529542454E-05,0,0,0,0,0,38
4,7407,1559.34966,-0.105251923203468,-1.79683756869053E-05,0,0,0,0,0,38
4,7408,1559.56966,-0.102614238858223,-1.69503600773169E-05,0,0,0,0,0,38
4,7409,1559.78966,-0.1007911413908,-1.70257408171892E-05,0,0,0,0,0,38
4,7410,1560.00966,-0.0989486426115036,-1.78063492057845E-05,0,0,0,0,0,38
4,7411,1560.22966,-0.0966600626707077,-1.68326278071618E-05,0,0,0,0,0,38
4,7412,1560.44966,-0.0943326950073242,-1.59949013323057E-05,0,0,0,0,0,38
4,7413,1560.66966,-0.0922380685806274,-1.9941462596762E-05,0,0,0,0,0,38
4,7414,1560.88966,-0.0898331254720688,-1.46151396620553E-05,0,0,0,0,0,38
4,7415,1561.10966,-0.0875833332538605,-1.57435060827993E-05,0,0,0,0,0,38
4,7416,1561.32966,-0.0857796296477318,-1.60889321705326E-05,0,0,0,0,0,38
4,7417,1561.54966,-0.0831613391637802,-1.62653359438991E-05,0,0,0,0,0,38
4,7418,1561.76966,-0.0808921605348587,-1.56797832460143E-05,0,0,0,0,0,38
4,7419,1561.98966,-0.0789526849985123,-1.48754725159961E-05,0,0,0,0,0,38
4,7420,1562.20966,-0.0770326107740402,-1.82897128979675E-05,0,0,0,0,0,38
4,7421,1562.42966,-0.074433721601963,-1.42293038152275E-05,0,0,0,0,0,38
4,7422,1562.64966,-0.0721063539385796,-1.31895285448991E-05,0,0,0,0,0,38
4,7423,1562.86966,-0.070089302957058,-1.41372165671783E-05,0,0,0,0,0,38
4,7424,1563.08966,-0.0678395181894302,-1.57947961270111E-05,0,0,0,0,0,38
4,7425,1563.30966,-0.0660552009940147,-1.52795710164355E-05,0,0,0,0,0,38
4,7426,1563.52966,-0.0638635978102684,-1.72600393852917E-05,0,0,0,0,0,38
4,7427,1563.74966,-0.0613616816699505,-1.5508428987232E-05,0,0,0,0,0,38
4,7428,1563.96966,-0.0593252368271351,-1.29459040181246E-05,0,0,0,0,0,38
4,7429,1564.18966,-0.0565517917275429,-1.38559016704676E-05,0,0,0,0,0,38
4,7430,1564.40966,-0.0546705052256584,-1.33737039504922E-05,0,0,0,0,0,38
4,7431,1564.62966,-0.0524401105940342,-1.27543462440372E-05,0,0,0,0,0,38
4,7432,1564.84966,-0.0503066927194595,-1.2921813322464E-05,0,0,0,0,0,38
4,7433,1565.06966,-0.0474362745881081,-7.65338518249337E-06,0,0,0,0,0,38
4,7434,1565.28966,-0.0457683280110359,-1.13326204882469E-05,0,0,0,0,0,38
4,7435,1565.50966,-0.0442943312227726,-1.35784730446176E-05,0,0,0,0,0,38
4,7436,1565.72966,-0.0415790714323521,-1.32928844323033E-05,0,0,0,0,0,38
4,7437,1565.94966,-0.0393098890781403,-9.48542583500966E-06,0,0,0,0,0,38
4,7438,1566.16966,-0.0373510234057903,-1.45766725836438E-05,0,0,0,0,0,38
4,7439,1566.38966,-0.0350624471902847,-1.390874513163E-05,0,0,0,0,0,38
4,7440,1566.60966,-0.0326962918043137,-1.15607026600628E-05,0,0,0,0,0,38
4,7441,1566.82966,-0.0301749780774117,-7.22325421520509E-06,0,0,0,0,0,38
4,7442,1567.04966,-0.0284100584685802,-1.09588299892494E-05,0,0,0,0,0,38
4,7443,1567.26966,-0.0267227180302143,-1.56891073856968E-05,0,0,0,0,0,38
4,7444,1567.48966,-0.0247832462191582,-1.79124235728523E-05,0,0,0,0,0,38
4,7445,1567.70966,-0.0217770654708147,-1.22270757856313E-05,0,0,0,0,0,38
4,7446,1567.92966,-0.0191199891269207,-8.42583449411904E-06,0,0,0,0,0,38
4,7447,1568.14966,-0.0174908339977264,-9.75741477304837E-06,0,0,0,0,0,38
4,7448,1568.36966,-0.0151246786117554,-1.00181359812268E-05,0,0,0,0,0,38
4,7449,1568.58966,-0.0135731007903814,-1.26840177472332E-05,0,0,0,0,0,38
4,7450,1568.80966,-0.0107414722442627,-9.134560059465E-06,0,0,0,0,0,38
4,7451,1569.02966,-0.00829773861914873,-5.30728584635654E-06,0,0,0,0,0,38
4,7452,1569.24966,-0.00624189851805568,-8.81983032741118E-06,0,0,0,0,0,38
4,7453,1569.46966,-0.00406969012692571,-9.48659180721734E-06,0,0,0,0,0,38
4,7454,1569.68966,-0.00174232432618737,-7.97821849118918E-06,0,0,0,0,0,38
4,7455,1569.90966,6.13842348684557E-05,-9.98161158349831E-06,0,0,0,0,0,38
4,7456,1570.12966,0.0020202505402267,-1.03429683804279E-05,0,0,0,0,0,38
4,7457,1570.34966,0.00428943242877722,-1.00367869890761E-05,0,0,0,0,0,38
4,7458,1570.56966,0.00700469268485904,-7.42880047255312E-06,0,0,0,0,0,38
4,7459,1570.78966,0.00904113799333572,-8.43477118905867E-06,0,0,0,0,0,38
4,7460,1571.00966,0.0110581880435348,-9.56702297116863E-06,0,0,0,0,0,38
4,7461,1571.22966,0.0132303964346647,-8.29288001114037E-06,0,0,0,0,0,38
4,7462,1571.44966,0.0156353414058685,-8.41262408357579E-06,0,0,0,0,0,38
4,7463,1571.66966,0.0179239176213741,-7.8591119745397E-06,0,0,0,0,0,38
4,7464,1571.88966,0.0201543103903532,-8.12485814094543E-06,0,0,0,0,0,38
4,7465,1572.10966,0.0223653074353933,-8.18690841697389E-06,0,0,0,0,0,38
4,7466,1572.32966,0.0244793314486742,-7.7299928307184E-06,0,0,0,0,0,38
4,7467,1572.54966,0.0267097242176533,-7.69459165894659E-06,0,0,0,0,0,38
4,7468,1572.76966,0.0288237482309341,-7.2620682658453E-06,0,0,0,0,0,38
4,7469,1572.98966,0.0309183765202761,-7.34454260964412E-06,0,0,0,0,0,38
4,7470,1573.20966,0.0332069545984268,-7.10338326825877E-06,0,0,0,0,0,38
4,7471,1573.42966,0.0353597663342953,-7.51626021155971E-06,0,0,0,0,0,38
4,7472,1573.64966,0.0376677364110947,-7.15963687980548E-06,0,0,0,0,0,38
4,7473,1573.86966,0.0400144979357719,-7.16850672688452E-06,0,0,0,0,0,38
4,7474,1574.08966,0.0421867072582245,-6.96368260832969E-06,0,0,0,0,0,38
4,7475,1574.30966,0.0443783104419708,-6.98029407431022E-06,0,0,0,0,0,38
4,7476,1574.52966,0.0464729405939579,-6.80266293784371E-06,0,0,0,0,0,38
4,7477,1574.74966,0.0486451461911201,-6.55858593745506E-06,0,0,0,0,0,38
4,7478,1574.96966,0.0508755408227444,-6.64351091472781E-06,0,0,0,0,0,38
4,7479,1575.18966,0.0529119856655598,-5.95796291236184E-06,0,0,0,0,0,38
4,7480,1575.40966,0.0555108748376369,-6.28342513664393E-06,0,0,0,0,0,38
4,7481,1575.62966,0.0573727674782276,-6.29731357548735E-06,0,0,0,0,0,38
4,7482,1575.84966,0.0593122392892838,-5.74613613935071E-06,0,0,0,0,0,38
4,7483,1576.06966,0.061542633920908,-5.93905588175403E-06,0,0,0,0,0,38
4,7484,1576.28966,0.0640251561999321,-5.67202596357674E-06,0,0,0,0,0,38
4,7485,1576.50966,0.0663525238633156,-5.74103978578933E-06,0,0,0,0,0,38
4,7486,1576.72966,0.0685053393244743,-5.20659114044975E-06,0,0,0,0,0,38
4,7487,1576.94966,0.0705029889941216,-5.17492389917606E-06,0,0,0,0,0,38
4,7488,1577.16966,0.0729273334145546,-5.18336582899792E-06,0,0,0,0,0,38
4,7489,1577.38966,0.0751383304595947,-4.78001993542421E-06,0,0,0,0,0,38
4,7490,1577.60966,0.0771941691637039,-4.45712521468522E-06,0,0,0,0,0,38
4,7491,1577.82966,0.0792887955904007,-4.72874580736971E-06,0,0,0,0,0,38
4,7492,1578.04966,0.0814610049128532,-4.50396419182653E-06,0,0,0,0,0,38
4,7493,1578.26966,0.0835750326514244,-3.88688567909412E-06,0,0,0,0,0,38
4,7494,1578.48966,0.0859023928642273,-3.94644575862912E-06,0,0,0,0,0,38
4,7495,1578.70966,0.0882491543889046,-3.69213717021921E-06,0,0,0,0,0,38
4,7496,1578.92966,0.090188629925251,-3.1397150905832E-06,0,0,0,0,0,38
4,7497,1579.14966,0.0925353914499283,-2.74068725047982E-06,0,0,0,0,0,38
4,7498,1579.36966,0.0945524424314499,-2.59464559348999E-06,0,0,0,0,0,38
4,7499,1579.58966,0.0968410149216652,-2.19149410440878E-06,0,0,0,0,0,38
4,7500,1579.80966,0.0991877764463425,-1.61487423611106E-06,0,0,0,0,0,38
4,7501,1580.02966,0.101398773491383,-1.36126573124784E-06,0,0,0,0,0,38
4,7502,1580.24966,0.103609770536423,-1.13551175218163E-06,0,0,0,0,0,38
4,7503,1580.46966,0.105723798274994,-6.8176603917891E-07,0,0,0,0,0,38
4,7504,1580.68966,0.10791540145874,-2.60204615187831E-07,0,0,0,0,0,38
4,7505,1580.90966,0.110184580087662,1.80517076842079E-07,0,0,0,0,0,38
4,7506,1581.12966,0.112628310918808,6.57356054034608E-07,0,0,0,0,0,38
4,7507,1581.34966,0.114606574177742,1.13289479486411E-06,0,0,0,0,0,38
4,7508,1581.56966,0.116565443575382,1.6436775922557E-06,0,0,0,0,0,38
4,7509,1581.78966,0.118970386683941,1.94179096979497E-06,0,0,0,0,0,38
4,7510,1582.00966,0.121452912688255,2.46507488554926E-06,0,0,0,0,0,38
4,7511,1582.22966,0.123605720698833,3.06110723613529E-06,0,0,0,0,0,38
4,7512,1582.44966,0.125719740986824,3.98598649553605E-06,0,0,0,0,0,38
4,7513,1582.66966,0.127872556447983,4.16906368627679E-06,0,0,0,0,0,38
4,7514,1582.88966,0.130122348666191,4.92304252475151E-06,0,0,0,0,0,38
4,7515,1583.10966,0.132003635168076,5.23364360560663E-06,0,0,0,0,0,38
4,7516,1583.32966,0.134292215108871,5.8872524277831E-06,0,0,0,0,0,38
4,7517,1583.54966,0.13694928586483,6.16151828580769E-06,0,0,0,0,0,38
4,7518,1583.76966,0.139024525880814,6.7578230300569E-06,0,0,0,0,0,38
4,7519,1583.98966,0.141080364584923,7.14588031769381E-06,0,0,0,0,0,38
4,7520,1584.20966,0.143601670861244,7.57326824896154E-06,0,0,0,0,0,38
4,7521,1584.42966,0.145521745085716,8.00796988187358E-06,0,0,0,0,0,38
4,7522,1584.64966,0.147790938615799,8.09118319011759E-06,0,0,0,0,0,38
4,7523,1584.86966,0.150234669446945,8.06675234343857E-06,0,0,0,0,0,38
4,7524,1585.08966,0.151922002434731,8.0658965089242E-06,0,0,0,0,0,38
4,7525,1585.30966,0.154268771409988,8.40956545289373E-06,0,0,0,0,0,38
4,7526,1585.52966,0.156169444322586,7.98816836322658E-06,0,0,0,0,0,38
4,7527,1585.74966,0.158671364188194,7.8110433605616E-06,0,0,0,0,0,38
4,7528,1585.96966,0.160921156406403,7.9541669038008E-06,0,0,0,0,0,38
4,7529,1586.18966,0.163073971867561,7.50791150494479E-06,0,0,0,0,0,38
4,7530,1586.40966,0.165265575051308,7.73343163018581E-06,0,0,0,0,0,38
4,7531,1586.62966,0.167321413755417,7.80960363044869E-06,0,0,0,0,0,38
4,7532,1586.84966,0.169416040182114,7.83574705565115E-06,0,0,0,0,0,38
4,7533,1587.06966,0.17151066660881,7.84216535976157E-06,0,0,0,0,0,38
4,7534,1587.28966,0.173741057515144,8.20972127257846E-06,0,0,0,0,0,38
4,7535,1587.50966,0.176786035299301,8.73631142894737E-06,0,0,0,0,0,38
4,7536,1587.72966,0.178221240639687,8.447612344753E-06,0,0,0,0,0,38
4,7537,1587.94966,0.180664971470833,8.60061754792696E-06,0,0,0,0,0,38
4,7538,1588.16966,0.183031126856804,8.70530584506923E-06,0,0,0,0,0,38
4,7539,1588.38966,0.184931814670563,9.003030754684E-06,0,0,0,0,0,38
4,7540,1588.60966,0.187065228819847,8.76233752933331E-06,0,0,0,0,0,38
4,7541,1588.82966,0.189392596483231,8.67737344378838E-06,0,0,0,0,0,38
4,7542,1589.04966,0.191622987389565,8.99676706467289E-06,0,0,0,0,0,38
4,7543,1589.26966,0.19416369497776,8.9378290795139E-06,0,0,0,0,0,38
4,7544,1589.48966,0.195676490664482,8.77743241289863E-06,0,0,0,0,0,38
4,7545,1589.70966,0.198042646050453,8.46900911710691E-06,0,0,0,0,0,38
4,7546,1589.92966,0.20038940012455,8.27177154860692E-06,0,0,0,0,0,38
4,7547,1590.14966,0.20269738137722,8.02784961706493E-06,0,0,0,0,0,38
4,7548,1590.36966,0.204714432358742,7.85776592238108E-06,0,0,0,0,0,38
4,7549,1590.58966,0.207138761878014,7.43387909096782E-06,0,0,0,0,0,38
4,7550,1590.80966,0.209214001893997,7.17696366336895E-06,0,0,0,0,0,38
4,7551,1591.02966,0.211483180522919,6.83562893755152E-06,0,0,0,0,0,38
4,7552,1591.24966,0.21350023150444,6.41092537989607E-06,0,0,0,0,0,38
4,7553,1591.46966,0.216157302260399,6.48705827188678E-06,0,0,0,0,0,38
4,7554,1591.68966,0.218038588762283,6.21890012553195E-06,0,0,0,0,0,38
4,7555,1591.90966,0.219997465610504,5.53027894056868E-06,0,0,0,0,0,38
4,7556,1592.12966,0.222887277603149,5.80929099669447E-06,0,0,0,0,0,38
4,7557,1592.34966,0.224865540862083,5.32086414750665E-06,0,0,0,0,0,38
4,7558,1592.56966,0.227095931768417,5.32319836565875E-06,0,0,0,0,0,38
4,7559,1592.78966,0.228977218270302,4.78458650832181E-06,0,0,0,0,0,38
4,7560,1593.00966,0.231459736824036,4.39843597632716E-06,0,0,0,0,0,38
4,7561,1593.22966,0.23334102332592,4.50985407951521E-06,0,0,0,0,0,38
4,7562,1593.44966,0.235358074307442,4.21524191551725E-06,0,0,0,0,0,38
4,7563,1593.66966,0.237801805138588,3.69938834410277E-06,0,0,0,0,0,38
4,7564,1593.88966,0.239974021911621,3.92354741052259E-06,0,0,0,0,0,38
4,7565,1594.10966,0.242088049650192,3.95926008422975E-06,0,0,0,0,0,38
4,7566,1594.32966,0.244357228279114,3.4619245070644E-06,0,0,0,0,0,38
4,7567,1594.54966,0.246374279260635,3.32253534907068E-06,0,0,0,0,0,38
4,7568,1594.76966,0.24866284430027,3.13494501824607E-06,0,0,0,0,0,38
4,7569,1594.98966,0.250854462385178,3.14447629534698E-06,0,0,0,0,0,38
4,7570,1595.20966,0.2531818151474,2.79267669611727E-06,0,0,0,0,0,38
4,7571,1595.42966,0.255315244197845,2.5961389837903E-06,0,0,0,0,0,38
4,7572,1595.64966,0.257778376340866,2.72965394287894E-06,0,0,0,0,0,38
4,7573,1595.86966,0.259717851877213,2.2809081201558E-06,0,0,0,0,0,38
4,7574,1596.08966,0.262355506420136,2.75941465588403E-06,0,0,0,0,0,38
4,7575,1596.30966,0.264023452997208,2.41702969105972E-06,0,0,0,0,0,38
4,7576,1596.52966,0.266234457492828,2.06005597647163E-06,0,0,0,0,0,38
4,7577,1596.74966,0.268542438745499,1.98621819436084E-06,0,0,0,0,0,38
4,7578,1596.96966,0.270714640617371,1.96108680938778E-06,0,0,0,0,0,38
4,7579,1597.18966,0.272848069667816,1.98252246264019E-06,0,0,0,0,0,38
4,7580,1597.40966,0.274942696094513,1.46503509768081E-06,0,0,0,0,0,38
4,7581,1597.62966,0.277464002370834,1.5703843700976E-06,0,0,0,0,0,38
4,7582,1597.84966,0.279403477907181,1.7463424910602E-06,0,0,0,0,0,38
4,7583,1598.06966,0.281517505645752,1.78400057393446E-06,0,0,0,0,0,38
4,7584,1598.28966,0.284271538257599,1.0666298067008E-06,0,0,0,0,0,38
4,7585,1598.50966,0.28623041510582,1.60158458584192E-06,0,0,0,0,0,38
4,7586,1598.72966,0.288208663463593,1.49032200624788E-06,0,0,0,0,0,38
4,7587,1598.94966,0.290846347808838,1.2770170769727E-06,0,0,0,0,0,38
4,7588,1599.16966,0.292650073766708,6.62116690364201E-07,0,0,0,0,0,38
4,7589,1599.38966,0.29507440328598,9.28718748127721E-07,0,0,0,0,0,38
4,7590,1599.60966,0.2972272336483,1.10296514321817E-06,0,0,0,0,0,38
4,7591,1599.82966,0.299457609653473,9.28563167690299E-07,0,0,0,0,0,38
4,7592,1600.04966,0.301338911056519,8.34729178222915E-07,0,0,0,0,0,38
4,7593,1600.26966,0.303898990154266,7.39611436983978E-07,0,0,0,0,0,38
4,7595,1600.70966,0.308262825012207,6.19339118657081E-07,0,0,0,0,0,38
4,7596,1600.92966,0.31039622426033,5.91159221130511E-07,0,0,0,0,0,38
4,7597,1601.14966,0.312684804201126,5.40385599379078E-07,0,0,0,0,0,38
4,7598,1601.36966,0.314857006072998,4.73468645623143E-07,0,0,0,0,0,38
4,7599,1601.58966,0.317339539527893,4.70844895517075E-07,0,0,0,0,0,38
4,7600,1601.80966,0.319414764642715,4.61443818267071E-07,0,0,0,0,0,38
4,7601,1602.02966,0.321451216936111,4.20768117237458E-07,0,0,0,0,0,38
4,7602,1602.24966,0.323313117027283,3.82143895194531E-07,0,0,0,0,0,38
4,7603,1602.46966,0.325621068477631,3.71528273035437E-07,0,0,0,0,0,38
4,7604,1602.68966,0.328045427799225,3.52765056277349E-07,0,0,0,0,0,38
4,7605,1602.90966,0.330198228359222,3.73478570736552E-07,0,0,0,0,0,38
4,7606,1603.12966,0.332254081964493,4.36923158986247E-07,0,0,0,0,0,38
4,7607,1603.34966,0.334639638662338,3.07075424643699E-07,0,0,0,0,0,38
4,7608,1603.56966,0.33665668964386,3.47346286844186E-07,0,0,0,0,0,38
4,7609,1603.78966,0.338945239782333,2.96175613812011E-07,0,0,0,0,0,38
4,7610,1604.00966,0.341039896011353,2.78619154414628E-07,0,0,0,0,0,38
4,7611,1604.22966,0.343367248773575,2.79724702068052E-07,0,0,0,0,0,38
4,7612,1604.44966,0.34575280547142,3.34114702127408E-07,0,0,0,0,0,38
4,7613,1604.66966,0.347731053829193,3.83206639753553E-07,0,0,0,0,0,38
4,7614,1604.88966,0.34998083114624,3.08846637153692E-07,0,0,0,0,0,38
4,7615,1605.10966,0.35223063826561,3.37583173859457E-07,0,0,0,0,0,38
4,7616,1605.32966,0.354170113801956,3.14720864480478E-07,0,0,0,0,0,38
4,7617,1605.54966,0.356400489807129,3.37875150080436E-07,0,0,0,0,0,38
4,7618,1605.76966,0.358727872371674,3.77274034235597E-07,0,0,0,0,0,38
4,7619,1605.98966,0.360977649688721,3.70263109061852E-07,0,0,0,0,0,38
4,7620,1606.20966,0.362994700670242,4.38651568401838E-07,0,0,0,0,0,38
4,7621,1606.42966,0.365399658679962,3.91346446804164E-07,0,0,0,0,0,38
4,7622,1606.64966,0.367397308349609,4.33143270583969E-07,0,0,0,0,0,38
4,7623,1606.86966,0.369899213314056,4.27323556095871E-07,0,0,0,0,0,38
4,7624,1607.08966,0.372071415185928,4.89261651637207E-07,0,0,0,0,0,38
4,7625,1607.30966,0.374049693346024,4.45845444119186E-07,0,0,0,0,0,38
4,7626,1607.52966,0.376415848731995,5.03326305079099E-07,0,0,0,0,0,38
4,7627,1607.74966,0.378277748823166,4.87891384182149E-07,0,0,0,0,0,38
4,7628,1607.96966,0.380702078342438,5.29750536770734E-07,0,0,0,0,0,38
4,7629,1608.18966,0.383010059595108,5.63625576432969E-07,0,0,0,0,0,38
4,7630,1608.40966,0.385221034288406,5.87032843668567E-07,0,0,0,0,0,38
4,7631,1608.62966,0.387218713760376,6.04347974331176E-07,0,0,0,0,0,38
4,7632,1608.84966,0.389565467834473,6.72861006023595E-07,0,0,0,0,0,38
4,7633,1609.06966,0.391660094261169,6.81078688558046E-07,0,0,0,0,0,38
4,7634,1609.28966,0.393929272890091,6.95423580054921E-07,0,0,0,0,0,38
4,7635,1609.50966,0.396334230899811,7.3316800808243E-07,0,0,0,0,0,38
4,7636,1609.72966,0.398545205593109,7.17032435204601E-07,0,0,0,0,0,38
4,7637,1609.94966,0.400581657886505,7.80239588493714E-07,0,0,0,0,0,38
4,7638,1610.16966,0.402889639139175,8.20545494661928E-07,0,0,0,0,0,38
4,7639,1610.38966,0.404790312051773,8.45369754642888E-07,0,0,0,0,0,38
4,7640,1610.60966,0.407175868749619,8.89490593181108E-07,0,0,0,0,0,38
4,7641,1610.82966,0.409309267997742,8.81315770584479E-07,0,0,0,0,0,38
4,7642,1611.04966,0.411578476428986,9.07027583707531E-07,0,0,0,0,0,38
4,7643,1611.26966,0.413420975208282,9.4081309498506E-07,0,0,0,0,0,38
4,7644,1611.48966,0.416000455617905,9.8334567155689E-07,0,0,0,0,0,38
4,7645,1611.70966,0.418463587760925,9.60705278885143E-07,0,0,0,0,0,38
4,7646,1611.92966,0.420538812875748,9.78876755652891E-07,0,0,0,0,0,38
4,7647,1612.14966,0.422652840614319,9.67311279964633E-07,0,0,0,0,0,38
4,7648,1612.36966,0.424495339393616,9.46430361636885E-07,0,0,0,0,0,38
4,7649,1612.58966,0.427133023738861,9.57703946369293E-07,0,0,0,0,0,38
4,7650,1612.80966,0.429014325141907,9.44966700444638E-07,0,0,0,0,0,38
4,7651,1613.02966,0.431361079216003,9.07082096546219E-07,0,0,0,0,0,38
4,7652,1613.24966,0.433513879776001,9.14521194772533E-07,0,0,0,0,0,38
4,7653,1613.46966,0.435472756624222,9.71978806774132E-07,0,0,0,0,0,38
4,7654,1613.68966,0.438110440969467,9.10901178485801E-07,0,0,0,0,0,38
4,7655,1613.90966,0.44024384021759,6.51729578748927E-07,0,0,0,0,0,38
4,7656,1614.12966,0.442028164863586,5.4105066737975E-07,0,0,0,0,0,38
4,7657,1614.34966,0.444413721561432,7.6205247978578E-07,0,0,0,0,0,38
4,7658,1614.56966,0.446721702814102,7.3097248787235E-07,0,0,0,0,0,38
4,7659,1614.78966,0.448971480131149,6.9571552785419E-07,0,0,0,0,0,38
4,7660,1615.00966,0.451104879379272,6.36054721780965E-07,0,0,0,0,0,38
4,7661,1615.22966,0.453354686498642,5.95526898905518E-07,0,0,0,0,0,38
4,7662,1615.44966,0.45566263794899,6.20627588432399E-07,0,0,0,0,0,38
4,7663,1615.66966,0.457931846380234,5.81065251026303E-07,0,0,0,0,0,38
4,7664,1615.88966,0.459871292114258,5.56447275812388E-07,0,0,0,0,0,38
4,7665,1616.10966,0.462140500545502,5.0466155698814E-07,0,0,0,0,0,38
4,7666,1616.32966,0.464273899793625,5.37987659754435E-07,0,0,0,0,0,38
4,7667,1616.54966,0.466193974018097,5.16203613187827E-07,0,0,0,0,0,38
4,7668,1616.76966,0.468889862298965,4.9303378091281E-07,0,0,0,0,0,38
4,7669,1616.98966,0.470674157142639,4.51894834441191E-07,0,0,0,0,0,38
4,7670,1617.20966,0.473253667354584,4.2869382355093E-07,0,0,0,0,0,38
4,7671,1617.42966,0.475212514400482,4.35813717558631E-07,0,0,0,0,0,38
4,7672,1617.64966,0.477442920207977,4.4498901274892E-07,0,0,0,0,0,38
4,7673,1617.86966,0.479440569877625,3.93035918477835E-07,0,0,0,0,0,38
4,7674,1618.08966,0.48167097568512,4.21130152972182E-07,0,0,0,0,0,38
4,7675,1618.30966,0.484231054782867,3.9465140844186E-07,0,0,0,0,0,38
4,7676,1618.52966,0.486209332942963,4.10308189202624E-07,0,0,0,0,0,38
4,7677,1618.74966,0.488653063774109,4.02487586370626E-07,0,0,0,0,0,38
4,7678,1618.96966,0.49076709151268,3.65136315849668E-07,0,0,0,0,0,38
4,7679,1619.18966,0.492919892072678,3.49004608324321E-07,0,0,0,0,0,38
4,7680,1619.40966,0.495130896568298,4.01171831754255E-07,0,0,0,0,0,38
4,7681,1619.62966,0.497438877820969,3.39015741701587E-07,0,0,0,0,0,38
4,7682,1619.84966,0.499533504247665,4.02616052497251E-07,0,0,0,0,0,38
4,7683,1620.06966,0.501763880252838,3.8173126881702E-07,0,0,0,0,0,38
4,7684,1620.28966,0.503916680812836,3.57066568312803E-07,0,0,0,0,0,38
4,7685,1620.50966,0.505972564220428,3.62633244321842E-07,0,0,0,0,0,38
4,7686,1620.72966,0.508319318294525,3.61691206762771E-07,0,0,0,0,0,38
4,7687,1620.94966,0.510588467121124,3.42110496376336E-07,0,0,0,0,0,38
4,7688,1621.16966,0.512780070304871,3.15748536650062E-07,0,0,0,0,0,38
4,7689,1621.38966,0.515204429626465,3.31631127892251E-07,0,0,0,0,0,38
4,7690,1621.60966,0.517260253429413,3.13681482566608E-07,0,0,0,0,0,38
4,7691,1621.82966,0.519316136837006,3.34546797375879E-07,0,0,0,0,0,38
4,7692,1622.04966,0.521488308906555,2.86805686755542E-07,0,0,0,0,0,38
4,7693,1622.26966,0.523738086223602,3.20571700740402E-07,0,0,0,0,0,38
4,7694,1622.48966,0.525987863540649,3.19536241022433E-07,0,0,0,0,0,38
4,7695,1622.70966,0.52843165397644,2.88105894696855E-07,0,0,0,0,0,38
4,7696,1622.92966,0.530390501022339,3.30692955685663E-07,0,0,0,0,0,38
4,7697,1623.14966,0.532620906829834,3.03630315556802E-07,0,0,0,0,0,38
4,7698,1623.36966,0.53465735912323,2.8056555834155E-07,0,0,0,0,0,38
4,7699,1623.58966,0.53682953119278,3.09703040102249E-07,0,0,0,0,0,38
4,7700,1623.80966,0.539195716381073,2.93112009330798E-07,0,0,0,0,0,38
4,7701,1624.02966,0.54169762134552,3.23779374866717E-07,0,0,0,0,0,38
4,7702,1624.24966,0.543540120124817,2.67886747451485E-07,0,0,0,0,0,38
4,7703,1624.46966,0.545751094818115,3.00107330986066E-07,0,0,0,0,0,38
4,7704,1624.68966,0.548020303249359,2.62849482624006E-07,0,0,0,0,0,38
4,7705,1624.90966,0.550114929676056,2.89694128241536E-07,0,0,0,0,0,38
4,7706,1625.12966,0.552345335483551,2.91811801389485E-07,0,0,0,0,0,38
4,7707,1625.34966,0.5547114610672,3.14460038453035E-07,0,0,0,0,0,38
4,7708,1625.56966,0.556844890117645,2.96452014936222E-07,0,0,0,0,0,38
4,7709,1625.78966,0.558997690677643,2.73461211008907E-07,0,0,0,0,0,38
4,7710,1626.00966,0.56140261888504,3.52025409711132E-07,0,0,0,0,0,38
4,7711,1626.22966,0.563303351402283,2.8321264267106E-07,0,0,0,0,0,38
4,7712,1626.44966,0.565650105476379,3.05627310126511E-07,0,0,0,0,0,38
4,7713,1626.66966,0.567899882793427,2.99465028774648E-07,0,0,0,0,0,38
4,7714,1626.88966,0.569955706596375,2.865448607281E-07,0,0,0,0,0,38
4,7715,1627.10966,0.57224428653717,2.97144936212135E-07,0,0,0,0,0,38
4,7716,1627.32966,0.574571669101715,2.42828889440716E-07,0,0,0,0,0,38
4,7717,1627.54966,0.576472342014313,2.89923804075443E-07,0,0,0,0,0,38
4,7718,1627.76966,0.57872211933136,2.8472305757532E-07,0,0,0,0,0,38
4,7719,1627.98966,0.580991327762604,3.02579252320356E-07,0,0,0,0,0,38
4,7720,1628.20966,0.583260476589203,3.05915364151588E-07,0,0,0,0,0,38
4,7721,1628.42966,0.585316300392151,2.67882853677293E-07,0,0,0,0,0,38
4,7722,1628.64966,0.587740659713745,2.96716734737856E-07,0,0,0,0,0,38
4,7723,1628.86966,0.589835286140442,3.07795602338956E-07,0,0,0,0,0,38
4,7724,1629.08966,0.59173595905304,2.89273714315641E-07,0,0,0,0,0,38
4,7725,1629.30966,0.594121515750885,3.14409419388539E-07,0,0,0,0,0,38
4,7726,1629.52966,0.596545875072479,2.29141861041171E-07,0,0,0,0,0,38
4,7727,1629.74966,0.598621129989624,3.05510525322461E-07,0,0,0,0,0,38
4,7728,1629.96966,0.600832104682922,2.60217973391264E-07,0,0,0,0,0,38
4,7729,1630.18966,0.60298490524292,2.79121337598554E-07,0,0,0,0,0,38
4,7730,1630.40966,0.605001986026764,3.03400639722895E-07,0,0,0,0,0,38
4,7731,1630.62966,0.607251763343811,2.93941155860011E-07,0,0,0,0,0,38
4,7732,1630.84966,0.609423935413361,2.75979857633502E-07,0,0,0,0,0,38
4,7733,1631.06966,0.611479818820953,2.62067032963387E-07,0,0,0,0,0,38
4,7734,1631.28966,0.614059269428253,2.66831818862556E-07,0,0,0,0,0,38
4,7735,1631.50966,0.616095721721649,2.83302171055766E-07,0,0,0,0,0,38
4,7736,1631.72966,0.618015825748444,2.67310610979621E-07,0,0,0,0,0,38
4,7737,1631.94966,0.620517730712891,2.99149718330227E-07,0,0,0,0,0,38
4,7738,1632.16966,0.622728705406189,2.60147885455808E-07,0,0,0,0,0,38
4,7739,1632.38966,0.624997913837433,2.91776785843467E-07,0,0,0,0,0,38
4,7740,1632.60966,0.62715071439743,3.24865453649181E-07,0,0,0,0,0,38
4,7741,1632.82966,0.629187166690826,3.0425314889726E-07,0,0,0,0,0,38
4,7742,1633.04966,0.631689071655273,3.08138140781011E-07,0,0,0,0,0,38
4,7743,1633.26966,0.63353157043457,2.98807151466463E-07,0,0,0,0,0,38
4,7744,1633.48966,0.635800778865814,2.93396169581683E-07,0,0,0,0,0,38
4,7745,1633.70966,0.638225138187408,2.46340192688876E-07,0,0,0,0,0,38
4,7746,1633.92966,0.640377938747406,2.89581237211678E-07,0,0,0,0,0,38
4,7747,1634.14966,0.642705261707306,3.14277087909431E-07,0,0,0,0,0,38
4,7748,1634.36966,0.644683539867401,2.56403041021258E-07,0,0,0,0,0,38
4,7749,1634.58966,0.647146701812744,2.54172476843451E-07,0,0,0,0,0,38
4,7750,1634.80966,0.649066746234894,2.82714381683036E-07,0,0,0,0,0,38
4,7751,1635.02966,0.651083827018738,2.78206528037117E-07,0,0,0,0,0,38
4,7752,1635.24966,0.653721511363983,3.3451178182986E-07,0,0,0,0,0,38
4,7753,1635.46966,0.655447602272034,3.0368479997378E-07,0,0,0,0,0,38
4,7754,1635.68966,0.657774984836578,3.21731761232513E-07,0,0,0,0,0,38
4,7755,1635.90966,0.660218715667725,3.13081983449592E-07,0,0,0,0,0,38
4,7756,1636.12966,0.662138819694519,2.92037583449201E-07,0,0,0,0,0,38
4,7757,1636.34966,0.664640724658966,2.85306981595568E-07,0,0,0,0,0,38
4,7758,1636.56966,0.666909873485565,2.94404401302018E-07,0,0,0,0,0,38
4,7759,1636.78966,0.669043302536011,2.97164405083095E-07,0,0,0,0,0,38
4,7760,1637.00966,0.671390056610107,2.98721516855949E-07,0,0,0,0,0,38
4,7761,1637.22966,0.673348963260651,2.95506055181249E-07,0,0,0,0,0,38
4,7762,1637.44966,0.675792694091797,2.97689922490463E-07,0,0,0,0,0,38
4,7763,1637.66966,0.677615761756897,2.96381955422476E-07,0,0,0,0,0,38
4,7764,1637.88966,0.68007892370224,3.36209041051916E-07,0,0,0,0,0,38
4,7765,1638.10966,0.68205714225769,3.79193153321467E-07,0,0,0,0,0,38
4,7766,1638.32966,0.684248745441437,3.18714853619895E-07,0,0,0,0,0,38
4,7767,1638.54966,0.686673104763031,3.06830173713024E-07,0,0,0,0,0,38
4,7768,1638.76966,0.688728928565979,3.11929738927574E-07,0,0,0,0,0,38
4,7769,1638.98966,0.691114485263824,3.40549490829289E-07,0,0,0,0,0,38
4,7770,1639.20966,0.693209111690521,3.27263421695534E-07,0,0,0,0,0,38
4,7771,1639.42966,0.695361971855164,3.26395309002692E-07,0,0,0,0,0,38
4,7772,1639.64966,0.697495341300964,3.25675159729144E-07,0,0,0,0,0,38
4,7773,1639.86966,0.69988089799881,3.36952552970615E-07,0,0,0,0,0,38
4,7774,1640.08966,0.701917350292206,3.18442346269876E-07,0,0,0,0,0,38
4,7775,1640.30966,0.704031407833099,3.38147629008745E-07,0,0,0,0,0,38
4,7776,1640.52966,0.706397533416748,3.47778382092656E-07,0,0,0,0,0,38
4,7777,1640.74966,0.708608508110046,3.40681850730107E-07,0,0,0,0,0,38
4,7778,1640.96966,0.710897088050842,3.32561484128746E-07,0,0,0,0,0,38
4,7779,1641.18966,0.712914168834686,3.57568751496729E-07,0,0,0,0,0,38
4,7780,1641.40966,0.715222120285034,3.41954773830366E-07,0,0,0,0,0,38
4,7781,1641.62966,0.717530131340027,3.54528481238958E-07,0,0,0,0,0,38
4,7782,1641.84966,0.719508349895477,3.38879488026578E-07,0,0,0,0,0,38
4,7783,1642.06966,0.722107231616974,3.26169526942977E-07,0,0,0,0,0,38
4,7784,1642.28966,0.724240660667419,3.38447392778107E-07,0,0,0,0,0,38
4,7785,1642.50966,0.726238310337067,3.39747572297711E-07,0,0,0,0,0,38
4,7786,1642.72966,0.728061437606812,3.63598672947774E-07,0,0,0,0,0,38
4,7787,1642.94966,0.730699121952057,3.4888392974608E-07,0,0,0,0,0,38
4,7788,1643.16966,0.732774376869202,3.43352297704769E-07,0,0,0,0,0,38
4,7789,1643.38966,0.735004723072052,3.63773835942993E-07,0,0,0,0,0,38
4,7790,1643.60966,0.737138152122498,3.70745823374818E-07,0,0,0,0,0,38
4,7791,1643.82966,0.739446103572845,3.640035117769E-07,0,0,0,0,0,38
4,7792,1644.04966,0.74152135848999,3.73073703485716E-07,0,0,0,0,0,38
4,7793,1644.26966,0.743538439273834,3.8035710758777E-07,0,0,0,0,0,38
4,7794,1644.48966,0.745749413967133,3.64322715995513E-07,0,0,0,0,0,38
4,7795,1644.70966,0.74805736541748,3.76639491150854E-07,0,0,0,0,0,38
4,7796,1644.92966,0.750248968601227,3.9339792579085E-07,0,0,0,0,0,38
4,7797,1645.14966,0.75271213054657,3.93226656569823E-07,0,0,0,0,0,38
4,7798,1645.36966,0.754748582839966,3.81898644263856E-07,0,0,0,0,0,38
4,7799,1645.58966,0.756726801395416,3.16468714345319E-07,0,0,0,0,0,38
4,7800,1645.80966,0.759073615074158,3.37267863415036E-07,0,0,0,0,0,38
4,7801,1646.02966,0.761284589767456,2.83998986105871E-07,0,0,0,0,0,38
4,7802,1646.24966,0.763340413570404,1.24830791037311E-07,0,0,0,0,0,38
4,7803,1646.46966,0.765803575515747,-9.29902732593746E-09,0,0,0,0,0,38
4,7804,1646.68966,0.767975747585297,-2.59344318465082E-07,0,0,0,0,0,38
4,7805,1646.90966,0.769915223121643,3.09983335000652E-07,0,0,0,0,0,38
4,7806,1647.12966,0.772824466228485,9.36153412567364E-07,0,0,0,0,0,38
4,7807,1647.34966,0.774376034736633,4.02736731075493E-07,0,0,0,0,0,38
4,7808,1647.56966,0.77672278881073,-5.44837291727163E-07,0,0,0,0,0,38
4,7809,1647.78966,0.779496192932129,1.06616857920017E-06,0,0,0,0,0,38
4,7810,1648.00966,0.781144797801971,7.55633323024085E-07,0,0,0,0,0,38
4,7811,1648.22966,0.782987296581268,-9.44735347729875E-07,0,0,0,0,0,38
4,7812,1648.44966,0.785721898078918,7.40038785806973E-07,0,0,0,0,0,38
4,7813,1648.66966,0.787428677082062,-7.12865471541591E-07,0,0,0,0,0,38
4,7814,1648.88966,0.789542675018311,7.3658202381921E-07,0,0,0,0,0,38
4,7815,1649.10966,0.792839765548706,1.02938952295517E-06,0,0,0,0,0,38
4,7816,1649.32966,0.794391334056854,-1.31632896227529E-06,0,0,0,0,0,38
4,7819,1649.98966,0.801063120365143,6.23991809334257E-07,0,0,0,0,0,38
4,7820,1650.20966,0.802828073501587,7.397670174214E-07,0,0,0,0,0,38
4,7821,1650.42966,0.805368781089783,-1.05474919109838E-06,0,0,0,0,0,38
4,7822,1650.64966,0.807657361030579,1.04165405900858E-06,0,0,0,0,0,38
4,7823,1650.86966,0.809267103672028,-1.0329925004271E-07,0,0,0,0,0,38
4,7824,1651.08966,0.812098741531372,7.40700670576189E-07,0,0,0,0,0,38
4,7825,1651.30966,0.814988553524017,3.52230199496262E-06,0,0,0,0,0,38
4,7826,1651.52966,0.816210389137268,-1.06956129286573E-07,0,0,0,0,0,38
4,7827,1651.74966,0.81861537694931,7.31247268959123E-07,0,0,0,0,0,38
4,7828,1651.96966,0.820729374885559,2.29164538723126E-06,0,0,0,0,0,38
4,7829,1652.18966,0.823017954826355,2.0237985154381E-06,0,0,0,0,0,38
4,7830,1652.40966,0.824569523334503,7.43735142805235E-07,0,0,0,0,0,38
4,7831,1652.62966,0.826722383499146,3.40700353262946E-07,0,0,0,0,0,38
4,7832,1652.84966,0.829437613487244,-3.44658155881916E-06,0,0,0,0,0,38
4,7833,1653.06966,0.83122193813324,4.3481655609412E-08,0,0,0,0,0,38
4,7834,1653.28966,0.833510518074036,-2.03771060114377E-06,0,0,0,0,0,38
4,7835,1653.50966,0.835546970367432,6.55230849133659E-07,0,0,0,0,0,38
4,7836,1653.72966,0.839678049087524,3.40773272000661E-06,0,0,0,0,0,38
4,7837,1653.94966,0.840240478515625,-1.38639700253407E-06,0,0,0,0,0,38
4,7838,1654.16966,0.842141151428223,1.44690636716405E-06,0,0,0,0,0,38
4,7839,1654.38966,0.844158232212067,-4.69998667540494E-07,0,0,0,0,0,38
4,7840,1654.60966,0.846912264823914,7.22610820957925E-07,0,0,0,0,0,38
4,7841,1654.82966,0.84834748506546,6.4116204612219E-07,0,0,0,0,0,38
4,7842,1655.04966,0.853331923484802,4.06099161409657E-06,0,0,0,0,0,38
4,7843,1655.26966,0.853428900241852,2.03178345259403E-07,0,0,0,0,0,38
4,7844,1655.48966,0.854864060878754,7.93958861322608E-07,0,0,0,0,0,38
4,7845,1655.70966,0.858762443065643,3.39929079018475E-06,0,0,0,0,0,38
4,7846,1655.92966,0.859654605388641,-3.70907619071659E-05,0,0,0,0,0,38
4,7847,1656.14966,0.859421849250793,1.85146643616463E-06,0,0,0,0,0,38
4,7848,1656.36966,0.861147999763489,-2.23886036110343E-06,0,0,0,0,0,38
4,7849,1656.58966,0.867179751396179,2.4090263650578E-07,0,0,0,0,0,38
4,7850,1656.80966,0.867470681667328,1.33309586090036E-05,0,0,0,0,0,38
4,7851,1657.02966,0.878215312957764,4.11340697610285E-05,0,0,0,0,0,38
4,7852,1657.24966,0.883897960186005,4.28767416451592E-05,0,0,0,0,0,38
4,7853,1657.46966,0.872532665729523,-5.6006451814028E-06,0,0,0,0,0,38
4,7854,1657.68966,0.877808034420013,1.48661251841986E-06,0,0,0,0,0,38
4,7855,1657.90966,0.879883289337158,-4.98519057146041E-07,0,0,0,0,0,38
4,7856,1658.12966,0.882171869277954,1.80289691797952E-06,0,0,0,0,0,38
4,7857,1658.34966,0.89099645614624,5.3854219004279E-05,0,0,0,0,0,38
4,7858,1658.56966,0.88628351688385,9.90797843769542E-08,0,0,0,0,0,38
4,7859,1658.78966,0.884305238723755,-1.53984854023292E-06,0,0,0,0,0,38
4,7860,1659.00966,0.890530943870544,-4.071909643244E-05,0,0,0,0,0,38
4,7861,1659.22966,0.890569746494293,-1.00321240097401E-05,0,0,0,0,0,38
4,7862,1659.44966,0.89200496673584,-1.22643768918351E-05,0,0,0,0,0,38
4,7863,1659.66966,0.897571265697479,-1.19772348625702E-05,0,0,0,0,0,38
4,7864,1659.88966,0.895864486694336,-7.98870951257413E-06,0,0,0,0,0,38
4,7865,1660.10966,0.901993274688721,-9.71408979921762E-08,0,0,0,0,0,38
4,7866,1660.32966,0.899704694747925,-6.75271303407499E-06,0,0,0,0,0,38
4,7867,1660.54966,0.906395852565765,-2.32589695770002E-06,0,0,0,0,0,38
4,7868,1660.76966,0.908005595207214,-4.37016497016884E-05,0,0,0,0,0,38
4,7869,1660.98966,0.922842562198639,6.12123039900325E-05,0,0,0,0,0,38
4,7870,1661.20966,0.912912487983704,1.32652758111362E-06,0,0,0,0,0,38
4,7871,1661.42966,0.920263051986694,6.39391873846762E-05,0,0,0,0,0,38
4,7872,1661.64966,0.917470216751099,-1.08760677903774E-05,0,0,0,0,0,38
4,7873,1661.86966,0.919700622558594,-4.69375618195045E-06,0,0,0,0,0,38
4,7874,1662.08966,0.921834051609039,4.60477303931839E-06,0,0,0,0,0,38
4,7875,1662.30966,0.936166763305664,6.31881048320793E-05,0,0,0,0,0,38
4,7876,1662.52966,0.924704432487488,-3.60152557732363E-06,0,0,0,0,0,38
4,7877,1662.74966,0.927827000617981,-9.17770762498549E-07,0,0,0,0,0,38
4,7878,1662.96966,0.927749454975128,-1.02675885500503E-05,0,0,0,0,0,38
4,7879,1663.18966,0.92751669883728,-1.29661259506975E-06,0,0,0,0,0,38
4,7880,1663.40966,0.946950197219849,6.55687908874825E-05,0,0,0,0,0,38
4,7881,1663.62966,0.936690390110016,4.98515134950139E-07,0,0,0,0,0,38
4,7882,1663.84966,0.93921172618866,1.64514335665444E-06,0,0,0,0,0,38
4,7883,1664.06966,0.940802097320557,-3.57354974767077E-06,0,0,0,0,0,38
4,7884,1664.28966,0.943653106689453,-1.32975474116392E-05,0,0,0,0,0,38
4,7885,1664.50966,0.945805907249451,-9.17011178103166E-08,0,0,0,0,0,38
4,7886,1664.72966,0.947784185409546,-2.06113327294588E-05,0,0,0,0,0,38
4,7887,1664.94966,0.950072765350342,2.84111797554942E-06,0,0,0,0,0,38
4,7888,1665.16966,0.95203161239624,3.96940813516267E-05,0,0,0,0,0,38
4,7889,1665.38966,0.954475343227386,7.1999193096417E-07,0,0,0,0,0,38
4,7890,1665.60966,0.955968737602234,-5.88275440804864E-07,0,0,0,0,0,38
4,7891,1665.82966,0.953718960285187,-2.61148557001434E-06,0,0,0,0,0,38
4,7892,1666.04966,0.961476862430573,4.13928319176193E-06,0,0,0,0,0,38
4,7893,1666.26966,0.96347451210022,-1.77764468389796E-06,0,0,0,0,0,38
4,7894,1666.48966,0.978873908519745,6.85742706991732E-05,0,0,0,0,0,38
4,7895,1666.70966,0.976585328578949,7.31176478439011E-05,0,0,0,0,0,38
4,7896,1666.92966,0.970534145832062,4.66733217763249E-05,0,0,0,0,0,38
4,7897,1667.14966,0.968652904033661,-1.1655510206765E-05,0,0,0,0,0,38
4,7898,1667.36966,0.973734319210052,2.018156919803E-06,0,0,0,0,0,38
4,7899,1667.58966,0.976662874221802,9.16972240361247E-08,0,0,0,0,0,38
4,7900,1667.80966,0.977942943572998,-5.04889612784609E-06,0,0,0,0,0,38
4,7901,1668.02966,0.978544175624847,-9.59771841735346E-06,0,0,0,0,0,38
4,7902,1668.24966,0.988125205039978,7.18505689292215E-05,0,0,0,0,0,38
4,7903,1668.46966,0.996329128742218,6.73130198265426E-05,0,0,0,0,0,38
4,7904,1668.68966,0.999800801277161,7.01455865055323E-05,0,0,0,0,0,38
4,7905,1668.90966,0.989657342433929,7.44859505630302E-07,0,0,0,0,0,38
4,7906,1669.12966,0.987873017787933,-1.00861334431102E-05,0,0,0,0,0,38
4,7907,1669.34966,1.01023519039154,7.34514178475365E-05,0,0,0,0,0,38
4,7908,1669.56966,0.996464908123016,1.95171378436498E-06,0,0,0,0,0,38
4,7909,1669.78966,0.993594467639923,-7.90633566793986E-06,0,0,0,0,0,38
4,7910,1670.00966,1.00104200839996,-6.85414363488235E-07,0,0,0,0,0,38
4,7911,1670.22966,0.998578906059265,-1.23770587379113E-05,0,0,0,0,0,38
4,7912,1670.44966,1.01568508148193,7.80729023972526E-05,0,0,0,0,0,38
4,7913,1670.66966,1.00779139995575,5.75449178086274E-07,0,0,0,0,0,38
4,7914,1670.88966,1.00666654109955,-1.43991028380697E-05,0,0,0,0,0,38
4,7915,1671.10966,1.01203882694244,-1.8495450149203E-07,0,0,0,0,0,38
4,7916,1671.32966,1.00899386405945,-4.41011025031912E-06,0,0,0,0,0,38
4,7917,1671.54966,1.01657724380493,-1.91519347936264E-06,0,0,0,0,0,38
4,7918,1671.76966,1.01227164268494,-9.15398777578957E-06,0,0,0,0,0,38
4,7919,1671.98966,1.02070832252502,3.67806728718278E-06,0,0,0,0,0,38
4,7920,1672.20966,1.02862131595612,7.46745936339721E-05,0,0,0,0,0,38
4,7921,1672.42966,1.02549874782562,1.66379402344319E-06,0,0,0,0,0,38
4,7922,1672.64966,1.04134428501129,6.42041777609847E-05,0,0,0,0,0,38
4,7923,1672.86966,1.02437388896942,-8.45497652335325E-06,0,0,0,0,0,38
4,7924,1673.08966,1.03191840648651,-2.57146416515752E-06,0,0,0,0,0,38
4,7925,1673.30966,1.04155766963959,7.58845562813804E-05,0,0,0,0,0,38
4,7926,1673.52966,1.0345755815506,-8.92435127752833E-06,0,0,0,0,0,38
4,7927,1673.74966,1.0385514497757,6.10807774137356E-07,0,0,0,0,0,38
4,7928,1673.96966,1.05517268180847,6.9026937126182E-05,0,0,0,0,0,38
4,7929,1674.18966,1.04287648200989,-7.00721739121946E-06,0,0,0,0,0,38
4,7930,1674.40966,1.04336130619049,-6.16443958278978E-06,0,0,0,0,0,38
4,7931,1674.62966,1.04753124713898,2.60643037108821E-06,0,0,0,0,0,38
4,7932,1674.84966,1.04966461658478,-3.46747401636094E-06,0,0,0,0,0,38
4,7933,1675.06966,1.04758942127228,-1.54415974975564E-05,0,0,0,0,0,38
4,7934,1675.28966,1.05389261245728,8.74248598847771E-07,0,0,0,0,0,38
4,7935,1675.50966,1.05592906475067,-5.93519189351355E-06,0,0,0,0,0,38
4,7936,1675.72966,1.07074666023254,7.42359115974978E-05,0,0,0,0,0,38
4,7937,1675.94966,1.05757761001587,-1.17514837256749E-05,0,0,0,0,0,38
4,7938,1676.16966,1.06258153915405,-2.63751871898421E-06,0,0,0,0,0,38
4,7939,1676.38966,1.06506407260895,4.15132808484486E-06,0,0,0,0,0,38
4,7940,1676.60966,1.06675136089325,4.75590354653832E-07,0,0,0,0,0,38
4,7941,1676.82966,1.07608020305634,7.49749451642856E-05,0,0,0,0,0,38
4,7942,1677.04966,1.07128977775574,2.61031595982786E-06,0,0,0,0,0,38
4,7943,1677.26966,1.07390797138214,2.50462881012936E-06,0,0,0,0,0,38
4,7944,1677.48966,1.07586681842804,-6.33579293207731E-06,0,0,0,0,0,38
4,7945,1677.70966,1.07144486904144,-1.09324082586681E-05,0,0,0,0,0,38
4,7946,1677.92966,1.07974576950073,1.59463104409951E-06,0,0,0,0,0,38
4,7947,1678.14966,1.08217012882233,1.04715593352012E-06,0,0,0,0,0,38
4,7948,1678.36966,1.08457505702972,2.69502106675645E-06,0,0,0,0,0,38
4,7949,1678.58966,1.08661150932312,-2.06906156563491E-06,0,0,0,0,0,38
4,7950,1678.80966,1.08899712562561,1.74888771198312E-06,0,0,0,0,0,38
4,7951,1679.02966,1.08948194980621,-5.99813802182325E-06,0,0,0,0,0,38
4,7952,1679.24966,1.0938845872879,4.76602372145862E-06,0,0,0,0,0,38
4,7953,1679.46966,1.10038185119629,-4.27100567321759E-05,0,0,0,0,0,38
4,7954,1679.68966,1.0934385061264,-1.20689337563817E-05,0,0,0,0,0,38
4,7955,1679.90966,1.09979999065399,2.06672643798811E-06,0,0,0,0,0,38
4,7956,1680.12966,1.10142910480499,-3.7056568544358E-05,0,0,0,0,0,38
4,7957,1680.34966,1.10170066356659,2.39606797549641E-05,0,0,0,0,0,38
4,7958,1680.56966,1.10513353347778,-4.03398826165358E-06,0,0,0,0,0,38
4,7959,1680.78966,1.10839176177979,1.12952977815439E-06,0,0,0,0,0,38
4,7960,1681.00966,1.11102950572968,1.67854153687585E-07,0,0,0,0,0,38
4,7961,1681.22966,1.11308538913727,-6.91629520588322E-06,0,0,0,0,0,38
4,7962,1681.44966,1.11395812034607,3.59717159881257E-05,0,0,0,0,0,38
4,7963,1681.66966,1.11314356327057,-1.38081095428788E-05,0,0,0,0,0,38
4,7964,1681.88966,1.11993169784546,9.90815351542551E-07,0,0,0,0,0,38
4,7965,1682.10966,1.12198746204376,-3.2984521567414E-06,0,0,0,0,0,38
4,7966,1682.32966,1.13593232631683,7.29307575966232E-05,0,0,0,0,0,38
4,7967,1682.54966,1.12101781368256,-1.33838066176395E-05,0,0,0,0,0,38
4,7968,1682.76966,1.12794172763824,-1.03550314634049E-06,0,0,0,0,0,38
4,7969,1682.98966,1.13087034225464,-2.59594321505574E-06,0,0,0,0,0,38
4,7970,1683.20966,1.13335275650024,-7.31506806914695E-05,0,0,0,0,0,38
4,7971,1683.42966,1.13160729408264,-1.05761018858175E-05,0,0,0,0,0,38
4,7972,1683.64966,1.13670814037323,-2.96001835522475E-05,0,0,0,0,0,38
4,7973,1683.86966,1.14995467662811,7.39242968847975E-05,0,0,0,0,0,38
4,7974,1684.08966,1.14114952087402,3.86014617106412E-05,0,0,0,0,0,38
4,7975,1684.30966,1.13856995105743,-1.09184202301549E-05,0,0,0,0,0,38
4,7976,1684.52966,1.14652180671692,1.28572924040782E-06,0,0,0,0,0,38
4,7977,1684.74966,1.154745221138,7.5678231951315E-05,0,0,0,0,0,38
4,7978,1684.96966,1.14687097072601,-1.4255337191571E-05,0,0,0,0,0,38
4,7979,1685.18966,1.1530385017395,1.86623151421372E-06,0,0,0,0,0,38
4,7980,1685.40966,1.15032315254211,-1.47161645145388E-05,0,0,0,0,0,38
4,7981,1685.62966,1.1569561958313,-5.64184972517978E-07,0,0,0,0,0,38
4,7982,1685.84966,1.1583137512207,-6.01515494054183E-05,0,0,0,0,0,38
4,7983,1686.06966,1.1561416387558,2.2703295599058E-06,0,0,0,0,0,38
4,7984,1686.28966,1.16071879863739,-1.42157041409519E-05,0,0,0,0,0,38
4,7985,1686.50966,1.16614925861359,2.94019969260262E-06,0,0,0,0,0,38
4,7986,1686.72966,1.16826331615448,-1.11554390969104E-05,0,0,0,0,0,38
4,7987,1686.94966,1.16791415214539,2.48291016760049E-05,0,0,0,0,0,38
4,7988,1687.16966,1.17202591896057,2.86948261418729E-06,0,0,0,0,0,38
4,7989,1687.38966,1.17462480068207,1.45436240472918E-06,0,0,0,0,0,38
4,7990,1687.60966,1.17699086666107,-4.72989177069394E-06,0,0,0,0,0,38
4,7991,1687.82966,1.18548583984375,7.22426266293041E-05,0,0,0,0,0,38
4,7992,1688.04966,1.17778611183167,-1.13322321340092E-05,0,0,0,0,0,38
4,7993,1688.26966,1.17858123779297,-9.48620345297968E-06,0,0,0,0,0,38
4,7994,1688.48966,1.18556332588196,2.00067188416142E-06,0,0,0,0,0,38
4,7995,1688.70966,1.18247961997986,3.3027049539669E-07,0,0,0,0,0,38
4,7996,1688.92966,1.18984961509705,1.27756948131719E-06,0,0,0,0,0,38
4,7997,1689.14966,1.19272005558014,-2.36514119933418E-06,0,0,0,0,0,38
4,7998,1689.36966,1.18858897686005,-6.76942090649391E-06,0,0,0,0,0,38
4,7999,1689.58966,1.19361221790314,-1.28079664136749E-05,0,0,0,0,0,38
4,8000,1689.80966,1.19869363307953,5.96819745624089E-07,0,0,0,0,0,38
4,8001,1690.02966,1.19851911067963,-1.50021594436112E-06,0,0,0,0,0,38
4,8002,1690.24966,1.19729721546173,-5.18255910719745E-06,0,0,0,0,0,38
4,8003,1690.46966,1.19890689849854,7.08477091393434E-05,0,0,0,0,0,38
4,8004,1690.68966,1.19275879859924,2.97050723929715E-06,0,0,0,0,0,38
4,8005,1690.90966,1.19048964977264,1.69565555552254E-06,0,0,0,0,0,38
4,8006,1691.12966,1.19400012493134,7.29222083464265E-05,0,0,0,0,0,38
4,8007,1691.34966,1.18529188632965,-1.4465952062892E-06,0,0,0,0,0,38
4,8008,1691.56966,1.19780147075653,5.84737608733121E-05,0,0,0,0,0,38
4,8009,1691.78966,1.18114137649536,-1.51150146621148E-07,0,0,0,0,0,38
4,8010,1692.00966,1.17966735363007,9.24743375207981E-08,0,0,0,0,0,38
4,8011,1692.22966,1.17664182186127,-1.20491347388452E-06,0,0,0,0,0,38
4,8012,1692.44966,1.17540049552917,2.00339172806707E-06,0,0,0,0,0,38
4,8013,1692.66966,1.17293739318848,-1.53662185766734E-05,0,0,0,0,0,38
4,8014,1692.88966,1.17113375663757,2.64955997408833E-06,0,0,0,0,0,38
4,8015,1693.10966,1.16659533977509,-9.94003676169086E-06,0,0,0,0,0,38
4,8016,1693.32966,1.16611051559448,4.18039380747359E-05,0,0,0,0,0,38
4,8017,1693.54966,1.16021454334259,-5.91110119785299E-06,0,0,0,0,0,38
4,8018,1693.76966,1.1616884469986,2.66158764361535E-07,0,0,0,0,0,38
4,8019,1693.98966,1.15963268280029,9.79935748546268E-07,0,0,0,0,0,38
4,8020,1694.20966,1.1578289270401,2.15257969671256E-07,0,0,0,0,0,38
4,8021,1694.42966,1.1596714258194,-4.67836762254592E-05,0,0,0,0,0,38
4,8022,1694.64966,1.15356206893921,1.19364142392442E-06,0,0,0,0,0,38
4,8023,1694.86966,1.15100204944611,3.38818722411816E-07,0,0,0,0,0,38
4,8024,1695.08966,1.14355444908142,-8.56378903790755E-07,0,0,0,0,0,38
4,8025,1695.30966,1.14242959022522,-1.25942615341046E-05,0,0,0,0,0,38
4,8026,1695.52966,1.13884150981903,-1.17577001219615E-05,0,0,0,0,0,38
4,8027,1695.74966,1.14204168319702,-2.79760365629045E-06,0,0,0,0,0,38
4,8028,1695.96966,1.13977241516113,-2.41712805291172E-05,0,0,0,0,0,38
4,8029,1696.18966,1.13804638385773,-8.32519890536787E-06,0,0,0,0,0,38
4,8030,1696.40966,1.14434957504272,7.91985512478277E-05,0,0,0,0,0,38
4,8031,1696.62966,1.13360488414764,-9.90856369753601E-06,0,0,0,0,0,38
4,8032,1696.84966,1.12660348415375,-9.95091613731347E-06,0,0,0,0,0,38
4,8033,1697.06966,1.12445068359375,-1.70719777088379E-05,0,0,0,0,0,38
4,8034,1697.28966,1.12239480018616,-1.06782927105087E-05,0,0,0,0,0,38
4,8035,1697.50966,1.12406277656555,-3.66528583981562E-05,0,0,0,0,0,38
4,8036,1697.72966,1.12163841724396,-5.31746409251355E-05,0,0,0,0,0,38
4,8037,1697.94966,1.13496255874634,7.30753017705865E-05,0,0,0,0,0,38
4,8038,1698.16966,1.12889206409454,7.45215002098121E-05,0,0,0,0,0,38
4,8039,1698.38966,1.11007916927338,-1.33783669298282E-05,0,0,0,0,0,38
4,8040,1698.60966,1.11327922344208,-1.19714241009206E-06,0,0,0,0,0,38
4,8041,1698.82966,1.11101007461548,2.86363672330481E-07,0,0,0,0,0,38
4,8042,1699.04966,1.10895431041718,-3.62135949671938E-07,0,0,0,0,0,38
4,8043,1699.26966,1.10693717002869,-2.78596445468793E-07,0,0,0,0,0,38
4,8044,1699.48966,1.10222434997559,-1.55488396558212E-05,0,0,0,0,0,38
4,8045,1699.70966,1.10018789768219,-9.25384665606543E-06,0,0,0,0,0,38
4,8046,1699.92966,1.0972204208374,-1.50658643178758E-05,0,0,0,0,0,38
4,8047,1700.14966,1.0932639837265,-1.04043601822923E-05,0,0,0,0,0,38
4,8048,1700.36966,1.08977293968201,-1.14118856799905E-05,0,0,0,0,0,38
4,8049,1700.58966,1.08979225158691,-7.68019617680693E-06,0,0,0,0,0,38
4,8050,1700.80966,1.09339964389801,-7.63395582907833E-05,0,0,0,0,0,38
4,8051,1701.02966,1.08350837230682,-1.13730302473414E-05,0,0,0,0,0,38
4,8052,1701.24966,1.08189857006073,-1.39965586640756E-05,0,0,0,0,0,38
4,8053,1701.46966,1.08459448814392,8.39278584408021E-07,0,0,0,0,0,38
4,8054,1701.68966,1.08176290988922,-7.98948622104945E-06,0,0,0,0,0,38
4,8055,1701.90966,1.07889246940613,2.89031104330206E-05,0,0,0,0,0,38
4,8056,1702.12966,1.07862091064453,-3.09484880745003E-06,0,0,0,0,0,38
4,8057,1702.34966,1.07640993595123,-1.58144160877782E-07,0,0,0,0,0,38
4,8058,1702.56966,1.07363653182983,2.14869416481633E-07,0,0,0,0,0,38
4,8059,1702.78966,1.06839990615845,-1.71656192833325E-05,0,0,0,0,0,38
4,8060,1703.00966,1.06403613090515,-1.55154230014887E-05,0,0,0,0,0,38
4,8061,1703.22966,1.07478082180023,8.21418580017053E-05,0,0,0,0,0,38
4,8062,1703.44966,1.06541311740875,-1.24765460896015E-06,0,0,0,0,0,38
4,8063,1703.66966,1.06293058395386,-1.82234614953813E-07,0,0,0,0,0,38
4,8064,1703.88966,1.05732548236847,-1.05158760561608E-05,0,0,0,0,0,38
4,8065,1704.10966,1.06308579444885,7.50036997487769E-05,0,0,0,0,0,38
4,8066,1704.32966,1.05635583400726,-7.31652505692182E-07,0,0,0,0,0,38
4,8067,1704.54966,1.04900515079498,-1.52096299643745E-05,0,0,0,0,0,38
4,8068,1704.76966,1.04656147956848,-1.3559045328293E-05,0,0,0,0,0,38
4,8069,1704.98966,1.05850863456726,7.51968109398149E-05,0,0,0,0,0,38
4,8070,1705.20966,1.04720151424408,-4.75747729069553E-05,0,0,0,0,0,38
4,8071,1705.42966,1.04586327075958,-1.42483611398347E-06,0,0,0,0,0,38
4,8072,1705.64966,1.04308974742889,-1.54812314576702E-05,0,0,0,0,0,38
4,8073,1705.86966,1.0411890745163,-8.09785269666463E-05,0,0,0,0,0,38
4,8074,1706.08966,1.03913331031799,5.32301989153439E-08,0,0,0,0,0,38
4,8075,1706.30966,1.0362823009491,-3.25726523442427E-06,0,0,0,0,0,38
4,8076,1706.52966,1.03426516056061,-2.4929759092629E-06,0,0,0,0,0,38
4,8077,1706.74966,1.02654612064362,-7.44006820241339E-06,0,0,0,0,0,38
4,8078,1706.96966,1.0370386838913,7.57730449549854E-05,0,0,0,0,0,38
4,8079,1707.18966,1.02714729309082,-6.13304291618988E-05,0,0,0,0,0,38
4,8080,1707.40966,1.02598369121552,-6.73872500556172E-06,0,0,0,0,0,38
4,8081,1707.62966,1.02353990077972,-9.25930407902342E-07,0,0,0,0,0,38
4,8082,1707.84966,1.02111554145813,-1.45397598316777E-05,0,0,0,0,0,38
4,8083,1708.06966,1.01904034614563,-8.01746227807598E-06,0,0,0,0,0,38
4,8084,1708.28966,1.01661598682404,-1.54258600559842E-07,0,0,0,0,0,38
4,8085,1708.50966,1.01306676864624,-8.89132388692815E-06,0,0,0,0,0,38
4,8086,1708.72966,1.02769041061401,6.86344938003458E-05,0,0,0,0,0,38
4,8087,1708.94966,1.00975024700165,-4.55814843007829E-05,0,0,0,0,0,38
4,8088,1709.16966,1.00829565525055,-7.86320561019238E-06,0,0,0,0,0,38
4,8089,1709.38966,1.00509560108185,-7.15727583155967E-05,0,0,0,0,0,38
4,8090,1709.60966,1.00296211242676,-7.72507264628075E-05,0,0,0,0,0,38
4,8091,1709.82966,1.00623989105225,6.99882220942527E-05,0,0,0,0,0,38
4,8092,1710.04966,0.994409084320068,-1.36130547616631E-05,0,0,0,0,0,38
4,8093,1710.26966,0.994603037834167,-1.41403243105742E-05,0,0,0,0,0,38
4,8094,1710.48966,0.994641780853271,-1.25931126149226E-06,0,0,0,0,0,38
4,8095,1710.70966,0.993051409721375,-1.06596417026594E-05,0,0,0,0,0,38
4,8096,1710.92966,1.00802421569824,7.79159236117266E-05,0,0,0,0,0,38
4,8097,1711.14966,0.981977045536041,-1.44931336762966E-05,0,0,0,0,0,38
4,8098,1711.36966,0.984284996986389,-9.35525986278662E-06,0,0,0,0,0,38
4,8099,1711.58966,0.984013497829437,1.0145172382181E-06,0,0,0,0,0,38
4,8100,1711.80966,0.978330850601196,-1.95661177713191E-05,0,0,0,0,0,38
4,8101,1712.02966,0.979630291461945,3.81559857487446E-07,0,0,0,0,0,38
4,8102,1712.24966,0.985623240470886,7.2554248617962E-05,0,0,0,0,0,38
4,8103,1712.46966,0.9749755859375,3.70680282912872E-07,0,0,0,0,0,38
4,8104,1712.68966,0.972764551639557,2.30023090352915E-07,0,0,0,0,0,38
4,8105,1712.90966,0.965821266174316,-1.50355572259286E-05,0,0,0,0,0,38
4,8106,1713.12966,0.985177159309387,7.54870634409599E-05,0,0,0,0,0,38
4,8107,1713.34966,0.965957045555115,-1.55035706939088E-07,0,0,0,0,0,38
4,8108,1713.56966,0.959188282489777,3.10222753796552E-06,0,0,0,0,0,38
4,8109,1713.78966,0.961748361587524,-2.12112809094833E-06,0,0,0,0,0,38
4,8110,1714.00966,0.959886491298676,6.36452455182734E-07,0,0,0,0,0,38
4,8111,1714.22966,0.960584700107574,-6.5334104874637E-05,0,0,0,0,0,38
4,8112,1714.44966,0.962194442749023,6.61683297948912E-05,0,0,0,0,0,38
4,8113,1714.66966,0.949180603027344,-9.97578354144935E-06,0,0,0,0,0,38
4,8114,1714.88966,0.946581721305847,-1.28681931528263E-05,0,0,0,0,0,38
4,8115,1715.10966,0.948889672756195,3.05791473920181E-07,0,0,0,0,0,38
4,8116,1715.32966,0.944525837898254,-1.19865599117475E-05,0,0,0,0,0,38
4,8117,1715.54966,0.944370687007904,5.04927966105129E-09,0,0,0,0,0,38
4,8118,1715.76966,0.94053053855896,-7.0383016463893E-06,0,0,0,0,0,38
4,8119,1715.98966,0.949626684188843,6.95033086230978E-05,0,0,0,0,0,38
4,8120,1716.20966,0.936864972114563,-4.83441317555844E-06,0,0,0,0,0,38
4,8121,1716.42966,0.934479415416718,-8.4262228483567E-06,0,0,0,0,0,38
4,8122,1716.64966,0.928835511207581,-8.02834165369859E-06,0,0,0,0,0,38
4,8123,1716.86966,0.931104719638824,-2.14498359127901E-05,0,0,0,0,0,38
4,8124,1717.08966,0.928641557693481,-3.10308460029773E-05,0,0,0,0,0,38
4,8125,1717.30966,0.938009262084961,5.9259808040224E-05,0,0,0,0,0,38
4,8126,1717.52966,0.922861933708191,-8.87306214281125E-06,0,0,0,0,0,38
4,8127,1717.74966,0.922163724899292,-2.04555217351299E-05,0,0,0,0,0,38
4,8128,1717.96966,0.920553982257843,-2.25051712732238E-06,0,0,0,0,0,38
4,8129,1718.18966,0.913998603820801,-1.22779765661107E-05,0,0,0,0,0,38
4,8130,1718.40966,0.916093230247498,-1.18330799523392E-05,0,0,0,0,0,38
4,8131,1718.62966,0.913436114788055,-1.55336856551003E-05,0,0,0,0,0,38
4,8132,1718.84966,0.906066119670868,-1.14282047434244E-05,0,0,0,0,0,38
4,8133,1719.06966,0.909169316291809,-3.20170170198253E-06,0,0,0,0,0,38
4,8134,1719.28966,0.905290365219116,-8.70598341862205E-06,0,0,0,0,0,38
4,8135,1719.50966,0.900752007961273,-1.04307828223682E-05,0,0,0,0,0,38
4,8136,1719.72966,0.900868356227875,-1.06402139863349E-05,0,0,0,0,0,38
4,8137,1719.94966,0.912505209445953,5.54896505491342E-05,0,0,0,0,0,38
4,8138,1720.16966,0.90492182970047,6.23095838818699E-05,0,0,0,0,0,38
4,8139,1720.38966,0.894060790538788,-9.52467053139117E-06,0,0,0,0,0,38
4,8140,1720.60966,0.893866837024689,-5.21443837442348E-07,0,0,0,0,0,38
4,8141,1720.82966,0.891520082950592,-4.44741181127029E-06,0,0,0,0,0,38
4,8142,1721.04966,0.888882398605347,-4.04568199883215E-05,0,0,0,0,0,38
4,8143,1721.26966,0.882656693458557,-5.1095107664878E-06,0,0,0,0,0,38
4,8144,1721.48966,0.885042250156403,-5.09124856762355E-06,0,0,0,0,0,38
4,8145,1721.70966,0.882656693458557,-8.3112280435671E-07,0,0,0,0,0,38
4,8146,1721.92966,0.878351092338562,-7.6549395089387E-06,0,0,0,0,0,38
4,8147,1722.14966,0.885973215103149,5.18026463396382E-05,0,0,0,0,0,38
4,8148,1722.36966,0.880115985870361,4.59952898381744E-05,0,0,0,0,0,38
4,8149,1722.58966,0.873987257480621,-3.20325602842786E-06,0,0,0,0,0,38
4,8150,1722.80966,0.882540345191956,4.60426963400096E-05,0,0,0,0,0,38
4,8151,1723.02966,0.869759202003479,-5.31427940586582E-06,0,0,0,0,0,38
4,8152,1723.24966,0.867587029933929,-5.13904114995967E-06,0,0,0,0,0,38
4,8153,1723.46966,0.861981928348541,-1.16042210720479E-05,0,0,0,0,0,38
4,8154,1723.68966,0.860333383083344,-8.57115446706302E-06,0,0,0,0,0,38
4,8155,1723.90966,0.858529686927795,-1.42289154609898E-05,0,0,0,0,0,38
4,8156,1724.12966,0.858238756656647,-1.1882056014656E-06,0,0,0,0,0,38
4,8157,1724.34966,0.862195312976837,-3.03978886222467E-05,0,0,0,0,0,38
4,8158,1724.56966,0.854340434074402,2.21457341353926E-08,0,0,0,0,0,38
4,8159,1724.78966,0.851508796215057,-3.48146181750053E-06,0,0,0,0,0,38
4,8160,1725.00966,0.852245807647705,3.10331743094139E-05,0,0,0,0,0,38
4,8161,1725.22966,0.847067415714264,-2.69152792498062E-06,0,0,0,0,0,38
4,8162,1725.44966,0.843091487884521,-5.4805814215797E-06,0,0,0,0,0,38
4,8163,1725.66966,0.840298652648926,-7.68213885748992E-06,0,0,0,0,0,38
4,8164,1725.88966,0.840880513191223,-2.23575193558645E-06,0,0,0,0,0,38
4,8165,1726.10966,0.838320374488831,-2.59166736213956E-05,0,0,0,0,0,38
4,8166,1726.32966,0.843169093132019,1.56634596351068E-05,0,0,0,0,0,38
4,8167,1726.54966,0.834616005420685,-3.66447170563333E-06,0,0,0,0,0,38
4,8168,1726.76966,0.831706821918488,5.89827504882123E-06,0,0,0,0,0,38
4,8169,1726.98966,0.830097019672394,-1.38092923407385E-06,0,0,0,0,0,38
4,8170,1727.20966,0.827439963817596,-2.03137165044609E-06,0,0,0,0,0,38
4,8171,1727.42966,0.823386490345001,-3.02452031064604E-06,0,0,0,0,0,38
4,8172,1727.64966,0.826644778251648,1.18653260869905E-05,0,0,0,0,0,38
4,8173,1727.86966,0.823735594749451,1.16827050078427E-05,0,0,0,0,0,38
4,8174,1728.08966,0.817703783512115,-6.49626645099488E-06,0,0,0,0,0,38
4,8175,1728.30966,0.816772878170013,-1.29816692151508E-06,0,0,0,0,0,38
4,8176,1728.52966,0.815473437309265,7.27609403838869E-06,0,0,0,0,0,38
4,8177,1728.74966,0.810682952404022,-4.33162222179817E-06,0,0,0,0,0,38
4,8178,1728.96966,0.810081660747528,-1.13031080672954E-06,0,0,0,0,0,38
4,8179,1729.18966,0.808297395706177,-8.10529343198141E-07,0,0,0,0,0,38
4,8180,1729.40966,0.805698454380035,-4.77923822472803E-06,0,0,0,0,0,38
4,8181,1729.62966,0.803448677062988,-3.24055736200535E-06,0,0,0,0,0,38
4,8182,1729.84966,0.801257073879242,2.40115610949942E-07,0,0,0,0,0,38
4,8183,1730.06966,0.799162447452545,-4.91728258111834E-08,0,0,0,0,0,38
4,8184,1730.28966,0.797455728054047,6.3098633518166E-07,0,0,0,0,0,38
4,8185,1730.50966,0.794992625713348,2.3508225410751E-07,0,0,0,0,0,38
4,8186,1730.72966,0.793324649333954,5.91342200095824E-07,0,0,0,0,0,38
4,8187,1730.94966,0.790745139122009,-5.93458196362917E-07,0,0,0,0,0,38
4,8188,1731.16966,0.788340210914612,-4.05993318963738E-07,0,0,0,0,0,38
4,8189,1731.38966,0.785993456840515,-3.02978548916144E-07,0,0,0,0,0,38
4,8190,1731.60966,0.78366607427597,-2.01513088882166E-07,0,0,0,0,0,38
4,8191,1731.82966,0.781668424606323,-9.32547266074835E-08,0,0,0,0,0,38
4,8192,1732.04966,0.779476821422577,-5.09674009663286E-08,0,0,0,0,0,38
4,8193,1732.26966,0.777110695838928,-4.47584085350172E-08,0,0,0,0,0,38
4,8194,1732.48966,0.775132417678833,-1.9996400979494E-08,0,0,0,0,0,38
4,8195,1732.70966,0.77276623249054,-1.29935318060603E-09,0,0,0,0,0,38
4,8196,1732.92966,0.770865559577942,1.54980153155293E-08,0,0,0,0,0,38
4,8197,1733.14966,0.768480002880096,8.93088714093437E-09,0,0,0,0,0,38
4,8198,1733.36966,0.766501784324646,1.01571142607781E-08,0,0,0,0,0,38
4,8199,1733.58966,0.764290750026703,9.40191391407552E-09,0,0,0,0,0,38
4,8200,1733.80966,0.761808216571808,-5.70987879200402E-09,0,0,0,0,0,38
4,8201,1734.02966,0.759926974773407,-3.42870665193118E-09,0,0,0,0,0,38
4,8202,1734.24966,0.757521986961365,-2.43913564901277E-08,0,0,0,0,0,38
4,8203,1734.46966,0.755369186401367,-1.19577991952724E-08,0,0,0,0,0,38
4,8204,1734.68966,0.753235757350922,-7.04510449978102E-09,0,0,0,0,0,38
4,8205,1734.90966,0.750792026519775,7.65405339109293E-09,0,0,0,0,0,38
4,8206,1735.12966,0.748678028583527,-4.82232387355452E-09,0,0,0,0,0,38
4,8207,1735.34966,0.746699750423431,-1.92100593210398E-08,0,0,0,0,0,38
4,8208,1735.56966,0.744178414344788,-1.13310614224815E-08,0,0,0,0,0,38
4,8209,1735.78966,0.74227774143219,2.67128785758075E-09,0,0,0,0,0,38
4,8210,1736.00966,0.739814639091492,-3.21460347230129E-09,0,0,0,0,0,38
4,8211,1736.22966,0.737778186798096,4.71864158857471E-10,0,0,0,0,0,38
4,8212,1736.44966,0.735702931880951,-1.38419071760154E-08,0,0,0,0,0,38
4,8213,1736.66966,0.733491957187653,-1.55002339852217E-08,0,0,0,0,0,38
4,8214,1736.88966,0.731184005737305,-8.81242900874213E-09,0,0,0,0,0,38
4,8215,1737.10966,0.728992402553558,-4.84568074554659E-09,0,0,0,0,0,38
4,8216,1737.32966,0.726684391498566,-1.15921294785437E-09,0,0,0,0,0,38
4,8217,1737.54966,0.724357068538666,-2.89225585703434E-08,0,0,0,0,0,38
4,8218,1737.76966,0.722456336021423,-3.76540754132293E-08,0,0,0,0,0,38
4,8219,1737.98966,0.720090210437775,-1.52513468520965E-09,0,0,0,0,0,38
4,8220,1738.20966,0.717976212501526,-2.78831837619009E-08,0,0,0,0,0,38
4,8221,1738.42966,0.715803980827332,6.35775565527297E-09,0,0,0,0,0,38
4,8222,1738.64966,0.713806331157684,-1.73181646800913E-08,0,0,0,0,0,38
4,8223,1738.86966,0.711459577083588,-6.22372642311575E-09,0,0,0,0,0,38
4,8224,1739.08966,0.709306716918945,-3.13127266338142E-08,0,0,0,0,0,38
4,8225,1739.30966,0.706707835197449,-1.47995331545303E-08,0,0,0,0,0,38
4,8226,1739.52966,0.704535663127899,-2.99502538325669E-08,0,0,0,0,0,38
4,8227,1739.74966,0.702634990215302,8.9228496813476E-10,0,0,0,0,0,38
4,8228,1739.96966,0.700346410274506,-3.73309738677108E-08,0,0,0,0,0,38
4,8229,1740.18966,0.698503911495209,-7.01396185576186E-09,0,0,0,0,0,38
4,8230,1740.40966,0.696021378040314,-2.28264553925328E-08,0,0,0,0,0,38
4,8231,1740.62966,0.693926751613617,-4.03206321664129E-08,0,0,0,0,0,38
4,8232,1740.84966,0.69142484664917,-3.92309029706439E-09,0,0,0,0,0,38
4,8233,1741.06966,0.689562916755676,-3.39909647095737E-08,0,0,0,0,0,38
4,8234,1741.28966,0.686905860900879,-3.21769277888961E-08,0,0,0,0,0,38
4,8235,1741.50966,0.684966385364532,-5.03679125074541E-08,0,0,0,0,0,38
4,8236,1741.72966,0.682677805423737,-2.53373020342451E-08,0,0,0,0,0,38
4,8237,1741.94966,0.680621981620789,1.48790624265871E-08,0,0,0,0,0,38
4,8238,1742.16966,0.678333401679993,-4.71485783748449E-08,0,0,0,0,0,38
4,8239,1742.38966,0.676393926143646,-1.34175941468584E-08,0,0,0,0,0,38
4,8240,1742.60966,0.674085915088654,-4.2189171267637E-08,0,0,0,0,0,38
4,8241,1742.82966,0.671661615371704,-3.26245981341344E-08,0,0,0,0,0,38
4,8242,1743.04966,0.669431209564209,8.70899796723279E-09,0,0,0,0,0,38
4,8243,1743.26966,0.667394757270813,3.12871542007542E-08,0,0,0,0,0,38
4,8244,1743.48966,0.665125608444214,-9.64937818537237E-09,0,0,0,0,0,38
4,8245,1743.70966,0.662972748279572,-3.41727979247253E-10,0,0,0,0,0,38
4,8246,1743.92966,0.660742402076721,1.93908018530919E-08,0,0,0,0,0,38
4,8247,1744.14966,0.658647775650024,-3.72141890636613E-08,0,0,0,0,0,38
4,8248,1744.36966,0.656533718109131,-2.31184156262998E-08,0,0,0,0,0,38
4,8249,1744.58966,0.654148161411285,-3.10402334946502E-08,0,0,0,0,0,38
4,8250,1744.80966,0.651840209960938,-2.24916760771521E-08,0,0,0,0,0,38
4,8251,1745.02966,0.649764955043793,-2.87162400525176E-08,0,0,0,0,0,38
4,8252,1745.24966,0.647321224212646,-2.58083296955647E-08,0,0,0,0,0,38
4,8253,1745.46966,0.645498156547546,-2.97517210867682E-08,0,0,0,0,0,38
4,8254,1745.68966,0.642860472202301,-4.63622349400339E-08,0,0,0,0,0,38
4,8255,1745.90966,0.640785217285156,-5.63238735651339E-08,0,0,0,0,0,38
4,8256,1746.12966,0.63859361410141,-3.30216600730182E-08,0,0,0,0,0,38
4,8257,1746.34966,0.636692941188812,-3.09974126366797E-08,0,0,0,0,0,38
4,8258,1746.56966,0.634346187114716,-2.22697877916289E-08,0,0,0,0,0,38
4,8259,1746.78966,0.632251560688019,-3.44035981925117E-08,0,0,0,0,0,38
4,8260,1747.00966,0.629962980747223,1.4088826993941E-08,0,0,0,0,0,38
4,8261,1747.22966,0.627790749073029,-1.36161260044787E-08,0,0,0,0,0,38
4,8262,1747.44966,0.625443994998932,-6.9349134435015E-08,0,0,0,0,0,38
4,8263,1747.66966,0.623271763324738,-3.30411253912644E-08,0,0,0,0,0,38
4,8264,1747.88966,0.621041417121887,-1.82368626866491E-08,0,0,0,0,0,38
4,8265,1748.10966,0.619140684604645,4.16222478705208E-09,0,0,0,0,0,38
4,8266,1748.32966,0.616561233997345,-6.92330012763698E-11,0,0,0,0,0,38
4,8267,1748.54966,0.614563584327698,-6.95632351721542E-08,0,0,0,0,0,38
4,8268,1748.76966,0.612410724163055,-4.29988702421724E-08,0,0,0,0,0,38
4,8269,1748.98966,0.610180377960205,-6.6402545684241E-09,0,0,0,0,0,38
4,8270,1749.20966,0.607736647129059,-5.33848201200726E-08,0,0,0,0,0,38
4,8271,1749.42966,0.605603218078613,-3.22898188187537E-08,0,0,0,0,0,38
4,8272,1749.64966,0.603566765785217,-3.86973404431501E-08,0,0,0,0,0,38
4,8273,1749.86966,0.601258754730225,-6.6445117852254E-08,0,0,0,0,0,38
4,8274,1750.08966,0.599280536174774,-3.61514587154943E-08,0,0,0,0,0,38
4,8275,1750.30966,0.596875548362732,-5.37779918374781E-08,0,0,0,0,0,38
4,8276,1750.52966,0.594509422779083,-2.29004193386118E-08,0,0,0,0,0,38
4,8277,1750.74966,0.592453598976135,-2.17364757304495E-08,0,0,0,0,0,38
4,8278,1750.96966,0.590281367301941,4.75756933848714E-10,0,0,0,0,0,38
4,8279,1751.18966,0.588206112384796,-5.96405271835465E-08,0,0,0,0,0,38
4,8280,1751.40966,0.585704207420349,-2.30055245964422E-08,0,0,0,0,0,38
4,8281,1751.62966,0.583706557750702,-5.08973307944416E-08,0,0,0,0,0,38
4,8282,1751.84966,0.581670105457306,-9.25501311144217E-08,0,0,0,0,0,38
4,8283,1752.06966,0.579090595245361,-5.76357415127404E-08,0,0,0,0,0,38
4,8284,1752.28966,0.576957225799561,-4.39448157862898E-08,0,0,0,0,0,38
4,8285,1752.50966,0.574978947639465,-7.0645434391281E-08,0,0,0,0,0,38
4,8286,1752.72966,0.572632193565369,-3.58244669484975E-08,0,0,0,0,0,38
4,8287,1752.94966,0.570518136024475,-1.19071934534531E-08,0,0,0,0,0,38
4,8288,1753.16966,0.568307161331177,-5.88191504391489E-08,0,0,0,0,0,38
4,8289,1753.38966,0.566096186637878,-6.36968096046076E-08,0,0,0,0,0,38
4,8290,1753.60966,0.563826978206635,-3.96822166237598E-08,0,0,0,0,0,38
4,8291,1753.82966,0.561771154403687,-9.52789775965357E-08,0,0,0,0,0,38
4,8292,1754.04966,0.559637725353241,-7.37129468575404E-08,0,0,0,0,0,38
4,8293,1754.26966,0.557329773902893,-7.5900693730091E-08,0,0,0,0,0,38
4,8294,1754.48966,0.555196344852448,-4.96438552488598E-08,0,0,0,0,0,38
4,8295,1754.70966,0.552907764911652,-5.56659927042347E-08,0,0,0,0,0,38
4,8296,1754.92966,0.550677359104156,-5.20846299423283E-08,0,0,0,0,0,38
4,8297,1755.14966,0.548563361167908,-1.07895495204957E-07,0,0,0,0,0,38
4,8298,1755.36966,0.546468734741211,-6.63361205965884E-08,0,0,0,0,0,38
4,8299,1755.58966,0.544335305690765,-6.24900451384747E-08,0,0,0,0,0,38
4,8300,1755.80966,0.541930377483368,-2.91483388537017E-08,0,0,0,0,0,38
4,8301,1756.02966,0.539661169052124,-8.32775199910429E-08,0,0,0,0,0,38
4,8302,1756.24966,0.537547171115875,-8.43713934273183E-08,0,0,0,0,0,38
4,8303,1756.46966,0.53547191619873,-6.65696830992601E-08,0,0,0,0,0,38
4,8304,1756.68966,0.533144533634186,-3.45904531684482E-08,0,0,0,0,0,38
4,8305,1756.90966,0.531069278717041,-1.06782160003149E-07,0,0,0,0,0,38
4,8306,1757.12966,0.528703153133392,-5.80717340881165E-08,0,0,0,0,0,38
4,8307,1757.34966,0.526724874973297,-3.5773858542143E-08,0,0,0,0,0,38
4,8308,1757.56966,0.524416923522949,-4.4166704071813E-08,0,0,0,0,0,38
4,8309,1757.78966,0.522244691848755,-5.68455078564512E-08,0,0,0,0,0,38
4,8310,1758.00966,0.519956111907959,-1.08004492460623E-07,0,0,0,0,0,38
4,8311,1758.22966,0.517725765705109,-9.18533231697438E-08,0,0,0,0,0,38
4,8312,1758.44966,0.515534162521362,-8.87274183014597E-08,0,0,0,0,0,38
4,8313,1758.66966,0.513342559337616,-2.50363655140973E-07,0,0,0,0,0,38
4,8314,1758.88966,0.51120913028717,-7.98401913471025E-08,0,0,0,0,0,38
4,8315,1759.10966,0.508765399456024,-8.39353972992285E-08,0,0,0,0,0,38
4,8316,1759.32966,0.506670773029327,-9.40877882271707E-08,0,0,0,0,0,38
4,8317,1759.54966,0.504479169845581,-7.43513624001935E-08,0,0,0,0,0,38
4,8318,1759.76966,0.502365112304688,-7.43941868108777E-08,0,0,0,0,0,38
4,8319,1759.98966,0.500134706497192,-2.16041211587026E-08,0,0,0,0,0,38
4,8320,1760.20966,0.498001307249069,-5.21274508002989E-08,0,0,0,0,0,38
4,8321,1760.42966,0.496003657579422,-2.87940959964317E-08,0,0,0,0,0,38
4,8322,1760.64966,0.49357932806015,-7.54646976020013E-08,0,0,0,0,0,38
4,8323,1760.86966,0.491445899009705,-8.68316334390329E-08,0,0,0,0,0,38
4,8324,1761.08966,0.489176720380783,-7.44837151955835E-08,0,0,0,0,0,38
4,8325,1761.30966,0.486965715885162,-9.49792351434553E-08,0,0,0,0,0,38
4,8326,1761.52966,0.48473533987999,-7.05091807162717E-08,0,0,0,0,0,38
4,8327,1761.74966,0.48233038187027,-7.94587009522729E-08,0,0,0,0,0,38
4,8328,1761.96966,0.480526685714722,-1.15992484950311E-07,0,0,0,0,0,38
4,8329,1762.18966,0.477985978126526,-5.03445569677297E-08,0,0,0,0,0,38
4,8330,1762.40966,0.475930124521255,-1.00382415268996E-07,0,0,0,0,0,38
4,8331,1762.62966,0.473699748516083,-5.83208716875561E-08,0,0,0,0,0,38
4,8332,1762.84966,0.471430569887161,-1.24809645285495E-07,0,0,0,0,0,38
4,8333,1763.06966,0.469374716281891,-8.94242262461376E-08,0,0,0,0,0,38
4,8334,1763.28966,0.466930985450745,-4.26679847009837E-08,0,0,0,0,0,38
4,8335,1763.50966,0.465069085359573,-1.2148521477684E-07,0,0,0,0,0,38
4,8336,1763.72966,0.462838709354401,-9.78365406467674E-08,0,0,0,0,0,38
4,8337,1763.94966,0.46053072810173,-1.38664063342731E-07,0,0,0,0,0,38
4,8338,1764.16966,0.458436101675034,-3.14178336680015E-08,0,0,0,0,0,38
4,8339,1764.38966,0.456108719110489,-7.94353383071211E-08,0,0,0,0,0,38
4,8340,1764.60966,0.453936517238617,-5.83364432316102E-08,0,0,0,0,0,38
4,8341,1764.82966,0.451531589031219,-7.74188748664528E-08,0,0,0,0,0,38
4,8342,1765.04966,0.449592113494873,-1.00074885267532E-07,0,0,0,0,0,38
4,8343,1765.26966,0.447206556797028,-6.58884502513502E-08,0,0,0,0,0,38
4,8344,1765.48966,0.44505375623703,-1.00491419630089E-07,0,0,0,0,0,38
4,8345,1765.70966,0.442881524562836,-8.19929013573528E-08,0,0,0,0,0,38
4,8346,1765.92966,0.44059294462204,-1.0541579342771E-07,0,0,0,0,0,38
4,8347,1766.14966,0.438575893640518,-1.08576735158294E-07,0,0,0,0,0,38
4,8348,1766.36966,0.436403691768646,-7.99647565941086E-08,0,0,0,0,0,38
4,8349,1766.58966,0.434076339006424,-6.87301806578944E-08,0,0,0,0,0,38
4,8350,1766.80966,0.431845933198929,-1.38866496968149E-07,0,0,0,0,0,38
4,8351,1767.02966,0.429809510707855,-9.27953820450966E-08,0,0,0,0,0,38
4,8352,1767.24966,0.427637279033661,-8.52433785780704E-08,0,0,0,0,0,38
4,8353,1767.46966,0.425445675849915,-1.23334274348963E-07,0,0,0,0,0,38
4,8354,1767.68966,0.423079520463943,-1.10188345558981E-07,0,0,0,0,0,38
4,8355,1767.90966,0.420926719903946,-1.22933329294028E-07,0,0,0,0,0,38
4,8356,1768.12966,0.418502390384674,-1.15455286220367E-07,0,0,0,0,0,38
4,8357,1768.34966,0.416737467050552,-9.88019479564173E-08,0,0,0,0,0,38
4,8358,1768.56966,0.414332509040833,-1.0154246865568E-07,0,0,0,0,0,38
4,8359,1768.78966,0.412140905857086,-1.1637787622476E-07,0,0,0,0,0,38
4,8360,1769.00966,0.409639000892639,-1.33097387333692E-07,0,0,0,0,0,38
4,8361,1769.22966,0.407621949911118,-1.30189476976739E-07,0,0,0,0,0,38
4,8362,1769.44966,0.405604898929596,-1.46301715631125E-07,0,0,0,0,0,38
4,8363,1769.66966,0.403452068567276,-1.0265969763168E-07,0,0,0,0,0,38
4,8364,1769.88966,0.401105314493179,-1.33175248606676E-07,0,0,0,0,0,38
4,8365,1770.10966,0.399088263511658,-1.34557183173456E-07,0,0,0,0,0,38
4,8366,1770.32966,0.39668333530426,-1.20893503208208E-07,0,0,0,0,0,38
4,8367,1770.54966,0.394666284322739,-1.36530829308867E-07,0,0,0,0,0,38
4,8368,1770.76966,0.392591029405594,-1.37624695639715E-07,0,0,0,0,0,38
4,8369,1770.98966,0.390127897262573,-1.41315055657287E-07,0,0,0,0,0,38
4,8370,1771.20966,0.388072073459625,-1.59692902457209E-07,0,0,0,0,0,38
4,8371,1771.42966,0.385919243097305,-1.29181245256405E-07,0,0,0,0,0,38
4,8372,1771.64966,0.383533716201782,-1.65551540476372E-07,0,0,0,0,0,38
4,8373,1771.86966,0.381477862596512,-1.52954484633483E-07,0,0,0,0,0,38
4,8374,1772.08966,0.379247486591339,-1.92976216339957E-07,0,0,0,0,0,38
4,8375,1772.30966,0.376920104026794,-1.8856957240132E-07,0,0,0,0,0,38
4,8376,1772.52966,0.374670326709747,-1.23482209346548E-07,0,0,0,0,0,38
4,8377,1772.74966,0.372595071792603,-1.63402717134886E-07,0,0,0,0,0,38
4,8378,1772.96966,0.370325893163681,-2.01007026134903E-07,0,0,0,0,0,38
4,8379,1773.18966,0.368308842182159,-2.16111033068955E-07,0,0,0,0,0,38
4,8380,1773.40966,0.366059064865112,-1.71161048001522E-07,0,0,0,0,0,38
4,8381,1773.62966,0.36388686299324,-1.85665555818559E-07,0,0,0,0,0,38
4,8382,1773.84966,0.361753433942795,-2.57534168213169E-07,0,0,0,0,0,38
4,8383,1774.06966,0.359406679868698,-2.17734324792218E-07,0,0,0,0,0,38
4,8384,1774.28966,0.357079297304153,-2.25885813165405E-07,0,0,0,0,0,38
4,8385,1774.50966,0.355023473501205,-2.28805404844934E-07,0,0,0,0,0,38
4,8386,1774.72966,0.352521568536758,-2.70072831654034E-07,0,0,0,0,0,38
4,8387,1774.94966,0.350756645202637,-2.37108721989898E-07,0,0,0,0,0,38
4,8388,1775.16966,0.348293513059616,-2.3230892054471E-07,0,0,0,0,0,38
4,8389,1775.38966,0.346082508563995,-2.5100595735239E-07,0,0,0,0,0,38
4,8390,1775.60966,0.34394907951355,-2.46930227376652E-07,0,0,0,0,0,38
4,8391,1775.82966,0.341776877641678,-2.60741813917775E-07,0,0,0,0,0,38
4,8392,1776.04966,0.339468896389008,-2.86403064819751E-07,0,0,0,0,0,38
4,8393,1776.26966,0.337335497140884,-3.32291222093772E-07,0,0,0,0,0,38
4,8394,1776.48966,0.335357218980789,-2.62240547499459E-07,0,0,0,0,0,38
4,8395,1776.70966,0.332991063594818,-2.68231531208585E-07,0,0,0,0,0,38
4,8396,1776.92966,0.330877065658569,-3.18837749091472E-07,0,0,0,0,0,38
4,8397,1777.14966,0.328918188810349,-3.10764107780415E-07,0,0,0,0,0,38
4,8398,1777.36966,0.326629608869553,-3.11865761659647E-07,0,0,0,0,0,38
4,8399,1777.58966,0.324108302593231,-3.20601174053081E-07,0,0,0,0,0,38
4,8400,1777.80966,0.321955472230911,-3.39936633508842E-07,0,0,0,0,0,38
4,8401,1778.02966,0.31984144449234,-3.49135291344282E-07,0,0,0,0,0,38
4,8402,1778.24966,0.317552894353867,-3.82940243071062E-07,0,0,0,0,0,38
4,8403,1778.46966,0.315147936344147,-3.31100011408125E-07,0,0,0,0,0,38
4,8404,1778.68966,0.313189059495926,-3.68233287417752E-07,0,0,0,0,0,38
4,8405,1778.90966,0.311016857624054,-3.65329270834991E-07,0,0,0,0,0,38
4,8406,1779.12966,0.308708876371384,-3.65788622502805E-07,0,0,0,0,0,38
4,8407,1779.34966,0.306614249944687,-4.06199632152493E-07,0,0,0,0,0,38
4,8408,1779.56966,0.304383873939514,-4.23401843363536E-07,0,0,0,0,0,38
4,8409,1779.78966,0.302386224269867,-4.27633324306953E-07,0,0,0,0,0,38
4,8410,1780.00966,0.300175219774246,-4.35516199104313E-07,0,0,0,0,0,38
4,8411,1780.22966,0.297925442457199,-4.39109243188796E-07,0,0,0,0,0,38
4,8412,1780.44966,0.295462310314178,-4.65027397922313E-07,0,0,0,0,0,38
4,8413,1780.66966,0.293115526437759,-4.43290105067717E-07,0,0,0,0,0,38
4,8414,1780.88966,0.291117876768112,-4.91264756874443E-07,0,0,0,0,0,38
4,8415,1781.10966,0.288984477519989,-4.84822237467597E-07,0,0,0,0,0,38
4,8416,1781.32966,0.286521345376968,-4.97944824928709E-07,0,0,0,0,0,38
4,8417,1781.54966,0.284659445285797,-5.25696464137582E-07,0,0,0,0,0,38
4,8418,1781.76966,0.282390266656876,-5.1043673465756E-07,0,0,0,0,0,38
4,8419,1781.98966,0.280198663473129,-5.78704543841013E-07,0,0,0,0,0,38
4,8420,1782.20966,0.277929484844208,-5.95151561810781E-07,0,0,0,0,0,38
4,8421,1782.42966,0.275621503591537,-5.81308825076121E-07,0,0,0,0,0,38
4,8422,1782.64966,0.27362385392189,-6.11777636549959E-07,0,0,0,0,0,38
4,8423,1782.86966,0.271374076604843,-5.7661799246489E-07,0,0,0,0,0,38
4,8424,1783.08966,0.269143670797348,-6.49171738587029E-07,0,0,0,0,0,38
4,8425,1783.30966,0.266777515411377,-6.76693730383704E-07,0,0,0,0,0,38
4,8426,1783.52966,0.264741063117981,-6.64571587094542E-07,0,0,0,0,0,38
4,8427,1783.74966,0.262762814760208,-6.91443460709706E-07,0,0,0,0,0,38
4,8428,1783.96966,0.260377258062363,-7.13577833266754E-07,0,0,0,0,0,38
4,8429,1784.18966,0.258030503988266,-7.24368646842777E-07,0,0,0,0,0,38
4,8430,1784.40966,0.255683749914169,-7.3249287879662E-07,0,0,0,0,0,38
4,8431,1784.62966,0.253880023956299,-7.95069411196891E-07,0,0,0,0,0,38
4,8432,1784.84966,0.251630246639252,-8.2169606230309E-07,0,0,0,0,0,38
4,8433,1785.06966,0.249555006623268,-8.37317827517836E-07,0,0,0,0,0,38
4,8434,1785.28966,0.247440978884697,-8.7093593492682E-07,0,0,0,0,0,38
4,8435,1785.50966,0.245074823498726,-8.69577320372628E-07,0,0,0,0,0,38
4,8436,1785.72966,0.242786258459091,-9.5023585799936E-07,0,0,0,0,0,38
4,8437,1785.94966,0.240497678518295,-9.78719413069484E-07,0,0,0,0,0,38
4,8438,1786.16966,0.238538816571236,-9.70155269897077E-07,0,0,0,0,0,38
4,8439,1786.38966,0.236211448907852,-9.90662442745816E-07,0,0,0,0,0,38
4,8440,1786.60966,0.233961656689644,-1.0173436066907E-06,0,0,0,0,0,38
4,8441,1786.82966,0.231964007019997,-1.07133655546932E-06,0,0,0,0,0,38
4,8442,1787.04966,0.229927554726601,-1.09569361939066E-06,0,0,0,0,0,38
4,8443,1787.26966,0.227270483970642,-1.13363273612777E-06,0,0,0,0,0,38
4,8444,1787.48966,0.225195243954659,-1.13564146886347E-06,0,0,0,0,0,38
4,8445,1787.70966,0.223275169730186,-1.19749006444181E-06,0,0,0,0,0,38
4,8446,1787.92966,0.220715060830116,-1.24310565752239E-06,0,0,0,0,0,38
4,8447,1788.14966,0.218465283513069,-1.25321128052747E-06,0,0,0,0,0,38
4,8448,1788.36966,0.216370642185211,-1.31000706460327E-06,0,0,0,0,0,38
4,8449,1788.58966,0.214372992515564,-1.35600032535876E-06,0,0,0,0,0,38
4,8450,1788.80966,0.21223957836628,-1.35633513309585E-06,0,0,0,0,0,38
4,8451,1789.02966,0.209504917263985,-1.49800962390145E-06,0,0,0,0,0,38
4,8452,1789.24966,0.207643032073975,-1.28213707739633E-06,0,0,0,0,0,38
4,8453,1789.46966,0.205529004335403,-1.6300074321407E-06,0,0,0,0,0,38
4,8454,1789.68966,0.203065872192383,-1.60460376719129E-06,0,0,0,0,0,38
4,8455,1789.90966,0.200835481286049,-1.57274223511195E-06,0,0,0,0,0,38
4,8456,1790.12966,0.198954194784164,-1.54426527387841E-06,0,0,0,0,0,38
4,8457,1790.34966,0.196491062641144,-1.40580959850922E-06,0,0,0,0,0,38
4,8458,1790.56966,0.194590389728546,-1.38663040161191E-06,0,0,0,0,0,38
4,8459,1790.78966,0.191836327314377,-1.63183585755178E-06,0,0,0,0,0,38
4,8460,1791.00966,0.189858078956604,-1.67676876117184E-06,0,0,0,0,0,38
4,8461,1791.22966,0.187957391142845,-1.54305928390386E-06,0,0,0,0,0,38
4,8462,1791.44966,0.185571834445,-1.89135755590542E-06,0,0,0,0,0,38
4,8463,1791.66966,0.183205679059029,-1.83728241154313E-06,0,0,0,0,0,38
4,8464,1791.88966,0.181130453944206,-2.16889134208031E-06,0,0,0,0,0,38
4,8465,1792.10966,0.178919449448586,-2.10695793612103E-06,0,0,0,0,0,38
4,8466,1792.32966,0.176747247576714,-2.2378274024959E-06,0,0,0,0,0,38
4,8467,1792.54966,0.174807772040367,-2.26848305828753E-06,0,0,0,0,0,38
4,8468,1792.76966,0.172364041209221,-2.03358695216593E-06,0,0,0,0,0,38
4,8469,1792.98966,0.170366376638412,-2.40363192460791E-06,0,0,0,0,0,38
4,8470,1793.20966,0.167903259396553,-2.45813498622738E-06,0,0,0,0,0,38
4,8471,1793.42966,0.165905594825745,-2.38900429394562E-06,0,0,0,0,0,38
4,8472,1793.64966,0.163461863994598,-1.93955838767579E-06,0,0,0,0,0,38
4,8473,1793.86966,0.161367237567902,-2.53173948294716E-06,0,0,0,0,0,38
4,8474,1794.08966,0.159388974308968,-2.25408894038992E-06,0,0,0,0,0,38
4,8475,1794.30966,0.156693115830421,-2.41670340983546E-06,0,0,0,0,0,38
4,8476,1794.52966,0.154850617051125,-2.54414953815285E-06,0,0,0,0,0,38
4,8477,1794.74966,0.152678400278091,-2.55037389251811E-06,0,0,0,0,0,38
4,8478,1794.96966,0.150428622961044,-2.41798716160702E-06,0,0,0,0,0,38
4,8479,1795.18966,0.148372769355774,-2.67031168732501E-06,0,0,0,0,0,38
4,8480,1795.40966,0.146103590726852,-2.73255659521965E-06,0,0,0,0,0,38
4,8481,1795.62966,0.143621072173119,-2.93232324111159E-06,0,0,0,0,0,38
4,8482,1795.84966,0.141545832157135,-3.07167374558048E-06,0,0,0,0,0,38
4,8483,1796.06966,0.139354228973389,-3.13691407427541E-06,0,0,0,0,0,38
4,8484,1796.28966,0.137143239378929,-3.25432324643771E-06,0,0,0,0,0,38
4,8485,1796.50966,0.135223165154457,-3.09415963783977E-06,0,0,0,0,0,38
4,8486,1796.72966,0.133050948381424,-3.41767668032844E-06,0,0,0,0,0,38
4,8487,1796.94966,0.130587816238403,-3.35465392709011E-06,0,0,0,0,0,38
4,8488,1797.16966,0.128415614366531,-3.25362293551734E-06,0,0,0,0,0,38
4,8489,1797.38966,0.126456752419472,-3.34224387188442E-06,0,0,0,0,0,38
4,8490,1797.60966,0.124129377305508,-3.44914928973594E-06,0,0,0,0,0,38
4,8491,1797.82966,0.121588669717312,-3.34403353008383E-06,0,0,0,0,0,38
4,8492,1798.04966,0.119571626186371,-3.49058086612786E-06,0,0,0,0,0,38
4,8493,1798.26966,0.117554575204849,-3.48529010807397E-06,0,0,0,0,0,38
4,8494,1798.48966,0.115324176847935,-3.72372642232222E-06,0,0,0,0,0,38
4,8495,1798.70966,0.113307125866413,-3.62269543074945E-06,0,0,0,0,0,38
4,8496,1798.92966,0.110882788896561,-3.81600420951145E-06,0,0,0,0,0,38
4,8497,1799.14966,0.108594216406345,-4.00122144128545E-06,0,0,0,0,0,38
4,8498,1799.36966,0.106286242604256,-3.76006187252642E-06,0,0,0,0,0,38
4,8499,1799.58966,0.104424349963665,-3.70353586731653E-06,0,0,0,0,0,38
4,8500,1799.80966,0.101844854652882,-3.92279298466747E-06,0,0,0,0,0,38
4,8501,1800.02966,0.100021749734879,-3.99912050852436E-06,0,0,0,0,0,38
4,8502,1800.24966,0.0975392237305641,-4.22137327404926E-06,0,0,0,0,0,38
4,8503,1800.46966,0.0954058095812798,-4.34944195149001E-06,0,0,0,0,0,38
4,8504,1800.68966,0.0929620712995529,-4.32621664003818E-06,0,0,0,0,0,38
4,8505,1800.90966,0.0909838080406189,-4.01596571464324E-06,0,0,0,0,0,38
4,8506,1801.12966,0.0890249460935593,-4.17803539676243E-06,0,0,0,0,0,38
4,8507,1801.34966,0.0866587907075882,-4.19176785726449E-06,0,0,0,0,0,38
4,8508,1801.56966,0.0845641642808914,-4.2422252590768E-06,0,0,0,0,0,38
4,8509,1801.78966,0.0822949782013893,-4.40717394667445E-06,0,0,0,0,0,38
4,8510,1802.00966,0.0799676105380058,-4.32236538472353E-06,0,0,0,0,0,38
4,8511,1802.22966,0.0781445130705833,-4.26358292315854E-06,0,0,0,0,0,38
4,8512,1802.44966,0.0756619870662689,-4.53703205494094E-06,0,0,0,0,0,38
4,8513,1802.66966,0.073528565466404,-4.54757446277654E-06,0,0,0,0,0,38
4,8514,1802.88966,0.07129817456007,-4.89980220663711E-06,0,0,0,0,0,38
4,8515,1803.10966,0.0691453590989113,-4.87163651996525E-06,0,0,0,0,0,38
4,8516,1803.32966,0.0668761804699898,-4.82059567730175E-06,0,0,0,0,0,38
4,8517,1803.54966,0.0645294189453125,-5.10026893607574E-06,0,0,0,0,0,38
4,8518,1803.76966,0.0624541863799095,-5.04323725181166E-06,0,0,0,0,0,38
4,8519,1803.98966,0.0599716603755951,-5.27198699273868E-06,0,0,0,0,0,38
4,8520,1804.20966,0.057877030223608,-5.35037634108448E-06,0,0,0,0,0,38
4,8521,1804.42966,0.0561315082013607,-5.39923848918988E-06,0,0,0,0,0,38
4,8522,1804.64966,0.0537459589540958,-5.26086068930454E-06,0,0,0,0,0,38
4,8523,1804.86966,0.0513991974294186,-5.23362859894405E-06,0,0,0,0,0,38
4,8524,1805.08966,0.0492075942456722,-5.44763361176592E-06,0,0,0,0,0,38
4,8525,1805.30966,0.0469772033393383,-5.51252378500067E-06,0,0,0,0,0,38
4,8526,1805.52966,0.0447274148464203,-5.54913140149438E-06,0,0,0,0,0,38
4,8527,1805.74966,0.0429237075150013,-5.86397345614387E-06,0,0,0,0,0,38
4,8528,1805.96966,0.040576945990324,-5.67420465813484E-06,0,0,0,0,0,38
4,8529,1806.18966,0.0384047366678715,-5.80320693188696E-06,0,0,0,0,0,38
4,8530,1806.40966,0.0360773727297783,-5.8726877796289E-06,0,0,0,0,0,38
4,8531,1806.62966,0.0339051634073257,-5.7875290622178E-06,0,0,0,0,0,38
4,8532,1806.84966,0.0317135602235794,-5.84234339839895E-06,0,0,0,0,0,38
4,8533,1807.06966,0.0295025631785393,-6.43674184175325E-06,0,0,0,0,0,38
4,8534,1807.28966,0.0273497495800257,-6.43444673187332E-06,0,0,0,0,0,38
4,8535,1807.50966,0.0249641984701157,-6.31762077318854E-06,0,0,0,0,0,38
4,8536,1807.72966,0.0229083597660065,-6.45580439595506E-06,0,0,0,0,0,38
4,8537,1807.94966,0.0209688879549503,-6.70019289827906E-06,0,0,0,0,0,38
4,8538,1808.16966,0.0184863638132811,-6.58819089949247E-06,0,0,0,0,0,38
4,8539,1808.38966,0.0163917355239391,-6.68898883304792E-06,0,0,0,0,0,38
4,8540,1808.60966,0.0138898165896535,-6.78157766742515E-06,0,0,0,0,0,38
4,8541,1808.82966,0.0118339769542217,-6.64020444673952E-06,0,0,0,0,0,38
4,8542,1809.04966,0.00970055814832449,-6.85844997860841E-06,0,0,0,0,0,38
4,8543,1809.26966,0.00764471804723144,-6.83184043737128E-06,0,0,0,0,0,38
4,8544,1809.48966,0.005123405251652,-6.90610613673925E-06,0,0,0,0,0,38
4,8545,1809.70966,0.00291240750811994,-7.06136779626831E-06,0,0,0,0,0,38
4,8546,1809.92966,0.000682015146594495,-6.88412592353416E-06,0,0,0,0,0,38
4,8547,1810.14966,-0.00137382477987558,-7.59184877097141E-06,0,0,0,0,0,38
4,8548,1810.36966,-0.00387574313208461,-7.57313637222978E-06,0,0,0,0,0,38
4,8549,1810.58966,-0.00616431934759021,-7.64285050536273E-06,0,0,0,0,0,38
4,8550,1810.80966,-0.00794863328337669,-7.54438724470674E-06,0,0,0,0,0,38
4,8551,1811.02966,-0.0101596312597394,-7.43977716410882E-06,0,0,0,0,0,38
4,8552,1811.24966,-0.0125257866457105,-7.74135332903825E-06,0,0,0,0,0,38
4,8553,1811.46966,-0.0146785993129015,-7.97449865785893E-06,0,0,0,0,0,38
4,8554,1811.68966,-0.016850808635354,-8.11237077869009E-06,0,0,0,0,0,38
4,8555,1811.90966,-0.0191199891269207,-7.91120328358375E-06,0,0,0,0,0,38
4,8556,1812.12966,-0.0210594609379768,-7.97784377937205E-06,0,0,0,0,0,38
4,8557,1812.34966,-0.0235225893557072,-8.02378872322151E-06,0,0,0,0,0,38
4,8558,1812.56966,-0.0257723778486252,-7.95594132796396E-06,0,0,0,0,0,38
4,8559,1812.78966,-0.0279445853084326,-8.40643770061433E-06,0,0,0,0,0,38
4,8560,1813.00966,-0.0302525572478771,-8.24728613224579E-06,0,0,0,0,0,38
4,8561,1813.22966,-0.0323471873998642,-8.33660760690691E-06,0,0,0,0,0,38
4,8562,1813.44966,-0.0339569486677647,-8.23810478323139E-06,0,0,0,0,0,38
4,8563,1813.66966,-0.0365752354264259,-8.48346553539159E-06,0,0,0,0,0,38
4,8564,1813.88966,-0.0386504679918289,-8.30050521472003E-06,0,0,0,0,0,38
4,8565,1814.10966,-0.0411135964095593,-8.88105478225043E-06,0,0,0,0,0,38
4,8566,1814.32966,-0.0433633849024773,-8.76317790243775E-06,0,0,0,0,0,38
4,8567,1814.54966,-0.0450507253408432,-8.91672880243277E-06,0,0,0,0,0,38
4,8568,1814.76966,-0.0473393015563488,-9.26098073250614E-06,0,0,0,0,0,38
4,8569,1814.98966,-0.0498024299740791,-9.19099420571001E-06,0,0,0,0,0,38
4,8570,1815.20966,-0.0522267706692219,-9.38006269279867E-06,0,0,0,0,0,38
4,8571,1815.42966,-0.0540110841393471,-9.31859631236875E-06,0,0,0,0,0,38
4,8572,1815.64966,-0.056513000279665,-9.02386727830162E-06,0,0,0,0,0,38
4,8573,1815.86966,-0.0580257885158062,-9.48140495893313E-06,0,0,0,0,0,38
4,8574,1816.08966,-0.0608768127858639,-9.87035673460923E-06,0,0,0,0,0,38
4,8575,1816.30966,-0.0629520490765572,-9.59861972660292E-06,0,0,0,0,0,38
4,8576,1816.52966,-0.0653957799077034,-1.00087736427668E-05,0,0,0,0,0,38
4,8577,1816.74966,-0.067412830889225,-9.90482476481702E-06,0,0,0,0,0,38
4,8578,1816.96966,-0.069391094148159,-1.0174928320339E-05,0,0,0,0,0,38
4,8579,1817.18966,-0.0715245082974434,-1.01494470072794E-05,0,0,0,0,0,38
4,8580,1817.40966,-0.0737936943769455,-1.03317070170306E-05,0,0,0,0,0,38
4,8581,1817.62966,-0.0760434791445732,-1.04528899100842E-05,0,0,0,0,0,38
4,8582,1817.84966,-0.0784290283918381,-1.06800443973043E-05,0,0,0,0,0,38
4,8583,1818.06966,-0.0804654732346535,-1.09295287984423E-05,0,0,0,0,0,38
4,8584,1818.28966,-0.0831031575798988,-1.12187335616909E-05,0,0,0,0,0,38
4,8585,1818.50966,-0.0846353396773338,-1.09390211946447E-05,0,0,0,0,0,38
4,8586,1818.72966,-0.0871566534042358,-1.11040480987867E-05,0,0,0,0,0,38
4,8587,1818.94966,-0.0895228087902069,-1.10922210296849E-05,0,0,0,0,0,38
4,8588,1819.16966,-0.0915786474943161,-1.09010525193298E-05,0,0,0,0,0,38
4,8589,1819.38966,-0.0936344861984253,-1.15959755930817E-05,0,0,0,0,0,38
4,8590,1819.60966,-0.0959230661392212,-1.16065575639368E-05,0,0,0,0,0,38
4,8591,1819.82966,-0.0980370864272118,-1.17978042908362E-05,0,0,0,0,0,38
4,8592,1820.04966,-0.100267477333546,-1.19898686534725E-05,0,0,0,0,0,38
4,8593,1820.26966,-0.102808184921741,-1.2061022061971E-05,0,0,0,0,0,38
4,8594,1820.48966,-0.104825235903263,-1.19867172543309E-05,0,0,0,0,0,38
4,8595,1820.70966,-0.107133209705353,-1.25049045891501E-05,0,0,0,0,0,38
4,8596,1820.92966,-0.109169654548168,-1.2755051102431E-05,0,0,0,0,0,38
4,8597,1821.14966,-0.111555203795433,-1.30849875858985E-05,0,0,0,0,0,38
4,8598,1821.36966,-0.113358914852142,-1.33414741867455E-05,0,0,0,0,0,38
4,8599,1821.58966,-0.115899622440338,-1.32611785375047E-05,0,0,0,0,0,38
4,8600,1821.80966,-0.117994248867035,-1.37396464197082E-05,0,0,0,0,0,38
4,8601,1822.02966,-0.120108276605606,-1.39060730361962E-05,0,0,0,0,0,38
4,8602,1822.24966,-0.122183509171009,-1.41623268063995E-05,0,0,0,0,0,38
4,8603,1822.46966,-0.124530270695686,-1.44000632644747E-05,0,0,0,0,0,38
4,8604,1822.68966,-0.126663684844971,-1.41087966767373E-05,0,0,0,0,0,38
4,8605,1822.90966,-0.128913477063179,-1.46398606375442E-05,0,0,0,0,0,38
4,8606,1823.12966,-0.130639612674713,-1.48795425047865E-05,0,0,0,0,0,38
4,8607,1823.34966,-0.133160918951035,-1.56185433297651E-05,0,0,0,0,0,38
4,8608,1823.56966,-0.135236158967018,-1.30325524878572E-05,0,0,0,0,0,38
4,8609,1823.78966,-0.137854442000389,-1.78786194737768E-05,0,0,0,0,0,38
4,8610,1824.00966,-0.139619365334511,-1.40602824103553E-05,0,0,0,0,0,38
4,8611,1824.22966,-0.142101883888245,-1.42405724545824E-05,0,0,0,0,0,38
4,8612,1824.44966,-0.144041359424591,-1.40746587931062E-05,0,0,0,0,0,38
4,8613,1824.66966,-0.14644630253315,-1.68924652825808E-05,0,0,0,0,0,38
4,8614,1824.88966,-0.148327589035034,-1.53308592416579E-05,0,0,0,0,0,38
4,8615,1825.10966,-0.151062235236168,-1.95532957150135E-05,0,0,0,0,0,38
4,8616,1825.32966,-0.153021112084389,-1.91324888874078E-05,0,0,0,0,0,38
4,8617,1825.54966,-0.154727846384048,-1.57703161676181E-05,0,0,0,0,0,38
4,8618,1825.76966,-0.157598257064819,-1.69445320352679E-05,0,0,0,0,0,38
4,8619,1825.98966,-0.159673497080803,-2.06921522476478E-05,0,0,0,0,0,38
4,8620,1826.20966,-0.162194803357124,-2.27235213969834E-05,0,0,0,0,0,38
4,8621,1826.42966,-0.16423125565052,-2.08685560210142E-05,0,0,0,0,0,38
4,8622,1826.64966,-0.166015565395355,-1.88329122465802E-05,0,0,0,0,0,38
4,8623,1826.86966,-0.168672636151314,-2.22933904296951E-05,0,0,0,0,0,38
4,8624,1827.08966,-0.171019405126572,-2.21200953092193E-05,0,0,0,0,0,38
4,8625,1827.30966,-0.173404946923256,-2.64882401097566E-05,0,0,0,0,0,38
4,8626,1827.52966,-0.175169870257378,-2.57565880019683E-05,0,0,0,0,0,38
4,8627,1827.74966,-0.177342087030411,-2.23283605009783E-05,0,0,0,0,0,38
4,8628,1827.96966,-0.179494887590408,-2.48469805228524E-05,0,0,0,0,0,38
4,8629,1828.18966,-0.181802868843079,-2.85114492726279E-05,0,0,0,0,0,38
4,8630,1828.40966,-0.183975070714951,-2.62216908595292E-05,0,0,0,0,0,38
4,8631,1828.62966,-0.185817569494247,-2.29003144340822E-05,0,0,0,0,0,38
4,8632,1828.84966,-0.188358277082443,-2.83890549326316E-05,0,0,0,0,0,38
4,8633,1829.06966,-0.190608069300652,-3.06380170513876E-05,0,0,0,0,0,38
4,8634,1829.28966,-0.192799672484398,-2.83404842775781E-05,0,0,0,0,0,38
4,8635,1829.50966,-0.195165827870369,-3.12670854327735E-05,0,0,0,0,0,38
4,8636,1829.72966,-0.196950137615204,-2.90931166091468E-05,0,0,0,0,0,38
4,8637,1829.94966,-0.199258103966713,-3.07398186123464E-05,0,0,0,0,0,38
4,8638,1830.16966,-0.201585471630096,-3.07398186123464E-05,0,0,0,0,0,38
4,8639,1830.38966,-0.20381586253643,-3.31791707139928E-05,0,0,0,0,0,38
4,8640,1830.60966,-0.206317782402039,-3.41272461810149E-05,0,0,0,0,0,38
4,8641,1830.82966,-0.208296045660973,-3.38789577654097E-05,0,0,0,0,0,38
4,8642,1831.04966,-0.209828227758408,-3.32957388309296E-05,0,0,0,0,0,38
4,8643,1831.26966,-0.21295078098774,-3.69811896234751E-05,0,0,0,0,0,38
4,8644,1831.48966,-0.214579939842224,-3.53768409695476E-05,0,0,0,0,0,38
4,8645,1831.70966,-0.216829717159271,-3.87980762752704E-05,0,0,0,0,0,38
4,8646,1831.92966,-0.21888555586338,-3.81285935873166E-05,0,0,0,0,0,38
4,8647,1832.14966,-0.220980197191238,-4.01735633204225E-05,0,0,0,0,0,38
4,8648,1832.36966,-0.223676055669785,-4.52640342700761E-05,0,0,0,0,0,38
4,8649,1832.58966,-0.225615531206131,-4.02909063268453E-05,0,0,0,0,0,38
4,8650,1832.80966,-0.228059262037277,-4.34685171057936E-05,0,0,0,0,0,38
4,8651,1833.02966,-0.230444818735123,-4.60077280877158E-05,0,0,0,0,0,38
4,8652,1833.24966,-0.232267916202545,-4.39103059761692E-05,0,0,0,0,0,38
4,8653,1833.46966,-0.234575882554054,-4.66674973722547E-05,0,0,0,0,0,38
4,8654,1833.68966,-0.236224442720413,-4.63457727164496E-05,0,0,0,0,0,38
4,8655,1833.90966,-0.23857119679451,-4.73152176709846E-05,0,0,0,0,0,38
4,8656,1834.12966,-0.241325244307518,-5.10741083417088E-05,0,0,0,0,0,38
4,8657,1834.34966,-0.243187144398689,-4.85076961922459E-05,0,0,0,0,0,38
4,8658,1834.56966,-0.245708450675011,-5.37586383870803E-05,0,0,0,0,0,38
4,8659,1834.78966,-0.247725501656532,-5.29970711795613E-05,0,0,0,0,0,38
4,8660,1835.00966,-0.249684363603592,-5.45194307051133E-05,0,0,0,0,0,38
4,8661,1835.22966,-0.252457827329636,-5.64680376555771E-05,0,0,0,0,0,38
4,8662,1835.44966,-0.25414514541626,-5.49837568541989E-05,0,0,0,0,0,38
4,8663,1835.66966,-0.256685853004456,-6.06939720455557E-05,0,0,0,0,0,38
4,8664,1835.88966,-0.259090811014175,-6.21261860942468E-05,0,0,0,0,0,38
4,8665,1836.10966,-0.261204838752747,-6.3108847825788E-05,0,0,0,0,0,38
4,8666,1836.32966,-0.262640029191971,-6.03804073762149E-05,0,0,0,0,0,38
4,8667,1836.54966,-0.265335917472839,-6.34865209576674E-05,0,0,0,0,0,38
4,8668,1836.76966,-0.267566293478012,-6.58485514577478E-05,0,0,0,0,0,38
4,8669,1836.98966,-0.269738495349884,-6.87961364747025E-05,0,0,0,0,0,38
4,8670,1837.20966,-0.272162854671478,-7.06577120581642E-05,0,0,0,0,0,38
4,8671,1837.42966,-0.274354457855225,-7.15661517460831E-05,0,0,0,0,0,38
4,8672,1837.64966,-0.276235729455948,-7.01968820067123E-05,0,0,0,0,0,38
4,8673,1837.86966,-0.278504908084869,-7.36445363145322E-05,0,0,0,0,0,38
4,8674,1838.08966,-0.280735313892365,-7.55620567360893E-05,0,0,0,0,0,38
4,8675,1838.30966,-0.28337299823761,-7.79310867073946E-05,0,0,0,0,0,38
4,8676,1838.52966,-0.285060346126556,-7.82889474066906E-05,0,0,0,0,0,38
4,8677,1838.74966,-0.287601053714752,-8.13698061392643E-05,0,0,0,0,0,38
4,8678,1838.96966,-0.2894047498703,-7.96947424532846E-05,0,0,0,0,0,38
4,8679,1839.18966,-0.291344225406647,-7.91740749264136E-05,0,0,0,0,0,38
4,8680,1839.40966,-0.293846130371094,-8.51605509524234E-05,0,0,0,0,0,38
4,8681,1839.62966,-0.295960158109665,-8.47374176373705E-05,0,0,0,0,0,38
4,8682,1839.84966,-0.297822058200836,-8.5429048340302E-05,0,0,0,0,0,38
4,8683,1840.06966,-0.300614893436432,-9.05144624994136E-05,0,0,0,0,0,38
4,8684,1840.28966,-0.302709519863129,-9.2289388703648E-05,0,0,0,0,0,38
4,8685,1840.50966,-0.305056273937225,-9.4096947577782E-05,0,0,0,0,0,38
4,8686,1840.72966,-0.307306081056595,-9.61823243414983E-05,0,0,0,0,0,38
4,8687,1840.94966,-0.309245556592941,-9.56880830926821E-05,0,0,0,0,0,38
4,8688,1841.16966,-0.311417758464813,-9.68483145697974E-05,0,0,0,0,0,38
4,8689,1841.38966,-0.313861489295959,-9.96202725218609E-05,0,0,0,0,0,38
4,8690,1841.60966,-0.315703988075256,-9.99629774014466E-05,0,0,0,0,0,38
4,8691,1841.82966,-0.318205893039703,-0.000103262202173937,0,0,0,0,0,38
4,8692,1842.04966,-0.320125967264175,-0.000104739490780048,0,0,0,0,0,38
4,8693,1842.26966,-0.322666674852371,-0.000108984073449392,0,0,0,0,0,38
4,8694,1842.48966,-0.324683725833893,-0.000107839776319452,0,0,0,0,0,38
4,8695,1842.70966,-0.326758980751038,-0.000110144304926507,0,0,0,0,0,38
4,8696,1842.92966,-0.328873008489609,-0.000112586378236301,0,0,0,0,0,38
4,8697,1843.14966,-0.331433087587357,-0.000115677728899755,0,0,0,0,0,38
4,8698,1843.36966,-0.333372563123703,-0.000116776558570564,0,0,0,0,0,38
4,8699,1843.58966,-0.335893869400024,-0.000121638564451132,0,0,0,0,0,38
4,8700,1843.80966,-0.337716996669769,-0.000120321747090202,0,0,0,0,0,38
4,8701,1844.02966,-0.339792221784592,-0.000119061660370789,0,0,0,0,0,38
4,8702,1844.24966,-0.342643231153488,-0.000129139240016229,0,0,0,0,0,38
4,8703,1844.46966,-0.344466358423233,-0.000125244740047492,0,0,0,0,0,38
4,8704,1844.68966,-0.346444606781006,-0.000128730476717465,0,0,0,0,0,38
4,8705,1844.90966,-0.348771959543228,-0.000131361390231177,0,0,0,0,0,38
4,8706,1845.12966,-0.350808411836624,-0.000129749663756229,0,0,0,0,0,38
4,8707,1845.34966,-0.35350427031517,-0.000137589551741257,0,0,0,0,0,38
4,8708,1845.56966,-0.354978293180466,-0.000132836343254894,0,0,0,0,0,38
4,8709,1845.78966,-0.357654750347137,-0.000136549773742445,0,0,0,0,0,38
4,8710,1846.00966,-0.360001504421234,-0.000141430035000667,0,0,0,0,0,38
4,8711,1846.22966,-0.361979782581329,-0.000141724565764889,0,0,0,0,0,38
4,8712,1846.44966,-0.364307135343552,-0.000144358578836545,0,0,0,0,0,38
4,8713,1846.66966,-0.366304785013199,-0.00014690867101308,0,0,0,0,0,38
4,8714,1846.88966,-0.36857396364212,-0.000146299033076502,0,0,0,0,0,38
4,8715,1847.10966,-0.371056497097015,-0.000153362198034301,0,0,0,0,0,38
4,8716,1847.32966,-0.372511118650436,-0.000147194266901352,0,0,0,0,0,38
4,8717,1847.54966,-0.375284552574158,-0.000153440298163332,0,0,0,0,0,38
4,8718,1847.76966,-0.37735977768898,-0.000157569098519161,0,0,0,0,0,38
4,8719,1847.98966,-0.379842311143875,-0.000159112430992536,0,0,0,0,0,38
4,8720,1848.20966,-0.381490856409073,-0.000159318369696848,0,0,0,0,0,38
4,8721,1848.42966,-0.38383761048317,-0.000158002716489136,0,0,0,0,0,38
4,8722,1848.64966,-0.386417120695114,-0.000164121302077547,0,0,0,0,0,38
4,8723,1848.86966,-0.382305443286896,-9.88744723144919E-05,0,0,0,0,0,38
4,8724,1849.08966,-0.38257697224617,-8.15713865449652E-05,0,0,0,0,0,38
4,8725,1849.30966,-0.383876413106918,-7.1554422902409E-05,0,0,0,0,0,38
4,8726,1849.52966,-0.402185022830963,-0.000244919850956649,0,0,0,0,0,38
4,8727,1849.74966,-0.399760693311691,-0.000198658992303535,0,0,0,0,0,38
4,8728,1849.96966,-0.400943756103516,-0.000187416648259386,0,0,0,0,0,38
4,8729,1850.18966,-0.393825888633728,-9.27359214983881E-05,0,0,0,0,0,38
4,8730,1850.40966,-0.394388347864151,-8.00464695203118E-05,0,0,0,0,0,38
4,8731,1850.62966,-0.408197373151779,-0.000206446944503114,0,0,0,0,0,38
4,8732,1850.84966,-0.407421588897705,-0.000169919061590917,0,0,0,0,0,38
4,8733,1851.06966,-0.413181811571121,-0.000211577964364551,0,0,0,0,0,38
4,8734,1851.28966,-0.418883860111237,-0.000250389304710552,0,0,0,0,0,38
4,8735,1851.50966,-0.404745131731033,-7.98947585280985E-05,0,0,0,0,0,38
4,8736,1851.72966,-0.425187140703201,-0.000275663187494501,0,0,0,0,0,38
4,8737,1851.94966,-0.41025322675705,-9.48599044932052E-05,0,0,0,0,0,38
4,8738,1852.16966,-0.419969975948334,-0.00017308558744844,0,0,0,0,0,38
4,8739,1852.38966,-0.422219753265381,-0.000180243339855224,0,0,0,0,0,38
4,8740,1852.60966,-0.43647488951683,-0.00030260591302067,0,0,0,0,0,38
4,8741,1852.82966,-0.422743409872055,-0.000140132688102312,0,0,0,0,0,38
4,8742,1853.04966,-0.427999377250671,-0.0001721013977658,0,0,0,0,0,38
4,8743,1853.26966,-0.445784330368042,-0.00033541486482136,0,0,0,0,0,38
4,8744,1853.48966,-0.424275606870651,-9.28215013118461E-05,0,0,0,0,0,38
4,8745,1853.70966,-0.423325270414352,-5.94484808971174E-05,0,0,0,0,0,38
4,8746,1853.92966,-0.429318219423294,-0.000100632787507493,0,0,0,0,0,38
4,8747,1854.14966,-0.44361212849617,-0.000231421276112087,0,0,0,0,0,38
4,8748,1854.36966,-0.436028808355331,-0.000129687818116508,0,0,0,0,0,38
4,8749,1854.58966,-0.445415854454041,-0.000202494615223259,0,0,0,0,0,38
4,8750,1854.80966,-0.442622989416122,-0.000153397879330441,0,0,0,0,0,38
4,8751,1855.02966,-0.457091450691223,-0.000289099523797631,0,0,0,0,0,38
4,8752,1855.24966,-0.438569515943527,-7.03329351381399E-05,0,0,0,0,0,38
4,8753,1855.46966,-0.461784988641739,-0.000291830365313217,0,0,0,0,0,38
4,8754,1855.68966,-0.462231069803238,-0.00027458174736239,0,0,0,0,0,38
4,8755,1855.90966,-0.45802241563797,-0.000204999829293229,0,0,0,0,0,38
4,8756,1856.12966,-0.451311826705933,-0.000114092479634564,0,0,0,0,0,38
4,8757,1856.34966,-0.475729793310165,-0.000348695612046868,0,0,0,0,0,38
4,8758,1856.56966,-0.473227858543396,-0.000303193315630779,0,0,0,0,0,38
4,8759,1856.78966,-0.462793499231339,-0.000167927340953611,0,0,0,0,0,38
4,8760,1857.00966,-0.465760886669159,-0.000175855326233432,0,0,0,0,0,38
4,8761,1857.22966,-0.478813529014587,-0.000293071294436231,0,0,0,0,0,38
4,8762,1857.44966,-0.462192267179489,-9.51944530243054E-05,0,0,0,0,0,38
4,8763,1857.66966,-0.46696338057518,-0.000123599835205823,0,0,0,0,0,38
4,8764,1857.88966,-0.487153261899948,-0.000314276141580194,0,0,0,0,0,38
4,8765,1858.10966,-0.495667546987534,-0.000380170269636437,0,0,0,0,0,38
4,8766,1858.32966,-0.494154751300812,-0.000341740145813674,0,0,0,0,0,38
4,8767,1858.54966,-0.481005132198334,-0.00017998660041485,0,0,0,0,0,38
4,8768,1858.76966,-0.482905834913254,-0.000175866996869445,0,0,0,0,0,38
4,8769,1858.98966,-0.480849981307983,-0.000132364191813394,0,0,0,0,0,38
4,8770,1859.20966,-0.501893281936646,-0.000335547112626955,0,0,0,0,0,38
4,8771,1859.42966,-0.505151569843292,-0.0003446226764936,0,0,0,0,0,38
4,8772,1859.64966,-0.508991718292236,-0.000362913851859048,0,0,0,0,0,38
4,8773,1859.86966,-0.500981688499451,-0.000253633654210716,0,0,0,0,0,38
4,8774,1860.08966,-0.498247057199478,-0.000204688622034155,0,0,0,0,0,38
4,8775,1860.30966,-0.503852128982544,-0.000240010573179461,0,0,0,0,0,38
4,8776,1860.52966,-0.5013307929039,-0.000188568112207577,0,0,0,0,0,38
4,8777,1860.74966,-0.500632584095001,-0.000160018797032535,0,0,0,0,0,38
4,8778,1860.96966,-0.502378106117249,-0.000154113658936694,0,0,0,0,0,38
4,8779,1861.18966,-0.504783093929291,-0.000154946130351163,0,0,0,0,0,38
4,8780,1861.40966,-0.509302020072937,-0.000179457536432892,0,0,0,0,0,38
4,8781,1861.62966,-0.528270065784454,-0.000353811075910926,0,0,0,0,0,38
4,8782,1861.84966,-0.506877720355988,-0.000105265877209604,0,0,0,0,0,38
4,8783,1862.06966,-0.517428398132324,-0.000190124148502946,0,0,0,0,0,38
4,8784,1862.28966,-0.527183949947357,-0.000272099860012531,0,0,0,0,0,38
4,8785,1862.50966,-0.517525374889374,-0.000146738049807027,0,0,0,0,0,38
4,8786,1862.72966,-0.536609768867493,-0.000322289706673473,0,0,0,0,0,38
4,8787,1862.94966,-0.527494251728058,-0.000205816744710319,0,0,0,0,0,38
4,8788,1863.16966,-0.540663301944733,-0.000318450212944299,0,0,0,0,0,38
4,8789,1863.38966,-0.539868116378784,-0.00028478933381848,0,0,0,0,0,38
4,8790,1863.60966,-0.545414984226227,-0.000320947641739622,0,0,0,0,0,38
4,8791,1863.82966,-0.548595726490021,-0.000328747264575213,0,0,0,0,0,38
4,8792,1864.04966,-0.526253044605255,-7.030570122879E-05,0,0,0,0,0,38
4,8793,1864.26966,-0.539829313755035,-0.00018472081865184,0,0,0,0,0,38
4,8794,1864.48966,-0.53628009557724,-0.000127089238958433,0,0,0,0,0,38
4,8795,1864.70966,-0.560174345970154,-0.00035508701694198,0,0,0,0,0,38
4,8796,1864.92966,-0.55400687456131,-0.000263152673142031,0,0,0,0,0,38
4,8797,1865.14966,-0.561512589454651,-0.000320379680488259,0,0,0,0,0,38
4,8798,1865.36966,-0.544988334178925,-0.000120888449600898,0,0,0,0,0,38
4,8799,1865.58966,-0.546501100063324,-0.000114244190626778,0,0,0,0,0,38
4,8800,1865.80966,-0.557924568653107,-0.000206727025215514,0,0,0,0,0,38
4,8801,1866.02966,-0.559243440628052,-0.00019806380441878,0,0,0,0,0,38
4,8802,1866.24966,-0.568223178386688,-0.000265611219219863,0,0,0,0,0,38
4,8803,1866.46966,-0.551989793777466,-7.08542065694928E-05,0,0,0,0,0,38
4,8804,1866.68966,-0.565992772579193,-0.000193920874153264,0,0,0,0,0,38
4,8805,1866.90966,-0.573110640048981,-0.00024292035959661,0,0,0,0,0,38
4,8806,1867.12966,-0.584165632724762,-0.000339911784976721,0,0,0,0,0,38
4,8807,1867.34966,-0.565217018127441,-0.000116270923172124,0,0,0,0,0,38
4,8808,1867.56966,-0.585659027099609,-0.000307682465063408,0,0,0,0,0,38
4,8809,1867.78966,-0.588781595230103,-0.000313638185616583,0,0,0,0,0,38
4,8810,1868.00966,-0.588684618473053,-0.000289803632767871,0,0,0,0,0,38
4,8811,1868.22966,-0.576116859912872,-0.000134873305796646,0,0,0,0,0,38
4,8812,1868.44966,-0.596849799156189,-0.000327381829265505,0,0,0,0,0,38
4,8813,1868.66966,-0.594309091567993,-0.000279903382761404,0,0,0,0,0,38
4,8814,1868.88966,-0.593610882759094,-0.000245686213020235,0,0,0,0,0,38
4,8815,1869.10966,-0.595783054828644,-0.000244674796704203,0,0,0,0,0,38
4,8816,1869.32966,-0.602513015270233,-0.000294670142466202,0,0,0,0,0,38
4,8817,1869.54966,-0.605965316295624,-0.000306422065477818,0,0,0,0,0,38
4,8818,1869.76966,-0.600845098495483,-0.000226142423343845,0,0,0,0,0,38
4,8819,1869.98966,-0.587094247341156,-6.03509797656443E-05,0,0,0,0,0,38
4,8820,1870.20966,-0.603657305240631,-0.000212982282391749,0,0,0,0,0,38
4,8821,1870.42966,-0.601756632328033,-0.000169884049682878,0,0,0,0,0,38
4,8822,1870.64966,-0.608350872993469,-0.000213452978641726,0,0,0,0,0,38
4,8823,1870.86966,-0.61519718170166,-0.000264292466454208,0,0,0,0,0,38
4,8824,1871.08966,-0.614557147026062,-0.000235416388022713,0,0,0,0,0,38
4,8825,1871.30966,-0.617097854614258,-0.000239606000832282,0,0,0,0,0,38
4,8826,1871.52966,-0.62861829996109,-0.000338912039296702,0,0,0,0,0,38
4,8827,1871.74966,-0.621267735958099,-0.00023811221763026,0,0,0,0,0,38
4,8828,1871.96966,-0.613393485546112,-0.000134764384711161,0,0,0,0,0,38
4,8829,1872.18966,-0.625166058540344,-0.000233747545280494,0,0,0,0,0,38
4,8830,1872.40966,-0.629083812236786,-0.000255780963925645,0,0,0,0,0,38
4,8831,1872.62966,-0.624778151512146,-0.000186230172403157,0,0,0,0,0,38
4,8832,1872.84966,-0.622722327709198,-0.000143396478961222,0,0,0,0,0,38
4,8833,1873.06966,-0.643649220466614,-0.000343455671099946,0,0,0,0,0,38
4,8834,1873.28966,-0.644037127494812,-0.00032461597584188,0,0,0,0,0,38
4,8835,1873.50966,-0.623556315898895,-8.81534069776535E-05,0,0,0,0,0,38
4,8836,1873.72966,-0.635057389736176,-0.000183868891326711,0,0,0,0,0,38
4,8837,1873.94966,-0.646461486816406,-0.000283536704955623,0,0,0,0,0,38
4,8838,1874.16966,-0.650786459445953,-0.00030895063537173,0,0,0,0,0,38
4,8839,1874.38966,-0.655266642570496,-0.000331435294356197,0,0,0,0,0,38
4,8840,1874.60966,-0.648963391780853,-0.000246697629336268,0,0,0,0,0,38
4,8841,1874.82966,-0.645239591598511,-0.000186156263225712,0,0,0,0,0,38
4,8842,1875.04966,-0.639227211475372,-9.62369958870113E-05,0,0,0,0,0,38
4,8843,1875.26966,-0.657981932163239,-0.000274943507974967,0,0,0,0,0,38
4,8844,1875.48966,-0.66265606880188,-0.000302870437735692,0,0,0,0,0,38
4,8845,1875.70966,-0.656294584274292,-0.000212492130231112,0,0,0,0,0,38
4,8846,1875.92966,-0.655227899551392,-0.000180087736225687,0,0,0,0,0,38
4,8847,1876.14966,-0.658874094486237,-0.000194134830962867,0,0,0,0,0,38
4,8848,1876.36966,-0.654995143413544,-0.000132259170641191,0,0,0,0,0,38
4,8849,1876.58966,-0.66189968585968,-0.00018490754882805,0,0,0,0,0,38
4,8850,1876.80966,-0.673148572444916,-0.000279245956335217,0,0,0,0,0,38
4,8851,1877.02966,-0.661608755588531,-0.000135935290018097,0,0,0,0,0,38
4,8852,1877.24966,-0.679917335510254,-0.000306149770040065,0,0,0,0,0,38
4,8853,1877.46966,-0.664770066738129,-0.00012310579768382,0,0,0,0,0,38
4,8854,1877.68966,-0.679665207862854,-0.000257286446867511,0,0,0,0,0,38
4,8855,1877.90966,-0.666748344898224,-0.000100554985692725,0,0,0,0,0,38
4,8856,1878.12966,-0.690390467643738,-0.000322585372487083,0,0,0,0,0,38
4,8857,1878.34966,-0.672605514526367,-0.000112408073619008,0,0,0,0,0,38
4,8858,1878.56966,-0.688470423221588,-0.000255617575021461,0,0,0,0,0,38
4,8859,1878.78966,-0.695491313934326,-0.000305013847537339,0,0,0,0,0,38
4,8860,1879.00966,-0.690060794353485,-0.000227243319386616,0,0,0,0,0,38
4,8861,1879.22966,-0.683369636535645,-0.000130403597722761,0,0,0,0,0,38
4,8862,1879.44966,-0.685949087142944,-0.000132391432998702,0,0,0,0,0,38
4,8863,1879.66966,-0.701503694057465,-0.000274686783086509,0,0,0,0,0,38
4,8864,1879.88966,-0.691146910190582,-0.000141743192216381,0,0,0,0,0,38
4,8865,1880.10966,-0.695937395095825,-0.000166460769833066,0,0,0,0,0,38
4,8866,1880.32966,-0.706042051315308,-0.000250439887167886,0,0,0,0,0,38
4,8867,1880.54966,-0.705402016639709,-0.00021838559769094,0,0,0,0,0,38
4,8868,1880.76966,-0.697857439517975,-0.000116014176455792,0,0,0,0,0,38
4,8869,1880.98966,-0.710328280925751,-0.000220774119952694,0,0,0,0,0,38
4,8870,1881.20966,-0.721945703029633,-0.000319582235533744,0,0,0,0,0,38
4,8871,1881.42966,-0.724234282970428,-0.000317209283821285,0,0,0,0,0,38
4,8872,1881.64966,-0.728423535823822,-0.000337624427629635,0,0,0,0,0,38
4,8873,1881.86966,-0.718357682228088,-0.000207205506740138,0,0,0,0,0,38
4,8874,1882.08966,-0.726290106773376,-0.000266610964899883,0,0,0,0,0,38
4,8875,1882.30966,-0.720297157764435,-0.000181219744263217,0,0,0,0,0,38
4,8876,1882.52966,-0.710754930973053,-5.26252770214342E-05,0,0,0,0,0,38
4,8877,1882.74966,-0.732767939567566,-0.000262421352090314,0,0,0,0,0,38
4,8878,1882.96966,-0.71847403049469,-8.91842792043462E-05,0,0,0,0,0,38
4,8879,1883.18966,-0.73494017124176,-0.000237478132476099,0,0,0,0,0,38
4,8880,1883.40966,-0.737888157367706,-0.000244799273787066,0,0,0,0,0,38
4,8881,1883.62966,-0.735269844532013,-0.000190699880477041,0,0,0,0,0,38
4,8882,1883.84966,-0.732050359249115,-0.00013362847676035,0,0,0,0,0,38
4,8883,1884.06966,-0.740777969360352,-0.000201876086066477,0,0,0,0,0,38
4,8884,1884.28966,-0.736685693264008,-0.000135133930598386,0,0,0,0,0,38
4,8885,1884.50966,-0.733582556247711,-8.11006830190308E-05,0,0,0,0,0,38
4,8886,1884.72966,-0.754102110862732,-0.000271041761152446,0,0,0,0,0,38
4,8887,1884.94966,-0.762500047683716,-0.000333602074533701,0,0,0,0,0,38
4,8888,1885.16966,-0.739924609661102,-7.57595989853144E-05,0,0,0,0,0,38
4,8889,1885.38966,-0.759396910667419,-0.000254804559517652,0,0,0,0,0,38
4,8890,1885.60966,-0.749912858009338,-0.000131014341604896,0,0,0,0,0,38
4,8891,1885.82966,-0.747488558292389,-8.19214910734445E-05,0,0,0,0,0,38
4,8892,1886.04966,-0.770839750766754,-0.000305006076814607,0,0,0,0,0,38
4,8893,1886.26966,-0.764400720596313,-0.00021174133871682,0,0,0,0,0,38
4,8894,1886.48966,-0.763838291168213,-0.000184148986591026,0,0,0,0,0,38
4,8895,1886.70966,-0.75449001789093,-6.31674047326669E-05,0,0,0,0,0,38
4,8896,1886.92966,-0.772507727146149,-0.000227461161557585,0,0,0,0,0,38
4,8897,1887.14966,-0.778733432292938,-0.00027068387134932,0,0,0,0,0,38
4,8898,1887.36966,-0.760987281799316,-6.02187174081337E-05,0,0,0,0,0,38
4,8899,1887.58966,-0.770199775695801,-0.000131839042296633,0,0,0,0,0,38
4,8900,1887.80966,-0.790622413158417,-0.000327630812535062,0,0,0,0,0,38
4,8901,1888.02966,-0.795432269573212,-0.000354981981217861,0,0,0,0,0,38
4,8902,1888.24966,-0.78548276424408,-0.000225041541852988,0,0,0,0,0,38
4,8903,1888.46966,-0.786762833595276,-0.000215930966078304,0,0,0,0,0,38
4,8904,1888.68966,-0.779121339321136,-0.00011517003440531,0,0,0,0,0,38
4,8905,1888.90966,-0.798341512680054,-0.000293577031698078,0,0,0,0,0,38
4,8906,1889.12966,-0.797972977161407,-0.000265988550381735,0,0,0,0,0,38
4,8907,1889.34966,-0.80194890499115,-0.000286092486931011,0,0,0,0,0,38
4,8908,1889.56966,-0.78548276424408,-8.9332097559236E-05,0,0,0,0,0,38
4,8909,1889.78966,-0.794850409030914,-0.000162710741278715,0,0,0,0,0,38
4,8910,1890.00966,-0.805420577526093,-0.000253513047937304,0,0,0,0,0,38
4,8911,1890.22966,-0.813469350337982,-0.000316707446472719,0,0,0,0,0,38
4,8912,1890.44966,-0.807553946971893,-0.000231884187087417,0,0,0,0,0,38
4,8913,1890.66966,-0.800862789154053,-0.000138277129735798,0,0,0,0,0,38
4,8914,1890.88966,-0.803170740604401,-0.000141836542752571,0,0,0,0,0,38
4,8915,1891.10966,-0.811045050621033,-0.000199460351723246,0,0,0,0,0,38
4,8916,1891.32966,-0.806855738162994,-0.00013594696065411,0,0,0,0,0,38
4,8917,1891.54966,-0.807224273681641,-0.000117041163321119,0,0,0,0,0,38
4,8918,1891.76966,-0.832631349563599,-0.000360260833986104,0,0,0,0,0,38
4,8919,1891.98966,-0.831603407859802,-0.000328260997775942,0,0,0,0,0,38
4,8920,1892.20966,-0.829101502895355,-0.00028312046197243,0,0,0,0,0,38
4,8921,1892.42966,-0.816805243492126,-0.000130512518808246,0,0,0,0,0,38
4,8922,1892.64966,-0.838895857334137,-0.000341261649737135,0,0,0,0,0,38
4,8923,1892.86966,-0.836452126502991,-0.000294724595732987,0,0,0,0,0,38
4,8924,1893.08966,-0.821809113025665,-0.000117686911835335,0,0,0,0,0,38
4,8925,1893.30966,-0.829198479652405,-0.000175999259226955,0,0,0,0,0,38
4,8926,1893.52966,-0.837538182735443,-0.000242107329540886,0,0,0,0,0,38
4,8927,1893.74966,-0.836316347122192,-0.000206501397769898,0,0,0,0,0,38
4,8928,1893.96966,-0.83183616399765,-0.000138467745273374,0,0,0,0,0,38
4,8929,1894.18966,-0.830827653408051,-0.00010680246487027,0,0,0,0,0,38
4,8930,1894.40966,-0.842270493507385,-0.000203292074729688,0,0,0,0,0,38
4,8931,1894.62966,-0.846964061260223,-0.000232592181419022,0,0,0,0,0,38
4,8932,1894.84966,-0.857669949531555,-0.000322048523230478,0,0,0,0,0,38
4,8933,1895.06966,-0.853694021701813,-0.0002597332932055,0,0,0,0,0,38
4,8934,1895.28966,-0.851676940917969,-0.000218770728679374,0,0,0,0,0,38
4,8935,1895.50966,-0.847351908683777,-0.000154728288180195,0,0,0,0,0,38
4,8936,1895.72966,-0.852821230888367,-0.000188622580026276,0,0,0,0,0,38
4,8937,1895.94966,-0.870295882225037,-0.000347408000379801,0,0,0,0,0,38
4,8938,1896.16966,-0.862324655056,-0.000244355789618567,0,0,0,0,0,38
4,8939,1896.38966,-0.877549529075623,-0.00038626990863122,0,0,0,0,0,38
4,8940,1896.60966,-0.856370449066162,-0.000145590485772118,0,0,0,0,0,38
4,8941,1896.82966,-0.858445703983307,-0.000148095699842088,0,0,0,0,0,38
4,8942,1897.04966,-0.87372875213623,-0.000284622045001015,0,0,0,0,0,38
4,8943,1897.26966,-0.866281151771545,-0.000187634490430355,0,0,0,0,0,38
4,8944,1897.48966,-0.880633234977722,-0.000318177888402715,0,0,0,0,0,38
4,8945,1897.70966,-0.866766035556793,-0.000157058442709967,0,0,0,0,0,38
4,8946,1897.92966,-0.878189504146576,-0.000252711703069508,0,0,0,0,0,38
4,8947,1898.14966,-0.869306743144989,-0.000143435376230627,0,0,0,0,0,38
4,8948,1898.36966,-0.873495995998383,-0.000168549755471759,0,0,0,0,0,38
4,8949,1898.58966,-0.890330612659454,-0.000320441933581606,0,0,0,0,0,38
4,8950,1898.80966,-0.897972166538239,-0.000379831821192056,0,0,0,0,0,38
4,8951,1899.02966,-0.883445501327515,-0.000214028710615821,0,0,0,0,0,38
4,8952,1899.24966,-0.896575748920441,-0.00032877447665669,0,0,0,0,0,38
4,8953,1899.46966,-0.883038222789764,-0.000172894971910864,0,0,0,0,0,38
4,8954,1899.68966,-0.907941043376923,-0.000408493971917778,0,0,0,0,0,38
4,8955,1899.90966,-0.896730899810791,-0.000275737111223862,0,0,0,0,0,38
4,8956,1900.12966,-0.90487664937973,-0.000342109706252813,0,0,0,0,0,38
4,8957,1900.34966,-0.892580389976501,-0.00020188775670249,0,0,0,0,0,38
4,8958,1900.56966,-0.914186120033264,-0.000400118617108092,0,0,0,0,0,38
4,8959,1900.78966,-0.91814261674881,-0.000420879980083555,0,0,0,0,0,38
4,8960,1901.00966,-0.90578818321228,-0.000279459898592904,0,0,0,0,0,38
4,8961,1901.22966,-0.924659252166748,-0.000451168161816895,0,0,0,0,0,38
4,8962,1901.44966,-0.914283096790314,-0.000331797084072605,0,0,0,0,0,38
4,8963,1901.66966,-0.924911379814148,-0.000419277261244133,0,0,0,0,0,38
4,8964,1901.88966,-0.919093012809753,-0.000346353772329167,0,0,0,0,0,38
4,8965,1902.10966,-0.919519662857056,-0.000333835487253964,0,0,0,0,0,38
4,8966,1902.32966,-0.928790330886841,-0.000409929401939735,0,0,0,0,0,38
4,8967,1902.54966,-0.911839365959167,-0.000224590286961757,0,0,0,0,0,38
4,8968,1902.76966,-0.921827614307404,-0.000306663248920813,0,0,0,0,0,38
4,8969,1902.98966,-0.921400964260101,-0.000288333190837875,0,0,0,0,0,38
4,8970,1903.20966,-0.930109202861786,-0.0003587631508708,0,0,0,0,0,38
4,8971,1903.42966,-0.949115991592407,-0.000530339137185365,0,0,0,0,0,38
4,8972,1903.64966,-0.936431884765625,-0.000386635569157079,0,0,0,0,0,38
4,8973,1903.86966,-0.948825061321259,-0.000495063839480281,0,0,0,0,0,38
4,8974,1904.08966,-0.939379870891571,-0.000384853919968009,0,0,0,0,0,38
4,8975,1904.30966,-0.929779469966888,-0.000276351725915447,0,0,0,0,0,38
4,8976,1904.52966,-0.958852171897888,-0.000545475457329303,0,0,0,0,0,38
4,8977,1904.74966,-0.93501603603363,-0.00030160226742737,0,0,0,0,0,38
4,8978,1904.96966,-0.941726624965668,-0.000349629233824089,0,0,0,0,0,38
4,8979,1905.18966,-0.939515650272369,-0.000315832177875564,0,0,0,0,0,38
4,8980,1905.40966,-0.959046125411987,-0.000489726662635803,0,0,0,0,0,38
4,8981,1905.62966,-0.942967891693115,-0.000322628155117854,0,0,0,0,0,38
4,8982,1905.84966,-0.962071657180786,-0.000486836332129315,0,0,0,0,0,38
4,8983,1906.06966,-0.962420761585236,-0.000478363741422072,0,0,0,0,0,38
4,8984,1906.28966,-0.95962792634964,-0.000435701193055138,0,0,0,0,0,38
4,8985,1906.50966,-0.953538000583649,-0.000366422726074234,0,0,0,0,0,38
4,8986,1906.72966,-0.982707679271698,-0.000625918502919376,0,0,0,0,0,38
4,8987,1906.94966,-0.955555021762848,-0.000357981218257919,0,0,0,0,0,38
4,8988,1907.16966,-0.962459564208984,-0.000409128057071939,0,0,0,0,0,38
4,8989,1907.38966,-0.962595343589783,-0.000397928495658562,0,0,0,0,0,38
4,8990,1907.60966,-0.961121320724487,-0.000370787398424,0,0,0,0,0,38
4,8991,1907.82966,-0.975046753883362,-0.000487443205201998,0,0,0,0,0,38
4,8992,1908.04966,-0.991551637649536,-0.000628917710855603,0,0,0,0,0,38
4,8993,1908.26966,-0.97553163766861,-0.000466191675513983,0,0,0,0,0,38
4,8994,1908.48966,-0.994266927242279,-0.000626797613222152,0,0,0,0,0,38
4,8995,1908.70966,-0.981388807296753,-0.000494060222990811,0,0,0,0,0,38
4,8996,1908.92966,-0.980942726135254,-0.000479857524624094,0,0,0,0,0,38
4,8997,1909.14966,-0.99985259771347,-0.000640191195998341,0,0,0,0,0,38
4,8998,1909.36966,-0.992695927619934,-0.000560506712645292,0,0,0,0,0,38
4,8999,1909.58966,-0.986722350120544,-0.000495285610668361,0,0,0,0,0,38
4,9000,1909.80966,-0.991958916187286,-0.000529895653016865,0,0,0,0,0,38
4,9001,1910.02966,-0.985907793045044,-0.00046833511441946,0,0,0,0,0,38
