Segment,Point,Elapsed Time (s),Potential (V),Current (A),Frequency (Hz),|Z| (ohms),Zre (ohms),Zim (ohms),Phase of Z (deg),ActionId
0,0,0.161445,0.613089561462402,-1.99584587790014E-06,0,0,0,0,0,38
0,2,0.484335,0.609928250312805,-3.95109083228817E-07,0,0,0,0,0,38
0,3,0.64578,0.60820209980011,-4.07916360245508E-07,0,0,0,0,0,38
0,4,0.807225,0.606766879558563,-4.27123353574643E-07,0,0,0,0,0,38
0,5,0.96867,0.604866206645966,-4.45240374347122E-07,0,0,0,0,0,38
0,6,1.130115,0.60323703289032,-5.05582420373685E-07,0,0,0,0,0,38
0,7,1.29156,0.601801812648773,-4.87998761400377E-07,0,0,0,0,0,38
0,8,1.453005,0.600114524364471,-5.02748491726379E-07,0,0,0,0,0,38
0,9,1.61445,0.598524153232574,-5.46363253306481E-07,0,0,0,0,0,38
0,10,1.775895,0.597147107124329,-5.135353831065E-07,0,0,0,0,0,38
0,11,1.93734,0.595265805721283,-5.01016188536596E-07,0,0,0,0,0,38
0,12,2.098785,0.594005167484283,-5.12161250298959E-07,0,0,0,0,0,38
0,13,2.26023,0.591968715190887,-4.87901388623868E-07,0,0,0,0,0,38
0,14,2.421675,0.590436518192291,-4.81416009279201E-07,0,0,0,0,0,38
0,15,2.58312,0.589078903198242,-5.53708957795607E-07,0,0,0,0,0,38
0,16,2.744565,0.587314009666443,-5.16840373165905E-07,0,0,0,0,0,38
0,17,2.90601,0.585801184177399,-6.07040135491843E-07,0,0,0,0,0,38
0,18,3.067455,0.58424961566925,-6.04054321229341E-07,0,0,0,0,0,38
0,19,3.2289,0.582271337509155,-5.82044549446437E-07,0,0,0,0,0,38
0,20,3.390345,0.580913722515106,-6.14767316164944E-07,0,0,0,0,0,38
0,21,3.55179,0.579439699649811,-6.49821799925121E-07,0,0,0,0,0,38
0,22,3.713235,0.57781058549881,-6.50631534426793E-07,0,0,0,0,0,38
0,23,3.87468,0.575909912586212,-7.07855463133455E-07,0,0,0,0,0,38
0,24,4.036125,0.574358284473419,-6.48085631382855E-07,0,0,0,0,0,38
0,25,4.19757,0.572767972946167,-6.33557760920667E-07,0,0,0,0,0,38
0,26,4.359015,0.571235775947571,-6.73556144192844E-07,0,0,0,0,0,38
0,27,4.52046,0.569432079792023,-6.2389585764322E-07,0,0,0,0,0,38
0,28,4.681905,0.567764103412628,-6.24674441951356E-07,0,0,0,0,0,38
0,29,4.84335,0.56636768579483,-6.79321374263964E-07,0,0,0,0,0,38
0,30,5.004795,0.564563989639282,-6.8605976366598E-07,0,0,0,0,0,38
0,31,5.16624,0.563186943531036,-7.05632658082322E-07,0,0,0,0,0,38
0,32,5.327685,0.561422049999237,-7.62996762659895E-07,0,0,0,0,0,38
0,33,5.48913,0.559851050376892,-8.20465970718942E-07,0,0,0,0,0,38
0,34,5.650575,0.558415830135345,-7.92157607065747E-07,0,0,0,0,0,38
0,35,5.81202,0.556767284870148,-8.43398368033377E-07,0,0,0,0,0,38
0,36,5.973465,0.5550217628479,-8.32856699162221E-07,0,0,0,0,0,38
0,37,6.13491,0.553334414958954,-8.15140651866386E-07,0,0,0,0,0,38
0,38,6.296355,0.551705300807953,-8.35904756968375E-07,0,0,0,0,0,38
0,39,6.4578,0.550425231456757,-8.91781780865131E-07,0,0,0,0,0,38
0,40,6.619245,0.548640906810761,-8.69682423854101E-07,0,0,0,0,0,38
0,41,6.78069,0.547147512435913,-8.4908958797314E-07,0,0,0,0,0,38
0,42,6.942135,0.545654118061066,-8.60405918956531E-07,0,0,0,0,0,38
0,43,7.10358,0.543811619281769,-8.23829338969517E-07,0,0,0,0,0,38
0,44,7.265025,0.542298853397369,-8.63298282638425E-07,0,0,0,0,0,38
0,45,7.42647,0.540359377861023,-9.33687601900601E-07,0,0,0,0,0,38
0,46,7.587915,0.538904786109924,-9.81759626483836E-07,0,0,0,0,0,38
0,47,7.74936,0.537198066711426,-1.02122862699616E-06,0,0,0,0,0,38
0,48,7.910805,0.535336136817932,-1.05233198155474E-06,0,0,0,0,0,38
0,49,8.07225,0.534075498580933,-1.03674915408192E-06,0,0,0,0,0,38
0,50,8.233695,0.532465755939484,-1.0212986580882E-06,0,0,0,0,0,38
0,51,8.39514,0.53101110458374,-1.12116811123997E-06,0,0,0,0,0,38
0,52,8.556585,0.529052257537842,-1.11629037746752E-06,0,0,0,0,0,38
0,53,8.71803,0.527403712272644,-1.15240766263014E-06,0,0,0,0,0,38
0,54,8.879475,0.525910317897797,-1.1401804158595E-06,0,0,0,0,0,38
0,55,9.04092,0.524300575256348,-1.12035445454239E-06,0,0,0,0,0,38
0,56,9.202365,0.522671401500702,-1.16147782591725E-06,0,0,0,0,0,38
0,57,9.36381,0.521119832992554,-1.15708678549709E-06,0,0,0,0,0,38
0,58,9.525255,0.51960700750351,-1.22145786463079E-06,0,0,0,0,0,38
0,59,9.6867,0.517880916595459,-1.29100635604118E-06,0,0,0,0,0,38
0,60,9.848145,0.516309916973114,-1.30702517253667E-06,0,0,0,0,0,38
0,61,10.00959,0.514564394950867,-1.39351902816998E-06,0,0,0,0,0,38
0,62,10.171035,0.513012826442719,-1.37756637741404E-06,0,0,0,0,0,38
0,63,10.33248,0.511286675930023,-1.4180864127411E-06,0,0,0,0,0,38
0,64,10.493925,0.509967863559723,-1.44043872296606E-06,0,0,0,0,0,38
0,65,10.65537,0.508202910423279,-1.59296200763492E-06,0,0,0,0,0,38
0,66,10.816815,0.506690144538879,-1.56786518346053E-06,0,0,0,0,0,38
0,67,10.97826,0.50477010011673,-1.53861867602245E-06,0,0,0,0,0,38
0,68,11.139705,0.503664553165436,-1.30411729060143E-06,0,0,0,0,0,38
0,69,11.30115,0.501957833766937,-1.43027955346042E-06,0,0,0,0,0,38
0,70,11.462595,0.50005716085434,-1.39153223699395E-06,0,0,0,0,0,38
0,71,11.62404,0.498641341924667,-1.34916683691699E-06,0,0,0,0,0,38
0,72,11.785485,0.496934592723846,-1.90046091574914E-06,0,0,0,0,0,38
0,73,11.94693,0.495770931243896,-2.02082674150006E-06,0,0,0,0,0,38
0,74,12.108375,0.4937344789505,-2.18982108890486E-06,0,0,0,0,0,38
0,75,12.26982,0.49202772974968,-2.17947308556177E-06,0,0,0,0,0,38
0,76,12.431265,0.49035981297493,-2.12687609746354E-06,0,0,0,0,0,38
0,77,12.59271,0.488691866397858,-2.23903339247045E-06,0,0,0,0,0,38
0,78,12.754155,0.487373024225235,-1.85743419933715E-06,0,0,0,0,0,38
0,79,12.9156,0.485782653093338,-1.85206556579942E-06,0,0,0,0,0,38
0,80,13.077045,0.484037131071091,-2.25132680498064E-06,0,0,0,0,0,38
0,81,13.23849,0.482446759939194,-2.12792656384408E-06,0,0,0,0,0,38
0,82,13.399935,0.481147319078445,-2.20787205762463E-06,0,0,0,0,0,38
0,83,13.56138,0.47916904091835,-2.60390447692771E-06,0,0,0,0,0,38
0,84,13.722825,0.477656245231628,-2.35348602473096E-06,0,0,0,0,0,38
0,85,13.88427,0.476240456104279,-2.08855681194109E-06,0,0,0,0,0,38
0,86,14.045715,0.474378556013107,-2.62930802819028E-06,0,0,0,0,0,38
0,87,14.20716,0.472865760326386,-2.77293770523102E-06,0,0,0,0,0,38
0,88,14.368605,0.470965087413788,-2.95698782792897E-06,0,0,0,0,0,38
0,89,14.53005,0.469297140836716,-3.29886711369909E-06,0,0,0,0,0,38
0,90,14.691495,0.467939496040344,-3.17258809445775E-06,0,0,0,0,0,38
0,91,14.85294,0.466310352087021,-3.3867099773488E-06,0,0,0,0,0,38
0,92,15.014385,0.464816957712173,-3.13555233333318E-06,0,0,0,0,0,38
0,93,15.17583,0.462722331285477,-3.04389709526731E-06,0,0,0,0,0,38
0,94,15.337275,0.46138408780098,-2.95025756713585E-06,0,0,0,0,0,38
0,95,15.49872,0.459735542535782,-3.21390302815416E-06,0,0,0,0,0,38
0,96,15.660165,0.458086997270584,-3.08921903524606E-06,0,0,0,0,0,38
0,97,15.82161,0.456535428762436,-3.03234287457599E-06,0,0,0,0,0,38
0,98,15.983055,0.45531353354454,-3.27762609231286E-06,0,0,0,0,0,38
0,99,16.1445,0.453277111053467,-3.66039239452221E-06,0,0,0,0,0,38
0,100,16.305945,0.451861292123795,-3.53601967617578E-06,0,0,0,0,0,38
0,101,16.46739,0.449960619211197,-3.959050445701E-06,0,0,0,0,0,38
0,102,16.628835,0.448661148548126,-4.1720441004145E-06,0,0,0,0,0,38
0,103,16.79028,0.446857452392578,-3.86797864848631E-06,0,0,0,0,0,38
0,104,16.951725,0.445189505815506,-4.66019855593913E-06,0,0,0,0,0,38
0,105,17.11317,0.443618535995483,-4.4107919165981E-06,0,0,0,0,0,38
0,106,17.274615,0.44214454293251,-4.72629471914843E-06,0,0,0,0,0,38
0,107,17.43606,0.440379619598389,-4.40775738752563E-06,0,0,0,0,0,38
0,108,17.597505,0.438731074333191,-4.5015913201496E-06,0,0,0,0,0,38
0,109,17.75895,0.437354028224945,-4.41293150288402E-06,0,0,0,0,0,38
0,110,17.920395,0.435666710138321,-4.63047672383254E-06,0,0,0,0,0,38
0,111,18.08184,0.43411511182785,-4.66552864963887E-06,0,0,0,0,0,38
0,112,18.243285,0.432311415672302,-4.78729452879634E-06,0,0,0,0,0,38
0,113,18.40473,0.43064346909523,-4.85335203848081E-06,0,0,0,0,0,38
0,114,18.566175,0.429363429546356,-5.01954536957783E-06,0,0,0,0,0,38
0,115,18.72762,0.427559703588486,-5.06786273035686E-06,0,0,0,0,0,38
0,116,18.889065,0.425794780254364,-5.83273413212737E-06,0,0,0,0,0,38
0,117,19.05051,0.424553513526917,-6.16197030467447E-06,0,0,0,0,0,38
0,118,19.211955,0.422807991504669,-6.06899220656487E-06,0,0,0,0,0,38
0,119,19.3734,0.421023696660995,-5.86257283430314E-06,0,0,0,0,0,38
0,120,19.534845,0.419569075107574,-5.95959681959357E-06,0,0,0,0,0,38
0,121,19.69629,0.417920529842377,-6.3428688008571E-06,0,0,0,0,0,38
0,122,19.857735,0.416136234998703,-6.36714457868948E-06,0,0,0,0,0,38
0,123,20.01918,0.414565235376358,-6.14423015576904E-06,0,0,0,0,0,38
0,124,20.180625,0.412877917289734,-6.45755471850862E-06,0,0,0,0,0,38
0,125,20.34207,0.411112993955612,-6.41021006231313E-06,0,0,0,0,0,38
0,126,20.503515,0.40985232591629,-6.65650486553204E-06,0,0,0,0,0,38
0,127,20.66496,0.408242583274841,-6.50622268949519E-06,0,0,0,0,0,38
0,128,20.826405,0.406981915235519,-6.74092416375061E-06,0,0,0,0,0,38
0,129,20.98785,0.404945462942123,-6.68046868668171E-06,0,0,0,0,0,38
0,130,21.149295,0.403393894433975,-7.30326655684621E-06,0,0,0,0,0,38
0,131,21.31074,0.401590198278427,-7.72913699620403E-06,0,0,0,0,0,38
0,132,21.472185,0.400290727615356,-7.88447687227745E-06,0,0,0,0,0,38
0,133,21.63363,0.398661583662033,-7.99313329480356E-06,0,0,0,0,0,38
0,134,21.795075,0.397090613842011,-8.14446593722096E-06,0,0,0,0,0,38
0,135,21.95652,0.395480841398239,-8.37449897517217E-06,0,0,0,0,0,38
0,136,22.117965,0.393774121999741,-8.12295184005052E-06,0,0,0,0,0,38
0,137,22.27941,0.392125576734543,-7.8903512985562E-06,0,0,0,0,0,38
0,138,22.440855,0.390767931938171,-8.21915909909876E-06,0,0,0,0,0,38
0,139,22.6023,0.388692706823349,-8.2941251093871E-06,0,0,0,0,0,38
0,140,22.763745,0.387044161558151,-8.56562928674975E-06,0,0,0,0,0,38
0,141,22.92519,0.385570138692856,-8.57990653457819E-06,0,0,0,0,0,38
0,142,23.086635,0.383785843849182,-8.8841661636252E-06,0,0,0,0,0,38
0,143,23.24808,0.382602751255035,-9.11871302378131E-06,0,0,0,0,0,38
0,144,23.409525,0.380876630544662,-8.84156816027826E-06,0,0,0,0,0,38
0,145,23.57097,0.37915050983429,-9.34594481805107E-06,0,0,0,0,0,38
0,146,23.732415,0.377308011054993,-9.64666469371878E-06,0,0,0,0,0,38
0,147,23.89386,0.376047343015671,-9.85958104138263E-06,0,0,0,0,0,38
0,148,24.055305,0.374301820993423,-9.8760365290218E-06,0,0,0,0,0,38
0,149,24.21675,0.372730851173401,-1.01862879091641E-05,0,0,0,0,0,38
0,150,24.378195,0.371159881353378,-1.01601062851842E-05,0,0,0,0,0,38
0,151,24.53964,0.369297981262207,-1.00099796327413E-05,0,0,0,0,0,38
0,152,24.701085,0.36780458688736,-1.03663696791045E-05,0,0,0,0,0,38
0,153,24.86253,0.366078466176987,-1.0451917660248E-05,0,0,0,0,0,38
0,154,25.023975,0.364565670490265,-1.0271563041897E-05,0,0,0,0,0,38
0,155,25.18542,0.362839549779892,-1.07643863884732E-05,0,0,0,0,0,38
0,156,25.346865,0.361792236566544,-1.1259193342994E-05,0,0,0,0,0,38
0,157,25.50831,0.359910935163498,-1.11338868009625E-05,0,0,0,0,0,38
0,158,25.669755,0.3580102622509,-1.10776327346684E-05,0,0,0,0,0,38
0,159,25.8312,0.356128960847855,-1.13150963443331E-05,0,0,0,0,0,38
0,160,25.992645,0.355256199836731,-1.11932522486313E-05,0,0,0,0,0,38
0,161,26.15409,0.353374928236008,-1.19878459372558E-05,0,0,0,0,0,38
0,162,26.315535,0.351416051387787,-1.1973645996477E-05,0,0,0,0,0,38
0,163,26.47698,0.350194185972214,-1.20318836707156E-05,0,0,0,0,0,38
0,164,26.638425,0.348487466573715,-1.19157193694264E-05,0,0,0,0,0,38
0,165,26.79987,0.34660616517067,-1.17699109978275E-05,0,0,0,0,0,38
0,166,26.961315,0.345170944929123,-1.1919026292162E-05,0,0,0,0,0,38
0,167,27.12276,0.343793928623199,-1.2021263501083E-05,0,0,0,0,0,38
0,168,27.284205,0.342222958803177,-1.20417653306504E-05,0,0,0,0,0,38
0,169,27.44565,0.339914977550507,-1.19427568279207E-05,0,0,0,0,0,38
0,170,27.607095,0.338828891515732,-1.24029402286396E-05,0,0,0,0,0,38
0,171,27.76854,0.337025165557861,-1.23606141642085E-05,0,0,0,0,0,38
0,172,27.929985,0.335589975118637,-1.29023765111924E-05,0,0,0,0,0,38
0,173,28.09143,0.33425173163414,-1.27412013171124E-05,0,0,0,0,0,38
0,174,28.252875,0.332467406988144,-1.33682397063239E-05,0,0,0,0,0,38
0,175,28.41432,0.330741286277771,-1.30988364617224E-05,0,0,0,0,0,38
0,176,28.575765,0.328976362943649,-1.32821860461263E-05,0,0,0,0,0,38
0,177,28.73721,0.327347218990326,-1.33175490191206E-05,0,0,0,0,0,38
0,178,28.898655,0.325970202684402,-1.32249988382682E-05,0,0,0,0,0,38
0,179,29.0601,0.324341028928757,-1.34300180434366E-05,0,0,0,0,0,38
0,180,29.221545,0.322634309530258,-1.35690961542423E-05,0,0,0,0,0,38
0,181,29.38299,0.32149001955986,-1.39122203108855E-05,0,0,0,0,0,38
0,182,29.544435,0.319240212440491,-1.39292596941232E-05,0,0,0,0,0,38
0,183,29.70588,0.317863196134567,-1.39337726068334E-05,0,0,0,0,0,38
0,184,29.867325,0.315943121910095,-1.43848519655876E-05,0,0,0,0,0,38
0,185,30.02877,0.315031558275223,-1.45680460263975E-05,0,0,0,0,0,38
0,186,30.190215,0.313014507293701,-1.47272758113104E-05,0,0,0,0,0,38
0,187,30.35166,0.311288386583328,-1.44914847624023E-05,0,0,0,0,0,38
0,188,30.513105,0.309950143098831,-1.48090502989362E-05,0,0,0,0,0,38
0,189,30.67455,0.308185219764709,-1.50364767250721E-05,0,0,0,0,0,38
0,190,30.835995,0.30667245388031,-1.5337391232606E-05,0,0,0,0,0,38
0,191,30.99744,0.304926931858063,-1.55142442963552E-05,0,0,0,0,0,38
0,192,31.158885,0.30335596203804,-1.55681645992445E-05,0,0,0,0,0,38
0,193,31.32033,0.301532834768295,-1.56905916810501E-05,0,0,0,0,0,38
0,194,31.481775,0.300155818462372,-1.56972673721612E-05,0,0,0,0,0,38
0,195,31.64322,0.298332720994949,-1.92898551176768E-05,0,0,0,0,0,38
0,196,31.804665,0.297091454267502,-1.74593678821111E-05,0,0,0,0,0,38
0,197,31.96611,0.295229554176331,-2.0222389139235E-05,0,0,0,0,0,38
0,198,32.127555,0.293542236089706,-1.72604268300347E-05,0,0,0,0,0,38
0,199,32.289,0.292165189981461,-1.7547570678289E-05,0,0,0,0,0,38
0,200,32.450445,0.290128767490387,-1.89176189451246E-05,0,0,0,0,0,38
0,201,32.61189,0.289062052965164,-1.57536087499466E-05,0,0,0,0,0,38
0,202,32.773335,0.287394106388092,-1.41411019285442E-05,0,0,0,0,0,38
0,203,32.93478,0.285590380430222,-1.66946902027121E-05,0,0,0,0,0,38
0,204,33.096225,0.283747881650925,-1.62295891641406E-05,0,0,0,0,0,38
0,205,33.25767,0.282429039478302,-1.5954492482706E-05,0,0,0,0,0,38
0,206,33.419115,0.280567169189453,-1.61305069923401E-05,0,0,0,0,0,38
0,207,33.58056,0.278996199369431,-2.06082240765681E-05,0,0,0,0,0,38
0,208,33.742005,0.277173072099686,-1.94099175132578E-05,0,0,0,0,0,38
0,209,33.90345,0.275718480348587,-1.90571099665249E-05,0,0,0,0,0,38
0,210,34.064895,0.273992359638214,-2.09054687729804E-05,0,0,0,0,0,38
0,211,34.22634,0.272305011749268,-1.90147566172527E-05,0,0,0,0,0,38
0,212,34.387785,0.27121889591217,-1.91923263628269E-05,0,0,0,0,0,38
0,213,34.54923,0.269201844930649,-1.95260963664623E-05,0,0,0,0,0,38
0,214,34.710675,0.268135160207748,-1.64619450515602E-05,0,0,0,0,0,38
0,215,34.87212,0.266447812318802,-1.78724039869849E-05,0,0,0,0,0,38
0,216,35.033565,0.264488935470581,-2.0704197595478E-05,0,0,0,0,0,38
0,217,35.19501,0.263131320476532,-2.0927229343215E-05,0,0,0,0,0,38
0,218,35.356455,0.261269420385361,-2.14657666219864E-05,0,0,0,0,0,38
0,219,35.5179,0.259485095739365,-1.993213663809E-05,0,0,0,0,0,38
0,220,35.679345,0.258011102676392,-2.01489510800457E-05,0,0,0,0,0,38
0,221,35.84079,0.256769835948944,-1.99939186131814E-05,0,0,0,0,0,38
0,222,36.002235,0.254791587591171,-2.06490221899003E-05,0,0,0,0,0,38
0,223,36.16368,0.25308483839035,-2.15951567952288E-05,0,0,0,0,0,38
0,224,36.325125,0.251455694437027,-2.54795486398507E-05,0,0,0,0,0,38
0,225,36.48657,0.249981686472893,-2.35297757171793E-05,0,0,0,0,0,38
0,226,36.648015,0.24866284430027,-1.89428737940034E-05,0,0,0,0,0,38
0,227,36.80946,0.246975511312485,-1.99601126951166E-05,0,0,0,0,0,38
0,228,36.970905,0.245346352458,-2.17758351936936E-05,0,0,0,0,0,38
0,229,37.13235,0.243542641401291,-2.24390987568768E-05,0,0,0,0,0,38
0,230,37.293795,0.24202986061573,-2.51768633461325E-05,0,0,0,0,0,38
0,231,37.45524,0.240167960524559,-2.53672551480122E-05,0,0,0,0,0,38
0,232,37.616685,0.238577604293823,-2.52021200140007E-05,0,0,0,0,0,38
0,233,37.77813,0.236812680959702,-2.68717431026744E-05,0,0,0,0,0,38
0,234,37.939575,0.235435649752617,-2.63809979514917E-05,0,0,0,0,0,38
0,235,38.10102,0.233709529042244,-2.70951641141437E-05,0,0,0,0,0,38
0,236,38.262465,0.232080370187759,-2.83700155705446E-05,0,0,0,0,0,38
0,237,38.42391,0.230586975812912,-2.33250066230539E-05,0,0,0,0,0,38
0,238,38.585355,0.229112982749939,-2.36758733080933E-05,0,0,0,0,0,38
0,239,38.7468,0.227619588375092,-2.47929710894823E-05,0,0,0,0,0,38
0,240,38.908245,0.225718900561333,-2.19720550376223E-05,0,0,0,0,0,38
0,241,39.06969,0.224012166261673,-2.48178384936182E-05,0,0,0,0,0,38
0,242,39.231135,0.222673937678337,-2.65441922238097E-05,0,0,0,0,0,38
0,243,39.39258,0.220792651176453,-2.9474678740371E-05,0,0,0,0,0,38
0,244,39.554025,0.219144091010094,-3.02751050185179E-05,0,0,0,0,0,38
0,245,39.71547,0.217980414628983,-2.92613622150384E-05,0,0,0,0,0,38
0,246,39.876915,0.215769410133362,-3.11613985104486E-05,0,0,0,0,0,38
0,247,40.03836,0.214314803481102,-3.10743635054678E-05,0,0,0,0,0,38
0,248,40.199805,0.212821409106255,-2.92291115329135E-05,0,0,0,0,0,38
0,249,40.36125,0.211347416043282,-2.96495290967869E-05,0,0,0,0,0,38
0,250,40.522695,0.209718257188797,-2.8443841074477E-05,0,0,0,0,0,38
0,251,40.68414,0.208147287368774,-3.12837946694344E-05,0,0,0,0,0,38
0,252,40.845585,0.206556916236877,-3.19789214699995E-05,0,0,0,0,0,38
0,253,41.00703,0.204695031046867,-3.27113484672736E-05,0,0,0,0,0,38
0,254,41.168475,0.203550741076469,-3.14823482767679E-05,0,0,0,0,0,38
0,255,41.32992,0.201669454574585,-3.11365329253022E-05,0,0,0,0,0,38
0,256,41.491365,0.1999821215868,-3.29798422171734E-05,0,0,0,0,0,38
0,257,41.65281,0.198120221495628,-3.56270720658358E-05,0,0,0,0,0,38
0,258,41.814255,0.196432888507843,-3.50729897036217E-05,0,0,0,0,0,38
0,259,41.9757,0.194958880543709,-3.21840780088678E-05,0,0,0,0,0,38
0,260,42.137145,0.193620651960373,-3.38039681082591E-05,0,0,0,0,0,38
0,261,42.29859,0.19204968214035,-3.4962642530445E-05,0,0,0,0,0,38
0,262,42.460035,0.190362334251404,-3.399008710403E-05,0,0,0,0,0,38
0,263,42.62148,0.188597410917282,-3.41019913321361E-05,0,0,0,0,0,38
0,264,42.782925,0.18667733669281,-3.49276706401724E-05,0,0,0,0,0,38
0,265,42.94437,0.185630023479462,-3.79405319108628E-05,0,0,0,0,0,38
0,266,43.105815,0.183981478214264,-3.93292320950422E-05,0,0,0,0,0,38
0,267,43.26726,0.182391107082367,-3.88932712667156E-05,0,0,0,0,0,38
0,268,43.428705,0.180471032857895,-3.75954950868618E-05,0,0,0,0,0,38
0,269,43.59015,0.179249167442322,-3.52008246409241E-05,0,0,0,0,0,38
0,270,43.751595,0.177154541015625,-3.71342794096563E-05,0,0,0,0,0,38
0,271,43.91304,0.17602963745594,-3.79875491489656E-05,0,0,0,0,0,38
0,272,44.074485,0.174070775508881,-3.81814388674684E-05,0,0,0,0,0,38
0,273,44.23593,0.172848910093308,-4.13019297411665E-05,0,0,0,0,0,38
0,274,44.397375,0.170851245522499,-4.17437186115421E-05,0,0,0,0,0,38
0,275,44.55882,0.169319063425064,-4.12832778238226E-05,0,0,0,0,0,38
0,276,44.720265,0.167689919471741,-4.30620857514441E-05,0,0,0,0,0,38
0,277,44.88171,0.165963783860207,-4.48113642050885E-05,0,0,0,0,0,38
0,278,45.043155,0.164450988173485,-4.46528356405906E-05,0,0,0,0,0,38
0,279,45.2046,0.162880018353462,-4.31203698099125E-05,0,0,0,0,0,38
0,280,45.366045,0.161095708608627,-4.65851226181258E-05,0,0,0,0,0,38
0,281,45.52749,0.159699290990829,-4.70218583359383E-05,0,0,0,0,0,38
0,282,45.688935,0.15814770758152,-4.41232332377695E-05,0,0,0,0,0,38
0,283,45.85038,0.156208246946335,-4.792641630047E-05,0,0,0,0,0,38
0,284,46.011825,0.15457908809185,-4.71862185804639E-05,0,0,0,0,0,38
0,285,46.17327,0.153163269162178,-4.93986553919967E-05,0,0,0,0,0,38
0,286,46.334715,0.151553511619568,-5.1301802159287E-05,0,0,0,0,0,38
0,287,46.49616,0.149788588285446,-5.06773903907742E-05,0,0,0,0,0,38
0,288,46.657605,0.148489147424698,-5.01590584462974E-05,0,0,0,0,0,38
0,289,46.81905,0.146704822778702,-4.98641456943005E-05,0,0,0,0,0,38
0,290,46.980495,0.145347192883492,-5.18418928550091E-05,0,0,0,0,0,38
0,291,47.14194,0.143737435340881,-5.27538359165192E-05,0,0,0,0,0,38
0,292,47.303385,0.141933724284172,-5.40209148311988E-05,0,0,0,0,0,38
0,293,47.46483,0.140226989984512,-5.57359999220353E-05,0,0,0,0,0,38
0,294,47.626275,0.138423293828964,-5.46802948520053E-05,0,0,0,0,0,38
0,295,47.78772,0.137104451656342,-5.41988738405053E-05,0,0,0,0,0,38
0,296,47.949165,0.135475292801857,-5.85452580708079E-05,0,0,0,0,0,38
0,297,48.11061,0.133826732635498,-5.78443032281939E-05,0,0,0,0,0,38
0,298,48.272055,0.132216975092888,-5.99669838265982E-05,0,0,0,0,0,38
0,299,48.4335,0.130452051758766,-5.76480815652758E-05,0,0,0,0,0,38
0,300,48.594945,0.12895867228508,-6.1337421357166E-05,0,0,0,0,0,38
0,301,48.75639,0.12765921652317,-5.88646507821977E-05,0,0,0,0,0,38
0,302,48.917835,0.125836119055748,-5.77036480535753E-05,0,0,0,0,0,38
0,303,49.07928,0.123974226415157,-6.20663486188278E-05,0,0,0,0,0,38
0,304,49.240725,0.122519619762897,-6.43017119728029E-05,0,0,0,0,0,38
0,305,49.40217,0.120812885463238,-6.46269327262416E-05,0,0,0,0,0,38
0,306,49.563615,0.119203120470047,-6.5950742282439E-05,0,0,0,0,0,38
0,307,49.72506,0.11770973354578,-6.26235414529219E-05,0,0,0,0,0,38
0,308,49.886505,0.116158150136471,-6.53080714982934E-05,0,0,0,0,0,38
0,309,50.04795,0.114567786455154,-6.64201215840876E-05,0,0,0,0,0,38
0,310,50.209395,0.112705893814564,-7.11309694452211E-05,0,0,0,0,0,38
0,311,50.37084,0.111037947237492,-6.98767107678577E-05,0,0,0,0,0,38
0,312,50.532285,0.109932452440262,-6.87001665937714E-05,0,0,0,0,0,38
0,313,50.69373,0.108148135244846,-7.00127056916244E-05,0,0,0,0,0,38
0,314,50.855175,0.106092296540737,-7.05881539033726E-05,0,0,0,0,0,38
0,315,51.01662,0.104676477611065,-7.3669791163411E-05,0,0,0,0,0,38
0,316,51.178065,0.102872774004936,-7.71469785831869E-05,0,0,0,0,0,38
0,317,51.33951,0.10143756121397,-7.8144010331016E-05,0,0,0,0,0,38
0,318,51.500955,0.100021749734879,-7.78875692049041E-05,0,0,0,0,0,38
0,319,51.6624,0.0983344092965126,-7.92618884588592E-05,0,0,0,0,0,38
0,320,51.823845,0.0967246443033218,-8.07286851340905E-05,0,0,0,0,0,38
0,321,51.98529,0.0953670144081116,-8.13729129731655E-05,0,0,0,0,0,38
0,322,52.146735,0.0935245230793953,-8.12205980764702E-05,0,0,0,0,0,38
0,323,52.30818,0.0919729396700859,-8.29722048365511E-05,0,0,0,0,0,38
0,324,52.469625,0.09028559923172,-8.26306641101837E-05,0,0,0,0,0,38
0,325,52.63107,0.088656447827816,-8.88864160515368E-05,0,0,0,0,0,38
0,326,52.792515,0.0868527367711067,-9.10759263206273E-05,0,0,0,0,0,38
0,327,52.95396,0.0853787362575531,-9.00994855328463E-05,0,0,0,0,0,38
0,328,53.115405,0.0837689787149429,-9.10522285266779E-05,0,0,0,0,0,38
0,329,53.27685,0.0821010321378708,-9.11983224796131E-05,0,0,0,0,0,38
0,330,53.438295,0.080646425485611,-9.04942571651191E-05,0,0,0,0,0,38
0,331,53.59974,0.0792306140065193,-9.54362985794432E-05,0,0,0,0,0,38
0,332,53.761185,0.0774656981229782,-9.70585242612287E-05,0,0,0,0,0,38
0,333,53.92263,0.0756038054823875,-0.000100704339274671,0,0,0,0,0,38
0,334,54.084075,0.0738776698708534,-0.000101172940048855,0,0,0,0,0,38
0,335,54.24552,0.0722097232937813,-0.000105593535408843,0,0,0,0,0,38
0,336,54.406965,0.0707163363695145,-0.000107346699223854,0,0,0,0,0,38
0,337,54.56841,0.069475069642067,-0.000102714730019215,0,0,0,0,0,38
0,338,54.729855,0.0678071230649948,-0.000107214204035699,0,0,0,0,0,38
0,339,54.8913,0.0662749409675598,-0.000107303181721363,0,0,0,0,0,38
0,340,55.052745,0.0646457895636559,-0.000109826461994089,0,0,0,0,0,38
0,341,55.21419,0.0628808662295341,-0.00011429563164711,0,0,0,0,0,38
0,342,55.375635,0.0612517111003399,-0.000119026299216785,0,0,0,0,0,38
0,343,55.53708,0.0597001351416111,-0.000119415635708719,0,0,0,0,0,38
0,344,55.698525,0.0581485591828823,-0.00012072623212589,0,0,0,0,0,38
0,345,55.85997,0.0567521378397942,-0.000118625699542463,0,0,0,0,0,38
0,346,56.021415,0.0544829554855824,-0.000126160579384305,0,0,0,0,0,38
0,347,56.18286,0.0532998777925968,-0.000126807135529816,0,0,0,0,0,38
0,348,56.344305,0.0515931434929371,-0.000128117346321233,0,0,0,0,0,38
0,349,56.50575,0.0497312508523464,-0.000132302477140911,0,0,0,0,0,38
0,350,56.667195,0.0483348332345486,-0.000134945425088517,0,0,0,0,0,38
0,351,56.82864,0.0472293347120285,-0.00013452502025757,0,0,0,0,0,38
0,352,56.990085,0.0451540984213352,-0.000136256800033152,0,0,0,0,0,38
0,353,57.15153,0.0433309935033321,-0.000144185672979802,0,0,0,0,0,38
0,354,57.312975,0.041992761194706,-0.000142911609145813,0,0,0,0,0,38
0,355,57.47442,0.0404217876493931,-0.000145405749208294,0,0,0,0,0,38
0,356,57.635865,0.0385792888700962,-0.000148893028381281,0,0,0,0,0,38
0,357,57.79731,0.0368725545704365,-0.00015048377099447,0,0,0,0,0,38
0,358,57.958755,0.035146426409483,-0.000156743408297189,0,0,0,0,0,38
0,359,58.1202,0.0339827425777912,-0.000158353970618919,0,0,0,0,0,38
0,360,58.281645,0.0321596376597881,-0.000164302764460444,0,0,0,0,0,38
0,361,58.44309,0.0307632200419903,-0.000163589895237237,0,0,0,0,0,38
0,362,58.604535,0.0295801423490047,-0.000149118786794133,0,0,0,0,0,38
0,363,58.76598,0.0275436956435442,-0.000166464669746347,0,0,0,0,0,38
0,364,58.927425,0.0257205925881863,-0.000181667113793083,0,0,0,0,0,38
0,365,59.08887,0.0232962537556887,-0.000195963162695989,0,0,0,0,0,38
0,366,59.250315,0.0226562283933163,-0.000175839770236053,0,0,0,0,0,38
0,367,59.41176,0.0189906265586615,-0.000223652779823169,0,0,0,0,0,38
0,368,59.573205,0.0204452313482761,-0.000157591392053291,0,0,0,0,0,38
0,369,59.73465,0.0187966804951429,-0.000162722411914729,0,0,0,0,0,38
0,370,59.896095,0.0160426292568445,-0.000193282903637737,0,0,0,0,0,38
0,371,60.05754,0.0148789472877979,-0.000186704768566415,0,0,0,0,0,38
0,372,60.218985,0.01088363584131,-0.000241057001403533,0,0,0,0,0,38
0,373,60.38043,0.0106121096760035,-0.000218354485696182,0,0,0,0,0,38
0,374,60.541875,0.00745077105239034,-0.000259064196143299,0,0,0,0,0,38
0,375,60.70332,0.00750895496457815,-0.000229036653763615,0,0,0,0,0,38
0,376,60.864765,0.00684953480958939,-0.000200012742425315,0,0,0,0,0,38
0,377,61.02621,0.00438640592619777,-0.000232203179621138,0,0,0,0,0,38
0,378,61.187655,0.00401790626347065,-0.000201634902623482,0,0,0,0,0,38
0,379,61.3491,0.000410489126807079,-0.000247401738306507,0,0,0,0,0,38
0,380,61.510545,0.000371699687093496,-0.00022373057436198,0,0,0,0,0,38
0,381,61.67199,-0.000675614981446415,-0.000213118430110626,0,0,0,0,0,38
0,382,61.833435,-0.00451576849445701,-0.000272224366199225,0,0,0,0,0,38
0,383,61.99488,-0.00403090100735426,-0.000217175780562684,0,0,0,0,0,38
0,384,62.156325,-0.00728921312838793,-0.000265751266852021,0,0,0,0,0,38
0,385,62.31777,-0.00798742286860943,-0.000247495103394613,0,0,0,0,0,38
0,386,62.479215,-0.00986871030181646,-0.000260192318819463,0,0,0,0,0,38
0,387,62.64066,-0.0117306029424071,-0.000275842117844149,0,0,0,0,0,38
0,388,62.802105,-0.0132821798324585,-0.00027947936905548,0,0,0,0,0,38
0,389,62.96355,-0.0140385739505291,-0.000252991769229993,0,0,0,0,0,38
0,390,63.124995,-0.0168314129114151,-0.000292254379019141,0,0,0,0,0,38
0,391,63.28644,-0.016850808635354,-0.000260484084719792,0,0,0,0,0,38
0,392,63.447885,-0.0185963325202465,-0.000260375149082392,0,0,0,0,0,38
0,393,63.60933,-0.0206715669482946,-0.000278510735370219,0,0,0,0,0,38
0,394,63.770775,-0.022843774408102,-0.000295872159767896,0,0,0,0,0,38
0,395,63.93222,-0.0260051134973764,-0.00034102046629414,0,0,0,0,0,38
0,396,64.093665,-0.0255978256464005,-0.00029247222119011,0,0,0,0,0,38
0,397,64.25511,-0.0276924539357424,-0.00031255284557119,0,0,0,0,0,38
0,398,64.416555,-0.0288173481822014,-0.000302940461551771,0,0,0,0,0,38
0,399,64.578,-0.0307762138545513,-0.000319274899084121,0,0,0,0,0,38
0,400,64.739445,-0.0314550288021564,-0.000297895021503791,0,0,0,0,0,38
0,401,64.90089,-0.0332781337201595,-0.000314252800308168,0,0,0,0,0,38
0,402,65.062335,-0.0355667099356651,-0.000325253960909322,0,0,0,0,0,38
0,403,65.22378,-0.0378940738737583,-0.000353184761479497,0,0,0,0,0,38
0,404,65.385225,-0.0388444140553474,-0.000348236586432904,0,0,0,0,0,38
0,405,65.54667,-0.0406287312507629,-0.000347929249983281,0,0,0,0,0,38
0,406,65.708115,-0.0426651760935783,-0.000361754617188126,0,0,0,0,0,38
0,407,65.86956,-0.0428009368479252,-0.00033363321563229,0,0,0,0,0,38
0,408,66.031005,-0.0446434356272221,-0.000349524198099971,0,0,0,0,0,38
0,409,66.19245,-0.0465247221291065,-0.000360159669071436,0,0,0,0,0,38
0,410,66.353895,-0.0474944598972797,-0.000348123750882223,0,0,0,0,0,38
0,411,66.51534,-0.049666665494442,-0.00036355183692649,0,0,0,0,0,38
0,412,66.676785,-0.0518000870943069,-0.000385246821679175,0,0,0,0,0,38
0,413,66.83823,-0.0532934777438641,-0.000388339452911168,0,0,0,0,0,38
0,414,66.999675,-0.0567263439297676,-0.000429231993621215,0,0,0,0,0,38
0,415,67.16112,-0.0566293708980083,-0.000392933638067916,0,0,0,0,0,38
0,416,67.322565,-0.0584330782294273,-0.000399515643948689,0,0,0,0,0,38
0,417,67.48401,-0.0619629174470901,-0.000453653919976205,0,0,0,0,0,38
0,418,67.645455,-0.0626805201172829,-0.00043741671834141,0,0,0,0,0,38
0,419,67.8069,-0.0627968907356262,-0.000410217267926782,0,0,0,0,0,38
0,420,67.968345,-0.0667146220803261,-0.000470062310341746,0,0,0,0,0,38
0,421,68.12979,-0.0663073360919952,-0.000427567050792277,0,0,0,0,0,38
0,422,68.291235,-0.0676455721259117,-0.000424139871029183,0,0,0,0,0,38
0,423,68.45268,-0.0692165419459343,-0.000423058430897072,0,0,0,0,0,38
0,424,68.614125,-0.0709814578294754,-0.000430457381298766,0,0,0,0,0,38
0,425,68.77557,-0.0708069056272507,-0.000392027228372172,0,0,0,0,0,38
0,426,68.937015,-0.0729791149497032,-0.000401600729674101,0,0,0,0,0,38
0,427,69.09846,-0.0759271085262299,-0.000446951307822019,0,0,0,0,0,38
0,428,69.259905,-0.0763150081038475,-0.000413477158872411,0,0,0,0,0,38
0,429,69.42135,-0.0773041397333145,-0.00040304395952262,0,0,0,0,0,38
0,430,69.582795,-0.0800969749689102,-0.000436817645095289,0,0,0,0,0,38
0,431,69.74424,-0.083180733025074,-0.000474847096484154,0,0,0,0,0,38
0,432,69.905685,-0.0828898176550865,-0.000433367153163999,0,0,0,0,0,38
0,433,70.06713,-0.0870402827858925,-0.00049940129974857,0,0,0,0,0,38
0,434,70.228575,-0.0875445455312729,-0.000470766419311985,0,0,0,0,0,38
0,435,70.39002,-0.0879712328314781,-0.000444185483502224,0,0,0,0,0,38
0,436,70.551465,-0.090201623737812,-0.000461465213447809,0,0,0,0,0,38
0,437,70.71291,-0.0930526480078697,-0.000488306803163141,0,0,0,0,0,38
0,438,70.874355,-0.0943133011460304,-0.000487777753733099,0,0,0,0,0,38
0,439,71.0358,-0.0955739617347717,-0.000476928311400115,0,0,0,0,0,38
0,440,71.197245,-0.0966406688094139,-0.000472143496153876,0,0,0,0,0,38
0,441,71.35869,-0.0973776653409004,-0.000446430058218539,0,0,0,0,0,38
0,442,71.520135,-0.0991619825363159,-0.000458139198599383,0,0,0,0,0,38
0,443,71.68158,-0.101741477847099,-0.000480826158309355,0,0,0,0,0,38
0,444,71.843025,-0.102536663413048,-0.000459975330159068,0,0,0,0,0,38
0,445,72.00447,-0.103428818285465,-0.000445309706265107,0,0,0,0,0,38
0,446,72.165915,-0.106221660971642,-0.000475605658721179,0,0,0,0,0,38
0,447,72.32736,-0.107016839087009,-0.000453307729912922,0,0,0,0,0,38
0,448,72.488805,-0.112020678818226,-0.000539325235877186,0,0,0,0,0,38
0,449,72.65025,-0.110216967761517,-0.000459609640529379,0,0,0,0,0,38
0,450,72.811695,-0.11304859817028,-0.000490932608954608,0,0,0,0,0,38
0,451,72.97314,-0.113572254776955,-0.000457295041996986,0,0,0,0,0,38
0,452,73.134585,-0.115647487342358,-0.000480312679428607,0,0,0,0,0,38
0,453,73.29603,-0.117936067283154,-0.00048878527013585,0,0,0,0,0,38
0,454,73.457475,-0.119875535368919,-0.000501011789310724,0,0,0,0,0,38
0,455,73.61892,-0.121815010905266,-0.000505757692735642,0,0,0,0,0,38
0,456,73.780365,-0.123133853077888,-0.000494733219966292,0,0,0,0,0,38
0,457,73.94181,-0.124859981238842,-0.000507912831380963,0,0,0,0,0,38
0,458,74.103255,-0.127439484000206,-0.00053562578978017,0,0,0,0,0,38
0,459,74.2647,-0.128137692809105,-0.000506263400893658,0,0,0,0,0,38
0,460,74.426145,-0.129301369190216,-0.000494748761411756,0,0,0,0,0,38
0,461,74.58759,-0.129708662629128,-0.000465584831545129,0,0,0,0,0,38
0,462,74.749035,-0.132113605737686,-0.000485342548927292,0,0,0,0,0,38
0,463,74.91048,-0.133878529071808,-0.000489617756102234,0,0,0,0,0,38
0,464,75.071925,-0.135759815573692,-0.00050211267080158,0,0,0,0,0,38
0,465,75.23337,-0.137893229722977,-0.000512880447786301,0,0,0,0,0,38
0,466,75.394815,-0.138416886329651,-0.000483343057567254,0,0,0,0,0,38
0,467,75.55626,-0.139580562710762,-0.000477348425192758,0,0,0,0,0,38
0,468,75.717705,-0.140511512756348,-0.000456832145573571,0,0,0,0,0,38
0,469,75.87915,-0.144429251551628,-0.000511028745677322,0,0,0,0,0,38
0,470,76.040595,-0.145534753799438,-0.000500004272907972,0,0,0,0,0,38
0,471,76.20204,-0.146523877978325,-0.00048433113261126,0,0,0,0,0,38
0,472,76.363485,-0.14770695567131,-0.000466545665403828,0,0,0,0,0,38
0,473,76.52493,-0.150364026427269,-0.000501618662383407,0,0,0,0,0,38
0,474,76.686375,-0.152167737483978,-0.000514887738972902,0,0,0,0,0,38
0,475,76.84782,-0.153118073940277,-0.000493422267027199,0,0,0,0,0,38
0,476,77.009265,-0.1544369161129,-0.000487256475025788,0,0,0,0,0,38
0,477,77.17071,-0.155503630638123,-0.000476570421596989,0,0,0,0,0,38
0,478,77.332155,-0.159886837005615,-0.000544012757018209,0,0,0,0,0,38
0,479,77.4936,-0.160255342721939,-0.000507251475937665,0,0,0,0,0,38
0,480,77.655045,-0.161496594548225,-0.000506014446727932,0,0,0,0,0,38
0,481,77.81649,-0.164367020130157,-0.000531128840520978,0,0,0,0,0,38
0,482,77.977935,-0.164599746465683,-0.000502330542076379,0,0,0,0,0,38
0,483,78.13938,-0.165220379829407,-0.000485167489387095,0,0,0,0,0,38
0,484,78.300825,-0.167373195290565,-0.000490893726237118,0,0,0,0,0,38
0,485,78.46227,-0.170437559485435,-0.000534696038812399,0,0,0,0,0,38
0,486,78.623715,-0.171077594161034,-0.000508811441250145,0,0,0,0,0,38
0,487,78.78516,-0.172027930617332,-0.00048941548448056,0,0,0,0,0,38
0,488,78.946605,-0.173618301749229,-0.000492998224217445,0,0,0,0,0,38
0,489,79.10805,-0.176760241389275,-0.000528133474290371,0,0,0,0,0,38
0,490,79.269495,-0.178719103336334,-0.000547140429262072,0,0,0,0,0,38
0,491,79.43094,-0.180134922266006,-0.000536644947715104,0,0,0,0,0,38
0,492,79.592385,-0.180813729763031,-0.000515926396474242,0,0,0,0,0,38
0,493,79.75383,-0.181531339883804,-0.000501509755849838,0,0,0,0,0,38
0,494,79.915275,-0.183955684304237,-0.000519843713846058,0,0,0,0,0,38
0,495,80.07672,-0.183412626385689,-0.000467319798190147,0,0,0,0,0,38
0,496,80.238165,-0.188028573989868,-0.000541624263860285,0,0,0,0,0,38
0,497,80.39961,-0.188106149435043,-0.00051142944721505,0,0,0,0,0,38
0,498,80.561055,-0.191500216722488,-0.000554193102288991,0,0,0,0,0,38
0,499,80.7225,-0.19175235927105,-0.000517743057571352,0,0,0,0,0,38
0,500,80.883945,-0.193245753645897,-0.000521924870554358,0,0,0,0,0,38
0,501,81.04539,-0.196736797690392,-0.000574970035813749,0,0,0,0,0,38
0,502,81.206835,-0.196833774447441,-0.000538341060746461,0,0,0,0,0,38
0,503,81.36828,-0.198385342955589,-0.000539531407412142,0,0,0,0,0,38
0,504,81.529725,-0.199704185128212,-0.00053158396622166,0,0,0,0,0,38
0,505,81.69117,-0.200033903121948,-0.000505516538396478,0,0,0,0,0,38
0,506,81.852615,-0.203098267316818,-0.000545082555618137,0,0,0,0,0,38
0,507,82.01406,-0.204281345009804,-0.000539982633199543,0,0,0,0,0,38
0,508,82.175505,-0.205929890275002,-0.000546864233911037,0,0,0,0,0,38
0,509,82.33695,-0.208819702267647,-0.000574324280023575,0,0,0,0,0,38
0,510,82.498395,-0.210565224289894,-0.000587857910431921,0,0,0,0,0,38
0,511,82.65984,-0.211593151092529,-0.00057460437528789,0,0,0,0,0,38
0,512,82.821285,-0.210933730006218,-0.000521251931786537,0,0,0,0,0,38
0,513,82.98273,-0.215433299541473,-0.000597629812546074,0,0,0,0,0,38
0,514,83.144175,-0.216538801789284,-0.00058718491345644,0,0,0,0,0,38
0,515,83.30562,-0.217663690447807,-0.000571472861338407,0,0,0,0,0,38
0,516,83.467065,-0.219292849302292,-0.000583963934332132,0,0,0,0,0,38
0,517,83.62851,-0.220301374793053,-0.000570445903576911,0,0,0,0,0,38
0,518,83.789955,-0.222803294658661,-0.000590662646573037,0,0,0,0,0,38
0,519,83.9514,-0.224083349108696,-0.000591818010434508,0,0,0,0,0,38
0,520,84.112845,-0.226119786500931,-0.00060849089641124,0,0,0,0,0,38
0,521,84.27429,-0.229067787528038,-0.00064627529354766,0,0,0,0,0,38
0,522,84.435735,-0.230929687619209,-0.000649527413770556,0,0,0,0,0,38
0,523,84.59718,-0.232578232884407,-0.00065997225465253,0,0,0,0,0,38
0,524,84.758625,-0.230658158659935,-0.000575755839236081,0,0,0,0,0,38
0,525,84.92007,-0.233373418450356,-0.00060756504535675,0,0,0,0,0,38
0,526,85.081515,-0.233858287334442,-0.000587410526350141,0,0,0,0,0,38
0,527,85.24296,-0.238183304667473,-0.000653919298201799,0,0,0,0,0,38
0,528,85.404405,-0.239618510007858,-0.000662629201542586,0,0,0,0,0,38
0,529,85.56585,-0.239443957805634,-0.000622639141511172,0,0,0,0,0,38
0,530,85.727295,-0.241053715348244,-0.000625420536380261,0,0,0,0,0,38
0,531,85.88874,-0.244273245334625,-0.000668378721456975,0,0,0,0,0,38
0,532,86.050185,-0.245786026120186,-0.000672152091283351,0,0,0,0,0,38
0,533,86.21163,-0.247046694159508,-0.00066943682031706,0,0,0,0,0,38
0,534,86.373075,-0.248908579349518,-0.000683172722347081,0,0,0,0,0,38
0,535,86.53452,-0.249587401747704,-0.000659544370137155,0,0,0,0,0,38
0,536,86.695965,-0.251817792654037,-0.000679936143569648,0,0,0,0,0,38
0,537,86.85741,-0.254882156848907,-0.000725555175449699,0,0,0,0,0,38
0,538,87.018855,-0.254765778779984,-0.000687261170241982,0,0,0,0,0,38
0,539,87.1803,-0.25660827755928,-0.000697099196258932,0,0,0,0,0,38
0,540,87.341745,-0.256937980651855,-0.000676197814755142,0,0,0,0,0,38
0,541,87.50319,-0.259401112794876,-0.000700965989381075,0,0,0,0,0,38
0,542,87.664635,-0.261903047561646,-0.000722131924703717,0,0,0,0,0,38
0,543,87.82608,-0.262504279613495,-0.000704144185874611,0,0,0,0,0,38
0,544,87.987525,-0.264307975769043,-0.000713079702109098,0,0,0,0,0,38
0,545,88.14897,-0.268283903598785,-0.000786528340540826,0,0,0,0,0,38
0,546,88.310415,-0.26861360669136,-0.000760499795433134,0,0,0,0,0,38
0,547,88.47186,-0.269854873418808,-0.000750280567444861,0,0,0,0,0,38
0,548,88.633305,-0.271542221307755,-0.000762402021791786,0,0,0,0,0,38
0,549,88.79475,-0.27202707529068,-0.00073921715375036,0,0,0,0,0,38
0,550,88.956195,-0.273190766572952,-0.000738528615329415,0,0,0,0,0,38
0,551,89.11764,-0.277670949697495,-0.000817621767055243,0,0,0,0,0,38
0,552,89.279085,-0.277864903211594,-0.000780098023824394,0,0,0,0,0,38
0,553,89.44053,-0.279901325702667,-0.00080383918248117,0,0,0,0,0,38
0,554,89.601975,-0.279629826545715,-0.000757823407184333,0,0,0,0,0,38
0,555,89.76342,-0.281103819608688,-0.000762899988330901,0,0,0,0,0,38
0,556,89.924865,-0.284556061029434,-0.000810253957752138,0,0,0,0,0,38
0,557,90.08631,-0.285991281270981,-0.000817501160781831,0,0,0,0,0,38
0,558,90.247755,-0.288144081830978,-0.000836554798297584,0,0,0,0,0,38
0,559,90.4092,-0.289327174425125,-0.000838017498608679,0,0,0,0,0,38
0,560,90.570645,-0.290917545557022,-0.000841421307995915,0,0,0,0,0,38
0,561,90.73209,-0.291732102632523,-0.000827934360131621,0,0,0,0,0,38
0,562,90.893535,-0.294486165046692,-0.00086192978778854,0,0,0,0,0,38
0,563,91.05498,-0.294427990913391,-0.000822892819996923,0,0,0,0,0,38
0,564,91.216425,-0.296270489692688,-0.00083397957496345,0,0,0,0,0,38
0,565,91.37787,-0.298752993345261,-0.000867037510033697,0,0,0,0,0,38
0,566,91.539315,-0.300382167100906,-0.000871674448717386,0,0,0,0,0,38
0,567,91.70076,-0.300731271505356,-0.000850695243570954,0,0,0,0,0,38
0,568,91.862205,-0.303271979093552,-0.000877587415743619,0,0,0,0,0,38
0,569,92.02365,-0.306491494178772,-0.000925194239243865,0,0,0,0,0,38
0,570,92.185095,-0.305812686681747,-0.000879201805219054,0,0,0,0,0,38
0,571,92.34654,-0.30864429473877,-0.000916394870728254,0,0,0,0,0,38
0,572,92.507985,-0.308489143848419,-0.000877770246006548,0,0,0,0,0,38
0,573,92.66943,-0.312368094921112,-0.000936541589908302,0,0,0,0,0,38
0,574,92.830875,-0.313202053308487,-0.000939960998948663,0,0,0,0,0,38
0,575,92.99232,-0.315122127532959,-0.000939723686315119,0,0,0,0,0,38
0,576,93.153765,-0.317992568016052,-0.000985346618108451,0,0,0,0,0,38
0,577,93.31521,-0.317624062299728,-0.000944741885177791,0,0,0,0,0,38
0,578,93.476655,-0.319253206253052,-0.000946025655139238,0,0,0,0,0,38
0,579,93.6381,-0.321774542331696,-0.000976644456386566,0,0,0,0,0,38
0,580,93.799545,-0.324043720960617,-0.0010117485653609,0,0,0,0,0,38
0,581,93.96099,-0.324974656105042,-0.000996950664557517,0,0,0,0,0,38
0,582,94.122435,-0.326817154884338,-0.00100862479303032,0,0,0,0,0,38
0,583,94.28388,-0.32782569527626,-0.000995849841274321,0,0,0,0,0,38
0,584,94.445325,-0.32858207821846,-0.000987241044640541,0,0,0,0,0,38
0,585,94.60677,-0.330424576997757,-0.00099844066426158,0,0,0,0,0,38
0,586,94.768215,-0.333702266216278,-0.00105590105522424,0,0,0,0,0,38
0,587,94.92966,-0.333159238100052,-0.00100734108127654,0,0,0,0,0,38
0,588,95.091105,-0.337076961994171,-0.0010746979387477,0,0,0,0,0,38
0,589,95.25255,-0.338628530502319,-0.00107532029505819,0,0,0,0,0,38
0,590,95.413995,-0.339830994606018,-0.00107783335261047,0,0,0,0,0,38
0,591,95.57544,-0.338647931814194,-0.00101438211277127,0,0,0,0,0,38
0,592,95.736885,-0.342313528060913,-0.00106419075746089,0,0,0,0,0,38
0,593,95.89833,-0.344194829463959,-0.00108760129660368,0,0,0,0,0,38
0,594,96.059775,-0.346638560295105,-0.00111190660391003,0,0,0,0,0,38
0,595,96.22122,-0.347996175289154,-0.00111756275873631,0,0,0,0,0,38
0,596,96.382665,-0.349470168352127,-0.00112652545794845,0,0,0,0,0,38
0,597,96.54411,-0.349101692438126,-0.00108778418507427,0,0,0,0,0,38
0,598,96.705555,-0.351157516241074,-0.00110076926648617,0,0,0,0,0,38
0,599,96.867,-0.355346769094467,-0.00116858503315598,0,0,0,0,0,38
0,600,97.028445,-0.354551613330841,-0.00111834076233208,0,0,0,0,0,38
0,601,97.18989,-0.356122583150864,-0.00113080453593284,0,0,0,0,0,38
0,602,97.351335,-0.358236581087112,-0.0011470690369606,0,0,0,0,0,38
0,603,97.51278,-0.358682662248611,-0.00112823327071965,0,0,0,0,0,38
0,604,97.674225,-0.361320346593857,-0.00116522400639951,0,0,0,0,0,38
0,605,97.83567,-0.363531351089478,-0.00118901184760034,0,0,0,0,0,38
0,606,97.997115,-0.364384710788727,-0.00117049121763557,0,0,0,0,0,38
0,607,98.15856,-0.365141123533249,-0.00116901297587901,0,0,0,0,0,38
0,608,98.320005,-0.368127912282944,-0.00120601546950638,0,0,0,0,0,38
0,609,98.48145,-0.369698882102966,-0.00120913912542164,0,0,0,0,0,38
0,610,98.642895,-0.370164334774017,-0.00119091419037431,0,0,0,0,0,38
0,611,98.80434,-0.371851682662964,-0.00119872926734388,0,0,0,0,0,38
0,612,98.965785,-0.37454754114151,-0.001237474498339,0,0,0,0,0,38
0,613,99.12723,-0.37685552239418,-0.00126183428801596,0,0,0,0,0,38
0,614,99.288675,-0.376525819301605,-0.00122626719530672,0,0,0,0,0,38
0,615,99.45012,-0.379939287900925,-0.00127145834267139,0,0,0,0,0,38
0,616,99.611565,-0.380792647600174,-0.00126893748529255,0,0,0,0,0,38
0,617,99.77301,-0.38292607665062,-0.00128581270109862,0,0,0,0,0,38
0,618,99.934455,-0.384186714887619,-0.00128287961706519,0,0,0,0,0,38
0,619,100.0959,-0.385699510574341,-0.0012983427150175,0,0,0,0,0,38
0,620,100.257345,-0.387561410665512,-0.00131210184190422,0,0,0,0,0,38
0,621,100.41879,-0.389559060335159,-0.0013235192745924,0,0,0,0,0,38
0,622,100.580235,-0.389753013849258,-0.00129950966220349,0,0,0,0,0,38
0,623,100.74168,-0.39192521572113,-0.00132127082906663,0,0,0,0,0,38
0,624,100.903125,-0.394407749176025,-0.00135409145150334,0,0,0,0,0,38
0,625,101.06457,-0.395435661077499,-0.0013513722224161,0,0,0,0,0,38
0,626,101.226015,-0.396967828273773,-0.00135660439264029,0,0,0,0,0,38
0,627,101.38746,-0.396560549736023,-0.00131188798695803,0,0,0,0,0,38
0,628,101.548905,-0.399935245513916,-0.00135974760632962,0,0,0,0,0,38
0,629,101.71035,-0.402204424142838,-0.00138968566898257,0,0,0,0,0,38
0,630,101.871795,-0.403038382530212,-0.00138367165345699,0,0,0,0,0,38
0,631,102.03324,-0.405152410268784,-0.0013995470944792,0,0,0,0,0,38
0,632,102.194685,-0.40699490904808,-0.00142053794115782,0,0,0,0,0,38
0,633,102.35613,-0.408585280179977,-0.00143093999940902,0,0,0,0,0,38
0,634,102.517575,-0.409768342971802,-0.00142745836637914,0,0,0,0,0,38
0,635,102.67902,-0.412270277738571,-0.00145755987614393,0,0,0,0,0,38
0,636,102.840465,-0.413744270801544,-0.00146803585812449,0,0,0,0,0,38
0,637,103.00191,-0.41388002038002,-0.00144029955845326,0,0,0,0,0,38
0,638,103.163355,-0.41694438457489,-0.00148295820690691,0,0,0,0,0,38
0,639,103.3248,-0.418670535087585,-0.00149519252590835,0,0,0,0,0,38
0,640,103.486245,-0.419329941272736,-0.00148402026388794,0,0,0,0,0,38
0,641,103.64769,-0.422685235738754,-0.0015315298223868,0,0,0,0,0,38
0,642,103.809135,-0.421948224306107,-0.001485486747697,0,0,0,0,0,38
0,643,103.97058,-0.423732548952103,-0.00149495527148247,0,0,0,0,0,38
0,644,104.132025,-0.424857437610626,-0.00149545702151954,0,0,0,0,0,38
0,645,104.29347,-0.427980005741119,-0.00154525402467698,0,0,0,0,0,38
0,646,104.454915,-0.428852766752243,-0.00153321807738394,0,0,0,0,0,38
0,647,104.61636,-0.431257694959641,-0.00156251434236765,0,0,0,0,0,38
0,648,104.777805,-0.43160679936409,-0.0015412550419569,0,0,0,0,0,38
0,649,104.93925,-0.432130455970764,-0.0015177238965407,0,0,0,0,0,38
0,650,105.100695,-0.436067581176758,-0.00159813580103219,0,0,0,0,0,38
0,651,105.26214,-0.436707615852356,-0.00157231348566711,0,0,0,0,0,38
0,652,105.423585,-0.438065230846405,-0.00158662896137685,0,0,0,0,0,38
0,653,105.58503,-0.442041158676147,-0.00164466898422688,0,0,0,0,0,38
0,654,105.746475,-0.444562464952469,-0.00167628366034478,0,0,0,0,0,38
0,655,105.90792,-0.444756418466568,-0.00165277975611389,0,0,0,0,0,38
0,656,106.069365,-0.445221900939941,-0.00163607578724623,0,0,0,0,0,38
0,657,106.23081,-0.445823132991791,-0.00162333576008677,0,0,0,0,0,38
0,658,106.392255,-0.446637719869614,-0.00161490985192358,0,0,0,0,0,38
0,659,106.5537,-0.449178427457809,-0.00165016960818321,0,0,0,0,0,38
0,660,106.715145,-0.453212529420853,-0.00171101046726108,0,0,0,0,0,38
0,661,106.87659,-0.453193128108978,-0.00168368127197027,0,0,0,0,0,38
0,662,107.038035,-0.453813761472702,-0.00166750547941774,0,0,0,0,0,38
0,663,107.19948,-0.45802241563797,-0.0017346196109429,0,0,0,0,0,38
0,664,107.360925,-0.457692682743073,-0.00170475651975721,0,0,0,0,0,38
0,665,107.52237,-0.458643049001694,-0.00169919605832547,0,0,0,0,0,38
0,666,107.683815,-0.462909877300262,-0.00176992639899254,0,0,0,0,0,38
0,667,107.84526,-0.463627487421036,-0.00176214962266386,0,0,0,0,0,38
0,668,108.006705,-0.466653048992157,-0.0018048444762826,0,0,0,0,0,38
0,669,108.16815,-0.466090619564056,-0.00176226627081633,0,0,0,0,0,38
0,670,108.329595,-0.468398571014404,-0.00178621895611286,0,0,0,0,0,38
0,671,108.49104,-0.470822930335999,-0.00181798730045557,0,0,0,0,0,38
0,672,108.652485,-0.470202296972275,-0.00177171512041241,0,0,0,0,0,38
0,673,108.81393,-0.473324835300446,-0.00181829836219549,0,0,0,0,0,38
0,674,108.975375,-0.474488526582718,-0.00183303549420089,0,0,0,0,0,38
0,675,109.13682,-0.477475315332413,-0.00186896452214569,0,0,0,0,0,38
0,676,109.298265,-0.479705691337585,-0.00189151731319726,0,0,0,0,0,38
0,677,109.45971,-0.477475315332413,-0.00180270581040531,0,0,0,0,0,38
0,678,109.621155,-0.481877893209457,-0.00189077854156494,0,0,0,0,0,38
0,679,109.7826,-0.48278945684433,-0.00187755783554167,0,0,0,0,0,38
0,680,109.944045,-0.484224677085876,-0.00188416824676096,0,0,0,0,0,38
0,681,110.10549,-0.484399229288101,-0.00185348861850798,0,0,0,0,0,38
0,682,110.266935,-0.489732772111893,-0.00195085455197841,0,0,0,0,0,38
0,683,110.42838,-0.487948447465897,-0.00189182837493718,0,0,0,0,0,38
0,684,110.589825,-0.489286690950394,-0.00189070077612996,0,0,0,0,0,38
0,685,110.75127,-0.492098927497864,-0.00193409551866353,0,0,0,0,0,38
0,686,110.912715,-0.49429053068161,-0.00194898818153888,0,0,0,0,0,38
0,687,111.07416,-0.493805646896362,-0.00191045389510691,0,0,0,0,0,38
0,688,111.235605,-0.497374296188354,-0.0019782290328294,0,0,0,0,0,38
0,689,111.39705,-0.497335493564606,-0.00194393319543451,0,0,0,0,0,38
0,690,111.558495,-0.50142776966095,-0.00200719782151282,0,0,0,0,0,38
0,691,111.71994,-0.501447200775146,-0.00198826123960316,0,0,0,0,0,38
0,692,111.881385,-0.503774523735046,-0.00201446912251413,0,0,0,0,0,38
0,693,112.04283,-0.50553947687149,-0.00202838960103691,0,0,0,0,0,38
0,694,112.204275,-0.505597651004791,-0.001999965403229,0,0,0,0,0,38
0,695,112.36572,-0.511338472366333,-0.00210421392694116,0,0,0,0,0,38
0,696,112.527165,-0.508952915668488,-0.00201446912251413,0,0,0,0,0,38
0,697,112.68861,-0.510426938533783,-0.00202209036797285,0,0,0,0,0,38
0,698,112.850055,-0.513239145278931,-0.00207388424314559,0,0,0,0,0,38
0,699,113.0115,-0.515896260738373,-0.00210293056443334,0,0,0,0,0,38
0,700,113.172945,-0.516904771327972,-0.00208970997482538,0,0,0,0,0,38
0,701,113.33439,-0.519930362701416,-0.00214943615719676,0,0,0,0,0,38
0,702,113.495835,-0.521287977695465,-0.00214881403371692,0,0,0,0,0,38
0,703,113.65728,-0.523576557636261,-0.00217801611870527,0,0,0,0,0,38
0,704,113.818725,-0.521928012371063,-0.00210635247640312,0,0,0,0,0,38
0,705,113.98017,-0.524992346763611,-0.00215130252763629,0,0,0,0,0,38
0,706,114.141615,-0.52559357881546,-0.00213975389488041,0,0,0,0,0,38
0,707,114.30306,-0.527319729328156,-0.00215071928687394,0,0,0,0,0,38
0,708,114.464505,-0.528328239917755,-0.00214508106000721,0,0,0,0,0,38
0,709,114.62595,-0.532498121261597,-0.00222148862667382,0,0,0,0,0,38
0,710,114.787395,-0.533041179180145,-0.00220383517444134,0,0,0,0,0,38
0,711,114.94884,-0.534612119197845,-0.00221452838741243,0,0,0,0,0,38
0,712,115.110285,-0.536551594734192,-0.00222798227332532,0,0,0,0,0,38
0,713,115.27173,-0.536163687705994,-0.00219508609734476,0,0,0,0,0,38
0,714,115.433175,-0.539751768112183,-0.0022583119571209,0,0,0,0,0,38
0,715,115.59462,-0.541671812534332,-0.00226632202975452,0,0,0,0,0,38
0,716,115.756065,-0.542117893695831,-0.00225442345254123,0,0,0,0,0,38
0,717,115.91751,-0.545550763607025,-0.00231010559946299,0,0,0,0,0,38
0,718,116.078955,-0.544794380664825,-0.00226593320257962,0,0,0,0,0,38
0,719,116.2404,-0.548770308494568,-0.00233226967975497,0,0,0,0,0,38
0,720,116.401845,-0.546268343925476,-0.00224252487532794,0,0,0,0,0,38
0,721,116.56329,-0.550011515617371,-0.0023039230145514,0,0,0,0,0,38
0,722,116.724735,-0.551485538482666,-0.00231531611643732,0,0,0,0,0,38
0,723,116.88618,-0.551698863506317,-0.00228510308079422,0,0,0,0,0,38
0,724,117.047625,-0.553250432014465,-0.00229315203614533,0,0,0,0,0,38
0,725,117.20907,-0.556198477745056,-0.00233343616127968,0,0,0,0,0,38
0,726,117.370515,-0.558370649814606,-0.0023598384577781,0,0,0,0,0,38
0,727,117.53196,-0.560251951217651,-0.00237885280512273,0,0,0,0,0,38
0,728,117.693405,-0.560736835002899,-0.00236640986986458,0,0,0,0,0,38
0,729,117.85485,-0.563432693481445,-0.00239977263845503,0,0,0,0,0,38
0,730,118.016295,-0.564189076423645,-0.00238371337763965,0,0,0,0,0,38
0,731,118.17774,-0.564150273799896,-0.00235591107048094,0,0,0,0,0,38
0,732,118.339185,-0.568824410438538,-0.0024443338625133,0,0,0,0,0,38
0,733,118.50063,-0.570007503032684,-0.00245043868198991,0,0,0,0,0,38
0,734,118.662075,-0.571365118026733,-0.00244876672513783,0,0,0,0,0,38
0,735,118.82352,-0.571772396564484,-0.00242804130539298,0,0,0,0,0,38
0,736,118.984965,-0.573944628238678,-0.002454599365592,0,0,0,0,0,38
0,737,119.14641,-0.574662208557129,-0.00244238972663879,0,0,0,0,0,38
0,738,119.307855,-0.577784776687622,-0.00249231699854136,0,0,0,0,0,38
0,739,119.4693,-0.579472124576569,-0.00249896617606282,0,0,0,0,0,38
0,740,119.630745,-0.581624925136566,-0.00252085784450173,0,0,0,0,0,38
0,741,119.79219,-0.581857681274414,-0.00250335992313921,0,0,0,0,0,38
0,742,119.953635,-0.584863841533661,-0.00254539377056062,0,0,0,0,0,38
0,743,120.11508,-0.58622145652771,-0.00254920450970531,0,0,0,0,0,38
0,744,120.276525,-0.585852980613709,-0.00250732619315386,0,0,0,0,0,38
0,745,120.43797,-0.589596152305603,-0.00257572345435619,0,0,0,0,0,38
0,746,120.599415,-0.59159380197525,-0.00259730429388583,0,0,0,0,0,38
0,747,120.76086,-0.590992569923401,-0.00256102532148361,0,0,0,0,0,38
0,748,120.922305,-0.594076335430145,-0.00259594339877367,0,0,0,0,0,38
0,749,121.08375,-0.595724880695343,-0.00260698632337153,0,0,0,0,0,38
0,750,121.245195,-0.597489833831787,-0.00263167778030038,0,0,0,0,0,38
0,751,121.40664,-0.597955286502838,-0.00259975390508771,0,0,0,0,0,38
0,752,121.568085,-0.598362565040588,-0.00259100506082177,0,0,0,0,0,38
0,753,121.72953,-0.60253244638443,-0.0026663625612855,0,0,0,0,0,38
0,754,121.890975,-0.605092525482178,-0.00269027636386454,0,0,0,0,0,38
0,755,122.05242,-0.604646444320679,-0.0026475815102458,0,0,0,0,0,38
0,756,122.213865,-0.605887711048126,-0.0026517033111304,0,0,0,0,0,38
0,757,122.37531,-0.607032001018524,-0.00265061436221004,0,0,0,0,0,38
0,758,122.536755,-0.611104905605316,-0.00273024919442832,0,0,0,0,0,38
0,759,122.6982,-0.611124277114868,-0.00269556464627385,0,0,0,0,0,38
0,760,122.859645,-0.61444079875946,-0.00274696946144104,0,0,0,0,0,38
0,761,123.02109,-0.617097854614258,-0.00278853671625257,0,0,0,0,0,38
0,762,123.182535,-0.61544930934906,-0.00271835061721504,0,0,0,0,0,38
0,763,123.34398,-0.619056761264801,-0.00277547165751457,0,0,0,0,0,38
0,764,123.505425,-0.621519863605499,-0.00280926190316677,0,0,0,0,0,38
0,765,123.66687,-0.620938003063202,-0.00275587406940758,0,0,0,0,0,38
0,766,123.828315,-0.624875128269196,-0.0028294816147536,0,0,0,0,0,38
0,767,123.98976,-0.622159898281097,-0.00273067690432072,0,0,0,0,0,38
0,768,124.151205,-0.626097023487091,-0.00280230166390538,0,0,0,0,0,38
0,769,124.31265,-0.628327429294586,-0.0028283151332289,0,0,0,0,0,38
0,770,124.474095,-0.62745463848114,-0.00277411052957177,0,0,0,0,0,38
0,771,124.63554,-0.632380902767181,-0.0028748984914273,0,0,0,0,0,38
0,772,124.796985,-0.630383253097534,-0.00279028643853962,0,0,0,0,0,38
0,773,124.95843,-0.633719146251678,-0.00284406333230436,0,0,0,0,0,38
0,774,125.119875,-0.635736167430878,-0.00286241667345166,0,0,0,0,0,38
0,775,125.28132,-0.636958062648773,-0.0028646329883486,0,0,0,0,0,38
0,776,125.442765,-0.641283094882965,-0.0029402629006654,0,0,0,0,0,38
0,777,125.60421,-0.640507280826569,-0.00288485269993544,0,0,0,0,0,38
0,778,125.765655,-0.641108512878418,-0.00287898140959442,0,0,0,0,0,38
0,779,125.9271,-0.644541382789612,-0.00293128052726388,0,0,0,0,0,38
0,780,126.088545,-0.642679512500763,-0.0028642441611737,0,0,0,0,0,38
0,781,126.24999,-0.647760927677155,-0.00295006157830358,0,0,0,0,0,38
0,782,126.411435,-0.649583995342255,-0.00297047570347786,0,0,0,0,0,38
0,783,126.57288,-0.649836122989655,-0.00294419005513191,0,0,0,0,0,38
0,784,126.734325,-0.650922238826752,-0.00294045731425285,0,0,0,0,0,38
0,785,126.89577,-0.655014514923096,-0.0030141428578645,0,0,0,0,0,38
0,786,127.057215,-0.658311665058136,-0.00306410901248455,0,0,0,0,0,38
0,787,127.21866,-0.657749176025391,-0.00302355270832777,0,0,0,0,0,38
0,788,127.380105,-0.659533500671387,-0.00303020188584924,0,0,0,0,0,38
0,789,127.54155,-0.661182045936584,-0.00305302697233856,0,0,0,0,0,38
0,790,127.702995,-0.662171185016632,-0.00303638447076082,0,0,0,0,0,38
0,791,127.86444,-0.664867043495178,-0.00307861273176968,0,0,0,0,0,38
0,792,128.025885,-0.663955509662628,-0.00301997526548803,0,0,0,0,0,38
0,793,128.18733,-0.666360437870026,-0.0030544267501682,0,0,0,0,0,38
0,794,128.348775,-0.667679309844971,-0.00305773201398551,0,0,0,0,0,38
0,795,128.51022,-0.668338716030121,-0.00304233375936747,0,0,0,0,0,38
0,796,128.671665,-0.677861511707306,-0.00325565249659121,0,0,0,0,0,38
0,797,128.83311,-0.673517107963562,-0.00310555938631296,0,0,0,0,0,38
0,798,128.994555,-0.675359606742859,-0.00312266848050058,0,0,0,0,0,38
0,799,129.156,-0.675766885280609,-0.00310633727349341,0,0,0,0,0,38
0,800,129.317445,-0.678016662597656,-0.00313207856379449,0,0,0,0,0,38
0,801,129.47889,-0.680324614048004,-0.00315704219974577,0,0,0,0,0,38
0,802,129.640335,-0.681527137756348,-0.00315404799766839,0,0,0,0,0,38
0,803,129.80178,-0.682438671588898,-0.00314669893123209,0,0,0,0,0,38
0,804,129.963225,-0.684979379177094,-0.00318290013819933,0,0,0,0,0,38
0,805,130.12467,-0.685522437095642,-0.00315793650224805,0,0,0,0,0,38
0,806,130.286115,-0.688897132873535,-0.00321587384678423,0,0,0,0,0,38
0,807,130.44756,-0.68909102678299,-0.00318550528027117,0,0,0,0,0,38
0,808,130.609005,-0.688974678516388,-0.00315583683550358,0,0,0,0,0,38
0,809,130.77045,-0.691399037837982,-0.00318332784809172,0,0,0,0,0,38
0,810,130.931895,-0.696073174476624,-0.00326766772195697,0,0,0,0,0,38
0,811,131.09334,-0.696383476257324,-0.00325223058462143,0,0,0,0,0,38
0,812,131.254785,-0.697954416275024,-0.00325176399201155,0,0,0,0,0,38
0,813,131.41623,-0.697430789470673,-0.003210274502635,0,0,0,0,0,38
0,814,131.577675,-0.69933146238327,-0.00323154428042471,0,0,0,0,0,38
0,815,131.73912,-0.703229784965515,-0.00329496432095766,0,0,0,0,0,38
0,816,131.900565,-0.701910972595215,-0.00322524504736066,0,0,0,0,0,38
0,817,132.06201,-0.706022620201111,-0.00330802937969565,0,0,0,0,0,38
0,818,132.223455,-0.706255376338959,-0.00327361701056361,0,0,0,0,0,38
0,819,132.3849,-0.708136677742004,-0.00328578776679933,0,0,0,0,0,38
0,820,132.546345,-0.709571897983551,-0.00329511985182762,0,0,0,0,0,38
0,821,132.70779,-0.7104252576828,-0.00328123825602233,0,0,0,0,0,38
0,822,132.869235,-0.71630185842514,-0.00340181821957231,0,0,0,0,0,38
0,823,133.03068,-0.71822190284729,-0.00340718403458595,0,0,0,0,0,38
0,824,133.192125,-0.714614510536194,-0.0032894816249609,0,0,0,0,0,38
0,825,133.35357,-0.717698276042938,-0.0033376591745764,0,0,0,0,0,38
0,826,133.515015,-0.717930972576141,-0.00330659071914852,0,0,0,0,0,38
0,827,133.67646,-0.721460819244385,-0.00336903869174421,0,0,0,0,0,38
0,828,133.837905,-0.724214851856232,-0.00339349685236812,0,0,0,0,0,38
0,829,133.99935,-0.724486410617828,-0.00337374373339117,0,0,0,0,0,38
0,830,134.160795,-0.726871967315674,-0.00339824077673256,0,0,0,0,0,38
0,831,134.32224,-0.728248953819275,-0.00340142915956676,0,0,0,0,0,38
0,832,134.483685,-0.728947162628174,-0.00338400923646986,0,0,0,0,0,38
0,833,134.64513,-0.73057633638382,-0.00339551898650825,0,0,0,0,0,38
0,834,134.806575,-0.733272194862366,-0.00342530407942832,0,0,0,0,0,38
0,835,134.96802,-0.73443591594696,-0.00342223234474659,0,0,0,0,0,38
0,836,135.129465,-0.736899018287659,-0.00344914011657238,0,0,0,0,0,38
0,837,135.29091,-0.737500250339508,-0.00343661941587925,0,0,0,0,0,38
0,838,135.452355,-0.739691853523254,-0.0034498400054872,0,0,0,0,0,38
0,839,135.6138,-0.741553783416748,-0.00346368295140564,0,0,0,0,0,38
0,840,135.775245,-0.743279874324799,-0.00346994330175221,0,0,0,0,0,38
0,841,135.93669,-0.743144094944,-0.00344221876002848,0,0,0,0,0,38
0,842,136.098135,-0.745335698127747,-0.00346041657030582,0,0,0,0,0,38
0,843,136.25958,-0.749854683876038,-0.003535968484357,0,0,0,0,0,38
0,844,136.421025,-0.74886554479599,-0.00347764231264591,0,0,0,0,0,38
0,845,136.58247,-0.749718904495239,-0.00345890014432371,0,0,0,0,0,38
0,846,136.743915,-0.75266695022583,-0.00349953398108482,0,0,0,0,0,38
0,847,136.90536,-0.755052506923676,-0.00352360331453383,0,0,0,0,0,38
0,848,137.066805,-0.753559112548828,-0.00345442839898169,0,0,0,0,0,38
0,849,137.22825,-0.754451215267181,-0.00344525184482336,0,0,0,0,0,38
0,850,137.389695,-0.758756875991821,-0.00350851635448635,0,0,0,0,0,38
0,851,137.55114,-0.75838840007782,-0.00346749345771968,0,0,0,0,0,38
0,852,137.712585,-0.761685490608215,-0.00351738184690475,0,0,0,0,0,38
0,853,137.87403,-0.762383699417114,-0.00349813420325518,0,0,0,0,0,38
0,854,138.035475,-0.765157103538513,-0.00353522971272469,0,0,0,0,0,38
0,855,138.19692,-0.768085718154907,-0.00356699805706739,0,0,0,0,0,38
0,856,138.358365,-0.768066346645355,-0.00353021360933781,0,0,0,0,0,38
0,857,138.51981,-0.768512427806854,-0.00350552215240896,0,0,0,0,0,38
0,858,138.681255,-0.770781576633453,-0.00352939707227051,0,0,0,0,0,38
0,859,138.8427,-0.7706458568573,-0.00347962533123791,0,0,0,0,0,38
0,860,139.004145,-0.773845970630646,-0.00353118591010571,0,0,0,0,0,38
0,861,139.16559,-0.776037573814392,-0.00354257877916098,0,0,0,0,0,38
0,862,139.327035,-0.77718186378479,-0.0035306413192302,0,0,0,0,0,38
0,863,139.48848,-0.77935403585434,-0.00355012249201536,0,0,0,0,0,38
0,864,139.649925,-0.781060814857483,-0.00355140562169254,0,0,0,0,0,38
0,865,139.81137,-0.781991720199585,-0.00353487976826727,0,0,0,0,0,38
0,866,139.972815,-0.783989369869232,-0.00354172335937619,0,0,0,0,0,38
0,867,140.13426,-0.787092566490173,-0.00358612928539515,0,0,0,0,0,38
0,868,140.295705,-0.789516866207123,-0.00360339367762208,0,0,0,0,0,38
0,869,140.45715,-0.788838088512421,-0.00355490506626666,0,0,0,0,0,38
0,870,140.618595,-0.79060298204422,-0.00355669390410185,0,0,0,0,0,38
0,871,140.78004,-0.792581260204315,-0.00356575381010771,0,0,0,0,0,38
0,872,140.941485,-0.793357014656067,-0.00354253989644349,0,0,0,0,0,38
0,873,141.10293,-0.794966816902161,-0.00354720605537295,0,0,0,0,0,38
0,874,141.264375,-0.800242185592651,-0.0036311571020633,0,0,0,0,0,38
0,875,141.42582,-0.797003269195557,-0.00352150364778936,0,0,0,0,0,38
0,876,141.587265,-0.800959765911102,-0.00357325840741396,0,0,0,0,0,38
0,877,141.74871,-0.801813125610352,-0.00354922818951309,0,0,0,0,0,38
0,878,141.910155,-0.803209543228149,-0.00354961701668799,0,0,0,0,0,38
0,879,142.0716,-0.803558647632599,-0.00350649445317686,0,0,0,0,0,38
0,880,142.233045,-0.806312739849091,-0.00354055687785149,0,0,0,0,0,38
0,881,142.39449,-0.808290958404541,-0.00354790594428778,0,0,0,0,0,38
0,882,142.555935,-0.811801433563232,-0.00358962872996926,0,0,0,0,0,38
0,883,142.71738,-0.809571027755737,-0.00349650112912059,0,0,0,0,0,38
0,884,142.878825,-0.810657143592834,-0.00348611897788942,0,0,0,0,0,38
0,885,143.04027,-0.817154347896576,-0.00359620014205575,0,0,0,0,0,38
0,886,143.201715,-0.816979825496674,-0.00355350528843701,0,0,0,0,0,38
0,887,143.36316,-0.817037999629974,-0.00350688328035176,0,0,0,0,0,38
0,888,143.524605,-0.819229602813721,-0.00351901515386999,0,0,0,0,0,38
0,889,143.68605,-0.819365382194519,-0.00348207517527044,0,0,0,0,0,38
0,890,143.847495,-0.823108553886414,-0.00352197024039924,0,0,0,0,0,38
0,891,144.00894,-0.825843214988709,-0.0035568883176893,0,0,0,0,0,38
0,892,144.170385,-0.826017737388611,-0.00350552215240896,0,0,0,0,0,38
0,893,144.33183,-0.82702624797821,-0.00348666333593428,0,0,0,0,0,38
0,894,144.493275,-0.83076947927475,-0.00353802950121462,0,0,0,0,0,38
0,895,144.65472,-0.830536723136902,-0.00348705216310918,0,0,0,0,0,38
0,896,144.816165,-0.832980453968048,-0.00350175052881241,0,0,0,0,0,38
0,897,144.97761,-0.833717465400696,-0.00348156969994307,0,0,0,0,0,38
0,898,145.139055,-0.834822952747345,-0.00345963891595602,0,0,0,0,0,38
0,899,145.3005,-0.839400112628937,-0.00353293563239276,0,0,0,0,0,38
0,900,145.461945,-0.839594066143036,-0.00349039630964398,0,0,0,0,0,38
0,901,145.62339,-0.840505599975586,-0.00346877658739686,0,0,0,0,0,38
0,902,145.784835,-0.840912878513336,-0.0034336254466325,0,0,0,0,0,38
0,903,145.94628,-0.844636678695679,-0.00347779784351587,0,0,0,0,0,38
0,904,146.107725,-0.844268143177032,-0.00341682741418481,0,0,0,0,0,38
0,905,146.26917,-0.850610256195068,-0.00352737517096102,0,0,0,0,0,38
0,906,146.430615,-0.846808850765228,-0.00339252478443086,0,0,0,0,0,38
0,907,146.59206,-0.850590825080872,-0.00343926367349923,0,0,0,0,0,38
0,908,146.753505,-0.855012834072113,-0.00350731099024415,0,0,0,0,0,38
0,909,146.91495,-0.855827450752258,-0.00348363048397005,0,0,0,0,0,38
0,910,147.076395,-0.854217648506165,-0.00340722291730344,0,0,0,0,0,38
0,911,147.23784,-0.856409251689911,-0.0034164774697274,0,0,0,0,0,38
0,912,147.399285,-0.860753655433655,-0.00348032522015274,0,0,0,0,0,38
0,913,147.56073,-0.859686970710754,-0.00340881734155118,0,0,0,0,0,38
0,914,147.722175,-0.861083388328552,-0.00339093059301376,0,0,0,0,0,38
0,915,147.88362,-0.86141312122345,-0.00335399061441422,0,0,0,0,0,38
0,916,148.045065,-0.867250919342041,-0.00345104560256004,0,0,0,0,0,38
0,917,148.20651,-0.867503046989441,-0.00341138360090554,0,0,0,0,0,38
0,918,148.367955,-0.868589162826538,-0.0033915915992111,0,0,0,0,0,38
0,919,148.5294,-0.871032893657684,-0.00341161689721048,0,0,0,0,0,38
0,920,148.690845,-0.870276510715485,-0.00334528042003512,0,0,0,0,0,38
0,921,148.85229,-0.872855961322784,-0.00336266169324517,0,0,0,0,0,38
0,922,149.013735,-0.872991740703583,-0.00331837264820933,0,0,0,0,0,38
0,923,149.17518,-0.876056134700775,-0.0033453581854701,0,0,0,0,0,38
0,924,149.336625,-0.877491295337677,-0.00333536509424448,0,0,0,0,0,38
0,925,149.49807,-0.878499865531921,-0.00331685622222722,0,0,0,0,0,38
0,926,149.659515,-0.881719350814819,-0.00335729564540088,0,0,0,0,0,38
0,927,149.82096,-0.883949756622314,-0.00335640134289861,0,0,0,0,0,38
0,928,149.982405,-0.881893932819366,-0.00326086301356554,0,0,0,0,0,38
0,929,150.14385,-0.886665046215057,-0.00333318742923439,0,0,0,0,0,38
0,930,150.305295,-0.887828707695007,-0.00331180123612285,0,0,0,0,0,38
0,931,150.46674,-0.889806985855103,-0.00331872259266675,0,0,0,0,0,38
0,932,150.628185,-0.890640914440155,-0.00329858064651489,0,0,0,0,0,38
0,933,150.78963,-0.891843438148499,-0.00327801075764,0,0,0,0,0,38
0,934,150.951075,-0.894675016403198,-0.00330686289817095,0,0,0,0,0,38
0,935,151.11252,-0.896827876567841,-0.00330616300925612,0,0,0,0,0,38
0,936,151.273965,-0.896207213401794,-0.00325199728831649,0,0,0,0,0,38
0,937,151.43541,-0.899290978908539,-0.00328438775613904,0,0,0,0,0,38
0,938,151.596855,-0.899194002151489,-0.00323846563696861,0,0,0,0,0,38
0,939,151.7583,-0.902180790901184,-0.00325779104605317,0,0,0,0,0,38
0,940,151.919745,-0.905089974403381,-0.00329158152453601,0,0,0,0,0,38
0,941,152.08119,-0.905691266059875,-0.00326125184074044,0,0,0,0,0,38
0,942,152.242635,-0.904527544975281,-0.00318647758103907,0,0,0,0,0,38
0,943,152.40408,-0.908076763153076,-0.00323010561987758,0,0,0,0,0,38
0,944,152.565525,-0.909783542156219,-0.00322765577584505,0,0,0,0,0,38
0,945,152.72697,-0.911082983016968,-0.00321556278504431,0,0,0,0,0,38
0,946,152.888415,-0.913138806819916,-0.00322396191768348,0,0,0,0,0,38
0,947,153.04986,-0.914806723594666,-0.00322298961691558,0,0,0,0,0,38
0,948,153.211305,-0.916397094726563,-0.00321921799331903,0,0,0,0,0,38
0,949,153.37275,-0.916358351707459,-0.00316730746999383,0,0,0,0,0,38
0,950,153.534195,-0.919577836990356,-0.0032051419839263,0,0,0,0,0,38
0,951,153.69564,-0.921924591064453,-0.00321929575875402,0,0,0,0,0,38
0,952,153.857085,-0.923534393310547,-0.00320953573100269,0,0,0,0,0,38
0,953,154.01853,-0.925241112709045,-0.0032055308111012,0,0,0,0,0,38
0,954,154.179975,-0.926404774188995,-0.00319098797626793,0,0,0,0,0,38
0,955,154.34142,-0.928344249725342,-0.00319024920463562,0,0,0,0,0,38
0,956,154.502865,-0.928906738758087,-0.00316528556868434,0,0,0,0,0,38
0,957,154.66431,-0.930128574371338,-0.0031524149235338,0,0,0,0,0,38
0,958,154.825755,-0.933988153934479,-0.00320358644239604,0,0,0,0,0,38
0,959,154.9872,-0.935074210166931,-0.00318573857657611,0,0,0,0,0,38
0,960,155.148645,-0.94033020734787,-0.00327186705544591,0,0,0,0,0,38
0,961,155.31009,-0.937692523002625,-0.00315762544050813,0,0,0,0,0,38
0,962,155.471535,-0.937692523002625,-0.00311395851895213,0,0,0,0,0,38
0,963,155.63298,-0.940446555614471,-0.00314343278296292,0,0,0,0,0,38
0,964,155.794425,-0.943336367607117,-0.00316567439585924,0,0,0,0,0,38
0,965,155.95587,-0.943879425525665,-0.00313518918119371,0,0,0,0,0,38
0,966,156.117315,-0.946342587471008,-0.00315085961483419,0,0,0,0,0,38
0,967,156.27876,-0.949348747730255,-0.00317761185579002,0,0,0,0,0,38
0,968,156.440205,-0.949019014835358,-0.00312134646810591,0,0,0,0,0,38
0,969,156.60165,-0.950376689434052,-0.00310870911926031,0,0,0,0,0,38
0,970,156.763095,-0.953984081745148,-0.00315642007626593,0,0,0,0,0,38
0,971,156.92454,-0.953266501426697,-0.00309210550040007,0,0,0,0,0,38
0,972,157.085985,-0.956699311733246,-0.00312896771356463,0,0,0,0,0,38
0,973,157.24743,-0.956641137599945,-0.00308413431048393,0,0,0,0,0,38
0,974,157.408875,-0.957979381084442,-0.00306928041391075,0,0,0,0,0,38
0,975,157.57032,-0.961683809757233,-0.00311539717949927,0,0,0,0,0,38
0,976,157.731765,-0.958503067493439,-0.00298579619266093,0,0,0,0,0,38
0,977,157.89321,-0.962575912475586,-0.00304291700012982,0,0,0,0,0,38
0,978,158.054655,-0.962575912475586,-0.00298894569277763,0,0,0,0,0,38
0,979,158.2161,-0.967967689037323,-0.0030793126206845,0,0,0,0,0,38
0,980,158.377545,-0.968045234680176,-0.0030254190787673,0,0,0,0,0,38
0,981,158.53899,-0.969131350517273,-0.00299998885020614,0,0,0,0,0,38
0,982,158.700435,-0.970101058483124,-0.00297148688696325,0,0,0,0,0,38
0,983,158.86188,-0.973572731018066,-0.0030042661819607,0,0,0,0,0,38
0,984,159.023325,-0.974542498588562,-0.00298369652591646,0,0,0,0,0,38
0,985,159.18477,-0.976656496524811,-0.00297918589785695,0,0,0,0,0,38
0,986,159.346215,-0.977296531200409,-0.00294488994404674,0,0,0,0,0,38
0,987,159.50766,-0.980360865592957,-0.00297078676521778,0,0,0,0,0,38
0,988,159.669105,-0.98191249370575,-0.00295433891005814,0,0,0,0,0,38
0,989,159.83055,-0.983619213104248,-0.00294597866013646,0,0,0,0,0,38
0,990,159.991995,-0.984550178050995,-0.00291090528480709,0,0,0,0,0,38
0,991,160.15344,-0.985384106636047,-0.00287587055936456,0,0,0,0,0,38
0,992,160.314885,-0.985442280769348,-0.00282695423811674,0,0,0,0,0,38
0,993,160.47633,-0.98895275592804,-0.00285331765189767,0,0,0,0,0,38
0,994,160.637775,-0.988661825656891,-0.00279479706659913,0,0,0,0,0,38
0,995,160.79922,-0.994053542613983,-0.00287124328315258,0,0,0,0,0,38
0,996,160.960665,-0.994693577289581,-0.00282423244789243,0,0,0,0,0,38
0,997,161.12211,-0.993471741676331,-0.00274420878849924,0,0,0,0,0,38
0,998,161.283555,-0.997738540172577,-0.00278779794462025,0,0,0,0,0,38
0,999,161.445,-0.998494923114777,-0.00275707943364978,0,0,0,0,0,38
0,1000,161.606445,-0.997447609901428,-0.00269727548584342,0,0,0,0,0,38
1,1001,161.766445,-0.998494923114777,-0.00272371666505933,0,0,0,0,0,38
1,1002,161.926445,-0.996691226959229,-0.00269816978834569,0,0,0,0,0,38
1,1003,162.086445,-0.995449960231781,-0.00266609038226306,0,0,0,0,0,38
1,1004,162.246445,-0.993006229400635,-0.00261771841906011,0,0,0,0,0,38
1,1005,162.406445,-0.988816976547241,-0.0025251351762563,0,0,0,0,0,38
1,1006,162.566445,-0.991008579730988,-0.00258808862417936,0,0,0,0,0,38
1,1007,162.726445,-0.986373245716095,-0.00248796190135181,0,0,0,0,0,38
1,1008,162.886445,-0.988913953304291,-0.00256110308691859,0,0,0,0,0,38
1,1009,163.046445,-0.981582760810852,-0.00239681731909513,0,0,0,0,0,38
1,1010,163.206445,-0.984336793422699,-0.0024733804166317,0,0,0,0,0,38
1,1011,163.366445,-0.98222279548645,-0.00244203978218138,0,0,0,0,0,38
1,1012,163.526445,-0.979468762874603,-0.00239040143787861,0,0,0,0,0,38
1,1013,163.686445,-0.979313552379608,-0.00240544974803925,0,0,0,0,0,38
1,1014,163.846445,-0.975318253040314,-0.00232301512733102,0,0,0,0,0,38
1,1015,164.006445,-0.975279450416565,-0.00234739552251995,0,0,0,0,0,38
1,1016,164.166445,-0.975647985935211,-0.00236987066455185,0,0,0,0,0,38
1,1017,164.326445,-0.971206605434418,-0.00228234240785241,0,0,0,0,0,38
1,1018,164.486445,-0.969848930835724,-0.0022695881780237,0,0,0,0,0,38
1,1019,164.646445,-0.971051454544067,-0.00232142093591392,0,0,0,0,0,38
1,1020,164.806445,-0.967909455299377,-0.00226686638779938,0,0,0,0,0,38
1,1021,164.966445,-0.965271830558777,-0.00221911654807627,0,0,0,0,0,38
1,1022,165.126445,-0.962440192699432,-0.00218548183329403,0,0,0,0,0,38
1,1023,165.286445,-0.962828040122986,-0.00220531271770597,0,0,0,0,0,38
1,1024,165.446445,-0.962013483047485,-0.00221312837675214,0,0,0,0,0,38
1,1025,165.606445,-0.956912696361542,-0.00211805664002895,0,0,0,0,0,38
1,1026,165.766445,-0.957319974899292,-0.00214873626828194,0,0,0,0,0,38
1,1027,165.926445,-0.954604685306549,-0.00211117416620255,0,0,0,0,0,38
1,1028,166.086445,-0.952626466751099,-0.00207909452728927,0,0,0,0,0,38
1,1029,166.246445,-0.953285872936249,-0.00211996189318597,0,0,0,0,0,38
1,1030,166.406445,-0.9521803855896,-0.00211587897501886,0,0,0,0,0,38
1,1031,166.566445,-0.950046956539154,-0.00209429836831987,0,0,0,0,0,38
1,1032,166.726445,-0.949019014835358,-0.00209091533906758,0,0,0,0,0,38
1,1033,166.886445,-0.946536481380463,-0.00205852487124503,0,0,0,0,0,38
1,1034,167.046445,-0.945062518119812,-0.00205879705026746,0,0,0,0,0,38
1,1035,167.206445,-0.944810390472412,-0.00207505072467029,0,0,0,0,0,38
1,1036,167.366445,-0.94174599647522,-0.00202924502082169,0,0,0,0,0,38
1,1037,167.526445,-0.939554393291473,-0.0020076644141227,0,0,0,0,0,38
1,1038,167.686445,-0.937207639217377,-0.00198137876577675,0,0,0,0,0,38
1,1039,167.846445,-0.936179757118225,-0.00198227306827903,0,0,0,0,0,38
1,1040,168.006445,-0.93586939573288,-0.00199681567028165,0,0,0,0,0,38
1,1041,168.166445,-0.932979583740234,-0.00196251994930208,0,0,0,0,0,38
1,1042,168.326445,-0.932203829288483,-0.00196582498028874,0,0,0,0,0,38
1,1043,168.486445,-0.931350469589233,-0.00197453494183719,0,0,0,0,0,38
1,1044,168.646445,-0.92832487821579,-0.00194093910977244,0,0,0,0,0,38
1,1045,168.806445,-0.927801191806793,-0.00195042684208602,0,0,0,0,0,38
1,1046,168.966445,-0.925881147384644,-0.00193475652486086,0,0,0,0,0,38
1,1047,169.126445,-0.925124764442444,-0.00194902706425637,0,0,0,0,0,38
1,1048,169.286445,-0.9226034283638,-0.00191966944839805,0,0,0,0,0,38
1,1049,169.446445,-0.921517312526703,-0.00192495773080736,0,0,0,0,0,38
1,1050,169.606445,-0.920780301094055,-0.00192732969298959,0,0,0,0,0,38
1,1051,169.766445,-0.917289257049561,-0.0018737472128123,0,0,0,0,0,38
1,1052,169.926445,-0.914554595947266,-0.00185403297655284,0,0,0,0,0,38
1,1053,170.086445,-0.913662493228912,-0.0018635984743014,0,0,0,0,0,38
1,1054,170.246445,-0.912130296230316,-0.0018480836879462,0,0,0,0,0,38
1,1055,170.406445,-0.910152018070221,-0.00183910143096,0,0,0,0,0,38
1,1056,170.566445,-0.911276936531067,-0.00188587908633053,0,0,0,0,0,38
1,1057,170.726445,-0.907824635505676,-0.00184361194260418,0,0,0,0,0,38
1,1058,170.886445,-0.906370043754578,-0.0018406956223771,0,0,0,0,0,38
1,1059,171.046445,-0.907785892486572,-0.00189217831939459,0,0,0,0,0,38
1,1060,171.206445,-0.900512874126434,-0.00176856550388038,0,0,0,0,0,38
1,1061,171.366445,-0.900493443012238,-0.0017950456822291,0,0,0,0,0,38
1,1062,171.526445,-0.899038851261139,-0.00179139047395438,0,0,0,0,0,38
1,1063,171.686445,-0.897564828395844,-0.00178466353099793,0,0,0,0,0,38
1,1064,171.846445,-0.896420538425446,-0.0017885520355776,0,0,0,0,0,38
1,1065,172.006445,-0.894888401031494,-0.00178905751090497,0,0,0,0,0,38
1,1066,172.166445,-0.893763482570648,-0.00179473462048918,0,0,0,0,0,38
1,1067,172.326445,-0.8932204246521,-0.00181798730045557,0,0,0,0,0,38
1,1068,172.486445,-0.890078485012054,-0.00177451479248703,0,0,0,0,0,38
1,1069,172.646445,-0.888449311256409,-0.00177047087345272,0,0,0,0,0,38
1,1070,172.806445,-0.88734382390976,-0.00177486473694444,0,0,0,0,0,38
1,1071,172.966445,-0.885889232158661,-0.00177288160193712,0,0,0,0,0,38
1,1072,173.126445,-0.885346174240112,-0.00179967284202576,0,0,0,0,0,38
1,1073,173.286445,-0.882689118385315,-0.00176226627081633,0,0,0,0,0,38
1,1074,173.446445,-0.882941246032715,-0.00179897295311093,0,0,0,0,0,38
1,1075,173.606445,-0.876987040042877,-0.00170265685301274,0,0,0,0,0,38
1,1076,173.766445,-0.878228306770325,-0.00175526714883745,0,0,0,0,0,38
1,1077,173.926445,-0.876075506210327,-0.00174395181238651,0,0,0,0,0,38
1,1078,174.086445,-0.874659717082977,-0.00174018007237464,0,0,0,0,0,38
1,1079,174.246445,-0.872293531894684,-0.00171782169491053,0,0,0,0,0,38
1,1080,174.406445,-0.870955288410187,-0.00173010909929872,0,0,0,0,0,38
1,1081,174.566445,-0.870063126087189,-0.00173808028921485,0,0,0,0,0,38
1,1082,174.726445,-0.868996441364288,-0.00174869573675096,0,0,0,0,0,38
1,1083,174.886445,-0.867425441741943,-0.00174791796598583,0,0,0,0,0,38
1,1084,175.046445,-0.865408420562744,-0.0017334142467007,0,0,0,0,0,38
1,1085,175.206445,-0.86273193359375,-0.00169818510767072,0,0,0,0,0,38
1,1086,175.366445,-0.862906515598297,-0.00173769146203995,0,0,0,0,0,38
1,1087,175.526445,-0.858891785144806,-0.00168613099958748,0,0,0,0,0,38
1,1088,175.686445,-0.858077228069305,-0.00169507437385619,0,0,0,0,0,38
1,1089,175.846445,-0.857475996017456,-0.00171268894337118,0,0,0,0,0,38
1,1090,176.006445,-0.85553652048111,-0.00170308456290513,0,0,0,0,0,38
1,1091,176.166445,-0.853694021701813,-0.00169289682526141,0,0,0,0,0,38
1,1092,176.326445,-0.852588534355164,-0.00169484107755125,0,0,0,0,0,38
1,1093,176.486445,-0.847351908683777,-0.00160836265422404,0,0,0,0,0,38
1,1094,176.646445,-0.848535001277924,-0.00167007185518742,0,0,0,0,0,38
1,1095,176.806445,-0.846653699874878,-0.0016603508265689,0,0,0,0,0,38
1,1096,176.966445,-0.84424877166748,-0.00162877689581364,0,0,0,0,0,38
1,1097,177.126445,-0.844559073448181,-0.00167314370628446,0,0,0,0,0,38
1,1098,177.286445,-0.84292995929718,-0.00166455027647316,0,0,0,0,0,38
1,1099,177.446445,-0.841902017593384,-0.00168103724718094,0,0,0,0,0,38
1,1100,177.606445,-0.840369820594788,-0.00168216484598815,0,0,0,0,0,38
1,1101,177.766445,-0.83740246295929,-0.00164989090990275,0,0,0,0,0,38
1,1102,177.926445,-0.835967242717743,-0.00164977426175028,0,0,0,0,0,38
1,1103,178.086445,-0.83680123090744,-0.00170432880986482,0,0,0,0,0,38
1,1104,178.246445,-0.831797361373901,-0.00161905575077981,0,0,0,0,0,38
1,1105,178.406445,-0.831719815731049,-0.00165078532882035,0,0,0,0,0,38
1,1106,178.566445,-0.830478549003601,-0.00166221719700843,0,0,0,0,0,38
1,1107,178.726445,-0.828480899333954,-0.00164304731879383,0,0,0,0,0,38
1,1108,178.886445,-0.828034818172455,-0.00166703888680786,0,0,0,0,0,38
1,1109,179.046445,-0.826134085655212,-0.00165743450634182,0,0,0,0,0,38
1,1110,179.206445,-0.822177588939667,-0.00160614622291178,0,0,0,0,0,38
1,1111,179.366445,-0.822584867477417,-0.00165234063751996,0,0,0,0,0,38
1,1112,179.526445,-0.82023811340332,-0.00163114874158055,0,0,0,0,0,38
1,1113,179.686445,-0.817891359329224,-0.00161812256556004,0,0,0,0,0,38
1,1114,179.846445,-0.815408825874329,-0.00158872618339956,0,0,0,0,0,38
1,1115,180.006445,-0.815253674983978,-0.00162414961960167,0,0,0,0,0,38
1,1116,180.166445,-0.812325060367584,-0.00159105914644897,0,0,0,0,0,38
1,1117,180.326445,-0.812111735343933,-0.00162006681784987,0,0,0,0,0,38
1,1118,180.486445,-0.809183120727539,-0.00158853165339679,0,0,0,0,0,38
1,1119,180.646445,-0.809842526912689,-0.00163694249931723,0,0,0,0,0,38
1,1120,180.806445,-0.80666184425354,-0.00159856386017054,0,0,0,0,0,38
1,1121,180.966445,-0.806273937225342,-0.00162325531709939,0,0,0,0,0,38
1,1122,181.126445,-0.804993867874146,-0.00162959343288094,0,0,0,0,0,38
1,1123,181.286445,-0.803325951099396,-0.00162247766274959,0,0,0,0,0,38
1,1124,181.446445,-0.799543976783752,-0.00157636101357639,0,0,0,0,0,38
1,1125,181.606445,-0.800920963287354,-0.00164763571228832,0,0,0,0,0,38
1,1126,181.766445,-0.796440780162811,-0.0015790828038007,0,0,0,0,0,38
1,1127,181.926445,-0.796130478382111,-0.00159661960788071,0,0,0,0,0,38
1,1128,182.086445,-0.795180141925812,-0.00160921807400882,0,0,0,0,0,38
1,1129,182.246445,-0.796615362167358,-0.00167850975412875,0,0,0,0,0,38
1,1130,182.406445,-0.79135936498642,-0.00159028149209917,0,0,0,0,0,38
1,1131,182.566445,-0.790428459644318,-0.0016064572846517,0,0,0,0,0,38
1,1132,182.726445,-0.786568880081177,-0.00155252497643232,0,0,0,0,0,38
1,1133,182.886445,-0.788799285888672,-0.00163313187658787,0,0,0,0,0,38
1,1134,183.046445,-0.784144580364227,-0.0015689340652898,0,0,0,0,0,38
1,1135,183.206445,-0.78346574306488,-0.00158343790099025,0,0,0,0,0,38
1,1136,183.366445,-0.780440151691437,-0.00155011413153261,0,0,0,0,0,38
1,1137,183.526445,-0.77950918674469,-0.00156411249190569,0,0,0,0,0,38
1,1138,183.686445,-0.778423130512238,-0.00157480558846146,0,0,0,0,0,38
1,1139,183.846445,-0.77652245759964,-0.00156862300354987,0,0,0,0,0,38
1,1140,184.006445,-0.775222957134247,-0.00156951730605215,0,0,0,0,0,38
1,1141,184.166445,-0.774776875972748,-0.00159724173136055,0,0,0,0,0,38
1,1142,184.326445,-0.770684599876404,-0.00153374392539263,0,0,0,0,0,38
1,1143,184.486445,-0.770723402500153,-0.00157169485464692,0,0,0,0,0,38
1,1144,184.646445,-0.768202126026154,-0.00155353592708707,0,0,0,0,0,38
1,1145,184.806445,-0.768357276916504,-0.00158969825133681,0,0,0,0,0,38
1,1146,184.966445,-0.769133031368256,-0.00164145312737674,0,0,0,0,0,38
1,1147,185.126445,-0.763857662677765,-0.00154715892858803,0,0,0,0,0,38
1,1148,185.286445,-0.762868523597717,-0.00156310142483562,0,0,0,0,0,38
1,1149,185.446445,-0.758853852748871,-0.00150710821617395,0,0,0,0,0,38
1,1150,185.606445,-0.758058667182922,-0.00152095092926174,0,0,0,0,0,38
1,1151,185.766445,-0.758718073368073,-0.00157776079140604,0,0,0,0,0,38
1,1152,185.926445,-0.75474214553833,-0.00151445728261024,0,0,0,0,0,38
1,1153,186.086445,-0.756914377212524,-0.00160186900757253,0,0,0,0,0,38
1,1154,186.246445,-0.75291907787323,-0.00154381489846855,0,0,0,0,0,38
1,1155,186.406445,-0.751464486122131,-0.00154132628813386,0,0,0,0,0,38
1,1156,186.566445,-0.750203788280487,-0.00154579803347588,0,0,0,0,0,38
1,1157,186.726445,-0.749350428581238,-0.00155843538232148,0,0,0,0,0,38
1,1158,186.886445,-0.747507929801941,-0.00155264162458479,0,0,0,0,0,38
1,1159,187.046445,-0.743997514247894,-0.00151542946696281,0,0,0,0,0,38
1,1160,187.206445,-0.742601096630096,-0.00151430175174028,0,0,0,0,0,38
1,1161,187.366445,-0.739827632904053,-0.00148502201773226,0,0,0,0,0,38
1,1162,187.526445,-0.740719795227051,-0.00154050975106657,0,0,0,0,0,38
1,1163,187.686445,-0.736937820911407,-0.00148789945524186,0,0,0,0,0,38
1,1164,187.846445,-0.735909879207611,-0.00149404315743595,0,0,0,0,0,38
1,1165,188.006445,-0.735483229160309,-0.00152235082350671,0,0,0,0,0,38
1,1166,188.166445,-0.735250473022461,-0.00155909638851881,0,0,0,0,0,38
1,1167,188.326445,-0.731410324573517,-0.00150415301322937,0,0,0,0,0,38
1,1168,188.486445,-0.731410324573517,-0.00152744469232857,0,0,0,0,0,38
1,1169,188.646445,-0.728927791118622,-0.00151542946696281,0,0,0,0,0,38
1,1170,188.806445,-0.726328909397125,-0.00148416659794748,0,0,0,0,0,38
1,1171,188.966445,-0.725591897964478,-0.00150590285193175,0,0,0,0,0,38
1,1172,189.126445,-0.724563956260681,-0.00150924688205123,0,0,0,0,0,38
1,1173,189.286445,-0.722197830677032,-0.0014881327515468,0,0,0,0,0,38
1,1174,189.446445,-0.721247494220734,-0.00151387404184788,0,0,0,0,0,38
1,1175,189.606445,-0.723361492156982,-0.0015847987961024,0,0,0,0,0,38
1,1176,189.766445,-0.721092343330383,-0.00156737875659019,0,0,0,0,0,38
1,1177,189.926445,-0.717097043991089,-0.00151924008969218,0,0,0,0,0,38
1,1178,190.086445,-0.716747939586639,-0.00154054863378406,0,0,0,0,0,38
1,1179,190.246445,-0.714556336402893,-0.00152176758274436,0,0,0,0,0,38
1,1180,190.406445,-0.711627721786499,-0.00149287655949593,0,0,0,0,0,38
1,1181,190.566445,-0.707671165466309,-0.0014436102937907,0,0,0,0,0,38
1,1182,190.726445,-0.708000898361206,-0.00147611752618104,0,0,0,0,0,38
1,1183,190.886445,-0.70662385225296,-0.00148128916043788,0,0,0,0,0,38
1,1184,191.046445,-0.705751121044159,-0.00149450975004584,0,0,0,0,0,38
1,1185,191.206445,-0.703811645507813,-0.0014812113950029,0,0,0,0,0,38
1,1186,191.366445,-0.701910972595215,-0.00148058915510774,0,0,0,0,0,38
1,1187,191.526445,-0.700456380844116,-0.00147728400770575,0,0,0,0,0,38
1,1188,191.686445,-0.69933146238327,-0.00148793833795935,0,0,0,0,0,38
1,1189,191.846445,-0.698148369789124,-0.00149730942212045,0,0,0,0,0,38
1,1190,192.006445,-0.693668186664581,-0.00142661796417087,0,0,0,0,0,38
1,1191,192.166445,-0.693629443645477,-0.00146243022754788,0,0,0,0,0,38
1,1192,192.326445,-0.691612362861633,-0.00144944293424487,0,0,0,0,0,38
1,1193,192.486445,-0.691011130809784,-0.00146861281245947,0,0,0,0,0,38
1,1194,192.646445,-0.689032852649689,-0.00145974732004106,0,0,0,0,0,38
1,1195,192.806445,-0.688780725002289,-0.00148334994446486,0,0,0,0,0,38
1,1196,192.966445,-0.685464262962341,-0.00144423253368586,0,0,0,0,0,38
1,1197,193.126445,-0.683175683021545,-0.00143357820343226,0,0,0,0,0,38
1,1198,193.286445,-0.681565880775452,-0.00142257404513657,0,0,0,0,0,38
1,1199,193.446445,-0.681914985179901,-0.00147141248453408,0,0,0,0,0,38
1,1200,193.606445,-0.679762184619904,-0.00145014282315969,0,0,0,0,0,38
1,1201,193.766445,-0.675611734390259,-0.00140499835833907,0,0,0,0,0,38
1,1202,193.926445,-0.678714871406555,-0.00150248093996197,0,0,0,0,0,38
1,1203,194.086445,-0.674448013305664,-0.00143894425127655,0,0,0,0,0,38
1,1204,194.246445,-0.675107479095459,-0.00148844381328672,0,0,0,0,0,38
1,1205,194.406445,-0.671887934207916,-0.00144940405152738,0,0,0,0,0,38
1,1206,194.566445,-0.669793307781219,-0.00142836768645793,0,0,0,0,0,38
1,1207,194.726445,-0.665642857551575,-0.0013734633103013,0,0,0,0,0,38
1,1208,194.886445,-0.66868782043457,-0.00147778948303312,0,0,0,0,0,38
1,1209,195.046445,-0.665196776390076,-0.00143536692485213,0,0,0,0,0,38
1,1210,195.206445,-0.664770066738129,-0.00145407021045685,0,0,0,0,0,38
1,1211,195.366445,-0.660173535346985,-0.00138543953653425,0,0,0,0,0,38
1,1212,195.526445,-0.662016034126282,-0.00146647426299751,0,0,0,0,0,38
1,1213,195.686445,-0.658408582210541,-0.00141666363924742,0,0,0,0,0,38
1,1214,195.846445,-0.656566083431244,-0.00140445400029421,0,0,0,0,0,38
1,1215,196.006445,-0.653734505176544,-0.00138252321630716,0,0,0,0,0,38
1,1216,196.166445,-0.654743015766144,-0.00143221730832011,0,0,0,0,0,38
1,1217,196.326445,-0.651077389717102,-0.00138928915839642,0,0,0,0,0,38
1,1218,196.486445,-0.650379180908203,-0.00140332628507167,0,0,0,0,0,38
1,1219,196.646445,-0.648536682128906,-0.00140235421713442,0,0,0,0,0,38
1,1220,196.806445,-0.646791160106659,-0.00139663822483271,0,0,0,0,0,38
1,1221,196.966445,-0.64558869600296,-0.00140834238845855,0,0,0,0,0,38
1,1222,197.126445,-0.64442503452301,-0.00141464162152261,0,0,0,0,0,38
1,1223,197.286445,-0.642388582229614,-0.00139978784136474,0,0,0,0,0,38
1,1224,197.446445,-0.642078280448914,-0.00142529583536088,0,0,0,0,0,38
1,1225,197.606445,-0.637093842029572,-0.00135351566132158,0,0,0,0,0,38
1,1226,197.766445,-0.637772619724274,-0.00139858247712255,0,0,0,0,0,38
1,1227,197.926445,-0.634999215602875,-0.00137116911355406,0,0,0,0,0,38
1,1228,198.086445,-0.636570155620575,-0.00143637787550688,0,0,0,0,0,38
1,1229,198.246445,-0.633486390113831,-0.00140492059290409,0,0,0,0,0,38
1,1230,198.406445,-0.629995346069336,-0.00136553088668734,0,0,0,0,0,38
1,1231,198.566445,-0.628501951694489,-0.00135732628405094,0,0,0,0,0,38
1,1232,198.726445,-0.628036499023438,-0.0013832621043548,0,0,0,0,0,38
1,1233,198.886445,-0.625941872596741,-0.00136747513897717,0,0,0,0,0,38
1,1234,199.046445,-0.622644782066345,-0.00132691883482039,0,0,0,0,0,38
1,1235,199.206445,-0.623517513275146,-0.00138108455576003,0,0,0,0,0,38
1,1236,199.366445,-0.621946573257446,-0.00137840153183788,0,0,0,0,0,38
1,1237,199.526445,-0.619948863983154,-0.00137315213214606,0,0,0,0,0,38
1,1238,199.686445,-0.618261575698853,-0.00136743625625968,0,0,0,0,0,38
1,1239,199.846445,-0.616574227809906,-0.0013652975903824,0,0,0,0,0,38
1,1240,200.006445,-0.615022659301758,-0.00136420887429267,0,0,0,0,0,38
1,1241,200.166445,-0.613315880298615,-0.0013612147886306,0,0,0,0,0,38
1,1242,200.326445,-0.611919462680817,-0.00136308115907013,0,0,0,0,0,38
1,1243,200.486445,-0.610464870929718,-0.00136755290441215,0,0,0,0,0,38
1,1244,200.646445,-0.608215093612671,-0.00135133811272681,0,0,0,0,0,38
1,1245,200.806445,-0.606779873371124,-0.00134834402706474,0,0,0,0,0,38
1,1246,200.966445,-0.603987038135529,-0.00132264161948115,0,0,0,0,0,38
1,1247,201.126445,-0.606159269809723,-0.00140519277192652,0,0,0,0,0,38
1,1248,201.286445,-0.601465702056885,-0.00133543449919671,0,0,0,0,0,38
1,1249,201.446445,-0.602648794651031,-0.00139232212677598,0,0,0,0,0,38
1,1250,201.606445,-0.599894762039185,-0.00136420887429267,0,0,0,0,0,38
1,1251,201.766445,-0.598672866821289,-0.00136844720691442,0,0,0,0,0,38
1,1252,201.926445,-0.597276449203491,-0.00136498652864248,0,0,0,0,0,38
1,1253,202.086445,-0.592660546302795,-0.00130059430375695,0,0,0,0,0,38
1,1254,202.246445,-0.591651976108551,-0.00131587579380721,0,0,0,0,0,38
1,1255,202.406445,-0.592485964298248,-0.00136502541135997,0,0,0,0,0,38
1,1256,202.566445,-0.5899258852005,-0.00134212255943567,0,0,0,0,0,38
1,1257,202.726445,-0.588742792606354,-0.00135118258185685,0,0,0,0,0,38
1,1258,202.886445,-0.58490264415741,-0.0013052603462711,0,0,0,0,0,38
1,1259,203.046445,-0.58439838886261,-0.00132516911253333,0,0,0,0,0,38
1,1260,203.206445,-0.58490264415741,-0.00137066363822669,0,0,0,0,0,38
1,1261,203.366445,-0.582924365997314,-0.00135355454403907,0,0,0,0,0,38
1,1262,203.526445,-0.581333994865417,-0.00135868729557842,0,0,0,0,0,38
1,1263,203.686445,-0.576291382312775,-0.00128157995641232,0,0,0,0,0,38
1,1264,203.846445,-0.577435672283173,-0.00133527896832675,0,0,0,0,0,38
1,1265,204.006445,-0.575767755508423,-0.00133321806788445,0,0,0,0,0,38
1,1266,204.166445,-0.57264518737793,-0.00129332288634032,0,0,0,0,0,38
1,1267,204.326445,-0.570763885974884,-0.00129600591026247,0,0,0,0,0,38
1,1268,204.486445,-0.570492386817932,-0.00132341927383095,0,0,0,0,0,38
1,1269,204.646445,-0.570628106594086,-0.00135580985806882,0,0,0,0,0,38
1,1270,204.806445,-0.567951679229736,-0.00132719101384282,0,0,0,0,0,38
1,1271,204.966445,-0.565488517284393,-0.00130222737789154,0,0,0,0,0,38
1,1272,205.126445,-0.56576007604599,-0.00135172693990171,0,0,0,0,0,38
1,1273,205.286445,-0.562172055244446,-0.00130343285854906,0,0,0,0,0,38
1,1274,205.446445,-0.560251951217651,-0.00129270076286048,0,0,0,0,0,38
1,1275,205.606445,-0.559670090675354,-0.00131467031314969,0,0,0,0,0,38
1,1276,205.766445,-0.558370649814606,-0.0013191809412092,0,0,0,0,0,38
1,1277,205.926445,-0.557051837444305,-0.00132979627232999,0,0,0,0,0,38
1,1278,206.086445,-0.553075909614563,-0.00127166439779103,0,0,0,0,0,38
1,1279,206.246445,-0.555209338665009,-0.00135141587816179,0,0,0,0,0,38
1,1280,206.406445,-0.550942480564117,-0.00129814457613975,0,0,0,0,0,38
1,1281,206.566445,-0.550050318241119,-0.00130494928453118,0,0,0,0,0,38
1,1282,206.726445,-0.547936320304871,-0.00128943449817598,0,0,0,0,0,38
1,1283,206.886445,-0.547412633895874,-0.00132007524371147,0,0,0,0,0,38
1,1284,207.046445,-0.545453786849976,-0.0013077100738883,0,0,0,0,0,38
1,1285,207.206445,-0.542331218719482,-0.00126622070092708,0,0,0,0,0,38
1,1286,207.366445,-0.544697403907776,-0.00135810405481607,0,0,0,0,0,38
1,1287,207.526445,-0.54215669631958,-0.00132754107471555,0,0,0,0,0,38
1,1288,207.686445,-0.537269234657288,-0.00125583854969591,0,0,0,0,0,38
1,1289,207.846445,-0.538297116756439,-0.00130728236399591,0,0,0,0,0,38
1,1290,208.006445,-0.53536856174469,-0.00127765256911516,0,0,0,0,0,38
1,1291,208.166445,-0.534883677959442,-0.00129744468722492,0,0,0,0,0,38
1,1292,208.326445,-0.532886028289795,-0.0012889679055661,0,0,0,0,0,38
1,1293,208.486445,-0.52974408864975,-0.00124782847706228,0,0,0,0,0,38
1,1294,208.646445,-0.528696775436401,-0.00125723844394088,0,0,0,0,0,38
1,1295,208.806445,-0.527765810489655,-0.00127411412540823,0,0,0,0,0,38
1,1296,208.966445,-0.52559357881546,-0.00126190448645502,0,0,0,0,0,38
1,1297,209.126445,-0.524371743202209,-0.00126213778275996,0,0,0,0,0,38
1,1298,209.286445,-0.521869838237762,-0.00124145147856325,0,0,0,0,0,38
1,1299,209.446445,-0.521191000938416,-0.00125910481438041,0,0,0,0,0,38
1,1300,209.606445,-0.520919442176819,-0.00129231193568558,0,0,0,0,0,38
1,1301,209.766445,-0.518126606941223,-0.00126182672102004,0,0,0,0,0,38
1,1302,209.926445,-0.516749620437622,-0.0012596104061231,0,0,0,0,0,38
1,1303,210.086445,-0.512211263179779,-0.00119584030471742,0,0,0,0,0,38
1,1304,210.246445,-0.513122797012329,-0.00125334993936121,0,0,0,0,0,38
1,1305,210.406445,-0.510892391204834,-0.00124028488062322,0,0,0,0,0,38
1,1306,210.566445,-0.509573578834534,-0.00124110141769052,0,0,0,0,0,38
1,1307,210.726445,-0.508952915668488,-0.00125319440849125,0,0,0,0,0,38
1,1308,210.886445,-0.50513219833374,-0.00120474479626864,0,0,0,0,0,38
1,1309,211.046445,-0.50689709186554,-0.00127236440312117,0,0,0,0,0,38
1,1310,211.206445,-0.504589140415192,-0.00125789945013821,0,0,0,0,0,38
1,1311,211.366445,-0.5013307929039,-0.00122165936045349,0,0,0,0,0,38
1,1312,211.526445,-0.499779224395752,-0.00121571007184684,0,0,0,0,0,38
1,1313,211.686445,-0.49826642870903,-0.00121672113891691,0,0,0,0,0,38
1,1314,211.846445,-0.495531797409058,-0.00118685804773122,0,0,0,0,0,38
1,1315,212.006445,-0.493999600410461,-0.00118841335643083,0,0,0,0,0,38
1,1316,212.166445,-0.495357245206833,-0.00125284446403384,0,0,0,0,0,38
1,1317,212.326445,-0.493068665266037,-0.00123721302952617,0,0,0,0,0,38
1,1318,212.486445,-0.489577621221542,-0.0011877523502335,0,0,0,0,0,38
1,1319,212.646445,-0.488375127315521,-0.00119257404003292,0,0,0,0,0,38
1,1320,212.806445,-0.487599343061447,-0.00120878871530294,0,0,0,0,0,38
1,1321,212.966445,-0.484825909137726,-0.00118300854228437,0,0,0,0,0,38
1,1322,213.126445,-0.486823558807373,-0.00125669408589602,0,0,0,0,0,38
1,1323,213.286445,-0.484108299016953,-0.0012330524623394,0,0,0,0,0,38
1,1324,213.446445,-0.481955498456955,-0.00121738214511424,0,0,0,0,0,38
1,1325,213.606445,-0.481645166873932,-0.00125144771300256,0,0,0,0,0,38
1,1326,213.766445,-0.476272821426392,-0.00116231420543045,0,0,0,0,0,38
1,1327,213.926445,-0.476990431547165,-0.00121354660950601,0,0,0,0,0,38
1,1328,214.086445,-0.478774756193161,-0.00129100598860532,0,0,0,0,0,38
1,1329,214.246445,-0.473208457231522,-0.00119179720059037,0,0,0,0,0,38
1,1330,214.406445,-0.471656888723373,-0.00119648862164468,0,0,0,0,0,38
1,1331,214.566445,-0.470551401376724,-0.00119883439037949,0,0,0,0,0,38
1,1332,214.726445,-0.467545211315155,-0.00117000879254192,0,0,0,0,0,38
1,1333,214.886445,-0.465528160333633,-0.00115320365875959,0,0,0,0,0,38
1,1334,215.046445,-0.465566962957382,-0.00118967320304364,0,0,0,0,0,38
1,1335,215.206445,-0.462463796138763,-0.00114897126331925,0,0,0,0,0,38
1,1336,215.366445,-0.462308645248413,-0.0011893620248884,0,0,0,0,0,38
1,1337,215.526445,-0.461513459682465,-0.00119712657760829,0,0,0,0,0,38
1,1338,215.686445,-0.456916898488998,-0.00112952862400562,0,0,0,0,0,38
1,1339,215.846445,-0.456936299800873,-0.00116500223521143,0,0,0,0,0,38
1,1340,216.006445,-0.455481708049774,-0.00116376916412264,0,0,0,0,0,38
1,1341,216.166445,-0.452844023704529,-0.0011342316865921,0,0,0,0,0,38
1,1342,216.326445,-0.452494919300079,-0.00116283551324159,0,0,0,0,0,38
1,1343,216.486445,-0.450109362602234,-0.00114210532046855,0,0,0,0,0,38
1,1344,216.646445,-0.448771119117737,-0.0011389737483114,0,0,0,0,0,38
1,1345,216.806445,-0.449294775724411,-0.00119178940076381,0,0,0,0,0,38
1,1346,216.966445,-0.447258353233337,-0.00117906101513654,0,0,0,0,0,38
1,1347,217.126445,-0.444000035524368,-0.00114102766383439,0,0,0,0,0,38
1,1348,217.286445,-0.442118734121323,-0.00112834211904556,0,0,0,0,0,38
1,1349,217.446445,-0.439306497573853,-0.00110828876495361,0,0,0,0,0,38
1,1350,217.606445,-0.438782840967178,-0.00111812679097056,0,0,0,0,0,38
1,1351,217.766445,-0.437270075082779,-0.00111694424413145,0,0,0,0,0,38
1,1352,217.926445,-0.436028808355331,-0.0011258291779086,0,0,0,0,0,38
1,1353,218.086445,-0.432886868715286,-0.00108945299871266,0,0,0,0,0,38
1,1354,218.246445,-0.431277096271515,-0.00108743796590716,0,0,0,0,0,38
1,1355,218.406445,-0.429744899272919,-0.00108521280344576,0,0,0,0,0,38
1,1356,218.566445,-0.428484261035919,-0.00109183765016496,0,0,0,0,0,38
1,1357,218.726445,-0.427436947822571,-0.00109510531183332,0,0,0,0,0,38
1,1358,218.886445,-0.426544785499573,-0.00110949471127242,0,0,0,0,0,38
1,1359,219.046445,-0.422724038362503,-0.0010588769800961,0,0,0,0,0,38
1,1360,219.206445,-0.42251068353653,-0.001085523981601,0,0,0,0,0,38
1,1361,219.366445,-0.421831876039505,-0.0011055696522817,0,0,0,0,0,38
1,1362,219.526445,-0.421637922525406,-0.00112844712566584,0,0,0,0,0,38
1,1363,219.686445,-0.418554157018662,-0.00109365431126207,0,0,0,0,0,38
1,1364,219.846445,-0.415644943714142,-0.00106407015118748,0,0,0,0,0,38
1,1365,220.006445,-0.414364904165268,-0.00106812361627817,0,0,0,0,0,38
1,1366,220.166445,-0.414772182703018,-0.00110491213854402,0,0,0,0,0,38
1,1367,220.326445,-0.412115126848221,-0.00108488602563739,0,0,0,0,0,38
1,1368,220.486445,-0.411358714103699,-0.00109401217196137,0,0,0,0,0,38
1,1369,220.646445,-0.40693673491478,-0.00104041455779225,0,0,0,0,0,38
1,1370,220.806445,-0.406044572591782,-0.00104738946538419,0,0,0,0,0,38
1,1371,220.966445,-0.406044572591782,-0.00108210847247392,0,0,0,0,0,38
1,1372,221.126445,-0.406354874372482,-0.00112221529707313,0,0,0,0,0,38
1,1373,221.286445,-0.403135359287262,-0.00107898865826428,0,0,0,0,0,38
1,1374,221.446445,-0.40106013417244,-0.00106932956259698,0,0,0,0,0,38
1,1375,221.606445,-0.398267298936844,-0.00103523686993867,0,0,0,0,0,38
1,1376,221.766445,-0.399256408214569,-0.00109273626003414,0,0,0,0,0,38
1,1377,221.926445,-0.3946792781353,-0.00102649978362024,0,0,0,0,0,38
1,1378,222.086445,-0.393942266702652,-0.00104227790143341,0,0,0,0,0,38
1,1379,222.246445,-0.394892603158951,-0.001092214952223,0,0,0,0,0,38
1,1380,222.406445,-0.391750663518906,-0.00105552759487182,0,0,0,0,0,38
1,1381,222.566445,-0.390354245901108,-0.0010642025154084,0,0,0,0,0,38
1,1382,222.726445,-0.388065665960312,-0.00104770855978131,0,0,0,0,0,38
1,1383,222.886445,-0.386824399232864,-0.0010488600237295,0,0,0,0,0,38
1,1384,223.046445,-0.386029213666916,-0.00106393010355532,0,0,0,0,0,38
1,1385,223.206445,-0.382751524448395,-0.00103105115704238,0,0,0,0,0,38
1,1386,223.366445,-0.381510257720947,-0.00102911388967186,0,0,0,0,0,38
1,1387,223.526445,-0.379842311143875,-0.00102803634945303,0,0,0,0,0,38
1,1388,223.686445,-0.380889624357224,-0.00108487438410521,0,0,0,0,0,38
1,1389,223.846445,-0.377243429422379,-0.00103140517603606,0,0,0,0,0,38
1,1390,224.006445,-0.376215487718582,-0.00104434753302485,0,0,0,0,0,38
1,1391,224.166445,-0.376060336828232,-0.00107493903487921,0,0,0,0,0,38
1,1392,224.326445,-0.376622796058655,-0.00112129328772426,0,0,0,0,0,38
1,1393,224.486445,-0.36750727891922,-0.00094778003403917,0,0,0,0,0,38
1,1394,224.646445,-0.368961870670319,-0.00101489957887679,0,0,0,0,0,38
1,1395,224.806445,-0.366964221000671,-0.0010003661736846,0,0,0,0,0,38
1,1396,224.966445,-0.3653544485569,-0.00100186001509428,0,0,0,0,0,38
1,1397,225.126445,-0.364617466926575,-0.0010141720995307,0,0,0,0,0,38
1,1398,225.286445,-0.362115532159805,-0.000994204310700297,0,0,0,0,0,38
1,1399,225.446445,-0.360854893922806,-0.00099829665850848,0,0,0,0,0,38
1,1400,225.606445,-0.359671801328659,-0.00100090692285448,0,0,0,0,0,38
1,1401,225.766445,-0.356898367404938,-0.00097569526406005,0,0,0,0,0,38
1,1402,225.926445,-0.35606437921524,-0.000989470048807561,0,0,0,0,0,38
1,1403,226.086445,-0.355017066001892,-0.00100046349689364,0,0,0,0,0,38
1,1404,226.246445,-0.353737026453018,-0.00100617413409054,0,0,0,0,0,38
1,1405,226.406445,-0.352010905742645,-0.000996585004031658,0,0,0,0,0,38
1,1406,226.566445,-0.349683523178101,-0.000974469934590161,0,0,0,0,0,38
1,1407,226.726445,-0.348519831895828,-0.000980056123808026,0,0,0,0,0,38
1,1408,226.886445,-0.346948862075806,-0.00098140980117023,0,0,0,0,0,38
1,1409,227.046445,-0.348597407341003,-0.00104397011455148,0,0,0,0,0,38
1,1410,227.206445,-0.34339964389801,-0.000966576917562634,0,0,0,0,0,38
1,1411,227.366445,-0.342274755239487,-0.000971287838183343,0,0,0,0,0,38
1,1412,227.526445,-0.340354681015015,-0.000959446420893073,0,0,0,0,0,38
1,1413,227.686445,-0.338201850652695,-0.000947239343076944,0,0,0,0,0,38
1,1414,227.846445,-0.338647931814194,-0.000991376233287156,0,0,0,0,0,38
1,1415,228.006445,-0.335544764995575,-0.000951946363784373,0,0,0,0,0,38
1,1416,228.166445,-0.334594428539276,-0.000960951903834939,0,0,0,0,0,38
1,1417,228.326445,-0.33199554681778,-0.00093775917775929,0,0,0,0,0,38
1,1418,228.486445,-0.330385774374008,-0.000937070639338344,0,0,0,0,0,38
1,1419,228.646445,-0.329920321702957,-0.000960014353040606,0,0,0,0,0,38
1,1420,228.806445,-0.328213572502136,-0.000954241491854191,0,0,0,0,0,38
1,1421,228.966445,-0.325420737266541,-0.000917736964765936,0,0,0,0,0,38
1,1422,229.126445,-0.322880029678345,-0.000894766009878367,0,0,0,0,0,38
1,1423,229.286445,-0.322317570447922,-0.000919152924325317,0,0,0,0,0,38
1,1424,229.446445,-0.319679886102676,-0.000898928381502628,0,0,0,0,0,38
1,1425,229.606445,-0.320746600627899,-0.000940202153287828,0,0,0,0,0,38
1,1426,229.766445,-0.317565888166428,-0.000903440872207284,0,0,0,0,0,38
1,1427,229.926445,-0.316150069236755,-0.000909272115677595,0,0,0,0,0,38
1,1428,230.086445,-0.312193542718887,-0.000857452338095754,0,0,0,0,0,38
1,1429,230.246445,-0.313337832689285,-0.000909182650502771,0,0,0,0,0,38
1,1430,230.406445,-0.31120440363884,-0.000891758943907917,0,0,0,0,0,38
1,1431,230.566445,-0.309924364089966,-0.000901491963304579,0,0,0,0,0,38
1,1432,230.726445,-0.308896452188492,-0.000905677676200867,0,0,0,0,0,38
1,1433,230.886445,-0.306782424449921,-0.000893451157025993,0,0,0,0,0,38
1,1434,231.046445,-0.304396867752075,-0.000864438945427537,0,0,0,0,0,38
1,1435,231.206445,-0.30201131105423,-0.000853017612826079,0,0,0,0,0,38
1,1436,231.366445,-0.301720380783081,-0.000873440585564822,0,0,0,0,0,38
1,1437,231.526445,-0.300246387720108,-0.000875805737450719,0,0,0,0,0,38
1,1438,231.686445,-0.297763884067535,-0.000852749217301607,0,0,0,0,0,38
1,1439,231.846445,-0.296774744987488,-0.000864983536303043,0,0,0,0,0,38
1,1440,232.006445,-0.296057134866714,-0.000875988567713648,0,0,0,0,0,38
1,1441,232.166445,-0.294912844896317,-0.00088831625180319,0,0,0,0,0,38
1,1442,232.326445,-0.292236387729645,-0.000856689875945449,0,0,0,0,0,38
1,1443,232.486445,-0.290917545557022,-0.000857020553667098,0,0,0,0,0,38
1,1444,232.646445,-0.286980420351028,-0.000799653469584882,0,0,0,0,0,38
1,1445,232.806445,-0.286786466836929,-0.000828813528642058,0,0,0,0,0,38
1,1446,232.966445,-0.286708891391754,-0.000860599393490702,0,0,0,0,0,38
1,1447,233.126445,-0.285642176866531,-0.000867457594722509,0,0,0,0,0,38
1,1448,233.286445,-0.281860202550888,-0.000812171783763915,0,0,0,0,0,38
1,1449,233.446445,-0.279494047164917,-0.000798712077084929,0,0,0,0,0,38
1,1450,233.606445,-0.279183745384216,-0.000823600799776614,0,0,0,0,0,38
1,1451,233.766445,-0.276507258415222,-0.000795137078966945,0,0,0,0,0,38
1,1452,233.926445,-0.275789648294449,-0.000807589269243181,0,0,0,0,0,38
1,1453,234.086445,-0.274373829364777,-0.000812813639640808,0,0,0,0,0,38
1,1454,234.246445,-0.272841662168503,-0.000806764524895698,0,0,0,0,0,38
1,1455,234.406445,-0.271251291036606,-0.000798050779849291,0,0,0,0,0,38
1,1456,234.566445,-0.270397931337357,-0.000816583109553903,0,0,0,0,0,38
1,1457,234.726445,-0.26855543255806,-0.000806488329544663,0,0,0,0,0,38
1,1458,234.886445,-0.267100811004639,-0.000807208009064198,0,0,0,0,0,38
1,1459,235.046445,-0.265122562646866,-0.000790317251812667,0,0,0,0,0,38
1,1460,235.206445,-0.26273700594902,-0.000772500701714307,0,0,0,0,0,38
1,1461,235.366445,-0.261398792266846,-0.000777620065491647,0,0,0,0,0,38
1,1462,235.526445,-0.260041147470474,-0.000772753555793315,0,0,0,0,0,38
1,1463,235.686445,-0.258993834257126,-0.000785166805144399,0,0,0,0,0,38
1,1464,235.846445,-0.256123423576355,-0.000754442939069122,0,0,0,0,0,38
1,1465,236.006445,-0.256278574466705,-0.000783459050580859,0,0,0,0,0,38
1,1466,236.166445,-0.254242122173309,-0.00076746306149289,0,0,0,0,0,38
1,1467,236.326445,-0.252671152353287,-0.000764129217714071,0,0,0,0,0,38
1,1468,236.486445,-0.251197159290314,-0.000762783281970769,0,0,0,0,0,38
1,1469,236.646445,-0.249412849545479,-0.000762320356443524,0,0,0,0,0,38
1,1470,236.806445,-0.247337609529495,-0.000749140745028853,0,0,0,0,0,38
1,1471,236.966445,-0.246910929679871,-0.000765770848374814,0,0,0,0,0,38
1,1472,237.126445,-0.244622349739075,-0.000744145887438208,0,0,0,0,0,38
1,1473,237.286445,-0.241945877671242,-0.000723260047379881,0,0,0,0,0,38
1,1474,237.446445,-0.240917965769768,-0.000728752813301981,0,0,0,0,0,38
1,1475,237.606445,-0.237349331378937,-0.000681044824887067,0,0,0,0,0,38
1,1476,237.766445,-0.239017277956009,-0.000748354941606522,0,0,0,0,0,38
1,1477,237.926445,-0.237582072615623,-0.000754579086787999,0,0,0,0,0,38
1,1478,238.086445,-0.235972300171852,-0.00074541405774653,0,0,0,0,0,38
1,1479,238.246445,-0.232675209641457,-0.000700433040037751,0,0,0,0,0,38
1,1480,238.406445,-0.230852097272873,-0.000696060538757592,0,0,0,0,0,38
1,1481,238.566445,-0.2296302318573,-0.00069293292472139,0,0,0,0,0,38
1,1482,238.726445,-0.228117451071739,-0.000692326109856367,0,0,0,0,0,38
1,1483,238.886445,-0.225887060165405,-0.000677174190059304,0,0,0,0,0,38
1,1484,239.046445,-0.225828871130943,-0.000713258632458746,0,0,0,0,0,38
1,1485,239.206445,-0.224839746952057,-0.000721038784831762,0,0,0,0,0,38
1,1486,239.366445,-0.222648143768311,-0.000701973505783826,0,0,0,0,0,38
1,1487,239.526445,-0.219797119498253,-0.000669561326503754,0,0,0,0,0,38
1,1488,239.686445,-0.220126822590828,-0.000701055454555899,0,0,0,0,0,38
1,1489,239.846445,-0.216752141714096,-0.000663986837025732,0,0,0,0,0,38
1,1490,240.006445,-0.214327797293663,-0.000638818019069731,0,0,0,0,0,38
1,1491,240.166445,-0.213047757744789,-0.000648714369162917,0,0,0,0,0,38
1,1492,240.326445,-0.213513225317001,-0.000686798302922398,0,0,0,0,0,38
1,1493,240.486445,-0.212194383144379,-0.000688167579937726,0,0,0,0,0,38
1,1494,240.646445,-0.207287520170212,-0.000615372438915074,0,0,0,0,0,38
1,1495,240.806445,-0.205541998147964,-0.000607273308560252,0,0,0,0,0,38
1,1496,240.966445,-0.204358920454979,-0.000619398721028119,0,0,0,0,0,38
1,1497,241.126445,-0.204300731420517,-0.000642708095256239,0,0,0,0,0,38
1,1498,241.286445,-0.20205095410347,-0.000624926527962089,0,0,0,0,0,38
1,1499,241.446445,-0.201178193092346,-0.00062983192037791,0,0,0,0,0,38
1,1500,241.606445,-0.198307767510414,-0.000605071545578539,0,0,0,0,0,38
1,1501,241.766445,-0.198734447360039,-0.000644155195914209,0,0,0,0,0,38
1,1502,241.926445,-0.198501721024513,-0.000666534819174558,0,0,0,0,0,38
1,1503,242.086445,-0.193148776888847,-0.00058254407485947,0,0,0,0,0,38
1,1504,242.246445,-0.192566931247711,-0.000603698310442269,0,0,0,0,0,38
1,1505,242.406445,-0.192450568079948,-0.000629582966212183,0,0,0,0,0,38
1,1506,242.566445,-0.190006837248802,-0.000607222726102918,0,0,0,0,0,38
1,1507,242.726445,-0.189929246902466,-0.000640755228232592,0,0,0,0,0,38
1,1508,242.886445,-0.18562363088131,-0.000577914877794683,0,0,0,0,0,38
1,1509,243.046445,-0.184246599674225,-0.000579727638978511,0,0,0,0,0,38
1,1510,243.206445,-0.183160498738289,-0.00058759335661307,0,0,0,0,0,38
1,1511,243.366445,-0.183354437351227,-0.000618970778305084,0,0,0,0,0,38
1,1512,243.526445,-0.18151193857193,-0.000611560186371207,0,0,0,0,0,38
1,1513,243.686445,-0.177904531359673,-0.000561770983040333,0,0,0,0,0,38
1,1514,243.846445,-0.177536025643349,-0.000586480833590031,0,0,0,0,0,38
1,1515,244.006445,-0.176605075597763,-0.000592502648942173,0,0,0,0,0,38
1,1516,244.166445,-0.174006193876266,-0.000565933412872255,0,0,0,0,0,38
1,1517,244.326445,-0.172435224056244,-0.000569932395592332,0,0,0,0,0,38
1,1518,244.486445,-0.169467821717262,-0.000535077240783721,0,0,0,0,0,38
1,1519,244.646445,-0.167935639619827,-0.000534287595655769,0,0,0,0,0,38
1,1520,244.806445,-0.166674986481667,-0.000534373160917312,0,0,0,0,0,38
1,1521,244.966445,-0.166674986481667,-0.000565711641684175,0,0,0,0,0,38
1,1522,245.126445,-0.16508461534977,-0.000565649417694658,0,0,0,0,0,38
1,1523,245.286445,-0.161729335784912,-0.000517470762133598,0,0,0,0,0,38
1,1524,245.446445,-0.159169226884842,-0.000502128270454705,0,0,0,0,0,38
1,1525,245.606445,-0.158994674682617,-0.000526480202097446,0,0,0,0,0,38
1,1526,245.766445,-0.158800736069679,-0.000544195587281138,0,0,0,0,0,38
1,1527,245.926445,-0.157714635133743,-0.000559790933039039,0,0,0,0,0,38
1,1528,246.086445,-0.153467178344727,-0.000500984548125416,0,0,0,0,0,38
1,1529,246.246445,-0.153428390622139,-0.00052234111353755,0,0,0,0,0,38
1,1530,246.406445,-0.152012586593628,-0.000524138333275914,0,0,0,0,0,38
1,1531,246.566445,-0.149937346577644,-0.000508558587171137,0,0,0,0,0,38
1,1532,246.726445,-0.147241488099098,-0.000489979516714811,0,0,0,0,0,38
1,1533,246.886445,-0.147745743393898,-0.000525453186128289,0,0,0,0,0,38
1,1534,247.046445,-0.146523877978325,-0.000532599282450974,0,0,0,0,0,38
1,1535,247.206445,-0.144603803753853,-0.000516490428708494,0,0,0,0,0,38
1,1536,247.366445,-0.141306698322296,-0.000474493106594309,0,0,0,0,0,38
1,1537,247.526445,-0.141015782952309,-0.000505781034007669,0,0,0,0,0,38
1,1538,247.686445,-0.139987856149673,-0.000513755716383457,0,0,0,0,0,38
1,1539,247.846445,-0.136244684457779,-0.000466207216959447,0,0,0,0,0,38
1,1540,248.006445,-0.135236158967018,-0.00047768687363714,0,0,0,0,0,38
1,1541,248.166445,-0.135294333100319,-0.000505411473568529,0,0,0,0,0,38
1,1542,248.326445,-0.131008103489876,-0.000447243073722348,0,0,0,0,0,38
1,1543,248.486445,-0.130949914455414,-0.000471770035801455,0,0,0,0,0,38
1,1544,248.646445,-0.129960790276527,-0.000492045190185308,0,0,0,0,0,38
1,1545,248.806445,-0.127400681376457,-0.000459485163446516,0,0,0,0,0,38
1,1546,248.966445,-0.127400681376457,-0.000489462167024612,0,0,0,0,0,38
1,1547,249.126445,-0.123987220227718,-0.000445352488895878,0,0,0,0,0,38
1,1548,249.286445,-0.123289011418819,-0.00045924008009024,0,0,0,0,0,38
1,1549,249.446445,-0.120534956455231,-0.000434674206189811,0,0,0,0,0,38
1,1550,249.606445,-0.118692457675934,-0.000432114553404972,0,0,0,0,0,38
1,1551,249.766445,-0.1162099391222,-0.00040698071825318,0,0,0,0,0,38
1,1552,249.926445,-0.116190545260906,-0.000433966226410121,0,0,0,0,0,38
1,1553,250.086445,-0.114309251308441,-0.000422144250478596,0,0,0,0,0,38
1,1554,250.246445,-0.113455884158611,-0.000438525399658829,0,0,0,0,0,38
1,1555,250.406445,-0.112621910870075,-0.000447830476332456,0,0,0,0,0,38
1,1556,250.566445,-0.110507890582085,-0.000441618030890822,0,0,0,0,0,38
1,1557,250.726445,-0.108219310641289,-0.000422498269472271,0,0,0,0,0,38
1,1558,250.886445,-0.105368293821812,-0.000384142040275037,0,0,0,0,0,38
1,1559,251.046445,-0.104340367019176,-0.000396275223465636,0,0,0,0,0,38
1,1560,251.206445,-0.103933081030846,-0.000423085672082379,0,0,0,0,0,38
1,1561,251.366445,-0.100732952356339,-0.000379590637749061,0,0,0,0,0,38
1,1562,251.526445,-0.1007911413908,-0.000409692118410021,0,0,0,0,0,38
1,1563,251.686445,-0.0986771136522293,-0.000398788193706423,0,0,0,0,0,38
1,1564,251.846445,-0.0973000898957253,-0.000398111325921491,0,0,0,0,0,38
1,1565,252.006445,-0.0942163318395615,-0.000359323312295601,0,0,0,0,0,38
1,1566,252.166445,-0.0941775366663933,-0.000392711895983666,0,0,0,0,0,38
1,1567,252.326445,-0.0947011932730675,-0.000431791675509885,0,0,0,0,0,38
1,1568,252.486445,-0.0916368290781975,-0.000400499848183244,0,0,0,0,0,38
1,1569,252.646445,-0.088824599981308,-0.00036837553489022,0,0,0,0,0,38
1,1570,252.806445,-0.0876027345657349,-0.000375233736122027,0,0,0,0,0,38
1,1571,252.966445,-0.087292417883873,-0.000397169933421537,0,0,0,0,0,38
1,1572,253.126445,-0.084325022995472,-0.000362392573151737,0,0,0,0,0,38
1,1573,253.286445,-0.0828898176550865,-0.000367515836842358,0,0,0,0,0,38
1,1574,253.446445,-0.0812994465231895,-0.00036318227648735,0,0,0,0,0,38
1,1575,253.606445,-0.0793987661600113,-0.000351173599483445,0,0,0,0,0,38
1,1576,253.766445,-0.0779441595077515,-0.000352457311237231,0,0,0,0,0,38
1,1577,253.926445,-0.0765477418899536,-0.000353387033101171,0,0,0,0,0,38
1,1578,254.086445,-0.0733476132154465,-0.000308573275106028,0,0,0,0,0,38
1,1579,254.246445,-0.0729209333658218,-0.00034161563962698,0,0,0,0,0,38
1,1580,254.406445,-0.0716990604996681,-0.000340394180966541,0,0,0,0,0,38
1,1581,254.566445,-0.0705935657024384,-0.000352220027707517,0,0,0,0,0,38
1,1582,254.726445,-0.0669279620051384,-0.000308378774207085,0,0,0,0,0,38
1,1583,254.886445,-0.0685765147209167,-0.000368056556908414,0,0,0,0,0,38
1,1584,255.046445,-0.0652212277054787,-0.000328202644595876,0,0,0,0,0,38
1,1585,255.206445,-0.065337598323822,-0.000363948609447107,0,0,0,0,0,38
1,1586,255.366445,-0.0611095502972603,-0.000307254551444203,0,0,0,0,0,38
1,1587,255.526445,-0.0564548186957836,-0.000230363162700087,0,0,0,0,0,38
1,1588,255.686445,-0.0585106573998928,-0.000311840965878218,0,0,0,0,0,38
1,1589,255.846445,-0.0572500005364418,-0.000312576186843216,0,0,0,0,0,38
1,1590,256.006445,-0.0558341853320599,-0.000321305531542748,0,0,0,0,0,38
1,1591,256.166445,-0.0556208454072475,-0.000343669613357633,0,0,0,0,0,38
1,1592,256.326445,-0.0540498718619347,-0.000340919330483302,0,0,0,0,0,38
1,1593,256.486445,-0.0498606152832508,-0.000275900471024215,0,0,0,0,0,38
1,1594,256.646445,-0.0494145341217518,-0.000299773906590417,0,0,0,0,0,38
1,1595,256.806445,-0.0460786446928978,-0.000259853899478912,0,0,0,0,0,38
1,1596,256.966445,-0.0456713549792767,-0.000280175678199157,0,0,0,0,0,38
1,1597,257.126445,-0.0416178591549397,-0.000227095501031727,0,0,0,0,0,38
1,1598,257.286445,-0.0434409640729427,-0.000302053522318602,0,0,0,0,0,38
1,1599,257.446445,-0.0399499125778675,-0.000251945341005921,0,0,0,0,0,38
1,1600,257.606445,-0.0382043905556202,-0.000253011239692569,0,0,0,0,0,38
1,1601,257.766445,-0.0389025993645191,-0.000295152509352192,0,0,0,0,0,38
1,1602,257.926445,-0.0356830768287182,-0.000264840986346826,0,0,0,0,0,38
1,1603,258.086445,-0.0346163660287857,-0.000261320441495627,0,0,0,0,0,38
1,1604,258.246445,-0.0327932648360729,-0.00026263139443472,0,0,0,0,0,38
1,1605,258.406445,-0.031648974865675,-0.00026949739549309,0,0,0,0,0,38
1,1606,258.566445,-0.030970161780715,-0.000284762092633173,0,0,0,0,0,38
1,1607,258.726445,-0.0288367420434952,-0.000268836098257452,0,0,0,0,0,38
1,1608,258.886445,-0.0263348240405321,-0.000245822360739112,0,0,0,0,0,38
1,1609,259.046445,-0.0242208000272512,-0.000231907528359443,0,0,0,0,0,38
1,1610,259.206445,-0.022843774408102,-0.000233304075663909,0,0,0,0,0,38
1,1611,259.366445,-0.0223201178014278,-0.000251743069384247,0,0,0,0,0,38
1,1612,259.526445,-0.0199927520006895,-0.000237839907640591,0,0,0,0,0,38
1,1613,259.686445,-0.0170253608375788,-0.000205855641979724,0,0,0,0,0,38
1,1614,259.846445,-0.0176653861999512,-0.000252824509516358,0,0,0,0,0,38
1,1615,260.006445,-0.013495521619916,-0.000188669262570329,0,0,0,0,0,38
1,1616,260.166445,-0.0110905775800347,-0.000169374441611581,0,0,0,0,0,38
1,1617,260.326445,-0.0113039193674922,-0.000205785618163645,0,0,0,0,0,38
1,1618,260.486445,-0.0108578409999609,-0.000229616271099076,0,0,0,0,0,38
1,1619,260.646445,-0.00719223963096738,-0.000186518038390204,0,0,0,0,0,38
1,1620,260.806445,-0.0075607392936945,-0.000231530197197571,0,0,0,0,0,38
1,1621,260.966445,-0.00612553022801876,-0.000225341078476049,0,0,0,0,0,38
1,1622,261.126445,-0.00664918730035424,-0.000264650356257334,0,0,0,0,0,38
1,1623,261.286445,-0.00358482240699232,-0.000232487160246819,0,0,0,0,0,38
1,1624,261.446445,-0.00139321945607662,-0.000222302915062755,0,0,0,0,0,38
1,1625,261.606445,0.00151598791126162,-0.000188996025826782,0,0,0,0,0,38
1,1626,261.766445,0.000332910247379914,-0.000248537631705403,0,0,0,0,0,38
1,1627,261.926445,0.00423124805092812,-0.000202366238227114,0,0,0,0,0,38
1,1628,262.086445,0.00665558781474829,-0.000172186977579258,0,0,0,0,0,38
1,1629,262.246445,0.0064616403542459,-0.000212589380680583,0,0,0,0,0,38
1,1630,262.406445,0.00809079688042402,-0.000213857550988905,0,0,0,0,0,38
1,1631,262.566445,0.00919629540294409,-0.000214258223422803,0,0,0,0,0,38
1,1632,262.726445,0.0122994501143694,-0.00018327371799387,0,0,0,0,0,38
1,1633,262.886445,0.013327369466424,-0.000194753345567733,0,0,0,0,0,38
1,1634,263.046445,0.0147431837394834,-0.000195663626072928,0,0,0,0,0,38
1,1635,263.206445,0.0158680770546198,-0.000202409035409801,0,0,0,0,0,38
1,1636,263.366445,0.0173420757055283,-0.000201856644707732,0,0,0,0,0,38
1,1637,263.526445,0.0173420757055283,-0.000236960753682069,0,0,0,0,0,38
1,1638,263.686445,0.0227532014250755,-0.000151491738506593,0,0,0,0,0,38
1,1639,263.846445,0.0221713595092297,-0.000199662637896836,0,0,0,0,0,38
1,1640,264.006445,0.0237811207771301,-0.000194337117136456,0,0,0,0,0,38
1,1641,264.166445,0.0244405418634415,-0.000212110899155959,0,0,0,0,0,38
1,1642,264.326445,0.0273497495800257,-0.000182966396096163,0,0,0,0,0,38
1,1643,264.486445,0.0286298003047705,-0.000185693352250382,0,0,0,0,0,38
1,1644,264.646445,0.030937772244215,-0.000173828593688086,0,0,0,0,0,38
1,1645,264.806445,0.034002136439085,-0.000136125905555673,0,0,0,0,0,38
1,1646,264.966445,0.033885769546032,-0.000168658676557243,0,0,0,0,0,38
1,1647,265.126445,0.0370083190500736,-0.000134923873702064,0,0,0,0,0,38
1,1648,265.286445,0.036407083272934,-0.000180519535206258,0,0,0,0,0,38
1,1649,265.446445,0.0389865785837173,-0.000152771579450928,0,0,0,0,0,38
1,1650,265.606445,0.041119996458292,-0.000152600405272096,0,0,0,0,0,38
1,1651,265.766445,0.0424388386309147,-0.000155105619342066,0,0,0,0,0,38
1,1652,265.926445,0.0440098084509373,-0.000155354588059708,0,0,0,0,0,38
1,1653,266.086445,0.0475008599460125,-0.000101500278105959,0,0,0,0,0,38
1,1654,266.246445,0.0471711494028568,-0.000148231847560965,0,0,0,0,0,38
1,1655,266.406445,0.049653671681881,-0.000123035773867741,0,0,0,0,0,38
1,1656,266.566445,0.0494403317570686,-0.000159618124598637,0,0,0,0,0,38
1,1657,266.726445,0.0512828268110752,-0.000157365764607675,0,0,0,0,0,38
1,1658,266.886445,0.0543084032833576,-0.000123296413221397,0,0,0,0,0,38
1,1659,267.046445,0.0556466393172741,-0.000123557052575052,0,0,0,0,0,38
1,1660,267.206445,0.0579740069806576,-0.000109922308183741,0,0,0,0,0,38
1,1661,267.366445,0.0586140304803848,-0.00013060198398307,0,0,0,0,0,38
1,1662,267.526445,0.0611547380685806,-0.000108082298538648,0,0,0,0,0,38
1,1663,267.686445,0.0611935295164585,-0.000137876442749985,0,0,0,0,0,38
1,1664,267.846445,0.0628226846456528,-0.000133262801682577,0,0,0,0,0,38
1,1665,268.006445,0.0631717890501022,-0.000157404661877081,0,0,0,0,0,38
1,1666,268.166445,0.0659646317362785,-0.000131609514937736,0,0,0,0,0,38
1,1667,268.326445,0.0696690157055855,-8.15752719063312E-05,0,0,0,0,0,38
1,1668,268.486445,0.070367231965065,-0.000100691140687559,0,0,0,0,0,38
1,1669,268.646445,0.0708326995372772,-0.000116873889055569,0,0,0,0,0,38
1,1670,268.806445,0.0737225115299225,-9.43464183364995E-05,0,0,0,0,0,38
1,1671,268.966445,0.0743237510323524,-0.000117379597213585,0,0,0,0,0,38
1,1672,269.126445,0.0768644586205482,-8.95110424607992E-05,0,0,0,0,0,38
1,1673,269.286445,0.0763214081525803,-0.000132597604533657,0,0,0,0,0,38
1,1674,269.446445,0.0789202973246574,-0.000112746507511474,0,0,0,0,0,38
1,1675,269.606445,0.0815191939473152,-9.20551610761322E-05,0,0,0,0,0,38
1,1676,269.766445,0.0796378999948502,-0.000158233247930184,0,0,0,0,0,38
1,1677,269.926445,0.0838271602988243,-0.000101690893643536,0,0,0,0,0,38
1,1678,270.086445,0.0854563191533089,-0.000101033467217349,0,0,0,0,0,38
1,1679,270.246445,0.0871824473142624,-0.000102717873232905,0,0,0,0,0,38
1,1680,270.406445,0.0865230262279511,-0.000141498108860105,0,0,0,0,0,38
1,1681,270.566445,0.0892188921570778,-0.000121351375128143,0,0,0,0,0,38
1,1682,270.726445,0.0919923335313797,-9.14872071007267E-05,0,0,0,0,0,38
1,1683,270.886445,0.093796044588089,-8.60605432535522E-05,0,0,0,0,0,38
1,1684,271.046445,0.0961815938353539,-6.42799641354941E-05,0,0,0,0,0,38
1,1685,271.206445,0.096317358314991,-9.23080151551403E-05,0,0,0,0,0,38
1,1686,271.366445,0.0989162474870682,-6.82906393194571E-05,0,0,0,0,0,38
1,1687,271.526445,0.0990907996892929,-9.95824666460976E-05,0,0,0,0,0,38
1,1688,271.686445,0.1020388007164,-6.97299692546949E-05,0,0,0,0,0,38
1,1689,271.846445,0.102775797247887,-8.61354419612326E-05,0,0,0,0,0,38
1,1690,272.006445,0.104579508304596,-8.28676857054234E-05,0,0,0,0,0,38
1,1691,272.166445,0.106286242604256,-8.14183731563389E-05,0,0,0,0,0,38
1,1692,272.326445,0.107799030840397,-8.10756682767533E-05,0,0,0,0,0,38
1,1693,272.486445,0.109098479151726,-7.99379777163267E-05,0,0,0,0,0,38
1,1694,272.646445,0.110921576619148,-7.7262768172659E-05,0,0,0,0,0,38
1,1695,272.806445,0.112259812653065,-7.36231668270193E-05,0,0,0,0,0,38
1,1696,272.966445,0.114179894328117,-6.99171214364469E-05,0,0,0,0,0,38
1,1697,273.126445,0.115712076425552,-6.92340399837121E-05,0,0,0,0,0,38
1,1698,273.286445,0.117380023002625,-6.59962024656124E-05,0,0,0,0,0,38
1,1699,273.446445,0.119047962129116,-6.66855048621073E-05,0,0,0,0,0,38
1,1700,273.606445,0.120347410440445,-6.41455117147416E-05,0,0,0,0,0,38
1,1701,273.766445,0.122073538601398,-6.09780072409194E-05,0,0,0,0,0,38
1,1702,273.926445,0.123760879039764,-6.2418774177786E-05,0,0,0,0,0,38
1,1703,274.086445,0.125351250171661,-6.31978255114518E-05,0,0,0,0,0,38
1,1704,274.246445,0.126825243234634,-6.00023413426243E-05,0,0,0,0,0,38
1,1705,274.406445,0.128493189811707,-5.42746420251206E-05,0,0,0,0,0,38
1,1706,274.566445,0.129812031984329,-5.54061152797658E-05,0,0,0,0,0,38
1,1707,274.726445,0.131499379873276,-5.45540133316536E-05,0,0,0,0,0,38
1,1708,274.886445,0.133070349693298,-5.2201696234988E-05,0,0,0,0,0,38
1,1709,275.046445,0.134524941444397,-6.16101897321641E-05,0,0,0,0,0,38
1,1710,275.206445,0.136464416980743,-5.22603695571888E-05,0,0,0,0,0,38
1,1711,275.366445,0.137957811355591,-5.22883456142154E-05,0,0,0,0,0,38
1,1712,275.526445,0.13960637152195,-4.86149365315214E-05,0,0,0,0,0,38
1,1713,275.686445,0.141351893544197,-4.53607826784719E-05,0,0,0,0,0,38
1,1714,275.846445,0.14298103749752,-4.58258837170433E-05,0,0,0,0,0,38
1,1715,276.006445,0.144241705536842,-4.17988921981305E-05,0,0,0,0,0,38
1,1716,276.166445,0.145812675356865,-4.23444253101479E-05,0,0,0,0,0,38
1,1717,276.326445,0.147790938615799,-4.14868809457403E-05,0,0,0,0,0,38
1,1718,276.486445,0.149129167199135,-4.09254171245266E-05,0,0,0,0,0,38
1,1719,276.646445,0.150874689221382,-4.07633924623951E-05,0,0,0,0,0,38
1,1720,276.806445,0.152445659041405,-3.78134755010251E-05,0,0,0,0,0,38
1,1721,276.966445,0.153880879282951,-3.74264745914843E-05,0,0,0,0,0,38
1,1722,277.126445,0.155626401305199,-3.78670956706628E-05,0,0,0,0,0,38
1,1723,277.286445,0.157216772437096,-3.67950706277043E-05,0,0,0,0,0,38
1,1724,277.446445,0.158729553222656,-3.51021335518453E-05,0,0,0,0,0,38
1,1725,277.606445,0.160145372152328,-3.97193398384843E-05,0,0,0,0,0,38
1,1726,277.766445,0.161832705140114,-3.95883980672807E-05,0,0,0,0,0,38
1,1727,277.926445,0.163636416196823,-3.76265816157684E-05,0,0,0,0,0,38
1,1728,278.086445,0.165129810571671,-3.33567404595669E-05,0,0,0,0,0,38
1,1729,278.246445,0.16668139398098,-3.09340939566027E-05,0,0,0,0,0,38
1,1730,278.406445,0.168349325656891,-3.09142778860405E-05,0,0,0,0,0,38
1,1731,278.566445,0.170288801193237,-3.03081305901287E-05,0,0,0,0,0,38
1,1732,278.726445,0.171064600348473,-3.24249849654734E-05,0,0,0,0,0,38
1,1733,278.886445,0.173256188631058,-3.21875741065014E-05,0,0,0,0,0,38
1,1734,279.046445,0.174730196595192,-3.16097939503379E-05,0,0,0,0,0,38
1,1735,279.206445,0.176495119929314,-2.69525644398527E-05,0,0,0,0,0,38
1,1736,279.366445,0.177716985344887,-2.85763380816206E-05,0,0,0,0,0,38
1,1737,279.526445,0.179850399494171,-2.4858247343218E-05,0,0,0,0,0,38
1,1738,279.686445,0.181266218423843,-2.62415069300914E-05,0,0,0,0,0,38
1,1739,279.846445,0.182623848319054,-2.90946718450869E-05,0,0,0,0,0,38
1,1740,280.006445,0.184291794896126,-2.51834699156461E-05,0,0,0,0,0,38
1,1741,280.166445,0.185959741473198,-2.65472990577109E-05,0,0,0,0,0,38
1,1742,280.326445,0.187569499015808,-2.56889798038173E-05,0,0,0,0,0,38
1,1743,280.486445,0.189295619726181,-2.66362785623642E-05,0,0,0,0,0,38
1,1744,280.646445,0.190730839967728,-2.79546493402449E-05,0,0,0,0,0,38
1,1745,280.806445,0.192534536123276,-2.46861181949498E-05,0,0,0,0,0,38
1,1746,280.966445,0.193737015128136,-2.63188285316573E-05,0,0,0,0,0,38
1,1747,281.126445,0.195754066109657,-2.24651321332203E-05,0,0,0,0,0,38
1,1748,281.286445,0.196917742490768,-2.21760474232724E-05,0,0,0,0,0,38
1,1749,281.446445,0.198702067136765,-2.23151509999298E-05,0,0,0,0,0,38
1,1750,281.606445,0.200583353638649,-2.04123916773824E-05,0,0,0,0,0,38
1,1751,281.766445,0.202231898903847,-2.15019026654772E-05,0,0,0,0,0,38
1,1752,281.926445,0.203667104244232,-2.34194249060238E-05,0,0,0,0,0,38
1,1753,282.086445,0.204947158694267,-2.43542908719974E-05,0,0,0,0,0,38
1,1754,282.246445,0.206731468439102,-2.15388154174434E-05,0,0,0,0,0,38
1,1755,282.406445,0.208418816328049,-1.94025360542582E-05,0,0,0,0,0,38
1,1756,282.566445,0.210067361593246,-1.69025679497281E-05,0,0,0,0,0,38
1,1757,282.726445,0.211366817355156,-1.96974488062551E-05,0,0,0,0,0,38
1,1758,282.886445,0.212743833661079,-2.17735032492783E-05,0,0,0,0,0,38
1,1759,283.046445,0.2147027105093,-2.07088596653193E-05,0,0,0,0,0,38
1,1760,283.206445,0.215982750058174,-1.91122853721026E-05,0,0,0,0,0,38
1,1761,283.366445,0.21776707470417,-2.06521308427909E-05,0,0,0,0,0,38
1,1762,283.526445,0.219803512096405,-1.81836367119104E-05,0,0,0,0,0,38
1,1763,283.686445,0.220889613032341,-1.67385969689349E-05,0,0,0,0,0,38
1,1764,283.846445,0.2227903008461,-1.72005893546157E-05,0,0,0,0,0,38
1,1765,284.006445,0.224807351827621,-1.85461594810477E-05,0,0,0,0,0,38
1,1766,284.166445,0.225738301873207,-1.73163789440878E-05,0,0,0,0,0,38
1,1767,284.326445,0.22746442258358,-1.76202302100137E-05,0,0,0,0,0,38
1,1768,284.486445,0.229442685842514,-1.46256306834402E-05,0,0,0,0,0,38
1,1769,284.646445,0.230839103460312,-1.80157803697512E-05,0,0,0,0,0,38
1,1770,284.806445,0.232196733355522,-1.88752655958524E-05,0,0,0,0,0,38
1,1771,284.966445,0.233748316764832,-1.6644178685965E-05,0,0,0,0,0,38
1,1772,285.126445,0.235552027821541,-1.55659363372251E-05,0,0,0,0,0,38
1,1773,285.286445,0.237084209918976,-1.13493279059185E-05,0,0,0,0,0,38
1,1774,285.446445,0.238616392016411,-1.41826776598464E-05,0,0,0,0,0,38
1,1775,285.606445,0.240129172801971,-1.56129517563386E-05,0,0,0,0,0,38
1,1776,285.766445,0.241797119379044,-1.55465077114059E-05,0,0,0,0,0,38
1,1777,285.926445,0.243387490510941,-1.38302566483617E-05,0,0,0,0,0,38
1,1778,286.086445,0.245268777012825,-1.25666738313157E-05,0,0,0,0,0,38
1,1779,286.246445,0.24670398235321,-1.18109328468563E-05,0,0,0,0,0,38
1,1780,286.406445,0.24866284430027,-1.1595672731346E-05,0,0,0,0,0,38
1,1781,286.566445,0.250039875507355,-1.32676286739297E-05,0,0,0,0,0,38
1,1782,286.726445,0.251707822084427,-1.4270491192292E-05,0,0,0,0,0,38
1,1783,286.886445,0.252871513366699,-1.48276794789126E-05,0,0,0,0,0,38
1,1784,287.046445,0.254810988903046,-1.38858204081771E-05,0,0,0,0,0,38
1,1785,287.206445,0.256517708301544,-1.30473172248458E-05,0,0,0,0,0,38
1,1786,287.366445,0.258069276809692,-9.69330358202569E-06,0,0,0,0,0,38
1,1787,287.526445,0.260047554969788,-8.68072675075382E-06,0,0,0,0,0,38
1,1788,287.686445,0.26121124625206,-1.17740200948901E-05,0,0,0,0,0,38
1,1789,287.846445,0.262549459934235,-1.03569564089412E-05,0,0,0,0,0,38
1,1790,288.006445,0.264411360025406,-1.42452345244237E-05,0,0,0,0,0,38
1,1791,288.166445,0.266118109226227,-1.11857461888576E-05,0,0,0,0,0,38
1,1792,288.326445,0.267456322908401,-1.28095207401202E-05,0,0,0,0,0,38
1,1793,288.486445,0.268988519906998,-1.15432176244212E-05,0,0,0,0,0,38
1,1794,288.646445,0.270831018686295,-7.91993443272077E-06,0,0,0,0,0,38
1,1795,288.806445,0.272208034992218,-8.8497490651207E-06,0,0,0,0,0,38
1,1796,288.966445,0.273934155702591,-7.47775811760221E-06,0,0,0,0,0,38
1,1797,289.126445,0.275408178567886,-6.48694094707025E-06,0,0,0,0,0,38
1,1798,289.286445,0.277173072099686,-8.87927944859257E-06,0,0,0,0,0,38
1,1799,289.446445,0.278782844543457,-8.46230250317603E-06,0,0,0,0,0,38
1,1800,289.606445,0.280024111270905,-8.3652785178856E-06,0,0,0,0,0,38
1,1801,289.766445,0.282060563564301,-7.78998128225794E-06,0,0,0,0,0,38
1,1802,289.926445,0.283360004425049,-7.16531667421805E-06,0,0,0,0,0,38
1,1803,290.086445,0.285241276025772,-7.35061166778905E-06,0,0,0,0,0,38
1,1804,290.246445,0.286676496267319,-7.1769873102312E-06,0,0,0,0,0,38
1,1805,290.406445,0.288189291954041,-6.83265716361348E-06,0,0,0,0,0,38
1,1806,290.566445,0.289857238531113,-6.36547156318557E-06,0,0,0,0,0,38
1,1807,290.726445,0.291447579860687,-5.69972507946659E-06,0,0,0,0,0,38
1,1808,290.886445,0.293057352304459,-5.65094069315819E-06,0,0,0,0,0,38
1,1809,291.046445,0.294880449771881,-5.42759880772792E-06,0,0,0,0,0,38
1,1810,291.206445,0.296315670013428,-5.22047912454582E-06,0,0,0,0,0,38
1,1811,291.366445,0.298022389411926,-4.95947915624129E-06,0,0,0,0,0,38
1,1812,291.526445,0.299418836832047,-4.629426257452E-06,0,0,0,0,0,38
1,1813,291.686445,0.301222532987595,-4.29886813435587E-06,0,0,0,0,0,38
1,1814,291.846445,0.302560776472092,-3.81211407329829E-06,0,0,0,0,0,38
1,1815,292.006445,0.304054170846939,-3.38095242113923E-06,0,0,0,0,0,38
1,1816,292.166445,0.306226372718811,-3.21195784636075E-06,0,0,0,0,0,38
1,1817,292.326445,0.307390064001083,-3.20444951285026E-06,0,0,0,0,0,38
1,1818,292.486445,0.309251934289932,-2.37764470512047E-06,0,0,0,0,0,38
1,1819,292.646445,0.310803532600403,-2.2742406144971E-06,0,0,0,0,0,38
1,1820,292.806445,0.312432676553726,-1.79538392330869E-06,0,0,0,0,0,38
1,1821,292.966445,0.31380969285965,-1.77211995833204E-06,0,0,0,0,0,38
1,1822,293.126445,0.315516442060471,-1.53317796502961E-06,0,0,0,0,0,38
1,1823,293.286445,0.317048609256744,-8.22420645363309E-07,0,0,0,0,0,38
1,1824,293.446445,0.318697184324265,-5.96805989516724E-07,0,0,0,0,0,38
1,1825,293.606445,0.320268154144287,-2.66277368154988E-07,0,0,0,0,0,38
1,1826,293.766445,0.322013676166534,9.71764393398189E-08,0,0,0,0,0,38
1,1827,293.926445,0.323371291160584,4.33988020631659E-07,0,0,0,0,0,38
1,1828,294.086445,0.325039237737656,7.06253331372864E-07,0,0,0,0,0,38
1,1829,294.246445,0.326998114585876,7.56495296627691E-07,0,0,0,0,0,38
1,1830,294.406445,0.328084200620651,1.26289523905143E-06,0,0,0,0,0,38
1,1831,294.566445,0.329984903335571,1.6342240769518E-06,0,0,0,0,0,38
1,1832,294.726445,0.331226170063019,2.27978011935193E-06,0,0,0,0,0,38
1,1833,294.886445,0.333417773246765,2.39983455685433E-06,0,0,0,0,0,38
1,1834,295.046445,0.334717214107513,2.43126828536333E-06,0,0,0,0,0,38
1,1835,295.206445,0.336210608482361,3.00781016449037E-06,0,0,0,0,0,38
1,1836,295.366445,0.338014304637909,3.3515957511554E-06,0,0,0,0,0,38
1,1837,295.526445,0.339585274457932,3.55284078068507E-06,0,0,0,0,0,38
1,1838,295.686445,0.341214448213577,3.55591419065604E-06,0,0,0,0,0,38
1,1839,295.846445,0.342707812786102,3.96552377424086E-06,0,0,0,0,0,38
1,1840,296.006445,0.344414561986923,4.35167430623551E-06,0,0,0,0,0,38
1,1841,296.166445,0.346043705940247,4.8213887566817E-06,0,0,0,0,0,38
1,1842,296.326445,0.347187995910645,4.92253684569732E-06,0,0,0,0,0,38
1,1843,296.486445,0.348991721868515,4.94191044708714E-06,0,0,0,0,0,38
1,1844,296.646445,0.350872993469238,5.2855402827845E-06,0,0,0,0,0,38
1,1845,296.806445,0.352269411087036,5.48705747860367E-06,0,0,0,0,0,38
1,1846,296.966445,0.354092538356781,6.18493822912569E-06,0,0,0,0,0,38
1,1847,297.126445,0.355527728796005,5.95712208451005E-06,0,0,0,0,0,38
1,1848,297.286445,0.357195675373077,5.85628595217713E-06,0,0,0,0,0,38
1,1849,297.446445,0.358824849128723,6.57225609757006E-06,0,0,0,0,0,38
1,1850,297.606445,0.360609143972397,6.68172879159101E-06,0,0,0,0,0,38
1,1851,297.766445,0.362121939659119,6.76070203553536E-06,0,0,0,0,0,38
1,1852,297.926445,0.363440781831741,6.38906203676015E-06,0,0,0,0,0,38
1,1853,298.086445,0.36499235033989,6.76074068906019E-06,0,0,0,0,0,38
1,1854,298.246445,0.366602122783661,7.1456470323028E-06,0,0,0,0,0,38
1,1855,298.406445,0.368425220251083,7.23096127330791E-06,0,0,0,0,0,38
1,1856,298.566445,0.37001559138298,7.24745586921927E-06,0,0,0,0,0,38
1,1857,298.726445,0.371412009000778,6.99777683621505E-06,0,0,0,0,0,38
1,1858,298.886445,0.373235106468201,6.78065907777636E-06,0,0,0,0,0,38
1,1859,299.046445,0.374515175819397,6.9160028033366E-06,0,0,0,0,0,38
1,1860,299.206445,0.376260697841644,6.58715589452186E-06,0,0,0,0,0,38
1,1861,299.366445,0.378141969442368,6.56330848869402E-06,0,0,0,0,0,38
1,1862,299.526445,0.379402637481689,6.41516589894309E-06,0,0,0,0,0,38
1,1863,299.686445,0.381167560815811,6.0141151152493E-06,0,0,0,0,0,38
1,1864,299.846445,0.382719129323959,5.48083335161209E-06,0,0,0,0,0,38
1,1865,300.006445,0.384309500455856,5.29697763340664E-06,0,0,0,0,0,38
1,1866,300.166445,0.386035621166229,5.17439457325963E-06,0,0,0,0,0,38
1,1867,300.326445,0.387664765119553,4.33502418673015E-06,0,0,0,0,0,38
1,1868,300.486445,0.389429688453674,3.96307268601959E-06,0,0,0,0,0,38
1,1869,300.646445,0.390845507383347,3.57801104655664E-06,0,0,0,0,0,38
1,1870,300.806445,0.39222252368927,3.37026926899853E-06,0,0,0,0,0,38
1,1871,300.966445,0.394006848335266,3.21061133945477E-06,0,0,0,0,0,38
1,1872,301.126445,0.395597219467163,2.60917158811935E-06,0,0,0,0,0,38
1,1873,301.286445,0.397148787975311,2.44270563598548E-06,0,0,0,0,0,38
1,1874,301.446445,0.398855537176132,2.72121201305708E-06,0,0,0,0,0,38
1,1875,301.606445,0.40034893155098,2.23597521653573E-06,0,0,0,0,0,38
1,1876,301.766445,0.402055650949478,2.42298187913548E-06,0,0,0,0,0,38
1,1877,301.926445,0.403296917676926,1.84632312993926E-06,0,0,0,0,0,38
1,1878,302.086445,0.405236393213272,2.05231435757014E-06,0,0,0,0,0,38
1,1879,302.246445,0.40647765994072,1.61835168910329E-06,0,0,0,0,0,38
1,1880,302.406445,0.408281356096268,1.7597251371626E-06,0,0,0,0,0,38
1,1881,302.566445,0.410026878118515,1.80555275619554E-06,0,0,0,0,0,38
1,1882,302.726445,0.411481499671936,1.96509381567012E-06,0,0,0,0,0,38
1,1883,302.886445,0.413091242313385,1.89751938250993E-06,0,0,0,0,0,38
1,1884,303.046445,0.414662212133408,1.74463070834463E-06,0,0,0,0,0,38
1,1885,303.206445,0.416097432374954,2.08409801416565E-06,0,0,0,0,0,38
1,1886,303.366445,0.417610228061676,1.89409593076562E-06,0,0,0,0,0,38
1,1887,303.526445,0.419530302286148,1.98189991351683E-06,0,0,0,0,0,38
1,1888,303.686445,0.421275824308395,2.26612519327318E-06,0,0,0,0,0,38
1,1889,303.846445,0.422672241926193,2.25336498260731E-06,0,0,0,0,0,38
1,1890,304.006445,0.424204409122467,2.23492497752886E-06,0,0,0,0,0,38
1,1891,304.166445,0.425852984189987,2.41391740019026E-06,0,0,0,0,0,38
1,1892,304.326445,0.427559703588486,2.80543690678314E-06,0,0,0,0,0,38
1,1893,304.486445,0.429441004991531,2.80668177765619E-06,0,0,0,0,0,38
1,1894,304.646445,0.430818021297455,2.92518029709754E-06,0,0,0,0,0,38
1,1895,304.806445,0.432466566562653,2.90596221930173E-06,0,0,0,0,0,38
1,1896,304.966445,0.43380481004715,2.89281297227717E-06,0,0,0,0,0,38
1,1897,305.126445,0.435880035161972,3.4200650134153E-06,0,0,0,0,0,38
1,1898,305.286445,0.436907976865768,3.59501154889585E-06,0,0,0,0,0,38
1,1899,305.446445,0.438692271709442,3.33879665959103E-06,0,0,0,0,0,38
1,1900,305.606445,0.440476596355438,3.45920147992729E-06,0,0,0,0,0,38
1,1901,305.766445,0.442066967487335,4.05445553042227E-06,0,0,0,0,0,38
1,1902,305.926445,0.443599134683609,4.20178139393101E-06,0,0,0,0,0,38
1,1903,306.086445,0.444762825965881,3.97147550756927E-06,0,0,0,0,0,38
1,1904,306.246445,0.446682900190353,4.13447924074717E-06,0,0,0,0,0,38
1,1905,306.406445,0.448176294565201,4.53786424259306E-06,0,0,0,0,0,38
1,1906,306.566445,0.449960619211197,4.34984622188495E-06,0,0,0,0,0,38
1,1907,306.726445,0.45168673992157,5.01481463288656E-06,0,0,0,0,0,38
1,1908,306.886445,0.453005582094193,4.85531245431048E-06,0,0,0,0,0,38
1,1909,307.046445,0.454518377780914,4.55031295132358E-06,0,0,0,0,0,38
1,1910,307.206445,0.455972969532013,5.16245108883595E-06,0,0,0,0,0,38
1,1911,307.366445,0.457893043756485,5.15225883646053E-06,0,0,0,0,0,38
1,1912,307.526445,0.459560990333557,4.970464942744E-06,0,0,0,0,0,38
1,1913,307.686445,0.461015582084656,5.14187149747158E-06,0,0,0,0,0,38
1,1914,307.846445,0.462858080863953,5.38275889994111E-06,0,0,0,0,0,38
1,1915,308.006445,0.46419632434845,5.13899294674047E-06,0,0,0,0,0,38
1,1916,308.166445,0.465747892856598,5.439284905151E-06,0,0,0,0,0,38
1,1917,308.326445,0.467086136341095,4.91872424390749E-06,0,0,0,0,0,38
1,1918,308.486445,0.469103187322617,5.25301720699645E-06,0,0,0,0,0,38
1,1919,308.646445,0.470712959766388,4.89211470267037E-06,0,0,0,0,0,38
1,1920,308.806445,0.472148150205612,4.70822033094009E-06,0,0,0,0,0,38
1,1921,308.966445,0.474320381879807,4.72736064693891E-06,0,0,0,0,0,38
1,1922,309.126445,0.475561618804932,4.5256483645062E-06,0,0,0,0,0,38
1,1923,309.286445,0.477016240358353,4.49475965069723E-06,0,0,0,0,0,38
1,1924,309.446445,0.478548407554626,4.08094865633757E-06,0,0,0,0,0,38
1,1925,309.606445,0.480061203241348,3.74081992049469E-06,0,0,0,0,0,38
1,1926,309.766445,0.48198127746582,3.6643757539423E-06,0,0,0,0,0,38
1,1927,309.926445,0.483183741569519,3.84488521376625E-06,0,0,0,0,0,38
1,1928,310.086445,0.48539474606514,3.4516153846198E-06,0,0,0,0,0,38
1,1929,310.246445,0.486519634723663,3.44507952831918E-06,0,0,0,0,0,38
1,1930,310.406445,0.488245785236359,3.24970892506826E-06,0,0,0,0,0,38
1,1931,310.566445,0.490030080080032,3.08639414470235E-06,0,0,0,0,0,38
1,1932,310.726445,0.491465300321579,2.88059754893766E-06,0,0,0,0,0,38
1,1933,310.886445,0.492842316627502,2.88919500235352E-06,0,0,0,0,0,38
1,1934,311.046445,0.49483996629715,2.93420589514426E-06,0,0,0,0,0,38
1,1935,311.206445,0.496120035648346,2.93023776976042E-06,0,0,0,0,0,38
1,1936,311.366445,0.497613430023193,2.60407523455797E-06,0,0,0,0,0,38
1,1937,311.526445,0.499145597219467,2.43336899075075E-06,0,0,0,0,0,38
1,1938,311.686445,0.501240253448486,2.23150141209771E-06,0,0,0,0,0,38
1,1939,311.846445,0.502927601337433,2.37022936744324E-06,0,0,0,0,0,38
1,1940,312.006445,0.504343390464783,2.47367233896512E-06,0,0,0,0,0,38
1,1941,312.166445,0.50583678483963,1.99049759430636E-06,0,0,0,0,0,38
1,1942,312.326445,0.507659912109375,2.05340370484919E-06,0,0,0,0,0,38
1,1943,312.486445,0.508939921855927,1.98777433979558E-06,0,0,0,0,0,38
1,1944,312.646445,0.510491490364075,2.04978573492554E-06,0,0,0,0,0,38
1,1945,312.806445,0.512043118476868,1.94961057786713E-06,0,0,0,0,0,38
1,1946,312.966445,0.513982534408569,1.69592419752007E-06,0,0,0,0,0,38
1,1947,313.126445,0.515398383140564,1.82302028406411E-06,0,0,0,0,0,38
1,1948,313.286445,0.517105102539063,1.72047202795511E-06,0,0,0,0,0,38
1,1949,313.446445,0.518695473670959,1.74023466570361E-06,0,0,0,0,0,38
1,1950,313.606445,0.520227670669556,1.82535438852938E-06,0,0,0,0,0,38
1,1951,313.766445,0.521779239177704,1.72385659880092E-06,0,0,0,0,0,38
1,1952,313.926445,0.523835062980652,1.64869607033324E-06,0,0,0,0,0,38
1,1953,314.086445,0.525095760822296,1.89304557807191E-06,0,0,0,0,0,38
1,1954,314.246445,0.526414573192596,1.60072863764071E-06,0,0,0,0,0,38
1,1955,314.406445,0.528004944324493,1.75777995536919E-06,0,0,0,0,0,38
1,1956,314.566445,0.52978926897049,1.42885539844428E-06,0,0,0,0,0,38
1,1957,314.726445,0.531903266906738,1.51560891481495E-06,0,0,0,0,0,38
1,1958,314.886445,0.532853603363037,1.21586163004395E-06,0,0,0,0,0,38
1,1959,315.046445,0.53465735912323,1.43223985560326E-06,0,0,0,0,0,38
1,1960,315.206445,0.536092519760132,1.24332711948227E-06,0,0,0,0,0,38
1,1961,315.366445,0.537915647029877,1.74342471837008E-06,0,0,0,0,0,38
1,1962,315.526445,0.539525389671326,1.47355490298651E-06,0,0,0,0,0,38
1,1963,315.686445,0.54103821516037,1.60481351940689E-06,0,0,0,0,0,38
1,1964,315.846445,0.542240679264069,1.56334294842964E-06,0,0,0,0,0,38
1,1965,316.006445,0.544218897819519,1.55369502863323E-06,0,0,0,0,0,38
1,1966,316.166445,0.545498967170715,1.5056498341437E-06,0,0,0,0,0,38
1,1967,316.326445,0.547477245330811,1.39784970087931E-06,0,0,0,0,0,38
1,1968,316.486445,0.54883486032486,1.45729336509248E-06,0,0,0,0,0,38
1,1969,316.646445,0.550735533237457,1.57151248458831E-06,0,0,0,0,0,38
1,1970,316.806445,0.552073776721954,1.54404699514998E-06,0,0,0,0,0,38
1,1971,316.966445,0.554071426391602,1.33424327941611E-06,0,0,0,0,0,38
1,1972,317.126445,0.555429041385651,1.30312093915563E-06,0,0,0,0,0,38
1,1973,317.286445,0.557193994522095,1.54291888065927E-06,0,0,0,0,0,38
1,1974,317.446445,0.558493435382843,1.44359955811524E-06,0,0,0,0,0,38
1,1975,317.606445,0.560471713542938,1.71930491887906E-06,0,0,0,0,0,38
1,1976,317.766445,0.561771154403687,1.37847598580265E-06,0,0,0,0,0,38
1,1977,317.926445,0.563380897045136,1.41189366331673E-06,0,0,0,0,0,38
1,1978,318.086445,0.565436720848084,1.62068590725539E-06,0,0,0,0,0,38
1,1979,318.246445,0.566600441932678,1.43507986649638E-06,0,0,0,0,0,38
1,1980,318.406445,0.568442940711975,1.56151452301856E-06,0,0,0,0,0,38
1,1981,318.566445,0.569839358329773,1.49856941789039E-06,0,0,0,0,0,38
1,1982,318.726445,0.571720659732819,1.58454508891737E-06,0,0,0,0,0,38
1,1983,318.886445,0.573058843612671,1.50584435232304E-06,0,0,0,0,0,38
1,1984,319.046445,0.574668645858765,1.32692957777181E-06,0,0,0,0,0,38
1,1985,319.206445,0.576666295528412,1.25632061553915E-06,0,0,0,0,0,38
1,1986,319.366445,0.578043282032013,1.45099113524338E-06,0,0,0,0,0,38
1,1987,319.526445,0.579207003116608,1.28452529679635E-06,0,0,0,0,0,38
1,1988,319.686445,0.581107676029205,1.29102215851162E-06,0,0,0,0,0,38
1,1989,319.846445,0.582639873027802,1.46071693052363E-06,0,0,0,0,0,38
1,1990,320.006445,0.584404766559601,1.45480362334638E-06,0,0,0,0,0,38
1,1991,320.166445,0.585975766181946,1.41306077239278E-06,0,0,0,0,0,38
1,1992,320.326445,0.587236404418945,1.60804245297186E-06,0,0,0,0,0,38
1,1993,320.486445,0.588787972927094,1.32093850879755E-06,0,0,0,0,0,38
1,1994,320.646445,0.590436518192291,1.62854428253922E-06,0,0,0,0,0,38
1,1995,320.806445,0.592337191104889,1.49903632973292E-06,0,0,0,0,0,38
1,1996,320.966445,0.593811213970184,1.59076955696946E-06,0,0,0,0,0,38
1,1997,321.126445,0.595362782478333,1.10101996142475E-06,0,0,0,0,0,38
1,1998,321.286445,0.597185909748077,1.52599602643022E-06,0,0,0,0,0,38
1,1999,321.446445,0.598368942737579,1.54568101606856E-06,0,0,0,0,0,38
1,2000,321.606445,0.600095093250275,1.4213081840353E-06,0,0,0,0,0,38
1,2001,321.766445,0.599261105060577,1.37905954034068E-06,0,0,0,0,0,38
1,2002,321.926445,0.597535014152527,1.24289908853825E-06,0,0,0,0,0,38
1,2003,322.086445,0.59553736448288,1.21582263545861E-06,0,0,0,0,0,38
1,2004,322.246445,0.594683945178986,1.19699359402148E-06,0,0,0,0,0,38
1,2005,322.406445,0.592647552490234,8.96545998330112E-07,0,0,0,0,0,38
1,2006,322.566445,0.591076552867889,1.07527773707261E-06,0,0,0,0,0,38
1,2007,322.726445,0.589505612850189,9.68393464972905E-07,0,0,0,0,0,38
1,2008,322.886445,0.587973415851593,9.01690611954109E-07,0,0,0,0,0,38
1,2009,323.046445,0.586557567119598,9.78211119218031E-07,0,0,0,0,0,38
1,2010,323.206445,0.584540545940399,9.07899618596275E-07,0,0,0,0,0,38
1,2011,323.366445,0.583163499832153,8.69540087933274E-07,0,0,0,0,0,38
1,2012,323.526445,0.581359803676605,8.47639284984325E-07,0,0,0,0,0,38
1,2013,323.686445,0.580021560192108,8.12125392712915E-07,0,0,0,0,0,38
1,2014,323.846445,0.578334212303162,8.08259869700123E-07,0,0,0,0,0,38
1,2015,324.006445,0.576646864414215,7.63648529300553E-07,0,0,0,0,0,38
1,2016,324.166445,0.575134098529816,7.04489877989545E-07,0,0,0,0,0,38
1,2017,324.326445,0.573466181755066,6.76485171879904E-07,0,0,0,0,0,38
1,2018,324.486445,0.571740031242371,6.28113411949016E-07,0,0,0,0,0,38
1,2019,324.646445,0.570362985134125,6.0549245972652E-07,0,0,0,0,0,38
1,2020,324.806445,0.568753242492676,5.49085996226495E-07,0,0,0,0,0,38
1,2021,324.966445,0.567104697227478,4.86256453768874E-07,0,0,0,0,0,38
1,2022,325.126445,0.565494954586029,4.44985118974728E-07,0,0,0,0,0,38
1,2023,325.286445,0.563865780830383,4.04737619419393E-07,0,0,0,0,0,38
1,2024,325.446445,0.562236607074738,4.32952532491981E-07,0,0,0,0,0,38
1,2025,325.606445,0.560452282428741,3.33834435650715E-07,0,0,0,0,0,38
1,2026,325.766445,0.558939516544342,3.44601886581586E-07,0,0,0,0,0,38
1,2027,325.926445,0.557446122169495,2.94361598207615E-07,0,0,0,0,0,38
1,2028,326.086445,0.555642426013947,2.51143887908256E-07,0,0,0,0,0,38
1,2029,326.246445,0.554342985153198,2.85096746210911E-07,0,0,0,0,0,38
1,2030,326.406445,0.552616834640503,2.31282896834273E-07,0,0,0,0,0,38
1,2031,326.566445,0.551181614398956,2.24322590725023E-07,0,0,0,0,0,38
1,2032,326.726445,0.549668848514557,1.05518680015848E-07,0,0,0,0,0,38
1,2033,326.886445,0.54798150062561,2.02678705818471E-07,0,0,0,0,0,38
1,2034,327.046445,0.546488106250763,1.30440284351607E-07,0,0,0,0,0,38
1,2035,327.206445,0.544800758361816,8.21074692680668E-08,0,0,0,0,0,38
1,2036,327.366445,0.542686760425568,1.6639016564568E-07,0,0,0,0,0,38
1,2037,327.526445,0.541658818721771,7.23093265264652E-08,0,0,0,0,0,38
1,2038,327.686445,0.539952099323273,7.35978389343472E-08,0,0,0,0,0,38
1,2039,327.846445,0.538225948810577,6.20751947622011E-08,0,0,0,0,0,38
1,2040,328.006445,0.536596775054932,6.67076065496985E-08,0,0,0,0,0,38
1,2041,328.166445,0.535180985927582,2.28164527271701E-08,0,0,0,0,0,38
1,2042,328.326445,0.533842742443085,2.34860113579316E-08,0,0,0,0,0,38
1,2043,328.486445,0.53176748752594,4.76171369001577E-09,0,0,0,0,0,38
1,2044,328.646445,0.53035169839859,-8.77350103678509E-09,0,0,0,0,0,38
1,2045,328.806445,0.528586804866791,-3.76774309529537E-08,0,0,0,0,0,38
1,2046,328.966445,0.527364909648895,-9.47184162214398E-08,0,0,0,0,0,38
1,2047,329.126445,0.525328457355499,-2.55085854661274E-08,0,0,0,0,0,38
1,2048,329.286445,0.523873865604401,-1.02235382826166E-07,0,0,0,0,0,38
1,2049,329.446445,0.522225320339203,-9.59913535325541E-08,0,0,0,0,0,38
1,2050,329.606445,0.520693123340607,-9.82997789833462E-08,0,0,0,0,0,38
1,2051,329.766445,0.519199728965759,-1.17467855886844E-07,0,0,0,0,0,38
1,2052,329.926445,0.517357230186462,-1.57053591465228E-07,0,0,0,0,0,38
1,2053,330.086445,0.515766859054565,-2.33515677905416E-07,0,0,0,0,0,38
1,2054,330.246445,0.514137744903564,-2.16192788116132E-07,0,0,0,0,0,38
1,2055,330.406445,0.512818872928619,-1.68319303384123E-07,0,0,0,0,0,38
1,2056,330.566445,0.510937571525574,-2.11540907457675E-07,0,0,0,0,0,38
1,2057,330.726445,0.509521782398224,-2.38677500874473E-07,0,0,0,0,0,38
1,2058,330.886445,0.507970213890076,-2.6590754487188E-07,0,0,0,0,0,38
1,2059,331.046445,0.506302237510681,-2.50826900582979E-07,0,0,0,0,0,38
1,2060,331.206445,0.504886448383331,-3.39434478746625E-07,0,0,0,0,0,38
1,2061,331.366445,0.503296077251434,-2.98007449828219E-07,0,0,0,0,0,38
1,2062,331.526445,0.501434206962585,-2.67421825128622E-07,0,0,0,0,0,38
1,2063,331.686445,0.499902009963989,-4.13303979485136E-07,0,0,0,0,0,38
1,2064,331.846445,0.498369812965393,-3.72441405716017E-07,0,0,0,0,0,38
1,2065,332.006445,0.496701866388321,-3.88440753340547E-07,0,0,0,0,0,38
1,2066,332.166445,0.494956344366074,-4.55046318847963E-07,0,0,0,0,0,38
1,2067,332.326445,0.49357932806015,-4.42729543692622E-07,0,0,0,0,0,38
1,2068,332.486445,0.49177560210228,-5.00249313972745E-07,0,0,0,0,0,38
1,2069,332.646445,0.490204632282257,-5.02156808579457E-07,0,0,0,0,0,38
1,2070,332.806445,0.488517314195633,-5.24112124367093E-07,0,0,0,0,0,38
1,2071,332.966445,0.486946314573288,-5.79436346015427E-07,0,0,0,0,0,38
1,2072,333.126445,0.485491722822189,-4.97193468618207E-07,0,0,0,0,0,38
1,2073,333.286445,0.483746200799942,-6.09901292136783E-07,0,0,0,0,0,38
1,2074,333.446445,0.48248553276062,-6.19247884969809E-07,0,0,0,0,0,38
1,2075,333.606445,0.480778813362122,-6.55030362395337E-07,0,0,0,0,0,38
1,2076,333.766445,0.479246616363525,-6.96036977387848E-07,0,0,0,0,0,38
1,2077,333.926445,0.477617472410202,-6.85767815866711E-07,0,0,0,0,0,38
1,2078,334.086445,0.475891351699829,-6.65054301407508E-07,0,0,0,0,0,38
1,2079,334.246445,0.474397957324982,-7.46732723655441E-07,0,0,0,0,0,38
1,2080,334.406445,0.472652435302734,-7.70291876506235E-07,0,0,0,0,0,38
1,2081,334.566445,0.471333593130112,-8.31953570923361E-07,0,0,0,0,0,38
1,2082,334.726445,0.469529867172241,-8.15580506241531E-07,0,0,0,0,0,38
1,2083,334.886445,0.467745572328568,-8.69748646437074E-07,0,0,0,0,0,38
1,2084,335.046445,0.466368526220322,-9.57682800617476E-07,0,0,0,0,0,38
1,2085,335.206445,0.464797556400299,-9.27599330680096E-07,0,0,0,0,0,38
1,2086,335.366445,0.462819308042526,-7.54068139485753E-07,0,0,0,0,0,38
1,2087,335.526445,0.461558640003204,-1.20720994800649E-06,0,0,0,0,0,38
1,2088,335.686445,0.459696739912033,-1.0663422926882E-06,0,0,0,0,0,38
1,2089,335.846445,0.458397299051285,-1.07910250335408E-06,0,0,0,0,0,38
1,2090,336.006445,0.456613004207611,-1.28719443637237E-06,0,0,0,0,0,38
1,2091,336.166445,0.454983830451965,-1.20296954264631E-06,0,0,0,0,0,38
1,2092,336.326445,0.453354686498642,-1.11925032797444E-06,0,0,0,0,0,38
1,2093,336.486445,0.451609164476395,-1.41191742386582E-06,0,0,0,0,0,38
1,2094,336.646445,0.450135171413422,-1.22615574582596E-06,0,0,0,0,0,38
1,2095,336.806445,0.4486223757267,-1.26439726955141E-06,0,0,0,0,0,38
1,2096,336.966445,0.447128981351852,-1.11415408809989E-06,0,0,0,0,0,38
1,2097,337.126445,0.445480436086655,-1.518783847132E-06,0,0,0,0,0,38
1,2098,337.286445,0.444180995225906,-1.36931862471101E-06,0,0,0,0,0,38
1,2099,337.446445,0.44239667057991,-1.31084743770771E-06,0,0,0,0,0,38
1,2100,337.606445,0.440651148557663,-1.52578638790146E-06,0,0,0,0,0,38
1,2101,337.766445,0.438944399356842,-1.41537975650863E-06,0,0,0,0,0,38
1,2102,337.926445,0.437567383050919,-1.81160646661738E-06,0,0,0,0,0,38
1,2103,338.086445,0.435705482959747,-1.3145432831152E-06,0,0,0,0,0,38
1,2104,338.246445,0.433979362249374,-1.91983463082579E-06,0,0,0,0,0,38
1,2105,338.406445,0.433029025793076,-1.64868083629699E-06,0,0,0,0,0,38
1,2106,338.566445,0.431128323078156,-1.7914936734087E-06,0,0,0,0,0,38
1,2107,338.726445,0.429596155881882,-1.59966316459759E-06,0,0,0,0,0,38
1,2108,338.886445,0.427792459726334,-2.03568765755335E-06,0,0,0,0,0,38
1,2109,339.046445,0.426337838172913,-1.49501408941433E-06,0,0,0,0,0,38
1,2110,339.206445,0.424572914838791,-2.13804128179618E-06,0,0,0,0,0,38
1,2111,339.366445,0.423234701156616,-1.91975686902879E-06,0,0,0,0,0,38
1,2112,339.526445,0.421527951955795,-1.86190800377517E-06,0,0,0,0,0,38
1,2113,339.686445,0.419976383447647,-2.05572268896503E-06,0,0,0,0,0,38
1,2114,339.846445,0.4184829890728,-1.79145479251019E-06,0,0,0,0,0,38
1,2115,340.006445,0.416621088981628,-2.32376419262437E-06,0,0,0,0,0,38
1,2116,340.166445,0.415030717849731,-1.798729613256E-06,0,0,0,0,0,38
1,2117,340.326445,0.413634300231934,-2.1518908397411E-06,0,0,0,0,0,38
1,2118,340.486445,0.411888778209686,-2.37764470512047E-06,0,0,0,0,0,38
1,2119,340.646445,0.410822063684464,-2.2253784663917E-06,0,0,0,0,0,38
1,2120,340.806445,0.408611059188843,-2.31738408729143E-06,0,0,0,0,0,38
1,2121,340.966445,0.40729221701622,-2.30629666475579E-06,0,0,0,0,0,38
1,2122,341.126445,0.405333369970322,-2.14609417525935E-06,0,0,0,0,0,38
1,2123,341.286445,0.404150277376175,-2.27443524636328E-06,0,0,0,0,0,38
1,2124,341.446445,0.402249604463577,-2.6800375962921E-06,0,0,0,0,0,38
1,2125,341.606445,0.40091136097908,-2.65910762209387E-06,0,0,0,0,0,38
1,2126,341.766445,0.398874938488007,-2.65766834672831E-06,0,0,0,0,0,38
1,2127,341.926445,0.397478491067886,-2.78620382232475E-06,0,0,0,0,0,38
1,2128,342.086445,0.395539045333862,-2.96041116598644E-06,0,0,0,0,0,38
1,2129,342.246445,0.394317179918289,-2.70415739578311E-06,0,0,0,0,0,38
1,2130,342.406445,0.392552256584167,-3.0398120998143E-06,0,0,0,0,0,38
1,2131,342.566445,0.391097635030746,-3.04086256619485E-06,0,0,0,0,0,38
1,2132,342.726445,0.389759421348572,-2.84981001641427E-06,0,0,0,0,0,38
1,2133,342.886445,0.387878119945526,-3.08143830807239E-06,0,0,0,0,0,38
1,2134,343.046445,0.386229574680328,-3.35329241352156E-06,0,0,0,0,0,38
1,2135,343.206445,0.384910732507706,-3.08171070173557E-06,0,0,0,0,0,38
1,2136,343.366445,0.383339762687683,-3.09731080960773E-06,0,0,0,0,0,38
1,2137,343.526445,0.381574839353561,-3.33209027303383E-06,0,0,0,0,0,38
1,2138,343.686445,0.379926294088364,-3.53656423612847E-06,0,0,0,0,0,38
1,2139,343.846445,0.378413498401642,-3.64393645213568E-06,0,0,0,0,0,38
1,2140,344.006445,0.376474022865295,-3.59542445949046E-06,0,0,0,0,0,38
1,2141,344.166445,0.375504285097122,-3.66163726539526E-06,0,0,0,0,0,38
1,2142,344.326445,0.373642385005951,-3.79328503186116E-06,0,0,0,0,0,38
1,2143,344.486445,0.371916264295578,-3.92353194911266E-06,0,0,0,0,0,38
1,2144,344.646445,0.370287120342255,-4.12897861679085E-06,0,0,0,0,0,38
1,2145,344.806445,0.368735522031784,-3.96764789911686E-06,0,0,0,0,0,38
1,2146,344.966445,0.367009401321411,-4.11660766985733E-06,0,0,0,0,0,38
1,2147,345.126445,0.365263879299164,-4.55414919997565E-06,0,0,0,0,0,38
1,2148,345.286445,0.364216566085815,-4.35228184869629E-06,0,0,0,0,0,38
1,2149,345.446445,0.362296491861343,-4.34683533967473E-06,0,0,0,0,0,38
1,2150,345.606445,0.360783696174622,-4.77079993288498E-06,0,0,0,0,0,38
1,2151,345.766445,0.359212726354599,-4.42219015894807E-06,0,0,0,0,0,38
1,2152,345.926445,0.357641756534576,-4.61176432509092E-06,0,0,0,0,0,38
1,2153,346.086445,0.356070786714554,-4.90353659188258E-06,0,0,0,0,0,38
1,2154,346.246445,0.354596793651581,-5.17348462381051E-06,0,0,0,0,0,38
1,2155,346.406445,0.352909445762634,-4.6354566620721E-06,0,0,0,0,0,38
1,2156,346.566445,0.351416051387787,-4.84105885334429E-06,0,0,0,0,0,38
1,2157,346.726445,0.349515378475189,-5.41783401786233E-06,0,0,0,0,0,38
1,2158,346.886445,0.347847431898117,-5.35232129550423E-06,0,0,0,0,0,38
1,2159,347.046445,0.346121311187744,-5.42619818588719E-06,0,0,0,0,0,38
1,2160,347.206445,0.344686090946198,-5.87805607210612E-06,0,0,0,0,0,38
1,2161,347.366445,0.3433478474617,-5.7758579714573E-06,0,0,0,0,0,38
1,2162,347.526445,0.341330796480179,-5.51925404579379E-06,0,0,0,0,0,38
1,2163,347.686445,0.339740425348282,-5.96947802478098E-06,0,0,0,0,0,38
1,2164,347.846445,0.338247030973434,-6.04199340159539E-06,0,0,0,0,0,38
1,2165,348.006445,0.33665668964386,-5.81293261348037E-06,0,0,0,0,0,38
1,2166,348.166445,0.335279643535614,-5.97515781919356E-06,0,0,0,0,0,38
1,2167,348.326445,0.333650499582291,-6.63149012325448E-06,0,0,0,0,0,38
1,2168,348.486445,0.332118302583694,-6.42363147562719E-06,0,0,0,0,0,38
1,2169,348.646445,0.330043077468872,-6.16768875261187E-06,0,0,0,0,0,38
1,2170,348.806445,0.328743636608124,-6.33726676824153E-06,0,0,0,0,0,38
1,2171,348.966445,0.327560544013977,-6.65771085550659E-06,0,0,0,0,0,38
1,2172,349.126445,0.325349569320679,-6.76325453241589E-06,0,0,0,0,0,38
1,2173,349.286445,0.323991924524307,-6.73547765472904E-06,0,0,0,0,0,38
1,2174,349.446445,0.32234337925911,-6.93606125423685E-06,0,0,0,0,0,38
1,2175,349.606445,0.320694833993912,-7.61433466323069E-06,0,0,0,0,0,38
1,2176,349.766445,0.319317787885666,-7.52532469050493E-06,0,0,0,0,0,38
1,2177,349.926445,0.317533493041992,-7.11085249349708E-06,0,0,0,0,0,38
1,2178,350.086445,0.315749168395996,-7.39538882044144E-06,0,0,0,0,0,38
1,2179,350.246445,0.314469128847122,-7.7274253271753E-06,0,0,0,0,0,38
1,2180,350.406445,0.31280118227005,-7.59853992349235E-06,0,0,0,0,0,38
1,2181,350.566445,0.311094433069229,-7.46770956538967E-06,0,0,0,0,0,38
1,2182,350.726445,0.309717416763306,-8.02833983470919E-06,0,0,0,0,0,38
1,2183,350.886445,0.308224022388458,-8.38305732031586E-06,0,0,0,0,0,38
1,2184,351.046445,0.306090593338013,-8.38597497931914E-06,0,0,0,0,0,38
1,2185,351.206445,0.304713577032089,-8.07739706942812E-06,0,0,0,0,0,38
1,2186,351.366445,0.303162008523941,-8.44503028929466E-06,0,0,0,0,0,38
1,2187,351.526445,0.301591038703918,-8.74890065460932E-06,0,0,0,0,0,38
1,2188,351.686445,0.299806714057922,-8.92248590389499E-06,0,0,0,0,0,38
1,2189,351.846445,0.298061192035675,-8.69533141667489E-06,0,0,0,0,0,38
1,2190,352.006445,0.296781152486801,-8.84892051544739E-06,0,0,0,0,0,38
1,2191,352.166445,0.294958025217056,-9.1090641944902E-06,0,0,0,0,0,38
1,2192,352.326445,0.293445259332657,-9.30871465243399E-06,0,0,0,0,0,38
1,2193,352.486445,0.29169973731041,-9.5823970696074E-06,0,0,0,0,0,38
1,2194,352.646445,0.290245115756989,-9.21394712349866E-06,0,0,0,0,0,38
1,2195,352.806445,0.28869354724884,-9.80799541139277E-06,0,0,0,0,0,38
1,2196,352.966445,0.286967426538467,-9.7746169558377E-06,0,0,0,0,0,38
1,2197,353.126445,0.285764932632446,-9.71342251432361E-06,0,0,0,0,0,38
1,2198,353.286445,0.283689707517624,-9.92322566162329E-06,0,0,0,0,0,38
1,2199,353.446445,0.282157510519028,-1.02310650618165E-05,0,0,0,0,0,38
1,2200,353.606445,0.28076109290123,-1.07621299321181E-05,0,0,0,0,0,38
1,2201,353.766445,0.278996199369431,-1.03231877801591E-05,0,0,0,0,0,38
1,2202,353.926445,0.277793705463409,-1.06566640170058E-05,0,0,0,0,0,38
1,2203,354.086445,0.276028782129288,-1.07292562461225E-05,0,0,0,0,0,38
1,2204,354.246445,0.274244487285614,-1.07325249700807E-05,0,0,0,0,0,38
1,2205,354.406445,0.272945046424866,-1.13317855721107E-05,0,0,0,0,0,38
1,2206,354.566445,0.271529227495193,-1.10956452772371E-05,0,0,0,0,0,38
1,2207,354.726445,0.269686728715897,-1.08784106487292E-05,0,0,0,0,0,38
1,2208,354.886445,0.267786026000977,-1.15303855636739E-05,0,0,0,0,0,38
1,2209,355.046445,0.266331434249878,-1.18813677545404E-05,0,0,0,0,0,38
1,2210,355.206445,0.264702290296555,-1.18606722026016E-05,0,0,0,0,0,38
1,2211,355.366445,0.262801587581635,-1.21380890050204E-05,0,0,0,0,0,38
1,2212,355.526445,0.261443972587585,-1.21180928545073E-05,0,0,0,0,0,38
1,2213,355.686445,0.260047554969788,-1.21101957120118E-05,0,0,0,0,0,38
1,2214,355.846445,0.25804990530014,-1.27496432469343E-05,0,0,0,0,0,38
1,2215,356.006445,0.256556510925293,-1.28852589114103E-05,0,0,0,0,0,38
1,2216,356.166445,0.254869163036346,-1.2903738024761E-05,0,0,0,0,0,38
1,2217,356.326445,0.253278791904449,-1.31309316202533E-05,0,0,0,0,0,38
1,2218,356.486445,0.251804798841476,-1.34097099362407E-05,0,0,0,0,0,38
1,2219,356.646445,0.250485956668854,-1.35428754219902E-05,0,0,0,0,0,38
1,2220,356.806445,0.248721033334732,-1.34809415612835E-05,0,0,0,0,0,38
1,2221,356.966445,0.247460380196571,-1.40487691169255E-05,0,0,0,0,0,38
1,2222,357.126445,0.245559692382813,-1.43118704727385E-05,0,0,0,0,0,38
1,2223,357.286445,0.24389174580574,-1.42711778607918E-05,0,0,0,0,0,38
1,2224,357.446445,0.242456540465355,-1.43971456054715E-05,0,0,0,0,0,38
1,2225,357.606445,0.240594655275345,-1.48823046401958E-05,0,0,0,0,0,38
1,2226,357.766445,0.238907307386398,-1.73707776411902E-05,0,0,0,0,0,38
1,2227,357.926445,0.237588465213776,-1.55006582645001E-05,0,0,0,0,0,38
1,2228,358.086445,0.235939919948578,-1.17118506750558E-05,0,0,0,0,0,38
1,2229,358.246445,0.234349548816681,-1.47779446706409E-05,0,0,0,0,0,38
1,2230,358.406445,0.232739791274071,-1.84175460162805E-05,0,0,0,0,0,38
1,2231,358.566445,0.231188207864761,-1.67090674949577E-05,0,0,0,0,0,38
1,2232,358.726445,0.229714214801788,-1.62268697749823E-05,0,0,0,0,0,38
1,2233,358.886445,0.227910503745079,-1.67051821335917E-05,0,0,0,0,0,38
1,2234,359.046445,0.226029217243195,-2.08976980502484E-05,0,0,0,0,0,38
1,2235,359.206445,0.224826738238335,-1.60566814884078E-05,0,0,0,0,0,38
1,2236,359.366445,0.223216980695724,-1.6211326510529E-05,0,0,0,0,0,38
1,2237,359.526445,0.221316307783127,-2.13888324651634E-05,0,0,0,0,0,38
1,2238,359.686445,0.219667747616768,-1.8959193766932E-05,0,0,0,0,0,38
1,2239,359.846445,0.218465283513069,-1.63912282005185E-05,0,0,0,0,0,38
1,2240,360.006445,0.21666157245636,-1.91546369023854E-05,0,0,0,0,0,38
1,2241,360.166445,0.215032413601875,-2.1135494534974E-05,0,0,0,0,0,38
1,2242,360.326445,0.213461443781853,-1.81296272785403E-05,0,0,0,0,0,38
1,2243,360.486445,0.21223957836628,-1.77130950760329E-05,0,0,0,0,0,38
1,2244,360.646445,0.210377678275108,-2.01411803573137E-05,0,0,0,0,0,38
1,2245,360.806445,0.208632156252861,-1.91763956536306E-05,0,0,0,0,0,38
1,2246,360.966445,0.207099974155426,-1.99162059288938E-05,0,0,0,0,0,38
1,2247,361.126445,0.205548390746117,-2.07589837373234E-05,0,0,0,0,0,38
1,2248,361.286445,0.203647717833519,-2.29756951739546E-05,0,0,0,0,0,38
1,2249,361.446445,0.202794343233109,-1.72367253981065E-05,0,0,0,0,0,38
1,2250,361.606445,0.200913056731224,-2.18772474909201E-05,0,0,0,0,0,38
1,2251,361.766445,0.199186936020851,-2.04520256374963E-05,0,0,0,0,0,38
1,2252,361.926445,0.197635352611542,-2.18951208807994E-05,0,0,0,0,0,38
1,2253,362.086445,0.195792853832245,-2.41561283473857E-05,0,0,0,0,0,38
1,2254,362.246445,0.194280073046684,-2.48407632170711E-05,0,0,0,0,0,38
1,2255,362.406445,0.192670300602913,-2.00265567400493E-05,0,0,0,0,0,38
1,2256,362.566445,0.191332072019577,-2.288049836352E-05,0,0,0,0,0,38
1,2257,362.726445,0.189799889922142,-2.14323517866433E-05,0,0,0,0,0,38
1,2258,362.886445,0.187802240252495,-2.43309768848121E-05,0,0,0,0,0,38
1,2259,363.046445,0.186386421322823,-2.11164551728871E-05,0,0,0,0,0,38
1,2260,363.206445,0.184990003705025,-2.28358148888219E-05,0,0,0,0,0,38
1,2261,363.366445,0.182972952723503,-2.40275148826186E-05,0,0,0,0,0,38
1,2262,363.526445,0.181208029389381,-2.64190766756656E-05,0,0,0,0,0,38
1,2263,363.686445,0.180160716176033,-2.22681355808163E-05,0,0,0,0,0,38
1,2264,363.846445,0.178550958633423,-2.02950486709597E-05,0,0,0,0,0,38
1,2265,364.006445,0.177173927426338,-2.3388342015096E-05,0,0,0,0,0,38
1,2266,364.166445,0.175001725554466,-2.7733172828448E-05,0,0,0,0,0,38
1,2267,364.326445,0.173450142145157,-2.74938211077824E-05,0,0,0,0,0,38
1,2268,364.486445,0.171898558735847,-2.58898635365767E-05,0,0,0,0,0,38
1,2269,364.646445,0.170133650302887,-2.67338073172141E-05,0,0,0,0,0,38
1,2270,364.806445,0.168872997164726,-3.15810393658467E-05,0,0,0,0,0,38
1,2271,364.966445,0.166914120316505,-2.99708644888597E-05,0,0,0,0,0,38
1,2272,365.126445,0.16557589173317,-2.55867907981155E-05,0,0,0,0,0,38
1,2273,365.286445,0.163966134190559,-2.8792375815101E-05,0,0,0,0,0,38
1,2274,365.446445,0.162336975336075,-3.19210266752634E-05,0,0,0,0,0,38
1,2275,365.606445,0.160901755094528,-2.81096836260986E-05,0,0,0,0,0,38
1,2276,365.766445,0.159195020794868,-2.67885934590595E-05,0,0,0,0,0,38
1,2277,365.926445,0.15764345228672,-3.03710767184384E-05,0,0,0,0,0,38
1,2278,366.086445,0.155975505709648,-3.23562089761253E-05,0,0,0,0,0,38
1,2279,366.246445,0.154288157820702,-2.99013136100257E-05,0,0,0,0,0,38
1,2280,366.406445,0.152911141514778,-3.11878211505245E-05,0,0,0,0,0,38
1,2281,366.566445,0.151378959417343,-3.38094068865757E-05,0,0,0,0,0,38
1,2282,366.726445,0.149497672915459,-3.32463896484114E-05,0,0,0,0,0,38
1,2283,366.886445,0.148043066263199,-3.36139637511224E-05,0,0,0,0,0,38
1,2284,367.046445,0.146704822778702,-2.96367070404813E-05,0,0,0,0,0,38
1,2285,367.206445,0.144745960831642,-3.22066152875777E-05,0,0,0,0,0,38
1,2286,367.366445,0.143194392323494,-3.41746490448713E-05,0,0,0,0,0,38
1,2287,367.526445,0.141351893544197,-3.28760979755316E-05,0,0,0,0,0,38
1,2288,367.686445,0.140343368053436,-3.12154079438187E-05,0,0,0,0,0,38
1,2289,367.846445,0.138520255684853,-3.35603435814846E-05,0,0,0,0,0,38
1,2290,368.006445,0.136988073587418,-3.18475904350635E-05,0,0,0,0,0,38
1,2291,368.166445,0.135320127010345,-3.17434569296893E-05,0,0,0,0,0,38
1,2292,368.326445,0.133419454097748,-3.46109991369303E-05,0,0,0,0,0,38
1,2293,368.486445,0.132003635168076,-3.85948624170851E-05,0,0,0,0,0,38
1,2294,368.646445,0.130471453070641,-4.155138230999E-05,0,0,0,0,0,38
1,2295,368.806445,0.128706529736519,-3.82529324269854E-05,0,0,0,0,0,38
1,2296,368.966445,0.127077370882034,-3.44718937412836E-05,0,0,0,0,0,38
1,2297,369.126445,0.125564590096474,-3.90972636523657E-05,0,0,0,0,0,38
1,2298,369.286445,0.123799674212933,-4.1835806769086E-05,0,0,0,0,0,38
1,2299,369.446445,0.122228696942329,-4.11628279834986E-05,0,0,0,0,0,38
1,2300,369.606445,0.121006831526756,-3.99322707380634E-05,0,0,0,0,0,38
1,2301,369.766445,0.119300097227097,-3.97267249354627E-05,0,0,0,0,0,38
1,2302,369.926445,0.117748521268368,-4.40373623860069E-05,0,0,0,0,0,38
1,2303,370.086445,0.115789651870728,-4.6827582991682E-05,0,0,0,0,0,38
1,2304,370.246445,0.114160500466824,-4.55663284810726E-05,0,0,0,0,0,38
1,2305,370.406445,0.11258952319622,-4.49349245172925E-05,0,0,0,0,0,38
1,2306,370.566445,0.111212499439716,-4.51692249043845E-05,0,0,0,0,0,38
1,2307,370.726445,0.109719105064869,-4.29268693551421E-05,0,0,0,0,0,38
1,2308,370.886445,0.108070559799671,-4.90167039970402E-05,0,0,0,0,0,38
1,2309,371.046445,0.106422007083893,-4.79862537758891E-05,0,0,0,0,0,38
1,2310,371.206445,0.104715272784233,-5.17902153660543E-05,0,0,0,0,0,38
1,2311,371.366445,0.103280059993267,-4.92949111503549E-05,0,0,0,0,0,38
1,2312,371.526445,0.101747877895832,-5.05821953993291E-05,0,0,0,0,0,38
1,2313,371.686445,0.100293278694153,-5.46441588085145E-05,0,0,0,0,0,38
1,2314,371.846445,0.0985671430826187,-5.33638667548075E-05,0,0,0,0,0,38
1,2315,372.006445,0.0971513316035271,-5.06902142660692E-05,0,0,0,0,0,38
1,2316,372.166445,0.0950954928994179,-5.63246612728108E-05,0,0,0,0,0,38
1,2317,372.326445,0.0934663340449333,-5.91226526012179E-05,0,0,0,0,0,38
1,2318,372.486445,0.0917983874678612,-5.70446572965011E-05,0,0,0,0,0,38
1,2319,372.646445,0.0906347036361694,-5.69820986129344E-05,0,0,0,0,0,38
1,2320,372.806445,0.0888116061687469,-6.11171126365662E-05,0,0,0,0,0,38
1,2321,372.966445,0.087066076695919,-5.71771524846554E-05,0,0,0,0,0,38
1,2322,373.126445,0.0859023928642273,-5.95182027609553E-05,0,0,0,0,0,38
1,2323,373.286445,0.0838077664375305,-6.4284227846656E-05,0,0,0,0,0,38
1,2324,373.446445,0.0824889242649078,-6.25609827693552E-05,0,0,0,0,0,38
1,2325,373.606445,0.0807240083813667,-6.36986733297817E-05,0,0,0,0,0,38
1,2326,373.766445,0.0788815096020699,-6.93144684191793E-05,0,0,0,0,0,38
1,2327,373.926445,0.0776402503252029,-7.04206904629245E-05,0,0,0,0,0,38
1,2328,374.086445,0.0760886669158936,-7.02839170116931E-05,0,0,0,0,0,38
1,2329,374.246445,0.0746340677142143,-7.23926132195629E-05,0,0,0,0,0,38
1,2330,374.406445,0.0727721750736237,-7.51878833398223E-05,0,0,0,0,0,38
1,2331,374.566445,0.071007251739502,-7.36643560230732E-05,0,0,0,0,0,38
1,2332,374.726445,0.0694556757807732,-7.55663349991664E-05,0,0,0,0,0,38
1,2333,374.886445,0.0680010765790939,-7.96422827988863E-05,0,0,0,0,0,38
1,2334,375.046445,0.0663719177246094,-8.1050799053628E-05,0,0,0,0,0,38
1,2335,375.206445,0.0648397356271744,-8.18613261799328E-05,0,0,0,0,0,38
1,2336,375.366445,0.0633075535297394,-8.14669401734136E-05,0,0,0,0,0,38
1,2337,375.526445,0.0617365799844265,-8.39490385260433E-05,0,0,0,0,0,38
1,2338,375.686445,0.0601462125778198,-8.72435994097032E-05,0,0,0,0,0,38
1,2339,375.846445,0.0583425052464008,-9.055915143108E-05,0,0,0,0,0,38
1,2340,376.006445,0.0568685084581375,-9.50092799030244E-05,0,0,0,0,0,38
1,2341,376.166445,0.0553363226354122,-9.18918958632275E-05,0,0,0,0,0,38
1,2342,376.326445,0.053435642272234,-9.65071594691835E-05,0,0,0,0,0,38
1,2343,376.486445,0.0519422478973866,-9.80256372713484E-05,0,0,0,0,0,38
1,2344,376.646445,0.0502936989068985,-0.000102712787338533,0,0,0,0,0,38
1,2345,376.806445,0.0488778837025166,-0.000101496996649075,0,0,0,0,0,38
1,2346,376.966445,0.0472875162959099,-0.000105731473013293,0,0,0,0,0,38
1,2347,377.126445,0.0456971488893032,-0.00010676736565074,0,0,0,0,0,38
1,2348,377.286445,0.0439516268670559,-0.000109610424260609,0,0,0,0,0,38
1,2349,377.446445,0.0423224717378616,-0.000114074158773292,0,0,0,0,0,38
1,2350,377.606445,0.0405381545424461,-0.000117320152639877,0,0,0,0,0,38
1,2351,377.766445,0.0393550768494606,-0.000115383198135532,0,0,0,0,0,38
1,2352,377.926445,0.0376095548272133,-0.000116980940219946,0,0,0,0,0,38
1,2353,378.086445,0.0358640290796757,-0.000120578195492271,0,0,0,0,0,38
1,2354,378.246445,0.0344288200139999,-0.000125970182125457,0,0,0,0,0,38
1,2355,378.406445,0.032741479575634,-0.000126538245240226,0,0,0,0,0,38
1,2356,378.566445,0.0310541391372681,-0.000128460436826572,0,0,0,0,0,38
1,2357,378.726445,0.0292892213910818,-0.000134605448693037,0,0,0,0,0,38
1,2358,378.886445,0.0276600643992424,-0.000138458359288052,0,0,0,0,0,38
1,2359,379.046445,0.0264381971210241,-0.0001358189038001,0,0,0,0,0,38
1,2360,379.206445,0.0249448046088219,-0.000137118622660637,0,0,0,0,0,38
1,2361,379.366445,0.0232768598943949,-0.00014169464702718,0,0,0,0,0,38
1,2362,379.526445,0.0214537549763918,-0.000146944817970507,0,0,0,0,0,38
1,2363,379.686445,0.0198052041232586,-0.000149703162605874,0,0,0,0,0,38
1,2364,379.846445,0.0183506011962891,-0.000150562264025211,0,0,0,0,0,38
1,2365,380.006445,0.0169929713010788,-0.000152445209096186,0,0,0,0,0,38
1,2366,380.166445,0.0152668412774801,-0.000157073300215416,0,0,0,0,0,38
1,2367,380.326445,0.0136570800095797,-0.000160735435201786,0,0,0,0,0,38
1,2368,380.486445,0.0111357672140002,-0.000176057612407021,0,0,0,0,0,38
1,2369,380.646445,0.00939024239778519,-0.000184541888302192,0,0,0,0,0,38
1,2370,380.806445,0.00939024239778519,-0.000158412192831747,0,0,0,0,0,38
1,2371,380.966445,0.00855627004057169,-0.000149216037243605,0,0,0,0,0,38
1,2372,381.126445,0.00459974771365523,-0.000196472770767286,0,0,0,0,0,38
1,2373,381.286445,0.00427003763616085,-0.000174952831002884,0,0,0,0,0,38
1,2374,381.446445,0.00217540818266571,-0.000189925762242638,0,0,0,0,0,38
1,2375,381.606445,0.000817778171040118,-0.000183631607796997,0,0,0,0,0,38
1,2376,381.766445,0.00120567250996828,-0.000147344908327796,0,0,0,0,0,38
1,2377,381.926445,-0.000753193802665919,-0.000162131109391339,0,0,0,0,0,38
1,2378,382.086445,-0.00463213678449392,-0.000210784375667572,0,0,0,0,0,38
1,2379,382.246445,-0.0073086079210043,-0.000238061649724841,0,0,0,0,0,38
1,2380,382.406445,-0.00796802807599306,-0.000218949659029022,0,0,0,0,0,38
1,2381,382.566445,-0.00957778934389353,-0.000220980291487649,0,0,0,0,0,38
1,2382,382.726445,-0.0114978663623333,-0.000229803001275286,0,0,0,0,0,38
1,2383,382.886445,-0.0129136806353927,-0.000228916062042117,0,0,0,0,0,38
1,2384,383.046445,-0.0130494432523847,-0.000202160066692159,0,0,0,0,0,38
1,2385,383.206445,-0.0157647039741278,-0.000226169664529152,0,0,0,0,0,38
1,2386,383.366445,-0.0167732294648886,-0.000218533430597745,0,0,0,0,0,38
1,2387,383.526445,-0.0192945413291454,-0.000243721719016321,0,0,0,0,0,38
1,2388,383.686445,-0.0194496996700764,-0.000213402410736308,0,0,0,0,0,38
1,2389,383.846445,-0.0215055402368307,-0.000236820706049912,0,0,0,0,0,38
1,2390,384.006445,-0.0230571161955595,-0.000236505613429472,0,0,0,0,0,38
1,2391,384.166445,-0.0241820104420185,-0.000225535579374991,0,0,0,0,0,38
1,2392,384.326445,-0.0268584806472063,-0.000244869297603145,0,0,0,0,0,38
1,2393,384.486445,-0.0271494016051292,-0.000228624296141788,0,0,0,0,0,38
1,2394,384.646445,-0.0299616362899542,-0.000260297354543582,0,0,0,0,0,38
1,2395,384.806445,-0.0319980792701244,-0.000272208795649931,0,0,0,0,0,38
1,2396,384.966445,-0.0322502106428146,-0.000245985749643296,0,0,0,0,0,38
1,2397,385.126445,-0.032909631729126,-0.000228869379498065,0,0,0,0,0,38
1,2398,385.286445,-0.0362261272966862,-0.000263934576651081,0,0,0,0,0,38
1,2399,385.446445,-0.0378552861511707,-0.000269446842139587,0,0,0,0,0,38
1,2400,385.606445,-0.0396783873438835,-0.000282155728200451,0,0,0,0,0,38
1,2401,385.766445,-0.0391935221850872,-0.000244398601353168,0,0,0,0,0,38
1,2402,385.926445,-0.0421803072094917,-0.000274223857559264,0,0,0,0,0,38
1,2403,386.086445,-0.042277280241251,-0.000244674796704203,0,0,0,0,0,38
1,2404,386.246445,-0.0458846986293793,-0.000292363314656541,0,0,0,0,0,38
1,2405,386.406445,-0.0465441159904003,-0.000273014040431008,0,0,0,0,0,38
1,2406,386.566445,-0.049395140260458,-0.000309456343529746,0,0,0,0,0,38
1,2407,386.726445,-0.050655797123909,-0.000296992511721328,0,0,0,0,0,38
1,2408,386.886445,-0.0510242953896523,-0.00027391265030019,0,0,0,0,0,38
1,2409,387.046445,-0.0551747679710388,-0.000335220363922417,0,0,0,0,0,38
1,2410,387.206445,-0.0544959530234337,-0.000290787837002426,0,0,0,0,0,38
1,2411,387.366445,-0.0577348694205284,-0.000322243053233251,0,0,0,0,0,38
1,2412,387.526445,-0.0579482093453407,-0.00030123270698823,0,0,0,0,0,38
1,2413,387.686445,-0.0594803914427757,-0.000304815475828946,0,0,0,0,0,38
1,2414,387.846445,-0.0620598904788494,-0.000322818785207346,0,0,0,0,0,38
1,2415,388.006445,-0.0626223385334015,-0.000311778712784871,0,0,0,0,0,38
1,2416,388.166445,-0.0640575438737869,-0.00030115878325887,0,0,0,0,0,38
1,2417,388.326445,-0.0662297531962395,-0.000319967337418348,0,0,0,0,0,38
1,2418,388.486445,-0.0624283887445927,-0.000195072338101454,0,0,0,0,0,38
1,2419,388.646445,-0.0678007230162621,-0.000286749913357198,0,0,0,0,0,38
1,2420,388.806445,-0.06954625248909,-0.000298027269309387,0,0,0,0,0,38
1,2421,388.966445,-0.0723003000020981,-0.000329657545080408,0,0,0,0,0,38
1,2422,389.126445,-0.0753646641969681,-0.000356510776327923,0,0,0,0,0,38
1,2423,389.286445,-0.0759271085262299,-0.000340468075592071,0,0,0,0,0,38
1,2424,389.446445,-0.0754034519195557,-0.000295417034067214,0,0,0,0,0,38
1,2425,389.606445,-0.0787781327962875,-0.000327568559441715,0,0,0,0,0,38
1,2426,389.766445,-0.0811830833554268,-0.000353118637576699,0,0,0,0,0,38
1,2427,389.926445,-0.0798254534602165,-0.000284944922896102,0,0,0,0,0,38
1,2428,390.086445,-0.0830061808228493,-0.000328649999573827,0,0,0,0,0,38
1,2429,390.246445,-0.084771104156971,-0.000335905002430081,0,0,0,0,0,38
1,2430,390.406445,-0.0870790705084801,-0.000353783834725618,0,0,0,0,0,38
1,2431,390.566445,-0.0883979126811028,-0.000346202054060996,0,0,0,0,0,38
1,2432,390.726445,-0.0911907553672791,-0.000373261485947296,0,0,0,0,0,38
1,2433,390.886445,-0.0921604856848717,-0.000354328454704955,0,0,0,0,0,38
1,2434,391.046445,-0.0923544391989708,-0.000325631292071193,0,0,0,0,0,38
1,2435,391.206445,-0.0911519676446915,-0.000271843135124072,0,0,0,0,0,38
1,2436,391.366445,-0.0986965075135231,-0.000406377745093778,0,0,0,0,0,38
1,2437,391.526445,-0.0964661166071892,-0.000319924554787576,0,0,0,0,0,38
1,2438,391.686445,-0.100383847951889,-0.000375303759938106,0,0,0,0,0,38
1,2439,391.846445,-0.101741477847099,-0.000374599680071697,0,0,0,0,0,38
1,2440,392.006445,-0.104262791574001,-0.000387705367757007,0,0,0,0,0,38
1,2441,392.166445,-0.103952474892139,-0.000350426678778604,0,0,0,0,0,38
1,2442,392.326445,-0.107695654034615,-0.000394606351619586,0,0,0,0,0,38
1,2443,392.486445,-0.109363600611687,-0.0003997023741249,0,0,0,0,0,38
1,2444,392.646445,-0.108005970716476,-0.00033630957477726,0,0,0,0,0,38
1,2445,392.806445,-0.112486153841019,-0.000400686549255624,0,0,0,0,0,38
1,2446,392.966445,-0.111768543720245,-0.000354110612533987,0,0,0,0,0,38
1,2447,393.126445,-0.114367440342903,-0.000378672586521134,0,0,0,0,0,38
1,2448,393.286445,-0.116752989590168,-0.000389584252843633,0,0,0,0,0,38
1,2449,393.446445,-0.115860834717751,-0.000338499696226791,0,0,0,0,0,38
1,2450,393.606445,-0.119797959923744,-0.000383912527468055,0,0,0,0,0,38
1,2451,393.766445,-0.120961643755436,-0.000388179934816435,0,0,0,0,0,38
1,2452,393.926445,-0.123366586863995,-0.00040041035390459,0,0,0,0,0,38
1,2453,394.086445,-0.123929031193256,-0.00039001606637612,0,0,0,0,0,38
1,2454,394.246445,-0.123638115823269,-0.000339872902259231,0,0,0,0,0,38
1,2455,394.406445,-0.126566708087921,-0.000377816759282723,0,0,0,0,0,38
1,2456,394.566445,-0.129340156912804,-0.00039759004721418,0,0,0,0,0,38
1,2457,394.726445,-0.131202057003975,-0.000407766521675512,0,0,0,0,0,38
1,2458,394.886445,-0.132171794772148,-0.000401799130486324,0,0,0,0,0,38
1,2459,395.046445,-0.132811814546585,-0.000381317833671346,0,0,0,0,0,38
1,2460,395.206445,-0.134382784366608,-0.000379917415557429,0,0,0,0,0,38
1,2461,395.366445,-0.136516198515892,-0.000386942905606702,0,0,0,0,0,38
1,2462,395.526445,-0.13715623319149,-0.000377867341740057,0,0,0,0,0,38
1,2463,395.686445,-0.137990206480026,-0.000361011596396565,0,0,0,0,0,38
1,2464,395.846445,-0.142276436090469,-0.000420257565565407,0,0,0,0,0,38
1,2465,396.006445,-0.144681379199028,-0.000435662310337648,0,0,0,0,0,38
1,2466,396.166445,-0.143828004598618,-0.000387576990760863,0,0,0,0,0,38
1,2467,396.326445,-0.14644630253315,-0.000412197317928076,0,0,0,0,0,38
1,2468,396.486445,-0.148948222398758,-0.00043515270226635,0,0,0,0,0,38
1,2469,396.646445,-0.149277925491333,-0.000409474247135222,0,0,0,0,0,38
1,2470,396.806445,-0.14951066672802,-0.000382049183826894,0,0,0,0,0,38
1,2471,396.966445,-0.151159211993217,-0.0003880126751028,0,0,0,0,0,38
1,2472,397.126445,-0.154146000742912,-0.000418841576902196,0,0,0,0,0,38
1,2473,397.286445,-0.154805421829224,-0.000397749536205083,0,0,0,0,0,38
1,2474,397.446445,-0.156977623701096,-0.000409419793868437,0,0,0,0,0,38
1,2475,397.606445,-0.159266203641891,-0.000437148322816938,0,0,0,0,0,38
1,2476,397.766445,-0.16167114675045,-0.000453541113529354,0,0,0,0,0,38
1,2477,397.926445,-0.161399617791176,-0.000418911600718275,0,0,0,0,0,38
1,2478,398.086445,-0.162446945905685,-0.000407844316214323,0,0,0,0,0,38
1,2479,398.246445,-0.165588885545731,-0.000448557926574722,0,0,0,0,0,38
1,2480,398.406445,-0.166500434279442,-0.000432978151366115,0,0,0,0,0,38
1,2481,398.566445,-0.169215694069862,-0.000461142335552722,0,0,0,0,0,38
1,2482,398.726445,-0.17070908844471,-0.000462005933513865,0,0,0,0,0,38
1,2483,398.886445,-0.173191606998444,-0.000484525633510202,0,0,0,0,0,38
1,2484,399.046445,-0.17352132499218,-0.000456871028291062,0,0,0,0,0,38
1,2485,399.206445,-0.174801379442215,-0.000461189018096775,0,0,0,0,0,38
1,2486,399.366445,-0.1767408400774,-0.000464005453977734,0,0,0,0,0,38
1,2487,399.526445,-0.176876604557037,-0.000438066374044865,0,0,0,0,0,38
1,2488,399.686445,-0.180425837635994,-0.00048782053636387,0,0,0,0,0,38
1,2489,399.846445,-0.182248950004578,-0.000501435832120478,0,0,0,0,0,38
1,2490,400.006445,-0.183412626385689,-0.000485774362459779,0,0,0,0,0,38
1,2491,400.166445,-0.186050310730934,-0.000514630984980613,0,0,0,0,0,38
1,2492,400.326445,-0.185487866401672,-0.000482164352433756,0,0,0,0,0,38
1,2493,400.486445,-0.187660068273544,-0.000491166021674871,0,0,0,0,0,38
1,2494,400.646445,-0.18909527361393,-0.000487077515572309,0,0,0,0,0,38
1,2495,400.806445,-0.190608069300652,-0.00049988366663456,0,0,0,0,0,38
1,2496,400.966445,-0.193711221218109,-0.000531097699422389,0,0,0,0,0,38
1,2497,401.126445,-0.196154952049255,-0.000553251709789038,0,0,0,0,0,38
1,2498,401.286445,-0.195844635367393,-0.000512825965415686,0,0,0,0,0,38
1,2499,401.446445,-0.197745323181152,-0.000524842471349984,0,0,0,0,0,38
1,2500,401.606445,-0.20059634745121,-0.000557347957510501,0,0,0,0,0,38
1,2501,401.766445,-0.1989865899086,-0.000491504441015422,0,0,0,0,0,38
1,2502,401.926445,-0.20356373488903,-0.000565945054404438,0,0,0,0,0,38
1,2503,402.086445,-0.202574610710144,-0.000512938771862537,0,0,0,0,0,38
1,2504,402.246445,-0.206647500395775,-0.0005721147172153,0,0,0,0,0,38
1,2505,402.406445,-0.207733601331711,-0.00056220282567665,0,0,0,0,0,38
1,2506,402.566445,-0.210468262434006,-0.000593724136706442,0,0,0,0,0,38
1,2507,402.726445,-0.21099191904068,-0.000575495243538171,0,0,0,0,0,38
1,2508,402.886445,-0.213280484080315,-0.000595404650084674,0,0,0,0,0,38
1,2509,403.046445,-0.21481266617775,-0.000600310042500496,0,0,0,0,0,38
1,2510,403.206445,-0.215782403945923,-0.000597361358813941,0,0,0,0,0,38
1,2511,403.366445,-0.218361899256706,-0.000619231432210654,0,0,0,0,0,38
1,2512,403.526445,-0.21787703037262,-0.000579494226258248,0,0,0,0,0,38
1,2513,403.686445,-0.219486802816391,-0.00058165320660919,0,0,0,0,0,38
1,2514,403.846445,-0.221329301595688,-0.000593327335081995,0,0,0,0,0,38
1,2515,404.006445,-0.222240850329399,-0.000583010842092335,0,0,0,0,0,38
1,2516,404.166445,-0.223986372351646,-0.000592487107496709,0,0,0,0,0,38
1,2517,404.326445,-0.226507678627968,-0.000619639875367284,0,0,0,0,0,38
1,2518,404.486445,-0.229513868689537,-0.0006541449110955,0,0,0,0,0,38
1,2519,404.646445,-0.229707807302475,-0.000635709846392274,0,0,0,0,0,38
1,2520,404.806445,-0.230910286307335,-0.000622981460765004,0,0,0,0,0,38
1,2521,404.966445,-0.233450993895531,-0.000649138411972672,0,0,0,0,0,38
1,2522,405.126445,-0.233974650502205,-0.000634748954325914,0,0,0,0,0,38
1,2523,405.286445,-0.235448643565178,-0.000633714196737856,0,0,0,0,0,38
1,2524,405.446445,-0.234692260622978,-0.000588138005696237,0,0,0,0,0,38
1,2525,405.606445,-0.238028153777123,-0.000630773312877864,0,0,0,0,0,38
1,2526,405.766445,-0.240491271018982,-0.000660143443383276,0,0,0,0,0,38
1,2527,405.926445,-0.241984665393829,-0.000658182834740728,0,0,0,0,0,38
1,2528,406.086445,-0.247318208217621,-0.000744503748137504,0,0,0,0,0,38
1,2529,406.246445,-0.245475724339485,-0.000679710530675948,0,0,0,0,0,38
1,2530,406.406445,-0.247124269604683,-0.000687642430420965,0,0,0,0,0,38
1,2531,406.566445,-0.249257683753967,-0.000699526630342007,0,0,0,0,0,38
1,2532,406.726445,-0.24700790643692,-0.000622265681158751,0,0,0,0,0,38
1,2533,406.886445,-0.254125773906708,-0.000752280058804899,0,0,0,0,0,38
1,2534,407.046445,-0.255347639322281,-0.000743445649277419,0,0,0,0,0,38
1,2535,407.206445,-0.254765778779984,-0.000699981756042689,0,0,0,0,0,38
1,2536,407.366445,-0.258062899112701,-0.000744332617614418,0,0,0,0,0,38
1,2537,407.526445,-0.259207189083099,-0.000743398966733366,0,0,0,0,0,38
1,2538,407.686445,-0.26157334446907,-0.000760958821047097,0,0,0,0,0,38
1,2539,407.846445,-0.262310326099396,-0.000747993180993944,0,0,0,0,0,38
1,2540,408.006445,-0.263784319162369,-0.000755501037929207,0,0,0,0,0,38
1,2541,408.166445,-0.265704393386841,-0.000767252990044653,0,0,0,0,0,38
1,2542,408.326445,-0.265956550836563,-0.000741539523005486,0,0,0,0,0,38
1,2543,408.486445,-0.267120212316513,-0.000740197428967804,0,0,0,0,0,38
1,2544,408.646445,-0.27111554145813,-0.000798778200987726,0,0,0,0,0,38
1,2545,408.806445,-0.270940989255905,-0.000764701107982546,0,0,0,0,0,38
1,2546,408.966445,-0.273035615682602,-0.000778071291279048,0,0,0,0,0,38
1,2547,409.126445,-0.273791998624802,-0.000769629841670394,0,0,0,0,0,38
1,2548,409.286445,-0.275653898715973,-0.000778234680183232,0,0,0,0,0,38
1,2549,409.446445,-0.278582483530045,-0.000811420963145792,0,0,0,0,0,38
1,2550,409.606445,-0.27995952963829,-0.00081293034600094,0,0,0,0,0,38
1,2551,409.766445,-0.28112319111824,-0.000804018171038479,0,0,0,0,0,38
1,2552,409.926445,-0.282635986804962,-0.000816061859950423,0,0,0,0,0,38
1,2553,410.086445,-0.28337299823761,-0.000799988047219813,0,0,0,0,0,38
1,2554,410.246445,-0.284943968057632,-0.000801489572040737,0,0,0,0,0,38
1,2555,410.406445,-0.285680949687958,-0.000796097912825644,0,0,0,0,0,38
1,2556,410.566445,-0.28924959897995,-0.000841063389088959,0,0,0,0,0,38
1,2557,410.726445,-0.288512587547302,-0.000790363934356719,0,0,0,0,0,38
1,2558,410.886445,-0.290646016597748,-0.000814817030914128,0,0,0,0,0,38
1,2559,411.046445,-0.29297336935997,-0.000837546773254871,0,0,0,0,0,38
1,2560,411.206445,-0.295320123434067,-0.000855869089718908,0,0,0,0,0,38
1,2561,411.366445,-0.298384487628937,-0.00089581246720627,0,0,0,0,0,38
1,2562,411.526445,-0.297822058200836,-0.00085398624651134,0,0,0,0,0,38
1,2563,411.686445,-0.299664556980133,-0.000866403395775706,0,0,0,0,0,38
1,2564,411.846445,-0.301119148731232,-0.000864769564941525,0,0,0,0,0,38
1,2565,412.006445,-0.304648995399475,-0.000911668408662081,0,0,0,0,0,38
1,2566,412.166445,-0.304765373468399,-0.00089006288908422,0,0,0,0,0,38
1,2567,412.326445,-0.305289030075073,-0.000869496027007699,0,0,0,0,0,38
1,2568,412.486445,-0.307655185461044,-0.000889568880666047,0,0,0,0,0,38
1,2569,412.646445,-0.309730410575867,-0.000907972862478346,0,0,0,0,0,38
1,2570,412.806445,-0.311262607574463,-0.000909264374058694,0,0,0,0,0,38
1,2571,412.966445,-0.311960816383362,-0.000897741934750229,0,0,0,0,0,38
1,2572,413.126445,-0.313725709915161,-0.000906502362340689,0,0,0,0,0,38
1,2573,413.286445,-0.313706338405609,-0.000880936742760241,0,0,0,0,0,38
1,2574,413.446445,-0.316867679357529,-0.000912415329366922,0,0,0,0,0,38
1,2575,413.606445,-0.319524735212326,-0.000942353392019868,0,0,0,0,0,38
1,2576,413.766445,-0.321483612060547,-0.00095824827440083,0,0,0,0,0,38
1,2577,413.926445,-0.321192681789398,-0.000921903236303478,0,0,0,0,0,38
1,2578,414.086445,-0.326060771942139,-0.00100253301206976,0,0,0,0,0,38
1,2579,414.246445,-0.326371073722839,-0.000974318187218159,0,0,0,0,0,38
1,2580,414.406445,-0.326681405305862,-0.000952284783124924,0,0,0,0,0,38
1,2581,414.566445,-0.329299688339233,-0.000984545215032995,0,0,0,0,0,38
1,2582,414.726445,-0.331219762563705,-0.000994896749034524,0,0,0,0,0,38
1,2583,414.886445,-0.333042860031128,-0.00100236956495792,0,0,0,0,0,38
1,2584,415.046445,-0.334361702203751,-0.0010032526915893,0,0,0,0,0,38
1,2585,415.206445,-0.335292637348175,-0.000996927381493151,0,0,0,0,0,38
1,2586,415.366445,-0.335292637348175,-0.000963375379797071,0,0,0,0,0,38
1,2587,415.526445,-0.337329089641571,-0.000983354868367314,0,0,0,0,0,38
1,2588,415.686445,-0.338376402854919,-0.000979935517534614,0,0,0,0,0,38
1,2589,415.846445,-0.341479569673538,-0.00101510959211737,0,0,0,0,0,38
1,2590,416.006445,-0.342119574546814,-0.000994056463241577,0,0,0,0,0,38
1,2591,416.166445,-0.343690544366837,-0.000995425740256906,0,0,0,0,0,38
1,2592,416.326445,-0.344602108001709,-0.000992663786746562,0,0,0,0,0,38
1,2593,416.486445,-0.347744047641754,-0.00102903612423688,0,0,0,0,0,38
1,2594,416.646445,-0.350498110055923,-0.00105892750434577,0,0,0,0,0,38
1,2595,416.806445,-0.350381731987,-0.00102998141665012,0,0,0,0,0,38
1,2596,416.966445,-0.352650910615921,-0.00105124851688743,0,0,0,0,0,38
1,2597,417.126445,-0.355579525232315,-0.00108191405888647,0,0,0,0,0,38
1,2598,417.286445,-0.353407323360443,-0.00100020668469369,0,0,0,0,0,38
1,2599,417.446445,-0.358702063560486,-0.00109235884156078,0,0,0,0,0,38
1,2600,417.606445,-0.357363820075989,-0.00103256048168987,0,0,0,0,0,38
1,2601,417.766445,-0.360796689987183,-0.00108208123128861,0,0,0,0,0,38
1,2602,417.926445,-0.362677991390228,-0.00108763237949461,0,0,0,0,0,38
1,2603,418.086445,-0.3653544485569,-0.00111710373312235,0,0,0,0,0,38
1,2604,418.246445,-0.364675641059875,-0.00107417663093656,0,0,0,0,0,38
1,2605,418.406445,-0.365722954273224,-0.00106958637479693,0,0,0,0,0,38
1,2606,418.566445,-0.368961870670319,-0.00110849889460951,0,0,0,0,0,38
1,2607,418.726445,-0.372588694095612,-0.00115361600182951,0,0,0,0,0,38
1,2608,418.886445,-0.369310975074768,-0.00105968222487718,0,0,0,0,0,38
1,2609,419.046445,-0.373752355575562,-0.00112994480878115,0,0,0,0,0,38
1,2610,419.206445,-0.37454754114151,-0.00111444282811135,0,0,0,0,0,38
1,2611,419.366445,-0.375633656978607,-0.00111175479833037,0,0,0,0,0,38
1,2612,419.526445,-0.378736823797226,-0.00114838383160532,0,0,0,0,0,38
1,2613,419.686445,-0.378581643104553,-0.00110986037179828,0,0,0,0,0,38
1,2614,419.846445,-0.381180554628372,-0.00113618455361575,0,0,0,0,0,38
1,2615,420.006445,-0.381335705518723,-0.00110888003837317,0,0,0,0,0,38
1,2616,420.166445,-0.384729772806168,-0.00115111086051911,0,0,0,0,0,38
1,2617,420.326445,-0.385253429412842,-0.00113779120147228,0,0,0,0,0,38
1,2618,420.486445,-0.389268130064011,-0.00119520875159651,0,0,0,0,0,38
1,2619,420.646445,-0.390489995479584,-0.00119821587577462,0,0,0,0,0,38
1,2620,420.806445,-0.391537308692932,-0.00118514127098024,0,0,0,0,0,38
1,2621,420.966445,-0.394174993038177,-0.00121011945884675,0,0,0,0,0,38
1,2622,421.126445,-0.393942266702652,-0.00117917382158339,0,0,0,0,0,38
1,2623,421.286445,-0.397433310747147,-0.00122622447088361,0,0,0,0,0,38
1,2624,421.446445,-0.397355735301971,-0.00119464856106788,0,0,0,0,0,38
1,2625,421.606445,-0.40071102976799,-0.00124252389650792,0,0,0,0,0,38
1,2626,421.766445,-0.399624913930893,-0.00118628493510187,0,0,0,0,0,38
1,2627,421.926445,-0.401952296495438,-0.00120996776968241,0,0,0,0,0,38
1,2628,422.086445,-0.40106013417244,-0.00116284715477377,0,0,0,0,0,38
1,2629,422.246445,-0.407208263874054,-0.00126222718972713,0,0,0,0,0,38
1,2630,422.406445,-0.406975507736206,-0.00122662505600601,0,0,0,0,0,38
1,2631,422.566445,-0.408624053001404,-0.0012352610938251,0,0,0,0,0,38
1,2632,422.726445,-0.409438639879227,-0.00122515461407602,0,0,0,0,0,38
1,2633,422.886445,-0.409147709608078,-0.00118682952597737,0,0,0,0,0,38
1,2634,423.046445,-0.410602331161499,-0.00118313007988036,0,0,0,0,0,38
1,2635,423.206445,-0.414810985326767,-0.0012550693936646,0,0,0,0,0,38
1,2636,423.366445,-0.414558857679367,-0.00121688819490373,0,0,0,0,0,38
1,2637,423.526445,-0.418709307909012,-0.00127218570560217,0,0,0,0,0,38
1,2638,423.686445,-0.419776022434235,-0.0012683734530583,0,0,0,0,0,38
1,2639,423.846445,-0.419969975948334,-0.001246522879228,0,0,0,0,0,38
1,2640,424.006445,-0.421191841363907,-0.00124454672913998,0,0,0,0,0,38
1,2641,424.166445,-0.425090193748474,-0.00129886786453426,0,0,0,0,0,38
1,2642,424.326445,-0.426098704338074,-0.0012889364734292,0,0,0,0,0,38
1,2643,424.486445,-0.42813515663147,-0.00130677642300725,0,0,0,0,0,38
1,2644,424.646445,-0.429143667221069,-0.00129860325250775,0,0,0,0,0,38
1,2645,424.806445,-0.428910940885544,-0.00126404769252986,0,0,0,0,0,38
1,2646,424.966445,-0.434380263090134,-0.00135323952417821,0,0,0,0,0,38
1,2647,425.126445,-0.433701425790787,-0.00130377325695008,0,0,0,0,0,38
1,2648,425.286445,-0.436358511447906,-0.00133737572468817,0,0,0,0,0,38
1,2649,425.446445,-0.438317388296127,-0.00134624517522752,0,0,0,0,0,38
1,2650,425.606445,-0.438123434782028,-0.00131439708638936,0,0,0,0,0,38
1,2651,425.766445,-0.438588887453079,-0.00128964439500123,0,0,0,0,0,38
1,2652,425.926445,-0.440877467393875,-0.00131279823835939,0,0,0,0,0,38
1,2653,426.086445,-0.444426715373993,-0.00135882175527513,0,0,0,0,0,38
1,2654,426.246445,-0.445163697004318,-0.00134211778640747,0,0,0,0,0,38
1,2655,426.406445,-0.446230411529541,-0.00134426506701857,0,0,0,0,0,38
1,2656,426.566445,-0.449256002902985,-0.00137789093423635,0,0,0,0,0,38
1,2657,426.726445,-0.450458467006683,-0.00136922777164727,0,0,0,0,0,38
1,2658,426.886445,-0.452262163162231,-0.00138194835744798,0,0,0,0,0,38
1,2659,427.046445,-0.455481708049774,-0.001423159847036,0,0,0,0,0,38
1,2660,427.206445,-0.456393241882324,-0.00141065323259681,0,0,0,0,0,38
1,2661,427.366445,-0.455326527357101,-0.00136029999703169,0,0,0,0,0,38
1,2662,427.526445,-0.458972752094269,-0.00140721828211099,0,0,0,0,0,38
1,2663,427.686445,-0.461707413196564,-0.00144069246016443,0,0,0,0,0,38
1,2664,427.846445,-0.462483197450638,-0.00142277090344578,0,0,0,0,0,38
1,2665,428.006445,-0.463802039623261,-0.00142282526940107,0,0,0,0,0,38
1,2666,428.166445,-0.46415114402771,-0.00139869900885969,0,0,0,0,0,38
1,2667,428.326445,-0.466284543275833,-0.00142200838308781,0,0,0,0,0,38
1,2668,428.486445,-0.467428833246231,-0.00140666589140892,0,0,0,0,0,38
1,2669,428.646445,-0.469950169324875,-0.00144133437424898,0,0,0,0,0,38
1,2670,428.806445,-0.472859352827072,-0.00146696611773223,0,0,0,0,0,38
1,2671,428.966445,-0.472607225179672,-0.00143146910704672,0,0,0,0,0,38
1,2672,429.126445,-0.474740654230118,-0.00145200488623232,0,0,0,0,0,38
1,2673,429.286445,-0.473576962947845,-0.00140010728500783,0,0,0,0,0,38
1,2674,429.446445,-0.475671589374542,-0.00141243101097643,0,0,0,0,0,38
1,2675,429.606445,-0.47947296500206,-0.00146882166154683,0,0,0,0,0,38
1,2676,429.766445,-0.480151772499084,-0.0014512890484184,0,0,0,0,0,38
1,2677,429.926445,-0.479511737823486,-0.00140727660618722,0,0,0,0,0,38
1,2678,430.086445,-0.485039234161377,-0.0014966435264796,0,0,0,0,0,38
1,2679,430.246445,-0.485427141189575,-0.00147601834032685,0,0,0,0,0,38
1,2680,430.406445,-0.486338704824448,-0.00146604026667774,0,0,0,0,0,38
1,2681,430.566445,-0.485562890768051,-0.00141682289540768,0,0,0,0,0,38
1,2682,430.726445,-0.488103598356247,-0.0014446759596467,0,0,0,0,0,38
1,2683,430.886445,-0.490915834903717,-0.00147179374471307,0,0,0,0,0,38
1,2684,431.046445,-0.492603182792664,-0.00148724508471787,0,0,0,0,0,38
1,2685,431.206445,-0.495124489068985,-0.00150682777166367,0,0,0,0,0,38
1,2686,431.366445,-0.495512396097183,-0.00149156700354069,0,0,0,0,0,38
1,2687,431.526445,-0.498906463384628,-0.00153000105638057,0,0,0,0,0,38
1,2688,431.686445,-0.500458061695099,-0.00153545883949846,0,0,0,0,0,38
1,2689,431.846445,-0.502164781093597,-0.00153794069774449,0,0,0,0,0,38
1,2690,432.006445,-0.504395186901093,-0.00156203971710056,0,0,0,0,0,38
1,2691,432.166445,-0.505927383899689,-0.0015624015359208,0,0,0,0,0,38
1,2692,432.326445,-0.506218254566193,-0.00154248042963445,0,0,0,0,0,38
1,2693,432.486445,-0.507537126541138,-0.00153720157686621,0,0,0,0,0,38
1,2694,432.646445,-0.50573343038559,-0.00147199595812708,0,0,0,0,0,38
1,2695,432.806445,-0.509709298610687,-0.00152625876944512,0,0,0,0,0,38
1,2696,432.966445,-0.510989367961884,-0.00152523559518158,0,0,0,0,0,38
1,2697,433.126445,-0.510271787643433,-0.00147855468094349,0,0,0,0,0,38
1,2698,433.286445,-0.514635562896729,-0.00153694092296064,0,0,0,0,0,38
1,2699,433.446445,-0.518689095973969,-0.00159801519475877,0,0,0,0,0,38
1,2700,433.606445,-0.518592119216919,-0.00156413647346199,0,0,0,0,0,38
1,2701,433.766445,-0.520415186882019,-0.00157138763461262,0,0,0,0,0,38
1,2702,433.926445,-0.523091673851013,-0.00160143070388585,0,0,0,0,0,38
1,2703,434.086445,-0.523906230926514,-0.00159180664923042,0,0,0,0,0,38
1,2704,434.246445,-0.525787532329559,-0.00160209974274039,0,0,0,0,0,38
1,2705,434.406445,-0.527727007865906,-0.00161633745301515,0,0,0,0,0,38
1,2706,434.566445,-0.529026448726654,-0.00161419401410967,0,0,0,0,0,38
1,2707,434.726445,-0.530578017234802,-0.0016134938923642,0,0,0,0,0,38
1,2708,434.886445,-0.533215701580048,-0.00164972222410142,0,0,0,0,0,38
1,2709,435.046445,-0.535504281520844,-0.00166407658252865,0,0,0,0,0,38
1,2710,435.206445,-0.535989165306091,-0.00164123403374106,0,0,0,0,0,38
1,2711,435.366445,-0.538180768489838,-0.00165507884230465,0,0,0,0,0,38
1,2712,435.526445,-0.536920130252838,-0.0016041265334934,0,0,0,0,0,38
1,2713,435.686445,-0.540275394916534,-0.00164058443624526,0,0,0,0,0,38
1,2714,435.846445,-0.541671812534332,-0.00164985051378608,0,0,0,0,0,38
1,2715,436.006445,-0.543688893318176,-0.00165733124595135,0,0,0,0,0,38
1,2716,436.166445,-0.543494939804077,-0.00162712077144533,0,0,0,0,0,38
1,2717,436.326445,-0.544871926307678,-0.00161857821512967,0,0,0,0,0,38
1,2718,436.486445,-0.547645390033722,-0.0016573000466451,0,0,0,0,0,38
1,2719,436.646445,-0.548459947109222,-0.00164366920944303,0,0,0,0,0,38
1,2720,436.806445,-0.553211688995361,-0.00171328231226653,0,0,0,0,0,38
1,2721,436.966445,-0.550670981407166,-0.00162975827697665,0,0,0,0,0,38
1,2722,437.126445,-0.552765607833862,-0.00164207525085658,0,0,0,0,0,38
1,2723,437.286445,-0.555092930793762,-0.00165984535124153,0,0,0,0,0,38
1,2724,437.446445,-0.557924568653107,-0.00169402454048395,0,0,0,0,0,38
1,2725,437.606445,-0.558312475681305,-0.00167372694704682,0,0,0,0,0,38
1,2726,437.766445,-0.559864044189453,-0.00167213275562972,0,0,0,0,0,38
1,2727,437.926445,-0.563975751399994,-0.00173469737637788,0,0,0,0,0,38
1,2728,438.086445,-0.562482357025146,-0.00167594337835908,0,0,0,0,0,38
1,2729,438.246445,-0.564402401447296,-0.00168473122175783,0,0,0,0,0,38
1,2730,438.406445,-0.567505598068237,-0.00172513187862933,0,0,0,0,0,38
1,2731,438.566445,-0.570046305656433,-0.00174570165108889,0,0,0,0,0,38
1,2732,438.726445,-0.571035444736481,-0.00174208532553166,0,0,0,0,0,38
1,2733,438.886445,-0.570802688598633,-0.00170386221725494,0,0,0,0,0,38
1,2734,439.046445,-0.57371187210083,-0.00174449617043138,0,0,0,0,0,38
1,2735,439.206445,-0.573886454105377,-0.00171016145031899,0,0,0,0,0,38
1,2736,439.366445,-0.576194405555725,-0.00172598729841411,0,0,0,0,0,38
1,2737,439.526445,-0.575806498527527,-0.0016913803992793,0,0,0,0,0,38
1,2738,439.686445,-0.577745974063873,-0.00170164578594267,0,0,0,0,0,38
1,2739,439.846445,-0.580849170684814,-0.0017472569597885,0,0,0,0,0,38
1,2740,440.006445,-0.581721901893616,-0.00173119781538844,0,0,0,0,0,38
1,2741,440.166445,-0.584437191486359,-0.00175448937807232,0,0,0,0,0,38
1,2742,440.326445,-0.587152421474457,-0.00178827974013984,0,0,0,0,0,38
1,2743,440.486445,-0.588296711444855,-0.00178291380871087,0,0,0,0,0,38
1,2744,440.646445,-0.588956117630005,-0.00176397722680122,0,0,0,0,0,38
1,2745,440.806445,-0.589557349681854,-0.00175200088415295,0,0,0,0,0,38
1,2746,440.966445,-0.591302871704102,-0.00176113867200911,0,0,0,0,0,38
1,2747,441.126445,-0.593184173107147,-0.00176627130713314,0,0,0,0,0,38
1,2748,441.286445,-0.595763683319092,-0.00179290701635182,0,0,0,0,0,38
1,2749,441.446445,-0.596714019775391,-0.00178380811121315,0,0,0,0,0,38
1,2750,441.606445,-0.600069284439087,-0.00182284787297249,0,0,0,0,0,38
1,2751,441.766445,-0.599720180034637,-0.00178493571002036,0,0,0,0,0,38
1,2752,441.926445,-0.599526226520538,-0.00175550044514239,0,0,0,0,0,38
1,2753,442.086445,-0.605402827262878,-0.00184804480522871,0,0,0,0,0,38
1,2754,442.246445,-0.60435551404953,-0.00179356802254915,0,0,0,0,0,38
1,2755,442.406445,-0.608603000640869,-0.00185601599514484,0,0,0,0,0,38
1,2756,442.566445,-0.609999418258667,-0.00185920449439436,0,0,0,0,0,38
1,2757,442.726445,-0.610348522663116,-0.00182945816777647,0,0,0,0,0,38
1,2758,442.886445,-0.611027300357819,-0.0018178706523031,0,0,0,0,0,38
1,2759,443.046445,-0.61478990316391,-0.00187156978063285,0,0,0,0,0,38
1,2760,443.206445,-0.616806924343109,-0.00188183516729623,0,0,0,0,0,38
1,2761,443.366445,-0.615313529968262,-0.00182183680590242,0,0,0,0,0,38
1,2762,443.526445,-0.617408156394959,-0.00183241337072104,0,0,0,0,0,38
1,2763,443.686445,-0.619386434555054,-0.00185395521111786,0,0,0,0,0,38
1,2764,443.846445,-0.621771991252899,-0.00186503713484854,0,0,0,0,0,38
1,2765,444.006445,-0.623265385627747,-0.00186425948049873,0,0,0,0,0,38
1,2766,444.166445,-0.624855756759644,-0.00187674129847437,0,0,0,0,0,38
1,2767,444.326445,-0.627590417861938,-0.00189727218821645,0,0,0,0,0,38
1,2768,444.486445,-0.62755161523819,-0.00186597043648362,0,0,0,0,0,38
1,2769,444.646445,-0.629840195178986,-0.0018901564180851,0,0,0,0,0,38
1,2770,444.806445,-0.631799042224884,-0.00189649453386664,0,0,0,0,0,38
1,2771,444.966445,-0.634456157684326,-0.00192130263894796,0,0,0,0,0,38
1,2772,445.126445,-0.633525192737579,-0.00187343615107238,0,0,0,0,0,38
1,2773,445.286445,-0.636395633220673,-0.00190259935334325,0,0,0,0,0,38
1,2774,445.446445,-0.637830793857574,-0.00190431019291282,0,0,0,0,0,38
1,2775,445.606445,-0.638121724128723,-0.00187643023673445,0,0,0,0,0,38
1,2776,445.766445,-0.641554594039917,-0.00192620197776705,0,0,0,0,0,38
1,2777,445.926445,-0.642252802848816,-0.00189987744670361,0,0,0,0,0,38
1,2778,446.086445,-0.642466127872467,-0.00187919102609158,0,0,0,0,0,38
1,2779,446.246445,-0.64624810218811,-0.00192834064364433,0,0,0,0,0,38
1,2780,446.406445,-0.649370670318604,-0.00196811906062067,0,0,0,0,0,38
1,2781,446.566445,-0.648168206214905,-0.00191037612967193,0,0,0,0,0,38
1,2782,446.726445,-0.649040937423706,-0.00189583341125399,0,0,0,0,0,38
1,2783,446.886445,-0.650107681751251,-0.00188479037024081,0,0,0,0,0,38
1,2784,447.046445,-0.654432713985443,-0.00194439978804439,0,0,0,0,0,38
1,2785,447.206445,-0.655150294303894,-0.00193588412366807,0,0,0,0,0,38
1,2786,447.366445,-0.655072748661041,-0.00189758324995637,0,0,0,0,0,38
1,2787,447.526445,-0.657264351844788,-0.00191278697457165,0,0,0,0,0,38
1,2788,447.686445,-0.658641338348389,-0.00191193155478686,0,0,0,0,0,38
1,2789,447.846445,-0.663645207881927,-0.00198557809926569,0,0,0,0,0,38
1,2790,448.006445,-0.664110660552979,-0.00195672619156539,0,0,0,0,0,38
1,2791,448.166445,-0.666535019874573,-0.00198184535838664,0,0,0,0,0,38
1,2792,448.326445,-0.665584683418274,-0.00192732969298959,0,0,0,0,0,38
1,2793,448.486445,-0.667601704597473,-0.00194214447401464,0,0,0,0,0,38
1,2794,448.646445,-0.669890284538269,-0.00195167120546103,0,0,0,0,0,38
1,2795,448.806445,-0.671538829803467,-0.00195478182286024,0,0,0,0,0,38
1,2796,448.966445,-0.672935247421265,-0.00195824261754751,0,0,0,0,0,38
1,2797,449.126445,-0.672877073287964,-0.00192266353406012,0,0,0,0,0,38
1,2798,449.286445,-0.677143931388855,-0.00197527394630015,0,0,0,0,0,38
1,2799,449.446445,-0.675631105899811,-0.00190559343900532,0,0,0,0,0,38
1,2800,449.606445,-0.677163302898407,-0.00191916397307068,0,0,0,0,0,38
1,2801,449.766445,-0.681662857532501,-0.00197329069487751,0,0,0,0,0,38
1,2802,449.926445,-0.680596172809601,-0.00191749189980328,0,0,0,0,0,38
1,2803,450.086445,-0.685464262962341,-0.00198592804372311,0,0,0,0,0,38
1,2804,450.246445,-0.686240017414093,-0.00196578609757125,0,0,0,0,0,38
1,2805,450.406445,-0.686336994171143,-0.00193409551866353,0,0,0,0,0,38
1,2806,450.566445,-0.688392817974091,-0.0019489104161039,0,0,0,0,0,38
1,2807,450.726445,-0.689207434654236,-0.0019280684646219,0,0,0,0,0,38
1,2808,450.886445,-0.690778374671936,-0.00193024601321667,0,0,0,0,0,38
1,2809,451.046445,-0.695471882820129,-0.0019966212566942,0,0,0,0,0,38
1,2810,451.206445,-0.69512277841568,-0.0019521766807884,0,0,0,0,0,38
1,2811,451.366445,-0.696751952171326,-0.00195159344002604,0,0,0,0,0,38
1,2812,451.526445,-0.69851690530777,-0.00195602606981993,0,0,0,0,0,38
1,2813,451.686445,-0.700960636138916,-0.001973329577595,0,0,0,0,0,38
1,2814,451.846445,-0.701891541481018,-0.00195684283971787,0,0,0,0,0,38
1,2815,452.006445,-0.702531576156616,-0.00193432881496847,0,0,0,0,0,38
1,2816,452.166445,-0.708330631256104,-0.0020234901458025,0,0,0,0,0,38
1,2817,452.326445,-0.705654144287109,-0.00193024601321667,0,0,0,0,0,38
1,2818,452.486445,-0.707651793956757,-0.00193044042680413,0,0,0,0,0,38
1,2819,452.646445,-0.710308849811554,-0.0019566873088479,0,0,0,0,0,38
1,2820,452.806445,-0.711899220943451,-0.00196174206212163,0,0,0,0,0,38
1,2821,452.966445,-0.713586568832397,-0.00195163232274354,0,0,0,0,0,38
1,2822,453.126445,-0.715021789073944,-0.00195649289526045,0,0,0,0,0,38
1,2823,453.286445,-0.715409696102142,-0.00192573538515717,0,0,0,0,0,38
1,2824,453.446445,-0.714517533779144,-0.00186946999747306,0,0,0,0,0,38
1,2825,453.606445,-0.719501972198486,-0.00193428993225098,0,0,0,0,0,38
1,2826,453.766445,-0.721654772758484,-0.00195143779274076,0,0,0,0,0,38
1,2827,453.926445,-0.721868097782135,-0.00192141928710043,0,0,0,0,0,38
1,2828,454.086445,-0.723962724208832,-0.00192775740288198,0,0,0,0,0,38
1,2829,454.246445,-0.724137306213379,-0.00189003976993263,0,0,0,0,0,38
1,2830,454.406445,-0.727046489715576,-0.00191815302241594,0,0,0,0,0,38
1,2831,454.566445,-0.727667152881622,-0.00189447251614183,0,0,0,0,0,38
1,2832,454.726445,-0.728966593742371,-0.00188498478382826,0,0,0,0,0,38
1,2833,454.886445,-0.730712115764618,-0.00188164075370878,0,0,0,0,0,38
1,2834,455.046445,-0.732748568058014,-0.00189303373917937,0,0,0,0,0,38
1,2835,455.206445,-0.734707415103912,-0.00189517240505666,0,0,0,0,0,38
1,2836,455.366445,-0.736899018287659,-0.00191064830869436,0,0,0,0,0,38
1,2837,455.526445,-0.737325727939606,-0.00187915214337409,0,0,0,0,0,38
1,2838,455.686445,-0.737771809101105,-0.00185271084774286,0,0,0,0,0,38
1,2839,455.846445,-0.74248468875885,-0.00191823078785092,0,0,0,0,0,38
1,2840,456.006445,-0.743144094944,-0.00190007186029106,0,0,0,0,0,38
1,2841,456.166445,-0.744133234024048,-0.00187720789108425,0,0,0,0,0,38
1,2842,456.326445,-0.744676291942596,-0.00185337197035551,0,0,0,0,0,38
1,2843,456.486445,-0.748884975910187,-0.00191006506793201,0,0,0,0,0,38
1,2844,456.646445,-0.74871039390564,-0.00186344294343144,0,0,0,0,0,38
1,2845,456.806445,-0.750475347042084,-0.00187024765182287,0,0,0,0,0,38
1,2846,456.966445,-0.752569973468781,-0.00187506934162229,0,0,0,0,0,38
1,2847,457.126445,-0.75433486700058,-0.00187530263792723,0,0,0,0,0,38
1,2848,457.286445,-0.75408273935318,-0.00183494086377323,0,0,0,0,0,38
1,2849,457.446445,-0.756817400455475,-0.00185442180372775,0,0,0,0,0,38
1,2850,457.606445,-0.759105980396271,-0.00186978105921298,0,0,0,0,0,38
1,2851,457.766445,-0.762344896793365,-0.00190061621833593,0,0,0,0,0,38
1,2852,457.926445,-0.763799488544464,-0.00190014962572604,0,0,0,0,0,38
1,2853,458.086445,-0.763140082359314,-0.0018440397689119,0,0,0,0,0,38
1,2854,458.246445,-0.765254080295563,-0.00185648270417005,0,0,0,0,0,38
1,2855,458.406445,-0.769598543643951,-0.00190874305553734,0,0,0,0,0,38
1,2856,458.566445,-0.768299043178558,-0.00184800592251122,0,0,0,0,0,38
1,2857,458.726445,-0.768434822559357,-0.00182004820089787,0,0,0,0,0,38
1,2858,458.886445,-0.771382808685303,-0.00183459080290049,0,0,0,0,0,38
1,2859,459.046445,-0.774001121520996,-0.00185939902439713,0,0,0,0,0,38
1,2860,459.206445,-0.774757504463196,-0.0018366517033428,0,0,0,0,0,38
1,2861,459.366445,-0.77824854850769,-0.00187814119271934,0,0,0,0,0,38
1,2862,459.526445,-0.77702671289444,-0.00181231019087136,0,0,0,0,0,38
1,2863,459.686445,-0.779237687587738,-0.00182475312612951,0,0,0,0,0,38
1,2864,459.846445,-0.782049894332886,-0.00185216648969799,0,0,0,0,0,38
1,2865,460.006445,-0.782476603984833,-0.00182051479350775,0,0,0,0,0,38
1,2866,460.166445,-0.784900963306427,-0.00183824601117522,0,0,0,0,0,38
1,2867,460.326445,-0.787286520004272,-0.00185675488319248,0,0,0,0,0,38
1,2868,460.486445,-0.788392007350922,-0.00184295093640685,0,0,0,0,0,38
1,2869,460.646445,-0.788488984107971,-0.00180919945705682,0,0,0,0,0,38
1,2870,460.806445,-0.792736411094666,-0.00186274305451661,0,0,0,0,0,38
1,2871,460.966445,-0.791960597038269,-0.00181231019087136,0,0,0,0,0,38
1,2872,461.126445,-0.794210433959961,-0.00181962049100548,0,0,0,0,0,38
1,2873,461.286445,-0.798050582408905,-0.0018684200476855,0,0,0,0,0,38
1,2874,461.446445,-0.799097895622253,-0.00186095433309674,0,0,0,0,0,38
1,2875,461.606445,-0.796595931053162,-0.00176222738809884,0,0,0,0,0,38
1,2876,461.766445,-0.800823986530304,-0.00182086473796517,0,0,0,0,0,38
1,2877,461.926445,-0.803539276123047,-0.00183785718400031,0,0,0,0,0,38
1,2878,462.086445,-0.804353833198547,-0.00182693067472428,0,0,0,0,0,38
1,2879,462.246445,-0.806390285491943,-0.00183198566082865,0,0,0,0,0,38
1,2880,462.406445,-0.806603610515594,-0.00180674972943962,0,0,0,0,0,38
1,2881,462.566445,-0.80858188867569,-0.00180041161365807,0,0,0,0,0,38
1,2882,462.726445,-0.811335921287537,-0.00183175236452371,0,0,0,0,0,38
1,2883,462.886445,-0.811238944530487,-0.00179158488754183,0,0,0,0,0,38
1,2884,463.046445,-0.814633071422577,-0.00183097459375858,0,0,0,0,0,38
1,2885,463.206445,-0.816087663173676,-0.00182416988536716,0,0,0,0,0,38
1,2886,463.366445,-0.815544605255127,-0.0017827971605584,0,0,0,0,0,38
1,2887,463.526445,-0.816494941711426,-0.00176436605397612,0,0,0,0,0,38
1,2888,463.686445,-0.818608939647675,-0.00177478697150946,0,0,0,0,0,38
1,2889,463.846445,-0.820936322212219,-0.00178306933958083,0,0,0,0,0,38
1,2890,464.006445,-0.823981285095215,-0.0018154209246859,0,0,0,0,0,38
1,2891,464.166445,-0.825397133827209,-0.00181549869012088,0,0,0,0,0,38
1,2892,464.326445,-0.82702624797821,-0.00181701523251832,0,0,0,0,0,38
1,2893,464.486445,-0.829179108142853,-0.00182638631667942,0,0,0,0,0,38
1,2894,464.646445,-0.829683363437653,-0.00179982837289572,0,0,0,0,0,38
1,2895,464.806445,-0.830847024917603,-0.00179045728873461,0,0,0,0,0,38
1,2896,464.966445,-0.831525862216949,-0.00176253844983876,0,0,0,0,0,38
1,2897,465.126445,-0.833562314510345,-0.00177089858334512,0,0,0,0,0,38
1,2898,465.286445,-0.835230231285095,-0.00177478697150946,0,0,0,0,0,38
1,2899,465.446445,-0.836839973926544,-0.00177334831096232,0,0,0,0,0,38
1,2900,465.606445,-0.838100671768188,-0.00176704907789826,0,0,0,0,0,38
1,2901,465.766445,-0.840777099132538,-0.00179197383113205,0,0,0,0,0,38
1,2902,465.926445,-0.842057168483734,-0.00177642016205937,0,0,0,0,0,38
1,2903,466.086445,-0.84318208694458,-0.00176211073994637,0,0,0,0,0,38
1,2904,466.246445,-0.845199108123779,-0.00177249277476221,0,0,0,0,0,38
1,2905,466.406445,-0.848457455635071,-0.00181192136369646,0,0,0,0,0,38
1,2906,466.566445,-0.849000453948975,-0.00178271939512342,0,0,0,0,0,38
1,2907,466.726445,-0.848942279815674,-0.00175211753230542,0,0,0,0,0,38
1,2908,466.886445,-0.851521790027618,-0.0017763035139069,0,0,0,0,0,38
1,2909,467.046445,-0.854004323482513,-0.00180048937909305,0,0,0,0,0,38
1,2910,467.206445,-0.855652868747711,-0.00179290701635182,0,0,0,0,0,38
1,2911,467.366445,-0.857689321041107,-0.00180282245855778,0,0,0,0,0,38
1,2912,467.526445,-0.856583833694458,-0.00174803461413831,0,0,0,0,0,38
1,2913,467.686445,-0.859919726848602,-0.00177937536500394,0,0,0,0,0,38
1,2914,467.846445,-0.863294363021851,-0.00181545980740339,0,0,0,0,0,38
1,2915,468.006445,-0.86172342300415,-0.00175250635948032,0,0,0,0,0,38
1,2916,468.166445,-0.865136861801147,-0.00179442344233394,0,0,0,0,0,38
1,2917,468.326445,-0.866669058799744,-0.00178338040132076,0,0,0,0,0,38
1,2918,468.486445,-0.867270290851593,-0.0017615663819015,0,0,0,0,0,38
1,2919,468.646445,-0.8618203997612,-0.00161166780162603,0,0,0,0,0,38
1,2920,468.806445,-0.871944427490234,-0.00179002957884222,0,0,0,0,0,38
1,2921,468.966445,-0.874446332454681,-0.00181623757816851,0,0,0,0,0,38
1,2922,469.126445,-0.875202715396881,-0.00179329584352672,0,0,0,0,0,38
1,2923,469.286445,-0.876056134700775,-0.00178551906719804,0,0,0,0,0,38
1,2924,469.446445,-0.877510726451874,-0.00177513691596687,0,0,0,0,0,38
1,2925,469.606445,-0.87985748052597,-0.00179901183582842,0,0,0,0,0,38
1,2926,469.766445,-0.881661176681519,-0.00180146156344563,0,0,0,0,0,38
1,2927,469.926445,-0.881971478462219,-0.00176883768290281,0,0,0,0,0,38
1,2928,470.086445,-0.882650315761566,-0.00174465170130134,0,0,0,0,0,38
1,2929,470.246445,-0.87995445728302,-0.00165183516219258,0,0,0,0,0,38
1,2930,470.406445,-0.888623893260956,-0.00180573877878487,0,0,0,0,0,38
1,2931,470.566445,-0.890466392040253,-0.00181231019087136,0,0,0,0,0,38
1,2932,470.726445,-0.888585090637207,-0.00173228653147817,0,0,0,0,0,38
1,2933,470.886445,-0.891862809658051,-0.0017721428303048,0,0,0,0,0,38
1,2934,471.046445,-0.893007099628448,-0.00176611577626318,0,0,0,0,0,38
1,2935,471.206445,-0.895489633083344,-0.00178015301935375,0,0,0,0,0,38
1,2936,471.366445,-0.897351503372192,-0.00178901862818748,0,0,0,0,0,38
1,2937,471.526445,-0.897351503372192,-0.00175227306317538,0,0,0,0,0,38
1,2938,471.686445,-0.901657164096832,-0.00180387229193002,0,0,0,0,0,38
1,2939,471.846445,-0.901269257068634,-0.00176794338040054,0,0,0,0,0,38
1,2940,472.006445,-0.904294788837433,-0.00179706758353859,0,0,0,0,0,38
1,2941,472.166445,-0.902995347976685,-0.00173271424137056,0,0,0,0,0,38
1,2942,472.326445,-0.906331241130829,-0.00177144294138998,0,0,0,0,0,38
1,2943,472.486445,-0.907359182834625,-0.00175452826078981,0,0,0,0,0,38
1,2944,472.646445,-0.910326600074768,-0.00178450800012797,0,0,0,0,0,38
1,2945,472.806445,-0.909822285175323,-0.00174325192347169,0,0,0,0,0,38
1,2946,472.966445,-0.922293126583099,-0.00197566277347505,0,0,0,0,0,38
1,2947,473.126445,-0.912983655929565,-0.00174313527531922,0,0,0,0,0,38
1,2948,473.286445,-0.915175259113312,-0.00175472279079258,0,0,0,0,0,38
1,2949,473.446445,-0.917851746082306,-0.00176704907789826,0,0,0,0,0,38
1,2950,473.606445,-0.919500291347504,-0.00177019869443029,0,0,0,0,0,38
1,2951,473.766445,-0.920877277851105,-0.0017635494004935,0,0,0,0,0,38
1,2952,473.926445,-0.921769440174103,-0.00174978445284069,0,0,0,0,0,38
1,2953,474.086445,-0.92401921749115,-0.00176129420287907,0,0,0,0,0,38
1,2954,474.246445,-0.925764739513397,-0.00175818346906453,0,0,0,0,0,38
1,2955,474.406445,-0.927878797054291,-0.00176697119604796,0,0,0,0,0,38
1,2956,474.566445,-0.929217040538788,-0.00176370493136346,0,0,0,0,0,38
1,2957,474.726445,-0.930458307266235,-0.00175798905547708,0,0,0,0,0,38
1,2958,474.886445,-0.932494759559631,-0.00176654348615557,0,0,0,0,0,38
1,2959,475.046445,-0.934938490390778,-0.00178170832805336,0,0,0,0,0,38
1,2960,475.206445,-0.93495786190033,-0.00174577941652387,0,0,0,0,0,38
1,2961,475.366445,-0.93577241897583,-0.00172194337937981,0,0,0,0,0,38
1,2962,475.526445,-0.939205288887024,-0.00175445049535483,0,0,0,0,0,38
1,2963,475.686445,-0.939205288887024,-0.00172353757079691,0,0,0,0,0,38
1,2964,475.846445,-0.94124174118042,-0.00172361533623189,0,0,0,0,0,38
1,2965,476.006445,-0.941978752613068,-0.00170829496346414,0,0,0,0,0,38
1,2966,476.166445,-0.94579952955246,-0.00174651818815619,0,0,0,0,0,38
1,2967,476.326445,-0.946846842765808,-0.00173648609779775,0,0,0,0,0,38
1,2968,476.486445,-0.949096620082855,-0.00175021216273308,0,0,0,0,0,38
1,2969,476.646445,-0.949077188968658,-0.00171354436315596,0,0,0,0,0,38
1,2970,476.806445,-0.951443374156952,-0.00172944797668606,0,0,0,0,0,38
1,2971,476.966445,-0.953634977340698,-0.00173843023367226,0,0,0,0,0,38
1,2972,477.126445,-0.954779267311096,-0.00172559847123921,0,0,0,0,0,38
1,2973,477.286445,-0.954779267311096,-0.00168826966546476,0,0,0,0,0,38
1,2974,477.446445,-0.957261800765991,-0.00170141248963773,0,0,0,0,0,38
1,2975,477.606445,-0.95922064781189,-0.00171323330141604,0,0,0,0,0,38
1,2976,477.766445,-0.962382018566132,-0.00173792475834489,0,0,0,0,0,38
1,2977,477.926445,-0.962013483047485,-0.00170405663084239,0,0,0,0,0,38
1,2978,478.086445,-0.964011132717133,-0.00171206681989133,0,0,0,0,0,38
1,2979,478.246445,-0.964224517345428,-0.00168123166076839,0,0,0,0,0,38
1,2980,478.406445,-0.968355536460876,-0.00173745816573501,0,0,0,0,0,38
1,2981,478.566445,-0.968200385570526,-0.00169666868168861,0,0,0,0,0,38
1,2982,478.726445,-0.969325304031372,-0.00168819190002978,0,0,0,0,0,38
1,2983,478.886445,-0.973883032798767,-0.00175779464188963,0,0,0,0,0,38
1,2984,479.046445,-0.972699999809265,-0.00169752410147339,0,0,0,0,0,38
1,2985,479.206445,-0.974736452102661,-0.00170740066096187,0,0,0,0,0,38
1,2986,479.366445,-0.97553163766861,-0.00169647426810116,0,0,0,0,0,38
1,2987,479.526445,-0.978052914142609,-0.00171366101130843,0,0,0,0,0,38
1,2988,479.686445,-0.981776714324951,-0.00175098981708288,0,0,0,0,0,38
1,2989,479.846445,-0.983851969242096,-0.00176191632635891,0,0,0,0,0,38
1,2990,480.006445,-0.982591271400452,-0.00170425104442984,0,0,0,0,0,38
1,2991,480.166445,-0.983696758747101,-0.00169114710297436,0,0,0,0,0,38
1,2992,480.326445,-0.986004769802094,-0.00170110142789781,0,0,0,0,0,38
1,2993,480.486445,-0.986043572425842,-0.00167679879814386,0,0,0,0,0,38
1,2994,480.646445,-0.990853428840637,-0.0017366805113852,0,0,0,0,0,38
1,2995,480.806445,-0.991183161735535,-0.00171121128369123,0,0,0,0,0,38
1,2996,480.966445,-0.991163730621338,-0.0016766432672739,0,0,0,0,0,38
1,2997,481.126445,-0.993355333805084,-0.00168978609144688,0,0,0,0,0,38
1,2998,481.286445,-0.994111716747284,-0.00167291040997952,0,0,0,0,0,38
1,2999,481.446445,-0.995954215526581,-0.00167462124954909,0,0,0,0,0,38
1,3000,481.606445,-0.998572528362274,-0.00170106254518032,0,0,0,0,0,38
2,3001,481.766445,-0.997835516929626,-0.00168791972100735,0,0,0,0,0,38
2,3002,481.926445,-0.997641563415527,-0.00169701862614602,0,0,0,0,0,38
2,3003,482.086445,-0.996923983097076,-0.00170522311236709,0,0,0,0,0,38
2,3004,482.246445,-0.996555507183075,-0.00172750384081155,0,0,0,0,0,38
2,3005,482.406445,-0.993626892566681,-0.00168255367316306,0,0,0,0,0,38
2,3006,482.566445,-0.989457011222839,-0.00162309978622943,0,0,0,0,0,38
2,3007,482.726445,-0.98804122209549,-0.00161781150382012,0,0,0,0,0,38
2,3008,482.886445,-0.986780524253845,-0.00160941248759627,0,0,0,0,0,38
2,3009,483.046445,-0.983405888080597,-0.00156531785614789,0,0,0,0,0,38
2,3010,483.206445,-0.982843399047852,-0.00157056725583971,0,0,0,0,0,38
2,3011,483.366445,-0.982804656028748,-0.00159903045278043,0,0,0,0,0,38
2,3012,483.526445,-0.979255378246307,-0.00154797546565533,0,0,0,0,0,38
2,3013,483.686445,-0.977180182933807,-0.00152845564298332,0,0,0,0,0,38
2,3014,483.846445,-0.978072345256805,-0.00157348357606679,0,0,0,0,0,38
2,3015,484.006445,-0.975803136825562,-0.00155100843403488,0,0,0,0,0,38
2,3016,484.166445,-0.973533928394318,-0.00152347842231393,0,0,0,0,0,38
2,3017,484.326445,-0.972409069538116,-0.00152168981730938,0,0,0,0,0,38
2,3018,484.486445,-0.97163325548172,-0.00153389945626259,0,0,0,0,0,38
2,3019,484.646445,-0.96955806016922,-0.0015089747030288,0,0,0,0,0,38
2,3020,484.806445,-0.969286501407623,-0.00153743789996952,0,0,0,0,0,38
2,3021,484.966445,-0.964476644992828,-0.00146351906005293,0,0,0,0,0,38
2,3022,485.126445,-0.969402849674225,-0.00159782497212291,0,0,0,0,0,38
2,3023,485.286445,-0.961295902729034,-0.00146620208397508,0,0,0,0,0,38
2,3024,485.446445,-0.961935937404633,-0.00150042015593499,0,0,0,0,0,38
2,3025,485.606445,-0.959046125411987,-0.00147211248986423,0,0,0,0,0,38
2,3026,485.766445,-0.958270311355591,-0.00147942267358303,0,0,0,0,0,38
2,3027,485.926445,-0.956485986709595,-0.00146985717583448,0,0,0,0,0,38
2,3028,486.086445,-0.954779267311096,-0.00146029167808592,0,0,0,0,0,38
2,3029,486.246445,-0.9540034532547,-0.00147012935485691,0,0,0,0,0,38
2,3030,486.406445,-0.953305244445801,-0.00148739397991449,0,0,0,0,0,38
2,3031,486.566445,-0.948553562164307,-0.00142269069328904,0,0,0,0,0,38
2,3032,486.726445,-0.949232399463654,-0.00145951402373612,0,0,0,0,0,38
2,3033,486.886445,-0.946245610713959,-0.00142424600198865,0,0,0,0,0,38
2,3034,487.046445,-0.946323156356812,-0.0014513871865347,0,0,0,0,0,38
2,3035,487.206445,-0.943860054016113,-0.00142895104363561,0,0,0,0,0,38
2,3036,487.366445,-0.941939949989319,-0.00141662475652993,0,0,0,0,0,38
2,3037,487.526445,-0.940369009971619,-0.00141565257217735,0,0,0,0,0,38
2,3038,487.686445,-0.938798010349274,-0.00141226965934038,0,0,0,0,0,38
2,3039,487.846445,-0.937401592731476,-0.00141207524575293,0,0,0,0,0,38
2,3040,488.006445,-0.936102151870728,-0.00141176418401301,0,0,0,0,0,38
2,3041,488.166445,-0.93470573425293,-0.00140740920323879,0,0,0,0,0,38
2,3042,488.326445,-0.932514131069183,-0.00139368302188814,0,0,0,0,0,38
2,3043,488.486445,-0.931680142879486,-0.001403987291269,0,0,0,0,0,38
2,3044,488.646445,-0.930438876152039,-0.00140993657987565,0,0,0,0,0,38
2,3045,488.806445,-0.927607238292694,-0.00137766276020557,0,0,0,0,0,38
2,3046,488.966445,-0.925144135951996,-0.00134884961880744,0,0,0,0,0,38
2,3047,489.126445,-0.925241112709045,-0.00138298992533237,0,0,0,0,0,38
2,3048,489.286445,-0.922913730144501,-0.00137066363822669,0,0,0,0,0,38
2,3049,489.446445,-0.9231076836586,-0.00139469397254288,0,0,0,0,0,38
2,3050,489.606445,-0.921769440174103,-0.0013951217988506,0,0,0,0,0,38
2,3051,489.766445,-0.921148836612701,-0.00141557480674237,0,0,0,0,0,38
2,3052,489.926445,-0.915776491165161,-0.00133228488266468,0,0,0,0,0,38
2,3053,490.086445,-0.916338920593262,-0.00136335333809257,0,0,0,0,0,38
2,3054,490.246445,-0.913604259490967,-0.00133667886257172,0,0,0,0,0,38
2,3055,490.406445,-0.911800563335419,-0.00132929079700261,0,0,0,0,0,38
2,3056,490.566445,-0.908348321914673,-0.00129297294188291,0,0,0,0,0,38
2,3057,490.726445,-0.907204031944275,-0.00129277852829546,0,0,0,0,0,38
2,3058,490.886445,-0.906544625759125,-0.00131233735010028,0,0,0,0,0,38
2,3059,491.046445,-0.904779672622681,-0.00130623253062367,0,0,0,0,0,38
2,3060,491.206445,-0.903034150600433,-0.00130090536549687,0,0,0,0,0,38
2,3061,491.366445,-0.901133477687836,-0.0012857016408816,0,0,0,0,0,38
2,3062,491.526445,-0.902937173843384,-0.00135067710652947,0,0,0,0,0,38
2,3063,491.686445,-0.899523735046387,-0.00131000427063555,0,0,0,0,0,38
2,3064,491.846445,-0.89742910861969,-0.00130164413712919,0,0,0,0,0,38
2,3065,492.006445,-0.896808445453644,-0.00131673121359199,0,0,0,0,0,38
2,3066,492.166445,-0.893026471138,-0.00126734829973429,0,0,0,0,0,38
2,3067,492.326445,-0.893026471138,-0.0012930118246004,0,0,0,0,0,38
2,3068,492.486445,-0.890640914440155,-0.00127691379748285,0,0,0,0,0,38
2,3069,492.646445,-0.889593601226807,-0.00128566275816411,0,0,0,0,0,38
2,3070,492.806445,-0.886548638343811,-0.0012526111677289,0,0,0,0,0,38
2,3071,492.966445,-0.885637104511261,-0.00126579299103469,0,0,0,0,0,38
2,3072,493.126445,-0.884570419788361,-0.00126859254669398,0,0,0,0,0,38
2,3073,493.286445,-0.882243037223816,-0.00125408882740885,0,0,0,0,0,38
2,3074,493.446445,-0.881292700767517,-0.00125712179578841,0,0,0,0,0,38
2,3075,493.606445,-0.879275619983673,-0.00124257907737046,0,0,0,0,0,38
2,3076,493.766445,-0.877297401428223,-0.0012370963813737,0,0,0,0,0,38
2,3077,493.926445,-0.877646505832672,-0.0012694092001766,0,0,0,0,0,38
2,3078,494.086445,-0.877258598804474,-0.00129025103524327,0,0,0,0,0,38
2,3079,494.246445,-0.87367057800293,-0.00123962387442589,0,0,0,0,0,38
2,3080,494.406445,-0.87357360124588,-0.00126470415852964,0,0,0,0,0,38
2,3081,494.566445,-0.871168613433838,-0.00125280558131635,0,0,0,0,0,38
2,3082,494.726445,-0.870160102844238,-0.00125824939459562,0,0,0,0,0,38
2,3083,494.886445,-0.865098118782043,-0.00119094084948301,0,0,0,0,0,38
2,3084,495.046445,-0.863274991512299,-0.00119148520752788,0,0,0,0,0,38
2,3085,495.206445,-0.86273193359375,-0.00120548356790096,0,0,0,0,0,38
2,3086,495.366445,-0.862906515598297,-0.00123845739290118,0,0,0,0,0,38
2,3087,495.526445,-0.860656678676605,-0.0012240702053532,0,0,0,0,0,38
2,3088,495.686445,-0.857534170150757,-0.00119638466276228,0,0,0,0,0,38
2,3089,495.846445,-0.859182715415955,-0.00125451653730124,0,0,0,0,0,38
2,3090,496.006445,-0.856797158718109,-0.00123834074474871,0,0,0,0,0,38
2,3091,496.166445,-0.854198276996613,-0.00121259933803231,0,0,0,0,0,38
2,3092,496.326445,-0.851463615894318,-0.00119039649143815,0,0,0,0,0,38
2,3093,496.486445,-0.850998163223267,-0.0012122105108574,0,0,0,0,0,38
2,3094,496.646445,-0.847759246826172,-0.00117138214409351,0,0,0,0,0,38
2,3095,496.806445,-0.845955491065979,-0.00117694097571075,0,0,0,0,0,38
2,3096,496.966445,-0.846459746360779,-0.00120966439135373,0,0,0,0,0,38
2,3097,497.126445,-0.845955491065979,-0.00123212952166796,0,0,0,0,0,38
2,3098,497.286445,-0.84384149312973,-0.00121978239621967,0,0,0,0,0,38
2,3099,497.446445,-0.840001344680786,-0.00117419066373259,0,0,0,0,0,38
2,3100,497.606445,-0.836393892765045,-0.00113467907067388,0,0,0,0,0,38
2,3101,497.766445,-0.836723625659943,-0.00116625102236867,0,0,0,0,0,38
2,3102,497.926445,-0.838100671768188,-0.00122107786592096,0,0,0,0,0,38
2,3103,498.086445,-0.835055708885193,-0.00119025667663664,0,0,0,0,0,38
2,3104,498.246445,-0.832476198673248,-0.00116537569556385,0,0,0,0,0,38
2,3105,498.406445,-0.8306725025177,-0.0011559734120965,0,0,0,0,0,38
2,3106,498.566445,-0.83158403635025,-0.0012027322081849,0,0,0,0,0,38
2,3107,498.726445,-0.828907549381256,-0.0011849116999656,0,0,0,0,0,38
2,3108,498.886445,-0.824718296527863,-0.00113243842497468,0,0,0,0,0,38
2,3109,499.046445,-0.825668632984161,-0.00118377199396491,0,0,0,0,0,38
2,3110,499.206445,-0.826037168502808,-0.00121541391126812,0,0,0,0,0,38
2,3111,499.366445,-0.820160567760468,-0.00112530787009746,0,0,0,0,0,38
2,3112,499.526445,-0.821576356887817,-0.00118023972027004,0,0,0,0,0,38
2,3113,499.686445,-0.81992781162262,-0.00118209922220558,0,0,0,0,0,38
2,3114,499.846445,-0.81866717338562,-0.00119263748638332,0,0,0,0,0,38
2,3115,500.006445,-0.813469350337982,-0.00111410836689174,0,0,0,0,0,38
2,3116,500.166445,-0.817600429058075,-0.00122336915228516,0,0,0,0,0,38
2,3117,500.326445,-0.809590399265289,-0.00109668460208923,0,0,0,0,0,38
2,3118,500.486445,-0.810327410697937,-0.00115097849629819,0,0,0,0,0,38
2,3119,500.646445,-0.810831665992737,-0.00118719518650323,0,0,0,0,0,38
2,3120,500.806445,-0.80716609954834,-0.0011585836764425,0,0,0,0,0,38
2,3121,500.966445,-0.806836366653442,-0.0011737939203158,0,0,0,0,0,38
2,3122,501.126445,-0.80873703956604,-0.00124655792023987,0,0,0,0,0,38
2,3123,501.286445,-0.805323600769043,-0.00121244182810187,0,0,0,0,0,38
2,3124,501.446445,-0.800746440887451,-0.00116527848877013,0,0,0,0,0,38
2,3125,501.606445,-0.801502823829651,-0.00121171830687672,0,0,0,0,0,38
2,3126,501.766445,-0.798031151294708,-0.00119248568080366,0,0,0,0,0,38
2,3127,501.926445,-0.796712338924408,-0.00119636417366564,0,0,0,0,0,38
2,3128,502.086445,-0.797352373600006,-0.00123407458886504,0,0,0,0,0,38
2,3129,502.246445,-0.794326782226563,-0.00120819779112935,0,0,0,0,0,38
2,3130,502.406445,-0.79465651512146,-0.00124624278396368,0,0,0,0,0,38
2,3131,502.566445,-0.789633274078369,-0.00117368495557457,0,0,0,0,0,38
2,3132,502.726445,-0.78928416967392,-0.00120359193533659,0,0,0,0,0,38
2,3133,502.886445,-0.784920334815979,-0.00114581256639212,0,0,0,0,0,38
2,3134,503.046445,-0.785870671272278,-0.0011981496354565,0,0,0,0,0,38
2,3135,503.206445,-0.782515406608582,-0.00117052625864744,0,0,0,0,0,38
2,3136,503.366445,-0.780265629291534,-0.00115875480696559,0,0,0,0,0,38
2,3137,503.526445,-0.780672907829285,-0.00118962652049959,0,0,0,0,0,38
2,3138,503.686445,-0.776600003242493,-0.00114775367546827,0,0,0,0,0,38
2,3139,503.846445,-0.775591492652893,-0.00116172689013183,0,0,0,0,0,38
2,3140,504.006445,-0.773807168006897,-0.0011595250107348,0,0,0,0,0,38
2,3141,504.166445,-0.771363437175751,-0.00114062312059104,0,0,0,0,0,38
2,3142,504.326445,-0.770432472229004,-0.00114680454134941,0,0,0,0,0,38
2,3143,504.486445,-0.770160973072052,-0.00117843865882605,0,0,0,0,0,38
2,3144,504.646445,-0.766553521156311,-0.00113833579234779,0,0,0,0,0,38
2,3145,504.806445,-0.766766905784607,-0.00117260741535574,0,0,0,0,0,38
2,3146,504.966445,-0.765641987323761,-0.00118004914838821,0,0,0,0,0,38
2,3147,505.126445,-0.766301393508911,-0.00122451665811241,0,0,0,0,0,38
2,3148,505.286445,-0.762150943279266,-0.00117141311056912,0,0,0,0,0,38
2,3149,505.446445,-0.761569082736969,-0.00118659611325711,0,0,0,0,0,38
2,3150,505.606445,-0.764323174953461,-0.0012742435792461,0,0,0,0,0,38
2,3151,505.766445,-0.75986236333847,-0.0012146164663136,0,0,0,0,0,38
2,3152,505.926445,-0.758970201015472,-0.00122900190763175,0,0,0,0,0,38
2,3153,506.086445,-0.754974901676178,-0.00118249596562237,0,0,0,0,0,38
2,3154,506.246445,-0.750630497932434,-0.00113013153895736,0,0,0,0,0,38
2,3155,506.406445,-0.751677811145782,-0.00117364607285708,0,0,0,0,0,38
2,3156,506.566445,-0.748884975910187,-0.00115082296542823,0,0,0,0,0,38
2,3157,506.726445,-0.748807370662689,-0.00118377199396491,0,0,0,0,0,38
2,3158,506.886445,-0.747023046016693,-0.00117792899254709,0,0,0,0,0,38
2,3159,507.046445,-0.745393931865692,-0.00117683981079608,0,0,0,0,0,38
2,3160,507.206445,-0.743415653705597,-0.00116856175009161,0,0,0,0,0,38
2,3161,507.366445,-0.742368340492249,-0.00118236371781677,0,0,0,0,0,38
2,3162,507.526445,-0.74147617816925,-0.00119162991177291,0,0,0,0,0,38
2,3163,507.686445,-0.739575505256653,-0.00118316896259785,0,0,0,0,0,38
2,3164,507.846445,-0.736317157745361,-0.00115498143713921,0,0,0,0,0,38
2,3165,508.006445,-0.737248122692108,-0.00120291509665549,0,0,0,0,0,38
2,3166,508.166445,-0.736530542373657,-0.00121532834600657,0,0,0,0,0,38
2,3167,508.326445,-0.731255173683167,-0.00113860808778554,0,0,0,0,0,38
2,3168,508.486445,-0.730750918388367,-0.00116953032556921,0,0,0,0,0,38
2,3169,508.646445,-0.72906357049942,-0.00116407650057226,0,0,0,0,0,38
2,3170,508.806445,-0.726678013801575,-0.00115106417797506,0,0,0,0,0,38
2,3171,508.966445,-0.728830814361572,-0.0012254697503522,0,0,0,0,0,38
2,3172,509.126445,-0.725902199745178,-0.00119935953989625,0,0,0,0,0,38
2,3173,509.286445,-0.720646262168884,-0.00112699612509459,0,0,0,0,0,38
2,3174,509.446445,-0.72353607416153,-0.00121134100481868,0,0,0,0,0,38
2,3175,509.606445,-0.716786682605743,-0.00110419641714543,0,0,0,0,0,38
2,3176,509.766445,-0.71822190284729,-0.00117209774907678,0,0,0,0,0,38
2,3177,509.926445,-0.715215742588043,-0.00114676950033754,0,0,0,0,0,38
2,3178,510.086445,-0.715157568454742,-0.00116953032556921,0,0,0,0,0,38
2,3179,510.246445,-0.710735559463501,-0.00111571489833295,0,0,0,0,0,38
2,3180,510.406445,-0.710483431816101,-0.00113325926940888,0,0,0,0,0,38
2,3181,510.566445,-0.70662385225296,-0.0010930901626125,0,0,0,0,0,38
2,3182,510.726445,-0.709377944469452,-0.00117849698290229,0,0,0,0,0,38
2,3183,510.886445,-0.70480078458786,-0.00111818127334118,0,0,0,0,0,38
2,3184,511.046445,-0.705731689929962,-0.00116659328341484,0,0,0,0,0,38
2,3185,511.206445,-0.703384935855865,-0.00115041062235832,0,0,0,0,0,38
2,3186,511.366445,-0.703190982341766,-0.00117643910925835,0,0,0,0,0,38
2,3187,511.526445,-0.700669705867767,-0.00115472078323364,0,0,0,0,0,38
2,3188,511.686445,-0.701232135295868,-0.00120398087892681,0,0,0,0,0,38
2,3189,511.846445,-0.697488963603973,-0.00116153236012906,0,0,0,0,0,38
2,3190,512.006445,-0.697178661823273,-0.00118917529471219,0,0,0,0,0,38
2,3191,512.166445,-0.697198033332825,-0.00122592097613961,0,0,0,0,0,38
2,3192,512.326445,-0.692407548427582,-0.00116394029464573,0,0,0,0,0,38
2,3193,512.486445,-0.689575910568237,-0.00113842135760933,0,0,0,0,0,38
2,3194,512.646445,-0.690293550491333,-0.00118131726048887,0,0,0,0,0,38
2,3195,512.806445,-0.690797805786133,-0.00122483179438859,0,0,0,0,0,38
2,3196,512.966445,-0.685677587985992,-0.00115190050564706,0,0,0,0,0,38
2,3197,513.126445,-0.684126019477844,-0.00115707819350064,0,0,0,0,0,38
2,3198,513.286445,-0.682787775993347,-0.00116232200525701,0,0,0,0,0,38
2,3199,513.446445,-0.6810422539711,-0.00115409842692316,0,0,0,0,0,38
2,3200,513.606445,-0.678036034107208,-0.00113225169479847,0,0,0,0,0,38
2,3201,513.766445,-0.678637325763702,-0.00117078679613769,0,0,0,0,0,38
2,3202,513.926445,-0.674215316772461,-0.00111836404539645,0,0,0,0,0,38
2,3203,514.086445,-0.674079537391663,-0.00114456773735583,0,0,0,0,0,38
2,3204,514.246445,-0.673187375068665,-0.00115156988613307,0,0,0,0,0,38
2,3205,514.406445,-0.671189725399017,-0.00114814657717943,0,0,0,0,0,38
2,3206,514.566445,-0.668358087539673,-0.00112088490277529,0,0,0,0,0,38
2,3207,514.726445,-0.67045271396637,-0.00118860730435699,0,0,0,0,0,38
2,3208,514.886445,-0.668649017810822,-0.00118532020132989,0,0,0,0,0,38
2,3209,515.046445,-0.662481486797333,-0.00109875423368067,0,0,0,0,0,38
2,3210,515.206445,-0.661938428878784,-0.00111901375930756,0,0,0,0,0,38
2,3211,515.366445,-0.664401590824127,-0.00119497149717063,0,0,0,0,0,38
2,3212,515.526445,-0.661356627941132,-0.00116431759670377,0,0,0,0,0,38
2,3213,515.686445,-0.658466815948486,-0.00114015629515052,0,0,0,0,0,38
2,3214,515.846445,-0.65784615278244,-0.00115859531797469,0,0,0,0,0,38
2,3215,516.006445,-0.655441224575043,-0.00113864312879741,0,0,0,0,0,38
2,3216,516.166445,-0.653404772281647,-0.00113235670141876,0,0,0,0,0,38
2,3217,516.326445,-0.653986632823944,-0.001173424301669,0,0,0,0,0,38
2,3218,516.486445,-0.654122352600098,-0.00120127340778708,0,0,0,0,0,38
2,3219,516.646445,-0.648556113243103,-0.00112133612856269,0,0,0,0,0,38
2,3220,516.806445,-0.648129403591156,-0.00114548963028938,0,0,0,0,0,38
2,3221,516.966445,-0.644192278385162,-0.00110366346780211,0,0,0,0,0,38
2,3222,517.126445,-0.643532872200012,-0.00111956615000963,0,0,0,0,0,38
2,3223,517.286445,-0.643668651580811,-0.00114924355875701,0,0,0,0,0,38
2,3224,517.446445,-0.643455266952515,-0.00117284862790257,0,0,0,0,0,38
2,3225,517.606445,-0.640584886074066,-0.00114689010661095,0,0,0,0,0,38
2,3226,517.766445,-0.639925420284271,-0.00117165828123689,0,0,0,0,0,38
2,3227,517.926445,-0.639673292636871,-0.0011935360962525,0,0,0,0,0,38
2,3228,518.086445,-0.638024747371674,-0.00119894719682634,0,0,0,0,0,38
2,3229,518.246445,-0.632710635662079,-0.00113061012234539,0,0,0,0,0,38
2,3230,518.406445,-0.631837844848633,-0.00113635568413883,0,0,0,0,0,38
2,3231,518.566445,-0.629316508769989,-0.00111948826815933,0,0,0,0,0,38
2,3232,518.726445,-0.629200160503387,-0.00114326062612236,0,0,0,0,0,38
2,3233,518.886445,-0.626504302024841,-0.00112012634053826,0,0,0,0,0,38
2,3234,519.046445,-0.624060571193695,-0.00110567070078105,0,0,0,0,0,38
2,3235,519.206445,-0.623110234737396,-0.00111877254676074,0,0,0,0,0,38
2,3236,519.366445,-0.621461689472198,-0.00111609231680632,0,0,0,0,0,38
2,3237,519.526445,-0.620123445987701,-0.00112265488132834,0,0,0,0,0,38
2,3238,519.686445,-0.620899260044098,-0.00116613041609526,0,0,0,0,0,38
2,3239,519.846445,-0.618552446365356,-0.00114901410415769,0,0,0,0,0,38
2,3240,520.006445,-0.615080833435059,-0.00111294514499605,0,0,0,0,0,38
2,3241,520.166445,-0.615332961082459,-0.00114774203393608,0,0,0,0,0,38
2,3242,520.326445,-0.613858938217163,-0.00115078792441636,0,0,0,0,0,38
2,3243,520.486445,-0.612132847309113,-0.00114871456753463,0,0,0,0,0,38
2,3244,520.646445,-0.608525395393372,-0.0011110701598227,0,0,0,0,0,38
2,3245,520.806445,-0.604743421077728,-0.00106577796395868,0,0,0,0,0,38
2,3246,520.966445,-0.608603000640869,-0.00116964313201606,0,0,0,0,0,38
2,3247,521.126445,-0.604976177215576,-0.00112767692189664,0,0,0,0,0,38
2,3248,521.286445,-0.600360214710236,-0.00106461485847831,0,0,0,0,0,38
2,3249,521.446445,-0.600980877876282,-0.00111461407504976,0,0,0,0,0,38
2,3250,521.606445,-0.600399017333984,-0.00113492808304727,0,0,0,0,0,38
2,3251,521.766445,-0.601194202899933,-0.00118114612996578,0,0,0,0,0,38
2,3252,521.926445,-0.596170961856842,-0.00112236314453185,0,0,0,0,0,38
2,3253,522.086445,-0.597916483879089,-0.00118411821313202,0,0,0,0,0,38
2,3254,522.246445,-0.595375776290894,-0.00116628990508616,0,0,0,0,0,38
2,3255,522.406445,-0.591361105442047,-0.00111773004755378,0,0,0,0,0,38
2,3256,522.566445,-0.588122189044952,-0.00108510383870453,0,0,0,0,0,38
2,3257,522.726445,-0.588820397853851,-0.0011322827776894,0,0,0,0,0,38
2,3258,522.886445,-0.586958467960358,-0.00111888151150197,0,0,0,0,0,38
2,3259,523.046445,-0.585018992424011,-0.00111655134242028,0,0,0,0,0,38
2,3260,523.206445,-0.585329294204712,-0.00115582556463778,0,0,0,0,0,38
2,3261,523.366445,-0.58430141210556,-0.00116883404552937,0,0,0,0,0,38
2,3262,523.526445,-0.57958847284317,-0.00110590807162225,0,0,0,0,0,38
2,3263,523.686445,-0.578579962253571,-0.00111658626701683,0,0,0,0,0,38
2,3264,523.846445,-0.579724252223969,-0.00117305864114314,0,0,0,0,0,38
2,3265,524.006445,-0.57751327753067,-0.00115762674249709,0,0,0,0,0,38
2,3266,524.166445,-0.573323965072632,-0.00110000290442258,0,0,0,0,0,38
2,3267,524.326445,-0.574177384376526,-0.0011479714885354,0,0,0,0,0,38
2,3268,524.486445,-0.571016013622284,-0.00111230334732682,0,0,0,0,0,38
2,3269,524.646445,-0.570434153079987,-0.001139992964454,0,0,0,0,0,38
2,3270,524.806445,-0.568397760391235,-0.00113283132668585,0,0,0,0,0,38
2,3271,524.966445,-0.568261981010437,-0.0011510563781485,0,0,0,0,0,38
2,3272,525.126445,-0.565527319908142,-0.00113199884071946,0,0,0,0,0,38
2,3273,525.286445,-0.563684821128845,-0.00112894515041262,0,0,0,0,0,38
2,3274,525.446445,-0.562482357025146,-0.0011313142022118,0,0,0,0,0,38
2,3275,525.606445,-0.559359788894653,-0.00110453483648598,0,0,0,0,0,38
2,3276,525.766445,-0.559088289737701,-0.00112094706855714,0,0,0,0,0,38
2,3277,525.926445,-0.555616617202759,-0.00108150555752218,0,0,0,0,0,38
2,3278,526.086445,-0.553114712238312,-0.00106635759584606,0,0,0,0,0,38
2,3279,526.246445,-0.552649199962616,-0.00109007535502315,0,0,0,0,0,38
2,3280,526.406445,-0.551950991153717,-0.0010972487507388,0,0,0,0,0,38
2,3281,526.566445,-0.547470808029175,-0.00104539783205837,0,0,0,0,0,38
2,3282,526.726445,-0.548304796218872,-0.0010928763076663,0,0,0,0,0,38
2,3283,526.886445,-0.547121703624725,-0.00110340677201748,0,0,0,0,0,38
2,3284,527.046445,-0.546442925930023,-0.00111620512325317,0,0,0,0,0,38
2,3285,527.206445,-0.540721476078033,-0.0010307205375284,0,0,0,0,0,38
2,3286,527.366445,-0.544037997722626,-0.00112728797830641,0,0,0,0,0,38
2,3287,527.526445,-0.538626849651337,-0.00104669714346528,0,0,0,0,0,38
2,3288,527.686445,-0.536881327629089,-0.00104579457547516,0,0,0,0,0,38
2,3289,527.846445,-0.535504281520844,-0.00104972743429244,0,0,0,0,0,38
2,3290,528.006445,-0.534379422664642,-0.00105819222517312,0,0,0,0,0,38
2,3291,528.166445,-0.53181928396225,-0.00103263836354017,0,0,0,0,0,38
2,3292,528.326445,-0.532789051532745,-0.00108345062471926,0,0,0,0,0,38
2,3293,528.486445,-0.529821634292603,-0.00105715752579272,0,0,0,0,0,38
2,3294,528.646445,-0.532304167747498,-0.00112432369496673,0,0,0,0,0,38
2,3295,528.806445,-0.529026448726654,-0.0011040213285014,0,0,0,0,0,38
2,3296,528.966445,-0.525632381439209,-0.00105786556378007,0,0,0,0,0,38
2,3297,529.126445,-0.526485741138458,-0.00110691948793828,0,0,0,0,0,38
2,3298,529.286445,-0.526776671409607,-0.00113574496936053,0,0,0,0,0,38
2,3299,529.446445,-0.521540105342865,-0.00106876168865711,0,0,0,0,0,38
2,3300,529.606445,-0.519367873668671,-0.00104991416446865,0,0,0,0,0,38
2,3301,529.766445,-0.516904771327972,-0.00103746203240007,0,0,0,0,0,38
2,3302,529.926445,-0.517001748085022,-0.00106511660851538,0,0,0,0,0,38
2,3303,530.086445,-0.514674365520477,-0.0010495096212253,0,0,0,0,0,38
2,3304,530.246445,-0.512734889984131,-0.00104269420262426,0,0,0,0,0,38
2,3305,530.406445,-0.511978507041931,-0.00106100866105407,0,0,0,0,0,38
2,3306,530.566445,-0.510776042938232,-0.00105685798916966,0,0,0,0,0,38
2,3307,530.726445,-0.508312880992889,-0.00104109535459429,0,0,0,0,0,38
2,3308,530.886445,-0.506082534790039,-0.00102822307962924,0,0,0,0,0,38
2,3309,531.046445,-0.505694627761841,-0.0010527967242524,0,0,0,0,0,38
2,3310,531.206445,-0.505810976028442,-0.00107672461308539,0,0,0,0,0,38
2,3311,531.366445,-0.499876201152802,-0.00099009252153337,0,0,0,0,0,38
2,3312,531.526445,-0.49836340546608,-0.000994340516626835,0,0,0,0,0,38
2,3313,531.686445,-0.499798625707626,-0.00104847096372396,0,0,0,0,0,38
2,3314,531.846445,-0.49685063958168,-0.00101551809348166,0,0,0,0,0,38
2,3315,532.006445,-0.496210604906082,-0.00103944598231465,0,0,0,0,0,38
2,3316,532.166445,-0.493825048208237,-0.00101554533466697,0,0,0,0,0,38
2,3317,532.326445,-0.492545008659363,-0.00102436798624694,0,0,0,0,0,38
2,3318,532.486445,-0.49097403883934,-0.00102177332155406,0,0,0,0,0,38
2,3319,532.646445,-0.485582292079926,-0.000941011297982186,0,0,0,0,0,38
2,3320,532.806445,-0.488685458898544,-0.00103722477797419,0,0,0,0,0,38
2,3321,532.966445,-0.485039234161377,-0.0009975575376302,0,0,0,0,0,38
2,3322,533.126445,-0.486125349998474,-0.00103963271249086,0,0,0,0,0,38
2,3323,533.286445,-0.481412440538406,-0.000985268736258149,0,0,0,0,0,38
2,3324,533.446445,-0.480248749256134,-0.000992722227238119,0,0,0,0,0,38
2,3325,533.606445,-0.478755354881287,-0.000980421784333885,0,0,0,0,0,38
2,3326,533.766445,-0.478852331638336,-0.00101998390164226,0,0,0,0,0,38
2,3327,533.926445,-0.47605949640274,-0.000989913591183722,0,0,0,0,0,38
2,3328,534.086445,-0.47384849190712,-0.000981911667622626,0,0,0,0,0,38
2,3329,534.246445,-0.475031584501266,-0.00103369646240026,0,0,0,0,0,38
2,3330,534.406445,-0.472801178693771,-0.0010205052094534,0,0,0,0,0,38
2,3331,534.566445,-0.471016854047775,-0.00101278338115662,0,0,0,0,0,38
2,3332,534.726445,-0.468301594257355,-0.000986999832093716,0,0,0,0,0,38
2,3333,534.886445,-0.470997482538223,-0.00107265566475689,0,0,0,0,0,38
2,3334,535.046445,-0.464228719472885,-0.00096311088418588,0,0,0,0,0,38
2,3335,535.206445,-0.463685661554337,-0.000975590257439762,0,0,0,0,0,38
2,3336,535.366445,-0.46225044131279,-0.000981195829808712,0,0,0,0,0,38
2,3337,535.526445,-0.460737675428391,-0.000983880017884076,0,0,0,0,0,38
2,3338,535.686445,-0.461106181144714,-0.00101871963124722,0,0,0,0,0,38
2,3339,535.846445,-0.456276893615723,-0.000949569512158632,0,0,0,0,0,38
2,3340,536.006445,-0.455442905426025,-0.000966705323662609,0,0,0,0,0,38
2,3341,536.166445,-0.452010035514832,-0.000922027684282511,0,0,0,0,0,38
2,3342,536.326445,-0.450574845075607,-0.000927061482798308,0,0,0,0,0,38
2,3343,536.486445,-0.452979773283005,-0.000996573362499475,0,0,0,0,0,38
2,3344,536.646445,-0.448557794094086,-0.000939700345043093,0,0,0,0,0,38
2,3345,536.806445,-0.447083801031113,-0.00093965366249904,0,0,0,0,0,38
2,3346,536.966445,-0.445687353610992,-0.000948639761190861,0,0,0,0,0,38
2,3347,537.126445,-0.445260673761368,-0.000966436869930476,0,0,0,0,0,38
2,3348,537.286445,-0.44411638379097,-0.000975563016254455,0,0,0,0,0,38
2,3349,537.446445,-0.444135785102844,-0.000999914947897196,0,0,0,0,0,38
2,3350,537.606445,-0.437716126441956,-0.000904720742255449,0,0,0,0,0,38
2,3351,537.766445,-0.437813103199005,-0.000930667563807219,0,0,0,0,0,38
2,3352,537.926445,-0.435660302639008,-0.000917421828489751,0,0,0,0,0,38
2,3353,538.086445,-0.433313548564911,-0.000903853215277195,0,0,0,0,0,38
2,3354,538.246445,-0.432751089334488,-0.000915686890948564,0,0,0,0,0,38
2,3355,538.406445,-0.430540084838867,-0.000903483654838055,0,0,0,0,0,38
2,3356,538.566445,-0.429803103208542,-0.000920798454899341,0,0,0,0,0,38
2,3357,538.726445,-0.430443108081818,-0.000960376171860844,0,0,0,0,0,38
2,3358,538.886445,-0.430384933948517,-0.000993076129816473,0,0,0,0,0,38
2,3359,539.046445,-0.422743409872055,-0.000866800197400153,0,0,0,0,0,38
2,3360,539.206445,-0.423383444547653,-0.000911462237127125,0,0,0,0,0,38
2,3361,539.366445,-0.423208892345428,-0.000937770877499133,0,0,0,0,0,38
2,3362,539.526445,-0.421327590942383,-0.000924645748455077,0,0,0,0,0,38
2,3363,539.686445,-0.41934934258461,-0.000918437144719064,0,0,0,0,0,38
2,3364,539.846445,-0.418282628059387,-0.000931219954509288,0,0,0,0,0,38
2,3365,540.006445,-0.41347274184227,-0.000865450361743569,0,0,0,0,0,38
2,3366,540.166445,-0.414209753274918,-0.000906782457605004,0,0,0,0,0,38
2,3367,540.326445,-0.411106586456299,-0.00087354559218511,0,0,0,0,0,38
2,3368,540.486445,-0.414190351963043,-0.000963075843174011,0,0,0,0,0,38
2,3369,540.646445,-0.4109126329422,-0.000926890294067562,0,0,0,0,0,38
2,3370,540.806445,-0.408468902111053,-0.000913049385417253,0,0,0,0,0,38
2,3371,540.966445,-0.407072484493256,-0.000908813090063632,0,0,0,0,0,38
2,3372,541.126445,-0.406257897615433,-0.000924591266084462,0,0,0,0,0,38
2,3373,541.286445,-0.40393054485321,-0.000901888764929026,0,0,0,0,0,38
2,3374,541.446445,-0.401448011398315,-0.000882201013155282,0,0,0,0,0,38
2,3375,541.606445,-0.401894092559814,-0.000923929968848825,0,0,0,0,0,38
2,3376,541.766445,-0.396618723869324,-0.000852161843795329,0,0,0,0,0,38
2,3377,541.926445,-0.396463572978973,-0.000873708981089294,0,0,0,0,0,38
2,3378,542.086445,-0.394427120685577,-0.00086352473590523,0,0,0,0,0,38
2,3379,542.246445,-0.392545849084854,-0.000856705417390913,0,0,0,0,0,38
2,3380,542.406445,-0.392410069704056,-0.000883360276930034,0,0,0,0,0,38
2,3381,542.566445,-0.389849990606308,-0.000859996420331299,0,0,0,0,0,38
2,3382,542.726445,-0.387309283018112,-0.000842642795760185,0,0,0,0,0,38
2,3383,542.886445,-0.385699510574341,-0.000834399717859924,0,0,0,0,0,38
2,3384,543.046445,-0.386843800544739,-0.000887343718204647,0,0,0,0,0,38
2,3385,543.206445,-0.382111489772797,-0.000819255597889423,0,0,0,0,0,38
2,3386,543.366445,-0.38308122754097,-0.000873183831572533,0,0,0,0,0,38
2,3387,543.526445,-0.380792647600174,-0.000851990655064583,0,0,0,0,0,38
2,3388,543.686445,-0.379803508520126,-0.000865170266479254,0,0,0,0,0,38
2,3389,543.846445,-0.378872573375702,-0.000883873784914613,0,0,0,0,0,38
2,3390,544.006445,-0.37695249915123,-0.000865629292093217,0,0,0,0,0,38
2,3391,544.166445,-0.375148773193359,-0.000864186091348529,0,0,0,0,0,38
2,3392,544.326445,-0.372549891471863,-0.000838962791021913,0,0,0,0,0,38
2,3393,544.486445,-0.371269851922989,-0.000843339134007692,0,0,0,0,0,38
2,3394,544.646445,-0.37148317694664,-0.00087298930156976,0,0,0,0,0,38
2,3395,544.806445,-0.368127912282944,-0.000837527331896126,0,0,0,0,0,38
2,3396,544.966445,-0.365393251180649,-0.000809744349680841,0,0,0,0,0,38
2,3397,545.126445,-0.364792019128799,-0.000835150480270386,0,0,0,0,0,38
2,3398,545.286445,-0.364733815193176,-0.00086326414020732,0,0,0,0,0,38
2,3399,545.446445,-0.362212508916855,-0.000840195920318365,0,0,0,0,0,38
2,3400,545.606445,-0.35856631398201,-0.000802290975116193,0,0,0,0,0,38
2,3401,545.766445,-0.360447585582733,-0.000862241024151444,0,0,0,0,0,38
2,3402,545.926445,-0.359904527664185,-0.00087955966591835,0,0,0,0,0,38
2,3403,546.086445,-0.356704413890839,-0.00084838067414239,0,0,0,0,0,38
2,3404,546.246445,-0.352650910615921,-0.000798093562480062,0,0,0,0,0,38
2,3405,546.406445,-0.353834003210068,-0.000850216776598245,0,0,0,0,0,38
2,3406,546.566445,-0.350342959165573,-0.000803076778538525,0,0,0,0,0,38
2,3407,546.726445,-0.347239792346954,-0.000784587173257023,0,0,0,0,0,38
2,3408,546.886445,-0.34772464632988,-0.000811456004157662,0,0,0,0,0,38
2,3409,547.046445,-0.344524532556534,-0.000783774128649384,0,0,0,0,0,38
2,3410,547.206445,-0.344349980354309,-0.000805939838755876,0,0,0,0,0,38
2,3411,547.366445,-0.340858936309814,-0.000771080842241645,0,0,0,0,0,38
2,3412,547.526445,-0.342410504817963,-0.0008288913522847,0,0,0,0,0,38
2,3413,547.686445,-0.34109166264534,-0.000833648897241801,0,0,0,0,0,38
2,3414,547.846445,-0.335952073335648,-0.000759363872930408,0,0,0,0,0,38
2,3415,548.006445,-0.3357193171978,-0.000788722361903638,0,0,0,0,0,38
2,3416,548.166445,-0.335738718509674,-0.000814365746919066,0,0,0,0,0,38
2,3417,548.326445,-0.331277936697006,-0.000754680251702666,0,0,0,0,0,38
2,3418,548.486445,-0.330599129199982,-0.000769587000831962,0,0,0,0,0,38
2,3419,548.646445,-0.327166259288788,-0.000734813569579273,0,0,0,0,0,38
2,3420,548.806445,-0.327651113271713,-0.000770754064433277,0,0,0,0,0,38
2,3421,548.966445,-0.326351672410965,-0.000775103166233748,0,0,0,0,0,38
2,3422,549.126445,-0.323287308216095,-0.000743566255550832,0,0,0,0,0,38
2,3423,549.286445,-0.322783052921295,-0.000763059477321804,0,0,0,0,0,38
2,3424,549.446445,-0.32014536857605,-0.000735292036551982,0,0,0,0,0,38
2,3425,549.606445,-0.318070143461227,-0.00072667165659368,0,0,0,0,0,38
2,3426,549.766445,-0.319466561079025,-0.000789410900324583,0,0,0,0,0,38
2,3427,549.926445,-0.317856788635254,-0.000785088981501758,0,0,0,0,0,38
2,3428,550.086445,-0.31366753578186,-0.000726399302948266,0,0,0,0,0,38
2,3429,550.246445,-0.310738921165466,-0.000695648195687681,0,0,0,0,0,38
2,3430,550.406445,-0.311844438314438,-0.00074716069502756,0,0,0,0,0,38
2,3431,550.566445,-0.309730410575867,-0.000737431575544178,0,0,0,0,0,38
2,3432,550.726445,-0.308237016201019,-0.000733459834009409,0,0,0,0,0,38
2,3433,550.886445,-0.304648995399475,-0.000696959148626775,0,0,0,0,0,38
2,3434,551.046445,-0.306452691555023,-0.000758916547056288,0,0,0,0,0,38
2,3435,551.206445,-0.301545828580856,-0.000695200869813561,0,0,0,0,0,38
2,3436,551.366445,-0.301972538232803,-0.000727247388567775,0,0,0,0,0,38
2,3437,551.526445,-0.301138550043106,-0.000741485040634871,0,0,0,0,0,38
2,3438,551.686445,-0.299916684627533,-0.000745826400816441,0,0,0,0,0,38
2,3439,551.846445,-0.299780935049057,-0.000768964586313814,0,0,0,0,0,38
2,3440,552.006445,-0.296755343675613,-0.00074174179462716,0,0,0,0,0,38
2,3441,552.166445,-0.29553347826004,-0.000747152895200998,0,0,0,0,0,38
2,3442,552.326445,-0.292236387729645,-0.000709465763065964,0,0,0,0,0,38
2,3443,552.486445,-0.292915195226669,-0.000748841208405793,0,0,0,0,0,38
2,3444,552.646445,-0.289850831031799,-0.000716829730663449,0,0,0,0,0,38
2,3445,552.806445,-0.288376837968826,-0.000717463786713779,0,0,0,0,0,38
2,3446,552.966445,-0.284924566745758,-0.000676571275107563,0,0,0,0,0,38
2,3447,553.126445,-0.284808188676834,-0.000702420831657946,0,0,0,0,0,38
2,3448,553.286445,-0.281860202550888,-0.000678559066727757,0,0,0,0,0,38
2,3449,553.446445,-0.282189905643463,-0.00071052776183933,0,0,0,0,0,38
2,3450,553.606445,-0.280424982309341,-0.00070829875767231,0,0,0,0,0,38
2,3451,553.766445,-0.278349757194519,-0.000694107729941607,0,0,0,0,0,38
2,3452,553.926445,-0.277690351009369,-0.000706536578945816,0,0,0,0,0,38
2,3453,554.086445,-0.273248940706253,-0.000644287443719804,0,0,0,0,0,38
2,3454,554.246445,-0.272511959075928,-0.000668499327730387,0,0,0,0,0,38
2,3455,554.406445,-0.271328866481781,-0.000667367305140942,0,0,0,0,0,38
2,3456,554.566445,-0.271658569574356,-0.000703475088812411,0,0,0,0,0,38
2,3457,554.726445,-0.268089950084686,-0.000659910030663013,0,0,0,0,0,38
2,3458,554.886445,-0.266286253929138,-0.000659353740047663,0,0,0,0,0,38
2,3459,555.046445,-0.266189277172089,-0.000679492717608809,0,0,0,0,0,38
2,3460,555.206445,-0.26640260219574,-0.00071104516973719,0,0,0,0,0,38
2,3461,555.366445,-0.262969762086868,-0.000672299938742071,0,0,0,0,0,38
2,3462,555.526445,-0.262135773897171,-0.000684658705722541,0,0,0,0,0,38
2,3463,555.686445,-0.261883646249771,-0.000712449487764388,0,0,0,0,0,38
2,3464,555.846445,-0.256511300802231,-0.000624751439318061,0,0,0,0,0,38
2,3465,556.006445,-0.253718465566635,-0.000601481006015092,0,0,0,0,0,38
2,3466,556.166445,-0.25680223107338,-0.000695220311172307,0,0,0,0,0,38
2,3467,556.326445,-0.254630029201508,-0.000675878836773336,0,0,0,0,0,38
2,3468,556.486445,-0.250886857509613,-0.000628968293312937,0,0,0,0,0,38
2,3469,556.646445,-0.248268559575081,-0.000606499204877764,0,0,0,0,0,38
2,3470,556.806445,-0.246910929679871,-0.000609622919000685,0,0,0,0,0,38
2,3471,556.966445,-0.246969103813171,-0.000637382559943944,0,0,0,0,0,38
2,3472,557.126445,-0.245727851986885,-0.000647769076749682,0,0,0,0,0,38
2,3473,557.286445,-0.242915615439415,-0.000614368822425604,0,0,0,0,0,38
2,3474,557.446445,-0.240045189857483,-0.000583559391088784,0,0,0,0,0,38
2,3475,557.606445,-0.238997876644135,-0.000599302526097745,0,0,0,0,0,38
2,3476,557.766445,-0.236321404576302,-0.000569722324144095,0,0,0,0,0,38
2,3477,557.926445,-0.238202705979347,-0.000629781337920576,0,0,0,0,0,38
2,3478,558.086445,-0.236515358090401,-0.000628408160991967,0,0,0,0,0,38
2,3479,558.246445,-0.234595283865929,-0.000618589576333761,0,0,0,0,0,38
2,3480,558.406445,-0.231123626232147,-0.000575697515159845,0,0,0,0,0,38
2,3481,558.566445,-0.231744259595871,-0.000620861363131553,0,0,0,0,0,38
2,3482,558.726445,-0.229940548539162,-0.000616737874224782,0,0,0,0,0,38
2,3483,558.886445,-0.228796258568764,-0.000615158525761217,0,0,0,0,0,38
2,3484,559.046445,-0.225751295685768,-0.00058064959011972,0,0,0,0,0,38
2,3485,559.206445,-0.219583764672279,-0.000485175289213657,0,0,0,0,0,38
2,3486,559.366445,-0.223656669259071,-0.000596991798374802,0,0,0,0,0,38
2,3487,559.526445,-0.221445664763451,-0.00058339984389022,0,0,0,0,0,38
2,3488,559.686445,-0.220262587070465,-0.000590833835303783,0,0,0,0,0,38
2,3489,559.846445,-0.217392161488533,-0.00055589311523363,0,0,0,0,0,38
2,3490,560.006445,-0.216926693916321,-0.000579264713451266,0,0,0,0,0,38
2,3491,560.166445,-0.215297535061836,-0.000571142241824418,0,0,0,0,0,38
2,3492,560.326445,-0.213125333189964,-0.000557698076590896,0,0,0,0,0,38
2,3493,560.486445,-0.208858489990234,-0.000503376999404281,0,0,0,0,0,38
2,3494,560.646445,-0.209459736943245,-0.000546261260751635,0,0,0,0,0,38
2,3495,560.806445,-0.20953731238842,-0.000570574251469225,0,0,0,0,0,38
2,3496,560.966445,-0.207811176776886,-0.000566135684493929,0,0,0,0,0,38
2,3497,561.126445,-0.204688623547554,-0.000534170889295638,0,0,0,0,0,38
2,3498,561.286445,-0.202904313802719,-0.000524574017617852,0,0,0,0,0,38
2,3499,561.446445,-0.203524947166443,-0.000569185533095151,0,0,0,0,0,38
2,3500,561.606445,-0.200460582971573,-0.000534050283022225,0,0,0,0,0,38
2,3501,561.766445,-0.198598682880402,-0.000524667382705957,0,0,0,0,0,38
2,3502,561.926445,-0.19582524895668,-0.000502050446812063,0,0,0,0,0,38
2,3503,562.086445,-0.197047114372253,-0.000549742893781513,0,0,0,0,0,38
2,3504,562.246445,-0.192140251398087,-0.000483043520944193,0,0,0,0,0,38
2,3505,562.406445,-0.192838460206985,-0.000528693606611341,0,0,0,0,0,38
2,3506,562.566445,-0.19276088476181,-0.000546868075616658,0,0,0,0,0,38
2,3507,562.726445,-0.188668593764305,-0.000505567062646151,0,0,0,0,0,38
2,3508,562.886445,-0.188552230596542,-0.000521341396961361,0,0,0,0,0,38
2,3509,563.046445,-0.186360627412796,-0.000512293016072363,0,0,0,0,0,38
2,3510,563.206445,-0.183878093957901,-0.000488057819893584,0,0,0,0,0,38
2,3511,563.366445,-0.183645367622375,-0.000513623468577862,0,0,0,0,0,38
2,3512,563.526445,-0.182229548692703,-0.000512456404976547,0,0,0,0,0,38
2,3513,563.686445,-0.177788153290749,-0.00045842316467315,0,0,0,0,0,38
2,3514,563.846445,-0.179708242416382,-0.000520703382790089,0,0,0,0,0,38
2,3515,564.006445,-0.177225708961487,-0.000495336193125695,0,0,0,0,0,38
2,3516,564.166445,-0.173366159200668,-0.000449090875918046,0,0,0,0,0,38
2,3517,564.326445,-0.174374684691429,-0.000496900000143796,0,0,0,0,0,38
2,3518,564.486445,-0.173346772789955,-0.000508963130414486,0,0,0,0,0,38
2,3519,564.646445,-0.170088455080986,-0.000473221065476537,0,0,0,0,0,38
2,3520,564.806445,-0.167916253209114,-0.000459617440355942,0,0,0,0,0,38
2,3521,564.966445,-0.165608271956444,-0.000437548995250836,0,0,0,0,0,38
2,3522,565.126445,-0.165220379829407,-0.000456765992566943,0,0,0,0,0,38
2,3523,565.286445,-0.163998514413834,-0.00046195148024708,0,0,0,0,0,38
2,3524,565.446445,-0.161981463432312,-0.000455669010989368,0,0,0,0,0,38
2,3525,565.606445,-0.159537732601166,-0.000436035741586238,0,0,0,0,0,38
2,3526,565.766445,-0.157908573746681,-0.000427034101448953,0,0,0,0,0,38
2,3527,565.926445,-0.157132789492607,-0.000445309706265107,0,0,0,0,0,38
2,3528,566.086445,-0.156415179371834,-0.000460076465969905,0,0,0,0,0,38
2,3529,566.246445,-0.15232290327549,-0.000404876191169024,0,0,0,0,0,38
2,3530,566.406445,-0.151682868599892,-0.000422727782279253,0,0,0,0,0,38
2,3531,566.566445,-0.151159211993217,-0.000443788681877777,0,0,0,0,0,38
2,3532,566.726445,-0.146407514810562,-0.000376560259610415,0,0,0,0,0,38
2,3533,566.886445,-0.147629380226135,-0.000425976002588868,0,0,0,0,0,38
2,3534,567.046445,-0.144565016031265,-0.000392311223549768,0,0,0,0,0,38
2,3535,567.206445,-0.147745743393898,-0.000481833703815937,0,0,0,0,0,38
2,3536,567.366445,-0.143187984824181,-0.000425692007411271,0,0,0,0,0,38
2,3537,567.526445,-0.142392799258232,-0.000437016045907512,0,0,0,0,0,38
2,3538,567.686445,-0.138397485017776,-0.000381667952751741,0,0,0,0,0,38
2,3539,567.846445,-0.13756351172924,-0.000399352255044505,0,0,0,0,0,38
2,3540,568.006445,-0.137136831879616,-0.000417639530496672,0,0,0,0,0,38
2,3541,568.166445,-0.132346346974373,-0.000348380504874513,0,0,0,0,0,38
2,3542,568.326445,-0.133160918951035,-0.000400476506911218,0,0,0,0,0,38
2,3543,568.486445,-0.130115941166878,-0.00036860114778392,0,0,0,0,0,38
2,3544,568.646445,-0.129960790276527,-0.000393112568417564,0,0,0,0,0,38
2,3545,568.806445,-0.127051576972008,-0.000359459460014477,0,0,0,0,0,38
2,3546,568.966445,-0.127342507243156,-0.000395948445657268,0,0,0,0,0,38
2,3547,569.126445,-0.12515090405941,-0.000381119432859123,0,0,0,0,0,38
2,3548,569.286445,-0.123114459216595,-0.000375665549654514,0,0,0,0,0,38
2,3549,569.446445,-0.120748303830624,-0.000352153874700889,0,0,0,0,0,38
2,3550,569.606445,-0.121815010905266,-0.000397029885789379,0,0,0,0,0,38
2,3551,569.766445,-0.11671420186758,-0.000327447982272133,0,0,0,0,0,38
2,3552,569.926445,-0.116345696151257,-0.000346797256497666,0,0,0,0,0,38
2,3553,570.086445,-0.112718887627125,-0.000310312141664326,0,0,0,0,0,38
2,3554,570.246445,-0.111497022211552,-0.000309071212541312,0,0,0,0,0,38
2,3555,570.406445,-0.110391519963741,-0.000318022299325094,0,0,0,0,0,38
2,3556,570.566445,-0.109557546675205,-0.000336718047037721,0,0,0,0,0,38
2,3557,570.726445,-0.107113815844059,-0.000307822512695566,0,0,0,0,0,38
2,3558,570.886445,-0.107385344803333,-0.000342039682436734,0,0,0,0,0,38
2,3559,571.046445,-0.103040926158428,-0.000291593081783503,0,0,0,0,0,38
2,3560,571.206445,-0.102439686655998,-0.000304986635455862,0,0,0,0,0,38
2,3561,571.366445,-0.0999765619635582,-0.000285038287984207,0,0,0,0,0,38
2,3562,571.526445,-0.0985219553112984,-0.000286602095002308,0,0,0,0,0,38
2,3563,571.686445,-0.0985413491725922,-0.000307379028527066,0,0,0,0,0,38
2,3564,571.846445,-0.0977461710572243,-0.000329354108544067,0,0,0,0,0,38
2,3565,572.006445,-0.096330352127552,-0.000330579496221617,0,0,0,0,0,38
2,3566,572.166445,-0.0951666682958603,-0.000329521397361532,0,0,0,0,0,38
2,3567,572.326445,-0.0936344861984253,-0.000329459144268185,0,0,0,0,0,38
2,3568,572.486445,-0.0921798869967461,-0.000332890194840729,0,0,0,0,0,38
2,3569,572.646445,-0.0911519676446915,-0.000341915176250041,0,0,0,0,0,38
2,3570,572.806445,-0.0896779671311378,-0.000334885815391317,0,0,0,0,0,38
2,3571,572.966445,-0.0864584445953369,-0.000305873574689031,0,0,0,0,0,38
2,3572,573.126445,-0.085158996284008,-0.000308744463836774,0,0,0,0,0,38
2,3573,573.286445,-0.0825019180774689,-0.00028686661971733,0,0,0,0,0,38
2,3574,573.446445,-0.0838401541113853,-0.00034020355087705,0,0,0,0,0,38
2,3575,573.606445,-0.080019399523735,-0.000292227166937664,0,0,0,0,0,38
2,3576,573.766445,-0.0774205029010773,-0.00027150078676641,0,0,0,0,0,38
2,3577,573.926445,-0.0781769007444382,-0.000317917263600975,0,0,0,0,0,38
2,3578,574.086445,-0.076605923473835,-0.000310397736029699,0,0,0,0,0,38
2,3579,574.246445,-0.0726881921291351,-0.000257994426647201,0,0,0,0,0,38
2,3580,574.406445,-0.0709038823843002,-0.000253991544013843,0,0,0,0,0,38
2,3581,574.566445,-0.0679752752184868,-0.000230899997404777,0,0,0,0,0,38
2,3582,574.726445,-0.0701086968183517,-0.000298334576655179,0,0,0,0,0,38
2,3583,574.886445,-0.0650854632258415,-0.000224563060328364,0,0,0,0,0,38
2,3584,575.046445,-0.0650466755032539,-0.000255547580309212,0,0,0,0,0,38
2,3585,575.206445,-0.0638635978102684,-0.00026095868088305,0,0,0,0,0,38
2,3586,575.366445,-0.0618853382766247,-0.000252715573878959,0,0,0,0,0,38
2,3587,575.526445,-0.0595967620611191,-0.000233055106946267,0,0,0,0,0,38
2,3588,575.686445,-0.0582585260272026,-0.000235132407397032,0,0,0,0,0,38
2,3589,575.846445,-0.0556208454072475,-0.000214114290429279,0,0,0,0,0,38
2,3590,576.006445,-0.0567845292389393,-0.00026775075821206,0,0,0,0,0,38
2,3591,576.166445,-0.0544571615755558,-0.000252034835284576,0,0,0,0,0,38
2,3592,576.326445,-0.0539916902780533,-0.000273683137493208,0,0,0,0,0,38
2,3593,576.486445,-0.0515479557216167,-0.000244289665715769,0,0,0,0,0,38
2,3594,576.646445,-0.0506364032626152,-0.000257652107393369,0,0,0,0,0,38
2,3595,576.806445,-0.0474168807268143,-0.000223388255108148,0,0,0,0,0,38
2,3596,576.966445,-0.0444300919771194,-0.000196056527784094,0,0,0,0,0,38
2,3597,577.126445,-0.047591432929039,-0.000289671384962276,0,0,0,0,0,38
2,3598,577.286445,-0.0438676476478577,-0.000245301082031801,0,0,0,0,0,38
2,3599,577.446445,-0.0434409640729427,-0.00026055020862259,0,0,0,0,0,38
2,3600,577.606445,-0.0416954383254051,-0.000258900807239115,0,0,0,0,0,38
2,3601,577.766445,-0.0394262559711933,-0.000244215741986409,0,0,0,0,0,38
2,3602,577.926445,-0.038068626075983,-0.000245273869950324,0,0,0,0,0,38
2,3603,578.086445,-0.0365752354264259,-0.00024748730356805,0,0,0,0,0,38
2,3604,578.246445,-0.0357412621378899,-0.000256080500548705,0,0,0,0,0,38
2,3605,578.406445,-0.0299616362899542,-0.000172151965671219,0,0,0,0,0,38
2,3606,578.566445,-0.0319205038249493,-0.000238454536884092,0,0,0,0,0,38
2,3607,578.726445,-0.0326768942177296,-0.000281066517345607,0,0,0,0,0,38
2,3608,578.886445,-0.0287397690117359,-0.000233977058087476,0,0,0,0,0,38
2,3609,579.046445,-0.0248220358043909,-0.00018522264144849,0,0,0,0,0,38
2,3610,579.206445,-0.0249577984213829,-0.00021953706163913,0,0,0,0,0,38
2,3611,579.366445,-0.0233092475682497,-0.000216261614696123,0,0,0,0,0,38
2,3612,579.526445,-0.0198375936597586,-0.000178201051312499,0,0,0,0,0,38
2,3613,579.686445,-0.0201091207563877,-0.000215409687370993,0,0,0,0,0,38
2,3614,579.846445,-0.0157453082501888,-0.000155062836711295,0,0,0,0,0,38
2,3615,580.006445,-0.0158228874206543,-0.000190929393284023,0,0,0,0,0,38
2,3616,580.166445,-0.0137282591313124,-0.000172996107721701,0,0,0,0,0,38
2,3617,580.326445,-0.0131658120080829,-0.000192450417671353,0,0,0,0,0,38
2,3618,580.486445,-0.0104893408715725,-0.000165674980962649,0,0,0,0,0,38
2,3619,580.646445,-0.00816197507083416,-0.000157875358127058,0,0,0,0,0,38
2,3620,580.806445,-0.0103535782545805,-0.000223742244997993,0,0,0,0,0,38
2,3621,580.966445,-0.00426363758742809,-0.000138790608616546,0,0,0,0,0,38
2,3622,581.126445,-0.00438000587746501,-0.000167752281413414,0,0,0,0,0,38
2,3623,581.286445,-0.00230477098375559,-0.000157560265506618,0,0,0,0,0,38
2,3624,581.446445,-0.000442878372268751,-0.000149091560160741,0,0,0,0,0,38
2,3625,581.606445,-0.000656220247037709,-0.000175676381331868,0,0,0,0,0,38
2,3626,581.766445,0.00293180206790566,-0.000143190292874351,0,0,0,0,0,38
2,3627,581.926445,0.0022723819129169,-0.000182662974111736,0,0,0,0,0,38
2,3628,582.086445,0.00485187908634543,-0.000165258737979457,0,0,0,0,0,38
2,3629,582.246445,0.0059573776088655,-0.000174482120200992,0,0,0,0,0,38
2,3630,582.406445,0.00801321770995855,-0.000163025833899155,0,0,0,0,0,38
2,3631,582.566445,0.00878900662064552,-0.000173000007634982,0,0,0,0,0,38
2,3632,582.726445,0.00987511035054922,-0.000191952494787984,0,0,0,0,0,38
2,3633,582.886445,0.0125515814870596,-0.000159454735694453,0,0,0,0,0,38
2,3634,583.046445,0.0126873441040516,-0.00019262547721155,0,0,0,0,0,38
2,3635,583.206445,0.0150147099047899,-0.000168658676557243,0,0,0,0,0,38
2,3636,583.366445,0.0185445491224527,-0.000133185007143766,0,0,0,0,0,38
2,3637,583.526445,0.0187578909099102,-0.000158676717546768,0,0,0,0,0,38
2,3638,583.686445,0.0229277536273003,-0.000104425620520487,0,0,0,0,0,38
2,3639,583.846445,0.0230247285217047,-0.000133737397845834,0,0,0,0,0,38
2,3640,584.006445,0.0247896462678909,-0.000127100909594446,0,0,0,0,0,38
2,3641,584.166445,0.0240720417350531,-0.000168265774846077,0,0,0,0,0,38
2,3642,584.326445,0.0273885391652584,-0.000137269598781131,0,0,0,0,0,38
2,3643,584.486445,0.0293861944228411,-0.000131446140585467,0,0,0,0,0,38
2,3644,584.646445,0.0309765618294477,-0.000125264792586677,0,0,0,0,0,38
2,3645,584.806445,0.0318105332553387,-0.000134375368361361,0,0,0,0,0,38
2,3646,584.966445,0.0346421636641026,-0.000112559784611221,0,0,0,0,0,38
2,3647,585.126445,0.0349136888980865,-0.000145571029861458,0,0,0,0,0,38
2,3648,585.286445,0.0351076349616051,-0.00016070733545348,0,0,0,0,0,38
2,3649,585.446445,0.0404023937880993,-9.18139703571796E-05,0,0,0,0,0,38
2,3650,585.606445,0.0390641577541828,-0.000150519219459966,0,0,0,0,0,38
2,3651,585.766445,0.042380653321743,-0.000110696433694102,0,0,0,0,0,38
2,3652,585.926445,0.0433115996420383,-0.000126268438179977,0,0,0,0,0,38
2,3653,586.086445,0.0434085726737976,-0.000151024927617982,0,0,0,0,0,38
2,3654,586.246445,0.0478305704891682,-9.8800563137047E-05,0,0,0,0,0,38
2,3655,586.406445,0.0489748567342758,-0.000104775732324924,0,0,0,0,0,38
2,3656,586.566445,0.0490524359047413,-0.000131099921418354,0,0,0,0,0,38
2,3657,586.726445,0.051030695438385,-0.000121510864119045,0,0,0,0,0,38
2,3658,586.886445,0.0507203824818134,-0.000157949267304502,0,0,0,0,0,38
2,3659,587.046445,0.0564418211579323,-7.3258277552668E-05,0,0,0,0,0,38
2,3660,587.206445,0.0566939525306225,-0.00010179981472902,0,0,0,0,0,38
2,3661,587.366445,0.057760663330555,-0.000112353613076266,0,0,0,0,0,38
2,3662,587.526445,0.0587304010987282,-0.000118531061161775,0,0,0,0,0,38
2,3663,587.686445,0.0600298456847668,-0.000131675653392449,0,0,0,0,0,38
2,3664,587.846445,0.0608638189733028,-0.000137705283123069,0,0,0,0,0,38
2,3665,588.006445,0.0635596811771393,-0.000117255112854764,0,0,0,0,0,38
2,3666,588.166445,0.0648203417658806,-0.000123249730677344,0,0,0,0,0,38
2,3667,588.326445,0.0674774125218391,-0.000101718120276928,0,0,0,0,0,38
2,3668,588.486445,0.0684471502900124,-0.000109260996396188,0,0,0,0,0,38
2,3669,588.646445,0.0685829147696495,-0.000142229444463737,0,0,0,0,0,38
2,3670,588.806445,0.0725006461143494,-8.83362372405827E-05,0,0,0,0,0,38
2,3671,588.966445,0.0726751983165741,-0.000116792194603477,0,0,0,0,0,38
2,3672,589.126445,0.0742267742753029,-0.000116932234959677,0,0,0,0,0,38
2,3673,589.286445,0.0744789093732834,-0.000139774812851101,0,0,0,0,0,38
2,3674,589.446445,0.0771941691637039,-0.000120234915812034,0,0,0,0,0,38
2,3675,589.606445,0.0815191939473152,-6.49762878310867E-05,0,0,0,0,0,38
2,3676,589.766445,0.0821010321378708,-8.37070401757956E-05,0,0,0,0,0,38
2,3677,589.926445,0.084001712501049,-7.48298698454164E-05,0,0,0,0,0,38
2,3678,590.086445,0.0843314230442047,-9.88744723144919E-05,0,0,0,0,0,38
2,3679,590.246445,0.0869885012507439,-7.7549040724989E-05,0,0,0,0,0,38
2,3680,590.406445,0.0852623730897903,-0.00014015992928762,0,0,0,0,0,38
2,3681,590.566445,0.0902080237865448,-7.36978545319289E-05,0,0,0,0,0,38
2,3682,590.726445,0.0910226032137871,-8.25754905235954E-05,0,0,0,0,0,38
2,3683,590.886445,0.0924965962767601,-7.98124747234397E-05,0,0,0,0,0,38
2,3684,591.046445,0.0943197011947632,-7.90291451266967E-05,0,0,0,0,0,38
2,3685,591.206445,0.096317358314991,-7.39887982490473E-05,0,0,0,0,0,38
2,3686,591.366445,0.0977913588285446,-7.41822950658388E-05,0,0,0,0,0,38
2,3687,591.526445,0.0995174869894981,-7.26673169992864E-05,0,0,0,0,0,38
2,3688,591.686445,0.101030275225639,-7.35419598640874E-05,0,0,0,0,0,38
2,3689,591.846445,0.102368511259556,-6.9458234065678E-05,0,0,0,0,0,38
2,3690,592.006445,0.103842511773109,-7.01059616403654E-05,0,0,0,0,0,38
2,3691,592.166445,0.105646215379238,-6.55151743558235E-05,0,0,0,0,0,38
2,3692,592.326445,0.107333555817604,-6.40887810732238E-05,0,0,0,0,0,38
2,3693,592.486445,0.108865737915039,-6.46358676021919E-05,0,0,0,0,0,38
2,3694,592.646445,0.110669448971748,-6.53780152788386E-05,0,0,0,0,0,38
2,3695,592.806445,0.112201631069183,-6.39842619420961E-05,0,0,0,0,0,38
2,3696,592.966445,0.11344289034605,-6.3816798501648E-05,0,0,0,0,0,38
2,3697,593.126445,0.11514962464571,-5.95426827203482E-05,0,0,0,0,0,38
2,3698,593.286445,0.11660423129797,-6.02331456320826E-05,0,0,0,0,0,38
2,3699,593.446445,0.11831096559763,-5.95694909861777E-05,0,0,0,0,0,38
2,3700,593.606445,0.120153464376926,-5.24814568052534E-05,0,0,0,0,0,38
2,3701,593.766445,0.121569275856018,-5.12501246703323E-05,0,0,0,0,0,38
2,3702,593.926445,0.123276010155678,-5.18387860211078E-05,0,0,0,0,0,38
2,3703,594.086445,0.124536670744419,-5.3830910474062E-05,0,0,0,0,0,38
2,3704,594.246445,0.126573115587235,-5.00207315781154E-05,0,0,0,0,0,38
2,3705,594.406445,0.127639830112457,-5.09357814735267E-05,0,0,0,0,0,38
2,3706,594.566445,0.12961807847023,-4.63846263301093E-05,0,0,0,0,0,38
2,3707,594.726445,0.131111472845078,-4.86569006170612E-05,0,0,0,0,0,38
2,3708,594.886445,0.132507905364037,-4.55842018709518E-05,0,0,0,0,0,38
2,3709,595.046445,0.134621918201447,-4.19725765823387E-05,0,0,0,0,0,38
2,3710,595.206445,0.136057138442993,-3.8417292671511E-05,0,0,0,0,0,38
2,3711,595.366445,0.13780266046524,-3.97139010601677E-05,0,0,0,0,0,38
2,3712,595.526445,0.139276653528214,-4.24027093686163E-05,0,0,0,0,0,38
2,3713,595.686445,0.140673071146011,-3.85684397770092E-05,0,0,0,0,0,38
2,3714,595.846445,0.142360419034958,-3.93105801776983E-05,0,0,0,0,0,38
2,3715,596.006445,0.144474431872368,-3.33000098180491E-05,0,0,0,0,0,38
2,3716,596.166445,0.145579934120178,-3.60575904778671E-05,0,0,0,0,0,38
2,3717,596.326445,0.147306069731712,-3.24887078022584E-05,0,0,0,0,0,38
2,3718,596.486445,0.148857638239861,-3.34581527567934E-05,0,0,0,0,0,38
2,3719,596.646445,0.15040922164917,-3.40285514539573E-05,0,0,0,0,0,38
2,3720,596.806445,0.152096554636955,-3.20115614158567E-05,0,0,0,0,0,38
2,3721,596.966445,0.153939053416252,-3.20026229019277E-05,0,0,0,0,0,38
2,3722,597.126445,0.155257895588875,-3.08699818560854E-05,0,0,0,0,0,38
2,3723,597.286445,0.156673714518547,-3.3688178518787E-05,0,0,0,0,0,38
2,3724,597.446445,0.158419236540794,-3.06426773022395E-05,0,0,0,0,0,38
2,3725,597.606445,0.159679889678955,-2.87725597445387E-05,0,0,0,0,0,38
2,3726,597.766445,0.161599978804588,-2.76076680165716E-05,0,0,0,0,0,38
2,3727,597.926445,0.163267910480499,-2.97295719065005E-05,0,0,0,0,0,38
2,3728,598.086445,0.164761304855347,-2.81197844742564E-05,0,0,0,0,0,38
2,3729,598.246445,0.166778355836868,-2.52269874181366E-05,0,0,0,0,0,38
2,3730,598.406445,0.168097198009491,-2.54624519584468E-05,0,0,0,0,0,38
2,3731,598.566445,0.169881522655487,-2.20777419599472E-05,0,0,0,0,0,38
2,3732,598.726445,0.171200349926949,-2.5542105504428E-05,0,0,0,0,0,38
2,3733,598.886445,0.173081636428833,-2.47797597694444E-05,0,0,0,0,0,38
2,3734,599.046445,0.17476898431778,-2.11024671443738E-05,0,0,0,0,0,38
2,3735,599.206445,0.176339954137802,-2.24196719500469E-05,0,0,0,0,0,38
2,3736,599.366445,0.177794560790062,-2.34975250350544E-05,0,0,0,0,0,38
2,3737,599.526445,0.179462507367134,-2.27938508032821E-05,0,0,0,0,0,38
2,3738,599.686445,0.180839523673058,-2.11195638257777E-05,0,0,0,0,0,38
2,3739,599.846445,0.182410508394241,-2.30320347327506E-05,0,0,0,0,0,38
2,3740,600.006445,0.184136629104614,-1.86588404176291E-05,0,0,0,0,0,38
2,3741,600.166445,0.185591235756874,-1.73062780959299E-05,0,0,0,0,0,38
2,3742,600.326445,0.187356159090996,-1.93423093151068E-05,0,0,0,0,0,38
2,3743,600.486445,0.188733175396919,-2.13876683119452E-05,0,0,0,0,0,38
2,3744,600.646445,0.189974442124367,-2.20622005144833E-05,0,0,0,0,0,38
2,3745,600.806445,0.191603600978851,-2.03269100893522E-05,0,0,0,0,0,38
2,3746,600.966445,0.193640038371086,-1.88379635801539E-05,0,0,0,0,0,38
2,3747,601.126445,0.195404961705208,-1.71714491443709E-05,0,0,0,0,0,38
2,3748,601.286445,0.196529850363731,-1.72973414009903E-05,0,0,0,0,0,38
2,3749,601.446445,0.198411136865616,-1.79784783540526E-05,0,0,0,0,0,38
2,3750,601.606445,0.199807554483414,-1.80161696334835E-05,0,0,0,0,0,38
2,3751,601.766445,0.201514303684235,-1.67455909831915E-05,0,0,0,0,0,38
2,3752,601.926445,0.203182235360146,-2.05254618776962E-05,0,0,0,0,0,38
2,3753,602.086445,0.204462289810181,-1.79388462129282E-05,0,0,0,0,0,38
2,3754,602.246445,0.20601387321949,-1.89755137398606E-05,0,0,0,0,0,38
2,3755,602.406445,0.207759395241737,-1.64110442710808E-05,0,0,0,0,0,38
2,3756,602.566445,0.209446728229523,-1.85259541467531E-05,0,0,0,0,0,38
2,3757,602.726445,0.210959523916245,-1.77138717845082E-05,0,0,0,0,0,38
2,3758,602.886445,0.213015362620354,-1.40975835165591E-05,0,0,0,0,0,38
2,3759,603.046445,0.214372992515564,-1.31351307572913E-05,0,0,0,0,0,38
2,3760,603.206445,0.215827599167824,-1.31949682327104E-05,0,0,0,0,0,38
2,3761,603.366445,0.217534333467484,-1.37886818265542E-05,0,0,0,0,0,38
2,3762,603.526445,0.219260469079018,-1.32983241201146E-05,0,0,0,0,0,38
2,3763,603.686445,0.220618098974228,-1.65322744578589E-05,0,0,0,0,0,38
2,3764,603.846445,0.222402408719063,-1.2584547221195E-05,0,0,0,0,0,38
2,3765,604.006445,0.223876401782036,-1.43011866384768E-05,0,0,0,0,0,38
2,3766,604.166445,0.22560253739357,-1.22422297863523E-05,0,0,0,0,0,38
2,3767,604.326445,0.227425634860992,-9.9680128187174E-06,0,0,0,0,0,38
2,3768,604.486445,0.22882205247879,-1.42763192343409E-05,0,0,0,0,0,38
2,3769,604.646445,0.23052878677845,-1.33876919790055E-05,0,0,0,0,0,38
2,3770,604.806445,0.231692478060722,-1.28992769532488E-05,0,0,0,0,0,38
2,3771,604.966445,0.233922868967056,-9.24607593333349E-06,0,0,0,0,0,38
2,3772,605.126445,0.235532626509666,-1.21019611469819E-05,0,0,0,0,0,38
2,3773,605.286445,0.236579939723015,-1.4457774341281E-05,0,0,0,0,0,38
2,3774,605.446445,0.238325461745262,-1.41756836455897E-05,0,0,0,0,0,38
2,3775,605.606445,0.239915832877159,-1.2864696145698E-05,0,0,0,0,0,38
2,3776,605.766445,0.241622567176819,-8.20668901724275E-06,0,0,0,0,0,38
2,3777,605.926445,0.243290513753891,-8.5905821833876E-06,0,0,0,0,0,38
2,3778,606.086445,0.245074823498726,-1.1862610335811E-05,0,0,0,0,0,38
2,3779,606.246445,0.246277302503586,-1.04595355878701E-05,0,0,0,0,0,38
2,3780,606.406445,0.247945249080658,-1.19387677841587E-05,0,0,0,0,0,38
2,3781,606.566445,0.249225303530693,-1.11356230263482E-05,0,0,0,0,0,38
2,3782,606.726445,0.251300543546677,-8.55017242429312E-06,0,0,0,0,0,38
2,3783,606.886445,0.25283271074295,-9.69369193626335E-06,0,0,0,0,0,38
2,3784,607.046445,0.254423081874847,-7.18167893865029E-06,0,0,0,0,0,38
2,3785,607.206445,0.255722522735596,-8.44254282128531E-06,0,0,0,0,0,38
2,3786,607.366445,0.257468044757843,-8.71064548846334E-06,0,0,0,0,0,38
2,3787,607.526445,0.259329944849014,-7.21664900993346E-06,0,0,0,0,0,38
2,3788,607.686445,0.260842740535736,-5.15963438374456E-06,0,0,0,0,0,38
2,3789,607.846445,0.262084007263184,-7.19061563358991E-06,0,0,0,0,0,38
2,3790,608.006445,0.264023452997208,-8.00340330897598E-06,0,0,0,0,0,38
2,3791,608.166445,0.265943557024002,-7.39927918402827E-06,0,0,0,0,0,38
2,3792,608.326445,0.267146021127701,-7.06809805706143E-06,0,0,0,0,0,38
2,3793,608.486445,0.269027292728424,-7.2028969952953E-06,0,0,0,0,0,38
2,3794,608.646445,0.270423710346222,-7.14485349817551E-06,0,0,0,0,0,38
2,3795,608.806445,0.271975308656693,-7.00523105479078E-06,0,0,0,0,0,38
2,3796,608.966445,0.273526877164841,-6.69315113555058E-06,0,0,0,0,0,38
2,3797,609.126445,0.275485754013062,-6.32302862868528E-06,0,0,0,0,0,38
2,3798,609.286445,0.27653306722641,-5.72322232983424E-06,0,0,0,0,0,38
2,3799,609.446445,0.278336763381958,-5.74706973566208E-06,0,0,0,0,0,38
2,3800,609.606445,0.279733180999756,-5.36901097802911E-06,0,0,0,0,0,38
2,3801,609.766445,0.281905382871628,-5.25541418028297E-06,0,0,0,0,0,38
2,3802,609.926445,0.2830690741539,-4.76908826385625E-06,0,0,0,0,0,38
2,3803,610.086445,0.284950375556946,-4.50960533271427E-06,0,0,0,0,0,38
2,3804,610.246445,0.28623041510582,-4.39744826508104E-06,0,0,0,0,0,38
2,3805,610.406445,0.288014739751816,-4.08198366130819E-06,0,0,0,0,0,38
2,3806,610.566445,0.289527505636215,-3.97002122554113E-06,0,0,0,0,0,38
2,3807,610.726445,0.291156679391861,-3.36013931701018E-06,0,0,0,0,0,38
2,3808,610.886445,0.29261127114296,-2.92485401587328E-06,0,0,0,0,0,38
2,3809,611.046445,0.294221043586731,-2.66751067101723E-06,0,0,0,0,0,38
2,3810,611.206445,0.295792013406754,-2.46323133978876E-06,0,0,0,0,0,38
2,3811,611.366445,0.297459959983826,-2.5697866021801E-06,0,0,0,0,0,38
2,3812,611.526445,0.299166679382324,-1.89839897757338E-06,0,0,0,0,0,38
2,3813,611.686445,0.30064070224762,-1.38414065986581E-06,0,0,0,0,0,38
2,3814,611.846445,0.302386224269867,-8.8485995775045E-07,0,0,0,0,0,38
2,3815,612.006445,0.303724437952042,-7.46170826460002E-07,0,0,0,0,0,38
2,3816,612.166445,0.305295407772064,-1.10789062546246E-06,0,0,0,0,0,38
2,3817,612.326445,0.30702155828476,-3.85490011467482E-07,0,0,0,0,0,38
2,3818,612.486445,0.308553725481033,-4.19984225175085E-08,0,0,0,0,0,38
2,3819,612.646445,0.310435026884079,3.28987908915224E-07,0,0,0,0,0,38
2,3820,612.806445,0.311947822570801,6.6526229147712E-07,0,0,0,0,0,38
2,3821,612.966445,0.313673943281174,9.84606913334574E-07,0,0,0,0,0,38
2,3822,613.126445,0.315109133720398,8.92655691586697E-07,0,0,0,0,0,38
2,3823,613.286445,0.317029237747192,1.67647272064642E-06,0,0,0,0,0,38
2,3824,613.446445,0.318367451429367,2.15813042814261E-06,0,0,0,0,0,38
2,3825,613.606445,0.319996625185013,2.26071756515012E-06,0,0,0,0,0,38
2,3826,613.766445,0.321373641490936,2.61578497884329E-06,0,0,0,0,0,38
2,3827,613.926445,0.32290580868721,2.77318645203195E-06,0,0,0,0,0,38
2,3828,614.086445,0.324690133333206,3.50876371157938E-06,0,0,0,0,0,38
2,3829,614.246445,0.326299905776978,3.98960446545971E-06,0,0,0,0,0,38
2,3830,614.406445,0.327909648418427,4.0407230699202E-06,0,0,0,0,0,38
2,3831,614.566445,0.329596996307373,4.27355735155288E-06,0,0,0,0,0,38
2,3832,614.726445,0.331148564815521,4.75140268463292E-06,0,0,0,0,0,38
2,3833,614.886445,0.332467406988144,4.92891649628291E-06,0,0,0,0,0,38
2,3834,615.046445,0.334115982055664,5.91973639529897E-06,0,0,0,0,0,38
2,3835,615.206445,0.335958480834961,5.98474343860289E-06,0,0,0,0,0,38
2,3836,615.366445,0.337374269962311,6.19162938164664E-06,0,0,0,0,0,38
2,3837,615.526445,0.339158594608307,6.91627519699978E-06,0,0,0,0,0,38
2,3838,615.686445,0.340748965740204,7.13580448064022E-06,0,0,0,0,0,38
2,3839,615.846445,0.342455685138702,7.5866896622756E-06,0,0,0,0,0,38
2,3840,616.006445,0.34369695186615,7.87449425843079E-06,0,0,0,0,0,38
2,3841,616.166445,0.34584978222847,8.05862146080472E-06,0,0,0,0,0,38
2,3842,616.326445,0.346877694129944,8.61392254591919E-06,0,0,0,0,0,38
2,3843,616.486445,0.348797768354416,9.04236094356747E-06,0,0,0,0,0,38
2,3844,616.646445,0.350213587284088,9.89048476185417E-06,0,0,0,0,0,38
2,3845,616.806445,0.351765155792236,9.88223746389849E-06,0,0,0,0,0,38
2,3846,616.966445,0.353588253259659,9.82890105660772E-06,0,0,0,0,0,38
2,3847,617.126445,0.355333775281906,1.05658400570974E-05,0,0,0,0,0,38
2,3848,617.286445,0.356613844633102,1.08083222585265E-05,0,0,0,0,0,38
2,3849,617.446445,0.358087837696075,1.11454164652969E-05,0,0,0,0,0,38
2,3850,617.606445,0.359949737787247,1.12715015347931E-05,0,0,0,0,0,38
2,3851,617.766445,0.36132675409317,1.10664441308472E-05,0,0,0,0,0,38
2,3852,617.926445,0.363149851560593,1.13970027086907E-05,0,0,0,0,0,38
2,3853,618.086445,0.364701449871063,1.12799043563427E-05,0,0,0,0,0,38
2,3854,618.246445,0.366446971893311,1.13937348942272E-05,0,0,0,0,0,38
2,3855,618.406445,0.367785185575485,1.16383953354671E-05,0,0,0,0,0,38
2,3856,618.566445,0.369627684354782,1.08453587017721E-05,0,0,0,0,0,38
2,3857,618.726445,0.371179282665253,1.04178143374156E-05,0,0,0,0,0,38
2,3858,618.886445,0.372536897659302,1.00769075288554E-05,0,0,0,0,0,38
2,3859,619.046445,0.374437570571899,9.89153522823472E-06,0,0,0,0,0,38
2,3860,619.206445,0.375698238611221,8.96541132533457E-06,0,0,0,0,0,38
2,3861,619.366445,0.377346783876419,8.47570026962785E-06,0,0,0,0,0,38
2,3862,619.526445,0.37895655632019,7.22368622518843E-06,0,0,0,0,0,38
2,3863,619.686445,0.380779653787613,6.99069641996175E-06,0,0,0,0,0,38
2,3864,619.846445,0.38221487402916,6.21594381300383E-06,0,0,0,0,0,38
2,3865,620.006445,0.383727639913559,5.89098726777593E-06,0,0,0,0,0,38
2,3866,620.166445,0.385744690895081,4.94564483233262E-06,0,0,0,0,0,38
2,3867,620.326445,0.386888980865479,4.54082055512117E-06,0,0,0,0,0,38
2,3868,620.486445,0.388789683580399,3.97081430492108E-06,0,0,0,0,0,38
2,3869,620.646445,0.390341252088547,3.81780910174712E-06,0,0,0,0,0,38
2,3870,620.806445,0.391951024532318,3.2932023259491E-06,0,0,0,0,0,38
2,3871,620.966445,0.393289238214493,2.73136561190768E-06,0,0,0,0,0,38
2,3872,621.126445,0.395442068576813,2.86632007373555E-06,0,0,0,0,0,38
2,3873,621.286445,0.396702706813812,2.68075291387504E-06,0,0,0,0,0,38
2,3874,621.446445,0.398390054702759,2.57252486335346E-06,0,0,0,0,0,38
2,3875,621.606445,0.399767071008682,2.28199746743485E-06,0,0,0,0,0,38
2,3876,621.766445,0.401590198278427,2.31350895774085E-06,0,0,0,0,0,38
2,3877,621.926445,0.403102964162827,1.80209042355273E-06,0,0,0,0,0,38
2,3878,622.086445,0.404984265565872,2.01858551918122E-06,0,0,0,0,0,38
2,3879,622.246445,0.406438857316971,1.94474773707043E-06,0,0,0,0,0,38
2,3880,622.406445,0.407912850379944,2.21846903514233E-06,0,0,0,0,0,38
2,3881,622.566445,0.409580796957016,1.94603148884198E-06,0,0,0,0,0,38
2,3882,622.726445,0.411093592643738,2.12191184800758E-06,0,0,0,0,0,38
2,3883,622.886445,0.412955492734909,2.00349109036324E-06,0,0,0,0,0,38
2,3884,623.046445,0.414526462554932,2.47616230808489E-06,0,0,0,0,0,38
2,3885,623.206445,0.415864706039429,2.03087870431773E-06,0,0,0,0,0,38
2,3886,623.366445,0.417842954397202,1.77621996044763E-06,0,0,0,0,0,38
2,3887,623.526445,0.418967843055725,2.26153451876598E-06,0,0,0,0,0,38
2,3888,623.686445,0.420519441366196,2.3273194074136E-06,0,0,0,0,0,38
2,3889,623.846445,0.422633439302444,2.47740717895795E-06,0,0,0,0,0,38
2,3890,624.006445,0.423680752515793,2.06452978090965E-06,0,0,0,0,0,38
2,3891,624.166445,0.425930559635162,2.72840907200589E-06,0,0,0,0,0,38
2,3892,624.326445,0.427016645669937,2.72759211839002E-06,0,0,0,0,0,38
2,3893,624.486445,0.428859144449234,2.60886031355767E-06,0,0,0,0,0,38
2,3894,624.646445,0.43064346909523,2.86013460026879E-06,0,0,0,0,0,38
2,3895,624.806445,0.431904137134552,2.88888372779184E-06,0,0,0,0,0,38
2,3896,624.966445,0.4334557056427,3.03955494018737E-06,0,0,0,0,0,38
2,3897,625.126445,0.435472756624222,3.65538903679408E-06,0,0,0,0,0,38
2,3898,625.286445,0.43661704659462,3.37236997438595E-06,0,0,0,0,0,38
2,3899,625.446445,0.438265591859818,3.5668847431225E-06,0,0,0,0,0,38
2,3900,625.606445,0.44018566608429,3.89553724744474E-06,0,0,0,0,0,38
2,3901,625.766445,0.441620886325836,3.70818042938481E-06,0,0,0,0,0,38
2,3902,625.926445,0.44315305352211,3.85745124731329E-06,0,0,0,0,0,38
2,3903,626.086445,0.445092529058456,3.96427867599414E-06,0,0,0,0,0,38
2,3904,626.246445,0.446256220340729,4.23224219048279E-06,0,0,0,0,0,38
2,3905,626.406445,0.447962939739227,4.10378470405703E-06,0,0,0,0,0,38
2,3906,626.566445,0.449417561292648,4.25324969910434E-06,0,0,0,0,0,38
2,3907,626.726445,0.451221257448196,4.63644437331823E-06,0,0,0,0,0,38
2,3908,626.886445,0.452928006649017,4.94934056405327E-06,0,0,0,0,0,38
2,3909,627.046445,0.454169273376465,4.7912781155901E-06,0,0,0,0,0,38
2,3910,627.206445,0.455875992774963,4.94899086334044E-06,0,0,0,0,0,38
2,3911,627.366445,0.457388788461685,5.16178988618776E-06,0,0,0,0,0,38
2,3912,627.526445,0.459153711795807,5.12934502694407E-06,0,0,0,0,0,38
2,3913,627.686445,0.460841029882431,5.4450033530884E-06,0,0,0,0,0,38
2,3914,627.846445,0.462761104106903,5.18186379849794E-06,0,0,0,0,0,38
2,3915,628.006445,0.463672667741776,5.38291442353511E-06,0,0,0,0,0,38
2,3916,628.166445,0.465398788452148,5.7744728110265E-06,0,0,0,0,0,38
2,3917,628.326445,0.46726068854332,5.45453485756298E-06,0,0,0,0,0,38
2,3918,628.486445,0.468521356582642,5.21107995155035E-06,0,0,0,0,0,38
2,3919,628.646445,0.470169901847839,5.64449783269083E-06,0,0,0,0,0,38
2,3920,628.806445,0.471857249736786,5.61294746148633E-06,0,0,0,0,0,38
2,3921,628.966445,0.473660945892334,5.85881434744806E-06,0,0,0,0,0,38
2,3922,629.126445,0.475096166133881,5.3348690016719E-06,0,0,0,0,0,38
2,3923,629.286445,0.476996839046478,5.10837617184734E-06,0,0,0,0,0,38
2,3924,629.446445,0.478432059288025,5.06309288539342E-06,0,0,0,0,0,38
2,3925,629.606445,0.480003029108047,5.35272556589916E-06,0,0,0,0,0,38
2,3926,629.766445,0.481457620859146,4.68779626316973E-06,0,0,0,0,0,38
2,3927,629.926445,0.483203142881393,4.68293319499935E-06,0,0,0,0,0,38
2,3928,630.086445,0.484657764434814,4.47351840193733E-06,0,0,0,0,0,38
2,3929,630.246445,0.486209332942963,4.3689083213394E-06,0,0,0,0,0,38
2,3930,630.406445,0.487896680831909,4.43434328190051E-06,0,0,0,0,0,38
2,3931,630.566445,0.489234894514084,4.09421454605763E-06,0,0,0,0,0,38
2,3932,630.726445,0.49117437005043,3.95910456063575E-06,0,0,0,0,0,38
2,3933,630.886445,0.492667764425278,3.69312488146534E-06,0,0,0,0,0,38
2,3934,631.046445,0.494258135557175,3.42944053954852E-06,0,0,0,0,0,38
2,3935,631.206445,0.496197611093521,3.6692774756375E-06,0,0,0,0,0,38
2,3936,631.366445,0.49714794754982,3.77174774257583E-06,0,0,0,0,0,38
2,3937,631.526445,0.498815894126892,3.28814508065989E-06,0,0,0,0,0,38
2,3938,631.686445,0.500949323177338,3.29047929881199E-06,0,0,0,0,0,38
2,3939,631.846445,0.502074182033539,3.14000249090896E-06,0,0,0,0,0,38
2,3940,632.006445,0.503819704055786,2.76237142315949E-06,0,0,0,0,0,38
2,3941,632.166445,0.505642831325531,2.83500321529573E-06,0,0,0,0,0,38
2,3942,632.326445,0.506864726543427,3.09444703816553E-06,0,0,0,0,0,38
2,3943,632.486445,0.508765399456024,2.19878393181716E-06,0,0,0,0,0,38
2,3944,632.646445,0.510724246501923,2.58567411037802E-06,0,0,0,0,0,38
2,3945,632.806445,0.512178838253021,2.6426280328451E-06,0,0,0,0,0,38
2,3946,632.966445,0.513536512851715,2.24290010919503E-06,0,0,0,0,0,38
2,3947,633.126445,0.514894127845764,2.23951542466239E-06,0,0,0,0,0,38
2,3948,633.286445,0.516852974891663,2.63064589489659E-06,0,0,0,0,0,38
2,3949,633.446445,0.51819121837616,2.07409993890906E-06,0,0,0,0,0,38
2,3950,633.606445,0.519781589508057,1.95929737856204E-06,0,0,0,0,0,38
2,3951,633.766445,0.521274983882904,2.21395612243214E-06,0,0,0,0,0,38
2,3952,633.926445,0.523136854171753,2.18625723391597E-06,0,0,0,0,0,38
2,3953,634.086445,0.524610877037048,1.93494406630634E-06,0,0,0,0,0,38
2,3954,634.246445,0.526395201683044,2.18979744204262E-06,0,0,0,0,0,38
2,3955,634.406445,0.527946770191193,1.98536235984648E-06,0,0,0,0,0,38
2,3956,634.566445,0.529265582561493,2.06690287996025E-06,0,0,0,0,0,38
2,3957,634.726445,0.531069278717041,1.85674912245304E-06,0,0,0,0,0,38
2,3958,634.886445,0.532795429229736,1.87507237114914E-06,0,0,0,0,0,38
2,3959,635.046445,0.534405171871185,1.86239003596711E-06,0,0,0,0,0,38
2,3960,635.206445,0.535879194736481,1.76956757513835E-06,0,0,0,0,0,38
2,3961,635.366445,0.53739196062088,1.70491080098145E-06,0,0,0,0,0,38
2,3962,635.526445,0.539234459400177,1.89950344520184E-06,0,0,0,0,0,38
2,3963,635.686445,0.540359377861023,1.93035361917282E-06,0,0,0,0,0,38
2,3964,635.846445,0.542531609535217,1.64519474310509E-06,0,0,0,0,0,38
2,3965,636.006445,0.543947398662567,1.96147584574646E-06,0,0,0,0,0,38
2,3966,636.166445,0.545576572418213,2.00625322577253E-06,0,0,0,0,0,38
2,3967,636.326445,0.546876013278961,1.73443822859554E-06,0,0,0,0,0,38
2,3968,636.486445,0.548776686191559,1.7659107243162E-06,0,0,0,0,0,38
2,3969,636.646445,0.550037324428558,1.81477275873476E-06,0,0,0,0,0,38
2,3970,636.806445,0.551821649074554,1.5900692460491E-06,0,0,0,0,0,38
2,3971,636.966445,0.553819298744202,1.73984574303176E-06,0,0,0,0,0,38
2,3972,637.126445,0.554905414581299,2.03624745154229E-06,0,0,0,0,0,38
2,3973,637.286445,0.557000041007996,1.51564790940029E-06,0,0,0,0,0,38
2,3974,637.446445,0.558280110359192,1.64519474310509E-06,0,0,0,0,0,38
2,3975,637.606445,0.560103178024292,1.70650582731469E-06,0,0,0,0,0,38
2,3976,637.766445,0.561480224132538,1.69331769939163E-06,0,0,0,0,0,38
2,3977,637.926445,0.563283920288086,1.74210208570003E-06,0,0,0,0,0,38
2,3978,638.086445,0.564893662929535,1.90491095963807E-06,0,0,0,0,0,38
2,3979,638.246445,0.566639244556427,1.59360945417575E-06,0,0,0,0,0,38
2,3980,638.406445,0.56813257932663,1.74972706190601E-06,0,0,0,0,0,38
2,3981,638.566445,0.569664776325226,1.82076382770902E-06,0,0,0,0,0,38
2,3982,638.726445,0.57108062505722,1.88919420907041E-06,0,0,0,0,0,38
2,3983,638.886445,0.572729170322418,1.57229055730568E-06,0,0,0,0,0,38
2,3984,639.046445,0.574358284473419,1.63461311331048E-06,0,0,0,0,0,38
2,3985,639.206445,0.575929284095764,1.58664579430479E-06,0,0,0,0,0,38
2,3986,639.366445,0.577519655227661,1.76629976067488E-06,0,0,0,0,0,38
2,3987,639.526445,0.578741490840912,1.64114885592426E-06,0,0,0,0,0,38
2,3988,639.686445,0.580409467220306,1.97341910279647E-06,0,0,0,0,0,38
2,3989,639.846445,0.581980407238007,1.48592596360686E-06,0,0,0,0,0,38
2,3990,640.006445,0.583978116512299,1.78357265667728E-06,0,0,0,0,0,38
2,3991,640.166445,0.585684835910797,1.69355121215631E-06,0,0,0,0,0,38
2,3992,640.326445,0.586964905261993,1.63488550697366E-06,0,0,0,0,0,38
2,3993,640.486445,0.588497042655945,1.91218578038388E-06,0,0,0,0,0,38
2,3994,640.646445,0.590106844902039,1.51514211665926E-06,0,0,0,0,0,38
2,3995,640.806445,0.592065691947937,1.48880485539848E-06,0,0,0,0,0,38
2,3996,640.966445,0.593753039836884,1.79438768554974E-06,0,0,0,0,0,38
2,3997,641.126445,0.595227003097534,1.7209777070093E-06,0,0,0,0,0,38
2,3998,641.286445,0.596778631210327,1.76202036072937E-06,0,0,0,0,0,38
2,3999,641.446445,0.598194420337677,1.05542574146966E-06,0,0,0,0,0,38
2,4000,641.606445,0.599629640579224,1.94307472156652E-06,0,0,0,0,0,38
2,4001,641.766445,0.599261105060577,1.7170096953123E-06,0,0,0,0,0,38
2,4002,641.926445,0.59767073392868,1.25542590012628E-06,0,0,0,0,0,38
2,4003,642.086445,0.596274316310883,1.57240731368802E-06,0,0,0,0,0,38
2,4004,642.246445,0.594548225402832,1.3211330269769E-06,0,0,0,0,0,38
2,4005,642.406445,0.592763900756836,1.04748949070199E-06,0,0,0,0,0,38
2,4006,642.566445,0.591464459896088,1.12630698367866E-06,0,0,0,0,0,38
2,4007,642.726445,0.590339541435242,1.09187783436937E-06,0,0,0,0,0,38
2,4008,642.886445,0.588050961494446,1.10981204670679E-06,0,0,0,0,0,38
2,4009,643.046445,0.586596369743347,7.37705192932481E-07,0,0,0,0,0,38
2,4010,643.206445,0.585025429725647,1.04684090729279E-06,0,0,0,0,0,38
2,4011,643.366445,0.5835902094841,1.01623584214394E-06,0,0,0,0,0,38
2,4012,643.526445,0.581805884838104,9.60374336500536E-07,0,0,0,0,0,38
2,4013,643.686445,0.580642223358154,9.08113690911705E-07,0,0,0,0,0,38
2,4014,643.846445,0.578663945198059,8.93126468781702E-07,0,0,0,0,0,38
2,4015,644.006445,0.576957225799561,8.39561721477367E-07,0,0,0,0,0,38
2,4016,644.166445,0.575386226177216,7.79484366830729E-07,0,0,0,0,0,38
2,4017,644.326445,0.573737680912018,7.47785463772743E-07,0,0,0,0,0,38
2,4018,644.486445,0.572205483913422,6.54545431189035E-07,0,0,0,0,0,38
2,4019,644.646445,0.570595741271973,6.25345649041265E-07,0,0,0,0,0,38
2,4020,644.806445,0.569160521030426,5.29653220837645E-07,0,0,0,0,0,38
2,4021,644.966445,0.567511975765228,5.91809339312022E-07,0,0,0,0,0,38
2,4022,645.126445,0.565727651119232,5.29162718976295E-07,0,0,0,0,0,38
2,4023,645.286445,0.564214885234833,5.12377027916955E-07,0,0,0,0,0,38
2,4024,645.446445,0.562566339969635,4.60439480320929E-07,0,0,0,0,0,38
2,4025,645.606445,0.561034142971039,4.34494069168068E-07,0,0,0,0,0,38
2,4026,645.766445,0.559249818325043,4.50143062380448E-07,0,0,0,0,0,38
2,4027,645.926445,0.557969748973846,4.04589684421808E-07,0,0,0,0,0,38
2,4028,646.086445,0.556340634822845,3.82237317353429E-07,0,0,0,0,0,38
2,4029,646.246445,0.554498136043549,3.37703852437699E-07,0,0,0,0,0,38
2,4030,646.406445,0.552849590778351,3.54843791683379E-07,0,0,0,0,0,38
2,4031,646.566445,0.551588892936707,2.6068121883327E-07,0,0,0,0,0,38
2,4032,646.726445,0.549920976161957,2.91169499178068E-07,0,0,0,0,0,38
2,4033,646.886445,0.548117280006409,2.67435183332054E-07,0,0,0,0,0,38
2,4034,647.046445,0.546565711498261,2.80437092214925E-07,0,0,0,0,0,38
2,4035,647.206445,0.545169293880463,2.06680496717127E-07,0,0,0,0,0,38
2,4036,647.366445,0.543384969234467,2.24201912146782E-07,0,0,0,0,0,38
2,4037,647.526445,0.541813969612122,2.34938212884117E-07,0,0,0,0,0,38
2,4038,647.686445,0.540475726127625,1.91202772725774E-07,0,0,0,0,0,38
2,4039,647.846445,0.538594484329224,2.05956425247678E-07,0,0,0,0,0,38
2,4040,648.006445,0.537178635597229,1.31320064156171E-07,0,0,0,0,0,38
2,4041,648.166445,0.535374939441681,1.20579869644644E-07,0,0,0,0,0,38
2,4042,648.326445,0.534056067466736,1.31841687789347E-07,0,0,0,0,0,38
2,4043,648.486445,0.532329976558685,8.24889596628964E-08,0,0,0,0,0,38
2,4044,648.646445,0.530623257160187,1.17247637376749E-07,0,0,0,0,0,38
2,4045,648.806445,0.529110431671143,8.94492586667184E-08,0,0,0,0,0,38
2,4046,648.966445,0.527733445167542,2.16564028931998E-08,0,0,0,0,0,38
2,4047,649.126445,0.52573573589325,6.83503600384938E-08,0,0,0,0,0,38
2,4048,649.286445,0.524300575256348,-1.20745831111435E-08,0,0,0,0,0,38
2,4049,649.446445,0.522787749767303,-1.23237215987615E-08,0,0,0,0,0,38
2,4050,649.606445,0.521119832992554,2.38324684431745E-08,0,0,0,0,0,38
2,4051,649.766445,0.519316136837006,-6.09290395914286E-08,0,0,0,0,0,38
2,4052,649.926445,0.51784211397171,-2.12073092420439E-09,0,0,0,0,0,38
2,4053,650.086445,0.516445696353912,-4.3174043895533E-08,0,0,0,0,0,38
2,4054,650.246445,0.514719545841217,-8.46322123493337E-08,0,0,0,0,0,38
2,4055,650.406445,0.513264954090118,-7.24516837635747E-08,0,0,0,0,0,38
2,4056,650.566445,0.511752188205719,-1.02313236993723E-07,0,0,0,0,0,38
2,4057,650.726445,0.510084211826324,-1.02570162141546E-07,0,0,0,0,0,38
2,4058,650.886445,0.508125364780426,-1.29060566678163E-07,0,0,0,0,0,38
2,4059,651.046445,0.506825923919678,-2.05666694341744E-07,0,0,0,0,0,38
2,4060,651.206445,0.505157947540283,-1.85949730280299E-07,0,0,0,0,0,38
2,4061,651.366445,0.503431856632233,-2.19100698473085E-07,0,0,0,0,0,38
2,4062,651.526445,0.501841485500336,-2.04751884780308E-07,0,0,0,0,0,38
2,4063,651.686445,0.50021231174469,-2.44524471781915E-07,0,0,0,0,0,38
2,4064,651.846445,0.498912870883942,-2.75623932566305E-07,0,0,0,0,0,38
2,4065,652.006445,0.496953994035721,-2.40098387394028E-07,0,0,0,0,0,38
2,4066,652.166445,0.495538175106049,-3.05536104860948E-07,0,0,0,0,0,38
2,4067,652.326445,0.493889629840851,-3.05096222064094E-07,0,0,0,0,0,38
2,4068,652.486445,0.492163509130478,-3.20457132829688E-07,0,0,0,0,0,38
2,4069,652.646445,0.490747690200806,-3.7589819612549E-07,0,0,0,0,0,38
2,4070,652.806445,0.489254295825958,-3.94832710526316E-07,0,0,0,0,0,38
2,4071,652.966445,0.487644553184509,-3.61977583906992E-07,0,0,0,0,0,38
2,4072,653.126445,0.485821425914764,-4.24340015570124E-07,0,0,0,0,0,38
2,4073,653.286445,0.484405606985092,-4.02221218109844E-07,0,0,0,0,0,38
2,4074,653.446445,0.48258250951767,-4.54450713505139E-07,0,0,0,0,0,38
2,4075,653.606445,0.480992138385773,-5.8344204489913E-07,0,0,0,0,0,38
2,4076,653.766445,0.479537546634674,-4.68172771661557E-07,0,0,0,0,0,38
2,4077,653.926445,0.477675646543503,-5.01440524658392E-07,0,0,0,0,0,38
2,4078,654.086445,0.47635680437088,-5.44362364962581E-07,0,0,0,0,0,38
2,4079,654.246445,0.474902212619781,-5.78081653657136E-07,0,0,0,0,0,38
2,4080,654.406445,0.473311841487885,-6.11688108165254E-07,0,0,0,0,0,38
2,4081,654.566445,0.471430569887161,-6.05553054811026E-07,0,0,0,0,0,38
2,4082,654.726445,0.46966564655304,-6.51048026156786E-07,0,0,0,0,0,38
2,4083,654.886445,0.468463152647018,-6.50471918106632E-07,0,0,0,0,0,38
2,4084,655.046445,0.466562479734421,-6.87519559505745E-07,0,0,0,0,0,38
2,4085,655.206445,0.465049684047699,-6.56241013530234E-07,0,0,0,0,0,38
2,4086,655.366445,0.46369206905365,-7.63101866141369E-07,0,0,0,0,0,38
2,4087,655.526445,0.461655616760254,-7.44105079775181E-07,0,0,0,0,0,38
2,4088,655.686445,0.46047255396843,-7.47865499306499E-07,0,0,0,0,0,38
2,4089,655.846445,0.458785206079483,-9.3292072733675E-07,0,0,0,0,0,38
2,4090,656.006445,0.457194834947586,-8.00994257588172E-07,0,0,0,0,0,38
2,4091,656.166445,0.45525535941124,-8.96087215096486E-07,0,0,0,0,0,38
2,4092,656.326445,0.453917115926743,-9.49846594267001E-07,0,0,0,0,0,38
2,4093,656.486445,0.452501326799393,-9.27502014747006E-07,0,0,0,0,0,38
2,4094,656.646445,0.450484275817871,-9.60703573582578E-07,0,0,0,0,0,38
2,4095,656.806445,0.4488745033741,-9.90467810879636E-07,0,0,0,0,0,38
2,4096,656.966445,0.447342306375504,-8.68637414441764E-07,0,0,0,0,0,38
2,4097,657.126445,0.44606226682663,-1.01086664017203E-06,0,0,0,0,0,38
2,4098,657.286445,0.444064617156982,-1.33586206629843E-06,0,0,0,0,0,38
2,4099,657.446445,0.442668199539185,-9.59592512117524E-07,0,0,0,0,0,38
2,4100,657.606445,0.441349357366562,-1.26214092688315E-06,0,0,0,0,0,38
2,4101,657.766445,0.439448684453964,-1.28143676647596E-06,0,0,0,0,0,38
2,4102,657.926445,0.438149213790894,-1.0749787406894E-06,0,0,0,0,0,38
2,4103,658.086445,0.436151564121246,-1.05144249573641E-06,0,0,0,0,0,38
2,4104,658.246445,0.435143053531647,-1.30547880416998E-06,0,0,0,0,0,38
2,4105,658.406445,0.433029025793076,-1.37480390094424E-06,0,0,0,0,0,38
2,4106,658.566445,0.431555032730103,-1.32671982555621E-06,0,0,0,0,0,38
2,4107,658.726445,0.429925858974457,-1.55578061367123E-06,0,0,0,0,0,38
2,4108,658.886445,0.428490668535233,-1.44751356856432E-06,0,0,0,0,0,38
2,4109,659.046445,0.426783919334412,-1.88493856967398E-06,0,0,0,0,0,38
2,4110,659.206445,0.425193548202515,-1.67602968303981E-06,0,0,0,0,0,38
2,4111,659.366445,0.423389852046967,-1.55834811721434E-06,0,0,0,0,0,38
2,4112,659.526445,0.422051608562469,-1.73948035353533E-06,0,0,0,0,0,38
2,4113,659.686445,0.420577615499496,-1.71119791048113E-06,0,0,0,0,0,38
2,4114,659.846445,0.418909668922424,-1.65229880622064E-06,0,0,0,0,0,38
2,4115,660.006445,0.417067170143127,-1.8538939912105E-06,0,0,0,0,0,38
2,4116,660.166445,0.415534973144531,-1.76924118022725E-06,0,0,0,0,0,38
2,4117,660.326445,0.413789451122284,-1.82638962087367E-06,0,0,0,0,0,38
2,4118,660.486445,0.411908179521561,-1.98161251319107E-06,0,0,0,0,0,38
2,4119,660.646445,0.410763889551163,-1.59647311193112E-06,0,0,0,0,0,38
2,4120,660.806445,0.409018367528915,-2.22460039367434E-06,0,0,0,0,0,38
2,4121,660.966445,0.40738919377327,-2.05494461624767E-06,0,0,0,0,0,38
2,4122,661.126445,0.406050980091095,-2.49264189733367E-06,0,0,0,0,0,38
2,4123,661.286445,0.404072701931,-2.32672073252616E-06,0,0,0,0,0,38
2,4124,661.446445,0.402676284313202,-1.8672377564144E-06,0,0,0,0,0,38
2,4125,661.606445,0.401182889938354,-2.52520362664654E-06,0,0,0,0,0,38
2,4126,661.766445,0.399689495563507,-1.90061655302998E-06,0,0,0,0,0,38
2,4127,661.926445,0.397963374853134,-2.35173524743004E-06,0,0,0,0,0,38
2,4128,662.086445,0.396101474761963,-2.32275260714232E-06,0,0,0,0,0,38
2,4129,662.246445,0.394666284322739,-2.23323695536237E-06,0,0,0,0,0,38
2,4130,662.406445,0.393308639526367,-2.62502862824476E-06,0,0,0,0,0,38
2,4131,662.566445,0.391621291637421,-2.61090690401034E-06,0,0,0,0,0,38
2,4132,662.726445,0.389933973550797,-2.78414177046216E-06,0,0,0,0,0,38
2,4133,662.886445,0.388130247592926,-2.51582810051332E-06,0,0,0,0,0,38
2,4134,663.046445,0.386966556310654,-2.79600726571516E-06,0,0,0,0,0,38
2,4135,663.206445,0.384813755750656,-2.57651663559955E-06,0,0,0,0,0,38
2,4136,663.366445,0.383339762687683,-2.80503286376188E-06,0,0,0,0,0,38
2,4137,663.526445,0.38186576962471,-2.83277063317655E-06,0,0,0,0,0,38
2,4138,663.686445,0.380566298961639,-2.82141081697773E-06,0,0,0,0,0,38
2,4139,663.846445,0.378937155008316,-3.04899322145502E-06,0,0,0,0,0,38
2,4140,664.006445,0.376920104026794,-2.96970893032267E-06,0,0,0,0,0,38
2,4141,664.166445,0.375640064477921,-3.16756950269337E-06,0,0,0,0,0,38
2,4142,664.326445,0.374243646860123,-3.1935567221808E-06,0,0,0,0,0,38
2,4143,664.486445,0.372129619121552,-3.49828360413085E-06,0,0,0,0,0,38
2,4144,664.646445,0.370907753705978,-3.53294626620482E-06,0,0,0,0,0,38
2,4145,664.806445,0.369007050991058,-3.34551168634789E-06,0,0,0,0,0,38
2,4146,664.966445,0.36770761013031,-4.08069990953663E-06,0,0,0,0,0,38
2,4147,665.126445,0.366020262241364,-3.61966090167698E-06,0,0,0,0,0,38
2,4148,665.286445,0.364313542842865,-3.99729196942644E-06,0,0,0,0,0,38
2,4149,665.446445,0.362606793642044,-3.9660531001573E-06,0,0,0,0,0,38
2,4150,665.606445,0.361384928226471,-3.68373412129586E-06,0,0,0,0,0,38
2,4151,665.766445,0.359406679868698,-3.84716531698359E-06,0,0,0,0,0,38
2,4152,665.926445,0.357816308736801,-4.23242181568639E-06,0,0,0,0,0,38
2,4153,666.086445,0.35620653629303,-4.1817697820079E-06,0,0,0,0,0,38
2,4154,666.246445,0.354868322610855,-4.35729998571333E-06,0,0,0,0,0,38
2,4155,666.406445,0.353239148855209,-4.47646016255021E-06,0,0,0,0,0,38
2,4156,666.566445,0.351610004901886,-4.53897700936068E-06,0,0,0,0,0,38
2,4157,666.726445,0.350136011838913,-4.30657064498519E-06,0,0,0,0,0,38
2,4158,666.886445,0.34856504201889,-4.98581675856258E-06,0,0,0,0,0,38
2,4159,667.046445,0.34666433930397,-4.74454054710804E-06,0,0,0,0,0,38
2,4160,667.206445,0.345151573419571,-4.97013888889342E-06,0,0,0,0,0,38
2,4161,667.366445,0.343406051397324,-4.81289271192509E-06,0,0,0,0,0,38
2,4162,667.526445,0.341835051774979,-5.24187589689973E-06,0,0,0,0,0,38
2,4163,667.686445,0.340399861335754,-5.09252731717424E-06,0,0,0,0,0,38
2,4164,667.846445,0.338906466960907,-5.17982562087127E-06,0,0,0,0,0,38
2,4165,668.006445,0.337025165557861,-5.05304114994942E-06,0,0,0,0,0,38
2,4166,668.166445,0.335512399673462,-5.40406244908809E-06,0,0,0,0,0,38
2,4167,668.326445,0.333689272403717,-5.3184758144198E-06,0,0,0,0,0,38
2,4168,668.486445,0.332254081964493,-5.29237195223686E-06,0,0,0,0,0,38
2,4169,668.646445,0.330974012613297,-5.86580199524178E-06,0,0,0,0,0,38
2,4170,668.806445,0.329286694526672,-5.42156885785516E-06,0,0,0,0,0,38
2,4171,668.966445,0.327482968568802,-6.15800217929063E-06,0,0,0,0,0,38
2,4172,669.126445,0.325970202684402,-5.59235286345938E-06,0,0,0,0,0,38
2,4173,669.286445,0.324282854795456,-6.2205967878981E-06,0,0,0,0,0,38
2,4174,669.446445,0.322964012622833,-6.03565194978728E-06,0,0,0,0,0,38
2,4175,669.606445,0.321063309907913,-6.30579415883403E-06,0,0,0,0,0,38
2,4176,669.766445,0.319395393133163,-6.47152091914904E-06,0,0,0,0,0,38
2,4177,669.926445,0.317766219377518,-6.35718515695771E-06,0,0,0,0,0,38
2,4178,670.086445,0.316331028938293,-6.65996685711434E-06,0,0,0,0,0,38
2,4179,670.246445,0.314798831939697,-6.93901802151231E-06,0,0,0,0,0,38
2,4180,670.406445,0.3131502866745,-6.74049624649342E-06,0,0,0,0,0,38
2,4181,670.566445,0.311501741409302,-6.88482623445452E-06,0,0,0,0,0,38
2,4182,670.726445,0.309969544410706,-7.07646222508629E-06,0,0,0,0,0,38
2,4183,670.886445,0.308437377214432,-6.87159899825929E-06,0,0,0,0,0,38
2,4184,671.046445,0.306788802146912,-7.18931960363989E-06,0,0,0,0,0,38
2,4185,671.206445,0.305179059505463,-7.07860181137221E-06,0,0,0,0,0,38
2,4186,671.366445,0.303433537483215,-7.50318895370583E-06,0,0,0,0,0,38
2,4187,671.526445,0.301998317241669,-7.28214217815548E-06,0,0,0,0,0,38
2,4188,671.686445,0.300020068883896,-7.59029262553668E-06,0,0,0,0,0,38
2,4189,671.846445,0.299069702625275,-7.29062321624951E-06,0,0,0,0,0,38
2,4190,672.006445,0.297033280134201,-7.84876374382293E-06,0,0,0,0,0,38
2,4191,672.166445,0.295636862516403,-7.79270521888975E-06,0,0,0,0,0,38
2,4192,672.326445,0.294453769922256,-8.10774145065807E-06,0,0,0,0,0,38
2,4193,672.486445,0.29235914349556,-7.92271839600289E-06,0,0,0,0,0,38
2,4194,672.646445,0.291040301322937,-8.37099742057035E-06,0,0,0,0,0,38
2,4195,672.806445,0.28904265165329,-8.07315609563375E-06,0,0,0,0,0,38
2,4196,672.966445,0.287723809480667,-8.41565815790091E-06,0,0,0,0,0,38
2,4197,673.126445,0.285958886146545,-8.5678075265605E-06,0,0,0,0,0,38
2,4198,673.286445,0.284058213233948,-8.59157717059134E-06,0,0,0,0,0,38
2,4199,673.446445,0.282778143882751,-8.74645047588274E-06,0,0,0,0,0,38
2,4200,673.606445,0.280741721391678,-8.81184587342432E-06,0,0,0,0,0,38
2,4201,673.766445,0.27950045466423,-8.88832892087521E-06,0,0,0,0,0,38
2,4202,673.926445,0.277793705463409,-9.32268085307442E-06,0,0,0,0,0,38
2,4203,674.086445,0.276106387376785,-9.2565460363403E-06,0,0,0,0,0,38
2,4204,674.246445,0.274942696094513,-9.45211104408372E-06,0,0,0,0,0,38
2,4205,674.406445,0.272867470979691,-9.55493123910856E-06,0,0,0,0,0,38
2,4206,674.566445,0.271490424871445,-9.74559497990413E-06,0,0,0,0,0,38
2,4207,674.726445,0.269609153270721,-1.01620125860791E-05,0,0,0,0,0,38
2,4208,674.886445,0.268173933029175,-9.94127731246408E-06,0,0,0,0,0,38
2,4209,675.046445,0.266544789075851,-1.04675955299172E-05,0,0,0,0,0,38
2,4210,675.206445,0.265419870615005,-1.03650863820803E-05,0,0,0,0,0,38
2,4211,675.366445,0.263422220945358,-1.06065954241785E-05,0,0,0,0,0,38
2,4212,675.526445,0.26237490773201,-1.06155048342771E-05,0,0,0,0,0,38
2,4213,675.686445,0.260454833507538,-1.07282066892367E-05,0,0,0,0,0,38
2,4214,675.846445,0.25880628824234,-1.05171575341956E-05,0,0,0,0,0,38
2,4215,676.006445,0.257312893867493,-1.11999434011523E-05,0,0,0,0,0,38
2,4216,676.166445,0.255431592464447,-1.1318597898935E-05,0,0,0,0,0,38
2,4217,676.326445,0.253938227891922,-1.20558479466126E-05,0,0,0,0,0,38
2,4218,676.486445,0.252347856760025,-1.17705722004757E-05,0,0,0,0,0,38
2,4219,676.646445,0.250912636518478,-1.16809396786266E-05,0,0,0,0,0,38
2,4220,676.806445,0.248934373259544,-1.20435543067288E-05,0,0,0,0,0,38
2,4221,676.966445,0.247440978884697,-1.22645233204821E-05,0,0,0,0,0,38
2,4222,677.126445,0.246044561266899,-1.24172174764681E-05,0,0,0,0,0,38
2,4223,677.286445,0.244396016001701,-1.26171398733277E-05,0,0,0,0,0,38
2,4224,677.446445,0.242786258459091,-1.28805522763287E-05,0,0,0,0,0,38
2,4225,677.606445,0.241098910570145,-1.29195714180241E-05,0,0,0,0,0,38
2,4226,677.766445,0.239741280674934,-1.321184936387E-05,0,0,0,0,0,38
2,4227,677.926445,0.237995758652687,-1.33804551296635E-05,0,0,0,0,0,38
2,4228,678.086445,0.236424788832664,-1.3523501365853E-05,0,0,0,0,0,38
2,4229,678.246445,0.23479562997818,-1.36724220283213E-05,0,0,0,0,0,38
2,4230,678.406445,0.233127683401108,-1.41631444421364E-05,0,0,0,0,0,38
2,4231,678.566445,0.231498524546623,-1.39711191877723E-05,0,0,0,0,0,38
2,4232,678.726445,0.230082720518112,-1.44715668284334E-05,0,0,0,0,0,38
2,4233,678.886445,0.228143244981766,-1.43080187626765E-05,0,0,0,0,0,38
2,4234,679.046445,0.226863190531731,-1.47128821481601E-05,0,0,0,0,0,38
2,4235,679.206445,0.225059479475021,-1.46467855302035E-05,0,0,0,0,0,38
2,4236,679.366445,0.223372146487236,-1.53224136738572E-05,0,0,0,0,0,38
2,4237,679.526445,0.221820563077927,-1.55143225128995E-05,0,0,0,0,0,38
2,4238,679.686445,0.220268979668617,-1.56990718096495E-05,0,0,0,0,0,38
2,4239,679.846445,0.218659222126007,-1.58823822857812E-05,0,0,0,0,0,38
2,4240,680.006445,0.217030063271523,-1.86312518053455E-05,0,0,0,0,0,38
2,4241,680.166445,0.21536211669445,-1.81579907803098E-05,0,0,0,0,0,38
2,4242,680.326445,0.213985100388527,-1.48000926856184E-05,0,0,0,0,0,38
2,4243,680.486445,0.21223957836628,-1.9950788555434E-05,0,0,0,0,0,38
2,4244,680.646445,0.211075887084007,-1.4267770893639E-05,0,0,0,0,0,38
2,4245,680.806445,0.209136426448822,-1.72239033418009E-05,0,0,0,0,0,38
2,4246,680.966445,0.207604244351387,-1.47130558616482E-05,0,0,0,0,0,38
2,4247,681.126445,0.205858707427979,-2.04291009140434E-05,0,0,0,0,0,38
2,4248,681.286445,0.204171374440193,-1.63795721164206E-05,0,0,0,0,0,38
2,4249,681.446445,0.202619791030884,-1.80161696334835E-05,0,0,0,0,0,38
2,4250,681.606445,0.201436713337898,-1.49201559906942E-05,0,0,0,0,0,38
2,4251,681.766445,0.199536040425301,-1.99080477614189E-05,0,0,0,0,0,38
2,4252,681.926445,0.197868093848228,-1.65509245562134E-05,0,0,0,0,0,38
2,4253,682.086445,0.196413487195969,-1.88966369023547E-05,0,0,0,0,0,38
2,4254,682.246445,0.194900691509247,-1.86479610420065E-05,0,0,0,0,0,38
2,4255,682.406445,0.193407312035561,-1.63815147971036E-05,0,0,0,0,0,38
2,4256,682.566445,0.191758751869202,-1.90722639672458E-05,0,0,0,0,0,38
2,4257,682.726445,0.189955040812492,-1.79644903255394E-05,0,0,0,0,0,38
2,4258,682.886445,0.188306495547295,-2.09509307751432E-05,0,0,0,0,0,38
2,4259,683.046445,0.186948865652084,-1.67801736097317E-05,0,0,0,0,0,38
2,4260,683.206445,0.184834837913513,-1.99624446395319E-05,0,0,0,0,0,38
2,4261,683.366445,0.183554783463478,-2.16021508094855E-05,0,0,0,0,0,38
2,4262,683.526445,0.182197153568268,-1.94184667634545E-05,0,0,0,0,0,38
2,4263,683.686445,0.180199503898621,-2.22191774810199E-05,0,0,0,0,0,38
2,4264,683.846445,0.178647920489311,-2.16211901715724E-05,0,0,0,0,0,38
2,4265,684.006445,0.177193328738213,-2.37224994634744E-05,0,0,0,0,0,38
2,4266,684.166445,0.175564169883728,-1.92688730749069E-05,0,0,0,0,0,38
2,4267,684.326445,0.174284115433693,-2.29201323236339E-05,0,0,0,0,0,38
2,4268,684.486445,0.172325253486633,-2.29391698667314E-05,0,0,0,0,0,38
2,4269,684.646445,0.170773670077324,-2.36840314755682E-05,0,0,0,0,0,38
2,4270,684.806445,0.168931171298027,-2.49464501393959E-05,0,0,0,0,0,38
2,4271,684.966445,0.167495965957642,-2.44541497522732E-05,0,0,0,0,0,38
2,4272,685.126445,0.165905594825745,-2.20190704567358E-05,0,0,0,0,0,38
2,4273,685.286445,0.164334625005722,-2.48178384936182E-05,0,0,0,0,0,38
2,4274,685.446445,0.162550315260887,-2.42777459789068E-05,0,0,0,0,0,38
2,4275,685.606445,0.160862967371941,-2.98597387882182E-05,0,0,0,0,0,38
2,4276,685.766445,0.159776866436005,-2.42789119511144E-05,0,0,0,0,0,38
2,4277,685.926445,0.158089533448219,-2.4578876036685E-05,0,0,0,0,0,38
2,4278,686.086445,0.156828865408897,-2.52429181273328E-05,0,0,0,0,0,38
2,4279,686.246445,0.155122131109238,-2.55090781138279E-05,0,0,0,0,0,38
2,4280,686.406445,0.15331843495369,-2.43795475398656E-05,0,0,0,0,0,38
2,4281,686.566445,0.15176685154438,-2.98803315672558E-05,0,0,0,0,0,38
2,4282,686.726445,0.149885565042496,-2.97365659207571E-05,0,0,0,0,0,38
2,4283,686.886445,0.148566722869873,-2.87768325506477E-05,0,0,0,0,0,38
2,4284,687.046445,0.146782413125038,-2.90966145257698E-05,0,0,0,0,0,38
2,4285,687.206445,0.145017489790916,-3.17174235533457E-05,0,0,0,0,0,38
2,4286,687.366445,0.143698647618294,-3.1161787774181E-05,0,0,0,0,0,38
2,4287,687.526445,0.141991913318634,-3.13152668240946E-05,0,0,0,0,0,38
2,4288,687.686445,0.140517920255661,-2.96273810818093E-05,0,0,0,0,0,38
2,4289,687.846445,0.138694807887077,-3.43327919836156E-05,0,0,0,0,0,38
2,4290,688.006445,0.13704626262188,-2.94366000161972E-05,0,0,0,0,0,38
2,4291,688.166445,0.135552868247032,-3.36089142365381E-05,0,0,0,0,0,38
2,4292,688.326445,0.134117662906647,-3.32615454681218E-05,0,0,0,0,0,38
2,4293,688.486445,0.132294550538063,-3.32700910803396E-05,0,0,0,0,0,38
2,4294,688.646445,0.130587816238403,-3.34686446876731E-05,0,0,0,0,0,38
2,4295,688.806445,0.129036247730255,-3.19117025355808E-05,0,0,0,0,0,38
2,4296,688.966445,0.127620428800583,-3.64873340004124E-05,0,0,0,0,0,38
2,4297,689.126445,0.126127034425735,-3.37585079250857E-05,0,0,0,0,0,38
2,4298,689.286445,0.124168172478676,-3.96171526517719E-05,0,0,0,0,0,38
2,4299,689.446445,0.122422643005848,-3.69267909263726E-05,0,0,0,0,0,38
2,4300,689.606445,0.121491700410843,-3.71583701053169E-05,0,0,0,0,0,38
2,4301,689.766445,0.119610413908958,-3.85027742595412E-05,0,0,0,0,0,38
2,4302,689.926445,0.118039436638355,-3.69100816897117E-05,0,0,0,0,0,38
2,4303,690.086445,0.116274520754814,-4.17021401517559E-05,0,0,0,0,0,38
2,4304,690.246445,0.11489749699831,-3.90914356103167E-05,0,0,0,0,0,38
2,4305,690.406445,0.11293862760067,-4.4280597649049E-05,0,0,0,0,0,38
2,4306,690.566445,0.111542209982872,-4.41745214629918E-05,0,0,0,0,0,38
2,4307,690.726445,0.110010027885437,-4.43994977104012E-05,0,0,0,0,0,38
2,4308,690.886445,0.108186922967434,-4.70937411591876E-05,0,0,0,0,0,38
2,4309,691.046445,0.106906875967979,-4.43295575678349E-05,0,0,0,0,0,38
2,4310,691.206445,0.104889824986458,-4.93314364575781E-05,0,0,0,0,0,38
2,4311,691.366445,0.10374553501606,-4.7024579544086E-05,0,0,0,0,0,38
2,4312,691.526445,0.101825460791588,-5.21002839377616E-05,0,0,0,0,0,38
2,4313,691.686445,0.100293278694153,-5.18593806191348E-05,0,0,0,0,0,38
2,4314,691.846445,0.0990714058279991,-5.40372348041274E-05,0,0,0,0,0,38
2,4315,692.006445,0.0972483083605766,-5.27293559571262E-05,0,0,0,0,0,38
2,4316,692.166445,0.095328226685524,-5.4381882364396E-05,0,0,0,0,0,38
2,4317,692.326445,0.0935439169406891,-5.69960866414476E-05,0,0,0,0,0,38
2,4318,692.486445,0.0924578085541725,-5.50544718862511E-05,0,0,0,0,0,38
2,4319,692.646445,0.0908480510115623,-5.76488600927405E-05,0,0,0,0,0,38
2,4320,692.806445,0.0892770737409592,-5.79445513722021E-05,0,0,0,0,0,38
2,4321,692.966445,0.0874539762735367,-6.28318084636703E-05,0,0,0,0,0,38
2,4322,693.126445,0.0859799757599831,-6.16847901255824E-05,0,0,0,0,0,38
2,4323,693.286445,0.0843314230442047,-6.47322303848341E-05,0,0,0,0,0,38
2,4324,693.446445,0.0829156115651131,-6.12002622801811E-05,0,0,0,0,0,38
2,4325,693.606445,0.0811119005084038,-6.74400798743591E-05,0,0,0,0,0,38
2,4326,693.766445,0.0794245600700378,-7.04070916981436E-05,0,0,0,0,0,38
2,4327,693.926445,0.0780475363135338,-6.99843440088443E-05,0,0,0,0,0,38
2,4328,694.086445,0.0761468559503555,-7.62222189223394E-05,0,0,0,0,0,38
2,4329,694.246445,0.074517697095871,-7.11387401679531E-05,0,0,0,0,0,38
2,4330,694.406445,0.0731018856167793,-7.52756968722679E-05,0,0,0,0,0,38
2,4331,694.566445,0.0717636495828629,-7.65513250371441E-05,0,0,0,0,0,38
2,4332,694.726445,0.0701344907283783,-7.89972837083042E-05,0,0,0,0,0,38
2,4333,694.886445,0.0683695748448372,-7.99896515673026E-05,0,0,0,0,0,38
2,4334,695.046445,0.0664882883429527,-8.55129765113816E-05,0,0,0,0,0,38
2,4335,695.206445,0.0652858167886734,-8.31155848572962E-05,0,0,0,0,0,38
2,4336,695.366445,0.0635984763503075,-8.45656759338453E-05,0,0,0,0,0,38
2,4337,695.526445,0.0617559738457203,-9.07238936633803E-05,0,0,0,0,0,38
2,4338,695.686445,0.0603595562279224,-8.67303169798106E-05,0,0,0,0,0,38
2,4339,695.846445,0.0586916096508503,-9.50209359871224E-05,0,0,0,0,0,38
2,4340,696.006445,0.0576636902987957,-9.20791790122166E-05,0,0,0,0,0,38
2,4341,696.166445,0.0555884540081024,-9.74066642811522E-05,0,0,0,0,0,38
2,4342,696.326445,0.0538817197084427,-9.73312853602692E-05,0,0,0,0,0,38
2,4343,696.486445,0.0526210628449917,-0.000101308934972622,0,0,0,0,0,38
2,4344,696.646445,0.0508367493748665,-0.000102619145764038,0,0,0,0,0,38
2,4345,696.806445,0.0487809106707573,-0.000104192797152791,0,0,0,0,0,38
2,4346,696.966445,0.0476172268390656,-0.000109824912215117,0,0,0,0,0,38
2,4347,697.126445,0.0461238324642181,-0.000107592655695044,0,0,0,0,0,38
2,4348,697.286445,0.0443007312715054,-0.000113879104901571,0,0,0,0,0,38
2,4349,697.446445,0.0429431013762951,-0.000116951800009701,0,0,0,0,0,38
2,4350,697.606445,0.0412557609379292,-0.000118703406769782,0,0,0,0,0,38
2,4351,697.766445,0.0396266058087349,-0.000123182297102176,0,0,0,0,0,38
2,4352,697.926445,0.0380168445408344,-0.000125168196973391,0,0,0,0,0,38
2,4353,698.086445,0.0363682918250561,-0.000125387741718441,0,0,0,0,0,38
2,4354,698.246445,0.0349330827593803,-0.000127317689475603,0,0,0,0,0,38
2,4355,698.406445,0.0331099815666676,-0.000133267254568636,0,0,0,0,0,38
2,4356,698.566445,0.0317135602235794,-0.000133296402054839,0,0,0,0,0,38
2,4357,698.726445,0.0301425885409117,-0.000137102309963666,0,0,0,0,0,38
2,4358,698.886445,0.028416458517313,-0.000139500087243505,0,0,0,0,0,38
2,4359,699.046445,0.0264381971210241,-0.00014542399730999,0,0,0,0,0,38
2,4360,699.206445,0.0251969359815121,-0.000143689874676056,0,0,0,0,0,38
2,4361,699.366445,0.0236453581601381,-0.000147071477840655,0,0,0,0,0,38
2,4362,699.526445,0.0218416508287191,-0.00015302182873711,0,0,0,0,0,38
2,4363,699.686445,0.0206973627209663,-0.000152470849570818,0,0,0,0,0,38
2,4364,699.846445,0.0190875995904207,-0.000157605230924673,0,0,0,0,0,38
2,4365,700.006445,0.0173614714294672,-0.000163358577992767,0,0,0,0,0,38
2,4366,700.166445,0.0160038396716118,-0.00016090834105853,0,0,0,0,0,38
2,4367,700.326445,0.0145104471594095,-0.000155463509145193,0,0,0,0,0,38
2,4368,700.486445,0.0160232353955507,-9.22768958844244E-05,0,0,0,0,0,38
2,4369,700.646445,0.0110581880435348,-0.000171416744706221,0,0,0,0,0,38
2,4370,700.806445,0.00878900662064552,-0.000182876930921339,0,0,0,0,0,38
2,4371,700.966445,0.00729561317712069,-0.000186222401680425,0,0,0,0,0,38
2,4372,701.126445,0.00494885258376598,-0.000203642193810083,0,0,0,0,0,38
2,4373,701.286445,0.00504582608118653,-0.000173163381987251,0,0,0,0,0,38
2,4374,701.446445,0.00291240750811994,-0.00018488809291739,0,0,0,0,0,38
2,4375,701.606445,0.000197147237486206,-0.000212328741326928,0,0,0,0,0,38
2,4376,701.766445,0.00134143547620624,-0.000155591886141337,0,0,0,0,0,38
2,4377,701.926445,-0.0025181130040437,-0.00021038758859504,0,0,0,0,0,38
2,4378,702.086445,-0.00465153157711029,-0.000224629184231162,0,0,0,0,0,38
2,4379,702.246445,-0.00571824098005891,-0.000212301514693536,0,0,0,0,0,38
2,4380,702.406445,-0.00581521447747946,-0.000187334953807294,0,0,0,0,0,38
2,4381,702.566445,-0.0108772357925773,-0.000262156827375293,0,0,0,0,0,38
2,4382,702.726445,-0.0118469716981053,-0.000252038706094027,0,0,0,0,0,38
2,4383,702.886445,-0.0118081821128726,-0.000224197385250591,0,0,0,0,0,38
2,4384,703.046445,-0.0110905775800347,-0.000189890750334598,0,0,0,0,0,38
2,4385,703.206445,-0.0144458627328277,-0.000224349103518762,0,0,0,0,0,38
2,4386,703.366445,-0.0176653861999512,-0.000256644561886787,0,0,0,0,0,38
2,4387,703.526445,-0.0177429653704166,-0.000231331796385348,0,0,0,0,0,38
2,4388,703.686445,-0.0187514908611774,-0.000219793815631419,0,0,0,0,0,38
2,4389,703.846445,-0.0222425386309624,-0.000264405272901058,0,0,0,0,0,38
2,4390,704.006445,-0.0228049848228693,-0.000245845702011138,0,0,0,0,0,38
2,4391,704.166445,-0.0248414315283298,-0.000254349433816969,0,0,0,0,0,38
2,4392,704.326445,-0.0274015329778194,-0.000283322762697935,0,0,0,0,0,38
2,4393,704.486445,-0.0297288987785578,-0.000297365972073749,0,0,0,0,0,38
2,4394,704.646445,-0.0315713956952095,-0.000312677322654054,0,0,0,0,0,38
2,4395,704.806445,-0.0315520018339157,-0.00027981391758658,0,0,0,0,0,38
2,4396,704.966445,-0.034170288592577,-0.000304558721836656,0,0,0,0,0,38
2,4397,705.126445,-0.034170288592577,-0.000277191982604563,0,0,0,0,0,38
2,4398,705.286445,-0.0341896824538708,-0.000246044102823362,0,0,0,0,0,38
2,4399,705.446445,-0.0376031547784805,-0.000290145952021703,0,0,0,0,0,38
2,4400,705.606445,-0.0388832055032253,-0.000282381370197982,0,0,0,0,0,38
2,4401,705.766445,-0.0412687547504902,-0.00029963388806209,0,0,0,0,0,38
2,4402,705.926445,-0.0419863611459732,-0.000290301570203155,0,0,0,0,0,38
2,4403,706.086445,-0.0432470142841339,-0.000290410476736724,0,0,0,0,0,38
2,4404,706.246445,-0.0437124893069267,-0.00026682490715757,0,0,0,0,0,38
2,4405,706.406445,-0.0492787733674049,-0.000351255264831707,0,0,0,0,0,38
2,4406,706.566445,-0.0466216951608658,-0.000266062474111095,0,0,0,0,0,38
2,4407,706.726445,-0.0516255348920822,-0.000340180209605023,0,0,0,0,0,38
2,4408,706.886445,-0.0504036657512188,-0.000283256638795137,0,0,0,0,0,38
2,4409,707.046445,-0.0548644512891769,-0.000345050590112805,0,0,0,0,0,38
2,4410,707.206445,-0.0527310334146023,-0.000279883912298828,0,0,0,0,0,38
2,4411,707.366445,-0.0567263439297676,-0.00032569354516454,0,0,0,0,0,38
2,4412,707.526445,-0.0581227615475655,-0.0003286266583018,0,0,0,0,0,38
2,4413,707.686445,-0.0606440752744675,-0.000346968416124582,0,0,0,0,0,38
2,4414,707.846445,-0.0612259171903133,-0.000328152062138543,0,0,0,0,0,38
2,4415,708.006445,-0.0639217793941498,-0.00036024916335009,0,0,0,0,0,38
2,4416,708.166445,-0.0660164132714272,-0.000366022024536505,0,0,0,0,0,38
2,4417,708.326445,-0.0665400698781013,-0.000348652800312266,0,0,0,0,0,38
2,4418,708.486445,-0.0682855919003487,-0.000361163314664736,0,0,0,0,0,38
2,4419,708.646445,-0.0716990604996681,-0.000395143200876191,0,0,0,0,0,38
2,4420,708.806445,-0.0718542188405991,-0.000366547203157097,0,0,0,0,0,38
2,4421,708.966445,-0.0718154311180115,-0.00034402750316076,0,0,0,0,0,38
2,4422,709.126445,-0.0765283480286598,-0.000403534097131342,0,0,0,0,0,38
2,4423,709.286445,-0.0740264281630516,-0.000326887791743502,0,0,0,0,0,38
2,4424,709.446445,-0.0771683752536774,-0.000354398478521034,0,0,0,0,0,38
2,4425,709.606445,-0.0784872174263,-0.000354441261151806,0,0,0,0,0,38
2,4426,709.766445,-0.0790108740329742,-0.000333971634972841,0,0,0,0,0,38
2,4427,709.926445,-0.0824243426322937,-0.000370767927961424,0,0,0,0,0,38
2,4428,710.086445,-0.0833358913660049,-0.000365695275831968,0,0,0,0,0,38
2,4429,710.246445,-0.0865166261792183,-0.000394999253330752,0,0,0,0,0,38
2,4430,710.406445,-0.0875833332538605,-0.000387557520298287,0,0,0,0,0,38
2,4431,710.566445,-0.0891930982470512,-0.000380769342882559,0,0,0,0,0,38
2,4432,710.726445,-0.0895034149289131,-0.000367862056009471,0,0,0,0,0,38
2,4433,710.886445,-0.0932272002100945,-0.000412002817029133,0,0,0,0,0,38
2,4434,711.046445,-0.0946817994117737,-0.000413554953411222,0,0,0,0,0,38
2,4435,711.206445,-0.094255119562149,-0.000367574190022424,0,0,0,0,0,38
2,4436,711.366445,-0.0968927964568138,-0.000394653034163639,0,0,0,0,0,38
2,4437,711.526445,-0.0987352952361107,-0.000396228540921584,0,0,0,0,0,38
2,4438,711.686445,-0.0976298004388809,-0.000344980566296726,0,0,0,0,0,38
2,4439,711.846445,-0.101179033517838,-0.000392108922824264,0,0,0,0,0,38
2,4440,712.006445,-0.102168165147305,-0.000374603550881147,0,0,0,0,0,38
2,4441,712.166445,-0.102633632719517,-0.0003586542152334,0,0,0,0,0,38
2,4442,712.326445,-0.105930738151073,-0.000394540227716789,0,0,0,0,0,38
2,4443,712.486445,-0.107831418514252,-0.000402557692723349,0,0,0,0,0,38
2,4444,712.646445,-0.1086266040802,-0.000383527396479622,0,0,0,0,0,38
2,4445,712.806445,-0.111865520477295,-0.000416515307733789,0,0,0,0,0,38
2,4446,712.966445,-0.109751492738724,-0.000351146358298138,0,0,0,0,0,38
2,4447,713.126445,-0.114832915365696,-0.000417238858062774,0,0,0,0,0,38
2,4448,713.286445,-0.116617225110531,-0.000420292577473447,0,0,0,0,0,38
2,4449,713.446445,-0.114988066256046,-0.000359980738721788,0,0,0,0,0,38
2,4450,713.606445,-0.1201276704669,-0.000427232502261177,0,0,0,0,0,38
2,4451,713.766445,-0.119797959923744,-0.000397485011490062,0,0,0,0,0,38
2,4452,713.926445,-0.121970169246197,-0.000408034917199984,0,0,0,0,0,38
2,4453,714.086445,-0.121078006923199,-0.000359451689291745,0,0,0,0,0,38
2,4454,714.246445,-0.125092715024948,-0.000405630853492767,0,0,0,0,0,38
2,4455,714.406445,-0.126237004995346,-0.000405055121518672,0,0,0,0,0,38
2,4456,714.566445,-0.125771537423134,-0.000361723505193368,0,0,0,0,0,38
2,4457,714.726445,-0.129437133669853,-0.000407852086937055,0,0,0,0,0,38
2,4458,714.886445,-0.132055416703224,-0.000430811371188611,0,0,0,0,0,38
2,4459,715.046445,-0.13298636674881,-0.000414220150560141,0,0,0,0,0,38
2,4460,715.206445,-0.134208232164383,-0.000409816595492885,0,0,0,0,0,38
2,4461,715.366445,-0.136438623070717,-0.000431188702350482,0,0,0,0,0,38
2,4462,715.526445,-0.141093358397484,-0.000483537558466196,0,0,0,0,0,38
2,4463,715.686445,-0.139541774988174,-0.00043162438669242,0,0,0,0,0,38
2,4464,715.846445,-0.140336960554123,-0.000418740441091359,0,0,0,0,0,38
2,4465,716.006445,-0.141442462801933,-0.000406280509196222,0,0,0,0,0,38
2,4466,716.166445,-0.143149197101593,-0.000405778671847656,0,0,0,0,0,38
2,4467,716.326445,-0.14805606007576,-0.000478488218504936,0,0,0,0,0,38
2,4468,716.486445,-0.147280275821686,-0.000436630944022909,0,0,0,0,0,38
2,4469,716.646445,-0.149433091282845,-0.000450094521511346,0,0,0,0,0,38
2,4470,716.806445,-0.152070760726929,-0.000475208886200562,0,0,0,0,0,38
2,4471,716.966445,-0.151760444045067,-0.000438828836195171,0,0,0,0,0,38
2,4472,717.126445,-0.156938835978508,-0.000513036036863923,0,0,0,0,0,38
2,4473,717.286445,-0.156938835978508,-0.000482553354231641,0,0,0,0,0,38
2,4474,717.446445,-0.154979974031448,-0.000416678696637973,0,0,0,0,0,38
2,4475,717.606445,-0.160332918167114,-0.000495040498208255,0,0,0,0,0,38
2,4476,717.766445,-0.16192327439785,-0.000495235028211027,0,0,0,0,0,38
2,4477,717.926445,-0.163086965680122,-0.000486921926494688,0,0,0,0,0,38
2,4478,718.086445,-0.164871275424957,-0.000503042421769351,0,0,0,0,0,38
2,4479,718.246445,-0.164192467927933,-0.000459185626823455,0,0,0,0,0,38
2,4480,718.406445,-0.165065228939056,-0.000449429295258597,0,0,0,0,0,38
2,4481,718.566445,-0.167198643088341,-0.000458084745332599,0,0,0,0,0,38
2,4482,718.726445,-0.171096980571747,-0.000505178060848266,0,0,0,0,0,38
2,4483,718.886445,-0.173094645142555,-0.000514261424541473,0,0,0,0,0,38
2,4484,719.046445,-0.17086423933506,-0.000446608988568187,0,0,0,0,0,38
2,4485,719.206445,-0.175305634737015,-0.000508858123794198,0,0,0,0,0,38
2,4486,719.366445,-0.175654739141464,-0.000491364393383265,0,0,0,0,0,38
2,4487,719.526445,-0.178020894527435,-0.000504816300235689,0,0,0,0,0,38
2,4488,719.686445,-0.179475501179695,-0.000512028520461172,0,0,0,0,0,38
2,4489,719.846445,-0.179747030138969,-0.000484004354802892,0,0,0,0,0,38
2,4490,720.006445,-0.181473150849342,-0.00049420417053625,0,0,0,0,0,38
2,4491,720.166445,-0.185255125164986,-0.000541659304872155,0,0,0,0,0,38
2,4492,720.326445,-0.184828445315361,-0.000500377733260393,0,0,0,0,0,38
2,4493,720.486445,-0.186593353748322,-0.000509247125592083,0,0,0,0,0,38
2,4494,720.646445,-0.189424991607666,-0.000541013549081981,0,0,0,0,0,38
2,4495,720.806445,-0.189366802573204,-0.000512872647959739,0,0,0,0,0,38
2,4496,720.966445,-0.193323329091072,-0.000565668859053403,0,0,0,0,0,38
2,4497,721.126445,-0.19351726770401,-0.000540819019079208,0,0,0,0,0,38
2,4498,721.286445,-0.193808197975159,-0.000513934646733105,0,0,0,0,0,38
2,4499,721.446445,-0.195941612124443,-0.000533034966792911,0,0,0,0,0,38
2,4500,721.606445,-0.201915189623833,-0.00062437797896564,0,0,0,0,0,38
2,4501,721.766445,-0.198831424117088,-0.000539515865966678,0,0,0,0,0,38
2,4502,721.926445,-0.200867876410484,-0.000552306417375803,0,0,0,0,0,38
2,4503,722.086445,-0.20356373488903,-0.000576677790377289,0,0,0,0,0,38
2,4504,722.246445,-0.203835263848305,-0.000553901365492493,0,0,0,0,0,38
2,4505,722.406445,-0.20356373488903,-0.000527133699506521,0,0,0,0,0,38
2,4506,722.566445,-0.208315446972847,-0.000594836717937142,0,0,0,0,0,38
2,4507,722.726445,-0.209925204515457,-0.000594933982938528,0,0,0,0,0,38
2,4508,722.886445,-0.210448861122131,-0.000581124157179147,0,0,0,0,0,38
2,4509,723.046445,-0.21234954893589,-0.000589118280913681,0,0,0,0,0,38
2,4510,723.206445,-0.2142114341259,-0.000605752284172922,0,0,0,0,0,38
2,4511,723.366445,-0.216732755303383,-0.000623078725766391,0,0,0,0,0,38
2,4512,723.526445,-0.219157084822655,-0.000643665029201657,0,0,0,0,0,38
2,4513,723.686445,-0.219118297100067,-0.000624490843620151,0,0,0,0,0,38
2,4514,723.846445,-0.221387475728989,-0.000639304227661341,0,0,0,0,0,38
2,4515,724.006445,-0.223171800374985,-0.000654973497148603,0,0,0,0,0,38
2,4516,724.166445,-0.223637267947197,-0.000627073808573186,0,0,0,0,0,38
2,4517,724.326445,-0.227651968598366,-0.000690124288666993,0,0,0,0,0,38
2,4518,724.486445,-0.228602319955826,-0.000675252522341907,0,0,0,0,0,38
2,4519,724.646445,-0.228757470846176,-0.000651149544864893,0,0,0,0,0,38
2,4520,724.806445,-0.231821835041046,-0.000689875334501266,0,0,0,0,0,38
2,4521,724.966445,-0.231647282838821,-0.000657280324958265,0,0,0,0,0,38
2,4522,725.126445,-0.23193821310997,-0.000640276761259884,0,0,0,0,0,38
2,4523,725.286445,-0.237310543656349,-0.000718280731234699,0,0,0,0,0,38
2,4524,725.446445,-0.237194180488586,-0.000691579189151526,0,0,0,0,0,38
2,4525,725.606445,-0.237368732690811,-0.000672082067467272,0,0,0,0,0,38
2,4526,725.766445,-0.24153858423233,-0.000726543250493705,0,0,0,0,0,38
2,4527,725.926445,-0.241267070174217,-0.000694858550559729,0,0,0,0,0,38
2,4528,726.086445,-0.244738712906837,-0.000728367711417377,0,0,0,0,0,38
2,4529,726.246445,-0.245727851986885,-0.000730110448785126,0,0,0,0,0,38
2,4530,726.406445,-0.24565027654171,-0.000700639211572707,0,0,0,0,0,38
2,4531,726.566445,-0.249102532863617,-0.000743900833185762,0,0,0,0,0,38
2,4532,726.726445,-0.249509811401367,-0.000725582416635007,0,0,0,0,0,38
2,4533,726.886445,-0.250886857509613,-0.000727274571545422,0,0,0,0,0,38
2,4534,727.046445,-0.252108722925186,-0.000721925753168762,0,0,0,0,0,38
2,4535,727.206445,-0.256259173154831,-0.000783859752118587,0,0,0,0,0,38
2,4536,727.366445,-0.254494249820709,-0.000718350755050778,0,0,0,0,0,38
2,4537,727.526445,-0.257384061813354,-0.000749097962398082,0,0,0,0,0,38
2,4538,727.686445,-0.258082270622253,-0.000736630230676383,0,0,0,0,0,38
2,4539,727.846445,-0.260196298360825,-0.000758492504246533,0,0,0,0,0,38
2,4540,728.006445,-0.263377040624619,-0.00079103303141892,0,0,0,0,0,38
2,4541,728.166445,-0.266809910535812,-0.000833699479699135,0,0,0,0,0,38
2,4542,728.326445,-0.262523680925369,-0.000722159107681364,0,0,0,0,0,38
2,4543,728.486445,-0.264831632375717,-0.000748506688978523,0,0,0,0,0,38
2,4544,728.646445,-0.270300954580307,-0.000826996867544949,0,0,0,0,0,38
2,4545,728.806445,-0.26921483874321,-0.000782128656283021,0,0,0,0,0,38
2,4546,728.966445,-0.272085279226303,-0.000809616001788527,0,0,0,0,0,38
2,4547,729.126445,-0.273055016994476,-0.000799953006207943,0,0,0,0,0,38
2,4548,729.286445,-0.275847852230072,-0.000827541458420455,0,0,0,0,0,38
2,4549,729.446445,-0.278427332639694,-0.000859358464367688,0,0,0,0,0,38
2,4550,729.606445,-0.278640687465668,-0.000834399717859924,0,0,0,0,0,38
2,4551,729.766445,-0.281375348567963,-0.000862587243318558,0,0,0,0,0,38
2,4552,729.926445,-0.281491696834564,-0.00083442305913195,0,0,0,0,0,38
2,4553,730.086445,-0.283819079399109,-0.000865629292093217,0,0,0,0,0,38
2,4554,730.246445,-0.28286874294281,-0.000812397396657616,0,0,0,0,0,38
2,4555,730.406445,-0.283993631601334,-0.000814630300737917,0,0,0,0,0,38
2,4556,730.566445,-0.290432661771774,-0.000914243631996214,0,0,0,0,0,38
2,4557,730.726445,-0.289618104696274,-0.000872328004334122,0,0,0,0,0,38
2,4558,730.886445,-0.293497025966644,-0.000919398036785424,0,0,0,0,0,38
2,4559,731.046445,-0.290801167488098,-0.000841187895275652,0,0,0,0,0,38
2,4560,731.206445,-0.295436501502991,-0.000904864689800888,0,0,0,0,0,38
2,4561,731.366445,-0.294544339179993,-0.000865808222442865,0,0,0,0,0,38
2,4562,731.526445,-0.298578441143036,-0.000916001969017088,0,0,0,0,0,38
2,4563,731.686445,-0.298268139362335,-0.000885336427018046,0,0,0,0,0,38
2,4564,731.846445,-0.29819056391716,-0.000861984270159155,0,0,0,0,0,38
2,4565,732.006445,-0.303931385278702,-0.000950347515754402,0,0,0,0,0,38
2,4566,732.166445,-0.304901123046875,-0.000943446531891823,0,0,0,0,0,38
2,4567,732.326445,-0.306413918733597,-0.000942559563554823,0,0,0,0,0,38
2,4568,732.486445,-0.305929034948349,-0.00090891815489158,0,0,0,0,0,38
2,4569,732.646445,-0.310098916292191,-0.000963511527515948,0,0,0,0,0,38
2,4570,732.806445,-0.310835897922516,-0.000952136935666204,0,0,0,0,0,38
2,4571,732.966445,-0.312348693609238,-0.000951923022512347,0,0,0,0,0,38
2,4572,733.126445,-0.31616947054863,-0.00100633746478707,0,0,0,0,0,38
2,4573,733.286445,-0.315859138965607,-0.000976730021648109,0,0,0,0,0,38
2,4574,733.446445,-0.318244695663452,-0.000993344583548605,0,0,0,0,0,38
2,4575,733.606445,-0.319679886102676,-0.000997576978988945,0,0,0,0,0,38
2,4576,733.766445,-0.32245334982872,-0.00102524715475738,0,0,0,0,0,38
2,4577,733.926445,-0.320979356765747,-0.000969953543972224,0,0,0,0,0,38
2,4578,734.086445,-0.324916481971741,-0.00102029507979751,0,0,0,0,0,38
2,4579,734.246445,-0.32286062836647,-0.000958399963565171,0,0,0,0,0,38
2,4580,734.406445,-0.328135997056961,-0.00103525631129742,0,0,0,0,0,38
2,4581,734.566445,-0.329629391431808,-0.00103948870673776,0,0,0,0,0,38
2,4582,734.726445,-0.329862117767334,-0.00102007330860943,0,0,0,0,0,38
2,4583,734.886445,-0.331103384494781,-0.00101223483216017,0,0,0,0,0,38
2,4584,735.046445,-0.332810133695602,-0.00102120928931981,0,0,0,0,0,38
2,4585,735.206445,-0.332887709140778,-0.00100198842119426,0,0,0,0,0,38
2,4586,735.366445,-0.33853155374527,-0.00108363339677453,0,0,0,0,0,38
2,4587,735.526445,-0.336727857589722,-0.00102134537883103,0,0,0,0,0,38
2,4588,735.686445,-0.337406665086746,-0.00101026252377778,0,0,0,0,0,38
2,4589,735.846445,-0.341169238090515,-0.00105591269675642,0,0,0,0,0,38
2,4590,736.006445,-0.343574196100235,-0.00108276982791722,0,0,0,0,0,38
2,4591,736.166445,-0.345882147550583,-0.0010907833930105,0,0,0,0,0,38
2,4592,736.326445,-0.343050539493561,-0.0010158292716369,0,0,0,0,0,38
2,4593,736.486445,-0.346153676509857,-0.00104582181666046,0,0,0,0,0,38
2,4594,736.646445,-0.349974453449249,-0.00110270257573575,0,0,0,0,0,38
2,4595,736.806445,-0.35053688287735,-0.00108515832107514,0,0,0,0,0,38
2,4596,736.966445,-0.353640049695969,-0.00111909932456911,0,0,0,0,0,38
2,4597,737.126445,-0.352204829454422,-0.00107138359453529,0,0,0,0,0,38
2,4598,737.286445,-0.35856631398201,-0.00116404530126601,0,0,0,0,0,38
2,4599,737.446445,-0.357014715671539,-0.00110176124144346,0,0,0,0,0,38
2,4600,737.606445,-0.359264522790909,-0.0011259225429967,0,0,0,0,0,38
2,4601,737.766445,-0.35907056927681,-0.00109706982038915,0,0,0,0,0,38
2,4602,737.926445,-0.361650079488754,-0.00112082646228373,0,0,0,0,0,38
2,4603,738.086445,-0.363667100667953,-0.00113476463593543,0,0,0,0,0,38
2,4604,738.246445,-0.365529000759125,-0.00114977650810033,0,0,0,0,0,38
2,4605,738.406445,-0.367371499538422,-0.00115159701090306,0,0,0,0,0,38
2,4606,738.566445,-0.369679480791092,-0.00117750116623938,0,0,0,0,0,38
2,4607,738.726445,-0.368554592132568,-0.00112199352588505,0,0,0,0,0,38
2,4608,738.886445,-0.371017724275589,-0.00114821654278785,0,0,0,0,0,38
2,4609,739.046445,-0.373228698968887,-0.00116417370736599,0,0,0,0,0,38
2,4610,739.206445,-0.375071197748184,-0.0011754238512367,0,0,0,0,0,38
2,4611,739.366445,-0.374353617429733,-0.00113400223199278,0,0,0,0,0,38
2,4612,739.526445,-0.378135561943054,-0.00118281110189855,0,0,0,0,0,38
2,4613,739.686445,-0.379958689212799,-0.00119533331599087,0,0,0,0,0,38
2,4614,739.846445,-0.382848501205444,-0.00122216320596635,0,0,0,0,0,38
2,4615,740.006445,-0.382383018732071,-0.00119165319483727,0,0,0,0,0,38
2,4616,740.166445,-0.385486155748367,-0.00122005864977837,0,0,0,0,0,38
2,4617,740.326445,-0.386494696140289,-0.00121358165051788,0,0,0,0,0,38
2,4618,740.486445,-0.38614559173584,-0.00117989745922387,0,0,0,0,0,38
2,4619,740.646445,-0.38961723446846,-0.00122825114522129,0,0,0,0,0,38
2,4620,740.806445,-0.388589322566986,-0.00117604236584157,0,0,0,0,0,38
2,4621,740.966445,-0.389229357242584,-0.00116262934170663,0,0,0,0,0,38
2,4622,741.126445,-0.394640475511551,-0.00124531309120357,0,0,0,0,0,38
2,4623,741.286445,-0.393379807472229,-0.00118544464930892,0,0,0,0,0,38
2,4624,741.446445,-0.397763013839722,-0.00125799863599241,0,0,0,0,0,38
2,4625,741.606445,-0.398984879255295,-0.00124756537843496,0,0,0,0,0,38
2,4626,741.766445,-0.399295210838318,-0.00122726697009057,0,0,0,0,0,38
2,4627,741.926445,-0.401506215333939,-0.00124655792023987,0,0,0,0,0,38
2,4628,742.086445,-0.403018981218338,-0.00125703390222043,0,0,0,0,0,38
2,4629,742.246445,-0.403891742229462,-0.00124149303883314,0,0,0,0,0,38
2,4630,742.406445,-0.407150059938431,-0.00128076341934502,0,0,0,0,0,38
2,4631,742.566445,-0.405229985713959,-0.0012170827249065,0,0,0,0,0,38
2,4632,742.726445,-0.411319941282272,-0.00130923488177359,0,0,0,0,0,38
2,4633,742.886445,-0.410796284675598,-0.0012714855838567,0,0,0,0,0,38
2,4634,743.046445,-0.414946734905243,-0.00133039301726967,0,0,0,0,0,38
2,4635,743.206445,-0.410970836877823,-0.00122396426741034,0,0,0,0,0,38
2,4636,743.366445,-0.41669225692749,-0.00131147564388812,0,0,0,0,0,38
2,4637,743.526445,-0.418612331151962,-0.00131939584389329,0,0,0,0,0,38
2,4638,743.686445,-0.418631732463837,-0.0012957596918568,0,0,0,0,0,38
2,4639,743.846445,-0.421385794878006,-0.00132586888503283,0,0,0,0,0,38
2,4640,744.006445,-0.41960147023201,-0.00125974137336016,0,0,0,0,0,38
2,4641,744.166445,-0.423441618680954,-0.00130640296265483,0,0,0,0,0,38
2,4642,744.326445,-0.426796913146973,-0.001346665318124,0,0,0,0,0,38
2,4643,744.486445,-0.430559486150742,-0.00139800272881985,0,0,0,0,0,38
2,4644,744.646445,-0.429143667221069,-0.00134385272394866,0,0,0,0,0,38
2,4645,744.806445,-0.429900079965591,-0.0013306614710018,0,0,0,0,0,38
2,4646,744.966445,-0.433352321386337,-0.00137263548094779,0,0,0,0,0,38
2,4647,745.126445,-0.432906240224838,-0.00134117249399424,0,0,0,0,0,38
2,4648,745.286445,-0.436513662338257,-0.00138474919367582,0,0,0,0,0,38
2,4649,745.446445,-0.436901569366455,-0.00135920685715973,0,0,0,0,0,38
2,4650,745.606445,-0.4402956366539,-0.00140373280737549,0,0,0,0,0,38
2,4651,745.766445,-0.438899219036102,-0.00134941167198122,0,0,0,0,0,38
2,4652,745.926445,-0.441245973110199,-0.00136284413747489,0,0,0,0,0,38
2,4653,746.086445,-0.441769629716873,-0.0013485481031239,0,0,0,0,0,38
2,4654,746.246445,-0.445958882570267,-0.00141320517286658,0,0,0,0,0,38
2,4655,746.406445,-0.447820782661438,-0.00141790823545307,0,0,0,0,0,38
2,4656,746.566445,-0.447238951921463,-0.00138068792875856,0,0,0,0,0,38
2,4657,746.726445,-0.451214849948883,-0.00143630057573318,0,0,0,0,0,38
2,4658,746.886445,-0.451719135046005,-0.00141913758125156,0,0,0,0,0,38
2,4659,747.046445,-0.453930109739304,-0.00144190224818885,0,0,0,0,0,38
2,4660,747.206445,-0.452475517988205,-0.00138283136766404,0,0,0,0,0,38
2,4661,747.366445,-0.456335067749023,-0.00142690993379802,0,0,0,0,0,38
2,4662,747.526445,-0.457285404205322,-0.0014227086212486,0,0,0,0,0,38
2,4663,747.686445,-0.46098980307579,-0.00146760407369584,0,0,0,0,0,38
2,4664,747.846445,-0.45918607711792,-0.00140829582232982,0,0,0,0,0,38
2,4665,748.006445,-0.463452935218811,-0.00146438693627715,0,0,0,0,0,38
2,4666,748.166445,-0.465974241495132,-0.00149391661398113,0,0,0,0,0,38
2,4667,748.326445,-0.465217858552933,-0.00144512322731316,0,0,0,0,0,38
2,4668,748.486445,-0.467913717031479,-0.00147355592343956,0,0,0,0,0,38
2,4669,748.646445,-0.468864053487778,-0.00146868941374123,0,0,0,0,0,38
2,4670,748.806445,-0.469445884227753,-0.00144713441841304,0,0,0,0,0,38
2,4671,748.966445,-0.469445884227753,-0.00142089196015149,0,0,0,0,0,38
2,4672,749.126445,-0.472859352827072,-0.00146504829172045,0,0,0,0,0,38
2,4673,749.286445,-0.474197596311569,-0.00146351952571422,0,0,0,0,0,38
2,4674,749.446445,-0.47706800699234,-0.00148873112630099,0,0,0,0,0,38
2,4675,749.606445,-0.47972509264946,-0.00152097595855594,0,0,0,0,0,38
2,4676,749.766445,-0.479356586933136,-0.00148731900844723,0,0,0,0,0,38
2,4677,749.926445,-0.482828259468079,-0.00152548844926059,0,0,0,0,0,38
2,4678,750.086445,-0.483933746814728,-0.00152038084343076,0,0,0,0,0,38
2,4679,750.246445,-0.487095087766647,-0.00155700207687914,0,0,0,0,0,38
2,4680,750.406445,-0.486493855714798,-0.00151667359750718,0,0,0,0,0,38
2,4681,750.566445,-0.489247888326645,-0.0015503189060837,0,0,0,0,0,38
2,4682,750.726445,-0.490624934434891,-0.00154808210209012,0,0,0,0,0,38
2,4683,750.886445,-0.490256428718567,-0.0015111262910068,0,0,0,0,0,38
2,4684,751.046445,-0.49438750743866,-0.00156955921556801,0,0,0,0,0,38
2,4685,751.206445,-0.496559709310532,-0.00158089492470026,0,0,0,0,0,38
2,4686,751.366445,-0.496986389160156,-0.00156095053534955,0,0,0,0,0,38
2,4687,751.526445,-0.498634934425354,-0.00156710075680166,0,0,0,0,0,38
2,4688,751.686445,-0.499721050262451,-0.00156534626148641,0,0,0,0,0,38
2,4689,751.846445,-0.499643474817276,-0.00153939554002136,0,0,0,0,0,38
2,4690,752.006445,-0.502766013145447,-0.00157154316548258,0,0,0,0,0,38
2,4691,752.166445,-0.504550337791443,-0.00158255989663303,0,0,0,0,0,38
2,4692,752.326445,-0.505713999271393,-0.00158029585145414,0,0,0,0,0,38
2,4693,752.486445,-0.505093395709991,-0.0015404341975227,0,0,0,0,0,38
2,4694,752.646445,-0.508778393268585,-0.00158366083633155,0,0,0,0,0,38
2,4695,752.806445,-0.510698437690735,-0.00159507431089878,0,0,0,0,0,38
2,4696,752.966445,-0.513821005821228,-0.00162300514057279,0,0,0,0,0,38
2,4697,753.126445,-0.510174810886383,-0.00152556633111089,0,0,0,0,0,38
2,4698,753.286445,-0.514364063739777,-0.00158234208356589,0,0,0,0,0,38
2,4699,753.446445,-0.518883049488068,-0.0016461432678625,0,0,0,0,0,38
2,4700,753.606445,-0.519794583320618,-0.00163677602540702,0,0,0,0,0,38
2,4701,753.766445,-0.518921792507172,-0.00159248744603246,0,0,0,0,0,38
2,4702,753.926445,-0.518766641616821,-0.00155971734784544,0,0,0,0,0,38
2,4703,754.086445,-0.525457859039307,-0.00166270730551332,0,0,0,0,0,38
2,4704,754.246445,-0.526059091091156,-0.0016532854642719,0,0,0,0,0,38
2,4705,754.406445,-0.526931822299957,-0.00164031214080751,0,0,0,0,0,38
2,4706,754.566445,-0.526388764381409,-0.0015975289279595,0,0,0,0,0,38
2,4707,754.726445,-0.530616819858551,-0.00166581163648516,0,0,0,0,0,38
2,4708,754.886445,-0.532110214233398,-0.00165817537344992,0,0,0,0,0,38
2,4709,755.046445,-0.531431376934052,-0.0016209939494729,0,0,0,0,0,38
2,4710,755.206445,-0.534612119197845,-0.00165293924510479,0,0,0,0,0,38
2,4711,755.366445,-0.537230432033539,-0.00167929846793413,0,0,0,0,0,38
2,4712,755.526445,-0.539829313755035,-0.00170263508334756,0,0,0,0,0,38
2,4713,755.686445,-0.540411174297333,-0.00169081310741603,0,0,0,0,0,38
2,4714,755.846445,-0.54306823015213,-0.00170815514866263,0,0,0,0,0,38
2,4715,756.006445,-0.544445276260376,-0.00170599611010402,0,0,0,0,0,38
2,4716,756.166445,-0.543863415718079,-0.00167889392469078,0,0,0,0,0,38
2,4717,756.326445,-0.546714425086975,-0.00170361541677266,0,0,0,0,0,38
2,4718,756.486445,-0.547315657138824,-0.00168616988230497,0,0,0,0,0,38
2,4719,756.646445,-0.548110842704773,-0.00166968302801251,0,0,0,0,0,38
2,4720,756.806445,-0.551485538482666,-0.00171191128902137,0,0,0,0,0,38
2,4721,756.966445,-0.552804410457611,-0.00171160011086613,0,0,0,0,0,38
2,4722,757.126445,-0.55359959602356,-0.00169760186690837,0,0,0,0,0,38
2,4723,757.286445,-0.554317176342011,-0.00167936517391354,0,0,0,0,0,38
2,4724,757.446445,-0.555403292179108,-0.00167602114379406,0,0,0,0,0,38
2,4725,757.606445,-0.557032406330109,-0.00167878193315119,0,0,0,0,0,38
2,4726,757.766445,-0.560465276241302,-0.00172256550285965,0,0,0,0,0,38
2,4727,757.926445,-0.563878774642944,-0.00176160526461899,0,0,0,0,0,38
2,4728,758.086445,-0.564305424690247,-0.00174014118965715,0,0,0,0,0,38
2,4729,758.246445,-0.565585494041443,-0.00173469737637788,0,0,0,0,0,38
2,4730,758.406445,-0.566729784011841,-0.00173598050605506,0,0,0,0,0,38
2,4731,758.566445,-0.570395410060883,-0.00177813100162894,0,0,0,0,0,38
2,4732,758.726445,-0.569328665733337,-0.0017309645190835,0,0,0,0,0,38
2,4733,758.886445,-0.573071837425232,-0.00177855871152133,0,0,0,0,0,38
2,4734,759.046445,-0.57289731502533,-0.00174332968890667,0,0,0,0,0,38
2,4735,759.206445,-0.573420941829681,-0.00172738719265908,0,0,0,0,0,38
2,4736,759.366445,-0.575709521770477,-0.00174472946673632,0,0,0,0,0,38
2,4737,759.526445,-0.579413950443268,-0.00179115717764944,0,0,0,0,0,38
2,4738,759.686445,-0.580267310142517,-0.00178100843913853,0,0,0,0,0,38
2,4739,759.846445,-0.581043064594269,-0.00176183856092393,0,0,0,0,0,38
2,4740,760.006445,-0.582885563373566,-0.0017778588226065,0,0,0,0,0,38
2,4741,760.166445,-0.58496081829071,-0.00178862980101258,0,0,0,0,0,38
2,4742,760.326445,-0.587928235530853,-0.0018129323143512,0,0,0,0,0,38
2,4743,760.486445,-0.589111268520355,-0.00181118259206414,0,0,0,0,0,38
2,4744,760.646445,-0.589363396167755,-0.00178991293068975,0,0,0,0,0,38
2,4745,760.806445,-0.591108918190002,-0.00179590110201389,0,0,0,0,0,38
2,4746,760.966445,-0.592505395412445,-0.00179251818917692,0,0,0,0,0,38
2,4747,761.126445,-0.595084846019745,-0.00181763735599816,0,0,0,0,0,38
2,4748,761.286445,-0.596849799156189,-0.00182459759525955,0,0,0,0,0,38
2,4749,761.446445,-0.59655886888504,-0.00179174053482711,0,0,0,0,0,38
2,4750,761.606445,-0.598847448825836,-0.00180698314215988,0,0,0,0,0,38
2,4751,761.766445,-0.597664356231689,-0.00175266189035028,0,0,0,0,0,38
2,4752,761.926445,-0.602202713489532,-0.00181234907358885,0,0,0,0,0,38
2,4753,762.086445,-0.604568898677826,-0.00184042344335467,0,0,0,0,0,38
2,4754,762.246445,-0.604627072811127,-0.00180709979031235,0,0,0,0,0,38
2,4755,762.406445,-0.606838047504425,-0.00182677514385432,0,0,0,0,0,38
2,4756,762.566445,-0.606799244880676,-0.00179411238059402,0,0,0,0,0,38
2,4757,762.726445,-0.610464870929718,-0.00184077338781208,0,0,0,0,0,38
2,4758,762.886445,-0.611415207386017,-0.00182957481592894,0,0,0,0,0,38
2,4759,763.046445,-0.613471031188965,-0.0018448174232617,0,0,0,0,0,38
2,4760,763.206445,-0.614964425563812,-0.00184540066402406,0,0,0,0,0,38
2,4761,763.366445,-0.617136657238007,-0.00185243866872042,0,0,0,0,0,38
2,4762,763.526445,-0.616399645805359,-0.00181448773946613,0,0,0,0,0,38
2,4763,763.686445,-0.619386434555054,-0.00184388423804194,0,0,0,0,0,38
2,4764,763.846445,-0.621287107467651,-0.00185387744568288,0,0,0,0,0,38
2,4765,764.006445,-0.621403515338898,-0.0018276305636391,0,0,0,0,0,38
2,4766,764.166445,-0.625088512897491,-0.00186717580072582,0,0,0,0,0,38
2,4767,764.326445,-0.625456988811493,-0.00184590613935143,0,0,0,0,0,38
2,4768,764.486445,-0.627338290214539,-0.00185640493873507,0,0,0,0,0,38
2,4769,764.646445,-0.628870487213135,-0.00186083768494427,0,0,0,0,0,38
2,4770,764.806445,-0.631255984306335,-0.00187573034781963,0,0,0,0,0,38
2,4771,764.966445,-0.632652401924133,-0.00187526375520974,0,0,0,0,0,38
2,4772,765.126445,-0.635173738002777,-0.00188708456698805,0,0,0,0,0,38
2,4773,765.286445,-0.635231912136078,-0.00186468719039112,0,0,0,0,0,38
2,4774,765.446445,-0.636395633220673,-0.001859943382442,0,0,0,0,0,38
2,4775,765.606445,-0.638994514942169,-0.00188272946979851,0,0,0,0,0,38
2,4776,765.766445,-0.639906048774719,-0.00186515378300101,0,0,0,0,0,38
2,4777,765.926445,-0.641457617282867,-0.00186737021431327,0,0,0,0,0,38
2,4778,766.086445,-0.642679512500763,-0.00186449277680367,0,0,0,0,0,38
2,4779,766.246445,-0.643610417842865,-0.00185169989708811,0,0,0,0,0,38
2,4780,766.406445,-0.648110032081604,-0.0019093262962997,0,0,0,0,0,38
2,4781,766.566445,-0.648420333862305,-0.0018782967235893,0,0,0,0,0,38
2,4782,766.726445,-0.648614287376404,-0.00185718259308487,0,0,0,0,0,38
2,4783,766.886445,-0.650980412960052,-0.001876235823147,0,0,0,0,0,38
2,4784,767.046445,-0.654413282871246,-0.0019117760239169,0,0,0,0,0,38
2,4785,767.206445,-0.65627521276474,-0.00191651983186603,0,0,0,0,0,38
2,4786,767.366445,-0.653424143791199,-0.00183109124191105,0,0,0,0,0,38
2,4787,767.526445,-0.657865583896637,-0.00188595685176551,0,0,0,0,0,38
2,4788,767.686445,-0.657807350158691,-0.00185434403829277,0,0,0,0,0,38
2,4789,767.846445,-0.66316032409668,-0.00192997371777892,0,0,0,0,0,38
2,4790,768.006445,-0.662578463554382,-0.00188945641275495,0,0,0,0,0,38
2,4791,768.166445,-0.662636637687683,-0.0018590489635244,0,0,0,0,0,38
2,4792,768.326445,-0.663858532905579,-0.00184773374348879,0,0,0,0,0,38
2,4793,768.486445,-0.667407751083374,-0.00189027306623757,0,0,0,0,0,38
2,4794,768.646445,-0.66985148191452,-0.00190703209955245,0,0,0,0,0,38
2,4795,768.806445,-0.670413911342621,-0.00188300164882094,0,0,0,0,0,38
2,4796,768.966445,-0.672838270664215,-0.00189517240505666,0,0,0,0,0,38
2,4797,769.126445,-0.674312293529511,-0.00189474469516426,0,0,0,0,0,38
2,4798,769.286445,-0.676969349384308,-0.00192052486818284,0,0,0,0,0,38
2,4799,769.446445,-0.67648446559906,-0.00187705236021429,0,0,0,0,0,38
2,4800,769.606445,-0.679296731948853,-0.00189754436723888,0,0,0,0,0,38
2,4801,769.766445,-0.679684638977051,-0.00188039639033377,0,0,0,0,0,38
2,4802,769.926445,-0.6816046833992,-0.00187926879152656,0,0,0,0,0,38
2,4803,770.086445,-0.684164822101593,-0.00189874973148108,0,0,0,0,0,38
2,4804,770.246445,-0.685522437095642,-0.00189353933092207,0,0,0,0,0,38
2,4805,770.406445,-0.68717098236084,-0.00189377262722701,0,0,0,0,0,38
2,4806,770.566445,-0.688412249088287,-0.00188813440036029,0,0,0,0,0,38
2,4807,770.726445,-0.68858677148819,-0.00186406506691128,0,0,0,0,0,38
2,4808,770.886445,-0.691961467266083,-0.00189326715189964,0,0,0,0,0,38
2,4809,771.046445,-0.692582070827484,-0.00187160866335034,0,0,0,0,0,38
2,4810,771.206445,-0.695006430149078,-0.00188490701839328,0,0,0,0,0,38
2,4811,771.366445,-0.695006430149078,-0.00185282749589533,0,0,0,0,0,38
2,4812,771.526445,-0.697682917118073,-0.00187328062020242,0,0,0,0,0,38
2,4813,771.686445,-0.699273288249969,-0.00187028653454036,0,0,0,0,0,38
2,4814,771.846445,-0.700320601463318,-0.00185928237624466,0,0,0,0,0,38
2,4815,772.006445,-0.703171610832214,-0.00188475148752332,0,0,0,0,0,38
2,4816,772.166445,-0.703772842884064,-0.00186021556146443,0,0,0,0,0,38
2,4817,772.326445,-0.70520806312561,-0.00185873790178448,0,0,0,0,0,38
2,4818,772.486445,-0.708272397518158,-0.00189011753536761,0,0,0,0,0,38
2,4819,772.646445,-0.710386455059052,-0.00189396704081446,0,0,0,0,0,38
2,4820,772.806445,-0.710754930973053,-0.00186713691800833,0,0,0,0,0,38
2,4821,772.966445,-0.711317420005798,-0.00184637273196131,0,0,0,0,0,38
2,4822,773.126445,-0.713993847370148,-0.0018647649558261,0,0,0,0,0,38
2,4823,773.286445,-0.717271566390991,-0.00189073965884745,0,0,0,0,0,38
2,4824,773.446445,-0.716864287853241,-0.00185201095882803,0,0,0,0,0,38
2,4825,773.606445,-0.718823134899139,-0.00185749365482479,0,0,0,0,0,38
2,4826,773.766445,-0.719094693660736,-0.00182840821798891,0,0,0,0,0,38
2,4827,773.926445,-0.720879018306732,-0.00183268554974347,0,0,0,0,0,38
2,4828,774.086445,-0.722915410995483,-0.00183774053584784,0,0,0,0,0,38
2,4829,774.246445,-0.722857236862183,-0.00180297798942775,0,0,0,0,0,38
2,4830,774.406445,-0.725824654102325,-0.00182420876808465,0,0,0,0,0,38
2,4831,774.566445,-0.729276895523071,-0.00185951567254961,0,0,0,0,0,38
2,4832,774.726445,-0.728792011737823,-0.00181518762838095,0,0,0,0,0,38
2,4833,774.886445,-0.731080591678619,-0.00183116900734603,0,0,0,0,0,38
2,4834,775.046445,-0.733117043972015,-0.00182887492701411,0,0,0,0,0,38
2,4835,775.206445,-0.73437774181366,-0.00182677514385432,0,0,0,0,0,38
2,4836,775.366445,-0.736026287078857,-0.001818259479478,0,0,0,0,0,38
2,4837,775.526445,-0.738625168800354,-0.00183879036922008,0,0,0,0,0,38
2,4838,775.686445,-0.739750027656555,-0.00182747503276914,0,0,0,0,0,38
2,4839,775.846445,-0.739905178546906,-0.001792207127437,0,0,0,0,0,38
2,4840,776.006445,-0.743105351924896,-0.00183015805669129,0,0,0,0,0,38
2,4841,776.166445,-0.745180547237396,-0.00183319102507085,0,0,0,0,0,38
2,4842,776.326445,-0.745704233646393,-0.00180881062988192,0,0,0,0,0,38
2,4843,776.486445,-0.748341917991638,-0.00182654184754938,0,0,0,0,0,38
2,4844,776.646445,-0.750397741794586,-0.00183404644485563,0,0,0,0,0,38
2,4845,776.806445,-0.750921428203583,-0.00181332125794142,0,0,0,0,0,38
2,4846,776.966445,-0.751852333545685,-0.00179574557114393,0,0,0,0,0,38
2,4847,777.126445,-0.754393041133881,-0.00182043702807277,0,0,0,0,0,38
2,4848,777.286445,-0.755556762218475,-0.00180375564377755,0,0,0,0,0,38
2,4849,777.446445,-0.756332516670227,-0.00178707437589765,0,0,0,0,0,38
2,4850,777.606445,-0.75889265537262,-0.00180220033507794,0,0,0,0,0,38
2,4851,777.766445,-0.761472105979919,-0.00181740405969322,0,0,0,0,0,38
2,4852,777.926445,-0.762112140655518,-0.00179531786125153,0,0,0,0,0,38
2,4853,778.086445,-0.762771546840668,-0.00177704228553921,0,0,0,0,0,38
2,4854,778.246445,-0.762790977954865,-0.00174294086173177,0,0,0,0,0,38
2,4855,778.406445,-0.767309963703156,-0.00179566780570894,0,0,0,0,0,38
2,4856,778.566445,-0.768609404563904,-0.00178936857264489,0,0,0,0,0,38
2,4857,778.726445,-0.769656717777252,-0.00177688675466925,0,0,0,0,0,38
2,4858,778.886445,-0.770820379257202,-0.00176918762736022,0,0,0,0,0,38
2,4859,779.046445,-0.770742833614349,-0.00173543614801019,0,0,0,0,0,38
2,4860,779.206445,-0.774621725082397,-0.00177393155172467,0,0,0,0,0,38
2,4861,779.366445,-0.77727884054184,-0.00178789091296494,0,0,0,0,0,38
2,4862,779.526445,-0.776056945323944,-0.00173679715953767,0,0,0,0,0,38
2,4863,779.686445,-0.779528617858887,-0.00177120964508504,0,0,0,0,0,38
2,4864,779.846445,-0.781060814857483,-0.00177050975617021,0,0,0,0,0,38
2,4865,780.006445,-0.780401349067688,-0.00172291544731706,0,0,0,0,0,38
2,4866,780.166445,-0.784260928630829,-0.00176529923919588,0,0,0,0,0,38
2,4867,780.326445,-0.785405218601227,-0.00175270077306777,0,0,0,0,0,38
2,4868,780.486445,-0.788508355617523,-0.00177999748848379,0,0,0,0,0,38
2,4869,780.646445,-0.789206564426422,-0.00176144973374903,0,0,0,0,0,38
2,4870,780.806445,-0.788605332374573,-0.00171828828752041,0,0,0,0,0,38
2,4871,780.966445,-0.791844248771667,-0.00175596703775227,0,0,0,0,0,38
2,4872,781.126445,-0.792057573795319,-0.00172688160091639,0,0,0,0,0,38
2,4873,781.286445,-0.797197222709656,-0.00179722311440855,0,0,0,0,0,38
2,4874,781.446445,-0.796789884567261,-0.00175810570362955,0,0,0,0,0,38
2,4875,781.606445,-0.797429919242859,-0.00173162552528083,0,0,0,0,0,38
2,4876,781.766445,-0.799059092998505,-0.00172937021125108,0,0,0,0,0,38
2,4877,781.926445,-0.803694427013397,-0.00178831862285733,0,0,0,0,0,38
2,4878,782.086445,-0.8026083111763,-0.00173158664256334,0,0,0,0,0,38
2,4879,782.246445,-0.805672705173492,-0.00175647251307964,0,0,0,0,0,38
2,4880,782.406445,-0.806778192520142,-0.00174993998371065,0,0,0,0,0,38
2,4881,782.566445,-0.808368563652039,-0.00174554612021893,0,0,0,0,0,38
2,4882,782.726445,-0.809958934783936,-0.00174352410249412,0,0,0,0,0,38
2,4883,782.886445,-0.812208712100983,-0.00175161194056273,0,0,0,0,0,38
2,4884,783.046445,-0.813973605632782,-0.0017554615624249,0,0,0,0,0,38
2,4885,783.206445,-0.815195500850677,-0.00174819014500827,0,0,0,0,0,38
2,4886,783.366445,-0.81385725736618,-0.0016877253074199,0,0,0,0,0,38
2,4887,783.526445,-0.816126465797424,-0.00170576758682728,0,0,0,0,0,38
2,4888,783.686445,-0.817522883415222,-0.0016917692264542,0,0,0,0,0,38
2,4889,783.846445,-0.822255194187164,-0.00175114534795284,0,0,0,0,0,38
2,4890,784.006445,-0.824214041233063,-0.00175997207406908,0,0,0,0,0,38
2,4891,784.166445,-0.823147296905518,-0.00170362892095,0,0,0,0,0,38
2,4892,784.326445,-0.82621169090271,-0.00173314195126295,0,0,0,0,0,38
2,4893,784.486445,-0.828849375247955,-0.0017558503895998,0,0,0,0,0,38
2,4894,784.646445,-0.829295456409454,-0.00172287656459957,0,0,0,0,0,38
2,4895,784.806445,-0.829043328762054,-0.00169433560222387,0,0,0,0,0,38
2,4896,784.966445,-0.830885827541351,-0.0016929357079789,0,0,0,0,0,38
2,4897,785.126445,-0.831700384616852,-0.00167248270008713,0,0,0,0,0,38
2,4898,785.286445,-0.834435045719147,-0.00169021391775459,0,0,0,0,0,38
2,4899,785.446445,-0.836762428283691,-0.00170409551355988,0,0,0,0,0,38
2,4900,785.606445,-0.83821702003479,-0.00170526199508458,0,0,0,0,0,38
2,4901,785.766445,-0.840544402599335,-0.00171727722045034,0,0,0,0,0,38
2,4902,785.926445,-0.842910528182983,-0.00172975903842598,0,0,0,0,0,38
2,4903,786.086445,-0.84327906370163,-0.00170642859302461,0,0,0,0,0,38
2,4904,786.246445,-0.844694852828979,-0.00169857393484563,0,0,0,0,0,38
2,4905,786.406445,-0.846130073070526,-0.00169674644712359,0,0,0,0,0,38
2,4906,786.566445,-0.847119212150574,-0.00168344797566533,0,0,0,0,0,38
2,4907,786.726445,-0.849446535110474,-0.00169270241167396,0,0,0,0,0,38
2,4908,786.886445,-0.852142453193665,-0.00171789946034551,0,0,0,0,0,38
2,4909,787.046445,-0.852743685245514,-0.0016962019726634,0,0,0,0,0,38
2,4910,787.206445,-0.85569167137146,-0.00172272103372961,0,0,0,0,0,38
2,4911,787.366445,-0.856622576713562,-0.00170856725890189,0,0,0,0,0,38
2,4912,787.526445,-0.859415471553802,-0.00172855367418379,0,0,0,0,0,38
2,4913,787.686445,-0.861703991889954,-0.00174068554770201,0,0,0,0,0,38
2,4914,787.846445,-0.860036075115204,-0.00167640997096896,0,0,0,0,0,38
2,4915,788.006445,-0.86172342300415,-0.00167291040997952,0,0,0,0,0,38
2,4916,788.166445,-0.8618203997612,-0.00164331949781626,0,0,0,0,0,38
2,4917,788.326445,-0.864302933216095,-0.00166038970928639,0,0,0,0,0,38
2,4918,788.486445,-0.866300582885742,-0.00166944973170757,0,0,0,0,0,38
2,4919,788.646445,-0.866281151771545,-0.00163527054246515,0,0,0,0,0,38
2,4920,788.806445,-0.868647336959839,-0.00165152410045266,0,0,0,0,0,38
2,4921,788.966445,-0.872022032737732,-0.00168461457360536,0,0,0,0,0,38
2,4922,789.126445,-0.874659717082977,-0.00170378445181996,0,0,0,0,0,38
2,4923,789.286445,-0.874873042106628,-0.001676254440099,0,0,0,0,0,38
2,4924,789.446445,-0.877355575561523,-0.00168935838155448,0,0,0,0,0,38
2,4925,789.606445,-0.878713190555573,-0.00168826966546476,0,0,0,0,0,38
2,4926,789.766445,-0.879838109016418,-0.00168270920403302,0,0,0,0,0,38
2,4927,789.926445,-0.880982339382172,-0.00166925531812012,0,0,0,0,0,38
2,4928,790.086445,-0.881932735443115,-0.0016496964963153,0,0,0,0,0,38
2,4929,790.246445,-0.884279489517212,-0.00166855531278998,0,0,0,0,0,38
2,4930,790.406445,-0.886432290077209,-0.00167897634673864,0,0,0,0,0,38
2,4931,790.566445,-0.888139009475708,-0.00168010394554585,0,0,0,0,0,38
2,4932,790.726445,-0.890175461769104,-0.00168566440697759,0,0,0,0,0,38
2,4933,790.886445,-0.891067624092102,-0.00166513351723552,0,0,0,0,0,38
2,4934,791.046445,-0.891630053520203,-0.00165576243307441,0,0,0,0,0,38
2,4935,791.206445,-0.894907772541046,-0.00168504228349775,0,0,0,0,0,38
2,4936,791.366445,-0.896730899810791,-0.00168438127730042,0,0,0,0,0,38
2,4937,791.526445,-0.900532245635986,-0.00172458752058446,0,0,0,0,0,38
2,4938,791.686445,-0.898883700370789,-0.00167088839225471,0,0,0,0,0,38
2,4939,791.846445,-0.901695907115936,-0.00169165257830173,0,0,0,0,0,38
2,4940,792.006445,-0.901230454444885,-0.00164254184346646,0,0,0,0,0,38
2,4941,792.166445,-0.904081463813782,-0.00167205499019474,0,0,0,0,0,38
2,4942,792.326445,-0.908445298671722,-0.00171867711469531,0,0,0,0,0,38
2,4943,792.486445,-0.907281577587128,-0.00166602793615311,0,0,0,0,0,38
2,4944,792.646445,-0.90943443775177,-0.0016709272749722,0,0,0,0,0,38
2,4945,792.806445,-0.91050112247467,-0.00166237272787839,0,0,0,0,0,38
2,4946,792.966445,-0.912459969520569,-0.00167174392845482,0,0,0,0,0,38
2,4947,793.126445,-0.913429737091064,-0.00165241840295494,0,0,0,0,0,38
2,4948,793.286445,-0.915737688541412,-0.00166252837516367,0,0,0,0,0,38
2,4949,793.446445,-0.918433547019959,-0.00168504228349775,0,0,0,0,0,38
2,4950,793.606445,-0.919306337833405,-0.00166960526257753,0,0,0,0,0,38
2,4951,793.766445,-0.922467648983002,-0.0016950354911387,0,0,0,0,0,38
2,4952,793.926445,-0.9231076836586,-0.00168360350653529,0,0,0,0,0,38
2,4953,794.086445,-0.921556115150452,-0.00161598389968276,0,0,0,0,0,38
2,4954,794.246445,-0.926656901836395,-0.00168123166076839,0,0,0,0,0,38
2,4955,794.406445,-0.927646040916443,-0.00166653341148049,0,0,0,0,0,38
2,4956,794.566445,-0.929023087024689,-0.00166583352256566,0,0,0,0,0,38
2,4957,794.726445,-0.928906738758087,-0.0016257050447166,0,0,0,0,0,38
2,4958,794.886445,-0.930225551128387,-0.00161648949142545,0,0,0,0,0,38
2,4959,795.046445,-0.932009875774384,-0.00162138883024454,0,0,0,0,0,38
2,4960,795.206445,-0.932688653469086,-0.00159755279310048,0,0,0,0,0,38
2,4961,795.366445,-0.93602454662323,-0.00162963231559843,0,0,0,0,0,38
2,4962,795.526445,-0.936470627784729,-0.00160311325453222,0,0,0,0,0,38
2,4963,795.686445,-0.938933789730072,-0.00160793494433165,0,0,0,0,0,38
2,4964,795.846445,-0.938720464706421,-0.00157013942953199,0,0,0,0,0,38
2,4965,796.006445,-0.941707253456116,-0.00159346999134868,0,0,0,0,0,38
2,4966,796.166445,-0.945004343986511,-0.00161874468903989,0,0,0,0,0,38
2,4967,796.326445,-0.945818901062012,-0.00159821391571313,0,0,0,0,0,38
2,4968,796.486445,-0.947506248950958,-0.00159965257626027,0,0,0,0,0,38
2,4969,796.646445,-0.948107481002808,-0.00157204479910433,0,0,0,0,0,38
2,4970,796.806445,-0.951889455318451,-0.00160824600607157,0,0,0,0,0,38
2,4971,796.966445,-0.95107489824295,-0.00156862300354987,0,0,0,0,0,38
2,4972,797.126445,-0.953227698802948,-0.00156687316484749,0,0,0,0,0,38
2,4973,797.286445,-0.955264151096344,-0.00157278357073665,0,0,0,0,0,38
2,4974,797.446445,-0.955089569091797,-0.0015382933197543,0,0,0,0,0,38
2,4975,797.606445,-0.95871639251709,-0.00156819529365748,0,0,0,0,0,38
2,4976,797.766445,-0.962343215942383,-0.00160284107550979,0,0,0,0,0,38
2,4977,797.926445,-0.962963819503784,-0.00158153253141791,0,0,0,0,0,38
2,4978,798.086445,-0.963855981826782,-0.00156520120799541,0,0,0,0,0,38
2,4979,798.246445,-0.964457213878632,-0.00154257065150887,0,0,0,0,0,38
2,4980,798.406445,-0.966183364391327,-0.00153903209138662,0,0,0,0,0,38
2,4981,798.566445,-0.969073176383972,-0.00156547338701785,0,0,0,0,0,38
2,4982,798.726445,-0.970430791378021,-0.00156193494331092,0,0,0,0,0,38
2,4983,798.886445,-0.97163325548172,-0.0015558690065518,0,0,0,0,0,38
2,4984,799.046445,-0.973902463912964,-0.00155932968482375,0,0,0,0,0,38
2,4985,799.206445,-0.975861310958862,-0.00156784534920007,0,0,0,0,0,38
2,4986,799.366445,-0.976326763629913,-0.00153821555431932,0,0,0,0,0,38
2,4987,799.526445,-0.975764334201813,-0.00149641511961818,0,0,0,0,0,38
2,4988,799.686445,-0.977742612361908,-0.00150621391367167,0,0,0,0,0,38
2,4989,799.846445,-0.981330633163452,-0.00153771007899195,0,0,0,0,0,38
2,4990,800.006445,-0.981543958187103,-0.00151760689914227,0,0,0,0,0,38
2,4991,800.166445,-0.985054433345795,-0.00155139726120979,0,0,0,0,0,38
2,4992,800.326445,-0.987730860710144,-0.0015709949657321,0,0,0,0,0,38
2,4993,800.486445,-0.986276268959045,-0.0015122409677133,0,0,0,0,0,38
2,4994,800.646445,-0.989301860332489,-0.00154050975106657,0,0,0,0,0,38
2,4995,800.806445,-0.988526046276093,-0.00149532628711313,0,0,0,0,0,38
2,4996,800.966445,-0.990543127059937,-0.00150706933345646,0,0,0,0,0,38
2,4997,801.126445,-0.994654774665833,-0.00155478017404675,0,0,0,0,0,38
2,4998,801.286445,-0.99614816904068,-0.00155104731675237,0,0,0,0,0,38
2,4999,801.446445,-0.995857298374176,-0.00152203976176679,0,0,0,0,0,38
2,5000,801.606445,-1.00303328037262,-0.00162348861340433,0,0,0,0,0,38
3,5001,801.766445,-0.998553156852722,-0.00153226626571268,0,0,0,0,0,38
3,5002,801.926445,-0.996477901935577,-0.00150843022856861,0,0,0,0,0,38
3,5003,802.086445,-0.99599301815033,-0.00150668050628155,0,0,0,0,0,38
3,5004,802.246445,-0.993374764919281,-0.00147712847683579,0,0,0,0,0,38
3,5005,802.406445,-0.990097045898438,-0.00143396703060716,0,0,0,0,0,38
3,5006,802.566445,-0.98961216211319,-0.00143711664713919,0,0,0,0,0,38
3,5007,802.726445,-0.986179292201996,-0.0013897946337238,0,0,0,0,0,38
3,5008,802.886445,-0.987207233905792,-0.00142708455678076,0,0,0,0,0,38
3,5009,803.046445,-0.986838698387146,-0.00144057732541114,0,0,0,0,0,38
3,5010,803.206445,-0.985384106636047,-0.00143357820343226,0,0,0,0,0,38
3,5011,803.366445,-0.981369435787201,-0.00137602956965566,0,0,0,0,0,38
3,5012,803.526445,-0.979643285274506,-0.00136724184267223,0,0,0,0,0,38
3,5013,803.686445,-0.979061424732208,-0.00137618510052562,0,0,0,0,0,38
3,5014,803.846445,-0.978111088275909,-0.00137540744617581,0,0,0,0,0,38
3,5015,804.006445,-0.975725531578064,-0.00135285465512425,0,0,0,0,0,38
3,5016,804.166445,-0.974678218364716,-0.00134729419369251,0,0,0,0,0,38
3,5017,804.326445,-0.973340034484863,-0.00134546658955514,0,0,0,0,0,38
3,5018,804.486445,-0.972370266914368,-0.00134165596682578,0,0,0,0,0,38
3,5019,804.646445,-0.969887733459473,-0.00132621894590557,0,0,0,0,0,38
3,5020,804.806445,-0.969383478164673,-0.00133683439344168,0,0,0,0,0,38
3,5021,804.966445,-0.966687619686127,-0.00130969320889562,0,0,0,0,0,38
3,5022,805.126445,-0.964961469173431,-0.00130273296963423,0,0,0,0,0,38
3,5023,805.286445,-0.962750494480133,-0.00128644041251391,0,0,0,0,0,38
3,5024,805.446445,-0.962343215942383,-0.00129697809461504,0,0,0,0,0,38
3,5025,805.606445,-0.960811018943787,-0.00129009550437331,0,0,0,0,0,38
3,5026,805.766445,-0.957843601703644,-0.001258754869923,0,0,0,0,0,38
3,5027,805.926445,-0.957126021385193,-0.00126163230743259,0,0,0,0,0,38
3,5028,806.086445,-0.956136882305145,-0.00126536516472697,0,0,0,0,0,38
3,5029,806.246445,-0.954818069934845,-0.0012579383328557,0,0,0,0,0,38
3,5030,806.406445,-0.951443374156952,-0.00122317590285093,0,0,0,0,0,38
3,5031,806.566445,-0.950124502182007,-0.00121656560804695,0,0,0,0,0,38
3,5032,806.726445,-0.950551211833954,-0.0012489560758695,0,0,0,0,0,38
3,5033,806.886445,-0.945644378662109,-0.00118013110477477,0,0,0,0,0,38
3,5034,807.046445,-0.950531840324402,-0.00129343965090811,0,0,0,0,0,38
3,5035,807.206445,-0.940601706504822,-0.00114238145761192,0,0,0,0,0,38
3,5036,807.366445,-0.947932898998261,-0.00129840488079935,0,0,0,0,0,38
3,5037,807.526445,-0.943103671073914,-0.00124344194773585,0,0,0,0,0,38
3,5038,807.686445,-0.942773938179016,-0.00125750841107219,0,0,0,0,0,38
3,5039,807.846445,-0.932165026664734,-0.00109345593955368,0,0,0,0,0,38
3,5040,808.006445,-0.936102151870728,-0.00118851789738983,0,0,0,0,0,38
3,5041,808.166445,-0.935539722442627,-0.00119994685519487,0,0,0,0,0,38
3,5042,808.326445,-0.935888826847076,-0.00122654729057103,0,0,0,0,0,38
3,5043,808.486445,-0.935209989547729,-0.00124034541659057,0,0,0,0,0,38
3,5044,808.646445,-0.925629019737244,-0.00109124241862446,0,0,0,0,0,38
3,5045,808.806445,-0.926230251789093,-0.00113882985897362,0,0,0,0,0,38
3,5046,808.966445,-0.924795031547546,-0.00113620795309544,0,0,0,0,0,38
3,5047,809.126445,-0.925318717956543,-0.00116514228284359,0,0,0,0,0,38
3,5048,809.286445,-0.920334219932556,-0.00110534008126706,0,0,0,0,0,38
3,5049,809.446445,-0.914380073547363,-0.00102421245537698,0,0,0,0,0,38
3,5050,809.606445,-0.922836184501648,-0.00119302258826792,0,0,0,0,0,38
3,5051,809.766445,-0.921420335769653,-0.00119494809769094,0,0,0,0,0,38
3,5052,809.926445,-0.918821454048157,-0.00117380160372704,0,0,0,0,0,38
3,5053,810.086445,-0.916920781135559,-0.0011597506236285,0,0,0,0,0,38
3,5054,810.246445,-0.915214061737061,-0.0011608632048592,0,0,0,0,0,38
3,5055,810.406445,-0.912828505039215,-0.00114195351488888,0,0,0,0,0,38
3,5056,810.566445,-0.914767980575562,-0.00119609187822789,0,0,0,0,0,38
3,5057,810.726445,-0.906195521354675,-0.00106713164132088,0,0,0,0,0,38
3,5058,810.886445,-0.903111755847931,-0.00104184227529913,0,0,0,0,0,38
3,5059,811.046445,-0.910578727722168,-0.00119856593664736,0,0,0,0,0,38
3,5060,811.206445,-0.898903071880341,-0.00101332401391119,0,0,0,0,0,38
3,5061,811.366445,-0.903383255004883,-0.00111866358201951,0,0,0,0,0,38
3,5062,811.526445,-0.900318920612335,-0.00108835205901414,0,0,0,0,0,38
3,5063,811.686445,-0.894636273384094,-0.00101722578983754,0,0,0,0,0,38
3,5064,811.846445,-0.893201053142548,-0.00101116113364697,0,0,0,0,0,38
3,5065,812.006445,-0.894190192222595,-0.00105797057040036,0,0,0,0,0,38
3,5066,812.166445,-0.891824007034302,-0.00103741534985602,0,0,0,0,0,38
3,5067,812.326445,-0.892851948738098,-0.0010758766438812,0,0,0,0,0,38
3,5068,812.486445,-0.89733213186264,-0.00117972621228546,0,0,0,0,0,38
3,5069,812.646445,-0.886975347995758,-0.00101842789445072,0,0,0,0,0,38
3,5070,812.806445,-0.888934195041656,-0.00107908982317895,0,0,0,0,0,38
3,5071,812.966445,-0.88623833656311,-0.00105932424776256,0,0,0,0,0,38
3,5072,813.126445,-0.888604521751404,-0.00112042191904038,0,0,0,0,0,38
3,5073,813.286445,-0.886897742748261,-0.00111534143798053,0,0,0,0,0,38
3,5074,813.446445,-0.882863640785217,-0.00107526581268758,0,0,0,0,0,38
3,5075,813.606445,-0.878984689712524,-0.00103000469971448,0,0,0,0,0,38
3,5076,813.766445,-0.876715540885925,-0.00101036764681339,0,0,0,0,0,38
3,5077,813.926445,-0.875959157943726,-0.00102141930256039,0,0,0,0,0,38
3,5078,814.086445,-0.875222146511078,-0.00103826343547553,0,0,0,0,0,38
3,5079,814.246445,-0.871168613433838,-0.000990730477496982,0,0,0,0,0,38
3,5080,814.406445,-0.874174833297729,-0.00107637455221266,0,0,0,0,0,38
3,5081,814.566445,-0.87316632270813,-0.00108339998405427,0,0,0,0,0,38
3,5082,814.726445,-0.87281721830368,-0.0011046826839447,0,0,0,0,0,38
3,5083,814.886445,-0.86779397726059,-0.00104029010981321,0,0,0,0,0,38
3,5084,815.046445,-0.862537980079651,-0.000973112299107015,0,0,0,0,0,38
3,5085,815.206445,-0.860404551029205,-0.000965433253441006,0,0,0,0,0,38
3,5086,815.366445,-0.856545031070709,-0.000925863336306065,0,0,0,0,0,38
3,5087,815.526445,-0.862441003322601,-0.00105289788916707,0,0,0,0,0,38
3,5088,815.686445,-0.858659029006958,-0.00101303623523563,0,0,0,0,0,38
3,5089,815.846445,-0.858988761901855,-0.00105046271346509,0,0,0,0,0,38
3,5090,816.006445,-0.852995812892914,-0.000965857296250761,0,0,0,0,0,38
3,5091,816.166445,-0.853849172592163,-0.0010044468799606,0,0,0,0,0,38
3,5092,816.326445,-0.85685533285141,-0.00108861667104065,0,0,0,0,0,38
3,5093,816.486445,-0.851599395275116,-0.00102365610655397,0,0,0,0,0,38
3,5094,816.646445,-0.846983432769775,-0.000962791906204075,0,0,0,0,0,38
3,5095,816.806445,-0.842367470264435,-0.000909968453925103,0,0,0,0,0,38
3,5096,816.966445,-0.846556723117828,-0.00101247208658606,0,0,0,0,0,38
3,5097,817.126445,-0.840059518814087,-0.000926583015825599,0,0,0,0,0,38
3,5098,817.286445,-0.840059518814087,-0.000948157394304872,0,0,0,0,0,38
3,5099,817.446445,-0.846149444580078,-0.00108351674862206,0,0,0,0,0,38
3,5100,817.606445,-0.83780974149704,-0.000964441278483719,0,0,0,0,0,38
3,5101,817.766445,-0.837887287139893,-0.00098574731964618,0,0,0,0,0,38
3,5102,817.926445,-0.835909068584442,-0.000980958575382829,0,0,0,0,0,38
3,5103,818.086445,-0.834493219852448,-0.000990570988506079,0,0,0,0,0,38
3,5104,818.246445,-0.831390082836151,-0.000965312647167593,0,0,0,0,0,38
3,5105,818.406445,-0.834473848342896,-0.00104263587854803,0,0,0,0,0,38
3,5106,818.566445,-0.835210859775543,-0.00108478486072272,0,0,0,0,0,38
3,5107,818.726445,-0.834299266338348,-0.00109061610419303,0,0,0,0,0,38
3,5108,818.886445,-0.825688004493713,-0.000965623883530498,0,0,0,0,0,38
3,5109,819.046445,-0.820063591003418,-0.000891455565579236,0,0,0,0,0,38
3,5110,819.206445,-0.824776470661163,-0.00100243568886071,0,0,0,0,0,38
3,5111,819.366445,-0.822099983692169,-0.000982926925644279,0,0,0,0,0,38
3,5112,819.526445,-0.818395614624023,-0.000942007172852755,0,0,0,0,0,38
3,5113,819.686445,-0.816844046115875,-0.000945018080528826,0,0,0,0,0,38
3,5114,819.846445,-0.81992781162262,-0.00102704437449574,0,0,0,0,0,38
3,5115,820.006445,-0.812557816505432,-0.000922533392440528,0,0,0,0,0,38
3,5116,820.166445,-0.815311849117279,-0.000999288633465767,0,0,0,0,0,38
3,5117,820.326445,-0.807340621948242,-0.000889475515577942,0,0,0,0,0,38
3,5118,820.486445,-0.812286257743835,-0.00099759257864207,0,0,0,0,0,38
3,5119,820.646445,-0.80949342250824,-0.000973439018707722,0,0,0,0,0,38
3,5120,820.806445,-0.806933343410492,-0.000958415563218296,0,0,0,0,0,38
3,5121,820.966445,-0.8028604388237,-0.000914496486075222,0,0,0,0,0,38
3,5122,821.126445,-0.800707638263702,-0.000899461330845952,0,0,0,0,0,38
3,5123,821.286445,-0.800300359725952,-0.000915492360945791,0,0,0,0,0,38
3,5124,821.446445,-0.804605960845947,-0.00103072833735496,0,0,0,0,0,38
3,5125,821.606445,-0.798903942108154,-0.000951650668866932,0,0,0,0,0,38
3,5126,821.766445,-0.80301558971405,-0.00105639116372913,0,0,0,0,0,38
3,5127,821.926445,-0.795005619525909,-0.000938992365263402,0,0,0,0,0,38
3,5128,822.086445,-0.798166930675507,-0.00102438742760569,0,0,0,0,0,38
3,5129,822.246445,-0.791456341743469,-0.000930710346437991,0,0,0,0,0,38
3,5130,822.406445,-0.792038202285767,-0.000976403302047402,0,0,0,0,0,38
3,5131,822.566445,-0.787422239780426,-0.000919452460948378,0,0,0,0,0,38
3,5132,822.726445,-0.786297380924225,-0.00092373153893277,0,0,0,0,0,38
3,5133,822.886445,-0.792290329933167,-0.00105622003320605,0,0,0,0,0,38
3,5134,823.046445,-0.790428459644318,-0.00105801329482347,0,0,0,0,0,38
3,5135,823.206445,-0.783039033412933,-0.000948830391280353,0,0,0,0,0,38
3,5136,823.366445,-0.789613842964172,-0.00109864911064506,0,0,0,0,0,38
3,5137,823.526445,-0.785017311573029,-0.00104565068613738,0,0,0,0,0,38
3,5138,823.686445,-0.776910305023193,-0.000933149480260909,0,0,0,0,0,38
3,5139,823.846445,-0.774292051792145,-0.000915305630769581,0,0,0,0,0,38
3,5140,824.006445,-0.77844250202179,-0.00101856398396194,0,0,0,0,0,38
3,5141,824.166445,-0.772546529769897,-0.000946399057283998,0,0,0,0,0,38
3,5142,824.326445,-0.774098098278046,-0.00099521956872195,0,0,0,0,0,38
3,5143,824.486445,-0.770025193691254,-0.000956890638917685,0,0,0,0,0,38
3,5144,824.646445,-0.766669929027557,-0.000922047183848917,0,0,0,0,0,38
3,5145,824.806445,-0.767930567264557,-0.000970996101386845,0,0,0,0,0,38
3,5146,824.966445,-0.766417801380157,-0.000976687297224998,0,0,0,0,0,38
3,5147,825.126445,-0.766980230808258,-0.00100893212947994,0,0,0,0,0,38
3,5148,825.286445,-0.761860013008118,-0.000944726343732327,0,0,0,0,0,38
3,5149,825.446445,-0.759338736534119,-0.000930122972931713,0,0,0,0,0,38
3,5150,825.606445,-0.759571433067322,-0.000964487961027771,0,0,0,0,0,38
3,5151,825.766445,-0.756468296051025,-0.000938257144298404,0,0,0,0,0,38
3,5152,825.926445,-0.759009003639221,-0.00100859766826034,0,0,0,0,0,38
3,5153,826.086445,-0.751406252384186,-0.00090231274953112,0,0,0,0,0,38
3,5154,826.246445,-0.752880275249481,-0.000956707808654755,0,0,0,0,0,38
3,5155,826.406445,-0.752453565597534,-0.000978465075604618,0,0,0,0,0,38
3,5156,826.566445,-0.749563753604889,-0.00095809658523649,0,0,0,0,0,38
3,5157,826.726445,-0.748923778533936,-0.00096945947734639,0,0,0,0,0,38
3,5158,826.886445,-0.747624278068542,-0.000978029333055019,0,0,0,0,0,38
3,5159,827.046445,-0.745995163917542,-0.000975625298451632,0,0,0,0,0,38
3,5160,827.206445,-0.748089790344238,-0.00103573873639107,0,0,0,0,0,38
3,5161,827.366445,-0.739381551742554,-0.000909194350242615,0,0,0,0,0,38
3,5162,827.526445,-0.738954842090607,-0.000933981908019632,0,0,0,0,0,38
3,5163,827.686445,-0.73494017124176,-0.000889716669917107,0,0,0,0,0,38
3,5164,827.846445,-0.734183788299561,-0.000903954380191863,0,0,0,0,0,38
3,5165,828.006445,-0.738760888576508,-0.00101185357198119,0,0,0,0,0,38
3,5166,828.166445,-0.736588716506958,-0.000998677918687463,0,0,0,0,0,38
3,5167,828.326445,-0.735269844532013,-0.00099863123614341,0,0,0,0,0,38
3,5168,828.486445,-0.730556964874268,-0.000944399565923959,0,0,0,0,0,38
3,5169,828.646445,-0.726697385311127,-0.000901515304576606,0,0,0,0,0,38
3,5170,828.806445,-0.729005396366119,-0.000974886177573353,0,0,0,0,0,38
3,5171,828.966445,-0.730207860469818,-0.00101981277111918,0,0,0,0,0,38
3,5172,829.126445,-0.722876667976379,-0.000914776581339538,0,0,0,0,0,38
3,5173,829.286445,-0.721518993377686,-0.000922700681257993,0,0,0,0,0,38
3,5174,829.446445,-0.720879018306732,-0.000938385492190719,0,0,0,0,0,38
3,5175,829.606445,-0.722159028053284,-0.000992126995697618,0,0,0,0,0,38
3,5176,829.766445,-0.716670334339142,-0.000918297097086906,0,0,0,0,0,38
3,5177,829.926445,-0.71746551990509,-0.000960835197474808,0,0,0,0,0,38
3,5178,830.086445,-0.719017088413239,-0.00101815944071859,0,0,0,0,0,38
3,5179,830.246445,-0.712985336780548,-0.000934297044295818,0,0,0,0,0,38
3,5180,830.406445,-0.710832536220551,-0.000922148290555924,0,0,0,0,0,38
3,5181,830.566445,-0.709630072116852,-0.00093059369828552,0,0,0,0,0,38
3,5182,830.726445,-0.706488132476807,-0.000900402723345906,0,0,0,0,0,38
3,5183,830.886445,-0.70672082901001,-0.000933900242671371,0,0,0,0,0,38
3,5184,831.046445,-0.702201902866364,-0.000882854568772018,0,0,0,0,0,38
3,5185,831.206445,-0.705091714859009,-0.000959952129051089,0,0,0,0,0,38
3,5186,831.366445,-0.705033481121063,-0.000984650221653283,0,0,0,0,0,38
3,5187,831.526445,-0.699350833892822,-0.000917822530027479,0,0,0,0,0,38
3,5188,831.686445,-0.695743441581726,-0.000876949401572347,0,0,0,0,0,38
3,5189,831.846445,-0.693745791912079,-0.000862482178490609,0,0,0,0,0,38
3,5190,832.006445,-0.698148369789124,-0.000973380694631487,0,0,0,0,0,38
3,5191,832.166445,-0.694521546363831,-0.000931741262320429,0,0,0,0,0,38
3,5192,832.326445,-0.69395911693573,-0.000950016838032752,0,0,0,0,0,38
3,5193,832.486445,-0.691476583480835,-0.000938758952543139,0,0,0,0,0,38
3,5194,832.646445,-0.694075465202332,-0.00101001746952534,0,0,0,0,0,38
3,5195,832.806445,-0.690312922000885,-0.000970704306382686,0,0,0,0,0,38
3,5196,832.966445,-0.686046063899994,-0.000917659141123295,0,0,0,0,0,38
3,5197,833.126445,-0.684029042720795,-0.000915535143576562,0,0,0,0,0,38
3,5198,833.286445,-0.680091917514801,-0.000870966468937695,0,0,0,0,0,38
3,5199,833.446445,-0.686084866523743,-0.00100132310763001,0,0,0,0,0,38
3,5200,833.606445,-0.679800987243652,-0.000917608558665961,0,0,0,0,0,38
3,5201,833.766445,-0.681662857532501,-0.000977298012003303,0,0,0,0,0,38
3,5202,833.926445,-0.676096618175507,-0.000905728258658201,0,0,0,0,0,38
3,5203,834.086445,-0.675941407680511,-0.000925594940781593,0,0,0,0,0,38
3,5204,834.246445,-0.674176514148712,-0.000930231879465282,0,0,0,0,0,38
3,5205,834.406445,-0.668726623058319,-0.000856892147567123,0,0,0,0,0,38
3,5206,834.566445,-0.666108310222626,-0.000835282728075981,0,0,0,0,0,38
3,5207,834.726445,-0.666069507598877,-0.000862773973494768,0,0,0,0,0,38
3,5208,834.886445,-0.666825890541077,-0.000898811675142497,0,0,0,0,0,38
3,5209,835.046445,-0.667737483978271,-0.00095371634233743,0,0,0,0,0,38
3,5210,835.206445,-0.666845321655273,-0.000968265230767429,0,0,0,0,0,38
3,5211,835.366445,-0.659824430942535,-0.000871005351655185,0,0,0,0,0,38
3,5212,835.526445,-0.660406291484833,-0.00090988288866356,0,0,0,0,0,38
3,5213,835.686445,-0.657749176025391,-0.0008867213036865,0,0,0,0,0,38
3,5214,835.846445,-0.657981932163239,-0.000920895719900727,0,0,0,0,0,38
3,5215,836.006445,-0.652085959911346,-0.000837142230011523,0,0,0,0,0,38
3,5216,836.166445,-0.656158804893494,-0.000934452633373439,0,0,0,0,0,38
3,5217,836.326445,-0.651872575283051,-0.000894112454261631,0,0,0,0,0,38
3,5218,836.486445,-0.65181440114975,-0.000918367120902985,0,0,0,0,0,38
3,5219,836.646445,-0.651988983154297,-0.000948993780184537,0,0,0,0,0,38
3,5220,836.806445,-0.645452916622162,-0.000856503145769238,0,0,0,0,0,38
3,5221,836.966445,-0.648653090000153,-0.000943485414609313,0,0,0,0,0,38
3,5222,837.126445,-0.644366860389709,-0.000897014455404133,0,0,0,0,0,38
3,5223,837.286445,-0.644328057765961,-0.000919600308407098,0,0,0,0,0,38
3,5224,837.446445,-0.641806721687317,-0.000899974838830531,0,0,0,0,0,38
3,5225,837.606445,-0.641069710254669,-0.000916433753445745,0,0,0,0,0,38
3,5226,837.766445,-0.641127943992615,-0.000942271726671606,0,0,0,0,0,38
3,5227,837.926445,-0.638625979423523,-0.000931099406443536,0,0,0,0,0,38
3,5228,838.086445,-0.636531352996826,-0.000916733290068805,0,0,0,0,0,38
3,5229,838.246445,-0.631488740444183,-0.00085791916353628,0,0,0,0,0,38
3,5230,838.406445,-0.634514331817627,-0.000939323042985052,0,0,0,0,0,38
3,5231,838.566445,-0.632148146629334,-0.000923144165426493,0,0,0,0,0,38
3,5232,838.726445,-0.629820823669434,-0.000904814107343555,0,0,0,0,0,38
3,5233,838.886445,-0.630422055721283,-0.000951094436459243,0,0,0,0,0,38
3,5234,839.046445,-0.626213371753693,-0.000902246625628322,0,0,0,0,0,38
3,5235,839.206445,-0.622470200061798,-0.000865283072926104,0,0,0,0,0,38
3,5236,839.366445,-0.623304188251495,-0.000901029037777334,0,0,0,0,0,38
3,5237,839.526445,-0.619890689849854,-0.000865971611347049,0,0,0,0,0,38
3,5238,839.686445,-0.616496622562408,-0.000832229037769139,0,0,0,0,0,38
3,5239,839.846445,-0.618145167827606,-0.00089165783720091,0,0,0,0,0,38
3,5240,840.006445,-0.615061402320862,-0.00086259504314512,0,0,0,0,0,38
3,5241,840.166445,-0.61494505405426,-0.000886803027242422,0,0,0,0,0,38
3,5242,840.326445,-0.612501323223114,-0.000869593292009085,0,0,0,0,0,38
3,5243,840.486445,-0.612346172332764,-0.000900247134268284,0,0,0,0,0,38
3,5244,840.646445,-0.610135138034821,-0.000884589564520866,0,0,0,0,0,38
3,5245,840.806445,-0.604336142539978,-0.000808896322268993,0,0,0,0,0,38
3,5246,840.966445,-0.604277968406677,-0.000831260404083878,0,0,0,0,0,38
3,5247,841.126445,-0.60445249080658,-0.000863882654812187,0,0,0,0,0,38
3,5248,841.286445,-0.600049912929535,-0.00081330380635336,0,0,0,0,0,38
3,5249,841.446445,-0.602551817893982,-0.000886950816493481,0,0,0,0,0,38
3,5250,841.606445,-0.602745771408081,-0.000918363220989704,0,0,0,0,0,38
3,5251,841.766445,-0.600243866443634,-0.000900181010365486,0,0,0,0,0,38
3,5252,841.926445,-0.597043752670288,-0.000880376610439271,0,0,0,0,0,38
3,5253,842.086445,-0.597392857074738,-0.000910213508177549,0,0,0,0,0,38
3,5254,842.246445,-0.594464242458344,-0.000888732494786382,0,0,0,0,0,38
3,5255,842.406445,-0.593824207782745,-0.000902577303349972,0,0,0,0,0,38
3,5256,842.566445,-0.593824207782745,-0.000929146539419889,0,0,0,0,0,38
3,5257,842.726445,-0.588238537311554,-0.000857207225635648,0,0,0,0,0,38
3,5258,842.886445,-0.589305222034454,-0.000907276524230838,0,0,0,0,0,38
3,5259,843.046445,-0.584417760372162,-0.00084240548312664,0,0,0,0,0,38
3,5260,843.206445,-0.580771565437317,-0.000812377955298871,0,0,0,0,0,38
3,5261,843.366445,-0.584786295890808,-0.00091240752954036,0,0,0,0,0,38
3,5262,843.526445,-0.580984890460968,-0.00087332387920469,0,0,0,0,0,38
3,5263,843.686445,-0.577396869659424,-0.000828887452371418,0,0,0,0,0,38
3,5264,843.846445,-0.578948438167572,-0.000886740745045245,0,0,0,0,0,38
3,5265,844.006445,-0.575922906398773,-0.000862470536958426,0,0,0,0,0,38
3,5266,844.166445,-0.573323965072632,-0.000837624596897513,0,0,0,0,0,38
3,5267,844.326445,-0.572373628616333,-0.00085220072651282,0,0,0,0,0,38
3,5268,844.486445,-0.56833952665329,-0.000808378914371133,0,0,0,0,0,38
3,5269,844.646445,-0.568475306034088,-0.000839908083435148,0,0,0,0,0,38
3,5270,844.806445,-0.567001342773438,-0.000843537505716085,0,0,0,0,0,38
3,5271,844.966445,-0.563917577266693,-0.000816143525298685,0,0,0,0,0,38
3,5272,845.126445,-0.569212317466736,-0.00093846331583336,0,0,0,0,0,38
3,5273,845.286445,-0.562540531158447,-0.000841219036374241,0,0,0,0,0,38
3,5274,845.446445,-0.56195867061615,-0.000853083794936538,0,0,0,0,0,38
3,5275,845.606445,-0.557206988334656,-0.000805445830337703,0,0,0,0,0,38
3,5276,845.766445,-0.55608206987381,-0.000807048520073295,0,0,0,0,0,38
3,5277,845.926445,-0.557750046253204,-0.000863415829371661,0,0,0,0,0,38
3,5278,846.086445,-0.551058888435364,-0.000774449610617012,0,0,0,0,0,38
3,5279,846.246445,-0.550574004650116,-0.000790496240369976,0,0,0,0,0,38
3,5280,846.406445,-0.552397072315216,-0.000854153535328805,0,0,0,0,0,38
3,5281,846.566445,-0.552144944667816,-0.000872464152052999,0,0,0,0,0,38
3,5282,846.726445,-0.549623668193817,-0.000854523095767945,0,0,0,0,0,38
3,5283,846.886445,-0.552125573158264,-0.000930943759158254,0,0,0,0,0,38
3,5284,847.046445,-0.546869575977325,-0.0008583664894104,0,0,0,0,0,38
3,5285,847.206445,-0.54869270324707,-0.000919440819416195,0,0,0,0,0,38
3,5286,847.366445,-0.543242812156677,-0.000852535245940089,0,0,0,0,0,38
3,5287,847.526445,-0.541885137557983,-0.000854425830766559,0,0,0,0,0,38
3,5288,847.686445,-0.538840174674988,-0.00082989496877417,0,0,0,0,0,38
3,5289,847.846445,-0.536474049091339,-0.000809016928542405,0,0,0,0,0,38
3,5290,848.006445,-0.535834014415741,-0.000822445494122803,0,0,0,0,0,38
3,5291,848.166445,-0.530228912830353,-0.000756574678234756,0,0,0,0,0,38
3,5292,848.326445,-0.532886028289795,-0.000826771254651248,0,0,0,0,0,38
3,5293,848.486445,-0.531295657157898,-0.00082258164184168,0,0,0,0,0,38
3,5294,848.646445,-0.531082272529602,-0.000849065312650055,0,0,0,0,0,38
3,5295,848.806445,-0.5312180519104,-0.000881259620655328,0,0,0,0,0,38
3,5296,848.966445,-0.52594268321991,-0.000808608427178115,0,0,0,0,0,38
3,5297,849.126445,-0.526485741138458,-0.000843864283524454,0,0,0,0,0,38
3,5298,849.286445,-0.524313569068909,-0.000840413791593164,0,0,0,0,0,38
3,5299,849.446445,-0.520822525024414,-0.000795463856775314,0,0,0,0,0,38
3,5300,849.606445,-0.517913281917572,-0.00077521987259388,0,0,0,0,0,38
3,5301,849.766445,-0.518359363079071,-0.000815155450254679,0,0,0,0,0,38
3,5302,849.926445,-0.521035850048065,-0.0008878338849172,0,0,0,0,0,38
3,5303,850.086445,-0.512250006198883,-0.000754835840780288,0,0,0,0,0,38
3,5304,850.246445,-0.51343309879303,-0.000809596502222121,0,0,0,0,0,38
3,5305,850.406445,-0.513879179954529,-0.000838293693959713,0,0,0,0,0,38
3,5306,850.566445,-0.50745952129364,-0.000756279041524976,0,0,0,0,0,38
3,5307,850.726445,-0.509476602077484,-0.000816022919025272,0,0,0,0,0,38
3,5308,850.886445,-0.508933544158936,-0.000828533433377743,0,0,0,0,0,38
3,5309,851.046445,-0.510136008262634,-0.00088683411013335,0,0,0,0,0,38
3,5310,851.206445,-0.504298210144043,-0.000804819515906274,0,0,0,0,0,38
3,5311,851.366445,-0.504821836948395,-0.000845883216243237,0,0,0,0,0,38
3,5312,851.526445,-0.502378106117249,-0.000823519134428352,0,0,0,0,0,38
3,5313,851.686445,-0.495977878570557,-0.000737645546905696,0,0,0,0,0,38
3,5314,851.846445,-0.498460382223129,-0.000808927463367581,0,0,0,0,0,38
3,5315,852.006445,-0.495725721120834,-0.000797012122347951,0,0,0,0,0,38
3,5316,852.166445,-0.496520906686783,-0.000831050332635641,0,0,0,0,0,38
3,5317,852.326445,-0.490411579608917,-0.000750346691347659,0,0,0,0,0,38
3,5318,852.486445,-0.496346354484558,-0.000885270303115249,0,0,0,0,0,38
3,5319,852.646445,-0.496637284755707,-0.000918153207749128,0,0,0,0,0,38
3,5320,852.806445,-0.49122616648674,-0.000843724235892296,0,0,0,0,0,38
3,5321,852.966445,-0.483953148126602,-0.000738692004233599,0,0,0,0,0,38
3,5322,853.126445,-0.486028373241425,-0.000802594353444874,0,0,0,0,0,38
3,5323,853.286445,-0.482323974370956,-0.000763168383855373,0,0,0,0,0,38
3,5324,853.446445,-0.481354236602783,-0.000779572874307632,0,0,0,0,0,38
3,5325,853.606445,-0.481897294521332,-0.00081386003876105,0,0,0,0,0,38
3,5326,853.766445,-0.480811208486557,-0.000822523259557784,0,0,0,0,0,38
3,5327,853.926445,-0.471424162387848,-0.000675528717692941,0,0,0,0,0,38
3,5328,854.086445,-0.477746844291687,-0.000821235647890717,0,0,0,0,0,38
3,5329,854.246445,-0.472180545330048,-0.000742375908885151,0,0,0,0,0,38
3,5330,854.406445,-0.471424162387848,-0.000757632777094841,0,0,0,0,0,38
3,5331,854.566445,-0.4701828956604,-0.00076245260424912,0,0,0,0,0,38
3,5332,854.726445,-0.470008343458176,-0.000788345001637936,0,0,0,0,0,38
3,5333,854.886445,-0.467390060424805,-0.000773667707107961,0,0,0,0,0,38
3,5334,855.046445,-0.466517299413681,-0.000790395075455308,0,0,0,0,0,38
3,5335,855.206445,-0.463860213756561,-0.000764028111007065,0,0,0,0,0,38
3,5336,855.366445,-0.463123232126236,-0.000780588190536946,0,0,0,0,0,38
3,5337,855.526445,-0.462075889110565,-0.000790037214756012,0,0,0,0,0,38
3,5338,855.686445,-0.457789659500122,-0.000737902300897986,0,0,0,0,0,38
3,5339,855.846445,-0.462812900543213,-0.000858759391121566,0,0,0,0,0,38
3,5340,856.006445,-0.458196967840195,-0.000801878632046282,0,0,0,0,0,38
3,5341,856.166445,-0.453367680311203,-0.000739294977393001,0,0,0,0,0,38
3,5342,856.326445,-0.448305666446686,-0.00067708472488448,0,0,0,0,0,38
3,5343,856.486445,-0.44667649269104,-0.000672992377076298,0,0,0,0,0,38
3,5344,856.646445,-0.444892197847366,-0.000672303838655353,0,0,0,0,0,38
3,5345,856.806445,-0.448034137487412,-0.000752283958718181,0,0,0,0,0,38
3,5346,856.966445,-0.443495750427246,-0.000698110612574965,0,0,0,0,0,38
3,5347,857.126445,-0.443728506565094,-0.000727290171198547,0,0,0,0,0,38
3,5348,857.286445,-0.444853395223618,-0.000772831379435956,0,0,0,0,0,38
3,5349,857.446445,-0.439481049776077,-0.000712461129296571,0,0,0,0,0,38
3,5350,857.606445,-0.440664142370224,-0.000758986570872366,0,0,0,0,0,38
3,5351,857.766445,-0.434341460466385,-0.000669588567689061,0,0,0,0,0,38
3,5352,857.926445,-0.438433736562729,-0.000769789330661297,0,0,0,0,0,38
3,5353,858.086445,-0.432285606861115,-0.000691925408318639,0,0,0,0,0,38
3,5354,858.246445,-0.436455488204956,-0.000786742311902344,0,0,0,0,0,38
3,5355,858.406445,-0.430772840976715,-0.000715378730092198,0,0,0,0,0,38
3,5356,858.566445,-0.434903919696808,-0.000819267297629267,0,0,0,0,0,38
3,5357,858.726445,-0.426389634609222,-0.000686841085553169,0,0,0,0,0,38
3,5358,858.886445,-0.426331430673599,-0.000714308931492269,0,0,0,0,0,38
3,5359,859.046445,-0.426428407430649,-0.000742119154892862,0,0,0,0,0,38
3,5360,859.206445,-0.423286467790604,-0.000719124858733267,0,0,0,0,0,38
3,5361,859.366445,-0.424023479223251,-0.000763343414291739,0,0,0,0,0,38
3,5362,859.526445,-0.423713147640228,-0.000786859018262476,0,0,0,0,0,38
3,5363,859.686445,-0.424101054668427,-0.000817049934994429,0,0,0,0,0,38
3,5364,859.846445,-0.415489792823792,-0.000685681821778417,0,0,0,0,0,38
3,5365,860.006445,-0.418302029371262,-0.000766751181799918,0,0,0,0,0,38
3,5366,860.166445,-0.413278788328171,-0.000703206635080278,0,0,0,0,0,38
3,5367,860.326445,-0.413802444934845,-0.000743192795198411,0,0,0,0,0,38
3,5368,860.486445,-0.408779233694077,-0.000676419527735561,0,0,0,0,0,38
3,5369,860.646445,-0.410233825445175,-0.000725769146811217,0,0,0,0,0,38
3,5370,860.806445,-0.409341663122177,-0.000743924174457788,0,0,0,0,0,38
3,5371,860.966445,-0.403329312801361,-0.000659699959214777,0,0,0,0,0,38
3,5372,861.126445,-0.406626403331757,-0.000744188670068979,0,0,0,0,0,38
3,5373,861.286445,-0.40453177690506,-0.000731647072825581,0,0,0,0,0,38
3,5374,861.446445,-0.401932895183563,-0.000714301189873368,0,0,0,0,0,38
3,5375,861.606445,-0.401506215333939,-0.000736389076337218,0,0,0,0,0,38
3,5376,861.766445,-0.395532637834549,-0.000653864815831184,0,0,0,0,0,38
3,5377,861.926445,-0.396424800157547,-0.000701985147316009,0,0,0,0,0,38
3,5378,862.086445,-0.394640475511551,-0.000689252919983119,0,0,0,0,0,38
3,5379,862.246445,-0.392138570547104,-0.000674435577820987,0,0,0,0,0,38
3,5380,862.406445,-0.390877902507782,-0.000676808529533446,0,0,0,0,0,38
3,5381,862.566445,-0.390897303819656,-0.00070603471249342,0,0,0,0,0,38
3,5382,862.726445,-0.389539659023285,-0.000708493287675083,0,0,0,0,0,38
3,5383,862.886445,-0.387445032596588,-0.000698211777489632,0,0,0,0,0,38
3,5384,863.046445,-0.381064176559448,-0.000612773874308914,0,0,0,0,0,38
3,5385,863.206445,-0.38358548283577,-0.000676026626024395,0,0,0,0,0,38
3,5386,863.366445,-0.382635146379471,-0.000688696629367769,0,0,0,0,0,38
3,5387,863.526445,-0.380618095397949,-0.000684740429278463,0,0,0,0,0,38
3,5388,863.686445,-0.378833770751953,-0.000678115640766919,0,0,0,0,0,38
3,5389,863.846445,-0.374935448169708,-0.000633278512395918,0,0,0,0,0,38
3,5390,864.006445,-0.375226378440857,-0.000664169667288661,0,0,0,0,0,38
3,5391,864.166445,-0.375129401683807,-0.000692112138494849,0,0,0,0,0,38
3,5392,864.326445,-0.372918397188187,-0.000674602866638452,0,0,0,0,0,38
3,5393,864.486445,-0.370687991380692,-0.00066494767088443,0,0,0,0,0,38
3,5394,864.646445,-0.37072679400444,-0.000692586705554277,0,0,0,0,0,38
3,5395,864.806445,-0.370164334774017,-0.000705645710695535,0,0,0,0,0,38
3,5396,864.966445,-0.367390900850296,-0.000685895793139935,0,0,0,0,0,38
3,5397,865.126445,-0.366324186325073,-0.000691575289238244,0,0,0,0,0,38
3,5398,865.286445,-0.357169896364212,-0.000556107028387487,0,0,0,0,0,38
3,5399,865.446445,-0.361087620258331,-0.000654024304822087,0,0,0,0,0,38
3,5400,865.606445,-0.3645980656147,-0.000744130345992744,0,0,0,0,0,38
3,5401,865.766445,-0.358585685491562,-0.000660477962810546,0,0,0,0,0,38
3,5402,865.926445,-0.355017066001892,-0.000619118625763804,0,0,0,0,0,38
3,5403,866.086445,-0.355618298053741,-0.000665678991936147,0,0,0,0,0,38
3,5404,866.246445,-0.354338258504868,-0.000661524420138448,0,0,0,0,0,38
3,5405,866.406445,-0.352903038263321,-0.000665698491502553,0,0,0,0,0,38
3,5406,866.566445,-0.349838674068451,-0.000640941958408803,0,0,0,0,0,38
3,5407,866.726445,-0.347627699375153,-0.00062051514396444,0,0,0,0,0,38
3,5408,866.886445,-0.347705274820328,-0.000653779250569642,0,0,0,0,0,38
3,5409,867.046445,-0.34722039103508,-0.000676326162647456,0,0,0,0,0,38
3,5410,867.206445,-0.34431117773056,-0.000647442298941314,0,0,0,0,0,38
3,5411,867.366445,-0.342720836400986,-0.000639650446828455,0,0,0,0,0,38
3,5412,867.526445,-0.339501291513443,-0.000608856556937099,0,0,0,0,0,38
3,5413,867.686445,-0.340160727500916,-0.000651550246402621,0,0,0,0,0,38
3,5414,867.846445,-0.336747258901596,-0.000612995645496994,0,0,0,0,0,38
3,5415,868.006445,-0.339927971363068,-0.000701553362887353,0,0,0,0,0,38
3,5416,868.166445,-0.333954423666,-0.000621090875938535,0,0,0,0,0,38
3,5417,868.326445,-0.337639421224594,-0.000712581735569984,0,0,0,0,0,38
3,5418,868.486445,-0.329163908958435,-0.000583018641918898,0,0,0,0,0,38
3,5419,868.646445,-0.328271746635437,-0.000596462748944759,0,0,0,0,0,38
3,5420,868.806445,-0.324179470539093,-0.000548451382201165,0,0,0,0,0,38
3,5421,868.966445,-0.326371073722839,-0.000617317506112158,0,0,0,0,0,38
3,5422,869.126445,-0.322996407747269,-0.000581139756832272,0,0,0,0,0,38
3,5423,869.286445,-0.324257045984268,-0.00063087441958487,0,0,0,0,0,38
3,5424,869.446445,-0.32014536857605,-0.000581365369725972,0,0,0,0,0,38
3,5425,869.606445,-0.32039749622345,-0.000608136935625225,0,0,0,0,0,38
3,5426,869.766445,-0.318671375513077,-0.000605479988735169,0,0,0,0,0,38
3,5427,869.926445,-0.316382795572281,-0.000589036615565419,0,0,0,0,0,38
3,5428,870.086445,-0.316344022750854,-0.000618149992078543,0,0,0,0,0,38
3,5429,870.246445,-0.313221454620361,-0.00059360358864069,0,0,0,0,0,38
3,5430,870.406445,-0.313105076551437,-0.000607965746894479,0,0,0,0,0,38
3,5431,870.566445,-0.310079514980316,-0.000584131223149598,0,0,0,0,0,38
3,5432,870.726445,-0.30687940120697,-0.000553313991986215,0,0,0,0,0,38
3,5433,870.886445,-0.311766862869263,-0.00066650373628363,0,0,0,0,0,38
3,5434,871.046445,-0.306316941976547,-0.000601270934566855,0,0,0,0,0,38
3,5435,871.206445,-0.303524106740952,-0.00057214975822717,0,0,0,0,0,38
3,5436,871.366445,-0.303524106740952,-0.000599325867369771,0,0,0,0,0,38
3,5437,871.526445,-0.299761533737183,-0.000558690051548183,0,0,0,0,0,38
3,5438,871.686445,-0.300013661384583,-0.000584247929509729,0,0,0,0,0,38
3,5439,871.846445,-0.298772394657135,-0.000591845251619816,0,0,0,0,0,38
3,5440,872.006445,-0.300537317991257,-0.000651429640129209,0,0,0,0,0,38
3,5441,872.166445,-0.295940756797791,-0.000597785401623696,0,0,0,0,0,38
3,5442,872.326445,-0.292701840400696,-0.000565828348044306,0,0,0,0,0,38
3,5443,872.486445,-0.290898144245148,-0.00055890012299642,0,0,0,0,0,38
3,5444,872.646445,-0.290141761302948,-0.000571846321690828,0,0,0,0,0,38
3,5445,872.806445,-0.285215497016907,-0.000506485172081739,0,0,0,0,0,38
3,5446,872.966445,-0.287620425224304,-0.000578638399019837,0,0,0,0,0,38
3,5447,873.126445,-0.288144081830978,-0.000616998528130353,0,0,0,0,0,38
3,5448,873.286445,-0.284827589988709,-0.000577498634811491,0,0,0,0,0,38
3,5449,873.446445,-0.28327602148056,-0.000573744706343859,0,0,0,0,0,38
3,5450,873.606445,-0.278291583061218,-0.000515253399498761,0,0,0,0,0,38
3,5451,873.766445,-0.277942478656769,-0.000533579557668418,0,0,0,0,0,38
3,5452,873.926445,-0.27509143948555,-0.000508375756908208,0,0,0,0,0,38
3,5453,874.086445,-0.280037105083466,-0.00062478258041665,0,0,0,0,0,38
3,5454,874.246445,-0.272802859544754,-0.000521395821124315,0,0,0,0,0,38
3,5455,874.406445,-0.274606585502625,-0.000581435393542051,0,0,0,0,0,38
3,5456,874.566445,-0.270339757204056,-0.000530689256265759,0,0,0,0,0,38
3,5457,874.726445,-0.268148154020309,-0.000517085602041334,0,0,0,0,0,38
3,5458,874.886445,-0.270068228244781,-0.000581186439376324,0,0,0,0,0,38
3,5459,875.046445,-0.265432894229889,-0.000519155175425112,0,0,0,0,0,38
3,5460,875.206445,-0.262543052434921,-0.000491982907988131,0,0,0,0,0,38
3,5461,875.366445,-0.265975922346115,-0.000587659538723528,0,0,0,0,0,38
3,5462,875.526445,-0.261534541845322,-0.000528460252098739,0,0,0,0,0,38
3,5463,875.686445,-0.260312676429749,-0.000537489133421332,0,0,0,0,0,38
3,5464,875.846445,-0.255560964345932,-0.000478410423966125,0,0,0,0,0,38
3,5465,876.006445,-0.254474878311157,-0.000481195718748495,0,0,0,0,0,38
3,5466,876.166445,-0.257868945598602,-0.000567267707083374,0,0,0,0,0,38
3,5467,876.326445,-0.253466337919235,-0.0005192601820454,0,0,0,0,0,38
3,5468,876.486445,-0.252865105867386,-0.000533007725607604,0,0,0,0,0,38
3,5469,876.646445,-0.245126605033875,-0.000417184404795989,0,0,0,0,0,38
3,5470,876.806445,-0.24947102367878,-0.000522726273629814,0,0,0,0,0,38
3,5471,876.966445,-0.248074606060982,-0.00052660854998976,0,0,0,0,0,38
3,5472,877.126445,-0.245669662952423,-0.000506702985148877,0,0,0,0,0,38
3,5473,877.286445,-0.246949717402458,-0.000555177335627377,0,0,0,0,0,38
3,5474,877.446445,-0.243885353207588,-0.000530152407009155,0,0,0,0,0,38
3,5475,877.606445,-0.239793062210083,-0.000480569404317066,0,0,0,0,0,38
3,5476,877.766445,-0.233916461467743,-0.000402262056013569,0,0,0,0,0,38
3,5477,877.926445,-0.235778361558914,-0.000463939300971106,0,0,0,0,0,38
3,5478,878.086445,-0.235584408044815,-0.000484930205857381,0,0,0,0,0,38
3,5479,878.246445,-0.234091013669968,-0.000482782867038623,0,0,0,0,0,38
3,5480,878.406445,-0.232364892959595,-0.000472940970212221,0,0,0,0,0,38
3,5481,878.566445,-0.230619370937347,-0.000471357692731544,0,0,0,0,0,38
3,5482,878.726445,-0.228932023048401,-0.000464565615402535,0,0,0,0,0,38
3,5483,878.886445,-0.227283477783203,-0.000465223041828722,0,0,0,0,0,38
3,5484,879.046445,-0.223928183317184,-0.000429858308052644,0,0,0,0,0,38
3,5485,879.206445,-0.223423928022385,-0.00044899751082994,0,0,0,0,0,38
3,5486,879.366445,-0.223229974508286,-0.000470221799332649,0,0,0,0,0,38
3,5487,879.526445,-0.219351038336754,-0.000426123820943758,0,0,0,0,0,38
3,5488,879.686445,-0.219816505908966,-0.000462678930489346,0,0,0,0,0,38
3,5489,879.846445,-0.216422438621521,-0.000425089063355699,0,0,0,0,0,38
3,5490,880.006445,-0.214250221848488,-0.000416215771110728,0,0,0,0,0,38
3,5491,880.166445,-0.21269865334034,-0.000410936918342486,0,0,0,0,0,38
3,5492,880.326445,-0.215064808726311,-0.000478927802760154,0,0,0,0,0,38
3,5493,880.486445,-0.213358074426651,-0.000476624874863774,0,0,0,0,0,38
3,5494,880.646445,-0.210817366838455,-0.000455875182524323,0,0,0,0,0,38
3,5495,880.806445,-0.20843181014061,-0.000438883289461955,0,0,0,0,0,38
3,5496,880.966445,-0.205658361315727,-0.000415675051044673,0,0,0,0,0,38
3,5497,881.126445,-0.204727426171303,-0.000418444804381579,0,0,0,0,0,38
3,5498,881.286445,-0.202632784843445,-0.000410769658628851,0,0,0,0,0,38
3,5499,881.446445,-0.201488494873047,-0.000419545685872436,0,0,0,0,0,38
3,5500,881.606445,-0.202787950634956,-0.000468875834485516,0,0,0,0,0,38
3,5501,881.766445,-0.198462933301926,-0.000417106610257179,0,0,0,0,0,38
3,5502,881.926445,-0.197745323181152,-0.000431266496889293,0,0,0,0,0,38
3,5503,882.086445,-0.198133215308189,-0.000466008845251054,0,0,0,0,0,38
3,5504,882.246445,-0.191054150462151,-0.000362699909601361,0,0,0,0,0,38
3,5505,882.406445,-0.192256614565849,-0.00041024450911209,0,0,0,0,0,38
3,5506,882.566445,-0.189192250370979,-0.000377108779503033,0,0,0,0,0,38
3,5507,882.726445,-0.191112324595451,-0.000442948425188661,0,0,0,0,0,38
3,5508,882.886445,-0.18527452647686,-0.000361023267032579,0,0,0,0,0,38
3,5509,883.046445,-0.187776431441307,-0.000434553629020229,0,0,0,0,0,38
3,5510,883.206445,-0.184983596205711,-0.000412788620451465,0,0,0,0,0,38
3,5511,883.366445,-0.185371488332748,-0.000437615119153634,0,0,0,0,0,38
3,5512,883.526445,-0.179048821330071,-0.000360774312866852,0,0,0,0,0,38
3,5513,883.686445,-0.177051156759262,-0.000347446883097291,0,0,0,0,0,38
3,5514,883.846445,-0.178020894527435,-0.000393112568417564,0,0,0,0,0,38
3,5515,884.006445,-0.176023244857788,-0.000381839112378657,0,0,0,0,0,38
3,5516,884.166445,-0.176352947950363,-0.000416663126088679,0,0,0,0,0,38
3,5517,884.326445,-0.173986792564392,-0.000395170412957668,0,0,0,0,0,38
3,5518,884.486445,-0.171058192849159,-0.000371798814740032,0,0,0,0,0,38
3,5519,884.646445,-0.170553937554359,-0.000385857565561309,0,0,0,0,0,38
3,5520,884.806445,-0.167470172047615,-0.000357432727469131,0,0,0,0,0,38
3,5521,884.966445,-0.168401122093201,-0.000399651791667566,0,0,0,0,0,38
3,5522,885.126445,-0.165026441216469,-0.000363750237738714,0,0,0,0,0,38
3,5523,885.286445,-0.166170731186867,-0.00041173052159138,0,0,0,0,0,38
3,5524,885.446445,-0.162679672241211,-0.000381189456675202,0,0,0,0,0,38
3,5525,885.606445,-0.159169226884842,-0.000340063503244892,0,0,0,0,0,38
3,5526,885.766445,-0.158296465873718,-0.000351753202266991,0,0,0,0,0,38
3,5527,885.926445,-0.160856574773788,-0.00042583595495671,0,0,0,0,0,38
3,5528,886.086445,-0.156628519296646,-0.000374062830815092,0,0,0,0,0,38
3,5529,886.246445,-0.154902398586273,-0.000367900938726962,0,0,0,0,0,38
3,5530,886.406445,-0.151217401027679,-0.00033096072729677,0,0,0,0,0,38
3,5531,886.566445,-0.149277925491333,-0.00031366539769806,0,0,0,0,0,38
3,5532,886.726445,-0.148870632052422,-0.000337783916620538,0,0,0,0,0,38
3,5533,886.886445,-0.145592927932739,-0.000308962306007743,0,0,0,0,0,38
3,5534,887.046445,-0.148327589035034,-0.000381889694835991,0,0,0,0,0,38
3,5535,887.206445,-0.141500651836395,-0.00028823982574977,0,0,0,0,0,38
3,5536,887.366445,-0.143187984824181,-0.000337149831466377,0,0,0,0,0,38
3,5537,887.526445,-0.13775746524334,-0.00026482151588425,0,0,0,0,0,38
3,5538,887.686445,-0.14072485268116,-0.00034907684312202,0,0,0,0,0,38
3,5539,887.846445,-0.139464199542999,-0.000359299971023574,0,0,0,0,0,38
3,5540,888.006445,-0.135992541909218,-0.00031578162452206,0,0,0,0,0,38
3,5541,888.166445,-0.134673699736595,-0.000320970983011648,0,0,0,0,0,38
3,5542,888.326445,-0.135662838816643,-0.000364582694601268,0,0,0,0,0,38
3,5543,888.486445,-0.1314347833395,-0.00031552097061649,0,0,0,0,0,38
3,5544,888.646445,-0.129437133669853,-0.000306923902826384,0,0,0,0,0,38
3,5545,888.806445,-0.127943739295006,-0.000301956257317215,0,0,0,0,0,38
3,5546,888.966445,-0.122183509171009,-0.000222085072891787,0,0,0,0,0,38
3,5547,889.126445,-0.123890243470669,-0.000285322254057974,0,0,0,0,0,38
3,5548,889.286445,-0.126915812492371,-0.000363769679097459,0,0,0,0,0,38
3,5549,889.446445,-0.124142378568649,-0.00034250647877343,0,0,0,0,0,38
3,5550,889.606445,-0.120554350316525,-0.000308355432935059,0,0,0,0,0,38
3,5551,889.766445,-0.117625750601292,-0.000278996973065659,0,0,0,0,0,38
3,5552,889.926445,-0.114541992545128,-0.000246331968810409,0,0,0,0,0,38
3,5553,890.086445,-0.113746806979179,-0.000259165331954136,0,0,0,0,0,38
3,5554,890.246445,-0.114677757024765,-0.000306173111312091,0,0,0,0,0,38
3,5555,890.406445,-0.111458234488964,-0.000272761186352,0,0,0,0,0,38
3,5556,890.566445,-0.110953971743584,-0.000290589436190203,0,0,0,0,0,38
3,5557,890.726445,-0.108316287398338,-0.000270680000539869,0,0,0,0,0,38
3,5558,890.886445,-0.107734449207783,-0.00028014843701385,0,0,0,0,0,38
3,5559,891.046445,-0.103680953383446,-0.000238384513068013,0,0,0,0,0,38
3,5560,891.206445,-0.105465263128281,-0.000294172205030918,0,0,0,0,0,38
3,5561,891.366445,-0.105639815330505,-0.000323705724440515,0,0,0,0,0,38
3,5562,891.526445,-0.100422635674477,-0.000256310013355687,0,0,0,0,0,38
3,5563,891.686445,-0.0991231948137283,-0.000262919260421768,0,0,0,0,0,38
3,5564,891.846445,-0.0960782244801521,-0.000235276340390556,0,0,0,0,0,38
3,5565,892.006445,-0.0955933555960655,-0.000249245640588924,0,0,0,0,0,38
3,5566,892.166445,-0.0952636450529099,-0.000268209783826023,0,0,0,0,0,38
3,5567,892.326445,-0.092335045337677,-0.000244845956331119,0,0,0,0,0,38
3,5568,892.486445,-0.0895615965127945,-0.000224111805437133,0,0,0,0,0,38
3,5569,892.646445,-0.0886500477790833,-0.000230324265430681,0,0,0,0,0,38
3,5570,892.806445,-0.0883397310972214,-0.000247619580477476,0,0,0,0,0,38
3,5571,892.966445,-0.0879906266927719,-0.00027150078676641,0,0,0,0,0,38
3,5572,893.126445,-0.0866136029362679,-0.000267836352577433,0,0,0,0,0,38
3,5573,893.286445,-0.0835298374295235,-0.000244029026362114,0,0,0,0,0,38
3,5574,893.446445,-0.0846353396773338,-0.00028916954761371,0,0,0,0,0,38
3,5575,893.606445,-0.0794957429170609,-0.000227064374485053,0,0,0,0,0,38
3,5576,893.766445,-0.0775562673807144,-0.00022003888443578,0,0,0,0,0,38
3,5577,893.926445,-0.0787781327962875,-0.000270481599727646,0,0,0,0,0,38
3,5578,894.086445,-0.0732118487358093,-0.000189766258699819,0,0,0,0,0,38
3,5579,894.246445,-0.0741815865039825,-0.000236462816246785,0,0,0,0,0,38
3,5580,894.406445,-0.0749185904860497,-0.000278129504295066,0,0,0,0,0,38
3,5581,894.566445,-0.0715245082974434,-0.000239738263189793,0,0,0,0,0,38
3,5582,894.726445,-0.0689256191253662,-0.000217012406210415,0,0,0,0,0,38
3,5583,894.886445,-0.0674516186118126,-0.000221128109842539,0,0,0,0,0,38
3,5584,895.046445,-0.0634369179606438,-0.000175828099600039,0,0,0,0,0,38
3,5585,895.206445,-0.0652406215667725,-0.000237248619669117,0,0,0,0,0,38
3,5586,895.366445,-0.06341752409935,-0.000226294141612016,0,0,0,0,0,38
3,5587,895.526445,-0.0647169649600983,-0.000281498301774263,0,0,0,0,0,38
3,5588,895.686445,-0.0613228902220726,-0.000245367205934599,0,0,0,0,0,38
3,5589,895.846445,-0.0585106573998928,-0.000224403556785546,0,0,0,0,0,38
3,5590,896.006445,-0.0537783466279507,-0.000166530793649144,0,0,0,0,0,38
3,5591,896.166445,-0.054166242480278,-0.000194309875951149,0,0,0,0,0,38
3,5592,896.326445,-0.0520134270191193,-0.000184452408575453,0,0,0,0,0,38
3,5593,896.486445,-0.0511406660079956,-0.000191944709513336,0,0,0,0,0,38
3,5594,896.646445,-0.0484641939401627,-0.000171362276887521,0,0,0,0,0,38
3,5595,896.806445,-0.0487163253128529,-0.000198040463146754,0,0,0,0,0,38
3,5596,896.966445,-0.0491624027490616,-0.000236917956499383,0,0,0,0,0,38
3,5597,897.126445,-0.0443525165319443,-0.000175225126440637,0,0,0,0,0,38
3,5598,897.286445,-0.0440228059887886,-0.000197476401808672,0,0,0,0,0,38
3,5599,897.446445,-0.041288148611784,-0.000174128130311146,0,0,0,0,0,38
3,5600,897.606445,-0.0419087819755077,-0.000214798943488859,0,0,0,0,0,38
3,5601,897.766445,-0.039212916046381,-0.00019065709784627,0,0,0,0,0,38
3,5602,897.926445,-0.0370019190013409,-0.000178286631125957,0,0,0,0,0,38
3,5603,898.086445,-0.0357994437217712,-0.0001887665130198,0,0,0,0,0,38
3,5604,898.246445,-0.0343836322426796,-0.000186047342140228,0,0,0,0,0,38
3,5605,898.406445,-0.0322114229202271,-0.000176746150827967,0,0,0,0,0,38
3,5606,898.566445,-0.026897270232439,-0.000102966841950547,0,0,0,0,0,38
3,5607,898.726445,-0.0299034509807825,-0.0001847947423812,0,0,0,0,0,38
3,5608,898.886445,-0.0273627433925867,-0.000170035767951049,0,0,0,0,0,38
3,5609,899.046445,-0.0244535356760025,-0.000141817101393826,0,0,0,0,0,38
3,5610,899.206445,-0.0228049848228693,-0.000138989009428769,0,0,0,0,0,38
3,5611,899.366445,-0.0211952235549688,-0.000139798139571212,0,0,0,0,0,38
3,5612,899.526445,-0.0239298790693283,-0.000213204009924084,0,0,0,0,0,38
3,5613,899.686445,-0.0205939877778292,-0.000181670999154449,0,0,0,0,0,38
3,5614,899.846445,-0.0182084385305643,-0.000164496290381067,0,0,0,0,0,38
3,5615,900.006445,-0.01725809648633,-0.00017399198259227,0,0,0,0,0,38
3,5616,900.166445,-0.0137864425778389,-0.000138907314976677,0,0,0,0,0,38
3,5617,900.326445,-0.0147367836907506,-0.000182219504495151,0,0,0,0,0,38
3,5618,900.486445,-0.0122736552730203,-0.000171078310813755,0,0,0,0,0,38
3,5619,900.646445,-0.00878260657191277,-0.00012750159658026,0,0,0,0,0,38
3,5620,900.806445,-0.00649402989074588,-0.000119079566502478,0,0,0,0,0,38
3,5621,900.966445,-0.00694010825827718,-0.000148745340993628,0,0,0,0,0,38
3,5622,901.126445,-0.00655221380293369,-0.000175894223502837,0,0,0,0,0,38
3,5623,901.286445,-0.00517518911510706,-0.000176279339939356,0,0,0,0,0,38
3,5624,901.446445,-0.00191687676124275,-0.000143069701152854,0,0,0,0,0,38
3,5625,901.606445,0.000449278537416831,-0.000128419647808187,0,0,0,0,0,38
3,5626,901.766445,0.00126385665498674,-0.00014289075625129,0,0,0,0,0,38
3,5627,901.926445,0.00419245846569538,-0.000116473209345713,0,0,0,0,0,38
3,5628,902.086445,0.00617071986198425,-0.000109591652289964,0,0,0,0,0,38
3,5629,902.246445,0.00909932143986225,-7.77396489866078E-05,0,0,0,0,0,38
3,5630,902.406445,0.00840111169964075,-0.000122576748253778,0,0,0,0,0,38
3,5631,902.566445,0.0101854261010885,-0.00011713841377059,0,0,0,0,0,38
3,5632,902.726445,0.0126679493114352,-9.84660146059468E-05,0,0,0,0,0,38
3,5633,902.886445,0.0119891343638301,-0.000142385048093274,0,0,0,0,0,38
3,5634,903.046445,0.012570976279676,-0.000157972608576529,0,0,0,0,0,38
3,5635,903.206445,0.0148983420804143,-0.00013845217472408,0,0,0,0,0,38
3,5636,903.366445,0.0160426292568445,-0.000148679202538915,0,0,0,0,0,38
3,5637,903.526445,0.0193591266870499,-0.000116099763545208,0,0,0,0,0,38
3,5638,903.686445,0.0204646252095699,-0.000126972547150217,0,0,0,0,0,38
3,5639,903.846445,0.0235483851283789,-9.85671576927416E-05,0,0,0,0,0,38
3,5640,904.006445,0.0232186745852232,-0.000135511276312172,0,0,0,0,0,38
3,5641,904.166445,0.0237811207771301,-0.000148445804370567,0,0,0,0,0,38
3,5642,904.326445,0.0292504318058491,-7.40907562430948E-05,0,0,0,0,0,38
3,5643,904.486445,0.0285328272730112,-0.000119880918646231,0,0,0,0,0,38
3,5644,904.646445,0.0293474048376083,-0.000130570871988311,0,0,0,0,0,38
3,5645,904.806445,0.0327996648848057,-0.000102387217339128,0,0,0,0,0,38
3,5646,904.966445,0.0349718742072582,-7.81442213337868E-05,0,0,0,0,0,38
3,5647,905.126445,0.0328578501939774,-0.000147255428601056,0,0,0,0,0,38
3,5648,905.286445,0.038210790604353,-8.30029312055558E-05,0,0,0,0,0,38
3,5649,905.446445,0.039044763892889,-9.11448805709369E-05,0,0,0,0,0,38
3,5650,905.606445,0.0403829999268055,-9.69488828559406E-05,0,0,0,0,0,38
3,5651,905.766445,0.0415854714810848,-9.98781179077923E-05,0,0,0,0,0,38
3,5652,905.926445,0.0449601523578167,-6.97066279826686E-05,0,0,0,0,0,38
3,5653,906.086445,0.0470159910619259,-5.87054746574722E-05,0,0,0,0,0,38
3,5654,906.246445,0.0474038869142532,-8.47651390358806E-05,0,0,0,0,0,38
3,5655,906.406445,0.0487033315002918,-8.45083995955065E-05,0,0,0,0,0,38
3,5656,906.566445,0.0470353849232197,-0.000143734912853688,0,0,0,0,0,38
3,5657,906.726445,0.0512634329497814,-9.07403082237579E-05,0,0,0,0,0,38
3,5658,906.886445,0.0497894361615181,-0.000145753860124387,0,0,0,0,0,38
3,5659,907.046445,0.0526404604315758,-0.000124393423902802,0,0,0,0,0,38
3,5660,907.206445,0.0529119856655598,-0.000145473779411986,0,0,0,0,0,38
3,5661,907.366445,0.057877030223608,-8.68152128532529E-05,0,0,0,0,0,38
3,5662,907.526445,0.0604371353983879,-6.8559056671802E-05,0,0,0,0,0,38
3,5663,907.686445,0.0587885826826096,-0.000121195771498606,0,0,0,0,0,38
3,5664,907.846445,0.0613486878573895,-0.000108249572804198,0,0,0,0,0,38
3,5665,908.006445,0.0617365799844265,-0.000123428675578907,0,0,0,0,0,38
3,5666,908.166445,0.0660809949040413,-7.68099198467098E-05,0,0,0,0,0,38
3,5667,908.326445,0.0678071230649948,-7.27564547560178E-05,0,0,0,0,0,38
3,5668,908.486445,0.0675356015563011,-0.000101235753390938,0,0,0,0,0,38
3,5669,908.646445,0.0701732784509659,-8.62667147885077E-05,0,0,0,0,0,38
3,5670,908.806445,0.070910282433033,-9.69916727626696E-05,0,0,0,0,0,38
3,5671,908.966445,0.0745564848184586,-6.54664399917237E-05,0,0,0,0,0,38
3,5672,909.126445,0.0777760073542595,-3.09614042635076E-05,0,0,0,0,0,38
3,5673,909.286445,0.0779699608683586,-5.57956955162808E-05,0,0,0,0,0,38
3,5674,909.446445,0.0762244313955307,-0.000114462032797746,0,0,0,0,0,38
3,5675,909.606445,0.0752352997660637,-0.000157350194058381,0,0,0,0,0,38
3,5676,909.766445,0.0791530385613441,-0.000113598434836604,0,0,0,0,0,38
3,5677,909.926445,0.0828574225306511,-8.06525276857428E-05,0,0,0,0,0,38
3,5678,910.086445,0.0843120291829109,-7.96123640611768E-05,0,0,0,0,0,38
3,5679,910.246445,0.0858248174190521,-7.41679250495508E-05,0,0,0,0,0,38
3,5680,910.406445,0.0877061039209366,-7.40758332540281E-05,0,0,0,0,0,38
3,5681,910.566445,0.0891413167119026,-7.80608606874011E-05,0,0,0,0,0,38
3,5682,910.726445,0.0908674448728561,-7.52597625250928E-05,0,0,0,0,0,38
3,5683,910.886445,0.0924384146928787,-7.17196307959966E-05,0,0,0,0,0,38
3,5684,911.046445,0.0940093845129013,-7.01541430316865E-05,0,0,0,0,0,38
3,5685,911.206445,0.0958324894309044,-6.79063450661488E-05,0,0,0,0,0,38
3,5686,911.366445,0.0972483083605766,-6.76219206070527E-05,0,0,0,0,0,38
3,5687,911.526445,0.0985477492213249,-6.79063450661488E-05,0,0,0,0,0,38
3,5688,911.686445,0.100273877382278,-6.60509904264472E-05,0,0,0,0,0,38
3,5689,911.846445,0.102058194577694,-6.18794583715498E-05,0,0,0,0,0,38
3,5690,912.006445,0.103629164397717,-6.48406421532854E-05,0,0,0,0,0,38
3,5691,912.166445,0.105180740356445,-6.04678316449281E-05,0,0,0,0,0,38
3,5692,912.326445,0.106868080794811,-5.89520750509109E-05,0,0,0,0,0,38
3,5693,912.486445,0.108555421233177,-5.53967911400832E-05,0,0,0,0,0,38
3,5694,912.646445,0.110184580087662,-5.74098994547967E-05,0,0,0,0,0,38
3,5695,912.806445,0.111542209982872,-5.62349050596822E-05,0,0,0,0,0,38
3,5696,912.966445,0.113093785941601,-5.5709188018227E-05,0,0,0,0,0,38
3,5697,913.126445,0.115207813680172,-5.02853399666492E-05,0,0,0,0,0,38
3,5698,913.286445,0.116410285234451,-5.19821624038741E-05,0,0,0,0,0,38
3,5699,913.446445,0.117767915129662,-5.28206655872054E-05,0,0,0,0,0,38
3,5700,913.606445,0.119765572249889,-4.79815935250372E-05,0,0,0,0,0,38
3,5701,913.766445,0.120968043804169,-4.75273700430989E-05,0,0,0,0,0,38
3,5702,913.926445,0.122442044317722,-4.97673936479259E-05,0,0,0,0,0,38
3,5703,914.086445,0.124362118542194,-4.58569702459499E-05,0,0,0,0,0,38
3,5704,914.246445,0.126359775662422,-4.13710913562682E-05,0,0,0,0,0,38
3,5705,914.406445,0.12775619328022,-3.93692534998991E-05,0,0,0,0,0,38
3,5706,914.566445,0.128648355603218,-4.53969187219627E-05,0,0,0,0,0,38
3,5707,914.726445,0.130684792995453,-4.46143676526845E-05,0,0,0,0,0,38
3,5708,914.886445,0.132236376404762,-4.12751178373583E-05,0,0,0,0,0,38
3,5709,915.046445,0.134195238351822,-3.44384789059404E-05,0,0,0,0,0,38
3,5710,915.206445,0.135688632726669,-3.80800229322631E-05,0,0,0,0,0,38
3,5711,915.366445,0.137123838067055,-3.81573481718078E-05,0,0,0,0,0,38
3,5712,915.526445,0.138869360089302,-3.84425475203898E-05,0,0,0,0,0,38
3,5713,915.686445,0.140556707978249,-3.18017409881577E-05,0,0,0,0,0,38
3,5714,915.846445,0.141953125596046,-3.25411601806991E-05,0,0,0,0,0,38
3,5715,916.006445,0.143621072173119,-3.31966548401397E-05,0,0,0,0,0,38
3,5716,916.166445,0.145269617438316,-2.98884915537201E-05,0,0,0,0,0,38
3,5717,916.326445,0.147015139460564,-2.97451133519644E-05,0,0,0,0,0,38
3,5718,916.486445,0.148489147424698,-2.81407665170264E-05,0,0,0,0,0,38
3,5719,916.646445,0.150021329522133,-2.91055512207095E-05,0,0,0,0,0,38
3,5720,916.806445,0.151786252856255,-2.89788822556147E-05,0,0,0,0,0,38
3,5721,916.966445,0.153454184532166,-2.39921573665924E-05,0,0,0,0,0,38
3,5722,917.126445,0.154482111334801,-2.55961149377981E-05,0,0,0,0,0,38
3,5723,917.286445,0.156576737761498,-2.62127541645896E-05,0,0,0,0,0,38
3,5724,917.446445,0.157721027731895,-2.75113070529187E-05,0,0,0,0,0,38
3,5725,917.606445,0.15944716334343,-2.45209812419489E-05,0,0,0,0,0,38
3,5726,917.766445,0.161522388458252,-2.47385723923799E-05,0,0,0,0,0,38
3,5727,917.926445,0.162744253873825,-2.19063895201543E-05,0,0,0,0,0,38
3,5728,918.086445,0.164295837283134,-2.15333766391268E-05,0,0,0,0,0,38
3,5729,918.246445,0.165924996137619,-2.08557339647086E-05,0,0,0,0,0,38
3,5730,918.406445,0.167534753680229,-2.37819476751611E-05,0,0,0,0,0,38
3,5731,918.566445,0.169008746743202,-2.42175192397553E-05,0,0,0,0,0,38
3,5732,918.726445,0.170967623591423,-1.77002730197273E-05,0,0,0,0,0,38
3,5733,918.886445,0.172247678041458,-1.71842712006764E-05,0,0,0,0,0,38
3,5734,919.046445,0.173896223306656,-1.94740296137752E-05,0,0,0,0,0,38
3,5735,919.206445,0.175079300999641,-2.22238395508612E-05,0,0,0,0,0,38
3,5736,919.366445,0.176863610744476,-2.32954771490768E-05,0,0,0,0,0,38
3,5737,919.526445,0.178609132766724,-1.68038750416599E-05,0,0,0,0,0,38
3,5738,919.686445,0.180432245135307,-1.53304717969149E-05,0,0,0,0,0,38
3,5739,919.846445,0.181770473718643,-1.83328411367256E-05,0,0,0,0,0,38
3,5740,920.006445,0.183050528168678,-1.99655532924226E-05,0,0,0,0,0,38
3,5741,920.166445,0.184931814670563,-1.94091408047825E-05,0,0,0,0,0,38
3,5742,920.326445,0.187065228819847,-1.48412791531882E-05,0,0,0,0,0,38
3,5743,920.486445,0.188403472304344,-1.52659704326652E-05,0,0,0,0,0,38
3,5744,920.646445,0.190148994326591,-1.76777357410174E-05,0,0,0,0,0,38
3,5745,920.806445,0.191370859742165,-1.84731106855907E-05,0,0,0,0,0,38
3,5746,920.966445,0.193193957209587,-1.7141141142929E-05,0,0,0,0,0,38
3,5747,921.126445,0.194764941930771,-1.25950382425799E-05,0,0,0,0,0,38
3,5748,921.286445,0.196432888507843,-1.39386638693395E-05,0,0,0,0,0,38
3,5749,921.446445,0.197868093848228,-1.78001319000032E-05,0,0,0,0,0,38
3,5750,921.606445,0.200001507997513,-1.42425151352654E-05,0,0,0,0,0,38
3,5751,921.766445,0.201533690094948,-1.26945087686181E-05,0,0,0,0,0,38
3,5752,921.926445,0.202484026551247,-1.78929967660224E-05,0,0,0,0,0,38
3,5753,922.086445,0.203977420926094,-1.68644892255543E-05,0,0,0,0,0,38
3,5754,922.246445,0.205955684185028,-1.20728191177477E-05,0,0,0,0,0,38
3,5755,922.406445,0.207681819796562,-7.88535362516996E-06,0,0,0,0,0,38
3,5756,922.566445,0.209446728229523,-1.48478848132072E-05,0,0,0,0,0,38
3,5757,922.726445,0.210455253720284,-1.59156352310674E-05,0,0,0,0,0,38
3,5758,922.886445,0.21214260160923,-1.1660173186101E-05,0,0,0,0,0,38
3,5759,923.046445,0.213694185018539,-1.47099472087575E-05,0,0,0,0,0,38
3,5760,923.206445,0.215653046965599,-1.12657889985712E-05,0,0,0,0,0,38
3,5761,923.366445,0.217068865895271,-1.28584788399166E-05,0,0,0,0,0,38
3,5762,923.526445,0.218950152397156,-9.18701516638976E-06,0,0,0,0,0,38
3,5763,923.686445,0.220133230090141,-1.24602092910209E-05,0,0,0,0,0,38
3,5764,923.846445,0.222072690725327,-1.25662854770781E-05,0,0,0,0,0,38
3,5765,924.006445,0.223255768418312,-1.39961703098379E-05,0,0,0,0,0,38
3,5766,924.166445,0.224826738238335,-1.10971559479367E-05,0,0,0,0,0,38
3,5767,924.326445,0.227037742733955,-6.49354660708923E-06,0,0,0,0,0,38
3,5768,924.486445,0.228046268224716,-1.12708403321449E-05,0,0,0,0,0,38
3,5769,924.646445,0.229966342449188,-9.93032244878123E-06,0,0,0,0,0,38
3,5770,924.806445,0.231362760066986,-1.18373545774375E-05,0,0,0,0,0,38
3,5771,924.966445,0.233379811048508,-8.47751198307378E-06,0,0,0,0,0,38
3,5772,925.126445,0.234756842255592,-7.81113885750528E-06,0,0,0,0,0,38
3,5773,925.286445,0.236327812075615,-6.57941745885182E-06,0,0,0,0,0,38
3,5774,925.446445,0.237918183207512,-1.25332580864779E-05,0,0,0,0,0,38
3,5775,925.606445,0.239663705229759,-9.47299213294173E-06,0,0,0,0,0,38
3,5776,925.766445,0.241351038217545,-8.2063006630051E-06,0,0,0,0,0,38
3,5777,925.926445,0.242805644869804,-8.08040840638569E-06,0,0,0,0,0,38
3,5778,926.086445,0.244454190135002,-7.3468149821565E-06,0,0,0,0,0,38
3,5779,926.246445,0.245617881417274,-1.12382012957823E-05,0,0,0,0,0,38
3,5780,926.406445,0.247537955641747,-8.34960064821644E-06,0,0,0,0,0,38
3,5781,926.566445,0.248837396502495,-7.90373360359808E-06,0,0,0,0,0,38
3,5782,926.726445,0.250776886940002,-7.85634983913042E-06,0,0,0,0,0,38
3,5783,926.886445,0.252192676067352,-7.78313460614299E-06,0,0,0,0,0,38
3,5784,927.046445,0.254170954227448,-7.4131676228717E-06,0,0,0,0,0,38
3,5785,927.206445,0.255547970533371,-7.12228984411922E-06,0,0,0,0,0,38
3,5786,927.366445,0.257138341665268,-6.87148258293746E-06,0,0,0,0,0,38
3,5787,927.526445,0.258573561906815,-7.13598365109647E-06,0,0,0,0,0,38
3,5788,927.686445,0.260260879993439,-6.90867364028236E-06,0,0,0,0,0,38
3,5789,927.846445,0.261676698923111,-6.44479450784274E-06,0,0,0,0,0,38
3,5790,928.006445,0.263616174459457,-6.14563077760977E-06,0,0,0,0,0,38
3,5791,928.166445,0.265128970146179,-5.64638912692317E-06,0,0,0,0,0,38
3,5792,928.326445,0.266758114099503,-5.70384872844443E-06,0,0,0,0,0,38
3,5793,928.486445,0.268096357584,-5.61596698389621E-06,0,0,0,0,0,38
3,5794,928.646445,0.269861280918121,-4.98822873851168E-06,0,0,0,0,0,38
3,5795,928.806445,0.271587401628494,-4.996086772735E-06,0,0,0,0,0,38
3,5796,928.966445,0.273003220558167,-4.49742856289959E-06,0,0,0,0,0,38
3,5797,929.126445,0.274981468915939,-4.87902798340656E-06,0,0,0,0,0,38
3,5798,929.286445,0.276203334331512,-4.74489070256823E-06,0,0,0,0,0,38
3,5799,929.446445,0.278162211179733,-4.36690925198491E-06,0,0,0,0,0,38
3,5800,929.606445,0.279713779687881,-3.86568353860639E-06,0,0,0,0,0,38
3,5801,929.766445,0.281090825796127,-3.40977953783295E-06,0,0,0,0,0,38
3,5802,929.926445,0.2830690741539,-3.34979108629341E-06,0,0,0,0,0,38
3,5803,930.086445,0.284484893083572,-3.27101247421524E-06,0,0,0,0,0,38
3,5804,930.246445,0.286036461591721,-2.65864082393819E-06,0,0,0,0,0,38
3,5805,930.406445,0.287432879209518,-2.50964239967288E-06,0,0,0,0,0,38
3,5806,930.566445,0.289333581924438,-2.2379440451914E-06,0,0,0,0,0,38
3,5807,930.726445,0.290574818849564,-1.9492840692692E-06,0,0,0,0,0,38
3,5808,930.886445,0.292242765426636,-1.69956592799281E-06,0,0,0,0,0,38
3,5809,931.046445,0.294182240962982,-1.50645155372331E-06,0,0,0,0,0,38
3,5810,931.206445,0.295792013406754,-1.22179858408344E-06,0,0,0,0,0,38
3,5811,931.366445,0.297052681446075,-6.06353580678842E-07,0,0,0,0,0,38
3,5812,931.526445,0.298681825399399,-5.05017965224397E-07,0,0,0,0,0,38
3,5813,931.686445,0.300369173288345,-2.13728654330225E-07,0,0,0,0,0,38
3,5814,931.846445,0.302153468132019,1.75542098190817E-07,0,0,0,0,0,38
3,5815,932.006445,0.303491711616516,4.6320727165039E-07,0,0,0,0,0,38
3,5816,932.166445,0.305140256881714,8.09314826710761E-07,0,0,0,0,0,38
3,5817,932.326445,0.306943982839584,1.05604817690619E-06,0,0,0,0,0,38
3,5818,932.486445,0.308165848255157,1.67596704159223E-06,0,0,0,0,0,38
3,5819,932.646445,0.309969544410706,2.13490534406446E-06,0,0,0,0,0,38
3,5820,932.806445,0.311676293611526,1.86542445135274E-06,0,0,0,0,0,38
3,5821,932.966445,0.313130885362625,2.4102216684696E-06,0,0,0,0,0,38
3,5822,933.126445,0.314740657806396,3.09538086185057E-06,0,0,0,0,0,38
3,5823,933.286445,0.316059499979019,2.77878848464752E-06,0,0,0,0,0,38
3,5824,933.446445,0.317785620689392,3.23535368806915E-06,0,0,0,0,0,38
3,5825,933.606445,0.319822072982788,3.76019374925818E-06,0,0,0,0,0,38
3,5826,933.766445,0.321121513843536,4.51452206107206E-06,0,0,0,0,0,38
3,5827,933.926445,0.322867035865784,4.58948807136039E-06,0,0,0,0,0,38
3,5828,934.086445,0.324185878038406,4.93183461003355E-06,0,0,0,0,0,38
3,5829,934.246445,0.326047778129578,5.51989160157973E-06,0,0,0,0,0,38
3,5830,934.406445,0.327502369880676,5.59960380996927E-06,0,0,0,0,0,38
3,5831,934.566445,0.329461246728897,6.0633660723397E-06,0,0,0,0,0,38
3,5832,934.726445,0.330721884965897,6.38373239780776E-06,0,0,0,0,0,38
3,5833,934.886445,0.332428634166718,6.86184966980363E-06,0,0,0,0,0,38
3,5834,935.046445,0.334019005298615,7.04601643519709E-06,0,0,0,0,0,38
3,5835,935.206445,0.335492998361588,7.28577560948906E-06,0,0,0,0,0,38
3,5836,935.366445,0.337199717760086,7.81384460424306E-06,0,0,0,0,0,38
3,5837,935.526445,0.339119791984558,8.56618862599134E-06,0,0,0,0,0,38
3,5838,935.686445,0.34053561091423,8.36618892208207E-06,0,0,0,0,0,38
3,5839,935.846445,0.341912657022476,8.67099333845545E-06,0,0,0,0,0,38
3,5840,936.006445,0.343309074640274,9.41956477618078E-06,0,0,0,0,0,38
3,5841,936.166445,0.344996392726898,9.52759819483617E-06,0,0,0,0,0,38
3,5842,936.326445,0.346955269575119,1.00506485978258E-05,0,0,0,0,0,38
3,5843,936.486445,0.348060756921768,1.03280262919725E-05,0,0,0,0,0,38
3,5844,936.646445,0.35007780790329,1.05205181171186E-05,0,0,0,0,0,38
3,5845,936.806445,0.351357877254486,1.07707428469439E-05,0,0,0,0,0,38
3,5846,936.966445,0.352696120738983,1.10484315882786E-05,0,0,0,0,0,38
3,5847,937.126445,0.354538589715958,1.16342325782171E-05,0,0,0,0,0,38
3,5848,937.286445,0.356167763471603,1.15662696771324E-05,0,0,0,0,0,38
3,5849,937.446445,0.3577581346035,1.1947479833907E-05,0,0,0,0,0,38
3,5850,937.606445,0.359561830759048,1.20628656077315E-05,0,0,0,0,0,38
3,5851,937.766445,0.361191004514694,1.2129700735386E-05,0,0,0,0,0,38
3,5852,937.926445,0.362955898046494,1.22923929666285E-05,0,0,0,0,0,38
3,5853,938.086445,0.364255368709564,1.22136143545504E-05,0,0,0,0,0,38
3,5854,938.246445,0.365884512662888,1.23342915685498E-05,0,0,0,0,0,38
3,5855,938.406445,0.367436081171036,1.19866544991964E-05,0,0,0,0,0,38
3,5856,938.566445,0.369084626436234,1.23658028314821E-05,0,0,0,0,0,38
3,5857,938.726445,0.37061682343483,1.21209477583761E-05,0,0,0,0,0,38
3,5858,938.886445,0.372342944145203,1.1692237421812E-05,0,0,0,0,0,38
3,5859,939.046445,0.3741854429245,1.12322868517367E-05,0,0,0,0,0,38
3,5860,939.206445,0.375659435987473,1.06288243841846E-05,0,0,0,0,0,38
3,5861,939.366445,0.377346783876419,1.01270152299549E-05,0,0,0,0,0,38
3,5862,939.526445,0.378685027360916,1.00354764072108E-05,0,0,0,0,0,38
3,5863,939.686445,0.380391746759415,8.75805835676147E-06,0,0,0,0,0,38
3,5864,939.846445,0.382098495960236,8.08814911579248E-06,0,0,0,0,0,38
3,5865,940.006445,0.383727639913559,7.47838384995703E-06,0,0,0,0,0,38
3,5866,940.166445,0.384871929883957,6.90086926624645E-06,0,0,0,0,0,38
3,5867,940.326445,0.386985957622528,6.06169351158314E-06,0,0,0,0,0,38
3,5868,940.486445,0.3884017765522,5.50277445654501E-06,0,0,0,0,0,38
3,5869,940.646445,0.389836996793747,5.23407152286381E-06,0,0,0,0,0,38
3,5870,940.806445,0.39131098985672,4.3618279050861E-06,0,0,0,0,0,38
3,5871,940.966445,0.392998337745667,4.27686381954118E-06,0,0,0,0,0,38
3,5872,941.126445,0.39447233080864,4.33082232120796E-06,0,0,0,0,0,38
3,5873,941.286445,0.396217852830887,3.40216956828954E-06,0,0,0,0,0,38
3,5874,941.446445,0.39809912443161,3.50849154528987E-06,0,0,0,0,0,38
3,5875,941.606445,0.399417966604233,3.18964271173172E-06,0,0,0,0,0,38
3,5876,941.766445,0.401027739048004,2.81407346847118E-06,0,0,0,0,0,38
3,5877,941.926445,0.402850836515427,3.25402720591228E-06,0,0,0,0,0,38
3,5878,942.086445,0.404266655445099,2.81473467111937E-06,0,0,0,0,0,38
3,5879,942.246445,0.406031578779221,2.7233127184445E-06,0,0,0,0,0,38
3,5880,942.406445,0.40764132142067,2.78866968983493E-06,0,0,0,0,0,38
3,5881,942.566445,0.40934807062149,2.67242762674869E-06,0,0,0,0,0,38
3,5882,942.726445,0.410783290863037,2.44068269239506E-06,0,0,0,0,0,38
3,5883,942.886445,0.412315458059311,2.6278448785888E-06,0,0,0,0,0,38
3,5884,943.046445,0.413925230503082,2.5718245524331E-06,0,0,0,0,0,38
3,5885,943.206445,0.415748327970505,2.47662910624058E-06,0,0,0,0,0,38
3,5886,943.366445,0.416795641183853,2.69771453531575E-06,0,0,0,0,0,38
3,5887,943.526445,0.418715715408325,2.79127630165021E-06,0,0,0,0,0,38
3,5888,943.686445,0.420325487852097,2.7256858174951E-06,0,0,0,0,0,38
3,5889,943.846445,0.421974033117294,2.66507504420588E-06,0,0,0,0,0,38
3,5890,944.006445,0.423603177070618,2.68320377472264E-06,0,0,0,0,0,38
3,5891,944.166445,0.425038397312164,2.56318821811874E-06,0,0,0,0,0,38
3,5892,944.326445,0.426880896091461,2.89308536594035E-06,0,0,0,0,0,38
3,5893,944.486445,0.428257912397385,3.26402528116887E-06,0,0,0,0,0,38
3,5894,944.646445,0.430119812488556,3.02344915326103E-06,0,0,0,0,0,38
3,5895,944.806445,0.431438654661179,2.92327399620262E-06,0,0,0,0,0,38
3,5896,944.966445,0.432970821857452,3.73373973161506E-06,0,0,0,0,0,38
3,5897,945.126445,0.434522420167923,3.63500384992221E-06,0,0,0,0,0,38
3,5898,945.286445,0.436384290456772,3.353813326612E-06,0,0,0,0,0,38
3,5899,945.446445,0.438129842281342,3.65029268323269E-06,0,0,0,0,0,38
3,5900,945.606445,0.439700812101364,3.99485634261509E-06,0,0,0,0,0,38
3,5901,945.766445,0.441213577985764,3.84002260034322E-06,0,0,0,0,0,38
3,5902,945.926445,0.442474246025085,3.86530928153661E-06,0,0,0,0,0,38
3,5903,946.086445,0.444103389978409,3.96560153603787E-06,0,0,0,0,0,38
3,5904,946.246445,0.44606226682663,4.46748845206457E-06,0,0,0,0,0,38
3,5905,946.406445,0.447458684444427,4.55898816653644E-06,0,0,0,0,0,38
3,5906,946.566445,0.449010252952576,4.56957013739157E-06,0,0,0,0,0,38
3,5907,946.726445,0.450717002153397,4.75120805276674E-06,0,0,0,0,0,38
3,5908,946.886445,0.452326774597168,5.07954882777995E-06,0,0,0,0,0,38
3,5909,947.046445,0.453858941793442,5.11016560267308E-06,0,0,0,0,0,38
3,5910,947.206445,0.455585062503815,5.03765068060602E-06,0,0,0,0,0,38
3,5911,947.366445,0.45705908536911,5.53802055947017E-06,0,0,0,0,0,38
3,5912,947.526445,0.458843380212784,5.33374122824171E-06,0,0,0,0,0,38
3,5913,947.686445,0.460259199142456,5.45795819562045E-06,0,0,0,0,0,38
3,5914,947.846445,0.461868971586227,5.71285045225522E-06,0,0,0,0,0,38
3,5915,948.006445,0.463459342718124,5.59513000553125E-06,0,0,0,0,0,38
3,5916,948.166445,0.465146660804749,5.73864326725015E-06,0,0,0,0,0,38
3,5917,948.326445,0.466834008693695,5.66745075047947E-06,0,0,0,0,0,38
3,5918,948.486445,0.468560129404068,6.32351020612987E-06,0,0,0,0,0,38
3,5919,948.646445,0.47007292509079,5.91281195738702E-06,0,0,0,0,0,38
3,5920,948.806445,0.471197813749313,5.88141710977652E-06,0,0,0,0,0,38
3,5921,948.966445,0.473156690597534,6.19855427430593E-06,0,0,0,0,0,38
3,5922,949.126445,0.474882811307907,6.20481750956969E-06,0,0,0,0,0,38
3,5923,949.286445,0.47610467672348,5.70468091609655E-06,0,0,0,0,0,38
3,5924,949.446445,0.477966576814651,5.99015083935228E-06,0,0,0,0,0,38
3,5925,949.606445,0.479556947946548,5.66531116419355E-06,0,0,0,0,0,38
3,5926,949.766445,0.481030941009521,5.56972645426868E-06,0,0,0,0,0,38
3,5927,949.926445,0.482660084962845,5.39446864422644E-06,0,0,0,0,0,38
3,5928,950.086445,0.484425008296967,5.2518112170219E-06,0,0,0,0,0,38
3,5929,950.246445,0.485743850469589,5.54226107851719E-06,0,0,0,0,0,38
3,5930,950.406445,0.487314820289612,5.40497239853721E-06,0,0,0,0,0,38
3,5931,950.566445,0.489351272583008,4.89320382257574E-06,0,0,0,0,0,38
3,5932,950.726445,0.490534365177155,5.11701273353538E-06,0,0,0,0,0,38
3,5933,950.886445,0.492376863956451,4.81049619338592E-06,0,0,0,0,0,38
3,5934,951.046445,0.494025409221649,4.90709226141917E-06,0,0,0,0,0,38
3,5935,951.206445,0.495829105377197,4.2338374441897E-06,0,0,0,0,0,38
3,5936,951.366445,0.49714794754982,4.35148012911668E-06,0,0,0,0,0,38
3,5937,951.526445,0.498815894126892,4.35389210906578E-06,0,0,0,0,0,38
3,5938,951.686445,0.500348091125488,3.83399265047046E-06,0,0,0,0,0,38
3,5939,951.846445,0.502016007900238,3.67308985005366E-06,0,0,0,0,0,38
3,5940,952.006445,0.503179728984833,3.68137625628151E-06,0,0,0,0,0,38
3,5941,952.166445,0.50492525100708,3.48631670021859E-06,0,0,0,0,0,38
3,5942,952.326445,0.506864726543427,3.57591034116922E-06,0,0,0,0,0,38
3,5943,952.486445,0.508241713047028,2.93770699499873E-06,0,0,0,0,0,38
3,5944,952.646445,0.509890258312225,3.26686517837516E-06,0,0,0,0,0,38
3,5945,952.806445,0.511286675930023,2.58804720942862E-06,0,0,0,0,0,38
3,5946,952.966445,0.51322615146637,2.82905102721998E-06,0,0,0,0,0,38
3,5947,953.126445,0.514661371707916,2.54346446126874E-06,0,0,0,0,0,38
3,5948,953.286445,0.516542673110962,2.38501252169954E-06,0,0,0,0,0,38
3,5949,953.446445,0.517725765705109,2.44239436142379E-06,0,0,0,0,0,38
3,5950,953.606445,0.51976215839386,2.36949017562438E-06,0,0,0,0,0,38
3,5951,953.766445,0.521061658859253,2.02442083718779E-06,0,0,0,0,0,38
3,5952,953.926445,0.522826552391052,2.62593857769389E-06,0,0,0,0,0,38
3,5953,954.086445,0.5240678191185,2.16665011976147E-06,0,0,0,0,0,38
3,5954,954.246445,0.525987863540649,2.41356724473007E-06,0,0,0,0,0,38
3,5955,954.406445,0.527578234672546,2.28841645366629E-06,0,0,0,0,0,38
3,5956,954.566445,0.528897106647491,2.36431628763967E-06,0,0,0,0,0,38
3,5957,954.726445,0.530894756317139,2.25204212256358E-06,0,0,0,0,0,38
3,5958,954.886445,0.532407522201538,1.94260792341083E-06,0,0,0,0,0,38
3,5959,955.046445,0.533978521823883,2.16715602618933E-06,0,0,0,0,0,38
3,5960,955.206445,0.535588264465332,2.13008138416626E-06,0,0,0,0,0,38
3,5961,955.366445,0.537120461463928,2.19275398194441E-06,0,0,0,0,0,38
3,5962,955.526445,0.539137482643127,1.86390730050334E-06,0,0,0,0,0,38
3,5963,955.686445,0.539990901947021,2.01558987100725E-06,0,0,0,0,0,38
3,5964,955.846445,0.542007923126221,1.93568325812521E-06,0,0,0,0,0,38
3,5965,956.006445,0.543307363986969,1.91125218407251E-06,0,0,0,0,0,38
3,5966,956.166445,0.544781386852264,2.02947830985067E-06,0,0,0,0,0,38
3,5967,956.326445,0.546856582164764,1.91833260032581E-06,0,0,0,0,0,38
3,5968,956.486445,0.548505127429962,2.15050545193662E-06,0,0,0,0,0,38
3,5969,956.646445,0.549882173538208,1.79641062914015E-06,0,0,0,0,0,38
3,5970,956.806445,0.551433742046356,2.15832506000879E-06,0,0,0,0,0,38
3,5971,956.966445,0.553062915802002,1.69790826021199E-06,0,0,0,0,0,38
3,5972,957.126445,0.554789066314697,1.69771374203265E-06,0,0,0,0,0,38
3,5973,957.286445,0.556282460689545,2.11938299798931E-06,0,0,0,0,0,38
3,5974,957.446445,0.557756423950195,1.75054401552188E-06,0,0,0,0,0,38
3,5975,957.606445,0.55926924943924,1.94354174709588E-06,0,0,0,0,0,38
3,5976,957.766445,0.561072945594788,1.90249897968897E-06,0,0,0,0,0,38
3,5977,957.926445,0.562624514102936,1.98944712792581E-06,0,0,0,0,0,38
3,5978,958.086445,0.564447641372681,1.86083389053238E-06,0,0,0,0,0,38
3,5979,958.246445,0.565630674362183,1.78863001565333E-06,0,0,0,0,0,38
3,5980,958.406445,0.567608952522278,1.94264680430933E-06,0,0,0,0,0,38
3,5981,958.566445,0.569296300411224,1.9920926206396E-06,0,0,0,0,0,38
3,5982,958.726445,0.570576369762421,1.4908277989889E-06,0,0,0,0,0,38
3,5983,958.886445,0.572127938270569,1.74264675933955E-06,0,0,0,0,0,38
3,5984,959.046445,0.573640704154968,1.79765550001321E-06,0,0,0,0,0,38
3,5985,959.206445,0.575599551200867,1.84702332717279E-06,0,0,0,0,0,38
3,5986,959.366445,0.577267527580261,1.73019770954852E-06,0,0,0,0,0,38
3,5987,959.526445,0.578819096088409,1.6254709862551E-06,0,0,0,0,0,38
3,5988,959.686445,0.580176711082459,1.74217984749703E-06,0,0,0,0,0,38
3,5989,959.846445,0.582213163375854,1.94210224435665E-06,0,0,0,0,0,38
3,5990,960.006445,0.583318650722504,1.63585809787037E-06,0,0,0,0,0,38
3,5991,960.166445,0.585122406482697,1.90471644145873E-06,0,0,0,0,0,38
3,5992,960.326445,0.586693346500397,1.83807571829675E-06,0,0,0,0,0,38
3,5993,960.486445,0.588497042655945,1.78372829395812E-06,0,0,0,0,0,38
3,5994,960.646445,0.589621961116791,1.90471644145873E-06,0,0,0,0,0,38
3,5995,960.806445,0.59123170375824,1.79146991285961E-06,0,0,0,0,0,38
3,5996,960.966445,0.593016028404236,1.78765742475662E-06,0,0,0,0,0,38
3,5997,961.126445,0.594780921936035,1.71105750723655E-06,0,0,0,0,0,38
3,5998,961.286445,0.596177339553833,2.05593232749379E-06,0,0,0,0,0,38
3,5999,961.446445,0.597922921180725,1.81827408596291E-06,0,0,0,0,0,38
3,6000,961.606445,0.599745988845825,1.66717495631019E-06,0,0,0,0,0,38
3,6001,961.766445,0.599881768226624,1.8968580661749E-06,0,0,0,0,0,38
3,6002,961.926445,0.598233222961426,1.42753265208739E-06,0,0,0,0,0,38
3,6003,962.086445,0.596623420715332,1.53902851707244E-06,0,0,0,0,0,38
3,6004,962.246445,0.594470620155334,1.49448464981106E-06,0,0,0,0,0,38
3,6005,962.406445,0.593559086322784,1.2550368637676E-06,0,0,0,0,0,38
3,6006,962.566445,0.592046320438385,1.33097546495264E-06,0,0,0,0,0,38
3,6007,962.726445,0.590339541435242,1.03480715551996E-06,0,0,0,0,0,38
3,6008,962.886445,0.588865578174591,1.22037431538047E-06,0,0,0,0,0,38
3,6009,963.046445,0.587061822414398,1.05149649698433E-06,0,0,0,0,0,38
3,6010,963.206445,0.585335731506348,1.12222210191248E-06,0,0,0,0,0,38
3,6011,963.366445,0.583764731884003,8.59199133174116E-07,0,0,0,0,0,38
3,6012,963.526445,0.582310140132904,8.57798625020223E-07,0,0,0,0,0,38
3,6013,963.686445,0.580700397491455,1.0101085763381E-06,0,0,0,0,0,38
3,6014,963.846445,0.579090595245361,9.6824555839703E-07,0,0,0,0,0,38
3,6015,964.006445,0.577228724956512,9.0514350858939E-07,0,0,0,0,0,38
3,6016,964.166445,0.575754761695862,8.67932385517634E-07,0,0,0,0,0,38
3,6017,964.326445,0.574455261230469,8.37701009004377E-07,0,0,0,0,0,38
3,6018,964.486445,0.57274854183197,7.47275464618724E-07,0,0,0,0,0,38
3,6019,964.646445,0.571061193943024,7.32759303900821E-07,0,0,0,0,0,38
3,6020,964.806445,0.569567799568176,7.02687543707725E-07,0,0,0,0,0,38
3,6021,964.966445,0.568035662174225,6.96782137765695E-07,0,0,0,0,0,38
3,6022,965.126445,0.566231906414032,6.04628269229579E-07,0,0,0,0,0,38
3,6023,965.286445,0.564641535282135,6.36202628356841E-07,0,0,0,0,0,38
3,6024,965.446445,0.563283920288086,5.660780288963E-07,0,0,0,0,0,38
3,6025,965.606445,0.56149959564209,4.88693331135437E-07,0,0,0,0,0,38
3,6026,965.766445,0.55998682975769,5.47972661024687E-07,0,0,0,0,0,38
3,6027,965.926445,0.558221936225891,4.88510352170124E-07,0,0,0,0,0,38
3,6028,966.086445,0.556844890117645,4.84310021420242E-07,0,0,0,0,0,38
3,6029,966.246445,0.5552738904953,4.13691026324159E-07,0,0,0,0,0,38
3,6030,966.406445,0.553315043449402,4.3188978793296E-07,0,0,0,0,0,38
3,6031,966.566445,0.551976799964905,4.27109455358732E-07,0,0,0,0,0,38
3,6032,966.726445,0.550153732299805,4.33287311807362E-07,0,0,0,0,0,38
3,6033,966.886445,0.548602104187012,3.64684751730238E-07,0,0,0,0,0,38
3,6034,967.046445,0.547186315059662,3.33359508886133E-07,0,0,0,0,0,38
3,6035,967.206445,0.545421421527863,3.74498455357752E-07,0,0,0,0,0,38
3,6036,967.366445,0.543598294258118,3.26301886843794E-07,0,0,0,0,0,38
3,6037,967.526445,0.542279481887817,2.69731941671125E-07,0,0,0,0,0,38
3,6038,967.686445,0.540398180484772,2.68392824409602E-07,0,0,0,0,0,38
3,6039,967.846445,0.539118111133575,2.75115667136561E-07,0,0,0,0,0,38
3,6040,968.006445,0.537314414978027,2.40310271237831E-07,0,0,0,0,0,38
3,6041,968.166445,0.535956799983978,2.40088382952308E-07,0,0,0,0,0,38
3,6042,968.326445,0.534230649471283,2.66964150341664E-07,0,0,0,0,0,38
3,6043,968.486445,0.532543301582336,2.25019405775129E-07,0,0,0,0,0,38
3,6044,968.646445,0.531302034854889,1.94698500877166E-07,0,0,0,0,0,38
3,6045,968.806445,0.529459536075592,2.22084238998832E-07,0,0,0,0,0,38
3,6046,968.966445,0.528063118457794,1.72209880133778E-07,0,0,0,0,0,38
3,6047,969.126445,0.526143074035645,1.17562954926598E-07,0,0,0,0,0,38
3,6048,969.286445,0.5246302485466,1.3495592554591E-07,0,0,0,0,0,38
3,6049,969.446445,0.523350238800049,8.59262883068368E-08,0,0,0,0,0,38
3,6050,969.606445,0.521624088287354,8.49803427627194E-08,0,0,0,0,0,38
3,6051,969.766445,0.519859135150909,4.72086441050124E-08,0,0,0,0,0,38
3,6052,969.926445,0.518171846866608,8.82969928284183E-08,0,0,0,0,0,38
3,6053,970.086445,0.516639649868011,8.58601083564281E-08,0,0,0,0,0,38
3,6054,970.246445,0.514991104602814,6.2912143050653E-08,0,0,0,0,0,38
3,6055,970.406445,0.513614058494568,3.32374376910138E-08,0,0,0,0,0,38
3,6056,970.566445,0.511790931224823,-8.04969424450519E-10,0,0,0,0,0,38
3,6057,970.726445,0.510026037693024,2.00837160235778E-08,0,0,0,0,0,38
3,6058,970.886445,0.508571445941925,4.03145214988854E-08,0,0,0,0,0,38
3,6059,971.046445,0.507272005081177,-2.98607183424338E-08,0,0,0,0,0,38
3,6060,971.206445,0.505254924297333,-5.56698864784266E-08,0,0,0,0,0,38
3,6061,971.366445,0.503819704055786,-5.98507341464938E-08,0,0,0,0,0,38
3,6062,971.526445,0.502384543418884,-4.1402827832826E-08,0,0,0,0,0,38
3,6063,971.686445,0.500658392906189,-9.54230117145016E-08,0,0,0,0,0,38
3,6064,971.846445,0.49920380115509,-1.52724808799576E-07,0,0,0,0,0,38
3,6065,972.006445,0.497574627399445,-1.25385781757359E-07,0,0,0,0,0,38
3,6066,972.166445,0.495867908000946,-1.22100274779768E-07,0,0,0,0,0,38
3,6067,972.326445,0.494316309690475,-1.63523395713128E-07,0,0,0,0,0,38
3,6068,972.486445,0.492532014846802,-1.6131230040628E-07,0,0,0,0,0,38
3,6069,972.646445,0.491368323564529,-2.18026286802342E-07,0,0,0,0,0,38
3,6070,972.806445,0.489467650651932,-2.48133090963165E-07,0,0,0,0,0,38
3,6071,972.966445,0.487974256277084,-2.88073067622463E-07,0,0,0,0,0,38
3,6072,973.126445,0.486267507076263,-2.56354638850098E-07,0,0,0,0,0,38
3,6073,973.286445,0.48479351401329,-2.63918337850555E-07,0,0,0,0,0,38
3,6074,973.446445,0.483300119638443,-3.27199444427606E-07,0,0,0,0,0,38
3,6075,973.606445,0.481477022171021,-3.40010615218489E-07,0,0,0,0,0,38
3,6076,973.766445,0.479692697525024,-3.38204358740768E-07,0,0,0,0,0,38
3,6077,973.926445,0.478432059288025,-3.18565241741453E-07,0,0,0,0,0,38
3,6078,974.086445,0.476996839046478,-3.90807571193363E-07,0,0,0,0,0,38
3,6079,974.246445,0.475076764822006,-4.24227124540266E-07,0,0,0,0,0,38
3,6080,974.406445,0.473525196313858,-4.77192372727586E-07,0,0,0,0,0,38
3,6081,974.566445,0.471663296222687,-4.25239250034792E-07,0,0,0,0,0,38
3,6082,974.726445,0.470363855361938,-4.72112276383996E-07,0,0,0,0,0,38
3,6083,974.886445,0.468695908784866,-4.42967007074913E-07,0,0,0,0,0,38
3,6084,975.046445,0.466795206069946,-5.14905650561559E-07,0,0,0,0,0,38
3,6085,975.206445,0.465437591075897,-5.4918552905292E-07,0,0,0,0,0,38
3,6086,975.366445,0.463847219944,-5.44276758773776E-07,0,0,0,0,0,38
3,6087,975.526445,0.462353825569153,-5.145163868292E-07,0,0,0,0,0,38
3,6088,975.686445,0.460705280303955,-5.99756731389789E-07,0,0,0,0,0,38
3,6089,975.846445,0.459037333726883,-6.49537639674236E-07,0,0,0,0,0,38
3,6090,976.006445,0.457524538040161,-6.44013766759599E-07,0,0,0,0,0,38
3,6091,976.166445,0.455798417329788,-7.41041446872259E-07,0,0,0,0,0,38
3,6092,976.326445,0.45434382557869,-7.08910420144093E-07,0,0,0,0,0,38
3,6093,976.486445,0.452384948730469,-7.53093502225965E-07,0,0,0,0,0,38
3,6094,976.646445,0.451415210962296,-7.51544178001495E-07,0,0,0,0,0,38
3,6095,976.806445,0.449650287628174,-7.82367294505093E-07,0,0,0,0,0,38
3,6096,976.966445,0.448059916496277,-8.57116560837312E-07,0,0,0,0,0,38
3,6097,977.126445,0.446236819028854,-8.76607714417332E-07,0,0,0,0,0,38
3,6098,977.286445,0.444588273763657,-9.2054949618614E-07,0,0,0,0,0,38
3,6099,977.446445,0.443366408348084,-8.83061943568464E-07,0,0,0,0,0,38
3,6100,977.606445,0.441368758678436,-9.70279756984382E-07,0,0,0,0,0,38
3,6101,977.766445,0.439778387546539,-9.71478812061832E-07,0,0,0,0,0,38
3,6102,977.926445,0.438498318195343,-1.0352581512052E-06,0,0,0,0,0,38
3,6103,978.086445,0.436384290456772,-1.20413665172237E-06,0,0,0,0,0,38
3,6104,978.246445,0.435181826353073,-1.02950116342981E-06,0,0,0,0,0,38
3,6105,978.406445,0.4334557056427,-5.90753472806682E-07,0,0,0,0,0,38
3,6106,978.566445,0.431923508644104,-1.15437967451726E-06,0,0,0,0,0,38
3,6107,978.726445,0.43013921380043,-1.00012948678341E-06,0,0,0,0,0,38
3,6108,978.886445,0.428510040044785,-1.17021318146726E-06,0,0,0,0,0,38
3,6109,979.046445,0.426919668912888,-1.21362893423793E-06,0,0,0,0,0,38
3,6110,979.206445,0.425756007432938,-1.31038063955202E-06,0,0,0,0,0,38
3,6111,979.366445,0.423816531896591,-1.59374985742033E-06,0,0,0,0,0,38
3,6112,979.526445,0.422012805938721,-1.39281598876551E-06,0,0,0,0,0,38
3,6113,979.686445,0.420984894037247,-1.47548485074367E-06,0,0,0,0,0,38
3,6114,979.846445,0.41939452290535,-1.06307447822473E-06,0,0,0,0,0,38
3,6115,980.006445,0.417610228061676,-1.37138044919993E-06,0,0,0,0,0,38
3,6116,980.166445,0.41607803106308,-1.416235591023E-06,0,0,0,0,0,38
3,6117,980.326445,0.414507061243057,-1.5527850791841E-06,0,0,0,0,0,38
3,6118,980.486445,0.412974894046783,-1.74551030340808E-06,0,0,0,0,0,38
3,6119,980.646445,0.411248743534088,-1.41277325838018E-06,0,0,0,0,0,38
3,6120,980.806445,0.409677773714066,-1.72076806848054E-06,0,0,0,0,0,38
3,6121,980.966445,0.407835274934769,-1.69022928275808E-06,0,0,0,0,0,38
3,6122,981.126445,0.406050980091095,-1.65268784257933E-06,0,0,0,0,0,38
3,6123,981.286445,0.404635161161423,-1.80666586402367E-06,0,0,0,0,0,38
3,6124,981.446445,0.403102964162827,-1.77472645646048E-06,0,0,0,0,0,38
3,6125,981.606445,0.401473820209503,-2.27284022003005E-06,0,0,0,0,0,38
3,6126,981.766445,0.399825274944305,-1.73212777099252E-06,0,0,0,0,0,38
3,6127,981.926445,0.398273676633835,-2.1252033093333E-06,0,0,0,0,0,38
3,6128,982.086445,0.396373003721237,-1.92699280887609E-06,0,0,0,0,0,38
3,6129,982.246445,0.395015388727188,-2.01316288439557E-06,0,0,0,0,0,38
3,6130,982.406445,0.393444418907166,-1.89606487310812E-06,0,0,0,0,0,38
3,6131,982.566445,0.391601920127869,-2.13154453376774E-06,0,0,0,0,0,38
3,6132,982.726445,0.390477001667023,-2.01440775526862E-06,0,0,0,0,0,38
3,6133,982.886445,0.388692706823349,-2.68381108980975E-06,0,0,0,0,0,38
3,6134,983.046445,0.387044161558151,-2.14018109545577E-06,0,0,0,0,0,38
3,6135,983.206445,0.385414987802505,-2.25692883759621E-06,0,0,0,0,0,38
3,6136,983.366445,0.383785843849182,-2.8118797672505E-06,0,0,0,0,0,38
3,6137,983.526445,0.382234245538712,-2.47295702138217E-06,0,0,0,0,0,38
3,6138,983.686445,0.380411148071289,-2.59682406067441E-06,0,0,0,0,0,38
3,6139,983.846445,0.379169881343842,-2.98281929644872E-06,0,0,0,0,0,38
3,6140,984.006445,0.377346783876419,-2.97640031021729E-06,0,0,0,0,0,38
3,6141,984.166445,0.375814616680145,-2.8466199637478E-06,0,0,0,0,0,38
3,6142,984.326445,0.374786674976349,-2.78768197858881E-06,0,0,0,0,0,38
3,6143,984.486445,0.372614473104477,-3.1420493087353E-06,0,0,0,0,0,38
3,6144,984.646445,0.371101677417755,-3.06712217934546E-06,0,0,0,0,0,38
3,6145,984.806445,0.369259178638458,-3.30711441165477E-06,0,0,0,0,0,38
3,6146,984.966445,0.368347644805908,-3.20098729389429E-06,0,0,0,0,0,38
3,6147,985.126445,0.366388767957687,-3.45459557138383E-06,0,0,0,0,0,38
3,6148,985.286445,0.36489537358284,-3.66642234439496E-06,0,0,0,0,0,38
3,6149,985.446445,0.363537758588791,-3.70108477909525E-06,0,0,0,0,0,38
3,6150,985.606445,0.361132800579071,-3.8321877582348E-06,0,0,0,0,0,38
3,6151,985.766445,0.359639406204224,-3.62432933798118E-06,0,0,0,0,0,38
3,6152,985.926445,0.358223587274551,-4.0196614463639E-06,0,0,0,0,0,38
3,6153,986.086445,0.356904745101929,-3.7879551655351E-06,0,0,0,0,0,38
3,6154,986.246445,0.355081647634506,-4.11166683988995E-06,0,0,0,0,0,38
3,6155,986.406445,0.353452503681183,-4.17367800764623E-06,0,0,0,0,0,38
3,6156,986.566445,0.35172638297081,-4.36224081568071E-06,0,0,0,0,0,38
3,6157,986.726445,0.350446313619614,-4.3014742914238E-06,0,0,0,0,0,38
3,6158,986.886445,0.348623216152191,-4.89303283757181E-06,0,0,0,0,0,38
3,6159,987.046445,0.347187995910645,-4.48143964604242E-06,0,0,0,0,0,38
3,6160,987.206445,0.345675230026245,-4.62503021481098E-06,0,0,0,0,0,38
3,6161,987.366445,0.344123631715775,-4.68354028271278E-06,0,0,0,0,0,38
3,6162,987.526445,0.342087209224701,-4.91232867716462E-06,0,0,0,0,0,38
3,6163,987.686445,0.340419262647629,-4.78581659990596E-06,0,0,0,0,0,38
3,6164,987.846445,0.338790088891983,-5.2325003707665E-06,0,0,0,0,0,38
3,6165,988.006445,0.337684601545334,-4.94205096401856E-06,0,0,0,0,0,38
3,6166,988.166445,0.335686951875687,-5.49754622625187E-06,0,0,0,0,0,38
3,6167,988.326445,0.334309905767441,-5.21425499755424E-06,0,0,0,0,0,38
3,6168,988.486445,0.332855314016342,-5.46790215594228E-06,0,0,0,0,0,38
3,6169,988.646445,0.331361919641495,-5.55313863515039E-06,0,0,0,0,0,38
3,6170,988.806445,0.329635798931122,-5.25160157849314E-06,0,0,0,0,0,38
3,6171,988.966445,0.32771572470665,-5.95088249610853E-06,0,0,0,0,0,38
3,6172,989.126445,0.326319307088852,-5.81491667617229E-06,0,0,0,0,0,38
3,6173,989.286445,0.324496179819107,-5.8246423577657E-06,0,0,0,0,0,38
3,6174,989.446445,0.322964012622833,-6.14107921137474E-06,0,0,0,0,0,38
3,6175,989.606445,0.321664571762085,-6.2796125348541E-06,0,0,0,0,0,38
3,6176,989.766445,0.319996625185013,-6.35582364338916E-06,0,0,0,0,0,38
3,6177,989.926445,0.318115323781967,-6.22297011432238E-06,0,0,0,0,0,38
3,6178,990.086445,0.316912859678268,-6.41923543298617E-06,0,0,0,0,0,38
3,6179,990.246445,0.314857006072998,-6.80519178786199E-06,0,0,0,0,0,38
3,6180,990.406445,0.3131502866745,-6.45292539047659E-06,0,0,0,0,0,38
3,6181,990.566445,0.311831444501877,-6.65864445181796E-06,0,0,0,0,0,38
3,6182,990.726445,0.310279875993729,-6.81771871313686E-06,0,0,0,0,0,38
3,6183,990.886445,0.308747678995132,-7.12061728336266E-06,0,0,0,0,0,38
3,6184,991.046445,0.307137906551361,-6.77924344927305E-06,0,0,0,0,0,38
3,6185,991.206445,0.305566936731339,-7.15127271178062E-06,0,0,0,0,0,38
3,6186,991.366445,0.303976565599442,-7.00285772836651E-06,0,0,0,0,0,38
3,6187,991.526445,0.302347421646118,-7.30556166672613E-06,0,0,0,0,0,38
3,6188,991.686445,0.300660073757172,-7.22382674211985E-06,0,0,0,0,0,38
3,6189,991.846445,0.299108505249023,-7.27490623830818E-06,0,0,0,0,0,38
3,6190,992.006445,0.297440558671951,-7.67276742408285E-06,0,0,0,0,0,38
3,6191,992.166445,0.295947164297104,-7.66521952755284E-06,0,0,0,0,0,38
3,6192,992.326445,0.294473171234131,-7.92225182522088E-06,0,0,0,0,0,38
3,6193,992.486445,0.292456120252609,-7.67307847127086E-06,0,0,0,0,0,38
3,6194,992.646445,0.291098475456238,-7.9115925473161E-06,0,0,0,0,0,38
3,6195,992.806445,0.28929477930069,-8.00383168098051E-06,0,0,0,0,0,38
3,6196,992.966445,0.287898361682892,-8.1080133895739E-06,0,0,0,0,0,38
3,6197,993.126445,0.28648254275322,-8.55885991768446E-06,0,0,0,0,0,38
3,6198,993.286445,0.284737020730972,-8.13925271359039E-06,0,0,0,0,0,38
3,6199,993.446445,0.283379405736923,-8.67716426000698E-06,0,0,0,0,0,38
3,6200,993.606445,0.281769633293152,-8.79749040905153E-06,0,0,0,0,0,38
3,6201,993.766445,0.280082285404205,-8.60923955769977E-06,0,0,0,0,0,38
3,6202,993.926445,0.278530716896057,-9.17434408620466E-06,0,0,0,0,0,38
3,6203,994.086445,0.276959747076035,-8.84164546732791E-06,0,0,0,0,0,38
3,6204,994.246445,0.275388777256012,-9.14337670110399E-06,0,0,0,0,0,38
3,6205,994.406445,0.273526877164841,-9.11762344912859E-06,0,0,0,0,0,38
3,6206,994.566445,0.271529227495193,-9.28105509956367E-06,0,0,0,0,0,38
3,6207,994.726445,0.270423710346222,-9.63526599662146E-06,0,0,0,0,0,38
3,6208,994.886445,0.268910944461823,-9.51945185079239E-06,0,0,0,0,0,38
3,6209,995.046445,0.266971468925476,-9.85355109150987E-06,0,0,0,0,0,38
3,6210,995.206445,0.265381097793579,-9.80962977337185E-06,0,0,0,0,0,38
3,6211,995.366445,0.264101058244705,-1.00151928563719E-05,0,0,0,0,0,38
3,6212,995.526445,0.262258559465408,-9.94302718027029E-06,0,0,0,0,0,38
3,6213,995.686445,0.260823339223862,-1.02949443316902E-05,0,0,0,0,0,38
3,6214,995.846445,0.25896143913269,-1.05412773336866E-05,0,0,0,0,0,38
3,6215,996.006445,0.257584422826767,-1.03778847915237E-05,0,0,0,0,0,38
3,6216,996.166445,0.255974650382996,-1.07456344267121E-05,0,0,0,0,0,38
3,6217,996.326445,0.254364907741547,-1.0522487173148E-05,0,0,0,0,0,38
3,6218,996.486445,0.252541780471802,-1.14592712634476E-05,0,0,0,0,0,38
3,6219,996.646445,0.251029014587402,-1.13482419692446E-05,0,0,0,0,0,38
3,6220,996.806445,0.249748960137367,-1.13629084808053E-05,0,0,0,0,0,38
3,6221,996.966445,0.247984036803246,-1.17236168080126E-05,0,0,0,0,0,38
3,6222,997.126445,0.246607005596161,-1.16360852189246E-05,0,0,0,0,0,38
3,6223,997.286445,0.244570568203926,-1.17322533697006E-05,0,0,0,0,0,38
3,6224,997.446445,0.243135362863541,-1.19661381177139E-05,0,0,0,0,0,38
3,6225,997.606445,0.241583779454231,-1.19082887977129E-05,0,0,0,0,0,38
3,6226,997.766445,0.240051597356796,-1.26029790408211E-05,0,0,0,0,0,38
3,6227,997.926445,0.238306075334549,-1.20582990348339E-05,0,0,0,0,0,38
3,6228,998.086445,0.236870869994164,-1.29755535454024E-05,0,0,0,0,0,38
3,6229,998.246445,0.235028371214867,-1.28676747408463E-05,0,0,0,0,0,38
3,6230,998.406445,0.233670741319656,-1.32390814542305E-05,0,0,0,0,0,38
3,6231,998.566445,0.231944605708122,-1.26485738292104E-05,0,0,0,0,0,38
3,6232,998.726445,0.230160295963287,-1.33784324134467E-05,0,0,0,0,0,38
3,6233,998.886445,0.228511735796928,-1.3610721907753E-05,0,0,0,0,0,38
3,6234,999.046445,0.226843789219856,-1.38399773277342E-05,0,0,0,0,0,38
3,6235,999.206445,0.225641325116158,-1.37201559482492E-05,0,0,0,0,0,38
3,6236,999.366445,0.223973378539085,-1.40960364660714E-05,0,0,0,0,0,38
3,6237,999.526445,0.222072690725327,-1.44688438012963E-05,0,0,0,0,0,38
3,6238,999.686445,0.220598697662354,-1.43470388138667E-05,0,0,0,0,0,38
3,6239,999.846445,0.219085901975632,-1.49570369103458E-05,0,0,0,0,0,38
3,6240,1000.006445,0.217456758022308,-1.47179007399245E-05,0,0,0,0,0,38
3,6241,1000.166445,0.216273680329323,-1.51233080032398E-05,0,0,0,0,0,38
3,6242,1000.326445,0.214334204792976,-1.51090698636835E-05,0,0,0,0,0,38
3,6243,1000.486445,0.212549895048141,-1.55860197992297E-05,0,0,0,0,0,38
3,6244,1000.646445,0.211095288395882,-1.54770532390103E-05,0,0,0,0,0,38
3,6245,1000.806445,0.20958249270916,-1.66336867550854E-05,0,0,0,0,0,38
3,6246,1000.966445,0.207992136478424,-1.86670004040934E-05,0,0,0,0,0,38
3,6247,1001.126445,0.20651812851429,-1.52014708874049E-05,0,0,0,0,0,38
3,6248,1001.286445,0.204888984560966,-1.77057117980439E-05,0,0,0,0,0,38
3,6249,1001.446445,0.203162848949432,-1.57477807078976E-05,0,0,0,0,0,38
3,6250,1001.606445,0.201533690094948,-1.79586622834904E-05,0,0,0,0,0,38
3,6251,1001.766445,0.1999821215868,-1.64312496053753E-05,0,0,0,0,0,38
3,6252,1001.926445,0.198372349143028,-1.438938852516E-05,0,0,0,0,0,38
3,6253,1002.086445,0.196568638086319,-1.83658685273258E-05,0,0,0,0,0,38
3,6254,1002.246445,0.195560112595558,-1.32470349853975E-05,0,0,0,0,0,38
3,6255,1002.406445,0.193329721689224,-1.95027823792771E-05,0,0,0,0,0,38
3,6256,1002.566445,0.191894516348839,-1.73408589034807E-05,0,0,0,0,0,38
3,6257,1002.726445,0.190284758806229,-1.79240814759396E-05,0,0,0,0,0,38
3,6258,1002.886445,0.188849553465843,-1.82403655344388E-05,0,0,0,0,0,38
3,6259,1003.046445,0.186871290206909,-2.12303020816762E-05,0,0,0,0,0,38
3,6260,1003.206445,0.185397282242775,-1.99849800992524E-05,0,0,0,0,0,38
3,6261,1003.366445,0.183845713734627,-2.06999229703797E-05,0,0,0,0,0,38
3,6262,1003.526445,0.182119578123093,-2.04683437914355E-05,0,0,0,0,0,38
3,6263,1003.686445,0.180936500430107,-1.7695998394629E-05,0,0,0,0,0,38
3,6264,1003.846445,0.17909400165081,-2.22844537347555E-05,0,0,0,0,0,38
3,6265,1004.006445,0.177813947200775,-1.86304750968702E-05,0,0,0,0,0,38
3,6266,1004.166445,0.175913274288177,-2.26493084483081E-05,0,0,0,0,0,38
3,6267,1004.326445,0.174381092190742,-1.99266978597734E-05,0,0,0,0,0,38
3,6268,1004.486445,0.172654956579208,-2.24336599785602E-05,0,0,0,0,0,38
3,6269,1004.646445,0.171045199036598,-2.07725843210937E-05,0,0,0,0,0,38
3,6270,1004.806445,0.1696487814188,-2.57923366007162E-05,0,0,0,0,0,38
3,6271,1004.966445,0.168213576078415,-2.13993243960431E-05,0,0,0,0,0,38
3,6272,1005.126445,0.166293486952782,-2.31256781262346E-05,0,0,0,0,0,38
3,6273,1005.286445,0.164858281612396,-2.01050443138229E-05,0,0,0,0,0,38
3,6274,1005.446445,0.163190335035324,-2.31482135859551E-05,0,0,0,0,0,38
3,6275,1005.606445,0.161541789770126,-2.280550688738E-05,0,0,0,0,0,38
3,6276,1005.766445,0.159718677401543,-2.7159663659404E-05,0,0,0,0,0,38
3,6277,1005.926445,0.158186495304108,-2.13853363675298E-05,0,0,0,0,0,38
3,6278,1006.086445,0.156751289963722,-2.31043068197323E-05,0,0,0,0,0,38
3,6279,1006.246445,0.155296683311462,-2.58879208558938E-05,0,0,0,0,0,38
3,6280,1006.406445,0.153454184532166,-2.55654194916133E-05,0,0,0,0,0,38
3,6281,1006.566445,0.151572898030281,-2.59100688708713E-05,0,0,0,0,0,38
3,6282,1006.726445,0.150680750608444,-2.39587407122599E-05,0,0,0,0,0,38
3,6283,1006.886445,0.148624911904335,-2.86579343082849E-05,0,0,0,0,0,38
3,6284,1007.046445,0.147170305252075,-2.7654683435685E-05,0,0,0,0,0,38
3,6285,1007.206445,0.145618721842766,-2.49899676418863E-05,0,0,0,0,0,38
3,6286,1007.366445,0.143989562988281,-2.3240301743499E-05,0,0,0,0,0,38
3,6287,1007.526445,0.142728909850121,-2.49864715442527E-05,0,0,0,0,0,38
3,6288,1007.686445,0.140479132533073,-3.04266413877485E-05,0,0,0,0,0,38
3,6289,1007.846445,0.139431804418564,-2.75058664556127E-05,0,0,0,0,0,38
3,6290,1008.006445,0.137841448187828,-2.80253661912866E-05,0,0,0,0,0,38
3,6291,1008.166445,0.136018335819244,-3.1943174690241E-05,0,0,0,0,0,38
3,6292,1008.326445,0.134544342756271,-3.00077772408258E-05,0,0,0,0,0,38
3,6293,1008.486445,0.132585480809212,-3.14466014970094E-05,0,0,0,0,0,38
3,6294,1008.646445,0.13097570836544,-3.27288325934205E-05,0,0,0,0,0,38
3,6295,1008.806445,0.129870221018791,-3.11932599288411E-05,0,0,0,0,0,38
3,6296,1008.966445,0.127814382314682,-3.43036517733708E-05,0,0,0,0,0,38
3,6297,1009.126445,0.12665069103241,-3.21836887451354E-05,0,0,0,0,0,38
3,6298,1009.286445,0.1245948523283,-3.69376721209846E-05,0,0,0,0,0,38
3,6299,1009.446445,0.12323722243309,-3.48254798154812E-05,0,0,0,0,0,38
3,6300,1009.606445,0.121297754347324,-3.35525728587527E-05,0,0,0,0,0,38
3,6301,1009.766445,0.119687989354134,-3.65102605428547E-05,0,0,0,0,0,38
3,6302,1009.926445,0.118601888418198,-3.62207865691744E-05,0,0,0,0,0,38
3,6303,1010.086445,0.116933941841125,-3.35168260789942E-05,0,0,0,0,0,38
3,6304,1010.246445,0.11489749699831,-3.94628950743936E-05,0,0,0,0,0,38
3,6305,1010.406445,0.113636836409569,-4.00146454921924E-05,0,0,0,0,0,38
3,6306,1010.566445,0.11183313280344,-3.71948954125401E-05,0,0,0,0,0,38
3,6307,1010.726445,0.110184580087662,-4.28654784627724E-05,0,0,0,0,0,38
3,6308,1010.886445,0.108943320810795,-4.03052836190909E-05,0,0,0,0,0,38
3,6309,1011.046445,0.107624478638172,-4.17899536842015E-05,0,0,0,0,0,38
3,6310,1011.206445,0.105781979858875,-4.69355982204434E-05,0,0,0,0,0,38
3,6311,1011.366445,0.103978268802166,-4.31149310315959E-05,0,0,0,0,0,38
3,6312,1011.526445,0.102019406855106,-4.72297360829543E-05,0,0,0,0,0,38
3,6313,1011.686445,0.10093329846859,-4.44787619926501E-05,0,0,0,0,0,38
3,6314,1011.846445,0.0990714058279991,-4.40610638179351E-05,0,0,0,0,0,38
3,6315,1012.006445,0.0977331697940826,-5.11762991664E-05,0,0,0,0,0,38
3,6316,1012.166445,0.0962397828698158,-4.68264152004849E-05,0,0,0,0,0,38
3,6317,1012.326445,0.0941063612699509,-5.1208546210546E-05,0,0,0,0,0,38
3,6318,1012.486445,0.0926323607563972,-5.2228118875064E-05,0,0,0,0,0,38
3,6319,1012.646445,0.0911971554160118,-5.24985516676679E-05,0,0,0,0,0,38
3,6320,1012.806445,0.0894516259431839,-5.34979189978912E-05,0,0,0,0,0,38
3,6321,1012.966445,0.0879194438457489,-5.58207066205796E-05,0,0,0,0,0,38
3,6322,1013.126445,0.0863484740257263,-5.54107791685965E-05,0,0,0,0,0,38
3,6323,1013.286445,0.0845253691077232,-6.19144266238436E-05,0,0,0,0,0,38
3,6324,1013.446445,0.0832259282469749,-6.04068300162908E-05,0,0,0,0,0,38
3,6325,1013.606445,0.0816937461495399,-6.15029421169311E-05,0,0,0,0,0,38
3,6326,1013.766445,0.0797930583357811,-6.66726773488335E-05,0,0,0,0,0,38
3,6327,1013.926445,0.0785324051976204,-6.08085974818096E-05,0,0,0,0,0,38
3,6328,1014.086445,0.0769614353775978,-6.94539630785584E-05,0,0,0,0,0,38
3,6329,1014.246445,0.0750219598412514,-6.68832799419761E-05,0,0,0,0,0,38
3,6330,1014.406445,0.0737225115299225,-7.00908058206551E-05,0,0,0,0,0,38
3,6331,1014.566445,0.0720933601260185,-7.11480679456145E-05,0,0,0,0,0,38
3,6332,1014.726445,0.0702702552080154,-7.35757639631629E-05,0,0,0,0,0,38
3,6333,1014.886445,0.0685635209083557,-7.68283643992618E-05,0,0,0,0,0,38
3,6334,1015.046445,0.0673804432153702,-7.40599061828107E-05,0,0,0,0,0,38
3,6335,1015.206445,0.0654603689908981,-7.81758717494085E-05,0,0,0,0,0,38
3,6336,1015.366445,0.0641997084021568,-8.01058340584859E-05,0,0,0,0,0,38
3,6337,1015.526445,0.0622214488685131,-8.09303455753252E-05,0,0,0,0,0,38
3,6338,1015.686445,0.0607474483549595,-8.21375870145857E-05,0,0,0,0,0,38
3,6339,1015.846445,0.0589243471622467,-8.83972243173048E-05,0,0,0,0,0,38
3,6340,1016.006445,0.0573921650648117,-8.64221947267652E-05,0,0,0,0,0,38
3,6341,1016.166445,0.0558211915194988,-9.07044668565504E-05,0,0,0,0,0,38
3,6342,1016.326445,0.0545799285173416,-8.88961294549517E-05,0,0,0,0,0,38
3,6343,1016.486445,0.0528731942176819,-9.35129501158372E-05,0,0,0,0,0,38
3,6344,1016.646445,0.0510113015770912,-9.51899564824998E-05,0,0,0,0,0,38
3,6345,1016.806445,0.0497700423002243,-0.000100501514680218,0,0,0,0,0,38
3,6346,1016.966445,0.0483348332345486,-9.78818716248497E-05,0,0,0,0,0,38
3,6347,1017.126445,0.0460656508803368,-0.000104144222859759,0,0,0,0,0,38
3,6348,1017.286445,0.0453092567622662,-0.00010363754699938,0,0,0,0,0,38
3,6349,1017.446445,0.0430788621306419,-0.000109432083263528,0,0,0,0,0,38
3,6350,1017.606445,0.0413721278309822,-0.000108282343717292,0,0,0,0,0,38
3,6351,1017.766445,0.0398011580109596,-0.000112151581561193,0,0,0,0,0,38
3,6352,1017.926445,0.0381913967430592,-0.000114421913167462,0,0,0,0,0,38
3,6353,1018.086445,0.0368725545704365,-0.000114818241854664,0,0,0,0,0,38
3,6354,1018.246445,0.0356700830161572,-0.000116225201054476,0,0,0,0,0,38
3,6355,1018.406445,0.0338081903755665,-0.000117969429993536,0,0,0,0,0,38
3,6356,1018.566445,0.0319462977349758,-0.000124902435345575,0,0,0,0,0,38
3,6357,1018.726445,0.0305692721158266,-0.000124248108477332,0,0,0,0,0,38
3,6358,1018.886445,0.0289789047092199,-0.000128730476717465,0,0,0,0,0,38
3,6359,1019.046445,0.0275824852287769,-0.000130886968690902,0,0,0,0,0,38
3,6360,1019.206445,0.0258563570678234,-0.000132012995891273,0,0,0,0,0,38
3,6361,1019.366445,0.0239750687032938,-0.000135512338601984,0,0,0,0,0,38
3,6362,1019.526445,0.0221713595092297,-0.000139045863761567,0,0,0,0,0,38
3,6363,1019.686445,0.0207943357527256,-0.000142043951200321,0,0,0,0,0,38
3,6364,1019.846445,0.0190488118678331,-0.000143128811032511,0,0,0,0,0,38
3,6365,1020.006445,0.0173032861202955,-0.000149977495311759,0,0,0,0,0,38
3,6366,1020.166445,0.0160426292568445,-0.000148518069181591,0,0,0,0,0,38
3,6367,1020.326445,0.0146268159151077,-0.000150772088090889,0,0,0,0,0,38
3,6368,1020.486445,0.0128618963062763,-0.000155232701217756,0,0,0,0,0,38
3,6369,1020.646445,0.011174556799233,-0.000157509261043742,0,0,0,0,0,38
3,6370,1020.806445,0.00999147910624743,-0.000158187671331689,0,0,0,0,0,38
3,6371,1020.966445,0.00828474387526512,-0.000162997603183612,0,0,0,0,0,38
3,6372,1021.126445,0.00754774454981089,-0.000145971702295356,0,0,0,0,0,38
3,6373,1021.286445,0.00653921952471137,-0.000137701397761703,0,0,0,0,0,38
3,6374,1021.446445,0.00667498214170337,-0.000107774983916897,0,0,0,0,0,38
3,6375,1021.606445,0.00242753955535591,-0.000160882394993678,0,0,0,0,0,38
3,6376,1021.766445,0.00108930421993136,-0.000157848131493665,0,0,0,0,0,38
3,6377,1021.926445,-0.00242113927379251,-0.000195449669263326,0,0,0,0,0,38
3,6378,1022.086445,-0.0027702443767339,-0.000178236063220538,0,0,0,0,0,38
3,6379,1022.246445,-0.00298358616419137,-0.00014778837794438,0,0,0,0,0,38
3,6380,1022.406445,-0.00630008243024349,-0.000187463330803439,0,0,0,0,0,38
3,6381,1022.566445,-0.00889897439628839,-0.000209621241083369,0,0,0,0,0,38
3,6382,1022.726445,-0.0090153431519866,-0.000184938675374724,0,0,0,0,0,38
3,6383,1022.886445,-0.0139222061261535,-0.000249039469053969,0,0,0,0,0,38
3,6384,1023.046445,-0.0124869970604777,-0.000194364343769848,0,0,0,0,0,38
3,6385,1023.206445,-0.016288360580802,-0.000242515787249431,0,0,0,0,0,38
3,6386,1023.366445,-0.0151634672656655,-0.000197083514649421,0,0,0,0,0,38
3,6387,1023.526445,-0.0156483352184296,-0.000178586167749017,0,0,0,0,0,38
3,6388,1023.686445,-0.017549017444253,-0.000187836776603945,0,0,0,0,0,38
3,6389,1023.846445,-0.0200897250324488,-0.000205388831091113,0,0,0,0,0,38
3,6390,1024.006445,-0.0249190088361502,-0.000266019662376493,0,0,0,0,0,38
3,6391,1024.166445,-0.0250547733157873,-0.000245215516770259,0,0,0,0,0,38
3,6392,1024.326445,-0.0270718224346638,-0.000256096071098,0,0,0,0,0,38
3,6393,1024.486445,-0.025656009092927,-0.00020075574866496,0,0,0,0,0,38
3,6394,1024.646445,-0.0279445853084326,-0.000218759058043361,0,0,0,0,0,38
3,6395,1024.806445,-0.028177322819829,-0.000198686218936928,0,0,0,0,0,38
3,6396,1024.966445,-0.0312028974294662,-0.000230475983698852,0,0,0,0,0,38
3,6397,1025.126445,-0.0330453962087631,-0.000239761604461819,0,0,0,0,0,38
3,6398,1025.286445,-0.036807969212532,-0.000279697211226448,0,0,0,0,0,38
3,6399,1025.446445,-0.0366722084581852,-0.00025412769173272,0,0,0,0,0,38
3,6400,1025.606445,-0.0395232290029526,-0.000271434662863612,0,0,0,0,0,38
3,6401,1025.766445,-0.0397753603756428,-0.000251657475018874,0,0,0,0,0,38
3,6402,1025.926445,-0.0424518324434757,-0.000279242056421936,0,0,0,0,0,38
3,6403,1026.086445,-0.0441003851592541,-0.000281498301774263,0,0,0,0,0,38
3,6404,1026.246445,-0.0425100177526474,-0.000223633323912509,0,0,0,0,0,38
3,6405,1026.406445,-0.0484835878014565,-0.00031426060013473,0,0,0,0,0,38
3,6406,1026.566445,-0.0482896417379379,-0.000278724677627906,0,0,0,0,0,38
3,6407,1026.726445,-0.0499381944537163,-0.000278646883089095,0,0,0,0,0,38
3,6408,1026.886445,-0.0520716123282909,-0.000296436221105978,0,0,0,0,0,38
3,6409,1027.046445,-0.0519552417099476,-0.000268645468167961,0,0,0,0,0,38
3,6410,1027.206445,-0.0542826093733311,-0.000279973406577483,0,0,0,0,0,38
3,6411,1027.366445,-0.0552135556936264,-0.000278471823548898,0,0,0,0,0,38
3,6412,1027.526445,-0.05975192040205,-0.000334913027472794,0,0,0,0,0,38
3,6413,1027.686445,-0.0584718696773052,-0.000277740502497181,0,0,0,0,0,38
3,6414,1027.846445,-0.0610707588493824,-0.000305445661069825,0,0,0,0,0,38
3,6415,1028.006445,-0.0653569921851158,-0.000354281772160903,0,0,0,0,0,38
3,6416,1028.166445,-0.063359335064888,-0.000288897252175957,0,0,0,0,0,38
3,6417,1028.326445,-0.064949706196785,-0.000292573386104777,0,0,0,0,0,38
3,6418,1028.486445,-0.0683825686573982,-0.000327619141899049,0,0,0,0,0,38
3,6419,1028.646445,-0.0685765147209167,-0.000307659123791382,0,0,0,0,0,38
3,6420,1028.806445,-0.0712335929274559,-0.000327152316458523,0,0,0,0,0,38
3,6421,1028.966445,-0.0732312500476837,-0.000340047961799428,0,0,0,0,0,38
3,6422,1029.126445,-0.0763344019651413,-0.000369577581295744,0,0,0,0,0,38
3,6423,1029.286445,-0.0765477418899536,-0.000345478503732011,0,0,0,0,0,38
3,6424,1029.446445,-0.0779635608196259,-0.000339273829013109,0,0,0,0,0,38
3,6425,1029.606445,-0.0782544761896133,-0.000320636434480548,0,0,0,0,0,38
3,6426,1029.766445,-0.0800775811076164,-0.000325779110426083,0,0,0,0,0,38
3,6427,1029.926445,-0.0798836350440979,-0.000296136684482917,0,0,0,0,0,38
3,6428,1030.086445,-0.080717608332634,-0.000285652931779623,0,0,0,0,0,38
3,6429,1030.246445,-0.0847517102956772,-0.000331485876813531,0,0,0,0,0,38
3,6430,1030.406445,-0.0865360200405121,-0.000339476100634784,0,0,0,0,0,38
3,6431,1030.566445,-0.0894452258944511,-0.000363540166290477,0,0,0,0,0,38
3,6432,1030.726445,-0.0901822298765183,-0.00035200995625928,0,0,0,0,0,38
3,6433,1030.886445,-0.0872536227107048,-0.00026459590299055,0,0,0,0,0,38
3,6434,1031.046445,-0.0943133011460304,-0.000371934962458909,0,0,0,0,0,38
3,6435,1031.206445,-0.0963497459888458,-0.000383010017685592,0,0,0,0,0,38
3,6436,1031.366445,-0.0954381972551346,-0.000332874624291435,0,0,0,0,0,38
3,6437,1031.526445,-0.0963497459888458,-0.000328813388478011,0,0,0,0,0,38
3,6438,1031.686445,-0.0983667969703674,-0.000337017583660781,0,0,0,0,0,38
3,6439,1031.846445,-0.103021532297134,-0.000391140289139003,0,0,0,0,0,38
3,6440,1032.006445,-0.103079713881016,-0.000364578823791817,0,0,0,0,0,38
3,6441,1032.166445,-0.101450555026531,-0.000309012859361246,0,0,0,0,0,38
3,6442,1032.326445,-0.10385550558567,-0.000320290215313435,0,0,0,0,0,38
3,6443,1032.486445,-0.105174340307713,-0.000323067739373073,0,0,0,0,0,38
3,6444,1032.646445,-0.108219310641289,-0.000352091650711372,0,0,0,0,0,38
3,6445,1032.806445,-0.113708019256592,-0.000427609833423048,0,0,0,0,0,38
3,6446,1032.966445,-0.111535809934139,-0.000357067066943273,0,0,0,0,0,38
3,6447,1033.126445,-0.111671574413776,-0.000327222340274602,0,0,0,0,0,38
3,6448,1033.286445,-0.115841440856457,-0.00038173797656782,0,0,0,0,0,38
3,6449,1033.446445,-0.113242544233799,-0.000304508139379323,0,0,0,0,0,38
3,6450,1033.606445,-0.118304565548897,-0.00036845332942903,0,0,0,0,0,38
3,6451,1033.766445,-0.11877004057169,-0.000352328934241086,0,0,0,0,0,38
3,6452,1033.926445,-0.124627240002155,-0.000427901570219547,0,0,0,0,0,38
3,6453,1034.086445,-0.126043051481247,-0.000428551225923002,0,0,0,0,0,38
3,6454,1034.246445,-0.1237932741642,-0.000363341765478253,0,0,0,0,0,38
3,6455,1034.406445,-0.126993402838707,-0.000393999507650733,0,0,0,0,0,38
3,6456,1034.566445,-0.130814164876938,-0.000432098982855678,0,0,0,0,0,38
3,6457,1034.726445,-0.127672210335732,-0.000349314126651734,0,0,0,0,0,38
3,6458,1034.886445,-0.13323849439621,-0.000430266751209274,0,0,0,0,0,38
3,6459,1035.046445,-0.132579073309898,-0.000390766857890412,0,0,0,0,0,38
3,6460,1035.206445,-0.136419236660004,-0.000425489735789597,0,0,0,0,0,38
3,6461,1035.366445,-0.134790077805519,-0.000368029315723106,0,0,0,0,0,38
3,6462,1035.526445,-0.139483600854874,-0.000432433531386778,0,0,0,0,0,38
3,6463,1035.686445,-0.139735728502274,-0.000410458451369777,0,0,0,0,0,38
3,6464,1035.846445,-0.147222086787224,-0.000525562092661858,0,0,0,0,0,38
3,6465,1036.006445,-0.144274085760117,-0.000439735216787085,0,0,0,0,0,38
3,6466,1036.166445,-0.141364887356758,-0.000358222430804744,0,0,0,0,0,38
3,6467,1036.326445,-0.143711641430855,-0.00037613624590449,0,0,0,0,0,38
3,6468,1036.486445,-0.140239983797073,-0.000285862974124029,0,0,0,0,0,38
3,6469,1036.646445,-0.148773670196533,-0.000411228684242815,0,0,0,0,0,38
3,6470,1036.806445,-0.149200350046158,-0.000395030394429341,0,0,0,0,0,38
3,6471,1036.966445,-0.152536243200302,-0.000434503046562895,0,0,0,0,0,38
3,6472,1037.126445,-0.156201839447021,-0.00047390180407092,0,0,0,0,0,38
3,6473,1037.286445,-0.156357005238533,-0.000446352234575897,0,0,0,0,0,38
3,6474,1037.446445,-0.157171577215195,-0.000437513983342797,0,0,0,0,0,38
3,6475,1037.606445,-0.159130439162254,-0.000448009435785934,0,0,0,0,0,38
3,6476,1037.766445,-0.161748722195625,-0.00047011676360853,0,0,0,0,0,38
3,6477,1037.926445,-0.162524521350861,-0.000457263930002227,0,0,0,0,0,38
3,6478,1038.086445,-0.163630023598671,-0.000454852066468447,0,0,0,0,0,38
3,6479,1038.246445,-0.165239781141281,-0.000459971430245787,0,0,0,0,0,38
3,6480,1038.406445,-0.166461646556854,-0.000445231911726296,0,0,0,0,0,38
3,6481,1038.566445,-0.168556272983551,-0.000466483441414312,0,0,0,0,0,38
3,6482,1038.726445,-0.168885990977287,-0.000442042044596747,0,0,0,0,0,38
3,6483,1038.886445,-0.169118717312813,-0.000425976002588868,0,0,0,0,0,38
3,6484,1039.046445,-0.172939479351044,-0.000468202837510034,0,0,0,0,0,38
3,6485,1039.206445,-0.173812240362167,-0.0004550076846499,0,0,0,0,0,38
3,6486,1039.366445,-0.175654739141464,-0.00047015177551657,0,0,0,0,0,38
3,6487,1039.526445,-0.177962705492973,-0.000484016025438905,0,0,0,0,0,38
3,6488,1039.686445,-0.179882794618607,-0.000496258144266903,0,0,0,0,0,38
3,6489,1039.846445,-0.179863393306732,-0.000474283035146073,0,0,0,0,0,38
3,6490,1040.006445,-0.184906020760536,-0.000535866944119334,0,0,0,0,0,38
3,6491,1040.166445,-0.182210147380829,-0.000462667259853333,0,0,0,0,0,38
3,6492,1040.326445,-0.18542967736721,-0.000495659071020782,0,0,0,0,0,38
3,6493,1040.486445,-0.18738853931427,-0.000503649294842035,0,0,0,0,0,38
3,6494,1040.646445,-0.187757045030594,-0.00048941548448056,0,0,0,0,0,38
3,6495,1040.806445,-0.189851671457291,-0.000497036147862673,0,0,0,0,0,38
3,6496,1040.966445,-0.193303927779198,-0.000539150205440819,0,0,0,0,0,38
3,6497,1041.126445,-0.194351240992546,-0.000532832695171237,0,0,0,0,0,38
3,6498,1041.286445,-0.194409430027008,-0.00051603140309453,0,0,0,0,0,38
3,6499,1041.446445,-0.196504056453705,-0.000523088034242392,0,0,0,0,0,38
3,6500,1041.606445,-0.199277505278587,-0.000551061588339508,0,0,0,0,0,38
3,6501,1041.766445,-0.199646010994911,-0.000537061190698296,0,0,0,0,0,38
3,6502,1041.926445,-0.200072690844536,-0.000519497494678944,0,0,0,0,0,38
3,6503,1042.086445,-0.203602522611618,-0.000556756684090942,0,0,0,0,0,38
3,6504,1042.246445,-0.204087391495705,-0.000539729779120535,0,0,0,0,0,38
3,6505,1042.406445,-0.207074180245399,-0.000566470203921199,0,0,0,0,0,38
3,6506,1042.566445,-0.205134704709053,-0.000509169301949441,0,0,0,0,0,38
3,6507,1042.726445,-0.209711864590645,-0.000566777540370822,0,0,0,0,0,38
3,6508,1042.886445,-0.209711864590645,-0.00054691475816071,0,0,0,0,0,38
3,6509,1043.046445,-0.214541152119637,-0.000609451730269939,0,0,0,0,0,38
3,6510,1043.206445,-0.213067144155502,-0.000555329024791718,0,0,0,0,0,38
3,6511,1043.366445,-0.216674566268921,-0.000600741885136813,0,0,0,0,0,38
3,6512,1043.526445,-0.218323111534119,-0.000607884081546217,0,0,0,0,0,38
3,6513,1043.686445,-0.218807980418205,-0.000591744086705148,0,0,0,0,0,38
3,6514,1043.846445,-0.222531765699387,-0.000630415393970907,0,0,0,0,0,38
3,6515,1044.006445,-0.223055422306061,-0.000622510793618858,0,0,0,0,0,38
3,6516,1044.166445,-0.22043713927269,-0.00054654135601595,0,0,0,0,0,38
3,6517,1044.326445,-0.227070137858391,-0.000646928790956736,0,0,0,0,0,38
3,6518,1044.486445,-0.228970810770988,-0.000658579636365175,0,0,0,0,0,38
3,6519,1044.646445,-0.229339316487312,-0.000646987173240632,0,0,0,0,0,38
3,6520,1044.806445,-0.229688420891762,-0.000623043684754521,0,0,0,0,0,38
3,6521,1044.966445,-0.233741909265518,-0.000674482260365039,0,0,0,0,0,38
3,6522,1045.126445,-0.236030489206314,-0.000688097556121647,0,0,0,0,0,38
3,6523,1045.286445,-0.234769836068153,-0.00064531055977568,0,0,0,0,0,38
3,6524,1045.446445,-0.238260880112648,-0.000683234946336597,0,0,0,0,0,38
3,6525,1045.606445,-0.24002580344677,-0.000687856401782483,0,0,0,0,0,38
3,6526,1045.766445,-0.240801587700844,-0.000687560706865042,0,0,0,0,0,38
3,6527,1045.926445,-0.241170093417168,-0.000667413987684995,0,0,0,0,0,38
3,6528,1046.086445,-0.242256194353104,-0.000663158250972629,0,0,0,0,0,38
3,6529,1046.246445,-0.245786026120186,-0.000700475822668523,0,0,0,0,0,38
3,6530,1046.406445,-0.247783690690994,-0.000712395005393773,0,0,0,0,0,38
3,6531,1046.566445,-0.247744902968407,-0.000689093430992216,0,0,0,0,0,38
3,6532,1046.726445,-0.25057652592659,-0.0007159817032516,0,0,0,0,0,38
3,6533,1046.886445,-0.251623839139938,-0.000710383872501552,0,0,0,0,0,38
3,6534,1047.046445,-0.253156036138535,-0.000718755298294127,0,0,0,0,0,38
3,6535,1047.206445,-0.258489578962326,-0.000797743443399668,0,0,0,0,0,38
3,6536,1047.366445,-0.25635614991188,-0.00072715402347967,0,0,0,0,0,38
3,6537,1047.526445,-0.258179247379303,-0.000741496740374714,0,0,0,0,0,38
3,6538,1047.686445,-0.261670291423798,-0.000781549024395645,0,0,0,0,0,38
3,6539,1047.846445,-0.256220400333405,-0.000654802366625518,0,0,0,0,0,38
3,6540,1048.006445,-0.26248487830162,-0.000748004822526127,0,0,0,0,0,38
3,6541,1048.166445,-0.265471667051315,-0.000773978943470865,0,0,0,0,0,38
3,6542,1048.326445,-0.265723794698715,-0.000764631084166467,0,0,0,0,0,38
3,6543,1048.486445,-0.26308611035347,-0.000684872677084059,0,0,0,0,0,38
3,6544,1048.646445,-0.270203977823257,-0.000793923391029239,0,0,0,0,0,38
3,6545,1048.806445,-0.26871058344841,-0.000742667645681649,0,0,0,0,0,38
3,6546,1048.966445,-0.272996813058853,-0.000801855290774256,0,0,0,0,0,38
3,6547,1049.126445,-0.267624497413635,-0.000678154523484409,0,0,0,0,0,38
3,6548,1049.286445,-0.274858713150024,-0.000784283736720681,0,0,0,0,0,38
3,6549,1049.446445,-0.275227218866348,-0.000764238182455301,0,0,0,0,0,38
3,6550,1049.606445,-0.276759386062622,-0.00076902296859771,0,0,0,0,0,38
3,6551,1049.766445,-0.277069717645645,-0.000757337140385062,0,0,0,0,0,38
3,6552,1049.926445,-0.280638337135315,-0.000795362691860646,0,0,0,0,0,38
3,6553,1050.086445,-0.287853181362152,-0.000910902046598494,0,0,0,0,0,38
3,6554,1050.246445,-0.282791137695313,-0.000788422825280577,0,0,0,0,0,38
3,6555,1050.406445,-0.287116169929504,-0.000844770635012537,0,0,0,0,0,38
3,6556,1050.566445,-0.287213146686554,-0.000818691565655172,0,0,0,0,0,38
3,6557,1050.726445,-0.289443552494049,-0.000834485283121467,0,0,0,0,0,38
3,6558,1050.886445,-0.290393888950348,-0.000837223895359784,0,0,0,0,0,38
3,6559,1051.046445,-0.292682468891144,-0.000852138502523303,0,0,0,0,0,38
3,6560,1051.206445,-0.297802656888962,-0.000923840503674001,0,0,0,0,0,38
3,6561,1051.366445,-0.295940756797791,-0.000858300365507603,0,0,0,0,0,38
3,6562,1051.526445,-0.297608703374863,-0.000865353096742183,0,0,0,0,0,38
3,6563,1051.686445,-0.297880232334137,-0.000853075995109975,0,0,0,0,0,38
3,6564,1051.846445,-0.296600192785263,-0.000803854782134295,0,0,0,0,0,38
3,6565,1052.006445,-0.301332503557205,-0.000868807488586754,0,0,0,0,0,38
3,6566,1052.166445,-0.304377466440201,-0.000894022989086807,0,0,0,0,0,38
3,6567,1052.326445,-0.305056273937225,-0.0008885029819794,0,0,0,0,0,38
3,6568,1052.486445,-0.30763578414917,-0.000909248774405569,0,0,0,0,0,38
3,6569,1052.646445,-0.30804306268692,-0.000894606520887464,0,0,0,0,0,38
3,6570,1052.806445,-0.310991078615189,-0.000924054416827857,0,0,0,0,0,38
3,6571,1052.966445,-0.313861489295959,-0.000949721201322973,0,0,0,0,0,38
3,6572,1053.126445,-0.312814176082611,-0.000911703449673951,0,0,0,0,0,38
3,6573,1053.286445,-0.31477302312851,-0.000917631899937987,0,0,0,0,0,38
3,6574,1053.446445,-0.315587610006332,-0.000915196724236012,0,0,0,0,0,38
3,6575,1053.606445,-0.316266417503357,-0.000901445280760527,0,0,0,0,0,38
3,6576,1053.766445,-0.318089544773102,-0.000914282572921366,0,0,0,0,0,38
3,6577,1053.926445,-0.325188010931015,-0.00101935374550521,0,0,0,0,0,38
3,6578,1054.086445,-0.324315249919891,-0.000978430034592748,0,0,0,0,0,38
3,6579,1054.246445,-0.321056932210922,-0.000897376274224371,0,0,0,0,0,38
3,6580,1054.406445,-0.327243834733963,-0.000983775011263788,0,0,0,0,0,38
3,6581,1054.566445,-0.329319059848785,-0.000997238559648395,0,0,0,0,0,38
3,6582,1054.726445,-0.330153048038483,-0.000996118178591132,0,0,0,0,0,38
3,6583,1054.886445,-0.332267075777054,-0.0010070571443066,0,0,0,0,0,38
3,6584,1055.046445,-0.331549465656281,-0.000966545834671706,0,0,0,0,0,38
3,6585,1055.206445,-0.335292637348175,-0.00101473229005933,0,0,0,0,0,38
3,6586,1055.366445,-0.333896219730377,-0.000963441503699869,0,0,0,0,0,38
3,6587,1055.526445,-0.338376402854919,-0.00102415401488543,0,0,0,0,0,38
3,6588,1055.686445,-0.338609129190445,-0.00100578903220594,0,0,0,0,0,38
3,6589,1055.846445,-0.341828674077988,-0.00103782385122031,0,0,0,0,0,38
3,6590,1056.006445,-0.342817783355713,-0.00103086058516055,0,0,0,0,0,38
3,6591,1056.166445,-0.341886848211288,-0.000989516731351614,0,0,0,0,0,38
3,6592,1056.326445,-0.344679683446884,-0.00101679016370326,0,0,0,0,0,38
3,6593,1056.486445,-0.345591247081757,-0.00101235928013921,0,0,0,0,0,38
3,6594,1056.646445,-0.348073750734329,-0.00102980248630047,0,0,0,0,0,38
3,6595,1056.806445,-0.3498774766922,-0.00104075309354812,0,0,0,0,0,38
3,6596,1056.966445,-0.352282404899597,-0.00106651312671602,0,0,0,0,0,38
3,6597,1057.126445,-0.352321207523346,-0.00103663734626025,0,0,0,0,0,38
3,6598,1057.286445,-0.357887476682663,-0.00111621292307973,0,0,0,0,0,38
3,6599,1057.446445,-0.355211019515991,-0.00104433577507734,0,0,0,0,0,38
3,6600,1057.606445,-0.358760237693787,-0.00108699058182538,0,0,0,0,0,38
3,6601,1057.766445,-0.35947784781456,-0.00107314181514084,0,0,0,0,0,38
3,6602,1057.926445,-0.362212508916855,-0.00109869195148349,0,0,0,0,0,38
3,6603,1058.086445,-0.36238706111908,-0.00107858015689999,0,0,0,0,0,38
3,6604,1058.246445,-0.364559262990952,-0.00108853878919035,0,0,0,0,0,38
3,6605,1058.406445,-0.367138773202896,-0.00112144113518298,0,0,0,0,0,38
3,6606,1058.566445,-0.367933958768845,-0.00110931182280183,0,0,0,0,0,38
3,6607,1058.726445,-0.369427353143692,-0.00110640213824809,0,0,0,0,0,38
3,6608,1058.886445,-0.373325675725937,-0.00115778623148799,0,0,0,0,0,38
3,6609,1059.046445,-0.372297763824463,-0.00111275853123516,0,0,0,0,0,38
3,6610,1059.206445,-0.373325675725937,-0.00110971252433956,0,0,0,0,0,38
3,6611,1059.366445,-0.376777946949005,-0.0011489245807752,0,0,0,0,0,38
3,6612,1059.526445,-0.37786403298378,-0.00114295328967273,0,0,0,0,0,38
3,6613,1059.686445,-0.378329515457153,-0.00113125971984118,0,0,0,0,0,38
3,6614,1059.846445,-0.379085928201675,-0.00111682747956365,0,0,0,0,0,38
3,6615,1060.006445,-0.381704211235046,-0.00115180714055896,0,0,0,0,0,38
3,6616,1060.166445,-0.382557570934296,-0.00113708700519055,0,0,0,0,0,38
3,6617,1060.326445,-0.385563760995865,-0.00116334506310523,0,0,0,0,0,38
3,6618,1060.486445,-0.387542009353638,-0.00118575582746416,0,0,0,0,0,38
3,6619,1060.646445,-0.387794137001038,-0.00115800008643419,0,0,0,0,0,38
3,6620,1060.806445,-0.386940777301788,-0.00111737987026572,0,0,0,0,0,38
3,6621,1060.966445,-0.388046264648438,-0.00111865194048733,0,0,0,0,0,38
3,6622,1061.126445,-0.39764666557312,-0.00127022131346166,0,0,0,0,0,38
3,6623,1061.286445,-0.396870881319046,-0.00122921983711421,0,0,0,0,0,38
3,6624,1061.446445,-0.396521776914597,-0.00120571593288332,0,0,0,0,0,38
3,6625,1061.606445,-0.398092746734619,-0.00120128120761365,0,0,0,0,0,38
3,6626,1061.766445,-0.398441851139069,-0.00118783710058779,0,0,0,0,0,38
3,6627,1061.926445,-0.400051593780518,-0.00119024887681007,0,0,0,0,0,38
3,6628,1062.086445,-0.404066294431686,-0.0012412634678185,0,0,0,0,0,38
3,6629,1062.246445,-0.407945245504379,-0.00129088538233191,0,0,0,0,0,38
3,6630,1062.406445,-0.408973157405853,-0.00128324911929667,0,0,0,0,0,38
3,6631,1062.566445,-0.408061623573303,-0.00124246557243168,0,0,0,0,0,38
3,6632,1062.726445,-0.408216774463654,-0.00122029986232519,0,0,0,0,0,38
3,6633,1062.886445,-0.408856809139252,-0.00120102055370808,0,0,0,0,0,38
3,6634,1063.046445,-0.412599980831146,-0.0012489891378209,0,0,0,0,0,38
3,6635,1063.206445,-0.413705468177795,-0.00124139571562409,0,0,0,0,0,38
3,6636,1063.366445,-0.417293518781662,-0.00128929817583412,0,0,0,0,0,38
3,6637,1063.526445,-0.414442479610443,-0.00120910804253072,0,0,0,0,0,38
3,6638,1063.686445,-0.417235314846039,-0.00123393069952726,0,0,0,0,0,38
3,6639,1063.846445,-0.422704637050629,-0.00131137832067907,0,0,0,0,0,38
3,6640,1064.006445,-0.419135987758636,-0.00122033094521612,0,0,0,0,0,38
3,6641,1064.166445,-0.421948224306107,-0.001250552944839,0,0,0,0,0,38
3,6642,1064.326445,-0.425245344638824,-0.00128491024952382,0,0,0,0,0,38
3,6643,1064.486445,-0.427184820175171,-0.00129573245067149,0,0,0,0,0,38
3,6644,1064.646445,-0.428523033857346,-0.00129565072711557,0,0,0,0,0,38
3,6645,1064.806445,-0.429085493087769,-0.00128496077377349,0,0,0,0,0,38
3,6646,1064.966445,-0.432712316513062,-0.00132568995468318,0,0,0,0,0,38
3,6647,1065.126445,-0.432848066091537,-0.00130695139523596,0,0,0,0,0,38
3,6648,1065.286445,-0.433391124010086,-0.00128986232448369,0,0,0,0,0,38
3,6649,1065.446445,-0.435369372367859,-0.00130278128199279,0,0,0,0,0,38
3,6650,1065.606445,-0.436339110136032,-0.00128930213395506,0,0,0,0,0,38
3,6651,1065.766445,-0.440121084451675,-0.00133730575907975,0,0,0,0,0,38
3,6652,1065.926445,-0.439965933561325,-0.00131005956791341,0,0,0,0,0,38
3,6653,1066.086445,-0.442118734121323,-0.00132306024897844,0,0,0,0,0,38
3,6654,1066.246445,-0.444387912750244,-0.00134303199592978,0,0,0,0,0,38
3,6655,1066.406445,-0.447529852390289,-0.0013785989722237,0,0,0,0,0,38
3,6656,1066.566445,-0.448518991470337,-0.00137388415168971,0,0,0,0,0,38
3,6657,1066.726445,-0.449023246765137,-0.00135141890496016,0,0,0,0,0,38
3,6658,1066.886445,-0.451059699058533,-0.00136497977655381,0,0,0,0,0,38
3,6659,1067.046445,-0.454589545726776,-0.00140799628570676,0,0,0,0,0,38
3,6660,1067.206445,-0.452378541231155,-0.00133611145429313,0,0,0,0,0,38
3,6661,1067.366445,-0.457615107297897,-0.00140880548860878,0,0,0,0,0,38
3,6662,1067.526445,-0.458041816949844,-0.00139542750548571,0,0,0,0,0,38
3,6663,1067.686445,-0.458138763904572,-0.00137395423371345,0,0,0,0,0,38
3,6664,1067.846445,-0.456606596708298,-0.00131932576186955,0,0,0,0,0,38
3,6665,1068.006445,-0.461629837751389,-0.00138755002990365,0,0,0,0,0,38
3,6666,1068.166445,-0.462424993515015,-0.00137749803252518,0,0,0,0,0,38
3,6667,1068.326445,-0.462657749652863,-0.00135674839839339,0,0,0,0,0,38
3,6668,1068.486445,-0.46721550822258,-0.00141106173396111,0,0,0,0,0,38
3,6669,1068.646445,-0.469659239053726,-0.00143694633152336,0,0,0,0,0,38
3,6670,1068.806445,-0.469872564077377,-0.00141430599614978,0,0,0,0,0,38
3,6671,1068.966445,-0.476195245981216,-0.00150757073424757,0,0,0,0,0,38
3,6672,1069.126445,-0.471404761075974,-0.00138858868740499,0,0,0,0,0,38
3,6673,1069.286445,-0.47283998131752,-0.00139033142477274,0,0,0,0,0,38
3,6674,1069.446445,-0.473673939704895,-0.00138008501380682,0,0,0,0,0,38
3,6675,1069.606445,-0.482110649347305,-0.00151562714017928,0,0,0,0,0,38
3,6676,1069.766445,-0.481548190116882,-0.00147834455128759,0,0,0,0,0,38
3,6677,1069.926445,-0.482595503330231,-0.00147036602720618,0,0,0,0,0,38
3,6678,1070.086445,-0.47997722029686,-0.00139615882653743,0,0,0,0,0,38
3,6679,1070.246445,-0.486377477645874,-0.0014967096503824,0,0,0,0,0,38
3,6680,1070.406445,-0.489596992731094,-0.00152927741874009,0,0,0,0,0,38
3,6681,1070.566445,-0.487502366304398,-0.0014607886550948,0,0,0,0,0,38
3,6682,1070.726445,-0.489946097135544,-0.00147930160164833,0,0,0,0,0,38
3,6683,1070.886445,-0.490586131811142,-0.00146536726970226,0,0,0,0,0,38
3,6684,1071.046445,-0.492370456457138,-0.00148009904660285,0,0,0,0,0,38
3,6685,1071.206445,-0.494426280260086,-0.00148742797318846,0,0,0,0,0,38
3,6686,1071.366445,-0.496714860200882,-0.00150941859465092,0,0,0,0,0,38
3,6687,1071.526445,-0.492913514375687,-0.00141397537663579,0,0,0,0,0,38
3,6688,1071.686445,-0.500147700309753,-0.00151864194776863,0,0,0,0,0,38
3,6689,1071.846445,-0.500128328800201,-0.00149400217924267,0,0,0,0,0,38
3,6690,1072.006445,-0.500807166099548,-0.00147891638334841,0,0,0,0,0,38
3,6691,1072.166445,-0.504453361034393,-0.00151925662066787,0,0,0,0,0,38
3,6692,1072.326445,-0.505597651004791,-0.00151791842654347,0,0,0,0,0,38
3,6693,1072.486445,-0.508894741535187,-0.00155379658099264,0,0,0,0,0,38
3,6694,1072.646445,-0.510485112667084,-0.00155601010192186,0,0,0,0,0,38
3,6695,1072.806445,-0.511066973209381,-0.00154085434041917,0,0,0,0,0,38
3,6696,1072.966445,-0.514732539653778,-0.00158455164637417,0,0,0,0,0,38
3,6697,1073.126445,-0.513627052307129,-0.00153704988770187,0,0,0,0,0,38
3,6698,1073.286445,-0.517409026622772,-0.0015845438465476,0,0,0,0,0,38
3,6699,1073.446445,-0.516148388385773,-0.00153987400699407,0,0,0,0,0,38
3,6700,1073.606445,-0.518766641616821,-0.00156236649490893,0,0,0,0,0,38
3,6701,1073.766445,-0.518068432807922,-0.00151729595381767,0,0,0,0,0,38
3,6702,1073.926445,-0.523208022117615,-0.00158661731984466,0,0,0,0,0,38
3,6703,1074.086445,-0.521559476852417,-0.00153443566523492,0,0,0,0,0,38
3,6704,1074.246445,-0.521210372447968,-0.00150166172534227,0,0,0,0,0,38
3,6705,1074.406445,-0.52609783411026,-0.00156273995526135,0,0,0,0,0,38
3,6706,1074.566445,-0.527125775814056,-0.00156060431618243,0,0,0,0,0,38
3,6707,1074.726445,-0.526117265224457,-0.00151524588000029,0,0,0,0,0,38
3,6708,1074.886445,-0.529957413673401,-0.00156012969091535,0,0,0,0,0,38
3,6709,1075.046445,-0.533681213855743,-0.0016050135018304,0,0,0,0,0,38
3,6710,1075.206445,-0.53820013999939,-0.00166651955805719,0,0,0,0,0,38
3,6711,1075.366445,-0.536609768867493,-0.00160700909327716,0,0,0,0,0,38
3,6712,1075.526445,-0.536706745624542,-0.00158336129970849,0,0,0,0,0,38
3,6713,1075.686445,-0.540236592292786,-0.00161731778644025,0,0,0,0,0,38
3,6714,1075.846445,-0.539635360240936,-0.00157835858408362,0,0,0,0,0,38
3,6715,1076.006445,-0.540081441402435,-0.00156752474140376,0,0,0,0,0,38
3,6716,1076.166445,-0.542137265205383,-0.0015772694023326,0,0,0,0,0,38
3,6717,1076.326445,-0.544484078884125,-0.00160067214164883,0,0,0,0,0,38
3,6718,1076.486445,-0.542525172233582,-0.00153688644059002,0,0,0,0,0,38
3,6719,1076.646445,-0.551136434078217,-0.00167074811179191,0,0,0,0,0,38
3,6720,1076.806445,-0.551737666130066,-0.00165667373221368,0,0,0,0,0,38
3,6721,1076.966445,-0.552338898181915,-0.00163940177299082,0,0,0,0,0,38
3,6722,1077.126445,-0.553172886371613,-0.00162547163199633,0,0,0,0,0,38
3,6723,1077.286445,-0.554220199584961,-0.00162329419981688,0,0,0,0,0,38
3,6724,1077.446445,-0.555228710174561,-0.00160949025303125,0,0,0,0,0,38
3,6725,1077.606445,-0.558351278305054,-0.00164009211584926,0,0,0,0,0,38
3,6726,1077.766445,-0.5595343708992,-0.00164370832499117,0,0,0,0,0,38
3,6727,1077.926445,-0.560756206512451,-0.00163200427778065,0,0,0,0,0,38
3,6728,1078.086445,-0.564480006694794,-0.00167617667466402,0,0,0,0,0,38
3,6729,1078.246445,-0.566497027873993,-0.00169305235613137,0,0,0,0,0,38
3,6730,1078.406445,-0.565954029560089,-0.00165370164904743,0,0,0,0,0,38
3,6731,1078.566445,-0.569018363952637,-0.00168768642470241,0,0,0,0,0,38
3,6732,1078.726445,-0.568475306034088,-0.00165043538436294,0,0,0,0,0,38
3,6733,1078.886445,-0.570065677165985,-0.00165529584046453,0,0,0,0,0,38
3,6734,1079.046445,-0.573091268539429,-0.00168698641937226,0,0,0,0,0,38
3,6735,1079.206445,-0.574448883533478,-0.00168177601881325,0,0,0,0,0,38
3,6736,1079.366445,-0.575573801994324,-0.00167940405663103,0,0,0,0,0,38
3,6737,1079.526445,-0.575185894966125,-0.00164755794685334,0,0,0,0,0,38
3,6738,1079.686445,-0.579355776309967,-0.0016995461191982,0,0,0,0,0,38
3,6739,1079.846445,-0.581974029541016,-0.00172027130611241,0,0,0,0,0,38
3,6740,1080.006445,-0.582012832164764,-0.00169211917091161,0,0,0,0,0,38
3,6741,1080.166445,-0.584088087081909,-0.00170032377354801,0,0,0,0,0,38
3,6742,1080.326445,-0.587036073207855,-0.00173411413561553,0,0,0,0,0,38
3,6743,1080.486445,-0.58647358417511,-0.0016946077812463,0,0,0,0,0,38
3,6744,1080.646445,-0.588296711444855,-0.00170312344562262,0,0,0,0,0,38
3,6745,1080.806445,-0.589557349681854,-0.0017003626562655,0,0,0,0,0,38
3,6746,1080.966445,-0.592660546302795,-0.0017280870815739,0,0,0,0,0,38
3,6747,1081.126445,-0.593164801597595,-0.00171498314011842,0,0,0,0,0,38
3,6748,1081.286445,-0.593397498130798,-0.00168679200578481,0,0,0,0,0,38
3,6749,1081.446445,-0.595763683319092,-0.00170642859302461,0,0,0,0,0,38
3,6750,1081.606445,-0.599041402339935,-0.0017432130407542,0,0,0,0,0,38
3,6751,1081.766445,-0.598905622959137,-0.00171230011619627,0,0,0,0,0,38
3,6752,1081.926445,-0.602803945541382,-0.00175627809949219,0,0,0,0,0,38
3,6753,1082.086445,-0.60202819108963,-0.0017212046077475,0,0,0,0,0,38
3,6754,1082.246445,-0.604239165782928,-0.00173275312408805,0,0,0,0,0,38
3,6755,1082.406445,-0.606876850128174,-0.00175320624839514,0,0,0,0,0,38
3,6756,1082.566445,-0.606915652751923,-0.00172777601983398,0,0,0,0,0,38
3,6757,1082.726445,-0.609456360340118,-0.00174698478076607,0,0,0,0,0,38
3,6758,1082.886445,-0.611977636814117,-0.00176413275767118,0,0,0,0,0,38
3,6759,1083.046445,-0.612055242061615,-0.00174021895509213,0,0,0,0,0,38
3,6760,1083.206445,-0.615235984325409,-0.00177836429793388,0,0,0,0,0,38
3,6761,1083.366445,-0.614809274673462,-0.00174134655389935,0,0,0,0,0,38
3,6762,1083.526445,-0.615274786949158,-0.00171976583078504,0,0,0,0,0,38
3,6763,1083.686445,-0.6202592253685,-0.00178707437589765,0,0,0,0,0,38
3,6764,1083.846445,-0.6208216547966,-0.00177144294138998,0,0,0,0,0,38
3,6765,1084.006445,-0.622509002685547,-0.00177665345836431,0,0,0,0,0,38
3,6766,1084.166445,-0.6220822930336,-0.00174111325759441,0,0,0,0,0,38
3,6767,1084.326445,-0.627648591995239,-0.00181129924021661,0,0,0,0,0,38
3,6768,1084.486445,-0.62654310464859,-0.00176833220757544,0,0,0,0,0,38
3,6769,1084.646445,-0.628928661346436,-0.00178365258034319,0,0,0,0,0,38
3,6770,1084.806445,-0.629975974559784,-0.00177568127401173,0,0,0,0,0,38
3,6771,1084.966445,-0.631488740444183,-0.0017790641868487,0,0,0,0,0,38
3,6772,1085.126445,-0.634223401546478,-0.00179535674396902,0,0,0,0,0,38
3,6773,1085.286445,-0.63474702835083,-0.00177840318065137,0,0,0,0,0,38
3,6774,1085.446445,-0.637501120567322,-0.00180636090226471,0,0,0,0,0,38
3,6775,1085.606445,-0.638432025909424,-0.00179628992918879,0,0,0,0,0,38
3,6776,1085.766445,-0.640778839588165,-0.00180958828423172,0,0,0,0,0,38
3,6777,1085.926445,-0.641302466392517,-0.00178878533188254,0,0,0,0,0,38
3,6778,1086.086445,-0.643746197223663,-0.00180632201954722,0,0,0,0,0,38
3,6779,1086.246445,-0.646054148674011,-0.00181818171404302,0,0,0,0,0,38
3,6780,1086.406445,-0.645142614841461,-0.00177813100162894,0,0,0,0,0,38
3,6781,1086.566445,-0.648750066757202,-0.00181456550490111,0,0,0,0,0,38
3,6782,1086.726445,-0.649370670318604,-0.00179811753332615,0,0,0,0,0,38
3,6783,1086.886445,-0.648420333862305,-0.00175157305784523,0,0,0,0,0,38
3,6784,1087.046445,-0.652008354663849,-0.00178777426481247,0,0,0,0,0,38
3,6785,1087.206445,-0.656061828136444,-0.00183326879050583,0,0,0,0,0,38
3,6786,1087.366445,-0.656410932540894,-0.00180916057433933,0,0,0,0,0,38
3,6787,1087.526445,-0.656469166278839,-0.00178198050707579,0,0,0,0,0,38
3,6788,1087.686445,-0.65910679101944,-0.0018002949655056,0,0,0,0,0,38
3,6789,1087.846445,-0.658311665058136,-0.00175958324689418,0,0,0,0,0,38
3,6790,1088.006445,-0.662481486797333,-0.00180480559356511,0,0,0,0,0,38
3,6791,1088.166445,-0.665894985198975,-0.00184376747347414,0,0,0,0,0,38
3,6792,1088.326445,-0.666535019874573,-0.00182183680590242,0,0,0,0,0,38
3,6793,1088.486445,-0.666961669921875,-0.00179823418147862,0,0,0,0,0,38
3,6794,1088.646445,-0.667931437492371,-0.00179150712210685,0,0,0,0,0,38
3,6795,1088.806445,-0.668571412563324,-0.00177498138509691,0,0,0,0,0,38
3,6796,1088.966445,-0.672624945640564,-0.00181565422099084,0,0,0,0,0,38
3,6797,1089.126445,-0.674835920333862,-0.00183008029125631,0,0,0,0,0,38
3,6798,1089.286445,-0.673187375068665,-0.00177210394758731,0,0,0,0,0,38
3,6799,1089.446445,-0.677318453788757,-0.00181277678348124,0,0,0,0,0,38
3,6800,1089.606445,-0.679083406925201,-0.00181888160295784,0,0,0,0,0,38
3,6801,1089.766445,-0.680654346942902,-0.00180947163607925,0,0,0,0,0,38
3,6802,1089.926445,-0.680751323699951,-0.00178365258034319,0,0,0,0,0,38
3,6803,1090.086445,-0.682845950126648,-0.00179632881190628,0,0,0,0,0,38
3,6804,1090.246445,-0.68641459941864,-0.00183315214235336,0,0,0,0,0,38
3,6805,1090.406445,-0.686977028846741,-0.00181153253652155,0,0,0,0,0,38
3,6806,1090.566445,-0.686899423599243,-0.0017790641868487,0,0,0,0,0,38
3,6807,1090.726445,-0.690080165863037,-0.00180612760595977,0,0,0,0,0,38
3,6808,1090.886445,-0.690080165863037,-0.00177918083500117,0,0,0,0,0,38
3,6809,1091.046445,-0.692077815532684,-0.00178551906719804,0,0,0,0,0,38
3,6810,1091.206445,-0.694172441959381,-0.00178711325861514,0,0,0,0,0,38
3,6811,1091.366445,-0.693493664264679,-0.00174196867737919,0,0,0,0,0,38
3,6812,1091.526445,-0.696344673633575,-0.00177237612660974,0,0,0,0,0,38
3,6813,1091.686445,-0.700204193592072,-0.0018105604685843,0,0,0,0,0,38
3,6814,1091.846445,-0.702201902866364,-0.00181118259206414,0,0,0,0,0,38
3,6815,1092.006445,-0.702395796775818,-0.00178890198003501,0,0,0,0,0,38
3,6816,1092.166445,-0.704684376716614,-0.00179912848398089,0,0,0,0,0,38
3,6817,1092.326445,-0.70621657371521,-0.00179481238592416,0,0,0,0,0,38
3,6818,1092.486445,-0.708311200141907,-0.00180266692768782,0,0,0,0,0,38
3,6819,1092.646445,-0.707651793956757,-0.00176242180168629,0,0,0,0,0,38
3,6820,1092.806445,-0.710754930973053,-0.00178404140751809,0,0,0,0,0,38
3,6821,1092.966445,-0.712481081485748,-0.00178594677709043,0,0,0,0,0,38
3,6822,1093.126445,-0.71284955739975,-0.00175981654319912,0,0,0,0,0,38
3,6823,1093.286445,-0.715002417564392,-0.00176926539279521,0,0,0,0,0,38
3,6824,1093.446445,-0.715642392635345,-0.00175371172372252,0,0,0,0,0,38
3,6825,1093.606445,-0.718997716903687,-0.00177572015672922,0,0,0,0,0,38
3,6826,1093.766445,-0.719579517841339,-0.00176106090657413,0,0,0,0,0,38
3,6827,1093.926445,-0.721266865730286,-0.00176370493136346,0,0,0,0,0,38
3,6828,1094.086445,-0.722411155700684,-0.0017501343972981,0,0,0,0,0,38
3,6829,1094.246445,-0.725397944450378,-0.00177809211891145,0,0,0,0,0,38
3,6830,1094.406445,-0.727085292339325,-0.0017766923410818,0,0,0,0,0,38
3,6831,1094.566445,-0.727764129638672,-0.00176109978929162,0,0,0,0,0,38
3,6832,1094.726445,-0.729955732822418,-0.00176409387495369,0,0,0,0,0,38
3,6833,1094.886445,-0.732438266277313,-0.0017889408627525,0,0,0,0,0,38
3,6834,1095.046445,-0.733446776866913,-0.0017757979221642,0,0,0,0,0,38
3,6835,1095.206445,-0.734668612480164,-0.00176802114583552,0,0,0,0,0,38
3,6836,1095.366445,-0.735250473022461,-0.00174426287412643,0,0,0,0,0,38
3,6837,1095.526445,-0.737577855587006,-0.00175728905014694,0,0,0,0,0,38
3,6838,1095.686445,-0.738683342933655,-0.00174822902772576,0,0,0,0,0,38
3,6839,1095.846445,-0.740642189979553,-0.00175795017275959,0,0,0,0,0,38
3,6840,1096.006445,-0.740952491760254,-0.0017329475376755,0,0,0,0,0,38
3,6841,1096.166445,-0.744307816028595,-0.00176176079548895,0,0,0,0,0,38
3,6842,1096.326445,-0.744928419589996,-0.00174037448596209,0,0,0,0,0,38
3,6843,1096.486445,-0.748322486877441,-0.0017721428303048,0,0,0,0,0,38
3,6844,1096.646445,-0.748380720615387,-0.00174177426379174,0,0,0,0,0,38
3,6845,1096.806445,-0.750649869441986,-0.00174939562566578,0,0,0,0,0,38
3,6846,1096.966445,-0.752259612083435,-0.00175028992816806,0,0,0,0,0,38
3,6847,1097.126445,-0.753481507301331,-0.00174546835478395,0,0,0,0,0,38
3,6848,1097.286445,-0.754393041133881,-0.00173345312941819,0,0,0,0,0,38
3,6849,1097.446445,-0.756991922855377,-0.00174791796598583,0,0,0,0,0,38
3,6850,1097.606445,-0.75914478302002,-0.00175931106787175,0,0,0,0,0,38
3,6851,1097.766445,-0.760308444499969,-0.00174395181238651,0,0,0,0,0,38
3,6852,1097.926445,-0.763915836811066,-0.00178369146306068,0,0,0,0,0,38
3,6853,1098.086445,-0.762771546840668,-0.00173722486943007,0,0,0,0,0,38
3,6854,1098.246445,-0.766068696975708,-0.00176304392516613,0,0,0,0,0,38
3,6855,1098.406445,-0.766398370265961,-0.00174053001683205,0,0,0,0,0,38
3,6856,1098.566445,-0.766863882541656,-0.00172077678143978,0,0,0,0,0,38
3,6857,1098.726445,-0.770257949829102,-0.00174601271282882,0,0,0,0,0,38
3,6858,1098.886445,-0.771906495094299,-0.00174535159021616,0,0,0,0,0,38
3,6859,1099.046445,-0.774272620677948,-0.00175686134025455,0,0,0,0,0,38
3,6860,1099.206445,-0.771790146827698,-0.0016840702155605,0,0,0,0,0,38
3,6861,1099.366445,-0.774582982063293,-0.00170428992714733,0,0,0,0,0,38
3,6862,1099.526445,-0.777705490589142,-0.00172937021125108,0,0,0,0,0,38
3,6863,1099.686445,-0.779567420482636,-0.00173030351288617,0,0,0,0,0,38
3,6864,1099.846445,-0.77793824672699,-0.00167843198869377,0,0,0,0,0,38
3,6865,1100.006445,-0.78422212600708,-0.00176284951157868,0,0,0,0,0,38
3,6866,1100.166445,-0.78406697511673,-0.00172797043342143,0,0,0,0,0,38
3,6867,1100.326445,-0.784900963306427,-0.00171521643642336,0,0,0,0,0,38
3,6868,1100.486445,-0.785967648029327,-0.00170362892095,0,0,0,0,0,38
3,6869,1100.646445,-0.788896262645721,-0.00172882585320622,0,0,0,0,0,38
3,6870,1100.806445,-0.791999399662018,-0.00174885126762092,0,0,0,0,0,38
3,6871,1100.966445,-0.791301190853119,-0.00170883943792433,0,0,0,0,0,38
3,6872,1101.126445,-0.792910993099213,-0.00170623417943716,0,0,0,0,0,38
3,6873,1101.286445,-0.794889211654663,-0.00171420536935329,0,0,0,0,0,38
3,6874,1101.446445,-0.796557188034058,-0.00171432201750577,0,0,0,0,0,38
3,6875,1101.606445,-0.798011779785156,-0.00171078357379884,0,0,0,0,0,38
3,6876,1101.766445,-0.799175441265106,-0.00170230679214001,0,0,0,0,0,38
3,6877,1101.926445,-0.801987707614899,-0.00172548182308674,0,0,0,0,0,38
3,6878,1102.086445,-0.803694427013397,-0.00172917579766363,0,0,0,0,0,38
3,6879,1102.246445,-0.804819345474243,-0.00171245564706624,0,0,0,0,0,38
3,6880,1102.406445,-0.806991517543793,-0.0017212046077475,0,0,0,0,0,38
3,6881,1102.566445,-0.806933343410492,-0.00169122486840934,0,0,0,0,0,38
3,6882,1102.726445,-0.810909271240234,-0.00173092563636601,0,0,0,0,0,38
3,6883,1102.886445,-0.811510503292084,-0.00171813275665045,0,0,0,0,0,38
3,6884,1103.046445,-0.810812294483185,-0.00167442683596164,0,0,0,0,0,38
3,6885,1103.206445,-0.816242814064026,-0.00173792475834489,0,0,0,0,0,38
3,6886,1103.366445,-0.817018568515778,-0.00172345980536193,0,0,0,0,0,38
3,6887,1103.526445,-0.816805243492126,-0.00168686977121979,0,0,0,0,0,38
3,6888,1103.686445,-0.818977475166321,-0.0016974852187559,0,0,0,0,0,38
3,6889,1103.846445,-0.820024788379669,-0.00168974720872939,0,0,0,0,0,38
3,6890,1104.006445,-0.822274565696716,-0.00170051818713546,0,0,0,0,0,38
3,6891,1104.166445,-0.822565495967865,-0.00167699321173131,0,0,0,0,0,38
3,6892,1104.326445,-0.827860236167908,-0.00173621380236,0,0,0,0,0,38
3,6893,1104.486445,-0.828752398490906,-0.00172692048363388,0,0,0,0,0,38
3,6894,1104.646445,-0.827646911144257,-0.00167590449564159,0,0,0,0,0,38
3,6895,1104.806445,-0.830556094646454,-0.00169931270647794,0,0,0,0,0,38
3,6896,1104.966445,-0.830381572246552,-0.00166874984279275,0,0,0,0,0,38
3,6897,1105.126445,-0.834997475147247,-0.0017158385599032,0,0,0,0,0,38
3,6898,1105.286445,-0.834570825099945,-0.00167858751956373,0,0,0,0,0,38
3,6899,1105.446445,-0.835016906261444,-0.00165898981504142,0,0,0,0,0,38
3,6900,1105.606445,-0.83780974149704,-0.00167835422325879,0,0,0,0,0,38
3,6901,1105.766445,-0.838100671768188,-0.00165490701328963,0,0,0,0,0,38
3,6902,1105.926445,-0.841417133808136,-0.00168364238925278,0,0,0,0,0,38
3,6903,1106.086445,-0.844791829586029,-0.00171381654217839,0,0,0,0,0,38
3,6904,1106.246445,-0.844714224338531,-0.0016815816052258,0,0,0,0,0,38
3,6905,1106.406445,-0.84541243314743,-0.00167248270008713,0,0,0,0,0,38
3,6906,1106.566445,-0.849640488624573,-0.00170868390705436,0,0,0,0,0,38
3,6907,1106.726445,-0.849504768848419,-0.00168251479044557,0,0,0,0,0,38
3,6908,1106.886445,-0.85097873210907,-0.00167450460139662,0,0,0,0,0,38
3,6909,1107.046445,-0.853034555912018,-0.00168321467936039,0,0,0,0,0,38
3,6910,1107.206445,-0.854547381401062,-0.00168177601881325,0,0,0,0,0,38
3,6911,1107.366445,-0.85670018196106,-0.00169328576885164,0,0,0,0,0,38
3,6912,1107.526445,-0.860307574272156,-0.00172458752058446,0,0,0,0,0,38
3,6913,1107.686445,-0.860889434814453,-0.00171214458532631,0,0,0,0,0,38
3,6914,1107.846445,-0.859570622444153,-0.00165490701328963,0,0,0,0,0,38
3,6915,1108.006445,-0.864205956459045,-0.00170390109997243,0,0,0,0,0,38
3,6916,1108.166445,-0.865311443805695,-0.00169915717560798,0,0,0,0,0,38
3,6917,1108.326445,-0.865117490291595,-0.00166917755268514,0,0,0,0,0,38
3,6918,1108.486445,-0.866009652614594,-0.00164724688511342,0,0,0,0,0,38
3,6919,1108.646445,-0.868841290473938,-0.00167563231661916,0,0,0,0,0,38
3,6920,1108.806445,-0.870412230491638,-0.00167271599639207,0,0,0,0,0,38
3,6921,1108.966445,-0.871808648109436,-0.00166447251103818,0,0,0,0,0,38
3,6922,1109.126445,-0.873651146888733,-0.0016648224554956,0,0,0,0,0,38
3,6923,1109.286445,-0.876579761505127,-0.00169153593014926,0,0,0,0,0,38
3,6924,1109.446445,-0.875319123268127,-0.0016431639669463,0,0,0,0,0,38
3,6925,1109.606445,-0.879392027854919,-0.00168943614698946,0,0,0,0,0,38
3,6926,1109.766445,-0.879489004611969,-0.00166015641298145,0,0,0,0,0,38
3,6927,1109.926445,-0.880187213420868,-0.00163849792443216,0,0,0,0,0,38
3,6928,1110.086445,-0.882262408733368,-0.00164549704641104,0,0,0,0,0,38
3,6929,1110.246445,-0.88557893037796,-0.00167668214999139,0,0,0,0,0,38
3,6930,1110.406445,-0.886858940124512,-0.00167209387291223,0,0,0,0,0,38
3,6931,1110.566445,-0.88714987039566,-0.00164670241065323,0,0,0,0,0,38
3,6932,1110.726445,-0.889593601226807,-0.00165933975949883,0,0,0,0,0,38
3,6933,1110.886445,-0.892522215843201,-0.0016815816052258,0,0,0,0,0,38
3,6934,1111.046445,-0.890815496444702,-0.00162407185416669,0,0,0,0,0,38
3,6935,1111.206445,-0.895295679569244,-0.00167574896477163,0,0,0,0,0,38
3,6936,1111.366445,-0.896052062511444,-0.0016579010989517,0,0,0,0,0,38
3,6937,1111.526445,-0.897254526615143,-0.00164992979262024,0,0,0,0,0,38
3,6938,1111.686445,-0.901017129421234,-0.00169270241167396,0,0,0,0,0,38
3,6939,1111.846445,-0.901288628578186,-0.00166618346702307,0,0,0,0,0,38
3,6940,1112.006445,-0.90330570936203,-0.00167201610747725,0,0,0,0,0,38
3,6941,1112.166445,-0.903751790523529,-0.0016484911320731,0,0,0,0,0,38
3,6942,1112.326445,-0.906505823135376,-0.00166595017071813,0,0,0,0,0,38
3,6943,1112.486445,-0.90563303232193,-0.00162364414427429,0,0,0,0,0,38
3,6944,1112.646445,-0.909162878990173,-0.00166046747472137,0,0,0,0,0,38
3,6945,1112.806445,-0.910132646560669,-0.00164506933651865,0,0,0,0,0,38
3,6946,1112.966445,-0.91150963306427,-0.00164149201009423,0,0,0,0,0,38
3,6947,1113.126445,-0.913468539714813,-0.00164394162129611,0,0,0,0,0,38
3,6948,1113.286445,-0.914748549461365,-0.00164176418911666,0,0,0,0,0,38
3,6949,1113.446445,-0.915795862674713,-0.00163810909725726,0,0,0,0,0,38
3,6950,1113.606445,-0.916435897350311,-0.00162208871915936,0,0,0,0,0,38
3,6951,1113.766445,-0.921420335769653,-0.00167061621323228,0,0,0,0,0,38
3,6952,1113.926445,-0.920625150203705,-0.00163208204321563,0,0,0,0,0,38
3,6953,1114.086445,-0.922622799873352,-0.00163620372768492,0,0,0,0,0,38
3,6954,1114.246445,-0.925997495651245,-0.00167193834204227,0,0,0,0,0,38
3,6955,1114.406445,-0.926016926765442,-0.00163752574007958,0,0,0,0,0,38
3,6956,1114.566445,-0.92948853969574,-0.00167291040997952,0,0,0,0,0,38
3,6957,1114.726445,-0.929818272590637,-0.00165086309425533,0,0,0,0,0,38
3,6958,1114.886445,-0.930419504642487,-0.00162586057558656,0,0,0,0,0,38
3,6959,1115.046445,-0.932223200798035,-0.00162659934721887,0,0,0,0,0,38
3,6960,1115.206445,-0.934589385986328,-0.00163328740745783,0,0,0,0,0,38
3,6961,1115.366445,-0.937459766864777,-0.00165521807502955,0,0,0,0,0,38
3,6962,1115.526445,-0.936974942684174,-0.00161781150382012,0,0,0,0,0,38
3,6963,1115.686445,-0.940679311752319,-0.00165339058730751,0,0,0,0,0,38
3,6964,1115.846445,-0.941125392913818,-0.00163087656255811,0,0,0,0,0,38
3,6965,1116.006445,-0.942075729370117,-0.00161267875228077,0,0,0,0,0,38
3,6966,1116.166445,-0.944868564605713,-0.00163289858028293,0,0,0,0,0,38
3,6967,1116.326445,-0.944713413715363,-0.0015979417366907,0,0,0,0,0,38
3,6968,1116.486445,-0.945915877819061,-0.00159315892960876,0,0,0,0,0,38
3,6969,1116.646445,-0.949659049510956,-0.00162387744057924,0,0,0,0,0,38
3,6970,1116.806445,-0.951462745666504,-0.0016257050447166,0,0,0,0,0,38
3,6971,1116.966445,-0.951598525047302,-0.00159984698984772,0,0,0,0,0,38
3,6972,1117.126445,-0.952975571155548,-0.00158639310393482,0,0,0,0,0,38
3,6973,1117.286445,-0.957319974899292,-0.00163511501159519,0,0,0,0,0,38
3,6974,1117.446445,-0.956912696361542,-0.00159786397125572,0,0,0,0,0,38
3,6975,1117.606445,-0.958697021007538,-0.00159584195353091,0,0,0,0,0,38
3,6976,1117.766445,-0.958735764026642,-0.00156695093028247,0,0,0,0,0,38
3,6977,1117.926445,-0.961897134780884,-0.00159121467731893,0,0,0,0,0,38
3,6978,1118.086445,-0.962498366832733,-0.00156835082452744,0,0,0,0,0,38
3,6979,1118.246445,-0.965155422687531,-0.00158538203686476,0,0,0,0,0,38
3,6980,1118.406445,-0.968084037303925,-0.00160291884094477,0,0,0,0,0,38
3,6981,1118.566445,-0.967036724090576,-0.00155306933447719,0,0,0,0,0,38
3,6982,1118.726445,-0.969344675540924,-0.00157146155834198,0,0,0,0,0,38
3,6983,1118.886445,-0.969616234302521,-0.0015395765658468,0,0,0,0,0,38
3,6984,1119.046445,-0.96955806016922,-0.0015117353759706,0,0,0,0,0,38
3,6985,1119.206445,-0.975182473659515,-0.00157951063010842,0,0,0,0,0,38
3,6986,1119.366445,-0.975919485092163,-0.00155645224731416,0,0,0,0,0,38
3,6987,1119.526445,-0.977626264095306,-0.00155948521569371,0,0,0,0,0,38
3,6988,1119.686445,-0.978809297084808,-0.00154949200805277,0,0,0,0,0,38
3,6989,1119.846445,-0.97801411151886,-0.00150220876093954,0,0,0,0,0,38
3,6990,1120.006445,-0.982746422290802,-0.00155773537699133,0,0,0,0,0,38
3,6991,1120.166445,-0.984394967556,-0.00155579124111682,0,0,0,0,0,38
3,6992,1120.326445,-0.986276268959045,-0.00155664666090161,0,0,0,0,0,38
3,6993,1120.486445,-0.984918653964996,-0.00150955794379115,0,0,0,0,0,38
3,6994,1120.646445,-0.988584280014038,-0.00153728236909956,0,0,0,0,0,38
3,6995,1120.806445,-0.993064403533936,-0.00158133811783046,0,0,0,0,0,38
3,6996,1120.966445,-0.992249846458435,-0.00153879879508168,0,0,0,0,0,38
3,6997,1121.126445,-0.99397599697113,-0.0015395765658468,0,0,0,0,0,38
3,6998,1121.286445,-0.995605111122131,-0.00153697130735964,0,0,0,0,0,38
3,6999,1121.446445,-0.996070623397827,-0.00152285629883409,0,0,0,0,0,38
3,7000,1121.606445,-0.998475551605225,-0.00153728236909956,0,0,0,0,0,38
3,7001,1121.766445,-0.997738540172577,-0.00149769824929535,0,0,0,0,0,38
